domain,seen_in_common_name,seen_in_name_value,certificate_count,issuer_count,earliest_seen,latest_expiry,certificate_ids,issuers
10x.gsa.gov,Yes,Yes,2,1,2026-07-21T09:21:23,2026-10-19T09:21:22,28120586429;28120579374,"C=US, O=Let's Encrypt, CN=YR1"
889-dev.smartpay.gsa.gov,No,Yes,1,1,2026-02-12T00:00:00,2027-03-13T23:59:59,24360542596,"C=US, O=Amazon, CN=Amazon RSA 2048 M04"
889-stg.smartpay.gsa.gov,No,Yes,1,1,2026-02-12T00:00:00,2027-03-13T23:59:59,24360543031,"C=US, O=Amazon, CN=Amazon RSA 2048 M01"
889-test.smartpay.gsa.gov,No,Yes,1,1,2026-02-12T00:00:00,2027-03-13T23:59:59,24360543139,"C=US, O=Amazon, CN=Amazon RSA 2048 M01"
889.smartpay.gsa.gov,No,Yes,5,2,2026-03-04T00:00:00,2027-02-17T23:59:59,27962666218;28515959213;27962661379;28513525477;24786595704,"C=US, O=Let's Encrypt, CN=YR2;C=US, O=Amazon, CN=Amazon RSA 2048 M04"
899-dev.smartpay.gsa.gov,No,Yes,1,1,2026-02-11T00:00:00,2027-03-12T23:59:59,24335588901,"C=US, O=Amazon, CN=Amazon RSA 2048 M01"
899-stg.smartpay.gsa.gov,No,Yes,1,1,2026-02-11T00:00:00,2027-03-12T23:59:59,24335590285,"C=US, O=Amazon, CN=Amazon RSA 2048 M01"
899-test.smartpay.gsa.gov,No,Yes,1,1,2026-02-11T00:00:00,2027-03-12T23:59:59,24335629419,"C=US, O=Amazon, CN=Amazon RSA 2048 M04"
8astars-dev.fas.gsa.gov,Yes,Yes,1,1,2026-07-26T00:00:00,2027-02-08T23:59:59,28257900464,"C=US, O=Amazon, CN=Amazon RSA 2048 M04"
8astars-test.fas.gsa.gov,Yes,Yes,1,1,2026-07-26T00:00:00,2027-02-08T23:59:59,28256610890,"C=US, O=Amazon, CN=Amazon RSA 2048 M01"
8astars.fas.gsa.gov,Yes,Yes,1,1,2026-07-26T00:00:00,2027-02-08T23:59:59,28257151654,"C=US, O=Amazon, CN=Amazon RSA 2048 M04"
ADFSI.GSA.GOV,Yes,Yes,1,1,2025-09-08T00:00:00,2026-09-11T23:59:59,20874565374,"C=US, O=DigiCert Inc, CN=DigiCert Global G2 TLS RSA SHA256 2020 CA1"
CERTAUTH.ADFSI.GSA.GOV,No,Yes,1,1,2025-09-08T00:00:00,2026-09-11T23:59:59,20874565374,"C=US, O=DigiCert Inc, CN=DigiCert Global G2 TLS RSA SHA256 2020 CA1"
E04BMM-E450PRD1.ENT.DS.GSA.GOV,No,Yes,1,1,2026-01-13T00:00:00,2027-01-12T23:59:59,23749074272,"C=US, O=DigiCert Inc, CN=DigiCert Global G2 TLS RSA SHA256 2020 CA1"
E04BMM-E450PRD1.GSA.GOV,No,Yes,1,1,2026-01-13T00:00:00,2027-01-12T23:59:59,23749074272,"C=US, O=DigiCert Inc, CN=DigiCert Global G2 TLS RSA SHA256 2020 CA1"
E04BMM-E450PRD2.ENT.DS.GSA.GOV,No,Yes,1,1,2026-01-13T00:00:00,2027-01-12T23:59:59,23749142363,"C=US, O=DigiCert Inc, CN=DigiCert Global G2 TLS RSA SHA256 2020 CA1"
E04BMM-E450PRD2.GSA.GOV,No,Yes,1,1,2026-01-13T00:00:00,2027-01-12T23:59:59,23749142363,"C=US, O=DigiCert Inc, CN=DigiCert Global G2 TLS RSA SHA256 2020 CA1"
E07R7M-SGG10.gsa.gov,No,Yes,1,1,2026-04-10T00:00:00,2026-10-25T23:59:59,25471150616,"C=US, O=DigiCert Inc, CN=DigiCert Global G2 TLS RSA SHA256 2020 CA1"
E07R7M-SGG11.gsa.gov,No,Yes,1,1,2026-04-03T00:00:00,2026-10-18T23:59:59,25372264408,"C=US, O=DigiCert Inc, CN=DigiCert Global G2 TLS RSA SHA256 2020 CA1"
EFORM450-DEV.GSA.GOV,Yes,Yes,1,1,2026-04-09T00:00:00,2026-10-24T23:59:59,25455893228,"C=US, O=DigiCert Inc, CN=DigiCert Global G2 TLS RSA SHA256 2020 CA1"
EFORM450-UAT.GSA.GOV,Yes,Yes,1,1,2026-04-09T00:00:00,2026-10-24T23:59:59,25455879516,"C=US, O=DigiCert Inc, CN=DigiCert Global G2 TLS RSA SHA256 2020 CA1"
EFORM450.GSA.GOV,Yes,Yes,5,1,2026-01-12T00:00:00,2027-02-26T23:59:59,23749074272;23728249555;28770029810;23728188154;23749142363,"C=US, O=DigiCert Inc, CN=DigiCert Global G2 TLS RSA SHA256 2020 CA1"
MSA-pub.gsa.gov,Yes,Yes,1,1,2025-12-19T00:00:00,2027-01-19T23:59:59,23215162411,"C=US, O=DigiCert Inc, CN=DigiCert Global G2 TLS RSA SHA256 2020 CA1"
Ncapit-approvn.fas.gsa.gov,Yes,Yes,1,1,2026-04-08T00:00:00,2026-10-23T23:59:59,25444056592,"C=US, O=DigiCert Inc, CN=DigiCert Global G2 TLS RSA SHA256 2020 CA1"
Ncapprovnt.fas.gsa.gov,Yes,Yes,1,1,2026-04-08T00:00:00,2026-10-23T23:59:59,25444105093,"C=US, O=DigiCert Inc, CN=DigiCert Global G2 TLS RSA SHA256 2020 CA1"
Pegasys-Pub.gsa.gov,Yes,Yes,2,1,2026-03-17T00:00:00,2027-03-04T23:59:59,28842023108;25041882019,"C=US, O=DigiCert Inc, CN=DigiCert Global G2 TLS RSA SHA256 2020 CA1"
Test.oasis.gsa.gov,Yes,Yes,1,1,2025-11-18T00:00:00,2026-12-02T23:59:59,22569720004,"C=US, O=DigiCert Inc, CN=DigiCert Global G2 TLS RSA SHA256 2020 CA1"
WWW.EFORM450.GSA.GOV,No,Yes,1,1,2026-08-12T00:00:00,2027-02-26T23:59:59,28770029810,"C=US, O=DigiCert Inc, CN=DigiCert Global G2 TLS RSA SHA256 2020 CA1"
aacinquiry.fas.gsa.gov,No,Yes,3,1,2025-09-13T00:00:00,2027-03-04T23:59:59,20993042807;28804359394;28840997960,"C=US, O=DigiCert Inc, CN=DigiCert Global G2 TLS RSA SHA256 2020 CA1"
ack.usaccess.gsa.gov,Yes,Yes,2,1,2025-11-03T00:00:00,2026-12-04T23:59:59,22185048389;22185023913,"C=CA, O=Entrust Limited, CN=Entrust DV TLS Issuing RSA CA 2"
acm-queue-creation-dummy.gsa.gov,Yes,Yes,1,1,2026-01-15T00:00:00,2027-02-13T23:59:59,23789637730,"C=US, O=Amazon, CN=Amazon RSA 2048 M04"
acm-test.data.mcaas.fcs.gsa.gov,Yes,Yes,4,2,2026-01-16T00:00:00,2027-02-14T23:59:59,23807911573;23803817589;23805657993;23806412681,"C=US, O=Amazon, CN=Amazon RSA 2048 M04;C=US, O=Amazon, CN=Amazon RSA 2048 M01"
acm-test.staging.data.mcaas.fcs.gsa.gov,Yes,Yes,1,1,2026-01-16T00:00:00,2027-02-14T23:59:59,23803288392,"C=US, O=Amazon, CN=Amazon RSA 2048 M04"
acquire-reporting-bi.gsa.gov,Yes,Yes,3,2,2025-08-14T00:00:00,2027-01-28T23:59:59,27945230271;20331958048;20332030126,"C=US, O=Amazon, CN=Amazon RSA 2048 M03;C=US, O=Amazon, CN=Amazon RSA 2048 M04"
acquire-reporting-dev-bi.gsa.gov,Yes,Yes,2,2,2025-08-14T00:00:00,2027-01-28T23:59:59,27945706451;20331957725,"C=US, O=Amazon, CN=Amazon RSA 2048 M03;C=US, O=Amazon, CN=Amazon RSA 2048 M01"
acquire-reporting-test-bi.gsa.gov,Yes,Yes,2,2,2025-08-14T00:00:00,2027-01-28T23:59:59,27945246764;20331957865,"C=US, O=Amazon, CN=Amazon RSA 2048 M03;C=US, O=Amazon, CN=Amazon RSA 2048 M01"
acquisitiongateway-staging.gsa.gov,Yes,Yes,1,1,2026-07-26T00:00:00,2027-02-08T23:59:59,28257551816,"C=US, O=Amazon, CN=Amazon RSA 2048 M01"
admin-keycloak.etsnext.fas.gsa.gov,Yes,Yes,2,2,2026-08-25T00:00:00,2027-03-17T23:59:59,29212609724;29027120673,"C=US, O=Amazon, CN=Amazon RSA 2048 M04;C=US, O=Amazon, CN=Amazon RSA 2048 M01"
admin-login.etsnext.fas.gsa.gov,Yes,Yes,1,1,2026-02-17T00:00:00,2027-03-18T23:59:59,24456067138,"C=US, O=Amazon, CN=Amazon RSA 2048 M04"
admin-nonprodkc.etsnext.fas.gsa.gov,Yes,Yes,1,1,2026-02-12T00:00:00,2027-03-13T23:59:59,24344969323,"C=US, O=Amazon, CN=Amazon RSA 2048 M04"
admin-stagingkc.etsnext.fas.gsa.gov,Yes,Yes,2,1,2026-02-17T00:00:00,2027-03-18T23:59:59,24456086472;29212611293,"C=US, O=Amazon, CN=Amazon RSA 2048 M01"
advantage.gsa.gov,No,Yes,1,1,2026-07-07T00:00:00,2027-01-21T23:59:59,27760916087,"C=US, O=DigiCert Inc, CN=DigiCert Global G2 TLS RSA SHA256 2020 CA1"
ag-dashboard-staging.gsa.gov,Yes,Yes,1,1,2026-07-26T00:00:00,2027-02-08T23:59:59,28259411713,"C=US, O=Amazon, CN=Amazon RSA 2048 M04"
aiagent-ai-sec-rev.gsa.gov,Yes,Yes,1,1,2026-07-16T00:00:00,2027-01-29T23:59:59,27990608224,"C=US, O=Amazon, CN=Amazon RSA 2048 M04"
aiagent-registry.dev.gsa.gov,Yes,Yes,1,1,2026-08-20T00:00:00,2027-03-05T23:59:59,28860187571,"C=US, O=Amazon, CN=Amazon RSA 2048 M04"
airflow.fleet-dev.fcs.gsa.gov,Yes,Yes,1,1,2025-10-31T00:00:00,2026-11-29T23:59:59,22121174040,"C=US, O=Amazon, CN=Amazon RSA 2048 M04"
alm.cerpa.gsa.gov,No,Yes,2,1,2026-01-27T00:00:00,2027-02-26T23:59:59,24037801796;24014975418,"C=US, O=Amazon, CN=Amazon RSA 2048 M01"
alm.non-prod.cerpa.gsa.gov,No,Yes,2,2,2025-12-08T00:00:00,2027-03-03T23:59:59,22988785583;24140066458,"C=US, O=Amazon, CN=Amazon RSA 2048 M04;C=US, O=Amazon, CN=Amazon RSA 2048 M01"
alm.orch.dev.erpa.mcaas.fcs.gsa.gov,No,Yes,3,2,2025-09-09T00:00:00,2027-02-23T23:59:59,28713484304;22420374042;20898702617,"C=US, O=Amazon, CN=Amazon RSA 2048 M02;C=US, O=Amazon, CN=Amazon RSA 2048 M01"
alm.orch.prod.erpa.mcaas.fcs.gsa.gov,No,Yes,2,2,2025-09-09T00:00:00,2027-02-23T23:59:59,28712928266;20898722444,"C=US, O=Amazon, CN=Amazon RSA 2048 M03;C=US, O=Amazon, CN=Amazon RSA 2048 M01"
am.dev.apiss.mcaas.fcs.gsa.gov,Yes,Yes,1,1,2026-06-23T00:00:00,2027-01-06T23:59:59,27427861374,"C=US, O=Amazon, CN=Amazon RSA 2048 M01"
ambient.test.mcaas.fcs.gsa.gov,Yes,Yes,1,1,2026-06-16T00:00:00,2026-12-30T23:59:59,27242647683,"C=US, O=Amazon, CN=Amazon RSA 2048 M01"
anchore.gsa.gov,Yes,Yes,1,1,2026-01-23T00:00:00,2027-02-20T23:59:59,23927150794,"C=US, O=Amazon, CN=Amazon RSA 2048 M04"
anywhere.gsa.gov,Yes,Yes,3,1,2026-06-11T00:00:00,2027-01-09T23:59:59,28970809370;27091209903;27476273798,"C=US, O=DigiCert Inc, CN=DigiCert Global G2 TLS RSA SHA256 2020 CA1"
api-exchange-dev.fss19-dev.fcs.gsa.gov,Yes,Yes,2,1,2025-12-22T00:00:00,2027-02-03T23:59:59,23303671144;23570386534,"C=US, O=Amazon, CN=Amazon RSA 2048 M01"
api-exchange-mgmt.fss19-mgmt.fcs.gsa.gov,Yes,Yes,1,1,2026-01-06T00:00:00,2027-02-04T23:59:59,23591899267,"C=US, O=Amazon, CN=Amazon RSA 2048 M01"
api-exchange-prod.fss19-prod.fcs.gsa.gov,Yes,Yes,1,1,2026-01-23T00:00:00,2027-02-21T23:59:59,23941400807,"C=US, O=Amazon, CN=Amazon RSA 2048 M01"
api-gw.mnr-public.fleet-dev.fcs.gsa.gov,No,Yes,2,1,2026-06-20T00:00:00,2027-01-03T23:59:59,27337271476;27336726394,"C=US, O=Amazon, CN=Amazon RSA 2048 M04"
api-gw.mnr-public.fleet-prod.fcs.gsa.gov,No,Yes,2,1,2026-06-21T00:00:00,2027-01-04T23:59:59,27362165611;27363359721,"C=US, O=Amazon, CN=Amazon RSA 2048 M04"
api-gw.mnr-public.fleet-stg.fcs.gsa.gov,No,Yes,1,1,2026-06-21T00:00:00,2027-01-04T23:59:59,27361951780,"C=US, O=Amazon, CN=Amazon RSA 2048 M01"
api-gw.mnr-public.fleet-test.fcs.gsa.gov,No,Yes,2,1,2026-06-21T00:00:00,2027-01-04T23:59:59,27362430943;27361510325,"C=US, O=Amazon, CN=Amazon RSA 2048 M01"
api-gw.nlets.sandbox.fleet-dev.fcs.gsa.gov,Yes,Yes,2,1,2026-03-19T00:00:00,2027-03-04T23:59:59,28825002723;25079230913,"C=US, O=Amazon, CN=Amazon RSA 2048 M01"
api-np.etsnext.fas.gsa.gov,Yes,Yes,1,1,2026-07-05T00:00:00,2027-01-18T23:59:59,27697549106,"C=US, O=Amazon, CN=Amazon RSA 2048 M04"
api.etsnext.fas.gsa.gov,Yes,Yes,1,1,2026-07-05T00:00:00,2027-01-18T23:59:59,27697548164,"C=US, O=Amazon, CN=Amazon RSA 2048 M01"
api.gsa.gov,Yes,Yes,4,2,2026-06-29T08:20:59,2026-11-26T08:21:13,27564927764;29120844582;27564920999;29120844732,"C=US, O=Let's Encrypt, CN=YR2;C=US, O=Let's Encrypt, CN=YR1"
api.preprod.cnxs.vpcaas.fcs.gsa.gov,No,Yes,1,1,2026-01-09T00:00:00,2027-01-09T23:59:59,23660715551,"C=US, O=DigiCert Inc, CN=DigiCert Global G2 TLS RSA SHA256 2020 CA1"
api.prod.cnxs.vpcaas.fcs.gsa.gov,Yes,Yes,1,1,2025-09-17T00:00:00,2026-09-16T23:59:59,21088136574,"C=US, O=DigiCert Inc, CN=DigiCert Global G2 TLS RSA SHA256 2020 CA1"
api.prod.gsa.mcaas.fcs.gsa.gov,Yes,Yes,1,1,2025-09-09T00:00:00,2026-10-08T23:59:59,20906467029,"C=US, O=Amazon, CN=Amazon RSA 2048 M03"
api.test.cnxs.vpcaas.fcs.gsa.gov,Yes,Yes,3,1,2025-10-03T00:00:00,2026-10-02T23:59:59,21448286892;21448286541;21448286540,"C=US, O=DigiCert Inc, CN=DigiCert Global G2 TLS RSA SHA256 2020 CA1"
apps.cerpa.gsa.gov,No,Yes,2,1,2026-01-27T00:00:00,2027-02-26T23:59:59,24037801796;24014975418,"C=US, O=Amazon, CN=Amazon RSA 2048 M01"
apps.non-prod.cerpa.gsa.gov,No,Yes,2,2,2025-12-08T00:00:00,2027-03-03T23:59:59,22988785583;24140066458,"C=US, O=Amazon, CN=Amazon RSA 2048 M04;C=US, O=Amazon, CN=Amazon RSA 2048 M01"
apps.ocfo.gsa.gov,Yes,Yes,1,1,2025-10-15T00:00:00,2026-11-11T23:59:59,21725419275,"C=US, O=DigiCert Inc, CN=DigiCert Global G2 TLS RSA SHA256 2020 CA1"
apps.orch.dev.erpa.mcaas.fcs.gsa.gov,No,Yes,3,2,2025-09-09T00:00:00,2027-02-23T23:59:59,28713484304;22420374042;20898702617,"C=US, O=Amazon, CN=Amazon RSA 2048 M02;C=US, O=Amazon, CN=Amazon RSA 2048 M01"
apps.orch.prod.erpa.mcaas.fcs.gsa.gov,No,Yes,2,2,2025-09-09T00:00:00,2027-02-23T23:59:59,28712928266;20898722444,"C=US, O=Amazon, CN=Amazon RSA 2048 M03;C=US, O=Amazon, CN=Amazon RSA 2048 M01"
apps.prod-iae.bsp.gsa.gov,No,Yes,2,2,2026-05-19T00:00:00,2027-02-04T23:59:59,26498769783;28158756167,"C=US, O=DigiCert Inc, CN=DigiCert Global G2 TLS RSA SHA256 2020 CA1;C=US, O=Amazon, CN=Amazon RSA 2048 M01"
argocd.fleet-mgmt.fcs.gsa.gov,Yes,Yes,1,1,2025-12-09T00:00:00,2027-01-07T23:59:59,22996265004,"C=US, O=Amazon, CN=Amazon RSA 2048 M01"
argocd.mgmt-ppm.fcs.gsa.gov,Yes,Yes,4,1,2026-08-04T23:23:21,2026-11-03T00:23:23,28542470775;28541079190;28542453844;28541050753,"C=US, O=Let's Encrypt, CN=YR1"
art.gsa.gov,Yes,Yes,1,1,2026-04-06T00:00:00,2026-10-21T23:59:59,25578050655,"C=US, O=DigiCert Inc, CN=DigiCert Global G2 TLS RSA SHA256 2020 CA1"
artifactory.helix.gsa.gov,Yes,Yes,2,2,2025-11-05T00:00:00,2026-12-04T23:59:59,22237467609;22237468988,"C=US, O=Amazon, CN=Amazon RSA 2048 M04;C=US, O=Amazon, CN=Amazon RSA 2048 M01"
ask.fas.gsa.gov,Yes,Yes,1,1,2025-11-07T00:00:00,2026-12-08T23:59:59,22283434973,"C=US, O=DigiCert Inc, CN=DigiCert Global G2 TLS RSA SHA256 2020 CA1"
ask.gsa.gov,Yes,Yes,4,1,2025-09-11T00:00:00,2027-01-28T23:59:59,24066498976;24067819604;24066529650;20947527389,"C=US, O=DigiCert Inc, CN=DigiCert Global G2 TLS RSA SHA256 2020 CA1"
asset.fleet-dev.fcs.gsa.gov,Yes,Yes,2,1,2025-12-17T00:00:00,2027-01-14T23:59:59,23168118970;23166985865,"C=US, O=Amazon, CN=Amazon RSA 2048 M01"
asset.fleet-stg.fcs.gsa.gov,Yes,Yes,2,1,2026-06-19T00:00:00,2027-01-02T23:59:59,27307858237;27309044260,"C=US, O=Amazon, CN=Amazon RSA 2048 M01"
asset.fleet-test.fcs.gsa.gov,Yes,Yes,2,1,2026-01-14T00:00:00,2027-02-11T23:59:59,23754247966;23755785772,"C=US, O=Amazon, CN=Amazon RSA 2048 M01"
assist.gsa.gov,Yes,Yes,3,2,2026-05-05T00:00:00,2026-12-11T23:59:59,26090587648;26716410192;26763110862,"C=US, O=DigiCert Inc, CN=DigiCert Global G2 TLS RSA SHA256 2020 CA1;C=US, O=Amazon, CN=Amazon RSA 2048 M04"
auth-dev.gsa.gov,Yes,Yes,6,2,2026-06-13T13:02:59,2026-11-12T13:02:58,27154250370;27154259849;27927744756;27927744554;28850268325;28910851806,"C=US, O=Let's Encrypt, CN=YR2;C=US, O=Let's Encrypt, CN=YR1"
auth-preprod-welcome.gsa.gov,Yes,Yes,3,1,2026-03-07T00:00:00,2027-02-05T23:59:59,24830744770;28171496214;24829989039,"C=US, O=Amazon, CN=Amazon RSA 2048 M01"
auth-preprod.gsa.gov,Yes,Yes,6,2,2026-06-20T01:02:59,2026-11-19T01:02:58,27333947075;27333953926;28110024577;28989043028;28110027517;29065461981,"C=US, O=Let's Encrypt, CN=YR2;C=US, O=Let's Encrypt, CN=YR1"
auth-sandbox.fleet-dev.fcs.gsa.gov,Yes,Yes,1,1,2026-02-05T00:00:00,2027-03-06T23:59:59,24192919096,"C=US, O=Amazon, CN=Amazon RSA 2048 M04"
auth-welcome.gsa.gov,Yes,Yes,2,1,2026-02-16T00:00:00,2027-03-17T23:59:59,24439802605;24439126807,"C=US, O=Amazon, CN=Amazon RSA 2048 M01"
auth.fleet-dev.fcs.gsa.gov,Yes,Yes,2,1,2026-05-13T00:00:00,2026-11-26T23:59:59,26302614343;26300423682,"C=US, O=Amazon, CN=Amazon RSA 2048 M01"
auth.fleet-stg.fcs.gsa.gov,Yes,Yes,2,1,2026-06-22T00:00:00,2027-01-05T23:59:59,27384283378;27384881599,"C=US, O=Amazon, CN=Amazon RSA 2048 M01"
auth.fleet-test.fcs.gsa.gov,Yes,Yes,2,1,2026-01-07T00:00:00,2027-02-04T23:59:59,23599288650;23598908941,"C=US, O=Amazon, CN=Amazon RSA 2048 M01"
auth.fss-ui-dev.fss19-dev.fcs.gsa.gov,Yes,Yes,2,1,2026-06-11T00:00:00,2026-12-25T23:59:59,27078419123;27076639443,"C=US, O=Amazon, CN=Amazon RSA 2048 M04"
auth.fss-ui-mgmt.fss19-mgmt.fcs.gsa.gov,Yes,Yes,4,2,2025-09-14T00:00:00,2027-02-28T23:59:59,28805537516;21003457676;28783037846;21004600902,"C=US, O=Amazon, CN=Amazon RSA 2048 M04;C=US, O=Amazon, CN=Amazon RSA 2048 M01"
auth.fss-ui-prod.fss19-prod.fcs.gsa.gov,Yes,Yes,1,1,2026-06-25T00:00:00,2027-01-08T23:59:59,27464836075,"C=US, O=Amazon, CN=Amazon RSA 2048 M04"
auth.gsa.gov,Yes,Yes,6,1,2026-06-17T13:02:59,2026-11-16T13:02:58,27263295576;27263305541;28945662774;28976722466;28039880224;28039879677,"C=US, O=Let's Encrypt, CN=YR1"
auth.jenkins.fss19-dev.fcs.gsa.gov,Yes,Yes,1,1,2025-10-08T00:00:00,2026-11-06T23:59:59,21561275670,"C=US, O=Amazon, CN=Amazon RSA 2048 M04"
auth.jenkins.fss19-mgmt.fcs.gsa.gov,Yes,Yes,1,1,2025-10-08T00:00:00,2026-11-06T23:59:59,21560997405,"C=US, O=Amazon, CN=Amazon RSA 2048 M04"
auth.jenkins.fss19-prod.fcs.gsa.gov,Yes,Yes,1,1,2025-10-08T00:00:00,2026-11-06T23:59:59,21561068113,"C=US, O=Amazon, CN=Amazon RSA 2048 M01"
auth.ncal-dev.fss19-dev.fcs.gsa.gov,Yes,Yes,2,1,2025-12-08T00:00:00,2027-01-06T23:59:59,22969603627;22970282454,"C=US, O=Amazon, CN=Amazon RSA 2048 M01"
auth.ncal-mgmt.fss19-mgmt.fcs.gsa.gov,Yes,Yes,2,1,2026-05-31T00:00:00,2026-12-14T23:59:59,26772459027;26825327616,"C=US, O=Amazon, CN=Amazon RSA 2048 M01"
auth.ncal-prod.fss19-prod.fcs.gsa.gov,Yes,Yes,3,1,2026-06-05T00:00:00,2026-12-20T23:59:59,27143060573;26927974893;26926814834,"C=US, O=Amazon, CN=Amazon RSA 2048 M01"
auth.rith-dev.fss19-dev.fcs.gsa.gov,Yes,Yes,2,1,2025-12-07T00:00:00,2027-01-05T23:59:59,22946872942;22948319501,"C=US, O=Amazon, CN=Amazon RSA 2048 M04"
auth.rith-mgmt.fss19-mgmt.fcs.gsa.gov,Yes,Yes,2,1,2026-04-08T00:00:00,2026-10-22T23:59:59,25437327976;25657829940,"C=US, O=Amazon, CN=Amazon RSA 2048 M01"
auth.rith-prod.fss19-prod.fcs.gsa.gov,Yes,Yes,2,1,2025-12-28T00:00:00,2027-01-26T23:59:59,23409624810;23410495763,"C=US, O=Amazon, CN=Amazon RSA 2048 M04"
autoauctions.gsa.gov,No,Yes,4,1,2025-09-12T00:00:00,2027-01-09T23:59:59,20971040887;27472986043;27472966732;20969106763,"C=US, O=DigiCert Inc, CN=DigiCert Global G2 TLS RSA SHA256 2020 CA1"
aws.fcs.gsa.gov,Yes,Yes,1,1,2026-07-07T00:00:00,2027-01-20T23:59:59,27747129606,"C=US, O=Amazon, CN=Amazon RSA 2048 M04"
azure-ocp.gsa.gov,Yes,Yes,2,1,2026-07-26T07:40:00,2026-10-24T07:39:59,28259730705;28259734815,"C=US, O=Let's Encrypt, CN=YR1"
barracuda.gsa.gov,Yes,Yes,1,1,2025-11-19T00:00:00,2026-12-03T23:59:59,22591167123,"C=US, O=DigiCert Inc, CN=DigiCert Global G2 TLS RSA SHA256 2020 CA1"
bedrock-runtime.dev.infer.vpcaas.fcs.gsa.gov,Yes,Yes,1,1,2026-01-01T00:00:00,2027-01-30T23:59:59,23487119047,"C=US, O=Amazon, CN=Amazon RSA 2048 M04"
bedrock-runtime.prod.gsaipw4.mcaas.fcs.gsa.gov,Yes,Yes,1,1,2026-02-17T00:00:00,2027-03-18T23:59:59,24460760949,"C=US, O=Amazon, CN=Amazon RSA 2048 M04"
benchmarks.gsa.gov,Yes,Yes,2,2,2026-06-17T00:00:00,2027-02-08T23:59:59,27247946817;28250917478,"C=US, O=Amazon, CN=Amazon RSA 2048 M01;C=US, O=Amazon, CN=Amazon RSA 2048 M04"
beta.ask.gsa.gov,Yes,Yes,1,1,2026-01-29T00:00:00,2027-02-18T23:59:59,24059596588,"C=US, O=DigiCert Inc, CN=DigiCert Global G2 TLS RSA SHA256 2020 CA1"
beta.prod.dnfsb.mcaas.fcs.gsa.gov,Yes,Yes,2,1,2026-08-12T00:00:00,2027-02-25T23:59:59,28770560450;28770935091,"C=US, O=Amazon, CN=Amazon RSA 2048 M04"
beta.prod.doc.mcaas.fcs.gsa.gov,Yes,Yes,1,1,2026-05-28T00:00:00,2026-12-11T23:59:59,26709764407,"C=US, O=Amazon, CN=Amazon RSA 2048 M04"
beta.prod.doi.mcaas.fcs.gsa.gov,Yes,Yes,2,2,2026-08-12T00:00:00,2027-02-25T23:59:59,28770420180;28770926534,"C=US, O=Amazon, CN=Amazon RSA 2048 M04;C=US, O=Amazon, CN=Amazon RSA 2048 M01"
beta.prod.doj.mcaas.fcs.gsa.gov,Yes,Yes,2,1,2026-08-12T00:00:00,2027-02-25T23:59:59,28770561457;28770935246,"C=US, O=Amazon, CN=Amazon RSA 2048 M01"
beta.prod.dot.mcaas.fcs.gsa.gov,Yes,Yes,1,1,2026-05-28T00:00:00,2026-12-11T23:59:59,26712038985,"C=US, O=Amazon, CN=Amazon RSA 2048 M04"
beta.prod.ed.mcaas.fcs.gsa.gov,Yes,Yes,2,2,2026-08-12T00:00:00,2027-02-25T23:59:59,28770421013;28770930929,"C=US, O=Amazon, CN=Amazon RSA 2048 M04;C=US, O=Amazon, CN=Amazon RSA 2048 M01"
beta.prod.eeoc.mcaas.fcs.gsa.gov,Yes,Yes,1,1,2026-07-17T00:00:00,2027-01-30T23:59:59,28013936653,"C=US, O=Amazon, CN=Amazon RSA 2048 M01"
beta.prod.faa.mcaas.fcs.gsa.gov,Yes,Yes,2,1,2026-08-12T00:00:00,2027-02-25T23:59:59,28770419923;28770933024,"C=US, O=Amazon, CN=Amazon RSA 2048 M04"
beta.prod.fhfa.mcaas.fcs.gsa.gov,Yes,Yes,2,2,2026-08-12T00:00:00,2027-02-25T23:59:59,28770617539;28770974537,"C=US, O=Amazon, CN=Amazon RSA 2048 M04;C=US, O=Amazon, CN=Amazon RSA 2048 M01"
beta.prod.frtib.mcaas.fcs.gsa.gov,Yes,Yes,2,1,2026-08-12T00:00:00,2027-02-25T23:59:59,28770560537;28770989134,"C=US, O=Amazon, CN=Amazon RSA 2048 M04"
beta.prod.ftc.mcaas.fcs.gsa.gov,Yes,Yes,2,1,2026-08-12T00:00:00,2027-02-25T23:59:59,28770420034;28770987057,"C=US, O=Amazon, CN=Amazon RSA 2048 M01"
beta.prod.gsa.mcaas.fcs.gsa.gov,Yes,Yes,1,1,2026-05-28T00:00:00,2026-12-11T23:59:59,26712070152,"C=US, O=Amazon, CN=Amazon RSA 2048 M01"
beta.prod.hhs.mcaas.fcs.gsa.gov,Yes,Yes,2,2,2026-08-12T00:00:00,2027-02-25T23:59:59,28770419482;28770940569,"C=US, O=Amazon, CN=Amazon RSA 2048 M04;C=US, O=Amazon, CN=Amazon RSA 2048 M01"
beta.prod.hud.mcaas.fcs.gsa.gov,Yes,Yes,2,1,2026-08-12T00:00:00,2027-02-25T23:59:59,28770926957;28770425163,"C=US, O=Amazon, CN=Amazon RSA 2048 M01"
beta.prod.ncua.mcaas.fcs.gsa.gov,Yes,Yes,2,2,2026-08-12T00:00:00,2027-02-25T23:59:59,28770420266;28770927100,"C=US, O=Amazon, CN=Amazon RSA 2048 M04;C=US, O=Amazon, CN=Amazon RSA 2048 M01"
beta.prod.nlrb.mcaas.fcs.gsa.gov,Yes,Yes,2,1,2026-08-12T00:00:00,2027-02-25T23:59:59,28770422109;28770988276,"C=US, O=Amazon, CN=Amazon RSA 2048 M01"
beta.prod.nrc.mcaas.fcs.gsa.gov,Yes,Yes,2,2,2026-08-12T00:00:00,2027-02-25T23:59:59,28770931969;28770561738,"C=US, O=Amazon, CN=Amazon RSA 2048 M04;C=US, O=Amazon, CN=Amazon RSA 2048 M01"
beta.prod.nsf.mcaas.fcs.gsa.gov,Yes,Yes,1,1,2026-07-17T00:00:00,2027-01-30T23:59:59,28013936861,"C=US, O=Amazon, CN=Amazon RSA 2048 M01"
beta.prod.ntsb.mcaas.fcs.gsa.gov,Yes,Yes,2,1,2026-08-12T00:00:00,2027-02-25T23:59:59,28770747182;28770939859,"C=US, O=Amazon, CN=Amazon RSA 2048 M01"
beta.prod.oge.mcaas.fcs.gsa.gov,Yes,Yes,2,2,2026-08-12T00:00:00,2027-02-25T23:59:59,28771906535;28770418698,"C=US, O=Amazon, CN=Amazon RSA 2048 M04;C=US, O=Amazon, CN=Amazon RSA 2048 M01"
beta.prod.opm.mcaas.fcs.gsa.gov,Yes,Yes,2,2,2026-08-12T00:00:00,2027-02-25T23:59:59,28770926563;28770421039,"C=US, O=Amazon, CN=Amazon RSA 2048 M04;C=US, O=Amazon, CN=Amazon RSA 2048 M01"
beta.prod.pc.mcaas.fcs.gsa.gov,Yes,Yes,2,1,2026-08-12T00:00:00,2027-02-25T23:59:59,28771906596;28770748402,"C=US, O=Amazon, CN=Amazon RSA 2048 M01"
beta.prod.sss.mcaas.fcs.gsa.gov,Yes,Yes,2,1,2026-08-12T00:00:00,2027-02-25T23:59:59,28770559692;28770940412,"C=US, O=Amazon, CN=Amazon RSA 2048 M04"
beta.prod.stateoig.mcaas.fcs.gsa.gov,Yes,Yes,2,1,2026-08-12T00:00:00,2027-02-25T23:59:59,28770989414;28770561726,"C=US, O=Amazon, CN=Amazon RSA 2048 M01"
beta.prod.usda.mcaas.fcs.gsa.gov,Yes,Yes,1,1,2026-05-28T00:00:00,2026-12-11T23:59:59,26712039991,"C=US, O=Amazon, CN=Amazon RSA 2048 M04"
beta.usaccess-alp.gsa.gov,Yes,Yes,1,1,2026-01-29T00:00:00,2027-01-29T23:59:59,24061837356,"C=US, O=DigiCert Inc, CN=DigiCert Global G2 TLS RSA SHA256 2020 CA1"
bm.fleet-dev.fcs.gsa.gov,Yes,Yes,2,1,2025-10-02T00:00:00,2027-03-17T23:59:59,29212796153;21410575921,"C=US, O=Amazon, CN=Amazon RSA 2048 M01"
bm.fleet-prod.fcs.gsa.gov,Yes,Yes,1,1,2025-12-09T00:00:00,2027-01-06T23:59:59,22995667015,"C=US, O=Amazon, CN=Amazon RSA 2048 M01"
bm.fleet-stg.fcs.gsa.gov,Yes,Yes,2,1,2026-06-19T00:00:00,2027-01-02T23:59:59,27308447617;27309162458,"C=US, O=Amazon, CN=Amazon RSA 2048 M01"
bm.fleet-test.fcs.gsa.gov,Yes,Yes,1,1,2025-10-08T00:00:00,2026-11-05T23:59:59,21561074244,"C=US, O=Amazon, CN=Amazon RSA 2048 M04"
bm.sandbox.fleet-dev.fcs.gsa.gov,Yes,Yes,2,1,2026-02-05T00:00:00,2027-03-06T23:59:59,24193695978;24192564174,"C=US, O=Amazon, CN=Amazon RSA 2048 M01"
boxi.ocfo.gsa.gov,Yes,Yes,1,1,2025-09-03T00:00:00,2026-09-23T23:59:59,20768881650,"C=US, O=DigiCert Inc, CN=DigiCert Global G2 TLS RSA SHA256 2020 CA1"
boxi.secure.gsa.gov,Yes,Yes,1,1,2026-07-14T00:00:00,2027-01-28T23:59:59,27929721237,"C=US, O=DigiCert Inc, CN=DigiCert Global G2 TLS RSA SHA256 2020 CA1"
brms.preprod.cnxs.vpcaas.fcs.gsa.gov,No,Yes,1,1,2026-01-09T00:00:00,2027-01-09T23:59:59,23660715551,"C=US, O=DigiCert Inc, CN=DigiCert Global G2 TLS RSA SHA256 2020 CA1"
bsp-dev.bsp.gsa.gov,Yes,Yes,1,1,2026-06-21T00:00:00,2027-01-04T23:59:59,27361118025,"C=US, O=Amazon, CN=Amazon RSA 2048 M01"
bsp.gsa.gov,No,Yes,1,1,2026-05-19T00:00:00,2026-12-03T23:59:59,26498769783,"C=US, O=DigiCert Inc, CN=DigiCert Global G2 TLS RSA SHA256 2020 CA1"
buy-dev.gsa.gov,Yes,Yes,1,1,2026-07-26T00:00:00,2027-02-08T23:59:59,28258455155,"C=US, O=Amazon, CN=Amazon RSA 2048 M04"
buy-staging.gsa.gov,Yes,Yes,1,1,2026-07-26T00:00:00,2027-02-08T23:59:59,28256545692,"C=US, O=Amazon, CN=Amazon RSA 2048 M04"
buy-test.gsa.gov,Yes,Yes,1,1,2026-07-26T00:00:00,2027-02-08T23:59:59,28259840654,"C=US, O=Amazon, CN=Amazon RSA 2048 M04"
buy.gsa.gov,Yes,Yes,1,1,2025-10-28T00:00:00,2026-11-26T23:59:59,22065060921,"C=US, O=Amazon, CN=Amazon RSA 2048 M04"
buyamerican.gov,Yes,No,3,1,2026-08-10T00:00:00,2027-02-27T23:59:59,28775439515;28719836262;28787418281,"C=US, O=DigiCert Inc, CN=DigiCert Global G2 TLS RSA SHA256 2020 CA1"
caf-api-dev.fss19-dev.fcs.gsa.gov,Yes,Yes,1,1,2026-01-18T00:00:00,2027-02-16T23:59:59,23832644410,"C=US, O=Amazon, CN=Amazon RSA 2048 M04"
caf-api-mgmt.fss19-mgmt.fcs.gsa.gov,Yes,Yes,1,1,2026-02-04T00:00:00,2027-03-04T23:59:59,24170369899,"C=US, O=Amazon, CN=Amazon RSA 2048 M04"
caf-api-prod.fss19-prod.fcs.gsa.gov,Yes,Yes,1,1,2026-06-25T00:00:00,2027-01-08T23:59:59,27464926040,"C=US, O=Amazon, CN=Amazon RSA 2048 M04"
calc.gsa.gov,Yes,Yes,1,1,2026-07-26T00:00:00,2027-02-08T23:59:59,28260011207,"C=US, O=Amazon, CN=Amazon RSA 2048 M04"
calm.gsa.gov,Yes,Yes,1,1,2026-05-21T00:00:00,2026-12-05T23:59:59,26518401532,"C=US, O=DigiCert Inc, CN=DigiCert Global G2 TLS RSA SHA256 2020 CA1"
carbonfootprint.gsa.gov,Yes,Yes,1,1,2026-02-13T00:00:00,2027-03-03T23:59:59,24382788348,"C=US, O=DigiCert Inc, CN=DigiCert Global G2 TLS RSA SHA256 2020 CA1"
catalog.fleet-dev.fcs.gsa.gov,Yes,Yes,3,2,2025-09-30T00:00:00,2027-03-15T23:59:59,21366035506;29162275905;21367566769,"C=US, O=Amazon, CN=Amazon RSA 2048 M04;C=US, O=Amazon, CN=Amazon RSA 2048 M01"
catalog.fleet-prod.fcs.gsa.gov,Yes,Yes,1,1,2025-12-09T00:00:00,2027-01-06T23:59:59,22995813485,"C=US, O=Amazon, CN=Amazon RSA 2048 M01"
catalog.fleet-stg.fcs.gsa.gov,Yes,Yes,2,1,2026-06-19T00:00:00,2027-01-02T23:59:59,27309074208;27308016593,"C=US, O=Amazon, CN=Amazon RSA 2048 M04"
catalog.fleet-test.fcs.gsa.gov,Yes,Yes,2,1,2025-10-08T00:00:00,2026-11-05T23:59:59,21561175440;21561774942,"C=US, O=Amazon, CN=Amazon RSA 2048 M04"
catalog.gsa.gov,Yes,Yes,1,1,2025-12-18T00:00:00,2027-01-16T23:59:59,23202209630,"C=US, O=Amazon, CN=Amazon RSA 2048 M01"
catalog.sandbox.fleet-dev.fcs.gsa.gov,Yes,Yes,2,1,2026-02-05T00:00:00,2027-03-06T23:59:59,24193704807;24192746237,"C=US, O=Amazon, CN=Amazon RSA 2048 M04"
ccp-api-sandbox.fas.gsa.gov,Yes,Yes,2,1,2025-10-23T00:00:00,2026-11-21T23:59:59,21930463776;21931547036,"C=US, O=Amazon, CN=Amazon RSA 2048 M04"
ccp-web-sandbox.fas.gsa.gov,No,Yes,2,1,2025-10-23T00:00:00,2026-11-21T23:59:59,21930463776;21931547036,"C=US, O=Amazon, CN=Amazon RSA 2048 M04"
cdo.gov,Yes,No,4,1,2026-01-22T00:00:00,2027-02-08T23:59:59,24288188455;23918022805;24286960569;24286992741,"C=US, O=DigiCert Inc, CN=DigiCert Global G2 TLS RSA SHA256 2020 CA1"
cerpa.gsa.gov,Yes,Yes,2,1,2026-01-27T00:00:00,2027-02-26T23:59:59,24037801796;24014975418,"C=US, O=Amazon, CN=Amazon RSA 2048 M01"
cfo.gov,Yes,No,2,1,2026-06-25T00:00:00,2027-01-09T23:59:59,27472986043;27472966732,"C=US, O=DigiCert Inc, CN=DigiCert Global G2 TLS RSA SHA256 2020 CA1"
changes.dev.myfcs.itplaybook.gsa.gov,Yes,Yes,1,1,2025-09-18T00:00:00,2026-10-17T23:59:59,21115934742,"C=US, O=Amazon, CN=Amazon RSA 2048 M04"
changes.myfcs.itplaybook.gsa.gov,Yes,Yes,1,1,2025-09-18T00:00:00,2026-10-17T23:59:59,21115934107,"C=US, O=Amazon, CN=Amazon RSA 2048 M01"
chat.prod.gsa.mcaas.fcs.gsa.gov,No,Yes,1,1,2025-09-09T00:00:00,2026-10-08T23:59:59,20906467029,"C=US, O=Amazon, CN=Amazon RSA 2048 M03"
cic-dev.gsa.gov,Yes,Yes,1,1,2026-06-17T00:00:00,2026-12-31T23:59:59,27251218905,"C=US, O=Amazon, CN=Amazon RSA 2048 M01"
cic-staging.gsa.gov,Yes,Yes,1,1,2026-06-17T00:00:00,2026-12-31T23:59:59,27249258022,"C=US, O=Amazon, CN=Amazon RSA 2048 M04"
cic-test.gsa.gov,Yes,Yes,1,1,2026-06-17T00:00:00,2026-12-31T23:59:59,27249235644,"C=US, O=Amazon, CN=Amazon RSA 2048 M04"
cic.gsa.gov,Yes,Yes,1,1,2026-07-26T00:00:00,2027-02-08T23:59:59,28258455971,"C=US, O=Amazon, CN=Amazon RSA 2048 M04"
cio.gov,Yes,No,1,1,2026-07-07T00:00:00,2027-01-21T23:59:59,27764647132,"C=US, O=DigiCert Inc, CN=DigiCert Global G2 TLS RSA SHA256 2020 CA1"
click.leasingoffice.gsa.gov,Yes,Yes,1,1,2026-07-15T00:00:00,2027-01-29T23:59:59,27955428743,"C=US, O=DigiCert Inc, CN=DigiCert Global G2 TLS RSA SHA256 2020 CA1"
cloud.gsa-solutions.gsa.gov,Yes,Yes,3,1,2025-11-14T00:00:00,2026-12-15T23:59:59,22462476601;22462512217;22452778643,"C=US, O=DigiCert Inc, CN=DigiCert Global G2 TLS RSA SHA256 2020 CA1"
cmls.gsa.gov,Yes,Yes,1,1,2026-01-29T00:00:00,2027-03-01T23:59:59,24059732119,"C=US, O=DigiCert Inc, CN=DigiCert Global G2 TLS RSA SHA256 2020 CA1"
cochat.gsa.gov,Yes,Yes,1,1,2026-06-29T00:00:00,2027-01-12T23:59:59,27561846335,"C=US, O=Amazon, CN=Amazon RSA 2048 M04"
coe.gsa.gov,Yes,Yes,2,1,2026-07-28T10:21:25,2026-10-26T10:21:24,28318664349;28318667794,"C=US, O=Let's Encrypt, CN=YR1"
components.fleet-dev.fcs.gsa.gov,Yes,Yes,2,1,2026-05-31T00:00:00,2026-12-14T23:59:59,26822192535;26770827742,"C=US, O=Amazon, CN=Amazon RSA 2048 M04"
components.fleet-test.fcs.gsa.gov,Yes,Yes,1,1,2025-10-27T00:00:00,2026-11-24T23:59:59,22029841852,"C=US, O=Amazon, CN=Amazon RSA 2048 M01"
components.sandbox.fleet-dev.fcs.gsa.gov,Yes,Yes,2,1,2026-02-05T00:00:00,2027-03-06T23:59:59,24194514681;24193238189,"C=US, O=Amazon, CN=Amazon RSA 2048 M01"
conexus-api.gsa.gov,Yes,Yes,2,1,2025-09-15T00:00:00,2027-02-02T23:59:59,24162095681;21039845742,"C=US, O=DigiCert Inc, CN=DigiCert Global G2 TLS RSA SHA256 2020 CA1"
conexus-cert-api.gsa.gov,Yes,Yes,4,1,2026-01-12T00:00:00,2027-01-29T23:59:59,23722396797;26679703657;26686403957;26451077523,"C=US, O=DigiCert Inc, CN=DigiCert Global G2 TLS RSA SHA256 2020 CA1"
conexus-cert.gsa.gov,Yes,Yes,3,1,2026-01-05T00:00:00,2027-01-19T23:59:59,23888143194;23889300461;23570726146,"C=US, O=DigiCert Inc, CN=DigiCert Global G2 TLS RSA SHA256 2020 CA1"
conexus.gsa.gov,Yes,Yes,2,1,2026-01-05T00:00:00,2027-01-19T23:59:59,23570796881;23888350057,"C=US, O=DigiCert Inc, CN=DigiCert Global G2 TLS RSA SHA256 2020 CA1"
confluence.etsnext.fas.gsa.gov,Yes,Yes,2,1,2026-01-29T00:00:00,2027-02-27T23:59:59,24045397542;24046944892,"C=US, O=Amazon, CN=Amazon RSA 2048 M04"
connectionsii-clin-checker.test.nhc.vpcaas.fcs.gsa.gov,Yes,Yes,2,1,2026-07-27T04:08:10,2026-10-25T04:08:09,28282584951;28282595775,"C=US, O=Let's Encrypt, CN=YE1"
console-frontend.prod.gsa.mcaas.fcs.gsa.gov,No,Yes,1,1,2025-09-09T00:00:00,2026-10-08T23:59:59,20906467029,"C=US, O=Amazon, CN=Amazon RSA 2048 M03"
content.gsaadvantage.fas.gsa.gov,Yes,Yes,3,1,2025-09-12T00:00:00,2027-03-04T23:59:59,28826560772;28840928240;20977855777,"C=US, O=DigiCert Inc, CN=DigiCert Global G2 TLS RSA SHA256 2020 CA1"
contract-api-dev.fss19-dev.fcs.gsa.gov,Yes,Yes,1,1,2026-01-02T00:00:00,2027-01-30T23:59:59,23505368937,"C=US, O=Amazon, CN=Amazon RSA 2048 M01"
contract-api-mgmt.fss19-mgmt.fcs.gsa.gov,Yes,Yes,1,1,2026-01-14T00:00:00,2027-02-11T23:59:59,23753959290,"C=US, O=Amazon, CN=Amazon RSA 2048 M04"
contract-api-prod.fss19-prod.fcs.gsa.gov,Yes,Yes,1,1,2026-06-25T00:00:00,2027-01-08T23:59:59,27464799677,"C=US, O=Amazon, CN=Amazon RSA 2048 M04"
contract-api.fss19-dev.fcs.gsa.gov,Yes,Yes,1,1,2025-12-03T00:00:00,2026-12-31T23:59:59,22875658243,"C=US, O=Amazon, CN=Amazon RSA 2048 M01"
contract-const-api-dev.fss19-dev.fcs.gsa.gov,Yes,Yes,1,1,2026-04-21T00:00:00,2026-11-04T23:59:59,25622754983,"C=US, O=Amazon, CN=Amazon RSA 2048 M01"
contract-const-api-mgmt.fss19-mgmt.fcs.gsa.gov,Yes,Yes,1,1,2026-04-29T00:00:00,2026-11-12T23:59:59,25896486079,"C=US, O=Amazon, CN=Amazon RSA 2048 M04"
contract-const-api-prod.fss19-prod.fcs.gsa.gov,Yes,Yes,1,1,2026-06-25T00:00:00,2027-01-08T23:59:59,27464995587,"C=US, O=Amazon, CN=Amazon RSA 2048 M04"
coop.orders.fas.gsa.gov,No,Yes,2,1,2026-08-12T19:07:56,2026-11-10T19:07:55,28787250447;28794635644,"C=US, O=Let's Encrypt, CN=YR1"
cra-e2e-b.bsp-dev.bsp.gsa.gov,Yes,Yes,2,2,2026-08-10T00:00:00,2027-03-04T23:59:59,28714027091;28837525829,"C=US, O=Amazon, CN=Amazon RSA 2048 M04;C=US, O=Amazon, CN=Amazon RSA 2048 M01"
cra-e2e.bsp-dev.bsp.gsa.gov,Yes,Yes,1,1,2026-08-10T00:00:00,2027-02-23T23:59:59,28708723823,"C=US, O=Amazon, CN=Amazon RSA 2048 M04"
css-staging.d2d.gsa.gov,No,Yes,3,1,2026-02-27T00:00:00,2027-02-19T23:59:59,24821787231;28583614037;24685913572,"C=US, O=Amazon, CN=Amazon RSA 2048 M04"
css.d2d.gsa.gov,No,Yes,3,1,2026-02-27T00:00:00,2027-02-19T23:59:59,24821787231;28583614037;24685913572,"C=US, O=Amazon, CN=Amazon RSA 2048 M04"
cybersafety.gsa.gov,Yes,Yes,1,1,2026-05-19T00:00:00,2026-12-02T23:59:59,26472248424,"C=US, O=Amazon, CN=Amazon RSA 2048 M01"
d1easi.pbs.gsa.gov,Yes,Yes,1,1,2026-04-27T00:00:00,2026-11-11T23:59:59,25843778559,"C=US, O=DigiCert Inc, CN=DigiCert Global G2 TLS RSA SHA256 2020 CA1"
d2d.gsa.gov,Yes,Yes,3,1,2026-02-27T00:00:00,2027-02-19T23:59:59,24821787231;28583614037;24685913572,"C=US, O=Amazon, CN=Amazon RSA 2048 M04"
d2easi.pbs.gsa.gov,Yes,Yes,1,1,2026-04-09T00:00:00,2026-10-24T23:59:59,25454426736,"C=US, O=DigiCert Inc, CN=DigiCert Global G2 TLS RSA SHA256 2020 CA1"
dappcon3.pbs.gsa.gov,Yes,Yes,1,1,2026-01-24T00:00:00,2027-02-16T23:59:59,23953872042,"C=US, O=DigiCert Inc, CN=DigiCert Global G2 TLS RSA SHA256 2020 CA1"
data.bsp.gsa.gov,Yes,Yes,1,1,2026-06-29T00:00:00,2027-01-12T23:59:59,27561570402,"C=US, O=Amazon, CN=Amazon RSA 2048 M01"
data.fleet-dev.fcs.gsa.gov,Yes,Yes,1,1,2026-01-15T00:00:00,2027-02-12T23:59:59,23774239953,"C=US, O=Amazon, CN=Amazon RSA 2048 M01"
data.fleet-mgmt.fcs.gsa.gov,Yes,Yes,2,1,2026-03-09T00:00:00,2027-02-07T23:59:59,24869143366;28230897396,"C=US, O=Amazon, CN=Amazon RSA 2048 M04"
data.fleet-prod.fcs.gsa.gov,Yes,Yes,1,1,2026-01-19T00:00:00,2027-02-16T23:59:59,23851644693,"C=US, O=Amazon, CN=Amazon RSA 2048 M04"
data.fleet-stg.fcs.gsa.gov,Yes,Yes,1,1,2026-06-28T00:00:00,2027-01-11T23:59:59,27537184876,"C=US, O=Amazon, CN=Amazon RSA 2048 M04"
data.fleet-test.fcs.gsa.gov,Yes,Yes,1,1,2026-07-12T00:00:00,2027-01-25T23:59:59,27866783906,"C=US, O=Amazon, CN=Amazon RSA 2048 M04"
demo.smartpay.gsa.gov,Yes,Yes,2,1,2026-08-09T14:21:19,2026-11-07T14:21:18,28679008392;28679001165,"C=US, O=Let's Encrypt, CN=YR1"
dev-acqit.helix.gsa.gov,Yes,Yes,1,1,2026-06-30T00:00:00,2027-01-13T23:59:59,27585273631,"C=US, O=Amazon, CN=Amazon RSA 2048 M01"
dev-boxi.ocfo.gsa.gov,No,Yes,1,1,2025-09-03T00:00:00,2026-09-23T23:59:59,20768881650,"C=US, O=DigiCert Inc, CN=DigiCert Global G2 TLS RSA SHA256 2020 CA1"
dev-esb.ocfo.gsa.gov,No,Yes,1,1,2026-07-14T00:00:00,2027-01-28T23:59:59,27929783726,"C=US, O=DigiCert Inc, CN=DigiCert Global G2 TLS RSA SHA256 2020 CA1"
dev-muleapi.gsa.gov,No,Yes,1,1,2025-09-30T00:00:00,2026-10-31T23:59:59,21374148498,"C=US, O=DigiCert Inc, CN=DigiCert Global G2 TLS RSA SHA256 2020 CA1"
dev-ppm.fcs.gsa.gov,Yes,Yes,1,1,2025-12-30T00:00:00,2027-01-27T23:59:59,23447916166,"C=US, O=Amazon, CN=Amazon RSA 2048 M04"
dev-static.etsnext.fas.gsa.gov,Yes,Yes,1,1,2026-04-20T00:00:00,2026-11-03T23:59:59,25609548780,"C=US, O=Amazon, CN=Amazon RSA 2048 M01"
dev.acme5.mcaas.fcs.gsa.gov,Yes,Yes,1,1,2026-09-01T00:00:00,2027-03-17T23:59:59,29206590419,"C=US, O=Amazon, CN=Amazon RSA 2048 M01"
dev.acqchat.mcaas.fcs.gsa.gov,Yes,Yes,1,1,2026-07-07T00:00:00,2027-01-20T23:59:59,27747716652,"C=US, O=Amazon, CN=Amazon RSA 2048 M01"
dev.acr.mcaas.fcs.gsa.gov,Yes,Yes,1,1,2026-01-15T00:00:00,2027-02-13T23:59:59,23789513988,"C=US, O=Amazon, CN=Amazon RSA 2048 M04"
dev.afm.mcaas.fcs.gsa.gov,Yes,Yes,1,1,2026-06-14T00:00:00,2026-12-28T23:59:59,27169428163,"C=US, O=Amazon, CN=Amazon RSA 2048 M04"
dev.aigov.mcaas.fcs.gsa.gov,Yes,Yes,1,1,2026-04-08T00:00:00,2026-10-22T23:59:59,25437553923,"C=US, O=Amazon, CN=Amazon RSA 2048 M01"
dev.apiss.mcaas.fcs.gsa.gov,Yes,Yes,1,1,2026-07-26T00:00:00,2027-02-08T23:59:59,28253579012,"C=US, O=Amazon, CN=Amazon RSA 2048 M04"
dev.asds.mcaas.fcs.gsa.gov,Yes,Yes,1,1,2025-12-10T00:00:00,2027-01-08T23:59:59,23040966974,"C=US, O=Amazon, CN=Amazon RSA 2048 M01"
dev.assist-redux.mcaas.fcs.gsa.gov,Yes,Yes,1,1,2026-06-23T00:00:00,2027-01-06T23:59:59,27433658163,"C=US, O=Amazon, CN=Amazon RSA 2048 M01"
dev.assist.mcaas.fcs.gsa.gov,Yes,Yes,1,1,2026-06-08T00:00:00,2026-12-22T23:59:59,26985418413,"C=US, O=Amazon, CN=Amazon RSA 2048 M01"
dev.bsp-dev.bsp.gsa.gov,Yes,Yes,2,1,2026-03-24T00:00:00,2027-03-09T23:59:59,28976704834;25185525318,"C=US, O=Amazon, CN=Amazon RSA 2048 M04"
dev.cc.mcaas.fcs.gsa.gov,Yes,Yes,2,1,2026-04-01T00:00:00,2027-03-17T23:59:59,29205523544;25305204631,"C=US, O=Amazon, CN=Amazon RSA 2048 M01"
dev.cmccp.mcaas.fcs.gsa.gov,Yes,Yes,1,1,2025-12-10T00:00:00,2027-01-08T23:59:59,23040966868,"C=US, O=Amazon, CN=Amazon RSA 2048 M01"
dev.core.mcaas.fcs.gsa.gov,Yes,Yes,1,1,2026-04-06T00:00:00,2026-10-20T23:59:59,25379856528,"C=US, O=Amazon, CN=Amazon RSA 2048 M01"
dev.d2d.mcaas.fcs.gsa.gov,Yes,Yes,1,1,2026-07-26T00:00:00,2027-02-08T23:59:59,28258418159,"C=US, O=Amazon, CN=Amazon RSA 2048 M04"
dev.data.mcaas.fcs.gsa.gov,Yes,Yes,2,1,2026-04-01T00:00:00,2027-03-17T23:59:59,29204591109;25304255797,"C=US, O=Amazon, CN=Amazon RSA 2048 M01"
dev.doc.mcaas.fcs.gsa.gov,Yes,Yes,1,1,2025-09-26T00:00:00,2026-10-25T23:59:59,21296791118,"C=US, O=Amazon, CN=Amazon RSA 2048 M04"
dev.dxcore.dx.mcaas.fcs.gsa.gov,Yes,Yes,2,2,2025-09-24T00:00:00,2027-03-10T23:59:59,21251794120;29015412295,"C=US, O=Amazon, CN=Amazon RSA 2048 M01;C=US, O=Amazon, CN=Amazon RSA 2048 M04"
dev.ecom.mcaas.fcs.gsa.gov,Yes,Yes,1,1,2026-05-12T00:00:00,2026-11-25T23:59:59,26272036387,"C=US, O=Amazon, CN=Amazon RSA 2048 M01"
dev.erpa.mcaas.fcs.gsa.gov,Yes,Yes,2,1,2025-09-08T00:00:00,2026-12-01T23:59:59,26426919762;20879885136,"C=US, O=Amazon, CN=Amazon RSA 2048 M04"
dev.eruleai.vpcaas.fcs.gsa.gov,Yes,Yes,1,1,2026-06-21T00:00:00,2027-01-04T23:59:59,27361080782,"C=US, O=Amazon, CN=Amazon RSA 2048 M01"
dev.folio.mcaas.fcs.gsa.gov,Yes,Yes,1,1,2026-05-10T00:00:00,2026-11-23T23:59:59,26219656339,"C=US, O=Amazon, CN=Amazon RSA 2048 M04"
dev.gsai.mcaas.fcs.gsa.gov,Yes,Yes,1,1,2026-06-23T00:00:00,2027-01-06T23:59:59,27411962323,"C=US, O=Amazon, CN=Amazon RSA 2048 M01"
dev.gsaipw2.mcaas.fcs.gsa.gov,Yes,Yes,1,1,2026-05-06T00:00:00,2026-11-19T23:59:59,26105565238,"C=US, O=Amazon, CN=Amazon RSA 2048 M01"
dev.iae.mcaas.fcs.gsa.gov,Yes,Yes,1,1,2025-12-10T00:00:00,2027-01-08T23:59:59,23040966172,"C=US, O=Amazon, CN=Amazon RSA 2048 M04"
dev.infer.vpcaas.fcs.gsa.gov,No,Yes,1,1,2026-01-01T00:00:00,2027-01-30T23:59:59,23487119047,"C=US, O=Amazon, CN=Amazon RSA 2048 M04"
dev.itdb.mcaas.fcs.gsa.gov,Yes,Yes,1,1,2026-07-26T00:00:00,2027-02-08T23:59:59,28259436284,"C=US, O=Amazon, CN=Amazon RSA 2048 M04"
dev.itpa.mcaas.fcs.gsa.gov,Yes,Yes,1,1,2026-08-28T00:00:00,2027-03-13T23:59:59,29117555058,"C=US, O=Amazon, CN=Amazon RSA 2048 M01"
dev.myfcs.itplaybook.gsa.gov,Yes,Yes,3,1,2025-09-30T00:00:00,2027-03-16T23:59:59,29191785210;21366362396;21364800869,"C=US, O=Amazon, CN=Amazon RSA 2048 M01"
dev.nemaexwo.gsa.gov,No,Yes,1,1,2026-06-24T00:00:00,2027-01-08T23:59:59,27450468826,"C=US, O=DigiCert Inc, CN=DigiCert Global G2 TLS RSA SHA256 2020 CA1"
dev.oasis.gsa.gov,Yes,Yes,1,1,2025-11-18T00:00:00,2026-12-02T23:59:59,22569682871,"C=US, O=DigiCert Inc, CN=DigiCert Global G2 TLS RSA SHA256 2020 CA1"
dev.oasiscustomers.gsa.gov,Yes,Yes,1,1,2026-02-02T00:00:00,2027-03-03T23:59:59,24143664531,"C=US, O=DigiCert Inc, CN=DigiCert Global G2 TLS RSA SHA256 2020 CA1"
dev.oasisoslc.gsa.gov,Yes,Yes,1,1,2025-12-15T00:00:00,2027-01-15T23:59:59,23138427540,"C=US, O=DigiCert Inc, CN=DigiCert Global G2 TLS RSA SHA256 2020 CA1"
dev.ocas.mcaas.fcs.gsa.gov,Yes,Yes,1,1,2026-05-31T00:00:00,2026-12-14T23:59:59,26769392662,"C=US, O=Amazon, CN=Amazon RSA 2048 M01"
dev.ocfo-be.mcaas.fcs.gsa.gov,Yes,Yes,1,1,2026-08-18T00:00:00,2027-03-03T23:59:59,28824320796,"C=US, O=Amazon, CN=Amazon RSA 2048 M04"
dev.ocms.mcaas.fcs.gsa.gov,Yes,Yes,1,1,2026-07-26T00:00:00,2027-02-08T23:59:59,28254241555,"C=US, O=Amazon, CN=Amazon RSA 2048 M04"
dev.ofco.mcaas.fcs.gsa.gov,Yes,Yes,1,1,2026-08-12T00:00:00,2027-02-25T23:59:59,28772164183,"C=US, O=Amazon, CN=Amazon RSA 2048 M01"
dev.ogpvp.mcaas.fcs.gsa.gov,Yes,Yes,1,1,2025-12-10T00:00:00,2027-01-08T23:59:59,23040965685,"C=US, O=Amazon, CN=Amazon RSA 2048 M04"
dev.pipe.mcaas.fcs.gsa.gov,Yes,Yes,2,1,2026-04-01T00:00:00,2027-03-17T23:59:59,29204412455;25304211450,"C=US, O=Amazon, CN=Amazon RSA 2048 M04"
dev.servicedesk.gsa.gov,No,Yes,4,1,2026-02-13T00:00:00,2027-03-03T23:59:59,25026112324;24495168162;24382788348;25026092757,"C=US, O=DigiCert Inc, CN=DigiCert Global G2 TLS RSA SHA256 2020 CA1"
dev.shared.mcaas.fcs.gsa.gov,Yes,Yes,1,1,2026-08-29T00:00:00,2027-03-14T23:59:59,29146207018,"C=US, O=Amazon, CN=Amazon RSA 2048 M01"
dev.smartpay.mcaas.fcs.gsa.gov,Yes,Yes,1,1,2025-12-29T00:00:00,2027-01-27T23:59:59,23438375789,"C=US, O=Amazon, CN=Amazon RSA 2048 M04"
dev.srp.fas.gsa.gov,Yes,Yes,1,1,2026-07-28T00:00:00,2027-02-10T23:59:59,28330172654,"C=US, O=Amazon, CN=Amazon RSA 2048 M04"
dev.srp.mcaas.fcs.gsa.gov,Yes,Yes,1,1,2026-06-17T00:00:00,2026-12-31T23:59:59,27272277487,"C=US, O=Amazon, CN=Amazon RSA 2048 M01"
dev.stackrox.gsa.gov,Yes,Yes,1,1,2025-08-20T00:00:00,2026-09-18T23:59:59,20448294187,"C=US, O=Amazon, CN=Amazon RSA 2048 M03"
dev.tem.mcaas.fcs.gsa.gov,Yes,Yes,2,1,2026-04-01T00:00:00,2027-03-17T23:59:59,29204197423;25302312356,"C=US, O=Amazon, CN=Amazon RSA 2048 M04"
dev.tms.mcaas.fcs.gsa.gov,Yes,Yes,1,1,2026-08-26T00:00:00,2027-03-11T23:59:59,29060859689,"C=US, O=Amazon, CN=Amazon RSA 2048 M04"
dev.tsc.mcaas.fcs.gsa.gov,Yes,Yes,2,1,2025-09-24T00:00:00,2027-03-10T23:59:59,29016473492;21251794803,"C=US, O=Amazon, CN=Amazon RSA 2048 M04"
dev.tts.mcaas.fcs.gsa.gov,Yes,Yes,2,2,2025-11-20T00:00:00,2026-12-19T23:59:59,22620529944;22620529943,"C=US, O=Amazon, CN=Amazon RSA 2048 M04;C=US, O=Amazon, CN=Amazon RSA 2048 M01"
dev2.srp.fas.gsa.gov,Yes,Yes,1,1,2026-08-31T00:00:00,2027-03-16T23:59:59,29203506690,"C=US, O=Amazon, CN=Amazon RSA 2048 M01"
dev20.d2d.gsa.gov,No,Yes,1,1,2026-06-17T00:00:00,2026-12-31T23:59:59,27249472169,"C=US, O=Amazon, CN=Amazon RSA 2048 M04"
dev3.srp.fas.gsa.gov,No,Yes,1,1,2026-08-31T00:00:00,2027-03-16T23:59:59,29203506690,"C=US, O=Amazon, CN=Amazon RSA 2048 M01"
devadv-mfalogin.fas.gsa.gov,Yes,Yes,3,1,2026-03-19T00:00:00,2027-03-04T23:59:59,28885256270;25089536451;28822629579,"C=US, O=DigiCert Inc, CN=DigiCert Global G2 TLS RSA SHA256 2020 CA1"
devicepki.idmanagement.gov,Yes,No,1,1,2025-09-10T00:00:00,2026-10-08T23:59:59,20921519265,"C=US, O=DigiCert Inc, CN=DigiCert Global G2 TLS RSA SHA256 2020 CA1"
dhsadvantage.gsa.gov,No,Yes,1,1,2025-10-07T00:00:00,2026-11-07T23:59:59,21548690032,"C=US, O=DigiCert Inc, CN=DigiCert Global G2 TLS RSA SHA256 2020 CA1"
digitalcorps.gsa.gov,Yes,Yes,2,1,2026-07-23T16:21:25,2026-10-21T16:21:24,28187474071;28187463425,"C=US, O=Let's Encrypt, CN=YR1"
direct-esb.ocfo.gsa.gov,No,Yes,1,1,2026-07-14T00:00:00,2027-01-28T23:59:59,27929783726,"C=US, O=DigiCert Inc, CN=DigiCert Global G2 TLS RSA SHA256 2020 CA1"
direct-test-esb.ocfo.gsa.gov,No,Yes,1,1,2026-07-14T00:00:00,2027-01-28T23:59:59,27929783726,"C=US, O=DigiCert Inc, CN=DigiCert Global G2 TLS RSA SHA256 2020 CA1"
disposal.gsa.gov,Yes,Yes,4,1,2025-11-06T00:00:00,2027-02-01T23:59:59,24142547680;22260370277;24142573268;24143557593,"C=US, O=DigiCert Inc, CN=DigiCert Global G2 TLS RSA SHA256 2020 CA1"
docker-registry.jfrog.dev-ppm.fcs.gsa.gov,No,Yes,1,1,2025-12-30T00:00:00,2027-01-27T23:59:59,23447916166,"C=US, O=Amazon, CN=Amazon RSA 2048 M04"
docker-registry.jfrog.mgmt-ppm.fcs.gsa.gov,No,Yes,1,1,2025-12-30T00:00:00,2027-01-27T23:59:59,23448710723,"C=US, O=Amazon, CN=Amazon RSA 2048 M04"
docker-registry.jfrog.test-ppm.fcs.gsa.gov,No,Yes,1,1,2026-01-07T00:00:00,2027-02-04T23:59:59,23599002546,"C=US, O=Amazon, CN=Amazon RSA 2048 M04"
docops.dev.myfcs.itplaybook.gsa.gov,Yes,Yes,2,1,2025-09-18T00:00:00,2027-03-04T23:59:59,28847043817;21115934264,"C=US, O=Amazon, CN=Amazon RSA 2048 M04"
docops.myfcs.itplaybook.gsa.gov,Yes,Yes,2,2,2025-09-18T00:00:00,2027-03-04T23:59:59,21115934265;28831359165,"C=US, O=Amazon, CN=Amazon RSA 2048 M04;C=US, O=Amazon, CN=Amazon RSA 2048 M01"
docs.fleet-dev.fcs.gsa.gov,Yes,Yes,1,1,2026-07-22T00:00:00,2027-02-04T23:59:59,28157357090,"C=US, O=Amazon, CN=Amazon RSA 2048 M04"
docs.fleet-stg.fcs.gsa.gov,Yes,Yes,1,1,2026-07-22T00:00:00,2027-02-04T23:59:59,28160827533,"C=US, O=Amazon, CN=Amazon RSA 2048 M04"
docs.fleet-test.fcs.gsa.gov,Yes,Yes,1,1,2026-07-22T00:00:00,2027-02-04T23:59:59,28158278541,"C=US, O=Amazon, CN=Amazon RSA 2048 M01"
docs.myfcs.itplaybook.gsa.gov,Yes,Yes,1,1,2026-04-08T00:00:00,2026-10-22T23:59:59,25437650295,"C=US, O=Amazon, CN=Amazon RSA 2048 M01"
dpa-service-prod.gsa.gov,Yes,Yes,1,1,2026-07-26T00:00:00,2027-02-08T23:59:59,28259976848,"C=US, O=Amazon, CN=Amazon RSA 2048 M04"
dpa.gsa.gov,Yes,Yes,1,1,2025-09-26T00:00:00,2026-10-25T23:59:59,21287872390,"C=US, O=Amazon, CN=Amazon RSA 2048 M04"
dr.pegasys-ccrc.gsa.gov,No,Yes,2,1,2026-03-17T00:00:00,2027-03-04T23:59:59,28842023108;25041882019,"C=US, O=DigiCert Inc, CN=DigiCert Global G2 TLS RSA SHA256 2020 CA1"
dr.pegasys-pub.gsa.gov,No,Yes,2,1,2026-03-17T00:00:00,2027-03-04T23:59:59,28842023108;25041882019,"C=US, O=DigiCert Inc, CN=DigiCert Global G2 TLS RSA SHA256 2020 CA1"
dr.pegasys-tivoli.gsa.gov,No,Yes,2,1,2026-03-17T00:00:00,2027-03-04T23:59:59,28842023108;25041882019,"C=US, O=DigiCert Inc, CN=DigiCert Global G2 TLS RSA SHA256 2020 CA1"
dr.pegasys-vcss.gsa.gov,No,Yes,2,1,2026-03-17T00:00:00,2027-03-04T23:59:59,28842023108;25041882019,"C=US, O=DigiCert Inc, CN=DigiCert Global G2 TLS RSA SHA256 2020 CA1"
e04bmm-alfua2.ent.ds.gsa.gov,Yes,Yes,1,1,2025-12-22T00:00:00,2026-12-21T23:59:59,23301458002,"C=US, O=DigiCert Inc, CN=DigiCert Global G2 TLS RSA SHA256 2020 CA1"
e04bmm-sgg10.ent.ds.gsa.gov,Yes,Yes,1,1,2026-04-10T00:00:00,2026-10-25T23:59:59,25471150616,"C=US, O=DigiCert Inc, CN=DigiCert Global G2 TLS RSA SHA256 2020 CA1"
e04bmm-sgg10.gsa.gov,No,Yes,1,1,2026-04-10T00:00:00,2026-10-25T23:59:59,25471150616,"C=US, O=DigiCert Inc, CN=DigiCert Global G2 TLS RSA SHA256 2020 CA1"
e04bmm-sgg11.gsa.gov,Yes,Yes,1,1,2026-04-03T00:00:00,2026-10-18T23:59:59,25372264408,"C=US, O=DigiCert Inc, CN=DigiCert Global G2 TLS RSA SHA256 2020 CA1"
e04bmm-sgg12.gsa.gov,Yes,Yes,1,1,2026-04-09T00:00:00,2026-10-24T23:59:59,25456331109,"C=US, O=DigiCert Inc, CN=DigiCert Global G2 TLS RSA SHA256 2020 CA1"
e04bmm-sgg13.gsa.gov,Yes,Yes,1,1,2026-04-10T00:00:00,2026-10-25T23:59:59,25468662103,"C=US, O=DigiCert Inc, CN=DigiCert Global G2 TLS RSA SHA256 2020 CA1"
e04bmm-sggtst04.ent.ds.gsa.gov,Yes,Yes,1,1,2026-04-09T00:00:00,2026-10-24T23:59:59,25470950479,"C=US, O=DigiCert Inc, CN=DigiCert Global G2 TLS RSA SHA256 2020 CA1"
e04bmm-sggtst04.gsa.gov,No,Yes,1,1,2026-04-09T00:00:00,2026-10-24T23:59:59,25470950479,"C=US, O=DigiCert Inc, CN=DigiCert Global G2 TLS RSA SHA256 2020 CA1"
e04tcm-ithelp1.gsa.gov,No,Yes,1,1,2026-08-13T00:00:00,2027-02-27T23:59:59,28788086766,"C=US, O=DigiCert Inc, CN=DigiCert Global G2 TLS RSA SHA256 2020 CA1"
e04tcm-ithelp2.gsa.gov,No,Yes,1,1,2026-08-13T00:00:00,2027-02-27T23:59:59,28788086766,"C=US, O=DigiCert Inc, CN=DigiCert Global G2 TLS RSA SHA256 2020 CA1"
e04tcm-zicap01.gsa.gov,Yes,Yes,1,1,2026-03-04T00:00:00,2026-09-18T23:59:59,24784770903,"C=US, O=DigiCert Inc, CN=DigiCert Global G2 TLS RSA SHA256 2020 CA1"
e06r6m-sgg06.ent.ds.gsa.gov,Yes,Yes,1,1,2025-10-21T00:00:00,2026-11-10T23:59:59,21892695684,"C=US, O=DigiCert Inc, CN=DigiCert Global G2 TLS RSA SHA256 2020 CA1"
e06r6m-sgg06.gsa.gov,No,Yes,1,1,2025-10-21T00:00:00,2026-11-10T23:59:59,21892695684,"C=US, O=DigiCert Inc, CN=DigiCert Global G2 TLS RSA SHA256 2020 CA1"
e06r6m-sgg07.ent.ds.gsa.gov,Yes,Yes,1,1,2025-10-21T00:00:00,2026-11-12T23:59:59,21892695551,"C=US, O=DigiCert Inc, CN=DigiCert Global G2 TLS RSA SHA256 2020 CA1"
e06r6m-sgg07.gsa.gov,No,Yes,1,1,2025-10-21T00:00:00,2026-11-12T23:59:59,21892695551,"C=US, O=DigiCert Inc, CN=DigiCert Global G2 TLS RSA SHA256 2020 CA1"
e06r6m-sgg08.ent.ds.gsa.gov,Yes,Yes,1,1,2025-10-21T00:00:00,2026-11-12T23:59:59,21892441536,"C=US, O=DigiCert Inc, CN=DigiCert Global G2 TLS RSA SHA256 2020 CA1"
e06r6m-sgg08.gsa.gov,No,Yes,1,1,2025-10-21T00:00:00,2026-11-12T23:59:59,21892441536,"C=US, O=DigiCert Inc, CN=DigiCert Global G2 TLS RSA SHA256 2020 CA1"
e06r6m-sgg09.ent.ds.gsa.gov,Yes,Yes,1,1,2025-10-21T00:00:00,2026-11-12T23:59:59,21892621677,"C=US, O=DigiCert Inc, CN=DigiCert Global G2 TLS RSA SHA256 2020 CA1"
e06r6m-sgg09.gsa.gov,No,Yes,1,1,2025-10-21T00:00:00,2026-11-12T23:59:59,21892621677,"C=US, O=DigiCert Inc, CN=DigiCert Global G2 TLS RSA SHA256 2020 CA1"
e06r6m-sggtst06.ent.ds.gsa.gov,Yes,Yes,1,1,2025-10-21T00:00:00,2026-11-12T23:59:59,21892503565,"C=US, O=DigiCert Inc, CN=DigiCert Global G2 TLS RSA SHA256 2020 CA1"
e06r6m-sggtst06.gsa.gov,No,Yes,1,1,2025-10-21T00:00:00,2026-11-12T23:59:59,21892503565,"C=US, O=DigiCert Inc, CN=DigiCert Global G2 TLS RSA SHA256 2020 CA1"
e07r7m-sgg12.gsa.gov,No,Yes,1,1,2026-04-09T00:00:00,2026-10-24T23:59:59,25456331109,"C=US, O=DigiCert Inc, CN=DigiCert Global G2 TLS RSA SHA256 2020 CA1"
e07r7m-sgg13.gsa.gov,No,Yes,1,1,2026-04-10T00:00:00,2026-10-25T23:59:59,25468662103,"C=US, O=DigiCert Inc, CN=DigiCert Global G2 TLS RSA SHA256 2020 CA1"
easi.pbs.gsa.gov,Yes,Yes,1,1,2026-04-15T00:00:00,2026-10-30T23:59:59,25552939758,"C=US, O=DigiCert Inc, CN=DigiCert Global G2 TLS RSA SHA256 2020 CA1"
easiq.pbs.gsa.gov,Yes,Yes,1,1,2026-04-09T00:00:00,2026-10-24T23:59:59,25454454579,"C=US, O=DigiCert Inc, CN=DigiCert Global G2 TLS RSA SHA256 2020 CA1"
easit.pbs.gsa.gov,Yes,Yes,1,1,2026-04-09T00:00:00,2026-10-24T23:59:59,25454456401,"C=US, O=DigiCert Inc, CN=DigiCert Global G2 TLS RSA SHA256 2020 CA1"
easiu.pbs.gsa.gov,Yes,Yes,1,1,2026-04-09T00:00:00,2026-10-24T23:59:59,25454473289,"C=US, O=DigiCert Inc, CN=DigiCert Global G2 TLS RSA SHA256 2020 CA1"
ebuy-test.fas.gsa.gov,Yes,Yes,3,1,2025-09-05T00:00:00,2027-03-04T23:59:59,28822905636;28885346330;20807833293,"C=US, O=DigiCert Inc, CN=DigiCert Global G2 TLS RSA SHA256 2020 CA1"
ebuy.gsa.gov,No,Yes,1,1,2025-10-07T00:00:00,2026-10-30T23:59:59,21548715859,"C=US, O=DigiCert Inc, CN=DigiCert Global G2 TLS RSA SHA256 2020 CA1"
ebuyconnect-test.fas.gsa.gov,Yes,Yes,3,1,2025-09-05T00:00:00,2027-03-04T23:59:59,28885318591;28837320949;20807866174,"C=US, O=DigiCert Inc, CN=DigiCert Global G2 TLS RSA SHA256 2020 CA1"
ebuyconnect.fas.gsa.gov,Yes,Yes,1,1,2025-10-07T00:00:00,2026-11-07T23:59:59,21548689885,"C=US, O=DigiCert Inc, CN=DigiCert Global G2 TLS RSA SHA256 2020 CA1"
ecms.fas.gsa.gov,Yes,Yes,1,1,2026-07-09T00:00:00,2027-01-23T23:59:59,27810587015,"C=US, O=DigiCert Inc, CN=DigiCert Global G2 TLS RSA SHA256 2020 CA1"
ecpic.gov,Yes,No,3,1,2026-02-18T00:00:00,2027-02-17T23:59:59,25026112324;24495168162;25026092757,"C=US, O=DigiCert Inc, CN=DigiCert Global G2 TLS RSA SHA256 2020 CA1"
ectran.fas.gsa.gov,Yes,Yes,1,1,2026-02-10T00:00:00,2027-02-09T23:59:59,24315479058,"C=US, O=DigiCert Inc, CN=DigiCert Global G2 TLS RSA SHA256 2020 CA1"
editor.acquisition-uat.gsa.gov,Yes,Yes,2,1,2026-03-05T00:00:00,2026-09-19T23:59:59,25312686419;24804664265,"C=US, O=DigiCert Inc, CN=DigiCert Global G2 TLS RSA SHA256 2020 CA1"
edms.gsa.gov,Yes,Yes,1,1,2026-04-10T00:00:00,2026-10-25T23:59:59,25468520338,"C=US, O=DigiCert Inc, CN=DigiCert Global G2 TLS RSA SHA256 2020 CA1"
eis-agency-pricer-cert.eos.gsa.gov,Yes,Yes,2,1,2026-08-09T04:06:08,2026-11-07T04:06:07,28667399462;28667400057,"C=US, O=Let's Encrypt, CN=YR1"
eis-agency-pricer.eos.gsa.gov,Yes,Yes,2,1,2026-06-27T04:06:25,2026-09-25T04:06:24,27515965150;27515963608,"C=US, O=Let's Encrypt, CN=YR1"
eis-agency-pricer.test.nhc.vpcaas.fcs.gsa.gov,Yes,Yes,4,1,2026-06-18T04:04:51,2026-11-15T04:07:16,28895152442;27280983391;29027093880;27280983824,"C=US, O=Let's Encrypt, CN=YE1"
eis-public-pricer.eos.gsa.gov,Yes,Yes,4,2,2026-06-20T04:04:40,2026-11-17T04:07:09,28964492671;28971925902;27337197212;27337188296,"C=US, O=Let's Encrypt, CN=YR2;C=US, O=Let's Encrypt, CN=YR1"
eis-public-pricer.test.nhc.vpcaas.fcs.gsa.gov,Yes,Yes,2,1,2026-07-16T04:08:06,2026-10-14T04:08:05,27973183978;27973185987,"C=US, O=Let's Encrypt, CN=YE1"
elibrary-test.fas.gsa.gov,Yes,Yes,2,1,2025-09-05T00:00:00,2027-03-04T23:59:59,28803119365;20807910608,"C=US, O=DigiCert Inc, CN=DigiCert Global G2 TLS RSA SHA256 2020 CA1"
email.gsa.gov,No,Yes,2,1,2025-11-07T00:00:00,2026-11-21T23:59:59,22282746069;22569161881,"C=US, O=DigiCert Inc, CN=DigiCert Global G2 TLS RSA SHA256 2020 CA1"
emorris.fasbilling.gsa.gov,Yes,Yes,1,1,2026-02-19T00:00:00,2027-03-19T23:59:59,24520083600,"C=US, O=DigiCert Inc, CN=DigiCert Global G2 TLS RSA SHA256 2020 CA1"
emorriscert.fasbilling.gsa.gov,Yes,Yes,1,1,2026-03-03T00:00:00,2026-09-17T23:59:59,24766507819,"C=US, O=DigiCert Inc, CN=DigiCert Global G2 TLS RSA SHA256 2020 CA1"
enroll.usaccess.gsa.gov,Yes,Yes,2,1,2025-11-03T00:00:00,2026-12-04T23:59:59,22186063907;22186095948,"C=CA, O=Entrust Limited, CN=Entrust DV TLS Issuing RSA CA 2"
entity-management-api-dev.fss19-dev.fcs.gsa.gov,Yes,Yes,1,1,2026-04-29T00:00:00,2026-11-12T23:59:59,25899376700,"C=US, O=Amazon, CN=Amazon RSA 2048 M04"
entity-management-api-mgmt.fss19-mgmt.fcs.gsa.gov,Yes,Yes,1,1,2026-04-29T00:00:00,2026-11-12T23:59:59,25898703168,"C=US, O=Amazon, CN=Amazon RSA 2048 M04"
entity-management-api-prod.fss19-prod.fcs.gsa.gov,Yes,Yes,1,1,2026-06-25T00:00:00,2027-01-08T23:59:59,27464538134,"C=US, O=Amazon, CN=Amazon RSA 2048 M01"
eoffer-test.fas.gsa.gov,Yes,Yes,1,1,2026-03-25T00:00:00,2026-10-09T23:59:59,25213776425,"C=US, O=DigiCert Inc, CN=DigiCert Global G2 TLS RSA SHA256 2020 CA1"
eoffer.gsa.gov,Yes,Yes,1,1,2026-02-05T00:00:00,2027-02-04T23:59:59,24209565915,"C=US, O=DigiCert Inc, CN=DigiCert Global G2 TLS RSA SHA256 2020 CA1"
esb.ocfo.gsa.gov,Yes,Yes,1,1,2026-07-14T00:00:00,2027-01-28T23:59:59,27929783726,"C=US, O=DigiCert Inc, CN=DigiCert Global G2 TLS RSA SHA256 2020 CA1"
esbmgt.ocfo.gsa.gov,No,Yes,1,1,2026-07-14T00:00:00,2027-01-28T23:59:59,27929783726,"C=US, O=DigiCert Inc, CN=DigiCert Global G2 TLS RSA SHA256 2020 CA1"
etsnext.fas.gsa.gov,Yes,Yes,2,1,2025-09-17T00:00:00,2027-03-03T23:59:59,21087911534;28818354871,"C=US, O=Amazon, CN=Amazon RSA 2048 M01"
etsvendorsales.gsa.gov,Yes,Yes,1,1,2026-05-08T00:00:00,2026-11-21T23:59:59,26181657644,"C=US, O=Amazon, CN=Amazon RSA 2048 M04"
extportal.pbs.gsa.gov,Yes,Yes,2,1,2026-08-11T00:00:00,2027-02-25T23:59:59,28749228927;28750829479,"C=US, O=DigiCert Inc, CN=DigiCert Global G2 TLS RSA SHA256 2020 CA1"
faca.gov,Yes,No,2,1,2026-04-07T00:00:00,2026-10-22T23:59:59,25446040870;25510615076,"C=US, O=DigiCert Inc, CN=DigiCert Global G2 TLS RSA SHA256 2020 CA1"
fake.mcaas.fcs.gsa.gov,Yes,Yes,2,2,2026-03-09T00:00:00,2027-02-22T23:59:59,24879621518;28663562637,"C=US, O=Amazon, CN=Amazon RSA 2048 M01;C=US, O=Amazon, CN=Amazon RSA 2048 M04"
falcon.gsa.gov,Yes,Yes,1,1,2026-07-13T00:00:00,2027-01-26T23:59:59,27890848108,"C=US, O=Amazon, CN=Amazon RSA 2048 M01"
fas.connect.gsa.gov,No,Yes,4,1,2026-01-22T00:00:00,2027-02-08T23:59:59,24288188455;23918022805;24286960569;24286992741,"C=US, O=DigiCert Inc, CN=DigiCert Global G2 TLS RSA SHA256 2020 CA1"
fas.itplaybook.gsa.gov,Yes,Yes,2,1,2025-12-17T00:00:00,2027-01-28T23:59:59,23458779642;23185818796,"C=US, O=Amazon, CN=Amazon RSA 2048 M01"
fcm-api-dev.fss19-dev.fcs.gsa.gov,Yes,Yes,1,1,2026-01-01T00:00:00,2027-01-29T23:59:59,23486678742,"C=US, O=Amazon, CN=Amazon RSA 2048 M04"
fcm-api-mgmt.fss19-mgmt.fcs.gsa.gov,Yes,Yes,1,1,2026-01-14T00:00:00,2027-02-11T23:59:59,23752973601,"C=US, O=Amazon, CN=Amazon RSA 2048 M01"
fcm-api-prod.fss19-prod.fcs.gsa.gov,Yes,Yes,1,1,2026-06-25T00:00:00,2027-01-08T23:59:59,27464200697,"C=US, O=Amazon, CN=Amazon RSA 2048 M01"
fcp-dev.gsa.gov,Yes,Yes,1,1,2026-07-26T00:00:00,2027-02-08T23:59:59,28256646039,"C=US, O=Amazon, CN=Amazon RSA 2048 M04"
fcp-test.gsa.gov,Yes,Yes,1,1,2026-07-26T00:00:00,2027-02-08T23:59:59,28259875808,"C=US, O=Amazon, CN=Amazon RSA 2048 M04"
fcp-training.gsa.gov,Yes,Yes,1,1,2026-07-26T00:00:00,2027-02-08T23:59:59,28250369486,"C=US, O=Amazon, CN=Amazon RSA 2048 M01"
fdtc-api-dev.fss19-dev.fcs.gsa.gov,Yes,Yes,2,1,2026-02-27T00:00:00,2027-01-28T23:59:59,27944761816;24668174534,"C=US, O=Amazon, CN=Amazon RSA 2048 M04"
fdtc-api-mgmt.fss19-mgmt.fcs.gsa.gov,Yes,Yes,2,1,2026-02-27T00:00:00,2027-01-28T23:59:59,27946829548;24668133152,"C=US, O=Amazon, CN=Amazon RSA 2048 M04"
fdtc-api-prod.fss19-prod.fcs.gsa.gov,Yes,Yes,1,1,2026-05-04T00:00:00,2026-11-17T23:59:59,26050811882,"C=US, O=Amazon, CN=Amazon RSA 2048 M01"
fedpay.gsa.gov,Yes,Yes,1,1,2026-08-19T00:00:00,2027-03-05T23:59:59,28854533613,"C=US, O=DigiCert Inc, CN=DigiCert Global G2 TLS RSA SHA256 2020 CA1"
fedpay.gss.gsa.gov,No,Yes,1,1,2026-08-19T00:00:00,2027-03-05T23:59:59,28854533613,"C=US, O=DigiCert Inc, CN=DigiCert Global G2 TLS RSA SHA256 2020 CA1"
fedpayvendor.gsa.gov,Yes,Yes,2,1,2026-08-06T04:18:45,2026-11-04T04:18:44,28579494298;28579494709,"C=US, O=Let's Encrypt, CN=YE1"
fedspecs.gsa.gov,Yes,Yes,2,1,2026-01-29T00:00:00,2027-01-28T23:59:59,24067819419;24066487534,"C=US, O=DigiCert Inc, CN=DigiCert Global G2 TLS RSA SHA256 2020 CA1"
feedback.gsa.gov,Yes,Yes,2,1,2026-08-12T15:21:31,2026-11-10T15:21:30,28781091899;28791247010,"C=US, O=Let's Encrypt, CN=YR2"
fes-wsgsastg.usaccess.gsa.gov,Yes,Yes,2,1,2025-09-09T00:00:00,2026-10-10T23:59:59,20904616007;20904617179,"C=CA, O=Entrust Limited, CN=Entrust DV TLS Issuing RSA CA 2"
file-exchange.gsa.gov,Yes,Yes,1,1,2026-01-23T00:00:00,2027-02-21T23:59:59,23942583060,"C=US, O=Amazon, CN=Amazon RSA 2048 M01"
finance.gsa.gov,Yes,Yes,2,1,2026-07-22T14:12:40,2026-10-20T14:12:39,28155849262;28155853926,"C=US, O=Let's Encrypt, CN=YR2"
finance.ocfo.gsa.gov,No,Yes,2,1,2026-07-22T14:12:40,2026-10-20T14:12:39,28155849262;28155853926,"C=US, O=Let's Encrypt, CN=YR2"
firstgov.gov,Yes,No,2,1,2026-07-20T12:57:54,2026-10-18T12:57:53,28094568666;28094568911,"C=US, O=Let's Encrypt, CN=YR1"
fleet-dev.fcs.gsa.gov,Yes,Yes,1,1,2025-11-05T00:00:00,2026-12-04T23:59:59,22214445231,"C=US, O=Amazon, CN=Amazon RSA 2048 M04"
fleet-mgmt.fcs.gsa.gov,No,Yes,1,1,2025-12-22T00:00:00,2027-01-20T23:59:59,23285465895,"C=US, O=Amazon, CN=Amazon RSA 2048 M01"
fleet.fleet-dev.fcs.gsa.gov,Yes,Yes,1,1,2026-07-22T00:00:00,2027-02-04T23:59:59,28139300517,"C=US, O=Amazon, CN=Amazon RSA 2048 M01"
fleet.fleet-test.fcs.gsa.gov,Yes,Yes,1,1,2026-07-22T00:00:00,2027-02-04T23:59:59,28139565374,"C=US, O=Amazon, CN=Amazon RSA 2048 M04"
fleetd.fcs.gsa.gov,Yes,Yes,1,1,2026-01-22T00:00:00,2027-02-20T23:59:59,23908856608,"C=US, O=Amazon, CN=Amazon RSA 2048 M01"
forced-renewal-test.bsp-dev.bsp.gsa.gov,Yes,Yes,12,3,2025-08-20T00:00:00,2027-02-13T23:59:59,28384705016;20462379865;28385601504;28217674828;20462004270;28363696045;28418192981;28310339148;21891815388;28412525992;20461543389;28381300575,"C=US, O=Amazon, CN=Amazon RSA 2048 M01;C=US, O=Amazon, CN=Amazon RSA 2048 M03;C=US, O=Amazon, CN=Amazon RSA 2048 M04"
freedom.helix.gsa.gov,Yes,Yes,1,1,2026-06-14T00:00:00,2026-12-28T23:59:59,27168605175,"C=US, O=Amazon, CN=Amazon RSA 2048 M04"
frpp.d2d.gsa.gov,No,Yes,3,1,2026-02-27T00:00:00,2027-02-19T23:59:59,24821787231;28583614037;24685913572,"C=US, O=Amazon, CN=Amazon RSA 2048 M04"
frppmap.gsa.gov,Yes,Yes,1,1,2026-08-12T00:00:00,2027-02-26T23:59:59,28775390388,"C=US, O=DigiCert Inc, CN=DigiCert Global G2 TLS RSA SHA256 2020 CA1"
fsd.gov,Yes,No,2,1,2025-12-08T00:00:00,2026-12-08T23:59:59,23043471452;22982326088,"C=US, O=DigiCert Inc, CN=DigiCert Global G2 TLS RSA SHA256 2020 CA1"
fss-ui-dev.fss19-dev.fcs.gsa.gov,Yes,Yes,1,1,2025-11-28T00:00:00,2026-12-27T23:59:59,22775417596,"C=US, O=Amazon, CN=Amazon RSA 2048 M04"
fss-ui-mgmt.fss19-mgmt.fcs.gsa.gov,Yes,Yes,1,1,2026-01-23T00:00:00,2027-02-20T23:59:59,23927941934,"C=US, O=Amazon, CN=Amazon RSA 2048 M01"
ftp.gsa.gov,Yes,Yes,1,1,2026-01-21T00:00:00,2027-02-21T23:59:59,23901586818,"C=US, O=DigiCert Inc, CN=DigiCert Global G2 TLS RSA SHA256 2020 CA1"
ftr.integration.orders.fas.gsa.gov,No,Yes,2,1,2026-08-12T19:07:56,2026-11-10T19:07:55,28787250447;28794635644,"C=US, O=Let's Encrypt, CN=YR1"
ftsbilling.ftsbilling.gsa.gov,Yes,Yes,2,1,2026-04-10T00:00:00,2026-10-25T23:59:59,25471880270;25631611852,"C=US, O=DigiCert Inc, CN=DigiCert Global G2 TLS RSA SHA256 2020 CA1"
gateway-am.dev.apiss.mcaas.fcs.gsa.gov,Yes,Yes,1,1,2026-06-23T00:00:00,2027-01-06T23:59:59,27430522112,"C=US, O=Amazon, CN=Amazon RSA 2048 M01"
gis.gsa.gov,Yes,Yes,1,1,2026-04-06T00:00:00,2026-10-21T23:59:59,25418621833,"C=US, O=DigiCert Inc, CN=DigiCert Global G2 TLS RSA SHA256 2020 CA1"
globalsupply.gsa.gov,No,Yes,2,1,2026-07-07T00:00:00,2027-01-21T23:59:59,27758033391;27758035172,"C=US, O=DigiCert Inc, CN=DigiCert Global G2 TLS RSA SHA256 2020 CA1"
gncs.gsa.gov,No,Yes,1,1,2025-11-25T00:00:00,2026-12-03T23:59:59,22725388547,"C=US, O=DigiCert Inc, CN=DigiCert Global G2 TLS RSA SHA256 2020 CA1"
grafana-loki-server.dev-ppm.fcs.gsa.gov,Yes,Yes,2,1,2026-08-04T13:47:35,2026-11-02T13:47:34,28528499327;28528503826,"C=US, O=Let's Encrypt, CN=YR2"
grafana-loki-server.mgmt-ppm.fcs.gsa.gov,Yes,Yes,2,1,2026-08-04T23:09:08,2026-11-02T23:09:07,28540677373;28540666634,"C=US, O=Let's Encrypt, CN=YR1"
grafana-loki-server.test-ppm.fcs.gsa.gov,Yes,Yes,2,1,2026-07-14T17:39:08,2026-10-12T17:39:07,27933381546;27933377413,"C=US, O=Let's Encrypt, CN=YR1"
grafana.mgmt-ppm.fcs.gsa.gov,Yes,Yes,4,2,2026-08-04T23:09:14,2026-11-03T00:09:15,28542137071;28542133566;28540673452;28540670145,"C=US, O=Let's Encrypt, CN=YR2;C=US, O=Let's Encrypt, CN=YR1"
grex-dynamic.pbs.gsa.gov,Yes,Yes,1,1,2026-04-20T00:00:00,2026-11-04T23:59:59,25610196354,"C=US, O=DigiCert Inc, CN=DigiCert Global G2 TLS RSA SHA256 2020 CA1"
grex-signature.pbs.gsa.gov,Yes,Yes,1,1,2026-06-26T00:00:00,2027-01-10T23:59:59,27504193692,"C=US, O=DigiCert Inc, CN=DigiCert Global G2 TLS RSA SHA256 2020 CA1"
grex-static.pbs.gsa.gov,Yes,Yes,1,1,2026-04-20T00:00:00,2026-11-04T23:59:59,25610166135,"C=US, O=DigiCert Inc, CN=DigiCert Global G2 TLS RSA SHA256 2020 CA1"
grex.pbs.gsa.gov,Yes,Yes,1,1,2026-04-06T00:00:00,2026-10-21T23:59:59,25420657431,"C=US, O=DigiCert Inc, CN=DigiCert Global G2 TLS RSA SHA256 2020 CA1"
gsa-ea-f5003.fas.gsa.gov,Yes,Yes,1,1,2026-05-06T00:00:00,2026-11-20T23:59:59,26119093765,"C=US, O=DigiCert Inc, CN=DigiCert Global G2 TLS RSA SHA256 2020 CA1"
gsa-ea-f5004.fas.gsa.gov,Yes,Yes,1,1,2026-05-06T00:00:00,2026-11-20T23:59:59,26118961632,"C=US, O=DigiCert Inc, CN=DigiCert Global G2 TLS RSA SHA256 2020 CA1"
gsa-ea-f5203.fas.gsa.gov,Yes,Yes,1,1,2026-03-23T00:00:00,2026-10-07T23:59:59,25172079057,"C=US, O=DigiCert Inc, CN=DigiCert Global G2 TLS RSA SHA256 2020 CA1"
gsa-ea-f5204.fas.gsa.gov,Yes,Yes,1,1,2026-03-23T00:00:00,2026-10-07T23:59:59,25171327251,"C=US, O=DigiCert Inc, CN=DigiCert Global G2 TLS RSA SHA256 2020 CA1"
gsa-st-f5103.fas.gsa.gov,Yes,Yes,1,1,2026-03-25T00:00:00,2026-10-09T23:59:59,25213728886,"C=US, O=DigiCert Inc, CN=DigiCert Global G2 TLS RSA SHA256 2020 CA1"
gsa.gov,No,Yes,6,2,2025-11-07T00:00:00,2026-11-21T23:59:59,28094568911;22569161881;22538344979;28094568666;22347150229;22282746069,"C=US, O=DigiCert Inc, CN=DigiCert Global G2 TLS RSA SHA256 2020 CA1;C=US, O=Let's Encrypt, CN=YR1"
gsaadvantage-cors.fas.gsa.gov,Yes,Yes,3,1,2025-09-05T00:00:00,2027-03-04T23:59:59,20808788119;28840797046;28885295871,"C=US, O=DigiCert Inc, CN=DigiCert Global G2 TLS RSA SHA256 2020 CA1"
gsaadvantage-test.fas.gsa.gov,Yes,Yes,3,1,2025-08-11T00:00:00,2027-03-03T23:59:59,20267928513;28928875593;28830942403,"C=US, O=DigiCert Inc, CN=DigiCert Global G2 TLS RSA SHA256 2020 CA1"
gsaadvantage-test2.fas.gsa.gov,Yes,Yes,2,1,2026-06-11T00:00:00,2026-12-26T23:59:59,27245765821;27098642968,"C=US, O=DigiCert Inc, CN=DigiCert Global G2 TLS RSA SHA256 2020 CA1"
gsaadvantage-test3.fas.gsa.gov,Yes,Yes,1,1,2025-11-25T00:00:00,2026-12-26T23:59:59,22729811161,"C=US, O=DigiCert Inc, CN=DigiCert Global G2 TLS RSA SHA256 2020 CA1"
gsaadvantage.gsa.gov,No,Yes,1,1,2026-07-07T00:00:00,2027-01-21T23:59:59,27760916087,"C=US, O=DigiCert Inc, CN=DigiCert Global G2 TLS RSA SHA256 2020 CA1"
gsab0.fas.gsa.gov,Yes,Yes,1,1,2025-08-19T00:00:00,2026-09-19T23:59:59,20432454995,"C=US, O=DigiCert Inc, CN=DigiCert Global G2 TLS RSA SHA256 2020 CA1"
gsab0.fss.gsa.gov,No,Yes,1,1,2025-08-19T00:00:00,2026-09-19T23:59:59,20432454995,"C=US, O=DigiCert Inc, CN=DigiCert Global G2 TLS RSA SHA256 2020 CA1"
gsac0.fas.gsa.gov,Yes,Yes,1,1,2026-03-17T00:00:00,2026-10-01T23:59:59,25041887975,"C=US, O=DigiCert Inc, CN=DigiCert Global G2 TLS RSA SHA256 2020 CA1"
gsadvantage.gsa.gov,No,Yes,1,1,2026-07-07T00:00:00,2027-01-21T23:59:59,27760916087,"C=US, O=DigiCert Inc, CN=DigiCert Global G2 TLS RSA SHA256 2020 CA1"
gsaelibrary.gsa.gov,No,Yes,1,1,2025-10-07T00:00:00,2026-11-07T23:59:59,21548592693,"C=US, O=DigiCert Inc, CN=DigiCert Global G2 TLS RSA SHA256 2020 CA1"
gsafcu.gsa.gov,No,Yes,2,1,2026-03-23T00:00:00,2026-10-07T23:59:59,25173718657;25173708721,"C=GB, O=Sectigo Limited, CN=Sectigo Public Server Authentication CA DV R36"
gsaglobalsupply.gsa.gov,No,Yes,2,1,2026-07-07T00:00:00,2027-01-21T23:59:59,27758033391;27758035172,"C=US, O=DigiCert Inc, CN=DigiCert Global G2 TLS RSA SHA256 2020 CA1"
gsatraining.servicedesk.gsa.gov,No,Yes,4,1,2026-02-13T00:00:00,2027-03-03T23:59:59,25026112324;24495168162;24382788348;25026092757,"C=US, O=DigiCert Inc, CN=DigiCert Global G2 TLS RSA SHA256 2020 CA1"
gsbca.gsa.gov,Yes,Yes,2,1,2026-05-13T00:00:00,2026-11-27T23:59:59,26313767821;26315580909,"C=US, O=DigiCert Inc, CN=DigiCert Global G2 TLS RSA SHA256 2020 CA1"
gsbca2.gsa.gov,Yes,Yes,2,1,2026-05-13T00:00:00,2026-11-27T23:59:59,26313780904;26315593211,"C=US, O=DigiCert Inc, CN=DigiCert Global G2 TLS RSA SHA256 2020 CA1"
gw.apie.gsa.gov,Yes,Yes,1,1,2026-06-04T00:00:00,2026-12-18T23:59:59,26891033570,"C=US, O=Amazon, CN=Amazon RSA 2048 M01"
gw.staging.apie.gsa.gov,Yes,Yes,1,1,2026-06-04T00:00:00,2026-12-18T23:59:59,26890575561,"C=US, O=Amazon, CN=Amazon RSA 2048 M04"
halcyon.gsa.gov,Yes,Yes,1,1,2026-07-15T00:00:00,2027-01-28T23:59:59,27960347143,"C=US, O=Amazon, CN=Amazon RSA 2048 M01"
hallways.cap.gsa.gov,Yes,Yes,1,1,2026-01-15T00:00:00,2027-02-13T23:59:59,23789623551,"C=US, O=Amazon, CN=Amazon RSA 2048 M01"
hbdr.gsa.gov,Yes,Yes,2,1,2026-04-02T00:00:00,2026-10-31T23:59:59,25331342064;25548586080,"C=US, O=DigiCert Inc, CN=DigiCert Global G2 TLS RSA SHA256 2020 CA1"
helix.gsa.gov,Yes,Yes,1,1,2026-07-26T00:00:00,2027-02-08T23:59:59,28259436065,"C=US, O=Amazon, CN=Amazon RSA 2048 M04"
hrlinks.gsa.gov,Yes,Yes,2,1,2025-09-24T00:00:00,2027-02-18T23:59:59,21247315394;24062704657,"C=US, O=DigiCert Inc, CN=DigiCert Global G2 TLS RSA SHA256 2020 CA1"
hrlinkspay.gsa.gov,Yes,Yes,1,1,2025-12-23T00:00:00,2027-01-23T23:59:59,23316283179,"C=US, O=DigiCert Inc, CN=DigiCert Global G2 TLS RSA SHA256 2020 CA1"
iad.gsa.gov,Yes,Yes,7,3,2026-07-01T23:15:11,2026-11-27T23:15:03,27629348433;27629362443;27629362509;29147004086;29147357296;27629346756;29147301795,"C=US, O=Let's Encrypt, CN=YE1;C=US, O=Let's Encrypt, CN=YR2;C=US, O=Let's Encrypt, CN=YE2"
identityequitystudy.gsa.gov,Yes,Yes,2,1,2026-07-02T19:31:01,2026-09-30T19:31:00,27650442904;27650445479,"C=US, O=Let's Encrypt, CN=YR1"
idiq.gsa.gov,Yes,Yes,2,1,2026-07-26T14:21:26,2026-10-24T14:21:25,28266870637;28266874744,"C=US, O=Let's Encrypt, CN=YR1"
iextportal.pbs.gsa.gov,Yes,Yes,1,1,2026-08-11T00:00:00,2027-02-25T23:59:59,28745384159,"C=US, O=DigiCert Inc, CN=DigiCert Global G2 TLS RSA SHA256 2020 CA1"
igrex-dynamic.pbs.gsa.gov,Yes,Yes,1,1,2026-04-20T00:00:00,2026-11-04T23:59:59,25610108135,"C=US, O=DigiCert Inc, CN=DigiCert Global G2 TLS RSA SHA256 2020 CA1"
igrex-static.pbs.gsa.gov,Yes,Yes,1,1,2026-04-20T00:00:00,2026-11-04T23:59:59,25610053941,"C=US, O=DigiCert Inc, CN=DigiCert Global G2 TLS RSA SHA256 2020 CA1"
igrex.pbs.gsa.gov,Yes,Yes,1,1,2026-04-06T00:00:00,2026-10-21T23:59:59,25420681283,"C=US, O=DigiCert Inc, CN=DigiCert Global G2 TLS RSA SHA256 2020 CA1"
image.gsa-solutions.gsa.gov,No,Yes,2,1,2025-11-26T00:00:00,2026-12-27T23:59:59,22740171645;23056841050,"C=US, O=DigiCert Inc, CN=DigiCert Global G2 TLS RSA SHA256 2020 CA1"
image.leasingoffice.gsa.gov,No,Yes,1,1,2026-07-25T00:00:00,2027-02-08T23:59:59,28225620949,"C=US, O=DigiCert Inc, CN=DigiCert Global G2 TLS RSA SHA256 2020 CA1"
insights.cerpa.gsa.gov,No,Yes,2,1,2026-01-27T00:00:00,2027-02-26T23:59:59,24037801796;24014975418,"C=US, O=Amazon, CN=Amazon RSA 2048 M01"
insights.non-prod.cerpa.gsa.gov,No,Yes,2,2,2025-12-08T00:00:00,2027-03-03T23:59:59,22988785583;24140066458,"C=US, O=Amazon, CN=Amazon RSA 2048 M04;C=US, O=Amazon, CN=Amazon RSA 2048 M01"
insights.orch.dev.erpa.mcaas.fcs.gsa.gov,No,Yes,3,2,2025-09-09T00:00:00,2027-02-23T23:59:59,28713484304;22420374042;20898702617,"C=US, O=Amazon, CN=Amazon RSA 2048 M02;C=US, O=Amazon, CN=Amazon RSA 2048 M01"
insights.orch.prod.erpa.mcaas.fcs.gsa.gov,No,Yes,2,2,2025-09-09T00:00:00,2027-02-23T23:59:59,28712928266;20898722444,"C=US, O=Amazon, CN=Amazon RSA 2048 M03;C=US, O=Amazon, CN=Amazon RSA 2048 M01"
integration.orders.fas.gsa.gov,No,Yes,2,1,2026-08-12T19:07:56,2026-11-10T19:07:55,28787250447;28794635644,"C=US, O=Let's Encrypt, CN=YR1"
interact.gsa.gov,Yes,Yes,1,1,2026-07-26T00:00:00,2027-02-08T23:59:59,28250821250,"C=US, O=Amazon, CN=Amazon RSA 2048 M04"
internal.dev.myfcs.itplaybook.gsa.gov,Yes,Yes,1,1,2025-09-18T00:00:00,2026-10-17T23:59:59,21115933666,"C=US, O=Amazon, CN=Amazon RSA 2048 M04"
internals.myfcs.itplaybook.gsa.gov,Yes,Yes,1,1,2025-09-18T00:00:00,2026-10-17T23:59:59,21115933775,"C=US, O=Amazon, CN=Amazon RSA 2048 M01"
internalsubmit.gsa.gov,Yes,Yes,2,1,2026-01-30T00:00:00,2027-02-01T23:59:59,24142051758;24085121883,"C=US, O=DigiCert Inc, CN=DigiCert Global G2 TLS RSA SHA256 2020 CA1"
inventory.dev.myfcs.itplaybook.gsa.gov,Yes,Yes,1,1,2026-04-20T00:00:00,2026-11-03T23:59:59,25603185532,"C=US, O=Amazon, CN=Amazon RSA 2048 M04"
ipa.fleet-mgmt.fcs.gsa.gov,Yes,Yes,1,1,2025-12-24T00:00:00,2027-01-22T23:59:59,23327734974,"C=US, O=Amazon, CN=Amazon RSA 2048 M04"
issuance.usaccess.gsa.gov,Yes,Yes,2,1,2025-11-03T00:00:00,2026-12-04T23:59:59,22183934781;22183909929,"C=CA, O=Entrust Limited, CN=Entrust DV TLS Issuing RSA CA 2"
it-playbook.staging.cc.mcaas.fcs.gsa.gov,Yes,Yes,1,1,2026-06-08T00:00:00,2026-12-22T23:59:59,26985524338,"C=US, O=Amazon, CN=Amazon RSA 2048 M04"
ithelp.gsa.gov,Yes,Yes,5,1,2026-08-03T00:00:00,2027-02-27T23:59:59,28788086766;28493593852;28787947245;28787540616;28775524658,"C=US, O=DigiCert Inc, CN=DigiCert Global G2 TLS RSA SHA256 2020 CA1"
itvmo.gsa.gov,Yes,Yes,2,1,2026-08-06T20:21:21,2026-11-04T20:21:20,28599920024;28599914281,"C=US, O=Let's Encrypt, CN=YR1"
jenkins.fleet-mgmt.fcs.gsa.gov,Yes,Yes,1,1,2026-04-30T00:00:00,2026-11-13T23:59:59,25930077817,"C=US, O=Amazon, CN=Amazon RSA 2048 M04"
jenkins.fss19-dev.fcs.gsa.gov,Yes,Yes,1,1,2025-11-20T00:00:00,2026-12-18T23:59:59,22606960130,"C=US, O=Amazon, CN=Amazon RSA 2048 M04"
jenkins.fss19-mgmt.fcs.gsa.gov,Yes,Yes,1,1,2025-12-11T00:00:00,2027-01-08T23:59:59,23046215755,"C=US, O=Amazon, CN=Amazon RSA 2048 M01"
jenkins.fss19-prod.fcs.gsa.gov,Yes,Yes,1,1,2026-06-25T00:00:00,2027-01-08T23:59:59,27465063247,"C=US, O=Amazon, CN=Amazon RSA 2048 M01"
jenkins.mgmt-ppm.fcs.gsa.gov,Yes,Yes,2,1,2026-08-04T23:09:09,2026-11-02T23:09:08,28540677613;28540704540,"C=US, O=Let's Encrypt, CN=YR2"
jira.etsnext.fas.gsa.gov,Yes,Yes,2,1,2025-12-31T00:00:00,2027-01-29T23:59:59,23465067355;23465975408,"C=US, O=Amazon, CN=Amazon RSA 2048 M01"
join.tts.gsa.gov,Yes,Yes,2,1,2026-07-05T19:20:40,2026-10-03T19:20:39,27715959034;27715957397,"C=US, O=Let's Encrypt, CN=YR2"
jss.gsa.gov,Yes,Yes,2,1,2026-05-19T00:00:00,2026-12-03T23:59:59,26464625548;26572641967,"C=US, O=DigiCert Inc, CN=DigiCert Global G2 TLS RSA SHA256 2020 CA1"
k8s-ingress-ppms-proxy-develop.dev-ppm.fcs.gsa.gov,Yes,Yes,2,1,2026-08-04T11:34:28,2026-11-02T11:34:27,28525500849;28525491866,"C=US, O=Let's Encrypt, CN=YR2"
k8s-ingress-ppms-proxy-perf-test.test-ppm.fcs.gsa.gov,Yes,Yes,2,1,2026-07-14T17:43:01,2026-10-12T17:43:00,27933465204;27933461572,"C=US, O=Let's Encrypt, CN=YR2"
k8s-ingress-ppms-proxy-test.dev-ppm.fcs.gsa.gov,Yes,Yes,4,1,2026-08-04T11:34:35,2026-11-02T12:34:37,28525502434;28526873678;28525492461;28526885511,"C=US, O=Let's Encrypt, CN=YR2"
k8s-ingress-ppms-proxy-uat.dev-ppm.fcs.gsa.gov,Yes,Yes,2,1,2026-08-04T11:34:41,2026-11-02T11:34:40,28525495157;28525495899,"C=US, O=Let's Encrypt, CN=YR1"
k8s-ingress-ppms-soap-proxy-develop.dev-ppm.fcs.gsa.gov,Yes,Yes,2,1,2026-08-04T11:34:26,2026-11-02T11:34:25,28525500811;28525486360,"C=US, O=Let's Encrypt, CN=YR1"
k8s-ingress-ppms-soap-proxy-perf-test.test-ppm.fcs.gsa.gov,Yes,Yes,2,1,2026-07-14T17:40:42,2026-10-12T17:40:41,27933403797;27933412208,"C=US, O=Let's Encrypt, CN=YR1"
k8s-ingress-ppms-soap-proxy-test.dev-ppm.fcs.gsa.gov,Yes,Yes,2,1,2026-08-04T11:34:35,2026-11-02T11:34:34,28525493441;28525502292,"C=US, O=Let's Encrypt, CN=YR1"
k8s-ingress-ppms-soap-proxy-uat.dev-ppm.fcs.gsa.gov,Yes,Yes,2,1,2026-08-04T11:36:10,2026-11-02T11:36:09,28525538617;28525546241,"C=US, O=Let's Encrypt, CN=YR1"
kb.fleet-dev.fcs.gsa.gov,Yes,Yes,1,1,2026-01-08T00:00:00,2027-02-06T23:59:59,23622794458,"C=US, O=Amazon, CN=Amazon RSA 2048 M01"
kb1.fleet-dev.fcs.gsa.gov,Yes,Yes,1,1,2026-01-08T00:00:00,2027-02-06T23:59:59,23622896877,"C=US, O=Amazon, CN=Amazon RSA 2048 M01"
keycloak.etsnext.fas.gsa.gov,Yes,Yes,3,1,2025-12-31T00:00:00,2027-03-17T23:59:59,23465067242;29215981856;23465973387,"C=US, O=Amazon, CN=Amazon RSA 2048 M04"
lacr-dev.gsa.gov,Yes,Yes,2,1,2025-11-19T00:00:00,2027-02-28T23:59:59,22592887099;28797912510,"C=US, O=DigiCert Inc, CN=DigiCert Global G2 TLS RSA SHA256 2020 CA1"
lacr.gsa.gov,Yes,Yes,4,2,2025-11-19T00:00:00,2027-02-28T23:59:59,28797967384;28666238973;27497651164;22592593010,"C=BE, O=GlobalSign nv-sa, CN=GlobalSign Atlas R46 DV TLS CA 2026 Q2;C=US, O=DigiCert Inc, CN=DigiCert Global G2 TLS RSA SHA256 2020 CA1"
lb-archer-prod.gsa.gov,Yes,Yes,1,1,2025-12-05T00:00:00,2027-01-02T23:59:59,22897865193,"C=US, O=Amazon, CN=Amazon RSA 2048 M04"
leasing.gsa.gov,Yes,Yes,1,1,2026-02-03T00:00:00,2027-02-02T23:59:59,24160254225,"C=US, O=DigiCert Inc, CN=DigiCert Global G2 TLS RSA SHA256 2020 CA1"
listserv.gsa.gov,Yes,Yes,2,1,2026-08-13T00:00:00,2027-02-27T23:59:59,28785112713;28798182810,"C=US, O=DigiCert Inc, CN=DigiCert Global G2 TLS RSA SHA256 2020 CA1"
lm-api-dev.fss19-dev.fcs.gsa.gov,Yes,Yes,10,3,2025-08-26T00:00:00,2027-03-12T23:59:59,21398290278;20640209379;23524471470;23079253940;24880723705;21070323206;20745286011;20591048024;29067418159;25261447451,"C=US, O=Amazon, CN=Amazon RSA 2048 M01;C=US, O=Amazon, CN=Amazon RSA 2048 M02;C=US, O=Amazon, CN=Amazon RSA 2048 M04"
lm-api-mgmt.fss19-mgmt.fcs.gsa.gov,Yes,Yes,6,3,2025-08-26T00:00:00,2027-03-17T23:59:59,29209111563;20640211476;20745283872;21398307611;20591047802;21070701305,"C=US, O=Amazon, CN=Amazon RSA 2048 M01;C=US, O=Amazon, CN=Amazon RSA 2048 M02;C=US, O=Amazon, CN=Amazon RSA 2048 M04"
lm-api-prod.fss19-prod.fcs.gsa.gov,Yes,Yes,1,1,2026-06-05T00:00:00,2026-12-19T23:59:59,26924873171,"C=US, O=Amazon, CN=Amazon RSA 2048 M04"
lm-reports-api-dev.fss19-dev.fcs.gsa.gov,Yes,Yes,19,4,2025-08-13T00:00:00,2027-03-19T23:59:59,24498901286;20336128515;21427567587;20310097070;21065596795;21376261117;21374657294;21065469570;20787261898;21722546805;20930892904;20787746219;21066062846;21363924090;20459641913;20880538974;20336298179;20337363999;24386512478,"C=US, O=Amazon, CN=Amazon RSA 2048 M04;C=US, O=Amazon, CN=Amazon RSA 2048 M03;C=US, O=Amazon, CN=Amazon RSA 2048 M02;C=US, O=Amazon, CN=Amazon RSA 2048 M01"
lm-reports-api-mgmt.fss19-mgmt.fcs.gsa.gov,Yes,Yes,53,3,2025-08-20T00:00:00,2027-02-04T23:59:59,20463912191;20570285393;20572489262;20464484569;20612975178;20930892631;20589601972;20481798320;20588855703;20484495533;20572199669;20569307054;20613776131;20569882105;20459642512;20486175872;20509218031;20504243060;20565732600;20614977046;20568842885;20486785479;20612239133;20612755684;20588128329;20482697913;20571209835;20507430788;20612553325;20571981593;20485468254;20570483269;20591048228;20572722405;20462245986;20880524273;28143113461;20567362076;20594617670;20591931372;20506322511;20508226428;20463418738;20614558600;20567053096;20609040332;20594266551;20787276098;20567965075;20569085059;20481126020;20786445978;20569637638,"C=US, O=Amazon, CN=Amazon RSA 2048 M03;C=US, O=Amazon, CN=Amazon RSA 2048 M02;C=US, O=Amazon, CN=Amazon RSA 2048 M04"
lm-reports-api-prod.fss19-prod.fcs.gsa.gov,Yes,Yes,1,1,2026-06-05T00:00:00,2026-12-19T23:59:59,26924783528,"C=US, O=Amazon, CN=Amazon RSA 2048 M04"
login.etsnext.fas.gsa.gov,Yes,Yes,1,1,2026-01-26T00:00:00,2027-02-24T23:59:59,23978970850,"C=US, O=Amazon, CN=Amazon RSA 2048 M04"
login.fleet-dev.fcs.gsa.gov,Yes,Yes,3,2,2026-05-15T00:00:00,2027-02-02T23:59:59,26357892947;26451275614;28096855379,"C=US, O=DigiCert Inc, CN=DigiCert Global G2 TLS RSA SHA256 2020 CA1;C=US, O=Amazon, CN=Amazon RSA 2048 M01"
login.fleet-stg.fcs.gsa.gov,Yes,Yes,1,1,2026-07-28T00:00:00,2027-02-10T23:59:59,28323575752,"C=US, O=Amazon, CN=Amazon RSA 2048 M01"
login.fleet-test.fcs.gsa.gov,Yes,Yes,1,1,2026-07-28T00:00:00,2027-02-10T23:59:59,28323576605,"C=US, O=Amazon, CN=Amazon RSA 2048 M04"
logs.elp.gsa.gov,Yes,Yes,1,1,2026-04-12T00:00:00,2026-10-26T23:59:59,25491825759,"C=US, O=Amazon, CN=Amazon RSA 2048 M04"
logs.gsa.gov,Yes,Yes,1,1,2026-04-06T00:00:00,2026-10-20T23:59:59,25411388595,"C=US, O=Amazon, CN=Amazon RSA 2048 M01"
logs.socaas.gsa.gov,Yes,Yes,1,1,2025-11-06T00:00:00,2026-11-05T23:59:59,22259794410,"C=US, O=DigiCert Inc, CN=DigiCert Global G2 TLS RSA SHA256 2020 CA1"
lop.gsa.gov,Yes,Yes,3,1,2025-10-28T00:00:00,2027-02-02T23:59:59,22065162315;24160237689;24160221893,"C=US, O=DigiCert Inc, CN=DigiCert Global G2 TLS RSA SHA256 2020 CA1"
m.gsa.gov,Yes,Yes,4,2,2026-07-20T12:57:54,2026-11-06T20:21:18,28094568666;28658112931;28658112531;28094568911,"C=US, O=Let's Encrypt, CN=YR2;C=US, O=Let's Encrypt, CN=YR1"
managed.fleet-dev.fcs.gsa.gov,Yes,Yes,2,1,2026-04-12T00:00:00,2026-10-26T23:59:59,25799279941;25491609565,"C=US, O=Amazon, CN=Amazon RSA 2048 M01"
managed.fleet-prod.fcs.gsa.gov,Yes,Yes,3,2,2025-09-16T00:00:00,2027-03-02T23:59:59,21061876060;28792720922;21061452425,"C=US, O=Amazon, CN=Amazon RSA 2048 M04;C=US, O=Amazon, CN=Amazon RSA 2048 M01"
managed.fleet-stg.fcs.gsa.gov,Yes,Yes,2,1,2026-06-14T00:00:00,2026-12-28T23:59:59,27170399354;27171371098,"C=US, O=Amazon, CN=Amazon RSA 2048 M04"
managed.fleet-test.fcs.gsa.gov,Yes,Yes,2,1,2026-04-13T00:00:00,2026-10-27T23:59:59,25502885484;25822817947,"C=US, O=Amazon, CN=Amazon RSA 2048 M04"
managed.sandbox.fleet-dev.fcs.gsa.gov,Yes,Yes,2,1,2026-02-03T00:00:00,2027-03-04T23:59:59,24153526924;24152413256,"C=US, O=Amazon, CN=Amazon RSA 2048 M01"
marketplace.fleet-dev.fcs.gsa.gov,Yes,Yes,2,1,2026-01-14T00:00:00,2027-02-11T23:59:59,23754962028;23753423271,"C=US, O=Amazon, CN=Amazon RSA 2048 M01"
marketplace.fleet-prod.fcs.gsa.gov,Yes,Yes,1,1,2026-04-09T00:00:00,2026-10-23T23:59:59,25445350807,"C=US, O=Amazon, CN=Amazon RSA 2048 M01"
marketplace.fleet-stg.fcs.gsa.gov,Yes,Yes,2,1,2026-06-18T00:00:00,2027-01-01T23:59:59,27277092851;27277484177,"C=US, O=Amazon, CN=Amazon RSA 2048 M01"
marketplace.fleet-test.fcs.gsa.gov,Yes,Yes,2,1,2026-01-14T00:00:00,2027-02-11T23:59:59,23752431327;23753343190,"C=US, O=Amazon, CN=Amazon RSA 2048 M01"
marketplace.sandbox.fleet-dev.fcs.gsa.gov,Yes,Yes,2,1,2026-02-05T00:00:00,2027-03-06T23:59:59,24193684688;24192383665,"C=US, O=Amazon, CN=Amazon RSA 2048 M04"
mcm-admin.fas.gsa.gov,Yes,Yes,1,1,2026-07-26T00:00:00,2027-02-08T23:59:59,28260796551,"C=US, O=Amazon, CN=Amazon RSA 2048 M01"
mcm.fas.gsa.gov,Yes,Yes,1,1,2026-07-26T00:00:00,2027-02-08T23:59:59,28257942706,"C=US, O=Amazon, CN=Amazon RSA 2048 M04"
mfalogin.fas.gsa.gov,Yes,Yes,3,1,2026-03-19T00:00:00,2027-03-04T23:59:59,28841937117;25089312228;28886721467,"C=US, O=DigiCert Inc, CN=DigiCert Global G2 TLS RSA SHA256 2020 CA1"
mgmt-ppm.fcs.gsa.gov,Yes,Yes,1,1,2025-12-30T00:00:00,2027-01-27T23:59:59,23448710723,"C=US, O=Amazon, CN=Amazon RSA 2048 M04"
mgmt.cnxs.vpcaas.fcs.gsa.gov,Yes,Yes,2,1,2026-07-20T13:56:46,2026-10-18T13:56:45,28095983004;28095971191,"C=US, O=Let's Encrypt, CN=YR2"
mnr-public.fleet-dev.fcs.gsa.gov,Yes,Yes,2,1,2026-06-20T00:00:00,2027-01-03T23:59:59,27337271476;27336726394,"C=US, O=Amazon, CN=Amazon RSA 2048 M04"
mnr-public.fleet-prod.fcs.gsa.gov,Yes,Yes,2,1,2026-06-21T00:00:00,2027-01-04T23:59:59,27362165611;27363359721,"C=US, O=Amazon, CN=Amazon RSA 2048 M04"
mnr-public.fleet-stg.fcs.gsa.gov,Yes,Yes,1,1,2026-06-21T00:00:00,2027-01-04T23:59:59,27361951780,"C=US, O=Amazon, CN=Amazon RSA 2048 M01"
mnr-public.fleet-test.fcs.gsa.gov,Yes,Yes,2,1,2026-06-21T00:00:00,2027-01-04T23:59:59,27362430943;27361510325,"C=US, O=Amazon, CN=Amazon RSA 2048 M01"
mnr-public.sandbox.fleet-dev.fcs.gsa.gov,Yes,Yes,3,1,2026-03-17T00:00:00,2027-03-02T23:59:59,25036420876;28824600102;25036882073,"C=US, O=Amazon, CN=Amazon RSA 2048 M01"
mnr.fleet-dev.fcs.gsa.gov,Yes,Yes,3,1,2025-09-30T00:00:00,2027-03-15T23:59:59,21365717848;21367568008;29160442130,"C=US, O=Amazon, CN=Amazon RSA 2048 M01"
mnr.fleet-prod.fcs.gsa.gov,Yes,Yes,1,1,2025-12-10T00:00:00,2027-01-07T23:59:59,23018227695,"C=US, O=Amazon, CN=Amazon RSA 2048 M01"
mnr.fleet-stg.fcs.gsa.gov,Yes,Yes,2,1,2026-06-19T00:00:00,2027-01-02T23:59:59,27307661508;27306205259,"C=US, O=Amazon, CN=Amazon RSA 2048 M04"
mnr.fleet-test.fcs.gsa.gov,Yes,Yes,1,1,2025-10-08T00:00:00,2026-11-05T23:59:59,21561175238,"C=US, O=Amazon, CN=Amazon RSA 2048 M01"
mnr.sandbox.fleet-dev.fcs.gsa.gov,Yes,Yes,2,1,2026-02-05T00:00:00,2027-03-06T23:59:59,24192548375;24193696607,"C=US, O=Amazon, CN=Amazon RSA 2048 M04"
monitoring.cerpa.gsa.gov,No,Yes,2,1,2026-01-27T00:00:00,2027-02-26T23:59:59,24037801796;24014975418,"C=US, O=Amazon, CN=Amazon RSA 2048 M01"
monitoring.non-prod.cerpa.gsa.gov,No,Yes,2,2,2025-12-08T00:00:00,2027-03-03T23:59:59,22988785583;24140066458,"C=US, O=Amazon, CN=Amazon RSA 2048 M04;C=US, O=Amazon, CN=Amazon RSA 2048 M01"
monitoring.orch.dev.erpa.mcaas.fcs.gsa.gov,No,Yes,3,2,2025-09-09T00:00:00,2027-02-23T23:59:59,28713484304;22420374042;20898702617,"C=US, O=Amazon, CN=Amazon RSA 2048 M02;C=US, O=Amazon, CN=Amazon RSA 2048 M01"
monitoring.orch.prod.erpa.mcaas.fcs.gsa.gov,No,Yes,2,2,2025-09-09T00:00:00,2027-02-23T23:59:59,28712928266;20898722444,"C=US, O=Amazon, CN=Amazon RSA 2048 M03;C=US, O=Amazon, CN=Amazon RSA 2048 M01"
mta-sts.exterro.gsa.gov,No,Yes,1,1,2026-07-07T00:00:00,2027-01-21T23:59:59,27764647132,"C=US, O=DigiCert Inc, CN=DigiCert Global G2 TLS RSA SHA256 2020 CA1"
mta-sts.fax.gsa.gov,No,Yes,1,1,2026-07-07T00:00:00,2027-01-21T23:59:59,27764647132,"C=US, O=DigiCert Inc, CN=DigiCert Global G2 TLS RSA SHA256 2020 CA1"
mta-sts.fpki.gsa.gov,No,Yes,1,1,2026-07-07T00:00:00,2027-01-21T23:59:59,27764647132,"C=US, O=DigiCert Inc, CN=DigiCert Global G2 TLS RSA SHA256 2020 CA1"
mta-sts.grace.gsa.gov,No,Yes,1,1,2026-07-07T00:00:00,2027-01-21T23:59:59,27764647132,"C=US, O=DigiCert Inc, CN=DigiCert Global G2 TLS RSA SHA256 2020 CA1"
mta-sts.gsa-icats.gsa.gov,No,Yes,1,1,2026-07-07T00:00:00,2027-01-21T23:59:59,27764647132,"C=US, O=DigiCert Inc, CN=DigiCert Global G2 TLS RSA SHA256 2020 CA1"
mta-sts.gsa.gov,No,Yes,1,1,2026-07-07T00:00:00,2027-01-21T23:59:59,27764647132,"C=US, O=DigiCert Inc, CN=DigiCert Global G2 TLS RSA SHA256 2020 CA1"
mta-sts.it-solutions.gsa.gov,No,Yes,1,1,2026-07-07T00:00:00,2027-01-21T23:59:59,27764647132,"C=US, O=DigiCert Inc, CN=DigiCert Global G2 TLS RSA SHA256 2020 CA1"
mta-sts.listserv.gsa.gov,No,Yes,1,1,2026-07-07T00:00:00,2027-01-21T23:59:59,27764647132,"C=US, O=DigiCert Inc, CN=DigiCert Global G2 TLS RSA SHA256 2020 CA1"
mta-sts.mail.propertydisposal.gsa.gov,No,Yes,1,1,2026-07-07T00:00:00,2027-01-21T23:59:59,27764647132,"C=US, O=DigiCert Inc, CN=DigiCert Global G2 TLS RSA SHA256 2020 CA1"
mta-sts.naas.gsa.gov,No,Yes,1,1,2026-07-07T00:00:00,2027-01-21T23:59:59,27764647132,"C=US, O=DigiCert Inc, CN=DigiCert Global G2 TLS RSA SHA256 2020 CA1"
mta-sts.research.gsa.gov,No,Yes,1,1,2026-07-07T00:00:00,2027-01-21T23:59:59,27764647132,"C=US, O=DigiCert Inc, CN=DigiCert Global G2 TLS RSA SHA256 2020 CA1"
mta-sts.test.gsa.gov,No,Yes,1,1,2025-09-10T00:00:00,2026-10-08T23:59:59,20921519265,"C=US, O=DigiCert Inc, CN=DigiCert Global G2 TLS RSA SHA256 2020 CA1"
mta-sts.usaccess.gsa.gov,No,Yes,1,1,2026-07-07T00:00:00,2027-01-21T23:59:59,27764647132,"C=US, O=DigiCert Inc, CN=DigiCert Global G2 TLS RSA SHA256 2020 CA1"
muleapi.gsa.gov,Yes,Yes,1,1,2025-09-30T00:00:00,2026-10-31T23:59:59,21374148498,"C=US, O=DigiCert Inc, CN=DigiCert Global G2 TLS RSA SHA256 2020 CA1"
muse-api.gsa.gov,No,Yes,2,1,2026-05-14T00:00:00,2026-11-28T23:59:59,26327158815;26340424367,"C=US, O=DigiCert Inc, CN=DigiCert Global G2 TLS RSA SHA256 2020 CA1"
muse.gsa.gov,Yes,Yes,2,1,2026-05-14T00:00:00,2026-11-28T23:59:59,26327158815;26340424367,"C=US, O=DigiCert Inc, CN=DigiCert Global G2 TLS RSA SHA256 2020 CA1"
myfcs.itplaybook.gsa.gov,Yes,Yes,2,2,2025-08-29T00:00:00,2027-02-12T23:59:59,20646284345;28370380568,"C=US, O=Amazon, CN=Amazon RSA 2048 M02;C=US, O=Amazon, CN=Amazon RSA 2048 M01"
navigator-staging.gsa.gov,Yes,Yes,1,1,2026-07-26T00:00:00,2027-02-08T23:59:59,28258213606,"C=US, O=Amazon, CN=Amazon RSA 2048 M01"
navigator-test.gsa.gov,Yes,Yes,1,1,2026-07-26T00:00:00,2027-02-08T23:59:59,28260337386,"C=US, O=Amazon, CN=Amazon RSA 2048 M01"
navigator.gsa.gov,No,Yes,1,1,2025-12-18T00:00:00,2027-01-16T23:59:59,23202209278,"C=US, O=Amazon, CN=Amazon RSA 2048 M04"
ncal-dev.fss19-dev.fcs.gsa.gov,Yes,Yes,1,1,2025-11-14T00:00:00,2026-12-13T23:59:59,22452419669,"C=US, O=Amazon, CN=Amazon RSA 2048 M04"
ncal-mgmt.fss19-mgmt.fcs.gsa.gov,Yes,Yes,1,1,2026-05-07T00:00:00,2026-11-20T23:59:59,26143372954,"C=US, O=Amazon, CN=Amazon RSA 2048 M04"
ncal-prod.fss19-prod.fcs.gsa.gov,Yes,Yes,2,2,2026-06-05T00:00:00,2026-12-20T23:59:59,26927916075;26926752267,"C=US, O=Amazon, CN=Amazon RSA 2048 M04;C=US, O=Amazon, CN=Amazon RSA 2048 M01"
ncapi-naisle.fas.gsa.gov,Yes,Yes,1,1,2026-01-30T00:00:00,2027-03-02T23:59:59,24085336922,"C=US, O=DigiCert Inc, CN=DigiCert Global G2 TLS RSA SHA256 2020 CA1"
ncapi.fas.gsa.gov,Yes,Yes,1,1,2025-08-19T00:00:00,2026-09-16T23:59:59,20431553325,"C=US, O=DigiCert Inc, CN=DigiCert Global G2 TLS RSA SHA256 2020 CA1"
ncapis-naisle.fas.gsa.gov,Yes,Yes,1,1,2026-02-06T00:00:00,2027-03-09T23:59:59,24225432863,"C=US, O=DigiCert Inc, CN=DigiCert Global G2 TLS RSA SHA256 2020 CA1"
ncapit-naisle.fas.gsa.gov,Yes,Yes,1,1,2025-12-05T00:00:00,2027-01-05T23:59:59,22903935230,"C=US, O=DigiCert Inc, CN=DigiCert Global G2 TLS RSA SHA256 2020 CA1"
ncportal.fas.gsa.gov,Yes,Yes,1,1,2026-07-17T00:00:00,2027-01-31T23:59:59,28011067921,"C=US, O=DigiCert Inc, CN=DigiCert Global G2 TLS RSA SHA256 2020 CA1"
ncportals.fas.gsa.gov,Yes,Yes,1,1,2026-07-17T00:00:00,2027-01-31T23:59:59,28008245671,"C=US, O=DigiCert Inc, CN=DigiCert Global G2 TLS RSA SHA256 2020 CA1"
ncportalt.fas.gsa.gov,Yes,Yes,1,1,2026-07-17T00:00:00,2027-01-31T23:59:59,28008155554,"C=US, O=DigiCert Inc, CN=DigiCert Global G2 TLS RSA SHA256 2020 CA1"
ncr-vpn.gsa.gov,Yes,Yes,3,1,2026-06-01T00:00:00,2026-12-18T23:59:59,26801859330;26856556470;26807678010,"C=US, O=DigiCert Inc, CN=DigiCert Global G2 TLS RSA SHA256 2020 CA1"
ncreporting.fas.gsa.gov,Yes,Yes,2,1,2025-08-19T00:00:00,2027-03-04T23:59:59,20433208352;28802726631,"C=US, O=DigiCert Inc, CN=DigiCert Global G2 TLS RSA SHA256 2020 CA1"
ncreportings.fas.gsa.gov,Yes,Yes,1,1,2026-07-14T00:00:00,2027-01-28T23:59:59,27928851113,"C=US, O=DigiCert Inc, CN=DigiCert Global G2 TLS RSA SHA256 2020 CA1"
ncreportingt.fas.gsa.gov,Yes,Yes,1,1,2026-07-17T00:00:00,2027-01-31T23:59:59,28008127119,"C=US, O=DigiCert Inc, CN=DigiCert Global G2 TLS RSA SHA256 2020 CA1"
ncweb.fas.gsa.gov,Yes,Yes,1,1,2026-05-06T00:00:00,2026-11-20T23:59:59,26119164068,"C=US, O=DigiCert Inc, CN=DigiCert Global G2 TLS RSA SHA256 2020 CA1"
ncwebs.fas.gsa.gov,Yes,Yes,1,1,2026-05-05T00:00:00,2026-11-19T23:59:59,26089156864,"C=US, O=DigiCert Inc, CN=DigiCert Global G2 TLS RSA SHA256 2020 CA1"
ncwebt.fas.gsa.gov,Yes,Yes,1,1,2026-05-05T00:00:00,2026-11-19T23:59:59,26089087280,"C=US, O=DigiCert Inc, CN=DigiCert Global G2 TLS RSA SHA256 2020 CA1"
nemaexwo.gsa.gov,No,Yes,1,1,2026-06-24T00:00:00,2027-01-08T23:59:59,27450468826,"C=US, O=DigiCert Inc, CN=DigiCert Global G2 TLS RSA SHA256 2020 CA1"
networx-agency-pricer-cert.eos.gsa.gov,Yes,Yes,2,1,2026-08-10T04:01:51,2026-11-08T04:01:50,28695526292;28695508688,"C=US, O=Let's Encrypt, CN=YR2"
networx-agency-pricer.eos.gsa.gov,Yes,Yes,4,1,2026-06-26T04:04:44,2026-11-23T04:09:29,29063812338;27492050460;27492069792;29227963684,"C=US, O=Let's Encrypt, CN=YR2"
networx-agency-pricer.test.nhc.vpcaas.fcs.gsa.gov,Yes,Yes,8,2,2026-06-18T04:04:51,2026-11-15T04:07:20,27280983932;29027093880;28900512551;28929545511;27280983824;27280984517;28895152442;27280983391,"C=US, O=Let's Encrypt, CN=YE1;C=US, O=Let's Encrypt, CN=YE2"
networx-billing-pricer.eos.gsa.gov,Yes,Yes,2,1,2026-07-09T15:22:05,2026-10-07T15:22:04,27809829290;27809831436,"C=US, O=Let's Encrypt, CN=YE2"
networx-billing-pricer.test.nhc.vpcaas.fcs.gsa.gov,Yes,Yes,2,1,2026-07-16T04:08:17,2026-10-14T04:08:16,27973189824;27973180397,"C=US, O=Let's Encrypt, CN=YE1"
networx-public-pricer.eos.gsa.gov,Yes,Yes,4,1,2026-06-20T04:04:51,2026-11-17T04:07:21,27337205975;27337207411;28982331722;28944524054,"C=US, O=Let's Encrypt, CN=YR2"
networx-public-pricer.test.nhc.vpcaas.fcs.gsa.gov,Yes,Yes,2,1,2026-07-16T04:08:29,2026-10-14T04:08:28,27973194030;27973183499,"C=US, O=Let's Encrypt, CN=YE1"
nlets.fleet-dev.fcs.gsa.gov,Yes,Yes,1,1,2026-08-10T00:00:00,2027-02-23T23:59:59,28709642867,"C=US, O=Amazon, CN=Amazon RSA 2048 M04"
nlets.fleet-prod.fcs.gsa.gov,Yes,Yes,2,2,2026-01-24T00:00:00,2027-02-22T23:59:59,23946712259;23946193385,"C=US, O=Amazon, CN=Amazon RSA 2048 M04;C=US, O=Amazon, CN=Amazon RSA 2048 M01"
nlets.fleet-stg.fcs.gsa.gov,Yes,Yes,1,1,2026-01-12T00:00:00,2027-02-10T23:59:59,23714801719,"C=US, O=Amazon, CN=Amazon RSA 2048 M01"
nlets.fleet-test.fcs.gsa.gov,Yes,Yes,1,1,2026-01-07T00:00:00,2027-02-05T23:59:59,23599152841,"C=US, O=Amazon, CN=Amazon RSA 2048 M04"
non-prod.cerpa.gsa.gov,Yes,Yes,3,2,2025-11-12T00:00:00,2027-03-03T23:59:59,22988785583;24140066458;22420374042,"C=US, O=Amazon, CN=Amazon RSA 2048 M04;C=US, O=Amazon, CN=Amazon RSA 2048 M01"
nonpiv-issuance.usaccess.gsa.gov,Yes,Yes,2,1,2025-11-03T00:00:00,2026-12-04T23:59:59,22185618014;22185659526,"C=CA, O=Entrust Limited, CN=Entrust DV TLS Issuing RSA CA 2"
nonprodkc.etsnext.fas.gsa.gov,Yes,Yes,3,1,2026-03-29T00:00:00,2027-03-14T23:59:59,29120256434;25274828685;25267805478,"C=US, O=Amazon, CN=Amazon RSA 2048 M04"
nsnservice-api-dev.fss19-dev.fcs.gsa.gov,Yes,Yes,1,1,2026-04-04T00:00:00,2026-10-18T23:59:59,25390074820,"C=US, O=Amazon, CN=Amazon RSA 2048 M01"
nsnservice-api-mgmt.fss19-mgmt.fcs.gsa.gov,Yes,Yes,1,1,2026-01-20T00:00:00,2027-02-18T23:59:59,23870622092,"C=US, O=Amazon, CN=Amazon RSA 2048 M01"
nsnservice-api-prod.fss19-prod.fcs.gsa.gov,Yes,Yes,1,1,2026-06-25T00:00:00,2027-01-08T23:59:59,27466179881,"C=US, O=Amazon, CN=Amazon RSA 2048 M04"
nsobs-cert.fasbilling.gsa.gov,Yes,Yes,5,1,2026-06-30T07:11:19,2026-11-29T07:11:40,28402396908;29190842621;27588101440;27588107451;28402398675,"C=US, O=Let's Encrypt, CN=YR2"
nsobs.fasbilling.gsa.gov,Yes,Yes,4,2,2026-07-06T13:02:59,2026-11-04T13:02:58,28590428526;27733945779;27733950473;28590420790,"C=US, O=Let's Encrypt, CN=YR2;C=US, O=Let's Encrypt, CN=YR1"
oasis.gsa.gov,Yes,Yes,1,1,2025-11-18T00:00:00,2026-12-02T23:59:59,22569738989,"C=US, O=DigiCert Inc, CN=DigiCert Global G2 TLS RSA SHA256 2020 CA1"
oasiscustomers.gsa.gov,Yes,Yes,2,1,2026-02-02T00:00:00,2027-03-03T23:59:59,24143725191;24143921048,"C=US, O=DigiCert Inc, CN=DigiCert Global G2 TLS RSA SHA256 2020 CA1"
oasisoslc.gsa.gov,Yes,Yes,1,1,2025-12-15T00:00:00,2027-01-08T23:59:59,23138458057,"C=US, O=DigiCert Inc, CN=DigiCert Global G2 TLS RSA SHA256 2020 CA1"
ociso.gsa.gov,Yes,Yes,1,1,2025-12-14T00:00:00,2027-01-12T23:59:59,23104363415,"C=US, O=Amazon, CN=Amazon RSA 2048 M04"
ociso.test.gsa.gov,Yes,Yes,2,2,2025-08-22T00:00:00,2027-02-05T23:59:59,20506549733;28171495407,"C=US, O=Amazon, CN=Amazon RSA 2048 M03;C=US, O=Amazon, CN=Amazon RSA 2048 M04"
ocms.fas.gsa.gov,Yes,Yes,2,1,2025-09-26T00:00:00,2027-03-12T23:59:59,29078714513;21287871213,"C=US, O=Amazon, CN=Amazon RSA 2048 M01"
odp.gsa.gov,Yes,Yes,4,1,2026-06-28T11:10:49,2026-11-25T22:38:48,29112207850;29112210208;27543979126;27543979863,"C=US, O=Let's Encrypt, CN=YR2"
oes.gsa.gov,Yes,Yes,2,1,2026-07-21T15:21:23,2026-10-19T15:21:22,28128390315;28128389321,"C=US, O=Let's Encrypt, CN=YR2"
ogpdatahub-dev.gsa.gov,No,Yes,2,2,2026-01-15T00:00:00,2027-02-23T23:59:59,23789637612;24490529231,"C=US, O=DigiCert Inc, CN=DigiCert Global G2 TLS RSA SHA256 2020 CA1;C=US, O=Amazon, CN=Amazon RSA 2048 M01"
ogpdatahub-test.gsa.gov,No,Yes,2,2,2026-01-15T00:00:00,2027-02-23T23:59:59,23789637612;24490529231,"C=US, O=DigiCert Inc, CN=DigiCert Global G2 TLS RSA SHA256 2020 CA1;C=US, O=Amazon, CN=Amazon RSA 2048 M01"
ogpdatahub.gsa.gov,Yes,Yes,2,2,2026-01-15T00:00:00,2027-02-23T23:59:59,23789637612;24490529231,"C=US, O=DigiCert Inc, CN=DigiCert Global G2 TLS RSA SHA256 2020 CA1;C=US, O=Amazon, CN=Amazon RSA 2048 M01"
open.gsa.gov,Yes,Yes,2,1,2026-07-21T10:21:23,2026-10-19T10:21:22,28121855542;28121853325,"C=US, O=Let's Encrypt, CN=YR1"
orch.dev.erpa.mcaas.fcs.gsa.gov,Yes,Yes,2,2,2025-09-09T00:00:00,2027-02-23T23:59:59,28713484304;20898702617,"C=US, O=Amazon, CN=Amazon RSA 2048 M02;C=US, O=Amazon, CN=Amazon RSA 2048 M01"
orch.prod.erpa.mcaas.fcs.gsa.gov,Yes,Yes,2,2,2025-09-09T00:00:00,2027-02-23T23:59:59,28712928266;20898722444,"C=US, O=Amazon, CN=Amazon RSA 2048 M03;C=US, O=Amazon, CN=Amazon RSA 2048 M01"
orders.fas.gsa.gov,Yes,Yes,2,1,2026-08-12T19:07:56,2026-11-10T19:07:55,28787250447;28794635644,"C=US, O=Let's Encrypt, CN=YR1"
ors.fas.gsa.gov,Yes,Yes,1,1,2025-09-11T00:00:00,2026-10-12T23:59:59,20947511456,"C=US, O=DigiCert Inc, CN=DigiCert Global G2 TLS RSA SHA256 2020 CA1"
p3.cap.gsa.gov,Yes,Yes,1,1,2026-07-26T00:00:00,2027-02-08T23:59:59,28260319451,"C=US, O=Amazon, CN=Amazon RSA 2048 M01"
pademo.cc.mcaas.fcs.gsa.gov,Yes,Yes,4,1,2026-06-19T19:19:05,2026-11-16T18:22:03,28928531655;28982808005;27327621192;27327613484,"C=US, O=Let's Encrypt, CN=YR2"
pappcon1.pbs.gsa.gov,Yes,Yes,1,1,2025-12-15T00:00:00,2027-01-12T23:59:59,23140010875,"C=US, O=DigiCert Inc, CN=DigiCert Global G2 TLS RSA SHA256 2020 CA1"
pappcon2.pbs.gsa.gov,Yes,Yes,1,1,2025-12-15T00:00:00,2027-01-12T23:59:59,23140040857,"C=US, O=DigiCert Inc, CN=DigiCert Global G2 TLS RSA SHA256 2020 CA1"
pappcon3.pbs.gsa.gov,Yes,Yes,1,1,2026-06-26T00:00:00,2027-01-10T23:59:59,27504738116,"C=US, O=DigiCert Inc, CN=DigiCert Global G2 TLS RSA SHA256 2020 CA1"
paymentsearch.gsa.gov,Yes,Yes,2,1,2026-08-06T04:19:08,2026-11-04T04:19:07,28579514541;28579494348,"C=US, O=Let's Encrypt, CN=YE1"
pbs-billing.gsa.gov,No,Yes,1,1,2026-07-13T00:00:00,2027-01-27T23:59:59,27908777785,"C=US, O=DigiCert Inc, CN=DigiCert Global G2 TLS RSA SHA256 2020 CA1"
pegasys-ccrc.gsa.gov,No,Yes,2,1,2026-03-17T00:00:00,2027-03-04T23:59:59,28842023108;25041882019,"C=US, O=DigiCert Inc, CN=DigiCert Global G2 TLS RSA SHA256 2020 CA1"
pegasys-tivoli.gsa.gov,No,Yes,2,1,2026-03-17T00:00:00,2027-03-04T23:59:59,28842023108;25041882019,"C=US, O=DigiCert Inc, CN=DigiCert Global G2 TLS RSA SHA256 2020 CA1"
pegasys-vcss.gsa.gov,No,Yes,2,1,2026-03-17T00:00:00,2027-03-04T23:59:59,28842023108;25041882019,"C=US, O=DigiCert Inc, CN=DigiCert Global G2 TLS RSA SHA256 2020 CA1"
pegasysconnect.fas.gsa.gov,Yes,Yes,1,1,2026-06-15T00:00:00,2026-12-29T23:59:59,27194273537,"C=US, O=Amazon, CN=Amazon RSA 2048 M04"
pegasysconnectb.fas.gsa.gov,Yes,Yes,1,1,2026-06-15T00:00:00,2026-12-29T23:59:59,27196323578,"C=US, O=Amazon, CN=Amazon RSA 2048 M01"
performance.assist.mcaas.fcs.gsa.gov,Yes,Yes,1,1,2026-06-08T00:00:00,2026-12-22T23:59:59,26985899749,"C=US, O=Amazon, CN=Amazon RSA 2048 M01"
performance.iae.mcaas.fcs.gsa.gov,Yes,Yes,1,1,2026-07-26T00:00:00,2027-02-08T23:59:59,28258023446,"C=US, O=Amazon, CN=Amazon RSA 2048 M01"
podata-api-dev.fss19-dev.fcs.gsa.gov,Yes,Yes,2,1,2025-09-01T00:00:00,2027-02-15T23:59:59,20716154530;28451607841,"C=US, O=Amazon, CN=Amazon RSA 2048 M04"
podata-api-mgmt.fss19-mgmt.fcs.gsa.gov,Yes,Yes,2,2,2025-09-01T00:00:00,2027-02-15T23:59:59,28452816029;20716081773,"C=US, O=Amazon, CN=Amazon RSA 2048 M03;C=US, O=Amazon, CN=Amazon RSA 2048 M04"
podata-api-prod.fss19-prod.fcs.gsa.gov,Yes,Yes,1,1,2026-05-07T00:00:00,2026-11-20T23:59:59,26137497467,"C=US, O=Amazon, CN=Amazon RSA 2048 M04"
poportal-dev.gsa.gov,Yes,Yes,1,1,2026-06-17T00:00:00,2026-12-31T23:59:59,27250181783,"C=US, O=Amazon, CN=Amazon RSA 2048 M01"
poportal.gsa.gov,Yes,Yes,2,1,2026-08-17T00:00:00,2027-03-03T23:59:59,28831608265;28930119862,"C=US, O=DigiCert Inc, CN=DigiCert Global G2 TLS RSA SHA256 2020 CA1"
portal.usaccess.gsa.gov,Yes,Yes,2,1,2025-11-03T00:00:00,2026-12-04T23:59:59,22185049645;22185077010,"C=CA, O=Entrust Limited, CN=Entrust DV TLS Issuing RSA CA 2"
portalguard.gsa.gov,Yes,Yes,2,1,2026-04-30T00:00:00,2026-11-14T23:59:59,25947847721;25947849263,"C=US, O=DigiCert Inc, CN=DigiCert Global G2 TLS RSA SHA256 2020 CA1"
ppms-ai-api-develop.dev-ppm.fcs.gsa.gov,Yes,Yes,2,1,2026-08-04T11:51:37,2026-11-02T11:51:36,28525903040;28525899789,"C=US, O=Let's Encrypt, CN=YR1"
ppms-ai-api-test.dev-ppm.fcs.gsa.gov,Yes,Yes,2,1,2026-08-04T11:54:50,2026-11-02T11:54:49,28525966491;28525994959,"C=US, O=Let's Encrypt, CN=YR1"
ppms-ai-api-test.test-ppm.fcs.gsa.gov,Yes,Yes,2,1,2026-07-14T17:40:40,2026-10-12T17:40:39,27933405676;27933404981,"C=US, O=Let's Encrypt, CN=YR1"
ppms-ai-api-uat.dev-ppm.fcs.gsa.gov,Yes,Yes,2,1,2026-08-04T11:51:16,2026-11-02T11:51:15,28525891626;28525890934,"C=US, O=Let's Encrypt, CN=YR2"
ppms-app-ui-develop.dev-ppm.fcs.gsa.gov,Yes,Yes,2,1,2026-08-04T12:03:27,2026-11-02T12:03:26,28526161693;28526162078,"C=US, O=Let's Encrypt, CN=YR2"
ppms-app-ui-test.dev-ppm.fcs.gsa.gov,Yes,Yes,2,1,2026-08-04T12:03:41,2026-11-02T12:03:40,28526169627;28526152490,"C=US, O=Let's Encrypt, CN=YR1"
ppms-app-ui-test.test-ppm.fcs.gsa.gov,Yes,Yes,2,1,2026-07-14T17:41:13,2026-10-12T17:41:12,27933427526;27933429162,"C=US, O=Let's Encrypt, CN=YR1"
ppms-app-ui-uat.dev-ppm.fcs.gsa.gov,Yes,Yes,2,1,2026-08-04T12:04:59,2026-11-02T12:04:58,28526197222;28526208468,"C=US, O=Let's Encrypt, CN=YR1"
ppms-auctions-api-develop.dev-ppm.fcs.gsa.gov,Yes,Yes,2,1,2026-08-04T11:55:14,2026-11-02T11:55:13,28525976043;28525982143,"C=US, O=Let's Encrypt, CN=YR2"
ppms-auctions-api-test.dev-ppm.fcs.gsa.gov,Yes,Yes,2,1,2026-08-04T11:52:29,2026-11-02T11:52:28,28525927511;28525915093,"C=US, O=Let's Encrypt, CN=YR1"
ppms-auctions-api-test.test-ppm.fcs.gsa.gov,Yes,Yes,2,1,2026-07-14T17:40:41,2026-10-12T17:40:40,27933403315;27933406336,"C=US, O=Let's Encrypt, CN=YR1"
ppms-auctions-api-uat.dev-ppm.fcs.gsa.gov,Yes,Yes,2,1,2026-08-04T11:57:53,2026-11-02T11:57:52,28526036680;28526048397,"C=US, O=Let's Encrypt, CN=YR1"
ppms-auth-api-develop.dev-ppm.fcs.gsa.gov,Yes,Yes,2,1,2026-08-04T12:02:24,2026-11-02T12:02:23,28526151046;28526121597,"C=US, O=Let's Encrypt, CN=YR2"
ppms-auth-api-test.dev-ppm.fcs.gsa.gov,Yes,Yes,2,1,2026-08-04T11:55:05,2026-11-02T11:55:04,28525989908;28525975504,"C=US, O=Let's Encrypt, CN=YR2"
ppms-auth-api-test.test-ppm.fcs.gsa.gov,Yes,Yes,2,1,2026-07-14T17:39:13,2026-10-12T17:39:12,27933378751;27933380105,"C=US, O=Let's Encrypt, CN=YR2"
ppms-auth-api-uat.dev-ppm.fcs.gsa.gov,Yes,Yes,2,1,2026-08-04T11:57:37,2026-11-02T11:57:36,28526028549;28526030759,"C=US, O=Let's Encrypt, CN=YR2"
ppms-common-api-develop.dev-ppm.fcs.gsa.gov,Yes,Yes,2,1,2026-08-04T11:59:54,2026-11-02T11:59:53,28526088387;28526102752,"C=US, O=Let's Encrypt, CN=YR2"
ppms-common-api-test.dev-ppm.fcs.gsa.gov,Yes,Yes,2,1,2026-08-04T11:57:34,2026-11-02T11:57:33,28526030089;28526044264,"C=US, O=Let's Encrypt, CN=YR2"
ppms-common-api-test.test-ppm.fcs.gsa.gov,Yes,Yes,2,1,2026-07-14T17:42:13,2026-10-12T17:42:12,27933448955;27933451344,"C=US, O=Let's Encrypt, CN=YR1"
ppms-common-api-uat.dev-ppm.fcs.gsa.gov,Yes,Yes,2,1,2026-08-04T11:55:41,2026-11-02T11:55:40,28525994860;28526017972,"C=US, O=Let's Encrypt, CN=YR2"
ppms-job-api-develop.dev-ppm.fcs.gsa.gov,Yes,Yes,2,1,2026-08-04T12:03:20,2026-11-02T12:03:19,28526158417;28526153611,"C=US, O=Let's Encrypt, CN=YR2"
ppms-job-api-test.dev-ppm.fcs.gsa.gov,Yes,Yes,2,1,2026-08-04T11:57:56,2026-11-02T11:57:55,28526035959;28526031748,"C=US, O=Let's Encrypt, CN=YR2"
ppms-job-api-test.test-ppm.fcs.gsa.gov,Yes,Yes,2,1,2026-07-14T17:39:12,2026-10-12T17:39:11,27933378619;27933380845,"C=US, O=Let's Encrypt, CN=YR2"
ppms-job-api-uat.dev-ppm.fcs.gsa.gov,Yes,Yes,2,1,2026-08-04T11:59:55,2026-11-02T11:59:54,28526088830;28526104621,"C=US, O=Let's Encrypt, CN=YR1"
ppms-notification-api-develop.dev-ppm.fcs.gsa.gov,Yes,Yes,2,1,2026-08-04T12:01:48,2026-11-02T12:01:47,28526139734;28526114336,"C=US, O=Let's Encrypt, CN=YR2"
ppms-notification-api-test.dev-ppm.fcs.gsa.gov,Yes,Yes,2,1,2026-08-04T11:59:24,2026-11-02T11:59:23,28526053112;28526071022,"C=US, O=Let's Encrypt, CN=YR2"
ppms-notification-api-test.test-ppm.fcs.gsa.gov,Yes,Yes,2,1,2026-07-14T17:43:40,2026-10-12T17:43:39,27933477326;27933472229,"C=US, O=Let's Encrypt, CN=YR1"
ppms-notification-api-uat.dev-ppm.fcs.gsa.gov,Yes,Yes,2,1,2026-08-04T11:59:51,2026-11-02T11:59:50,28526087658;28526103328,"C=US, O=Let's Encrypt, CN=YR2"
ppms-property-reporting-api-develop.dev-ppm.fcs.gsa.gov,Yes,Yes,2,1,2026-08-04T11:57:34,2026-11-02T11:57:33,28526028042;28526023418,"C=US, O=Let's Encrypt, CN=YR1"
ppms-property-reporting-api-test.dev-ppm.fcs.gsa.gov,Yes,Yes,2,1,2026-08-04T11:53:00,2026-11-02T11:52:59,28525931529;28525920263,"C=US, O=Let's Encrypt, CN=YR1"
ppms-property-reporting-api-test.test-ppm.fcs.gsa.gov,Yes,Yes,2,1,2026-07-14T17:43:02,2026-10-12T17:43:01,27933464307;27933466396,"C=US, O=Let's Encrypt, CN=YR1"
ppms-property-reporting-api-uat.dev-ppm.fcs.gsa.gov,Yes,Yes,2,1,2026-08-04T11:53:14,2026-11-02T11:53:13,28525935631;28525918958,"C=US, O=Let's Encrypt, CN=YR1"
ppms-redis-insight-develop.dev-ppm.fcs.gsa.gov,Yes,Yes,2,1,2026-08-04T11:51:29,2026-11-02T11:51:28,28525896758;28525895658,"C=US, O=Let's Encrypt, CN=YR1"
ppms-redis-insight-test.dev-ppm.fcs.gsa.gov,Yes,Yes,2,1,2026-08-04T11:55:00,2026-11-02T11:54:59,28525968460;28525974511,"C=US, O=Let's Encrypt, CN=YR2"
ppms-redis-insight-test.test-ppm.fcs.gsa.gov,Yes,Yes,2,1,2026-07-14T17:41:34,2026-10-12T17:41:33,27933436064;27933435626,"C=US, O=Let's Encrypt, CN=YR1"
ppms-redis-insight-uat.dev-ppm.fcs.gsa.gov,Yes,Yes,2,1,2026-08-04T11:51:15,2026-11-02T11:51:14,28525890185;28525887050,"C=US, O=Let's Encrypt, CN=YR1"
ppms-sales-api-develop.dev-ppm.fcs.gsa.gov,Yes,Yes,2,1,2026-08-04T12:00:52,2026-11-02T12:00:51,28526132475;28526097051,"C=US, O=Let's Encrypt, CN=YR2"
ppms-sales-api-test.dev-ppm.fcs.gsa.gov,Yes,Yes,2,1,2026-08-04T12:02:09,2026-11-02T12:02:08,28526134119;28526122808,"C=US, O=Let's Encrypt, CN=YR1"
ppms-sales-api-test.test-ppm.fcs.gsa.gov,Yes,Yes,2,1,2026-07-14T17:39:14,2026-10-12T17:39:13,27933379996;27933381024,"C=US, O=Let's Encrypt, CN=YR2"
ppms-sales-api-uat.dev-ppm.fcs.gsa.gov,Yes,Yes,2,1,2026-08-04T12:01:55,2026-11-02T12:01:54,28526117548;28526135318,"C=US, O=Let's Encrypt, CN=YR1"
ppms-user-api-develop.dev-ppm.fcs.gsa.gov,Yes,Yes,2,1,2026-08-04T12:00:10,2026-11-02T12:00:09,28526110617;28526093024,"C=US, O=Let's Encrypt, CN=YR1"
ppms-user-api-test.dev-ppm.fcs.gsa.gov,Yes,Yes,2,1,2026-08-04T11:53:07,2026-11-02T11:53:06,28525929786;28525933558,"C=US, O=Let's Encrypt, CN=YR1"
ppms-user-api-test.test-ppm.fcs.gsa.gov,Yes,Yes,2,1,2026-07-14T17:39:14,2026-10-12T17:39:13,27933380923;27933366555,"C=US, O=Let's Encrypt, CN=YR1"
ppms-user-api-uat.dev-ppm.fcs.gsa.gov,Yes,Yes,2,1,2026-08-04T11:56:21,2026-11-02T11:56:20,28526006664;28525989940,"C=US, O=Let's Encrypt, CN=YR2"
ppms-validation-api-develop.dev-ppm.fcs.gsa.gov,Yes,Yes,2,1,2026-08-04T11:56:28,2026-11-02T11:56:27,28526002970;28526009800,"C=US, O=Let's Encrypt, CN=YR1"
ppms-validation-api-test.dev-ppm.fcs.gsa.gov,Yes,Yes,2,1,2026-08-04T12:01:48,2026-11-02T12:01:47,28526158049;28526112624,"C=US, O=Let's Encrypt, CN=YR1"
ppms-validation-api-test.test-ppm.fcs.gsa.gov,Yes,Yes,2,1,2026-07-14T17:42:40,2026-10-12T17:42:39,27933459158;27933453952,"C=US, O=Let's Encrypt, CN=YR2"
ppms-validation-api-uat.dev-ppm.fcs.gsa.gov,Yes,Yes,2,1,2026-08-04T11:53:09,2026-11-02T11:53:08,28525938125;28525933277,"C=US, O=Let's Encrypt, CN=YR1"
prdhrlinkscd.gsa.gov,Yes,Yes,2,1,2026-06-09T00:00:00,2027-01-10T23:59:59,27503999036;27023200845,"C=US, O=DigiCert Inc, CN=DigiCert Global G2 TLS RSA SHA256 2020 CA1"
preprod-hrlinks.gsa.gov,Yes,Yes,1,1,2025-09-25T00:00:00,2026-10-26T23:59:59,21263574791,"C=US, O=DigiCert Inc, CN=DigiCert Global G2 TLS RSA SHA256 2020 CA1"
preprod.assist.mcaas.fcs.gsa.gov,Yes,Yes,1,1,2026-06-08T00:00:00,2026-12-22T23:59:59,26984473685,"C=US, O=Amazon, CN=Amazon RSA 2048 M04"
preprod.cnxs.vpcaas.fcs.gsa.gov,Yes,Yes,6,3,2026-01-09T00:00:00,2027-01-09T23:59:59,28918330202;27509905302;28854535816;23660625035;27509895752;23660715551,"C=US, O=Let's Encrypt, CN=YE1;C=US, O=Let's Encrypt, CN=YE2;C=US, O=DigiCert Inc, CN=DigiCert Global G2 TLS RSA SHA256 2020 CA1"
pricing-api-bulk.fss19-dev.fcs.gsa.gov,Yes,Yes,1,1,2026-02-15T00:00:00,2027-03-16T23:59:59,24418883896,"C=US, O=Amazon, CN=Amazon RSA 2048 M04"
pricing-api-bulk.fss19-mgmt.fcs.gsa.gov,Yes,Yes,2,2,2025-09-23T00:00:00,2027-03-09T23:59:59,28994675264;21214016317,"C=US, O=Amazon, CN=Amazon RSA 2048 M01;C=US, O=Amazon, CN=Amazon RSA 2048 M04"
pricing-api-bulk.fss19-prod.fcs.gsa.gov,Yes,Yes,1,1,2026-02-06T00:00:00,2027-03-07T23:59:59,24215087669,"C=US, O=Amazon, CN=Amazon RSA 2048 M01"
pricing-api-dev.fss19-dev.fcs.gsa.gov,Yes,Yes,1,1,2026-01-28T00:00:00,2027-02-25T23:59:59,24023934180,"C=US, O=Amazon, CN=Amazon RSA 2048 M04"
pricing-api-mgmt.fss19-mgmt.fcs.gsa.gov,Yes,Yes,1,1,2026-02-15T00:00:00,2027-03-15T23:59:59,24418885285,"C=US, O=Amazon, CN=Amazon RSA 2048 M04"
pricing-api-prod.fss19-prod.fcs.gsa.gov,Yes,Yes,1,1,2026-06-25T00:00:00,2027-01-08T23:59:59,27463889797,"C=US, O=Amazon, CN=Amazon RSA 2048 M04"
prod-acqit.helix.gsa.gov,Yes,Yes,2,2,2025-08-25T00:00:00,2027-02-08T23:59:59,28259723725;20571858790,"C=US, O=Amazon, CN=Amazon RSA 2048 M02;C=US, O=Amazon, CN=Amazon RSA 2048 M04"
prod-iae.bsp.gsa.gov,Yes,Yes,4,3,2026-05-19T00:00:00,2027-02-04T23:59:59,26498769783;26454982648;28158756167;28138054519,"C=US, O=DigiCert Inc, CN=DigiCert EV RSA CA G2;C=US, O=DigiCert Inc, CN=DigiCert Global G2 TLS RSA SHA256 2020 CA1;C=US, O=Amazon, CN=Amazon RSA 2048 M01"
prod-lde.bsp.gsa.gov,Yes,Yes,1,1,2026-07-08T00:00:00,2027-01-21T23:59:59,27770739108,"C=US, O=Amazon, CN=Amazon RSA 2048 M04"
prod.acqchat.mcaas.fcs.gsa.gov,Yes,Yes,1,1,2026-07-26T00:00:00,2027-02-08T23:59:59,28258306580,"C=US, O=Amazon, CN=Amazon RSA 2048 M04"
prod.acr.mcaas.fcs.gsa.gov,Yes,Yes,1,1,2026-01-15T00:00:00,2027-02-13T23:59:59,23789514038,"C=US, O=Amazon, CN=Amazon RSA 2048 M04"
prod.afm.mcaas.fcs.gsa.gov,Yes,Yes,1,1,2026-06-14T00:00:00,2026-12-28T23:59:59,27169292710,"C=US, O=Amazon, CN=Amazon RSA 2048 M04"
prod.aigov.mcaas.fcs.gsa.gov,Yes,Yes,1,1,2026-04-08T00:00:00,2026-10-22T23:59:59,25490868486,"C=US, O=Amazon, CN=Amazon RSA 2048 M01"
prod.ang.mcaas.fcs.gsa.gov,Yes,Yes,1,1,2025-10-06T00:00:00,2026-11-04T23:59:59,21521756034,"C=US, O=Amazon, CN=Amazon RSA 2048 M04"
prod.apiss.mcaas.fcs.gsa.gov,Yes,Yes,2,1,2025-09-24T00:00:00,2027-03-10T23:59:59,29018302088;21253571182,"C=US, O=Amazon, CN=Amazon RSA 2048 M04"
prod.asds.mcaas.fcs.gsa.gov,Yes,Yes,1,1,2025-12-10T00:00:00,2027-01-08T23:59:59,23040966795,"C=US, O=Amazon, CN=Amazon RSA 2048 M01"
prod.assist.mcaas.fcs.gsa.gov,Yes,Yes,1,1,2026-06-08T00:00:00,2026-12-22T23:59:59,26986234100,"C=US, O=Amazon, CN=Amazon RSA 2048 M01"
prod.cc.mcaas.fcs.gsa.gov,Yes,Yes,2,2,2026-04-01T00:00:00,2027-03-17T23:59:59,25302531810;29204413588,"C=US, O=Amazon, CN=Amazon RSA 2048 M01;C=US, O=Amazon, CN=Amazon RSA 2048 M04"
prod.cmccp.mcaas.fcs.gsa.gov,Yes,Yes,1,1,2025-12-10T00:00:00,2027-01-08T23:59:59,23040965312,"C=US, O=Amazon, CN=Amazon RSA 2048 M04"
prod.cnxs.vpcaas.fcs.gsa.gov,Yes,Yes,4,1,2026-06-29T13:14:50,2026-11-19T20:23:18,27569912795;29036014410;28998896436;27569917969,"C=US, O=Let's Encrypt, CN=YE2"
prod.core.mcaas.fcs.gsa.gov,Yes,Yes,1,1,2026-04-06T00:00:00,2026-10-20T23:59:59,25411451747,"C=US, O=Amazon, CN=Amazon RSA 2048 M01"
prod.d2d.mcaas.fcs.gsa.gov,Yes,Yes,1,1,2026-07-26T00:00:00,2027-02-08T23:59:59,28257851331,"C=US, O=Amazon, CN=Amazon RSA 2048 M04"
prod.data.mcaas.fcs.gsa.gov,Yes,Yes,1,1,2026-01-23T00:00:00,2027-02-21T23:59:59,23940458581,"C=US, O=Amazon, CN=Amazon RSA 2048 M04"
prod.disa.mcaas.fcs.gsa.gov,Yes,Yes,1,1,2025-12-16T00:00:00,2027-01-14T23:59:59,23158015976,"C=US, O=Amazon, CN=Amazon RSA 2048 M01"
prod.dnfsb.mcaas.fcs.gsa.gov,Yes,Yes,1,1,2026-05-19T00:00:00,2026-12-02T23:59:59,26471015516,"C=US, O=Amazon, CN=Amazon RSA 2048 M04"
prod.doc.mcaas.fcs.gsa.gov,Yes,Yes,2,1,2025-09-26T00:00:00,2027-03-12T23:59:59,21296791046;29072211808,"C=US, O=Amazon, CN=Amazon RSA 2048 M04"
prod.doi.mcaas.fcs.gsa.gov,Yes,Yes,2,2,2025-09-17T00:00:00,2027-03-03T23:59:59,28797268809;21094412518,"C=US, O=Amazon, CN=Amazon RSA 2048 M01;C=US, O=Amazon, CN=Amazon RSA 2048 M04"
prod.doj.mcaas.fcs.gsa.gov,Yes,Yes,1,1,2026-04-17T00:00:00,2026-10-31T23:59:59,25552209153,"C=US, O=Amazon, CN=Amazon RSA 2048 M04"
prod.doli.mcaas.fcs.gsa.gov,Yes,Yes,1,1,2026-05-27T00:00:00,2026-12-10T23:59:59,26667979124,"C=US, O=Amazon, CN=Amazon RSA 2048 M04"
prod.dot.mcaas.fcs.gsa.gov,Yes,Yes,1,1,2025-10-21T00:00:00,2026-11-19T23:59:59,21893290238,"C=US, O=Amazon, CN=Amazon RSA 2048 M04"
prod.dxcore.dx.mcaas.fcs.gsa.gov,Yes,Yes,2,1,2025-09-24T00:00:00,2027-03-10T23:59:59,21251794000;29013998074,"C=US, O=Amazon, CN=Amazon RSA 2048 M04"
prod.ed.mcaas.fcs.gsa.gov,Yes,Yes,1,1,2026-07-08T00:00:00,2027-01-21T23:59:59,27770756484,"C=US, O=Amazon, CN=Amazon RSA 2048 M01"
prod.eeoc.mcaas.fcs.gsa.gov,Yes,Yes,1,1,2026-06-23T00:00:00,2027-01-06T23:59:59,27429303666,"C=US, O=Amazon, CN=Amazon RSA 2048 M04"
prod.erpa.mcaas.fcs.gsa.gov,Yes,Yes,1,1,2026-05-18T00:00:00,2026-12-01T23:59:59,26429736157,"C=US, O=Amazon, CN=Amazon RSA 2048 M01"
prod.faa.mcaas.fcs.gsa.gov,Yes,Yes,1,1,2026-04-09T00:00:00,2026-10-23T23:59:59,25474058258,"C=US, O=Amazon, CN=Amazon RSA 2048 M04"
prod.fhfa.mcaas.fcs.gsa.gov,Yes,Yes,1,1,2025-10-15T00:00:00,2026-11-13T23:59:59,21745261822,"C=US, O=Amazon, CN=Amazon RSA 2048 M04"
prod.folio.mcaas.fcs.gsa.gov,Yes,Yes,1,1,2026-05-10T00:00:00,2026-11-23T23:59:59,26222420917,"C=US, O=Amazon, CN=Amazon RSA 2048 M01"
prod.frtib.mcaas.fcs.gsa.gov,Yes,Yes,1,1,2026-06-11T00:00:00,2026-12-25T23:59:59,27102439958,"C=US, O=Amazon, CN=Amazon RSA 2048 M01"
prod.ftc.mcaas.fcs.gsa.gov,Yes,Yes,1,1,2026-02-17T00:00:00,2027-03-18T23:59:59,24475833050,"C=US, O=Amazon, CN=Amazon RSA 2048 M01"
prod.gogov.mcaas.fcs.gsa.gov,Yes,Yes,1,1,2025-08-27T00:00:00,2026-09-25T23:59:59,20613582691,"C=US, O=Amazon, CN=Amazon RSA 2048 M02"
prod.gsa.mcaas.fcs.gsa.gov,Yes,Yes,1,1,2026-07-08T00:00:00,2027-01-21T23:59:59,27773389030,"C=US, O=Amazon, CN=Amazon RSA 2048 M01"
prod.gsai.mcaas.fcs.gsa.gov,Yes,Yes,1,1,2026-06-23T00:00:00,2027-01-06T23:59:59,27414747437,"C=US, O=Amazon, CN=Amazon RSA 2048 M04"
prod.gsaipw4.mcaas.fcs.gsa.gov,No,Yes,1,1,2026-02-17T00:00:00,2027-03-18T23:59:59,24460760949,"C=US, O=Amazon, CN=Amazon RSA 2048 M04"
prod.hhs.mcaas.fcs.gsa.gov,Yes,Yes,1,1,2025-10-07T00:00:00,2026-11-05T23:59:59,21552786918,"C=US, O=Amazon, CN=Amazon RSA 2048 M04"
prod.hud.mcaas.fcs.gsa.gov,Yes,Yes,1,1,2025-10-06T00:00:00,2026-11-04T23:59:59,21530301483,"C=US, O=Amazon, CN=Amazon RSA 2048 M01"
prod.iae.mcaas.fcs.gsa.gov,Yes,Yes,1,1,2025-12-10T00:00:00,2027-01-08T23:59:59,23040966026,"C=US, O=Amazon, CN=Amazon RSA 2048 M01"
prod.itdb.mcaas.fcs.gsa.gov,Yes,Yes,1,1,2026-07-26T00:00:00,2027-02-08T23:59:59,28258717892,"C=US, O=Amazon, CN=Amazon RSA 2048 M01"
prod.itpa.mcaas.fcs.gsa.gov,Yes,Yes,1,1,2026-08-28T00:00:00,2027-03-13T23:59:59,29118001619,"C=US, O=Amazon, CN=Amazon RSA 2048 M01"
prod.ncua.mcaas.fcs.gsa.gov,Yes,Yes,1,1,2025-10-30T00:00:00,2026-11-28T23:59:59,22108606111,"C=US, O=Amazon, CN=Amazon RSA 2048 M01"
prod.nlrb.mcaas.fcs.gsa.gov,Yes,Yes,1,1,2026-06-11T00:00:00,2026-12-25T23:59:59,27102402476,"C=US, O=Amazon, CN=Amazon RSA 2048 M04"
prod.nrc.mcaas.fcs.gsa.gov,Yes,Yes,1,1,2026-05-19T00:00:00,2026-12-02T23:59:59,26471028854,"C=US, O=Amazon, CN=Amazon RSA 2048 M04"
prod.nsf.mcaas.fcs.gsa.gov,Yes,Yes,1,1,2026-06-23T00:00:00,2027-01-06T23:59:59,27429302016,"C=US, O=Amazon, CN=Amazon RSA 2048 M04"
prod.ntsb.mcaas.fcs.gsa.gov,Yes,Yes,1,1,2026-05-26T00:00:00,2026-12-09T23:59:59,26663539505,"C=US, O=Amazon, CN=Amazon RSA 2048 M01"
prod.ocas.mcaas.fcs.gsa.gov,Yes,Yes,1,1,2026-05-31T00:00:00,2026-12-14T23:59:59,26771350904,"C=US, O=Amazon, CN=Amazon RSA 2048 M04"
prod.oge.mcaas.fcs.gsa.gov,Yes,Yes,1,1,2026-05-29T00:00:00,2026-12-12T23:59:59,26734698503,"C=US, O=Amazon, CN=Amazon RSA 2048 M04"
prod.ogpvp.mcaas.fcs.gsa.gov,Yes,Yes,1,1,2025-12-10T00:00:00,2027-01-08T23:59:59,23040965579,"C=US, O=Amazon, CN=Amazon RSA 2048 M01"
prod.opm.mcaas.fcs.gsa.gov,Yes,Yes,2,2,2025-08-25T00:00:00,2027-02-08T23:59:59,20574359397;28255238298,"C=US, O=Amazon, CN=Amazon RSA 2048 M02;C=US, O=Amazon, CN=Amazon RSA 2048 M01"
prod.pc.mcaas.fcs.gsa.gov,Yes,Yes,1,1,2025-10-03T00:00:00,2026-11-01T23:59:59,21451289154,"C=US, O=Amazon, CN=Amazon RSA 2048 M01"
prod.pipe.mcaas.fcs.gsa.gov,Yes,Yes,2,1,2026-04-01T00:00:00,2027-03-17T23:59:59,29205463035;25304969783,"C=US, O=Amazon, CN=Amazon RSA 2048 M04"
prod.smartpay.mcaas.fcs.gsa.gov,Yes,Yes,1,1,2025-12-29T00:00:00,2027-01-27T23:59:59,23438375529,"C=US, O=Amazon, CN=Amazon RSA 2048 M01"
prod.srp.mcaas.fcs.gsa.gov,Yes,Yes,1,1,2026-08-06T00:00:00,2027-02-19T23:59:59,28600905360,"C=US, O=Amazon, CN=Amazon RSA 2048 M04"
prod.sss.mcaas.fcs.gsa.gov,Yes,Yes,2,2,2025-09-16T00:00:00,2027-03-02T23:59:59,21067814956;28793657043,"C=US, O=Amazon, CN=Amazon RSA 2048 M04;C=US, O=Amazon, CN=Amazon RSA 2048 M01"
prod.stateoig.mcaas.fcs.gsa.gov,Yes,Yes,2,2,2025-10-01T00:00:00,2027-03-17T23:59:59,21404680655;29209326991,"C=US, O=Amazon, CN=Amazon RSA 2048 M04;C=US, O=Amazon, CN=Amazon RSA 2048 M01"
prod.tangoreserve.mcaas.fcs.gsa.gov,Yes,Yes,1,1,2026-07-09T00:00:00,2027-01-22T23:59:59,27812586280,"C=US, O=Amazon, CN=Amazon RSA 2048 M04"
prod.tem.mcaas.fcs.gsa.gov,Yes,Yes,2,1,2026-04-01T00:00:00,2027-03-17T23:59:59,29207316942;25305158816,"C=US, O=Amazon, CN=Amazon RSA 2048 M01"
prod.tsc.mcaas.fcs.gsa.gov,Yes,Yes,2,2,2025-09-24T00:00:00,2027-03-10T23:59:59,29016006662;21251794370,"C=US, O=Amazon, CN=Amazon RSA 2048 M04;C=US, O=Amazon, CN=Amazon RSA 2048 M01"
prod.usda.mcaas.fcs.gsa.gov,Yes,Yes,1,1,2025-10-07T00:00:00,2026-11-05T23:59:59,21552786623,"C=US, O=Amazon, CN=Amazon RSA 2048 M01"
prod20.d2d.gsa.gov,No,Yes,1,1,2026-06-17T00:00:00,2026-12-31T23:59:59,27249472169,"C=US, O=Amazon, CN=Amazon RSA 2048 M04"
production.orders.fas.gsa.gov,No,Yes,2,1,2026-08-12T19:07:56,2026-11-10T19:07:55,28787250447;28794635644,"C=US, O=Let's Encrypt, CN=YR1"
prometheus.dev-ppm.fcs.gsa.gov,Yes,Yes,2,1,2026-08-04T13:51:36,2026-11-02T13:51:35,28528588989;28528588992,"C=US, O=Let's Encrypt, CN=YR2"
prometheus.mgmt-ppm.fcs.gsa.gov,Yes,Yes,2,1,2026-08-04T23:09:45,2026-11-02T23:09:44,28540711844;28540687189,"C=US, O=Let's Encrypt, CN=YR2"
prometheus.test-ppm.fcs.gsa.gov,Yes,Yes,2,1,2026-07-14T17:42:14,2026-10-12T17:42:13,27933449997;27933452233,"C=US, O=Let's Encrypt, CN=YR2"
propertydisposal.gsa.gov,No,Yes,3,1,2026-08-10T00:00:00,2027-02-27T23:59:59,28775439515;28719836262;28787418281,"C=US, O=DigiCert Inc, CN=DigiCert Global G2 TLS RSA SHA256 2020 CA1"
public-api-gateway.dev.iae.mcaas.fcs.gsa.gov,No,Yes,1,1,2026-04-08T00:00:00,2026-10-22T23:59:59,25447784778,"C=US, O=Amazon, CN=Amazon RSA 2048 M01"
public-api-gateway.test.iae.mcaas.fcs.gsa.gov,No,Yes,1,1,2026-04-08T00:00:00,2026-10-22T23:59:59,25447784778,"C=US, O=Amazon, CN=Amazon RSA 2048 M01"
pwa.fleet-dev.fcs.gsa.gov,Yes,Yes,2,1,2025-12-21T00:00:00,2027-01-19T23:59:59,23260130427;23261622379,"C=US, O=Amazon, CN=Amazon RSA 2048 M04"
pwa.fleet-stg.fcs.gsa.gov,Yes,Yes,1,1,2026-07-10T00:00:00,2027-01-23T23:59:59,27822920855,"C=US, O=Amazon, CN=Amazon RSA 2048 M04"
pwa.fleet-test.fcs.gsa.gov,Yes,Yes,2,1,2025-12-31T00:00:00,2027-01-29T23:59:59,23467148963;23466419472,"C=US, O=Amazon, CN=Amazon RSA 2048 M01"
pwa.sandbox.fleet-dev.fcs.gsa.gov,Yes,Yes,2,1,2026-02-05T00:00:00,2027-03-06T23:59:59,24193032957;24194501983,"C=US, O=Amazon, CN=Amazon RSA 2048 M04"
r6-vpn.gsa.gov,Yes,Yes,3,1,2026-06-01T00:00:00,2026-12-18T23:59:59,26856557186;26807633013;26801859138,"C=US, O=DigiCert Inc, CN=DigiCert Global G2 TLS RSA SHA256 2020 CA1"
rad.usaccess.gsa.gov,Yes,Yes,2,1,2025-11-03T00:00:00,2026-12-04T23:59:59,22184473428;22184468878,"C=CA, O=Entrust Limited, CN=Entrust DV TLS Issuing RSA CA 2"
rap.usaccess.gsa.gov,Yes,Yes,2,1,2025-11-03T00:00:00,2026-12-04T23:59:59,22184417380;22184468919,"C=CA, O=Entrust Limited, CN=Entrust DV TLS Issuing RSA CA 2"
ras.usaccess.gsa.gov,Yes,Yes,2,1,2025-11-03T00:00:00,2026-12-04T23:59:59,22183838236;22183853186,"C=CA, O=Entrust Limited, CN=Entrust DV TLS Issuing RSA CA 2"
rat.usaccess.gsa.gov,Yes,Yes,2,1,2025-10-27T00:00:00,2026-11-27T23:59:59,22041926743;22041944020,"C=CA, O=Entrust Limited, CN=Entrust DV TLS Issuing RSA CA 2"
rc.gsa.gov,No,Yes,3,1,2026-08-10T00:00:00,2027-02-27T23:59:59,28775439515;28719836262;28787418281,"C=US, O=DigiCert Inc, CN=DigiCert Global G2 TLS RSA SHA256 2020 CA1"
reportsportal.fas.gsa.gov,Yes,Yes,1,1,2026-03-25T00:00:00,2026-10-09T23:59:59,25213745067,"C=US, O=DigiCert Inc, CN=DigiCert Global G2 TLS RSA SHA256 2020 CA1"
reservations.wil.gsa.gov,No,Yes,2,1,2026-06-25T00:00:00,2027-01-09T23:59:59,27472986043;27472966732,"C=US, O=DigiCert Inc, CN=DigiCert Global G2 TLS RSA SHA256 2020 CA1"
ret.gsa.gov,Yes,Yes,2,1,2026-02-02T00:00:00,2027-03-05T23:59:59,24141448061;24142662306,"C=US, O=DigiCert Inc, CN=DigiCert Global G2 TLS RSA SHA256 2020 CA1"
rith-dev.fss19-dev.fcs.gsa.gov,Yes,Yes,1,1,2025-12-07T00:00:00,2027-01-05T23:59:59,22945866229,"C=US, O=Amazon, CN=Amazon RSA 2048 M04"
rith-mgmt.fss19-mgmt.fcs.gsa.gov,Yes,Yes,1,1,2026-04-08T00:00:00,2026-10-22T23:59:59,25437145020,"C=US, O=Amazon, CN=Amazon RSA 2048 M04"
rith-prod.fss19-prod.fcs.gsa.gov,Yes,Yes,1,1,2025-12-28T00:00:00,2027-01-26T23:59:59,23409431234,"C=US, O=Amazon, CN=Amazon RSA 2048 M04"
sai-api-dev.fss19-dev.fcs.gsa.gov,Yes,Yes,1,1,2026-05-23T00:00:00,2026-12-06T23:59:59,26565569644,"C=US, O=Amazon, CN=Amazon RSA 2048 M01"
sai-api-mgmt.fss19-mgmt.fcs.gsa.gov,Yes,Yes,1,1,2026-07-06T00:00:00,2027-01-19T23:59:59,27741475983,"C=US, O=Amazon, CN=Amazon RSA 2048 M01"
sam-gateway2.dev.iae.mcaas.fcs.gsa.gov,Yes,Yes,1,1,2026-04-08T00:00:00,2026-10-22T23:59:59,25447784778,"C=US, O=Amazon, CN=Amazon RSA 2048 M01"
sam-gateway2.test.iae.mcaas.fcs.gsa.gov,No,Yes,1,1,2026-04-08T00:00:00,2026-10-22T23:59:59,25447784778,"C=US, O=Amazon, CN=Amazon RSA 2048 M01"
san-22-s13.tlsprovisioning.exacttarget.com,Yes,No,1,1,2026-07-25T00:00:00,2027-02-08T23:59:59,28225620949,"C=US, O=DigiCert Inc, CN=DigiCert Global G2 TLS RSA SHA256 2020 CA1"
san-40-s12.tlsprovisioning.exacttarget.com,Yes,No,2,1,2025-11-26T00:00:00,2026-12-27T23:59:59,22740171645;23056841050,"C=US, O=DigiCert Inc, CN=DigiCert Global G2 TLS RSA SHA256 2020 CA1"
sandbox.fleet-mgmt.fcs.gsa.gov,Yes,Yes,1,1,2025-11-19T00:00:00,2026-12-18T23:59:59,22576656205,"C=US, O=Amazon, CN=Amazon RSA 2048 M04"
sandbox.servicedesk.gsa.gov,No,Yes,4,1,2026-02-13T00:00:00,2027-03-03T23:59:59,25026112324;24495168162;24382788348;25026092757,"C=US, O=DigiCert Inc, CN=DigiCert Global G2 TLS RSA SHA256 2020 CA1"
sandboxfas-mfalogin.fas.gsa.gov,Yes,Yes,4,2,2026-07-01T19:11:34,2026-10-30T19:11:30,27625660235;28443749885;28443739716;27625661450,"C=US, O=Let's Encrypt, CN=YR2;C=US, O=Let's Encrypt, CN=YR1"
sandboxfas2-mfalogin.fas.gsa.gov,Yes,Yes,6,2,2026-06-17T19:11:21,2026-11-16T19:11:28,28929317852;28046586871;27270528105;28046584157;28937015791;27270533622,"C=US, O=Let's Encrypt, CN=YR2;C=US, O=Let's Encrypt, CN=YR1"
scopereview-staging.gsa.gov,Yes,Yes,1,1,2026-07-06T00:00:00,2027-01-19T23:59:59,27740183442,"C=US, O=Amazon, CN=Amazon RSA 2048 M01"
scopereview-test.gsa.gov,Yes,Yes,1,1,2026-07-27T00:00:00,2027-02-09T23:59:59,28277847200,"C=US, O=Amazon, CN=Amazon RSA 2048 M01"
search.gsa.gov,No,Yes,2,1,2026-07-07T16:53:32,2026-10-05T16:53:31,27762408067;27762411898,"C=US, O=Let's Encrypt, CN=YR1"
search.usa.gov,Yes,No,2,1,2026-07-07T16:53:32,2026-10-05T16:53:31,27762408067;27762411898,"C=US, O=Let's Encrypt, CN=YR1"
securefoia.gsa.gov,Yes,Yes,4,3,2026-06-24T22:28:29,2027-01-29T23:59:59,27960149389;27460292726;27791601290;29226715335,"C=BE, O=GlobalSign nv-sa, CN=GlobalSign Atlas R46 DV TLS CA 2026 Q2;C=US, O=DigiCert Inc, CN=DigiCert Global G2 TLS RSA SHA256 2020 CA1;C=BE, O=GlobalSign nv-sa, CN=GlobalSign Atlas R46 DV TLS CA 2026 Q3"
selenium-hub.mgmt-ppm.fcs.gsa.gov,Yes,Yes,2,1,2026-08-04T23:07:44,2026-11-02T23:07:43,28540625249;28540641059,"C=US, O=Let's Encrypt, CN=YR2"
sell.gsa.gov,Yes,Yes,2,2,2025-08-26T00:00:00,2027-02-09T23:59:59,28286425241;20594952131,"C=US, O=Amazon, CN=Amazon RSA 2048 M02;C=US, O=Amazon, CN=Amazon RSA 2048 M04"
services.usaccess.gsa.gov,Yes,Yes,2,1,2025-11-03T00:00:00,2026-12-04T23:59:59,22185100159;22185075758,"C=CA, O=Entrust Limited, CN=Entrust DV TLS Issuing RSA CA 2"
sfts-test.gsa.gov,No,Yes,1,1,2026-07-15T00:00:00,2027-01-29T23:59:59,27956134671,"C=US, O=DigiCert Inc, CN=DigiCert Global G2 TLS RSA SHA256 2020 CA1"
sfts.gsa.gov,Yes,Yes,1,1,2026-07-15T00:00:00,2027-01-29T23:59:59,27956134671,"C=US, O=DigiCert Inc, CN=DigiCert Global G2 TLS RSA SHA256 2020 CA1"
shared-public.fleet-dev.fcs.gsa.gov,Yes,Yes,2,2,2026-03-21T00:00:00,2027-03-06T23:59:59,28867690290;25125367967,"C=US, O=Amazon, CN=Amazon RSA 2048 M04;C=US, O=Amazon, CN=Amazon RSA 2048 M01"
shared-public.fleet-prod.fcs.gsa.gov,Yes,Yes,1,1,2026-04-24T00:00:00,2026-11-07T23:59:59,25728131145,"C=US, O=Amazon, CN=Amazon RSA 2048 M01"
shared-public.fleet-stg.fcs.gsa.gov,Yes,Yes,1,1,2026-06-19T00:00:00,2027-01-02T23:59:59,27306933961,"C=US, O=Amazon, CN=Amazon RSA 2048 M04"
shared-public.fleet-test.fcs.gsa.gov,Yes,Yes,1,1,2026-04-10T00:00:00,2026-10-24T23:59:59,25537817359,"C=US, O=Amazon, CN=Amazon RSA 2048 M01"
shared-public.sandbox.fleet-dev.fcs.gsa.gov,Yes,Yes,1,1,2026-02-05T00:00:00,2027-03-06T23:59:59,24191622516,"C=US, O=Amazon, CN=Amazon RSA 2048 M04"
shared.fleet-dev.fcs.gsa.gov,Yes,Yes,2,1,2025-09-30T00:00:00,2027-03-15T23:59:59,29157584877;21365937261,"C=US, O=Amazon, CN=Amazon RSA 2048 M01"
shared.fleet-prod.fcs.gsa.gov,Yes,Yes,1,1,2026-04-08T00:00:00,2026-10-22T23:59:59,25438559677,"C=US, O=Amazon, CN=Amazon RSA 2048 M01"
shared.fleet-stg.fcs.gsa.gov,Yes,Yes,1,1,2026-06-18T00:00:00,2027-01-01T23:59:59,27277697583,"C=US, O=Amazon, CN=Amazon RSA 2048 M04"
shared.fleet-test.fcs.gsa.gov,Yes,Yes,1,1,2025-12-24T00:00:00,2027-01-22T23:59:59,23328402449,"C=US, O=Amazon, CN=Amazon RSA 2048 M01"
shared.sandbox.fleet-dev.fcs.gsa.gov,Yes,Yes,1,1,2026-02-05T00:00:00,2027-03-06T23:59:59,24193263755,"C=US, O=Amazon, CN=Amazon RSA 2048 M04"
slc.gsa.gov,No,Yes,1,1,2025-11-17T00:00:00,2026-12-07T23:59:59,22543953170,"C=US, O=DigiCert Inc, CN=DigiCert Global G2 TLS RSA SHA256 2020 CA1"
smartpay-dev.gsa.gov,Yes,Yes,2,2,2026-02-11T00:00:00,2027-03-13T23:59:59,24360542596;24335588901,"C=US, O=Amazon, CN=Amazon RSA 2048 M01;C=US, O=Amazon, CN=Amazon RSA 2048 M04"
smartpay-stg.gsa.gov,Yes,Yes,2,1,2026-02-11T00:00:00,2027-03-13T23:59:59,24360543031;24335590285,"C=US, O=Amazon, CN=Amazon RSA 2048 M01"
smartpay-test.gsa.gov,Yes,Yes,2,2,2026-02-11T00:00:00,2027-03-13T23:59:59,24335629419;24360543139,"C=US, O=Amazon, CN=Amazon RSA 2048 M04;C=US, O=Amazon, CN=Amazon RSA 2048 M01"
smartpay.gsa.gov,Yes,Yes,5,2,2026-03-04T00:00:00,2027-02-17T23:59:59,28127071674;28515959213;28127070350;28513525477;24786595704,"C=US, O=Let's Encrypt, CN=YR1;C=US, O=Amazon, CN=Amazon RSA 2048 M04"
smp-stage.gsa.gov,Yes,Yes,2,1,2026-07-12T18:21:23,2026-10-10T18:21:22,27880838477;27880834547,"C=US, O=Let's Encrypt, CN=YR2"
smtp.gsa.gov,No,Yes,9,1,2025-10-21T00:00:00,2026-11-12T23:59:59,25372264408;21892503565;21892695551;21892441536;21892621677;25468662103;25456331109;25471150616;21892695684,"C=US, O=DigiCert Inc, CN=DigiCert Global G2 TLS RSA SHA256 2020 CA1"
snyk.fss19-prod.fcs.gsa.gov,Yes,Yes,1,1,2025-12-25T00:00:00,2027-01-23T23:59:59,23350547543,"C=US, O=Amazon, CN=Amazon RSA 2048 M04"
sonar.mgmt-ppm.fcs.gsa.gov,Yes,Yes,2,1,2026-08-04T23:09:08,2026-11-02T23:09:07,28540703219;28540677018,"C=US, O=Let's Encrypt, CN=YR2"
sonarqube.etsnext.fas.gsa.gov,Yes,Yes,2,1,2026-04-09T00:00:00,2026-10-23T23:59:59,25672998015;25449154703,"C=US, O=Amazon, CN=Amazon RSA 2048 M04"
sourcedata.gsa.gov,Yes,Yes,1,1,2026-07-26T00:00:00,2027-02-08T23:59:59,28260132632,"C=US, O=Amazon, CN=Amazon RSA 2048 M04"
spdatawarehouse-dev.gsa.gov,Yes,Yes,2,1,2025-12-01T00:00:00,2026-12-30T23:59:59,22845855414;22845077333,"C=US, O=Amazon, CN=Amazon RSA 2048 M01"
spdatawarehouse-test.gsa.gov,No,Yes,2,1,2025-12-01T00:00:00,2026-12-30T23:59:59,22845855414;22845077333,"C=US, O=Amazon, CN=Amazon RSA 2048 M01"
spdatawarehouse.gsa.gov,Yes,Yes,1,1,2025-10-28T00:00:00,2026-11-26T23:59:59,22065061214,"C=US, O=Amazon, CN=Amazon RSA 2048 M01"
spdatawarehousebi-dev.gsa.gov,Yes,Yes,1,1,2026-07-26T00:00:00,2027-02-08T23:59:59,28258473968,"C=US, O=Amazon, CN=Amazon RSA 2048 M04"
spdatawarehousebi.gsa.gov,Yes,Yes,3,2,2026-01-15T00:00:00,2027-02-24T23:59:59,23789622307;23995237427;23789637478,"C=US, O=Amazon, CN=Amazon RSA 2048 M04;C=US, O=Amazon, CN=Amazon RSA 2048 M01"
spk02.gsa.gov,Yes,Yes,1,1,2025-12-11T00:00:00,2027-01-08T23:59:59,23045282034,"C=US, O=Amazon, CN=Amazon RSA 2048 M01"
srp.fas.gsa.gov,Yes,Yes,1,1,2026-07-26T00:00:00,2027-02-08T23:59:59,28258194868,"C=US, O=Amazon, CN=Amazon RSA 2048 M01"
staging-frpp.d2d.gsa.gov,No,Yes,2,1,2026-03-06T00:00:00,2027-02-19T23:59:59,24821787231;28583614037,"C=US, O=Amazon, CN=Amazon RSA 2048 M04"
staging-tableau.d2d.gsa.gov,No,Yes,3,1,2026-02-27T00:00:00,2027-02-19T23:59:59,24821787231;28583614037;24685913572,"C=US, O=Amazon, CN=Amazon RSA 2048 M04"
staging.acr.mcaas.fcs.gsa.gov,Yes,Yes,1,1,2026-01-15T00:00:00,2027-02-13T23:59:59,23789514079,"C=US, O=Amazon, CN=Amazon RSA 2048 M04"
staging.afm.mcaas.fcs.gsa.gov,Yes,Yes,1,1,2026-06-14T00:00:00,2026-12-28T23:59:59,27170288560,"C=US, O=Amazon, CN=Amazon RSA 2048 M04"
staging.aigov.mcaas.fcs.gsa.gov,Yes,Yes,1,1,2026-04-08T00:00:00,2026-10-22T23:59:59,25419212731,"C=US, O=Amazon, CN=Amazon RSA 2048 M04"
staging.apiss.mcaas.fcs.gsa.gov,Yes,Yes,1,1,2026-07-26T00:00:00,2027-02-08T23:59:59,28260796421,"C=US, O=Amazon, CN=Amazon RSA 2048 M01"
staging.asds.mcaas.fcs.gsa.gov,Yes,Yes,1,1,2025-12-10T00:00:00,2027-01-08T23:59:59,23040966866,"C=US, O=Amazon, CN=Amazon RSA 2048 M04"
staging.assist.mcaas.fcs.gsa.gov,Yes,Yes,1,1,2026-06-08T00:00:00,2026-12-22T23:59:59,26985131652,"C=US, O=Amazon, CN=Amazon RSA 2048 M01"
staging.cc.mcaas.fcs.gsa.gov,Yes,Yes,2,2,2026-04-01T00:00:00,2027-03-17T23:59:59,29205581709;25304194566,"C=US, O=Amazon, CN=Amazon RSA 2048 M04;C=US, O=Amazon, CN=Amazon RSA 2048 M01"
staging.cmccp.mcaas.fcs.gsa.gov,Yes,Yes,1,1,2025-12-10T00:00:00,2027-01-08T23:59:59,23040965416,"C=US, O=Amazon, CN=Amazon RSA 2048 M04"
staging.core.mcaas.fcs.gsa.gov,Yes,Yes,1,1,2026-04-06T00:00:00,2026-10-20T23:59:59,25409778462,"C=US, O=Amazon, CN=Amazon RSA 2048 M01"
staging.d2d.gsa.gov,No,Yes,3,1,2026-02-27T00:00:00,2027-02-19T23:59:59,24821787231;28583614037;24685913572,"C=US, O=Amazon, CN=Amazon RSA 2048 M04"
staging.d2d.mcaas.fcs.gsa.gov,Yes,Yes,1,1,2026-07-26T00:00:00,2027-02-08T23:59:59,28260210519,"C=US, O=Amazon, CN=Amazon RSA 2048 M04"
staging.data.mcaas.fcs.gsa.gov,Yes,Yes,1,1,2026-01-23T00:00:00,2027-02-21T23:59:59,23940458888,"C=US, O=Amazon, CN=Amazon RSA 2048 M01"
staging.doc.mcaas.fcs.gsa.gov,Yes,Yes,1,1,2025-09-26T00:00:00,2026-10-25T23:59:59,21296791323,"C=US, O=Amazon, CN=Amazon RSA 2048 M04"
staging.doli.mcaas.fcs.gsa.gov,Yes,Yes,1,1,2026-05-27T00:00:00,2026-12-10T23:59:59,26668628220,"C=US, O=Amazon, CN=Amazon RSA 2048 M04"
staging.dxcore.dx.mcaas.fcs.gsa.gov,Yes,Yes,2,2,2025-09-24T00:00:00,2027-03-10T23:59:59,29025163805;21251793554,"C=US, O=Amazon, CN=Amazon RSA 2048 M01;C=US, O=Amazon, CN=Amazon RSA 2048 M04"
staging.folio.mcaas.fcs.gsa.gov,Yes,Yes,1,1,2026-05-10T00:00:00,2026-11-23T23:59:59,26221581054,"C=US, O=Amazon, CN=Amazon RSA 2048 M04"
staging.gsai.mcaas.fcs.gsa.gov,Yes,Yes,1,1,2026-06-23T00:00:00,2027-01-06T23:59:59,27413322458,"C=US, O=Amazon, CN=Amazon RSA 2048 M04"
staging.iae.mcaas.fcs.gsa.gov,Yes,Yes,1,1,2025-12-10T00:00:00,2027-01-08T23:59:59,23040965487,"C=US, O=Amazon, CN=Amazon RSA 2048 M01"
staging.itdb.mcaas.fcs.gsa.gov,Yes,Yes,1,1,2026-07-26T00:00:00,2027-02-08T23:59:59,28260133189,"C=US, O=Amazon, CN=Amazon RSA 2048 M04"
staging.itpa.mcaas.fcs.gsa.gov,Yes,Yes,1,1,2026-08-28T00:00:00,2027-03-13T23:59:59,29117040079,"C=US, O=Amazon, CN=Amazon RSA 2048 M04"
staging.nemaexwo.gsa.gov,No,Yes,1,1,2026-06-24T00:00:00,2027-01-08T23:59:59,27450468826,"C=US, O=DigiCert Inc, CN=DigiCert Global G2 TLS RSA SHA256 2020 CA1"
staging.ocms.mcaas.fcs.gsa.gov,Yes,Yes,2,2,2026-07-26T00:00:00,2027-02-08T23:59:59,28259077333;28257125833,"C=US, O=Amazon, CN=Amazon RSA 2048 M04;C=US, O=Amazon, CN=Amazon RSA 2048 M01"
staging.ogpvp.mcaas.fcs.gsa.gov,Yes,Yes,1,1,2025-12-10T00:00:00,2027-01-08T23:59:59,23040966791,"C=US, O=Amazon, CN=Amazon RSA 2048 M01"
staging.orders.fas.gsa.gov,No,Yes,2,1,2026-08-12T19:07:56,2026-11-10T19:07:55,28787250447;28794635644,"C=US, O=Let's Encrypt, CN=YR1"
staging.smartpay.mcaas.fcs.gsa.gov,Yes,Yes,1,1,2026-07-26T00:00:00,2027-02-08T23:59:59,28260494482,"C=US, O=Amazon, CN=Amazon RSA 2048 M01"
staging.srp.fas.gsa.gov,No,Yes,1,1,2026-07-26T00:00:00,2027-02-08T23:59:59,28258194868,"C=US, O=Amazon, CN=Amazon RSA 2048 M01"
staging.srp.mcaas.fcs.gsa.gov,Yes,Yes,1,1,2026-08-06T00:00:00,2027-02-19T23:59:59,28600903262,"C=US, O=Amazon, CN=Amazon RSA 2048 M01"
staging.tsc.mcaas.fcs.gsa.gov,Yes,Yes,2,2,2025-09-24T00:00:00,2027-03-10T23:59:59,29021448090;21251794212,"C=US, O=Amazon, CN=Amazon RSA 2048 M01;C=US, O=Amazon, CN=Amazon RSA 2048 M04"
staging20.d2d.gsa.gov,No,Yes,1,1,2026-06-17T00:00:00,2026-12-31T23:59:59,27249472169,"C=US, O=Amazon, CN=Amazon RSA 2048 M04"
stagingkc.etsnext.fas.gsa.gov,Yes,Yes,3,1,2026-04-06T00:00:00,2027-03-17T23:59:59,25534704561;29215982799;25579292848,"C=US, O=Amazon, CN=Amazon RSA 2048 M01"
status-api.dev.myfcs.itplaybook.gsa.gov,Yes,Yes,1,1,2026-01-20T00:00:00,2027-02-18T23:59:59,23885505105,"C=US, O=Amazon, CN=Amazon RSA 2048 M01"
status-api.myfcs.itplaybook.gsa.gov,Yes,Yes,1,1,2026-01-20T00:00:00,2027-02-18T23:59:59,23885504954,"C=US, O=Amazon, CN=Amazon RSA 2048 M01"
status-api.test.myfcs.itplaybook.gsa.gov,Yes,Yes,2,1,2026-03-09T00:00:00,2027-02-22T23:59:59,28673166965;24883337889,"C=US, O=Amazon, CN=Amazon RSA 2048 M01"
status.dev.myfcs.itplaybook.gsa.gov,Yes,Yes,3,1,2025-12-10T00:00:00,2027-02-18T23:59:59,23040846954;23885505834;23041842958,"C=US, O=Amazon, CN=Amazon RSA 2048 M01"
status.myfcs.itplaybook.gsa.gov,Yes,Yes,1,1,2026-01-20T00:00:00,2027-02-18T23:59:59,23885506353,"C=US, O=Amazon, CN=Amazon RSA 2048 M01"
status.test.myfcs.itplaybook.gsa.gov,Yes,Yes,2,1,2026-03-09T00:00:00,2027-02-22T23:59:59,28662020750;24882749633,"C=US, O=Amazon, CN=Amazon RSA 2048 M01"
store-leasing.fleet-dev.fcs.gsa.gov,Yes,Yes,2,1,2026-04-10T00:00:00,2026-10-24T23:59:59,25463817850;25722654937,"C=US, O=Amazon, CN=Amazon RSA 2048 M01"
store-leasing.fleet-test.fcs.gsa.gov,Yes,Yes,2,1,2026-04-21T00:00:00,2026-11-04T23:59:59,25624905101;25965876774,"C=US, O=Amazon, CN=Amazon RSA 2048 M04"
store.fleet-dev.fcs.gsa.gov,Yes,Yes,2,1,2025-09-28T00:00:00,2027-03-13T23:59:59,21332566880;29109257805,"C=US, O=Amazon, CN=Amazon RSA 2048 M04"
store.fleet-prod.fcs.gsa.gov,Yes,Yes,1,1,2025-12-09T00:00:00,2027-01-06T23:59:59,22994484024,"C=US, O=Amazon, CN=Amazon RSA 2048 M04"
store.fleet-stg.fcs.gsa.gov,Yes,Yes,2,1,2026-06-19T00:00:00,2027-01-02T23:59:59,27307889500;27307290377,"C=US, O=Amazon, CN=Amazon RSA 2048 M04"
store.fleet-test.fcs.gsa.gov,Yes,Yes,2,1,2025-10-07T00:00:00,2026-11-04T23:59:59,21540263343;21539209822,"C=US, O=Amazon, CN=Amazon RSA 2048 M04"
store.sandbox.fleet-dev.fcs.gsa.gov,Yes,Yes,2,1,2026-02-05T00:00:00,2027-03-06T23:59:59,24192242099;24193675584,"C=US, O=Amazon, CN=Amazon RSA 2048 M04"
storefront.eos.gsa.gov,Yes,Yes,1,1,2025-09-17T00:00:00,2026-10-06T23:59:59,21089222455,"C=US, O=DigiCert Inc, CN=DigiCert Global G2 TLS RSA SHA256 2020 CA1"
storefront.test.nhc.vpcaas.fcs.gsa.gov,Yes,Yes,1,1,2026-07-06T00:00:00,2027-01-20T23:59:59,27738770133,"C=US, O=DigiCert Inc, CN=DigiCert Global G2 TLS RSA SHA256 2020 CA1"
str.gsa.gov,Yes,Yes,1,1,2026-07-17T00:00:00,2027-01-30T23:59:59,28009865989,"C=US, O=Amazon, CN=Amazon RSA 2048 M04"
svn.fas.gsa.gov,Yes,Yes,2,1,2026-05-06T00:00:00,2026-11-20T23:59:59,26118877595;26124861814,"C=US, O=DigiCert Inc, CN=DigiCert Global G2 TLS RSA SHA256 2020 CA1"
swagger.preprod.cnxs.vpcaas.fcs.gsa.gov,No,Yes,1,1,2026-01-09T00:00:00,2027-01-09T23:59:59,23660715551,"C=US, O=DigiCert Inc, CN=DigiCert Global G2 TLS RSA SHA256 2020 CA1"
sws-dev.fas.gsa.gov,Yes,Yes,1,1,2025-12-18T00:00:00,2027-01-16T23:59:59,23202208960,"C=US, O=Amazon, CN=Amazon RSA 2048 M04"
sws-dev2.fas.gsa.gov,Yes,Yes,2,1,2026-03-05T00:00:00,2027-02-18T23:59:59,28545287783;24801994622,"C=US, O=Amazon, CN=Amazon RSA 2048 M04"
sws-test.fas.gsa.gov,Yes,Yes,1,1,2026-07-26T00:00:00,2027-02-08T23:59:59,28256114710,"C=US, O=Amazon, CN=Amazon RSA 2048 M04"
sws-test2.fas.gsa.gov,Yes,Yes,1,1,2026-07-26T00:00:00,2027-02-08T23:59:59,28259272437,"C=US, O=Amazon, CN=Amazon RSA 2048 M01"
sws.gsa.gov,Yes,Yes,1,1,2026-06-17T00:00:00,2026-12-31T23:59:59,27252719941,"C=US, O=Amazon, CN=Amazon RSA 2048 M04"
t1easi.pbs.gsa.gov,Yes,Yes,1,1,2026-04-27T00:00:00,2026-11-11T23:59:59,25843723254,"C=US, O=DigiCert Inc, CN=DigiCert Global G2 TLS RSA SHA256 2020 CA1"
t2easi.pbs.gsa.gov,Yes,Yes,1,1,2026-04-09T00:00:00,2026-10-24T23:59:59,25454440795,"C=US, O=DigiCert Inc, CN=DigiCert Global G2 TLS RSA SHA256 2020 CA1"
tableau.d2d.gsa.gov,No,Yes,3,1,2026-02-27T00:00:00,2027-02-19T23:59:59,24821787231;28583614037;24685913572,"C=US, O=Amazon, CN=Amazon RSA 2048 M04"
tams.gsa.gov,Yes,Yes,1,1,2026-06-17T00:00:00,2026-12-31T23:59:59,27250483096,"C=US, O=Amazon, CN=Amazon RSA 2048 M01"
tamsapi.gsa.gov,No,Yes,1,1,2026-06-17T00:00:00,2026-12-31T23:59:59,27250483096,"C=US, O=Amazon, CN=Amazon RSA 2048 M01"
tamsbi-dev.gsa.gov,Yes,Yes,2,2,2025-09-26T00:00:00,2027-03-12T23:59:59,29081386612;21287871026,"C=US, O=Amazon, CN=Amazon RSA 2048 M04;C=US, O=Amazon, CN=Amazon RSA 2048 M01"
tamsbi-preprod.gsa.gov,Yes,Yes,2,2,2025-09-26T00:00:00,2027-03-12T23:59:59,29076404067;21287871272,"C=US, O=Amazon, CN=Amazon RSA 2048 M04;C=US, O=Amazon, CN=Amazon RSA 2048 M01"
tamsbi-test.gsa.gov,Yes,Yes,2,2,2025-09-26T00:00:00,2027-03-12T23:59:59,29077418119;21287871643,"C=US, O=Amazon, CN=Amazon RSA 2048 M04;C=US, O=Amazon, CN=Amazon RSA 2048 M01"
tamsbi.gsa.gov,Yes,Yes,2,1,2025-09-26T00:00:00,2027-03-12T23:59:59,29079323376;21287871500,"C=US, O=Amazon, CN=Amazon RSA 2048 M01"
tappcon1.pbs.gsa.gov,Yes,Yes,1,1,2025-12-15T00:00:00,2027-01-05T23:59:59,23139980502,"C=US, O=DigiCert Inc, CN=DigiCert Global G2 TLS RSA SHA256 2020 CA1"
tappcon2.pbs.gsa.gov,Yes,Yes,1,1,2025-12-15T00:00:00,2027-01-05T23:59:59,23140010620,"C=US, O=DigiCert Inc, CN=DigiCert Global G2 TLS RSA SHA256 2020 CA1"
tappcon3.pbs.gsa.gov,Yes,Yes,1,1,2026-06-26T00:00:00,2027-01-10T23:59:59,27504699652,"C=US, O=DigiCert Inc, CN=DigiCert Global G2 TLS RSA SHA256 2020 CA1"
tdr-test.gsa.gov,Yes,Yes,1,1,2026-07-26T00:00:00,2027-02-08T23:59:59,28259724131,"C=US, O=Amazon, CN=Amazon RSA 2048 M01"
tdr-uat.gsa.gov,Yes,Yes,1,1,2026-07-26T00:00:00,2027-02-08T23:59:59,28250748309,"C=US, O=Amazon, CN=Amazon RSA 2048 M01"
telecom-api-dev.fss19-dev.fcs.gsa.gov,Yes,Yes,1,1,2026-02-16T00:00:00,2027-03-17T23:59:59,24438063917,"C=US, O=Amazon, CN=Amazon RSA 2048 M04"
telecom-api-mgmt.fss19-mgmt.fcs.gsa.gov,Yes,Yes,2,2,2026-02-27T00:00:00,2027-01-28T23:59:59,24668560814;27946344191,"C=US, O=Amazon, CN=Amazon RSA 2048 M01;C=US, O=Amazon, CN=Amazon RSA 2048 M04"
telecom-api-prod.fss19-prod.fcs.gsa.gov,Yes,Yes,1,1,2026-06-05T00:00:00,2026-12-19T23:59:59,26901047053,"C=US, O=Amazon, CN=Amazon RSA 2048 M01"
test-acqit.helix.gsa.gov,Yes,Yes,1,1,2026-06-21T00:00:00,2027-01-04T23:59:59,27359020235,"C=US, O=Amazon, CN=Amazon RSA 2048 M01"
test-api-dev.fss19-dev.fcs.gsa.gov,Yes,Yes,1,1,2026-05-28T00:00:00,2026-12-11T23:59:59,26694882434,"C=US, O=Amazon, CN=Amazon RSA 2048 M04"
test-boxi.ocfo.gsa.gov,No,Yes,1,1,2025-09-03T00:00:00,2026-09-23T23:59:59,20768881650,"C=US, O=DigiCert Inc, CN=DigiCert Global G2 TLS RSA SHA256 2020 CA1"
test-esb.ocfo.gsa.gov,No,Yes,1,1,2026-07-14T00:00:00,2027-01-28T23:59:59,27929783726,"C=US, O=DigiCert Inc, CN=DigiCert Global G2 TLS RSA SHA256 2020 CA1"
test-hrlinks.gsa.gov,Yes,Yes,1,1,2026-03-12T00:00:00,2026-09-26T23:59:59,24949765765,"C=US, O=DigiCert Inc, CN=DigiCert Global G2 TLS RSA SHA256 2020 CA1"
test-ppm.fcs.gsa.gov,Yes,Yes,1,1,2026-01-07T00:00:00,2027-02-04T23:59:59,23599002546,"C=US, O=Amazon, CN=Amazon RSA 2048 M04"
test.acme.mcaas.fcs.gsa.gov,Yes,Yes,1,1,2026-06-16T00:00:00,2026-12-30T23:59:59,27241910423,"C=US, O=Amazon, CN=Amazon RSA 2048 M01"
test.acr.mcaas.fcs.gsa.gov,Yes,Yes,1,1,2026-01-15T00:00:00,2027-02-13T23:59:59,23789513530,"C=US, O=Amazon, CN=Amazon RSA 2048 M04"
test.afm.mcaas.fcs.gsa.gov,Yes,Yes,1,1,2026-06-14T00:00:00,2026-12-28T23:59:59,27170200966,"C=US, O=Amazon, CN=Amazon RSA 2048 M01"
test.aigov.mcaas.fcs.gsa.gov,Yes,Yes,1,1,2026-04-08T00:00:00,2026-10-22T23:59:59,25437625821,"C=US, O=Amazon, CN=Amazon RSA 2048 M04"
test.apiss.mcaas.fcs.gsa.gov,Yes,Yes,1,1,2026-07-26T00:00:00,2027-02-08T23:59:59,28256577720,"C=US, O=Amazon, CN=Amazon RSA 2048 M01"
test.asds.mcaas.fcs.gsa.gov,Yes,Yes,1,1,2025-12-10T00:00:00,2027-01-08T23:59:59,23040966239,"C=US, O=Amazon, CN=Amazon RSA 2048 M01"
test.cmccp.mcaas.fcs.gsa.gov,Yes,Yes,1,1,2025-12-10T00:00:00,2027-01-08T23:59:59,23040965417,"C=US, O=Amazon, CN=Amazon RSA 2048 M04"
test.cnxs.vpcaas.fcs.gsa.gov,Yes,Yes,2,1,2026-07-17T20:11:20,2026-10-15T20:11:19,28021769370;28021767065,"C=US, O=Let's Encrypt, CN=YR2"
test.core.mcaas.fcs.gsa.gov,Yes,Yes,1,1,2026-04-06T00:00:00,2026-10-20T23:59:59,25440537246,"C=US, O=Amazon, CN=Amazon RSA 2048 M04"
test.cybersafety.gsa.gov,Yes,Yes,1,1,2026-06-16T00:00:00,2026-12-30T23:59:59,27239132656,"C=US, O=Amazon, CN=Amazon RSA 2048 M01"
test.d2d.mcaas.fcs.gsa.gov,Yes,Yes,1,1,2026-07-26T00:00:00,2027-02-08T23:59:59,28259526374,"C=US, O=Amazon, CN=Amazon RSA 2048 M04"
test.data.mcaas.fcs.gsa.gov,Yes,Yes,2,2,2026-04-01T00:00:00,2027-03-17T23:59:59,29204217993;25304689786,"C=US, O=Amazon, CN=Amazon RSA 2048 M01;C=US, O=Amazon, CN=Amazon RSA 2048 M04"
test.doc.mcaas.fcs.gsa.gov,Yes,Yes,1,1,2025-09-26T00:00:00,2026-10-25T23:59:59,21296791152,"C=US, O=Amazon, CN=Amazon RSA 2048 M01"
test.dxcore.dx.mcaas.fcs.gsa.gov,Yes,Yes,2,2,2025-09-24T00:00:00,2027-03-10T23:59:59,29017532680;21251794067,"C=US, O=Amazon, CN=Amazon RSA 2048 M01;C=US, O=Amazon, CN=Amazon RSA 2048 M04"
test.ecom.mcaas.fcs.gsa.gov,Yes,Yes,1,1,2026-09-01T00:00:00,2027-03-17T23:59:59,29211186699,"C=US, O=Amazon, CN=Amazon RSA 2048 M04"
test.folio.mcaas.fcs.gsa.gov,Yes,Yes,1,1,2026-05-10T00:00:00,2026-11-23T23:59:59,26222026102,"C=US, O=Amazon, CN=Amazon RSA 2048 M01"
test.iae.mcaas.fcs.gsa.gov,Yes,Yes,1,1,2025-12-10T00:00:00,2027-01-08T23:59:59,23040966973,"C=US, O=Amazon, CN=Amazon RSA 2048 M01"
test.itdb.mcaas.fcs.gsa.gov,Yes,Yes,1,1,2026-07-26T00:00:00,2027-02-08T23:59:59,28258174736,"C=US, O=Amazon, CN=Amazon RSA 2048 M01"
test.itpa.mcaas.fcs.gsa.gov,Yes,Yes,1,1,2026-08-28T00:00:00,2027-03-13T23:59:59,29117360591,"C=US, O=Amazon, CN=Amazon RSA 2048 M01"
test.mcaas.fcs.gsa.gov,Yes,Yes,1,1,2025-11-14T00:00:00,2026-12-13T23:59:59,22449749177,"C=US, O=Amazon, CN=Amazon RSA 2048 M04"
test.myfcs.itplaybook.gsa.gov,Yes,Yes,1,1,2025-10-09T00:00:00,2026-11-07T23:59:59,21588902805,"C=US, O=Amazon, CN=Amazon RSA 2048 M01"
test.nemaexwo.gsa.gov,No,Yes,1,1,2026-06-24T00:00:00,2027-01-08T23:59:59,27450468826,"C=US, O=DigiCert Inc, CN=DigiCert Global G2 TLS RSA SHA256 2020 CA1"
test.oasiscustomers.gsa.gov,Yes,Yes,1,1,2026-02-02T00:00:00,2027-03-03T23:59:59,24143696257,"C=US, O=DigiCert Inc, CN=DigiCert Global G2 TLS RSA SHA256 2020 CA1"
test.oasisoslc.gsa.gov,Yes,Yes,1,1,2025-12-15T00:00:00,2027-01-08T23:59:59,23138446137,"C=US, O=DigiCert Inc, CN=DigiCert Global G2 TLS RSA SHA256 2020 CA1"
test.ocfo-be.mcaas.fcs.gsa.gov,Yes,Yes,1,1,2026-08-18T00:00:00,2027-03-03T23:59:59,28808007256,"C=US, O=Amazon, CN=Amazon RSA 2048 M04"
test.ocms.mcaas.fcs.gsa.gov,Yes,Yes,1,1,2026-07-26T00:00:00,2027-02-08T23:59:59,28250583134,"C=US, O=Amazon, CN=Amazon RSA 2048 M01"
test.ogpvp.mcaas.fcs.gsa.gov,Yes,Yes,1,1,2025-12-10T00:00:00,2027-01-08T23:59:59,23040966711,"C=US, O=Amazon, CN=Amazon RSA 2048 M01"
test.pipe.mcaas.fcs.gsa.gov,Yes,Yes,2,1,2026-04-01T00:00:00,2027-03-17T23:59:59,29206902365;25304747832,"C=US, O=Amazon, CN=Amazon RSA 2048 M01"
test.servicedesk.gsa.gov,No,Yes,4,1,2026-02-13T00:00:00,2027-03-03T23:59:59,25026112324;24495168162;24382788348;25026092757,"C=US, O=DigiCert Inc, CN=DigiCert Global G2 TLS RSA SHA256 2020 CA1"
test.shared.mcaas.fcs.gsa.gov,Yes,Yes,1,1,2026-08-29T00:00:00,2027-03-14T23:59:59,29146206774,"C=US, O=Amazon, CN=Amazon RSA 2048 M04"
test.srp.fas.gsa.gov,No,Yes,1,1,2026-07-28T00:00:00,2027-02-10T23:59:59,28330172654,"C=US, O=Amazon, CN=Amazon RSA 2048 M04"
test.srp.mcaas.fcs.gsa.gov,Yes,Yes,1,1,2026-06-17T00:00:00,2026-12-31T23:59:59,27272273281,"C=US, O=Amazon, CN=Amazon RSA 2048 M01"
test.tsc.mcaas.fcs.gsa.gov,Yes,Yes,2,2,2025-09-24T00:00:00,2027-03-10T23:59:59,21251794210;29016100053,"C=US, O=Amazon, CN=Amazon RSA 2048 M01;C=US, O=Amazon, CN=Amazon RSA 2048 M04"
test2.srp.fas.gsa.gov,Yes,Yes,1,1,2026-08-31T00:00:00,2027-03-16T23:59:59,29203328864,"C=US, O=Amazon, CN=Amazon RSA 2048 M04"
test20.d2d.gsa.gov,No,Yes,1,1,2026-06-17T00:00:00,2026-12-31T23:59:59,27249472169,"C=US, O=Amazon, CN=Amazon RSA 2048 M04"
test3.srp.fas.gsa.gov,No,Yes,1,1,2026-08-31T00:00:00,2027-03-16T23:59:59,29203328864,"C=US, O=Amazon, CN=Amazon RSA 2048 M04"
testfas-mfalogin.fas.gsa.gov,Yes,Yes,1,1,2026-01-21T00:00:00,2027-02-21T23:59:59,23900634977,"C=US, O=DigiCert Inc, CN=DigiCert Global G2 TLS RSA SHA256 2020 CA1"
testls.gsa.gov,Yes,Yes,1,1,2026-03-25T00:00:00,2026-10-09T23:59:59,25214051648,"C=US, O=DigiCert Inc, CN=DigiCert Global G2 TLS RSA SHA256 2020 CA1"
tims.fss19-dev.fcs.gsa.gov,Yes,Yes,1,1,2026-06-22T00:00:00,2027-01-05T23:59:59,27385626321,"C=US, O=Amazon, CN=Amazon RSA 2048 M04"
titlevi.gsa.gov,Yes,Yes,1,1,2026-01-12T00:00:00,2027-01-15T23:59:59,23722449634,"C=US, O=DigiCert Inc, CN=DigiCert Global G2 TLS RSA SHA256 2020 CA1"
tmss.gsa.gov,Yes,Yes,4,2,2025-09-26T00:00:00,2027-03-12T23:59:59,29082978518;22283415165;21290997156;22283435366,"C=US, O=DigiCert Inc, CN=DigiCert Global G2 TLS RSA SHA256 2020 CA1;C=US, O=Amazon, CN=Amazon RSA 2048 M04"
tmss.preprod-acqit.helix.gsa.gov,No,Yes,3,1,2025-09-26T00:00:00,2027-03-12T23:59:59,29082978518;22283435366;21290997156,"C=US, O=Amazon, CN=Amazon RSA 2048 M04"
tmss.prod-acqit.helix.gsa.gov,No,Yes,3,1,2025-09-26T00:00:00,2027-03-12T23:59:59,29082978518;22283435366;21290997156,"C=US, O=Amazon, CN=Amazon RSA 2048 M04"
tmssbi-preprod.gsa.gov,Yes,Yes,3,3,2025-09-24T00:00:00,2027-03-12T23:59:59,21287871217;29080408054;21245026292,"C=US, O=Amazon, CN=Amazon RSA 2048 M04;C=US, O=DigiCert Inc, CN=DigiCert Global G2 TLS RSA SHA256 2020 CA1;C=US, O=Amazon, CN=Amazon RSA 2048 M01"
tmssbi-test.gsa.gov,Yes,Yes,3,2,2025-09-24T00:00:00,2027-03-12T23:59:59,21287871638;21244814331;29073106264,"C=US, O=DigiCert Inc, CN=DigiCert Global G2 TLS RSA SHA256 2020 CA1;C=US, O=Amazon, CN=Amazon RSA 2048 M04"
tmssbi.gsa.gov,Yes,Yes,3,2,2025-09-24T00:00:00,2027-03-12T23:59:59,21287871290;21244980248;29081320294,"C=US, O=DigiCert Inc, CN=DigiCert Global G2 TLS RSA SHA256 2020 CA1;C=US, O=Amazon, CN=Amazon RSA 2048 M01"
tools.fleet-dev.fcs.gsa.gov,Yes,Yes,1,1,2025-11-15T00:00:00,2026-12-13T23:59:59,22478754420,"C=US, O=Amazon, CN=Amazon RSA 2048 M01"
tools.fleet-mgmt.fcs.gsa.gov,Yes,Yes,2,2,2025-12-22T00:00:00,2027-01-20T23:59:59,23285465895;26197540490,"C=US, O=Amazon, CN=Amazon RSA 2048 M01;C=US, O=Amazon, CN=Amazon RSA 2048 M04"
tools.fleet-prod.fcs.gsa.gov,Yes,Yes,1,1,2026-04-09T00:00:00,2026-10-23T23:59:59,25450476183,"C=US, O=Amazon, CN=Amazon RSA 2048 M01"
tools.fleet-stg.fcs.gsa.gov,Yes,Yes,1,1,2026-06-19T00:00:00,2027-01-02T23:59:59,27306155473,"C=US, O=Amazon, CN=Amazon RSA 2048 M01"
tools.fleet-test.fcs.gsa.gov,Yes,Yes,1,1,2026-01-16T00:00:00,2027-02-13T23:59:59,23793308234,"C=US, O=Amazon, CN=Amazon RSA 2048 M04"
topsbill.ftsbilling.gsa.gov,Yes,Yes,1,1,2026-02-19T00:00:00,2027-03-19T23:59:59,24519911076,"C=US, O=DigiCert Inc, CN=DigiCert Global G2 TLS RSA SHA256 2020 CA1"
topsbillcert.ftsbilling.gsa.gov,Yes,Yes,1,1,2026-03-03T00:00:00,2026-09-17T23:59:59,24762538967,"C=US, O=DigiCert Inc, CN=DigiCert Global G2 TLS RSA SHA256 2020 CA1"
topsorder.ftsbilling.gsa.gov,Yes,Yes,1,1,2026-02-23T00:00:00,2027-03-23T23:59:59,24605891524,"C=US, O=DigiCert Inc, CN=DigiCert Global G2 TLS RSA SHA256 2020 CA1"
topsordercert.ftsbilling.gsa.gov,Yes,Yes,1,1,2026-02-19T00:00:00,2027-03-16T23:59:59,24519851553,"C=US, O=DigiCert Inc, CN=DigiCert Global G2 TLS RSA SHA256 2020 CA1"
tosca.etsnext.fas.gsa.gov,Yes,Yes,2,2,2025-09-09T00:00:00,2026-12-02T23:59:59,20898959330;22185417398,"C=US, O=Amazon, CN=Amazon RSA 2048 M02;C=US, O=Amazon, CN=Amazon RSA 2048 M04"
training-dev.smartpay.gsa.gov,No,Yes,2,2,2026-02-11T00:00:00,2027-03-13T23:59:59,24360542596;24335588901,"C=US, O=Amazon, CN=Amazon RSA 2048 M01;C=US, O=Amazon, CN=Amazon RSA 2048 M04"
training-stg.smartpay.gsa.gov,No,Yes,2,1,2026-02-11T00:00:00,2027-03-13T23:59:59,24360543031;24335590285,"C=US, O=Amazon, CN=Amazon RSA 2048 M01"
training-test.smartpay.gsa.gov,No,Yes,2,2,2026-02-11T00:00:00,2027-03-13T23:59:59,24335629419;24360543139,"C=US, O=Amazon, CN=Amazon RSA 2048 M04;C=US, O=Amazon, CN=Amazon RSA 2048 M01"
training.smartpay.gsa.gov,No,Yes,5,2,2026-03-04T00:00:00,2027-02-17T23:59:59,28127071663;28515959213;28127067821;28513525477;24786595704,"C=US, O=Let's Encrypt, CN=YR2;C=US, O=Amazon, CN=Amazon RSA 2048 M04"
trip-planner-testing.etsnext.fas.gsa.gov,Yes,Yes,2,1,2026-05-20T00:00:00,2026-12-03T23:59:59,26479349248;26506191382,"C=US, O=Amazon, CN=Amazon RSA 2048 M01"
trip-planner.etsnext.fas.gsa.gov,Yes,Yes,1,1,2026-07-10T00:00:00,2027-01-23T23:59:59,27817673896,"C=US, O=Amazon, CN=Amazon RSA 2048 M01"
trn-hrlinks.gsa.gov,Yes,Yes,1,1,2026-04-08T00:00:00,2026-10-23T23:59:59,25444002466,"C=US, O=DigiCert Inc, CN=DigiCert Global G2 TLS RSA SHA256 2020 CA1"
tscportal-stage.gsa.gov,Yes,Yes,2,1,2025-09-26T00:00:00,2027-03-12T23:59:59,21287871369;29078608044,"C=US, O=Amazon, CN=Amazon RSA 2048 M01"
tscportal-staging.gsa.gov,Yes,Yes,1,1,2026-07-26T00:00:00,2027-02-08T23:59:59,28254960944,"C=US, O=Amazon, CN=Amazon RSA 2048 M01"
tscportal.fas.gsa.gov,Yes,Yes,1,1,2025-10-28T00:00:00,2026-11-26T23:59:59,22065060809,"C=US, O=Amazon, CN=Amazon RSA 2048 M04"
tss-staging.d2d.gsa.gov,No,Yes,3,1,2026-02-27T00:00:00,2027-02-19T23:59:59,24821787231;28583614037;24685913572,"C=US, O=Amazon, CN=Amazon RSA 2048 M04"
tss.d2d.gsa.gov,No,Yes,3,1,2026-02-27T00:00:00,2027-02-19T23:59:59,24821787231;28583614037;24685913572,"C=US, O=Amazon, CN=Amazon RSA 2048 M04"
tsthrlinkscd.gsa.gov,Yes,Yes,1,1,2026-04-08T00:00:00,2026-10-23T23:59:59,25456683252,"C=US, O=DigiCert Inc, CN=DigiCert Global G2 TLS RSA SHA256 2020 CA1"
tts.gsa.gov,Yes,Yes,2,1,2026-07-19T15:21:23,2026-10-17T15:21:22,28068433461;28068439593,"C=US, O=Let's Encrypt, CN=YR1"
uat-hrlinks.gsa.gov,Yes,Yes,2,1,2025-09-24T00:00:00,2027-02-05T23:59:59,24229307276;21247315394,"C=US, O=DigiCert Inc, CN=DigiCert Global G2 TLS RSA SHA256 2020 CA1"
ugrex.pbs.gsa.gov,Yes,Yes,1,1,2026-02-12T00:00:00,2027-03-11T23:59:59,24356223160,"C=US, O=DigiCert Inc, CN=DigiCert Global G2 TLS RSA SHA256 2020 CA1"
ui.preprod.cnxs.vpcaas.fcs.gsa.gov,No,Yes,2,1,2025-12-30T00:00:00,2027-01-30T23:59:59,23457196992;23660715551,"C=US, O=DigiCert Inc, CN=DigiCert Global G2 TLS RSA SHA256 2020 CA1"
ui.prod.cnxs.vpcaas.fcs.gsa.gov,Yes,Yes,1,1,2026-08-21T00:00:00,2027-03-07T23:59:59,28866516415,"C=US, O=DigiCert Inc, CN=DigiCert Global G2 TLS RSA SHA256 2020 CA1"
usaccess-alp.gsa.gov,Yes,Yes,1,1,2026-01-29T00:00:00,2027-01-28T23:59:59,24065943961,"C=US, O=DigiCert Inc, CN=DigiCert Global G2 TLS RSA SHA256 2020 CA1"
usdaadvantage.gsa.gov,Yes,Yes,2,1,2025-09-13T00:00:00,2027-03-04T23:59:59,28842308677;20986054658,"C=US, O=DigiCert Inc, CN=DigiCert Global G2 TLS RSA SHA256 2020 CA1"
usmcservmart.gsa.gov,No,Yes,2,1,2025-09-12T00:00:00,2027-03-04T23:59:59,20977855778;28842296156,"C=US, O=DigiCert Inc, CN=DigiCert Global G2 TLS RSA SHA256 2020 CA1"
ussm.gsa.gov,Yes,Yes,4,2,2026-04-07T00:00:00,2026-10-22T23:59:59,25446040870;25510615076;28121855519;28121848637,"C=US, O=Let's Encrypt, CN=YR2;C=US, O=DigiCert Inc, CN=DigiCert Global G2 TLS RSA SHA256 2020 CA1"
v20.d2d.gsa.gov,Yes,Yes,1,1,2026-06-17T00:00:00,2026-12-31T23:59:59,27249472169,"C=US, O=Amazon, CN=Amazon RSA 2048 M04"
vaadvantage.gsa.gov,Yes,Yes,2,1,2025-09-12T00:00:00,2027-03-04T23:59:59,20969238561;28842320904,"C=US, O=DigiCert Inc, CN=DigiCert Global G2 TLS RSA SHA256 2020 CA1"
vcss.ocfo.gsa.gov,No,Yes,2,1,2025-12-08T00:00:00,2026-12-08T23:59:59,23043471452;22982326088,"C=US, O=DigiCert Inc, CN=DigiCert Global G2 TLS RSA SHA256 2020 CA1"
vdi.gsa.gov,Yes,Yes,1,1,2026-06-09T00:00:00,2026-12-24T23:59:59,27023244129,"C=US, O=DigiCert Inc, CN=DigiCert Global G2 TLS RSA SHA256 2020 CA1"
vehiclesales.fleet-dev.fcs.gsa.gov,Yes,Yes,1,1,2025-11-16T00:00:00,2026-12-15T23:59:59,22502433041,"C=US, O=Amazon, CN=Amazon RSA 2048 M01"
vehiclesales.fleet-prod.fcs.gsa.gov,Yes,Yes,1,1,2026-04-09T00:00:00,2026-10-23T23:59:59,25447207638,"C=US, O=Amazon, CN=Amazon RSA 2048 M04"
vehiclesales.fleet-stg.fcs.gsa.gov,Yes,Yes,2,1,2026-03-19T00:00:00,2027-03-04T23:59:59,28825800973;25077844960,"C=US, O=Amazon, CN=Amazon RSA 2048 M04"
vehiclesales.fleet-test.fcs.gsa.gov,Yes,Yes,1,1,2025-11-23T00:00:00,2026-12-22T23:59:59,22674525789,"C=US, O=Amazon, CN=Amazon RSA 2048 M01"
vehiclesales.sandbox.fleet-dev.fcs.gsa.gov,Yes,Yes,1,1,2026-02-05T00:00:00,2027-03-06T23:59:59,24192919313,"C=US, O=Amazon, CN=Amazon RSA 2048 M04"
vendor-orders-api.fleet-dev.fcs.gsa.gov,Yes,Yes,4,2,2026-06-22T00:00:00,2027-01-06T23:59:59,27408188533;27407504685;27408293685;27407432502,"C=US, O=Amazon, CN=Amazon RSA 2048 M04;C=US, O=Amazon, CN=Amazon RSA 2048 M01"
vendor-orders-internal.fleet-dev.fcs.gsa.gov,Yes,Yes,3,1,2026-06-17T00:00:00,2027-01-06T23:59:59,27409342760;27410878485;27252324276,"C=US, O=Amazon, CN=Amazon RSA 2048 M01"
vendor-orders-internal.fleet-prod.fcs.gsa.gov,Yes,Yes,1,1,2026-06-17T00:00:00,2026-12-31T23:59:59,27252515699,"C=US, O=Amazon, CN=Amazon RSA 2048 M01"
vendor-orders-internal.fleet-stg.fcs.gsa.gov,Yes,Yes,2,2,2026-06-17T00:00:00,2026-12-31T23:59:59,27249100233;27250956493,"C=US, O=Amazon, CN=Amazon RSA 2048 M04;C=US, O=Amazon, CN=Amazon RSA 2048 M01"
vendor-orders-internal.fleet-test.fcs.gsa.gov,Yes,Yes,2,2,2026-06-17T00:00:00,2027-01-06T23:59:59,27411369903;27248410118,"C=US, O=Amazon, CN=Amazon RSA 2048 M01;C=US, O=Amazon, CN=Amazon RSA 2048 M04"
vendor-orders.fleet-dev.fcs.gsa.gov,Yes,Yes,8,2,2026-06-12T00:00:00,2027-01-06T23:59:59,27428194640;27107373499;27414733775;27106594315;27106594646;27413636059;27427178857;27413693168,"C=US, O=Amazon, CN=Amazon RSA 2048 M04;C=US, O=Amazon, CN=Amazon RSA 2048 M01"
vendor-orders.fleet-stg.fcs.gsa.gov,Yes,Yes,5,2,2026-06-17T00:00:00,2027-03-02T23:59:59,27331537178;27249099173;28794887975;27250956494;27428503767,"C=US, O=Amazon, CN=Amazon RSA 2048 M04;C=US, O=Amazon, CN=Amazon RSA 2048 M01"
vendor-orders.fleet-test.fcs.gsa.gov,Yes,Yes,2,1,2026-06-16T00:00:00,2026-12-30T23:59:59,27225230122;27224378432,"C=US, O=Amazon, CN=Amazon RSA 2048 M01"
vendors.eos.gsa.gov,Yes,Yes,4,2,2026-06-26T04:08:54,2026-11-23T04:08:37,29063787438;29079043163;27492103352;27492219627,"C=US, O=Let's Encrypt, CN=YR2;C=US, O=Let's Encrypt, CN=YR1"
vendors.test.nhc.vpcaas.fcs.gsa.gov,Yes,Yes,4,1,2026-06-18T04:03:48,2026-11-15T04:04:02,28895093814;28939219458;27280960633;27280955988,"C=US, O=Let's Encrypt, CN=YE1"
vms.fleet-dev.fcs.gsa.gov,Yes,Yes,2,1,2026-05-13T00:00:00,2026-11-26T23:59:59,26302692647;26300497560,"C=US, O=Amazon, CN=Amazon RSA 2048 M01"
vms.fleet-prod.fcs.gsa.gov,Yes,Yes,1,1,2025-12-09T00:00:00,2027-01-06T23:59:59,22994208942,"C=US, O=Amazon, CN=Amazon RSA 2048 M01"
vms.fleet-stg.fcs.gsa.gov,Yes,Yes,1,1,2026-06-19T00:00:00,2027-01-02T23:59:59,27307017353,"C=US, O=Amazon, CN=Amazon RSA 2048 M04"
vms.fleet-test.fcs.gsa.gov,Yes,Yes,1,1,2025-10-24T00:00:00,2026-11-21T23:59:59,21958359173,"C=US, O=Amazon, CN=Amazon RSA 2048 M01"
vms.sandbox.fleet-dev.fcs.gsa.gov,Yes,Yes,2,1,2026-02-05T00:00:00,2027-03-06T23:59:59,24191711850;24192842158,"C=US, O=Amazon, CN=Amazon RSA 2048 M04"
vpn.gsa.gov,No,Yes,4,1,2026-06-01T00:00:00,2026-12-18T23:59:59,26856557186;26801859330;26856556470;26801859138,"C=US, O=DigiCert Inc, CN=DigiCert Global G2 TLS RSA SHA256 2020 CA1"
vpntest.gsa.gov,Yes,Yes,2,1,2026-06-01T00:00:00,2026-12-16T23:59:59,26807658197;26801914686,"C=US, O=DigiCert Inc, CN=DigiCert Global G2 TLS RSA SHA256 2020 CA1"
vsc-dev.gsa.gov,Yes,Yes,1,1,2025-12-18T00:00:00,2027-01-16T23:59:59,23202208958,"C=US, O=Amazon, CN=Amazon RSA 2048 M04"
vsc-prod.gsa.gov,Yes,Yes,1,1,2026-07-26T00:00:00,2027-02-08T23:59:59,28256628612,"C=US, O=Amazon, CN=Amazon RSA 2048 M01"
vsc-test.gsa.gov,Yes,Yes,1,1,2025-12-18T00:00:00,2027-01-16T23:59:59,23202209511,"C=US, O=Amazon, CN=Amazon RSA 2048 M01"
vsc.gsa.gov,Yes,Yes,1,1,2026-07-26T00:00:00,2027-02-08T23:59:59,28259039084,"C=US, O=Amazon, CN=Amazon RSA 2048 M04"
web.fleet-dev.fcs.gsa.gov,Yes,Yes,2,1,2026-05-13T00:00:00,2026-11-26T23:59:59,26297686608;26301593798,"C=US, O=Amazon, CN=Amazon RSA 2048 M01"
web.fleet-prod.fcs.gsa.gov,No,Yes,1,1,2026-04-08T00:00:00,2026-10-22T23:59:59,25438559677,"C=US, O=Amazon, CN=Amazon RSA 2048 M01"
web.fleet-stg.fcs.gsa.gov,Yes,Yes,2,1,2025-12-28T00:00:00,2027-01-26T23:59:59,23410521399;23410059728,"C=US, O=Amazon, CN=Amazon RSA 2048 M01"
web.fleet-test.fcs.gsa.gov,Yes,Yes,2,1,2025-12-24T00:00:00,2027-01-22T23:59:59,23330081493;23328835052,"C=US, O=Amazon, CN=Amazon RSA 2048 M04"
web.sandbox.fleet-dev.fcs.gsa.gov,Yes,Yes,2,1,2026-02-05T00:00:00,2027-03-06T23:59:59,24194501783;24193003762,"C=US, O=Amazon, CN=Amazon RSA 2048 M01"
webshop.gsa.gov,Yes,Yes,2,1,2026-05-06T00:00:00,2026-11-20T23:59:59,26119017614;26124978720,"C=US, O=DigiCert Inc, CN=DigiCert Global G2 TLS RSA SHA256 2020 CA1"
webshops.fas.gsa.gov,Yes,Yes,1,1,2026-02-06T00:00:00,2027-03-09T23:59:59,24225383802,"C=US, O=DigiCert Inc, CN=DigiCert Global G2 TLS RSA SHA256 2020 CA1"
webshopt.fas.gsa.gov,Yes,Yes,1,1,2025-12-05T00:00:00,2027-01-05T23:59:59,22903902200,"C=US, O=DigiCert Inc, CN=DigiCert Global G2 TLS RSA SHA256 2020 CA1"
wits3-agency-pricer-cert.eos.gsa.gov,Yes,Yes,2,1,2026-08-09T04:06:19,2026-11-07T04:06:18,28667414056;28667411932,"C=US, O=Let's Encrypt, CN=YR2"
wits3-agency-pricer.eos.gsa.gov,Yes,Yes,4,1,2026-06-26T04:04:54,2026-11-23T04:09:40,27492071943;29157388036;29079063209;27492087315,"C=US, O=Let's Encrypt, CN=YR2"
wits3-agency-pricer.test.nhc.vpcaas.fcs.gsa.gov,Yes,Yes,8,2,2026-06-18T04:04:51,2026-11-15T04:07:24,29027093880;27280983824;27280991027;29016139711;27280983391;28895152442;27280978592;28922390667,"C=US, O=Let's Encrypt, CN=YE1;C=US, O=Let's Encrypt, CN=YE2"
wits3-public-pricer.eos.gsa.gov,Yes,Yes,4,2,2026-06-23T04:01:47,2026-11-20T04:06:35,27413444854;29133686497;29068607175;27413443356,"C=US, O=Let's Encrypt, CN=YR2;C=US, O=Let's Encrypt, CN=YR1"
wits3-public-pricer.test.nhc.vpcaas.fcs.gsa.gov,Yes,Yes,2,1,2026-07-16T04:08:40,2026-10-14T04:08:39,27973194528;27973193022,"C=US, O=Let's Encrypt, CN=YE2"
worker.etsnext.fas.gsa.gov,Yes,Yes,2,1,2025-09-12T00:00:00,2027-02-26T23:59:59,28774098486;20970680249,"C=US, O=Amazon, CN=Amazon RSA 2048 M01"
workflows.fleet-prod.fcs.gsa.gov,Yes,Yes,2,1,2026-03-27T00:00:00,2027-03-12T23:59:59,29073549708;25248740567,"C=US, O=Amazon, CN=Amazon RSA 2048 M04"
workflows.fleet-stg.fcs.gsa.gov,Yes,Yes,2,2,2026-03-24T00:00:00,2027-03-09T23:59:59,28976741604;25186411103,"C=US, O=Amazon, CN=Amazon RSA 2048 M01;C=US, O=Amazon, CN=Amazon RSA 2048 M04"
workflows.fleet-test.fcs.gsa.gov,Yes,Yes,2,1,2026-03-23T00:00:00,2027-03-08T23:59:59,28937004972;25169946847,"C=US, O=Amazon, CN=Amazon RSA 2048 M01"
workplace.gsa.gov,No,Yes,2,1,2026-07-20T12:57:54,2026-10-18T12:57:53,28094568666;28094568911,"C=US, O=Let's Encrypt, CN=YR1"
wsgsa.usaccess.gsa.gov,Yes,Yes,2,1,2025-11-03T00:00:00,2026-12-04T23:59:59,22185126285;22185099573,"C=CA, O=Entrust Limited, CN=Entrust DV TLS Issuing RSA CA 2"
www.EFORM450-DEV.GSA.GOV,No,Yes,1,1,2026-04-09T00:00:00,2026-10-24T23:59:59,25455893228,"C=US, O=DigiCert Inc, CN=DigiCert Global G2 TLS RSA SHA256 2020 CA1"
www.EFORM450-UAT.GSA.GOV,No,Yes,1,1,2026-04-09T00:00:00,2026-10-24T23:59:59,25455879516,"C=US, O=DigiCert Inc, CN=DigiCert Global G2 TLS RSA SHA256 2020 CA1"
www.EFORM450.GSA.GOV,No,Yes,2,1,2026-01-12T00:00:00,2027-01-11T23:59:59,23728249555;23728188154,"C=US, O=DigiCert Inc, CN=DigiCert Global G2 TLS RSA SHA256 2020 CA1"
www.MSA-pub.gsa.gov,No,Yes,1,1,2025-12-19T00:00:00,2027-01-19T23:59:59,23215162411,"C=US, O=DigiCert Inc, CN=DigiCert Global G2 TLS RSA SHA256 2020 CA1"
www.Ncapit-approvn.fas.gsa.gov,No,Yes,1,1,2026-04-08T00:00:00,2026-10-23T23:59:59,25444056592,"C=US, O=DigiCert Inc, CN=DigiCert Global G2 TLS RSA SHA256 2020 CA1"
www.Ncapprovnt.fas.gsa.gov,No,Yes,1,1,2026-04-08T00:00:00,2026-10-23T23:59:59,25444105093,"C=US, O=DigiCert Inc, CN=DigiCert Global G2 TLS RSA SHA256 2020 CA1"
www.aacinquiry.fas.gsa.gov,Yes,Yes,3,1,2025-09-13T00:00:00,2027-03-04T23:59:59,20993042807;28804359394;28840997960,"C=US, O=DigiCert Inc, CN=DigiCert Global G2 TLS RSA SHA256 2020 CA1"
www.api.prod.cnxs.vpcaas.fcs.gsa.gov,No,Yes,1,1,2025-09-17T00:00:00,2026-09-16T23:59:59,21088136574,"C=US, O=DigiCert Inc, CN=DigiCert Global G2 TLS RSA SHA256 2020 CA1"
www.api.test.cnxs.vpcaas.fcs.gsa.gov,No,Yes,3,1,2025-10-03T00:00:00,2026-10-02T23:59:59,21448286892;21448286541;21448286540,"C=US, O=DigiCert Inc, CN=DigiCert Global G2 TLS RSA SHA256 2020 CA1"
www.apps.ocfo.gsa.gov,No,Yes,1,1,2025-10-15T00:00:00,2026-11-11T23:59:59,21725419275,"C=US, O=DigiCert Inc, CN=DigiCert Global G2 TLS RSA SHA256 2020 CA1"
www.ask.fas.gsa.gov,No,Yes,1,1,2025-11-07T00:00:00,2026-12-08T23:59:59,22283434973,"C=US, O=DigiCert Inc, CN=DigiCert Global G2 TLS RSA SHA256 2020 CA1"
www.ask.gsa.gov,No,Yes,4,1,2025-09-11T00:00:00,2027-01-28T23:59:59,24066498976;24067819604;24066529650;20947527389,"C=US, O=DigiCert Inc, CN=DigiCert Global G2 TLS RSA SHA256 2020 CA1"
www.autoauctions.gsa.gov,No,Yes,4,1,2025-09-12T00:00:00,2027-01-09T23:59:59,20971040887;27472986043;27472966732;20969106763,"C=US, O=DigiCert Inc, CN=DigiCert Global G2 TLS RSA SHA256 2020 CA1"
www.barracuda.gsa.gov,No,Yes,1,1,2025-11-19T00:00:00,2026-12-03T23:59:59,22591167123,"C=US, O=DigiCert Inc, CN=DigiCert Global G2 TLS RSA SHA256 2020 CA1"
www.benchmarks.gsa.gov,No,Yes,2,2,2026-06-17T00:00:00,2027-02-08T23:59:59,27247946817;28250917478,"C=US, O=Amazon, CN=Amazon RSA 2048 M01;C=US, O=Amazon, CN=Amazon RSA 2048 M04"
www.beta.ask.gsa.gov,No,Yes,1,1,2026-01-29T00:00:00,2027-02-18T23:59:59,24059596588,"C=US, O=DigiCert Inc, CN=DigiCert Global G2 TLS RSA SHA256 2020 CA1"
www.beta.usaccess-alp.gsa.gov,No,Yes,1,1,2026-01-29T00:00:00,2027-01-29T23:59:59,24061837356,"C=US, O=DigiCert Inc, CN=DigiCert Global G2 TLS RSA SHA256 2020 CA1"
www.boxi.secure.gsa.gov,No,Yes,1,1,2026-07-14T00:00:00,2027-01-28T23:59:59,27929721237,"C=US, O=DigiCert Inc, CN=DigiCert Global G2 TLS RSA SHA256 2020 CA1"
www.calm.gsa.gov,No,Yes,1,1,2026-05-21T00:00:00,2026-12-05T23:59:59,26518401532,"C=US, O=DigiCert Inc, CN=DigiCert Global G2 TLS RSA SHA256 2020 CA1"
www.catalog.gsa.gov,No,Yes,1,1,2025-12-18T00:00:00,2027-01-16T23:59:59,23202209630,"C=US, O=Amazon, CN=Amazon RSA 2048 M01"
www.cic-dev.gsa.gov,No,Yes,1,1,2026-06-17T00:00:00,2026-12-31T23:59:59,27251218905,"C=US, O=Amazon, CN=Amazon RSA 2048 M01"
www.cic-staging.gsa.gov,No,Yes,1,1,2026-06-17T00:00:00,2026-12-31T23:59:59,27249258022,"C=US, O=Amazon, CN=Amazon RSA 2048 M04"
www.cic-test.gsa.gov,No,Yes,1,1,2026-06-17T00:00:00,2026-12-31T23:59:59,27249235644,"C=US, O=Amazon, CN=Amazon RSA 2048 M04"
www.cmls.gsa.gov,No,Yes,1,1,2026-01-29T00:00:00,2027-03-01T23:59:59,24059732119,"C=US, O=DigiCert Inc, CN=DigiCert Global G2 TLS RSA SHA256 2020 CA1"
www.conexus-api.gsa.gov,No,Yes,2,1,2025-09-15T00:00:00,2027-02-02T23:59:59,24162095681;21039845742,"C=US, O=DigiCert Inc, CN=DigiCert Global G2 TLS RSA SHA256 2020 CA1"
www.conexus-cert-api.gsa.gov,No,Yes,4,1,2026-01-12T00:00:00,2027-01-29T23:59:59,23722396797;26679703657;26686403957;26451077523,"C=US, O=DigiCert Inc, CN=DigiCert Global G2 TLS RSA SHA256 2020 CA1"
www.content.gsaadvantage.fas.gsa.gov,No,Yes,3,1,2025-09-12T00:00:00,2027-03-04T23:59:59,28826560772;28840928240;20977855777,"C=US, O=DigiCert Inc, CN=DigiCert Global G2 TLS RSA SHA256 2020 CA1"
www.d2d.gsa.gov,No,Yes,3,1,2026-02-27T00:00:00,2027-02-19T23:59:59,24821787231;28583614037;24685913572,"C=US, O=Amazon, CN=Amazon RSA 2048 M04"
www.dev.servicedesk.gsa.gov,No,Yes,4,1,2026-02-13T00:00:00,2027-03-03T23:59:59,25026112324;24495168162;24382788348;25026092757,"C=US, O=DigiCert Inc, CN=DigiCert Global G2 TLS RSA SHA256 2020 CA1"
www.devadv-mfalogin.fas.gsa.gov,No,Yes,3,1,2026-03-19T00:00:00,2027-03-04T23:59:59,28885256270;25089536451;28822629579,"C=US, O=DigiCert Inc, CN=DigiCert Global G2 TLS RSA SHA256 2020 CA1"
www.dhsadvantage.gsa.gov,Yes,Yes,1,1,2025-10-07T00:00:00,2026-11-07T23:59:59,21548690032,"C=US, O=DigiCert Inc, CN=DigiCert Global G2 TLS RSA SHA256 2020 CA1"
www.e04bmm-alfua2.ent.ds.gsa.gov,No,Yes,1,1,2025-12-22T00:00:00,2026-12-21T23:59:59,23301458002,"C=US, O=DigiCert Inc, CN=DigiCert Global G2 TLS RSA SHA256 2020 CA1"
www.e04tcm-zicap01.gsa.gov,No,Yes,1,1,2026-03-04T00:00:00,2026-09-18T23:59:59,24784770903,"C=US, O=DigiCert Inc, CN=DigiCert Global G2 TLS RSA SHA256 2020 CA1"
www.ebuy-test.fas.gsa.gov,No,Yes,3,1,2025-09-05T00:00:00,2027-03-04T23:59:59,28822905636;28885346330;20807833293,"C=US, O=DigiCert Inc, CN=DigiCert Global G2 TLS RSA SHA256 2020 CA1"
www.ebuy.gsa.gov,Yes,Yes,1,1,2025-10-07T00:00:00,2026-10-30T23:59:59,21548715859,"C=US, O=DigiCert Inc, CN=DigiCert Global G2 TLS RSA SHA256 2020 CA1"
www.ebuyconnect-test.fas.gsa.gov,No,Yes,3,1,2025-09-05T00:00:00,2027-03-04T23:59:59,28885318591;28837320949;20807866174,"C=US, O=DigiCert Inc, CN=DigiCert Global G2 TLS RSA SHA256 2020 CA1"
www.ebuyconnect.fas.gsa.gov,No,Yes,1,1,2025-10-07T00:00:00,2026-11-07T23:59:59,21548689885,"C=US, O=DigiCert Inc, CN=DigiCert Global G2 TLS RSA SHA256 2020 CA1"
www.ecms.fas.gsa.gov,No,Yes,1,1,2026-07-09T00:00:00,2027-01-23T23:59:59,27810587015,"C=US, O=DigiCert Inc, CN=DigiCert Global G2 TLS RSA SHA256 2020 CA1"
www.ectran.fas.gsa.gov,No,Yes,1,1,2026-02-10T00:00:00,2027-02-09T23:59:59,24315479058,"C=US, O=DigiCert Inc, CN=DigiCert Global G2 TLS RSA SHA256 2020 CA1"
www.editor.acquisition-uat.gsa.gov,No,Yes,2,1,2026-03-05T00:00:00,2026-09-19T23:59:59,25312686419;24804664265,"C=US, O=DigiCert Inc, CN=DigiCert Global G2 TLS RSA SHA256 2020 CA1"
www.elibrary-test.fas.gsa.gov,No,Yes,2,1,2025-09-05T00:00:00,2027-03-04T23:59:59,28803119365;20807910608,"C=US, O=DigiCert Inc, CN=DigiCert Global G2 TLS RSA SHA256 2020 CA1"
www.eoffer-test.fas.gsa.gov,No,Yes,1,1,2026-03-25T00:00:00,2026-10-09T23:59:59,25213776425,"C=US, O=DigiCert Inc, CN=DigiCert Global G2 TLS RSA SHA256 2020 CA1"
www.eoffer.gsa.gov,No,Yes,1,1,2026-02-05T00:00:00,2027-02-04T23:59:59,24209565915,"C=US, O=DigiCert Inc, CN=DigiCert Global G2 TLS RSA SHA256 2020 CA1"
www.fas.connect.gsa.gov,No,Yes,4,1,2026-01-22T00:00:00,2027-02-08T23:59:59,24288188455;23918022805;24286960569;24286992741,"C=US, O=DigiCert Inc, CN=DigiCert Global G2 TLS RSA SHA256 2020 CA1"
www.fcp-dev.gsa.gov,No,Yes,1,1,2026-07-26T00:00:00,2027-02-08T23:59:59,28256646039,"C=US, O=Amazon, CN=Amazon RSA 2048 M04"
www.fcp-test.gsa.gov,No,Yes,1,1,2026-07-26T00:00:00,2027-02-08T23:59:59,28259875808,"C=US, O=Amazon, CN=Amazon RSA 2048 M04"
www.fedspecs.gsa.gov,No,Yes,2,1,2026-01-29T00:00:00,2027-01-28T23:59:59,24067819419;24066487534,"C=US, O=DigiCert Inc, CN=DigiCert Global G2 TLS RSA SHA256 2020 CA1"
www.ftp.gsa.gov,No,Yes,1,1,2026-01-21T00:00:00,2027-02-21T23:59:59,23901586818,"C=US, O=DigiCert Inc, CN=DigiCert Global G2 TLS RSA SHA256 2020 CA1"
www.globalsupply.gsa.gov,No,Yes,2,1,2026-07-07T00:00:00,2027-01-21T23:59:59,27758033391;27758035172,"C=US, O=DigiCert Inc, CN=DigiCert Global G2 TLS RSA SHA256 2020 CA1"
www.gncs.gsa.gov,Yes,Yes,1,1,2025-11-25T00:00:00,2026-12-03T23:59:59,22725388547,"C=US, O=DigiCert Inc, CN=DigiCert Global G2 TLS RSA SHA256 2020 CA1"
www.gsa-ea-f5003.fas.gsa.gov,No,Yes,1,1,2026-05-06T00:00:00,2026-11-20T23:59:59,26119093765,"C=US, O=DigiCert Inc, CN=DigiCert Global G2 TLS RSA SHA256 2020 CA1"
www.gsa-ea-f5004.fas.gsa.gov,No,Yes,1,1,2026-05-06T00:00:00,2026-11-20T23:59:59,26118961632,"C=US, O=DigiCert Inc, CN=DigiCert Global G2 TLS RSA SHA256 2020 CA1"
www.gsa-ea-f5203.fas.gsa.gov,No,Yes,1,1,2026-03-23T00:00:00,2026-10-07T23:59:59,25172079057,"C=US, O=DigiCert Inc, CN=DigiCert Global G2 TLS RSA SHA256 2020 CA1"
www.gsa-ea-f5204.fas.gsa.gov,No,Yes,1,1,2026-03-23T00:00:00,2026-10-07T23:59:59,25171327251,"C=US, O=DigiCert Inc, CN=DigiCert Global G2 TLS RSA SHA256 2020 CA1"
www.gsa-st-f5103.fas.gsa.gov,No,Yes,1,1,2026-03-25T00:00:00,2026-10-09T23:59:59,25213728886,"C=US, O=DigiCert Inc, CN=DigiCert Global G2 TLS RSA SHA256 2020 CA1"
www.gsaadvantage-cors.fas.gsa.gov,No,Yes,3,1,2025-09-05T00:00:00,2027-03-04T23:59:59,20808788119;28840797046;28885295871,"C=US, O=DigiCert Inc, CN=DigiCert Global G2 TLS RSA SHA256 2020 CA1"
www.gsaadvantage-test.fas.gsa.gov,No,Yes,3,1,2025-08-11T00:00:00,2027-03-03T23:59:59,20267928513;28928875593;28830942403,"C=US, O=DigiCert Inc, CN=DigiCert Global G2 TLS RSA SHA256 2020 CA1"
www.gsaadvantage-test2.fas.gsa.gov,No,Yes,2,1,2026-06-11T00:00:00,2026-12-26T23:59:59,27245765821;27098642968,"C=US, O=DigiCert Inc, CN=DigiCert Global G2 TLS RSA SHA256 2020 CA1"
www.gsaadvantage-test3.fas.gsa.gov,No,Yes,1,1,2025-11-25T00:00:00,2026-12-26T23:59:59,22729811161,"C=US, O=DigiCert Inc, CN=DigiCert Global G2 TLS RSA SHA256 2020 CA1"
www.gsaadvantage.gov,Yes,No,1,1,2026-07-07T00:00:00,2027-01-21T23:59:59,27760916087,"C=US, O=DigiCert Inc, CN=DigiCert Global G2 TLS RSA SHA256 2020 CA1"
www.gsac0.fas.gsa.gov,No,Yes,1,1,2026-03-17T00:00:00,2026-10-01T23:59:59,25041887975,"C=US, O=DigiCert Inc, CN=DigiCert Global G2 TLS RSA SHA256 2020 CA1"
www.gsaelibrary.gsa.gov,Yes,Yes,1,1,2025-10-07T00:00:00,2026-11-07T23:59:59,21548592693,"C=US, O=DigiCert Inc, CN=DigiCert Global G2 TLS RSA SHA256 2020 CA1"
www.gsafcu.gsa.gov,Yes,Yes,2,1,2026-03-23T00:00:00,2026-10-07T23:59:59,25173718657;25173708721,"C=GB, O=Sectigo Limited, CN=Sectigo Public Server Authentication CA DV R36"
www.gsaglobalsupply.gsa.gov,Yes,Yes,2,1,2026-07-07T00:00:00,2027-01-21T23:59:59,27758033391;27758035172,"C=US, O=DigiCert Inc, CN=DigiCert Global G2 TLS RSA SHA256 2020 CA1"
www.gsatraining.servicedesk.gsa.gov,No,Yes,4,1,2026-02-13T00:00:00,2027-03-03T23:59:59,25026112324;24495168162;24382788348;25026092757,"C=US, O=DigiCert Inc, CN=DigiCert Global G2 TLS RSA SHA256 2020 CA1"
www.gsbca.gsa.gov,No,Yes,2,1,2026-05-13T00:00:00,2026-11-27T23:59:59,26313767821;26315580909,"C=US, O=DigiCert Inc, CN=DigiCert Global G2 TLS RSA SHA256 2020 CA1"
www.gsbca2.gsa.gov,No,Yes,2,1,2026-05-13T00:00:00,2026-11-27T23:59:59,26313780904;26315593211,"C=US, O=DigiCert Inc, CN=DigiCert Global G2 TLS RSA SHA256 2020 CA1"
www.hbdr.gsa.gov,No,Yes,2,1,2026-04-02T00:00:00,2026-10-31T23:59:59,25331342064;25548586080,"C=US, O=DigiCert Inc, CN=DigiCert Global G2 TLS RSA SHA256 2020 CA1"
www.hrlinks.gsa.gov,No,Yes,1,1,2026-01-29T00:00:00,2027-02-18T23:59:59,24062704657,"C=US, O=DigiCert Inc, CN=DigiCert Global G2 TLS RSA SHA256 2020 CA1"
www.hrlinkspay.gsa.gov,No,Yes,1,1,2025-12-23T00:00:00,2027-01-23T23:59:59,23316283179,"C=US, O=DigiCert Inc, CN=DigiCert Global G2 TLS RSA SHA256 2020 CA1"
www.internalsubmit.gsa.gov,No,Yes,2,1,2026-01-30T00:00:00,2027-02-01T23:59:59,24142051758;24085121883,"C=US, O=DigiCert Inc, CN=DigiCert Global G2 TLS RSA SHA256 2020 CA1"
www.iolp.gsa.gov,Yes,Yes,1,1,2026-08-12T00:00:00,2027-02-26T23:59:59,28775375282,"C=US, O=DigiCert Inc, CN=DigiCert Global G2 TLS RSA SHA256 2020 CA1"
www.ithelp.gsa.gov,No,Yes,5,1,2026-08-03T00:00:00,2027-02-27T23:59:59,28788086766;28493593852;28787947245;28787540616;28775524658,"C=US, O=DigiCert Inc, CN=DigiCert Global G2 TLS RSA SHA256 2020 CA1"
www.jss.gsa.gov,No,Yes,2,1,2026-05-19T00:00:00,2026-12-03T23:59:59,26464625548;26572641967,"C=US, O=DigiCert Inc, CN=DigiCert Global G2 TLS RSA SHA256 2020 CA1"
www.lacr-dev.gsa.gov,No,Yes,2,1,2025-11-19T00:00:00,2027-02-28T23:59:59,22592887099;28797912510,"C=US, O=DigiCert Inc, CN=DigiCert Global G2 TLS RSA SHA256 2020 CA1"
www.lacr.gsa.gov,No,Yes,2,1,2025-11-19T00:00:00,2027-02-28T23:59:59,28797967384;22592593010,"C=US, O=DigiCert Inc, CN=DigiCert Global G2 TLS RSA SHA256 2020 CA1"
www.leasing.gsa.gov,No,Yes,1,1,2026-02-03T00:00:00,2027-02-02T23:59:59,24160254225,"C=US, O=DigiCert Inc, CN=DigiCert Global G2 TLS RSA SHA256 2020 CA1"
www.listserv.gsa.gov,No,Yes,2,1,2026-08-13T00:00:00,2027-02-27T23:59:59,28785112713;28798182810,"C=US, O=DigiCert Inc, CN=DigiCert Global G2 TLS RSA SHA256 2020 CA1"
www.login.fleet-dev.fcs.gsa.gov,No,Yes,2,1,2026-05-15T00:00:00,2026-11-29T23:59:59,26357892947;26451275614,"C=US, O=DigiCert Inc, CN=DigiCert Global G2 TLS RSA SHA256 2020 CA1"
www.logs.socaas.gsa.gov,No,Yes,1,1,2025-11-06T00:00:00,2026-11-05T23:59:59,22259794410,"C=US, O=DigiCert Inc, CN=DigiCert Global G2 TLS RSA SHA256 2020 CA1"
www.lop.gsa.gov,No,Yes,3,1,2025-10-28T00:00:00,2027-02-02T23:59:59,22065162315;24160237689;24160221893,"C=US, O=DigiCert Inc, CN=DigiCert Global G2 TLS RSA SHA256 2020 CA1"
www.mcm-admin.fas.gsa.gov,No,Yes,1,1,2026-07-26T00:00:00,2027-02-08T23:59:59,28260796551,"C=US, O=Amazon, CN=Amazon RSA 2048 M01"
www.mcm.fas.gsa.gov,No,Yes,1,1,2026-07-26T00:00:00,2027-02-08T23:59:59,28257942706,"C=US, O=Amazon, CN=Amazon RSA 2048 M04"
www.mfalogin.fas.gsa.gov,No,Yes,3,1,2026-03-19T00:00:00,2027-03-04T23:59:59,28841937117;25089312228;28886721467,"C=US, O=DigiCert Inc, CN=DigiCert Global G2 TLS RSA SHA256 2020 CA1"
www.navigator-test.gsa.gov,No,Yes,1,1,2026-07-26T00:00:00,2027-02-08T23:59:59,28260337386,"C=US, O=Amazon, CN=Amazon RSA 2048 M01"
www.navigator.gsa.gov,Yes,Yes,1,1,2025-12-18T00:00:00,2027-01-16T23:59:59,23202209278,"C=US, O=Amazon, CN=Amazon RSA 2048 M04"
www.ncapi-naisle.fas.gsa.gov,No,Yes,1,1,2026-01-30T00:00:00,2027-03-02T23:59:59,24085336922,"C=US, O=DigiCert Inc, CN=DigiCert Global G2 TLS RSA SHA256 2020 CA1"
www.ncapi.fas.gsa.gov,No,Yes,1,1,2025-08-19T00:00:00,2026-09-16T23:59:59,20431553325,"C=US, O=DigiCert Inc, CN=DigiCert Global G2 TLS RSA SHA256 2020 CA1"
www.ncapis-naisle.fas.gsa.gov,No,Yes,1,1,2026-02-06T00:00:00,2027-03-09T23:59:59,24225432863,"C=US, O=DigiCert Inc, CN=DigiCert Global G2 TLS RSA SHA256 2020 CA1"
www.ncapit-naisle.fas.gsa.gov,No,Yes,1,1,2025-12-05T00:00:00,2027-01-05T23:59:59,22903935230,"C=US, O=DigiCert Inc, CN=DigiCert Global G2 TLS RSA SHA256 2020 CA1"
www.ncportal.fas.gsa.gov,No,Yes,1,1,2026-07-17T00:00:00,2027-01-31T23:59:59,28011067921,"C=US, O=DigiCert Inc, CN=DigiCert Global G2 TLS RSA SHA256 2020 CA1"
www.ncportals.fas.gsa.gov,No,Yes,1,1,2026-07-17T00:00:00,2027-01-31T23:59:59,28008245671,"C=US, O=DigiCert Inc, CN=DigiCert Global G2 TLS RSA SHA256 2020 CA1"
www.ncportalt.fas.gsa.gov,No,Yes,1,1,2026-07-17T00:00:00,2027-01-31T23:59:59,28008155554,"C=US, O=DigiCert Inc, CN=DigiCert Global G2 TLS RSA SHA256 2020 CA1"
www.ncreporting.fas.gsa.gov,No,Yes,2,1,2025-08-19T00:00:00,2027-03-04T23:59:59,20433208352;28802726631,"C=US, O=DigiCert Inc, CN=DigiCert Global G2 TLS RSA SHA256 2020 CA1"
www.ncreportings.fas.gsa.gov,No,Yes,1,1,2026-07-14T00:00:00,2027-01-28T23:59:59,27928851113,"C=US, O=DigiCert Inc, CN=DigiCert Global G2 TLS RSA SHA256 2020 CA1"
www.ncreportingt.fas.gsa.gov,No,Yes,1,1,2026-07-17T00:00:00,2027-01-31T23:59:59,28008127119,"C=US, O=DigiCert Inc, CN=DigiCert Global G2 TLS RSA SHA256 2020 CA1"
www.ncweb.fas.gsa.gov,No,Yes,1,1,2026-05-06T00:00:00,2026-11-20T23:59:59,26119164068,"C=US, O=DigiCert Inc, CN=DigiCert Global G2 TLS RSA SHA256 2020 CA1"
www.ncwebs.fas.gsa.gov,No,Yes,1,1,2026-05-05T00:00:00,2026-11-19T23:59:59,26089156864,"C=US, O=DigiCert Inc, CN=DigiCert Global G2 TLS RSA SHA256 2020 CA1"
www.ncwebt.fas.gsa.gov,No,Yes,1,1,2026-05-05T00:00:00,2026-11-19T23:59:59,26089087280,"C=US, O=DigiCert Inc, CN=DigiCert Global G2 TLS RSA SHA256 2020 CA1"
www.nemaexwo.gsa.gov,Yes,Yes,1,1,2026-06-24T00:00:00,2027-01-08T23:59:59,27450468826,"C=US, O=DigiCert Inc, CN=DigiCert Global G2 TLS RSA SHA256 2020 CA1"
www.ors.fas.gsa.gov,No,Yes,1,1,2025-09-11T00:00:00,2026-10-12T23:59:59,20947511456,"C=US, O=DigiCert Inc, CN=DigiCert Global G2 TLS RSA SHA256 2020 CA1"
www.pbs-billing.gsa.gov,Yes,Yes,1,1,2026-07-13T00:00:00,2027-01-27T23:59:59,27908777785,"C=US, O=DigiCert Inc, CN=DigiCert Global G2 TLS RSA SHA256 2020 CA1"
www.pegasysconnect.fas.gsa.gov,No,Yes,1,1,2026-06-15T00:00:00,2026-12-29T23:59:59,27194273537,"C=US, O=Amazon, CN=Amazon RSA 2048 M04"
www.pegasysconnectb.fas.gsa.gov,No,Yes,1,1,2026-06-15T00:00:00,2026-12-29T23:59:59,27196323578,"C=US, O=Amazon, CN=Amazon RSA 2048 M01"
www.poportal.gsa.gov,No,Yes,2,1,2026-08-17T00:00:00,2027-03-03T23:59:59,28831608265;28930119862,"C=US, O=DigiCert Inc, CN=DigiCert Global G2 TLS RSA SHA256 2020 CA1"
www.portalguard.gsa.gov,No,Yes,2,1,2026-04-30T00:00:00,2026-11-14T23:59:59,25947847721;25947849263,"C=US, O=DigiCert Inc, CN=DigiCert Global G2 TLS RSA SHA256 2020 CA1"
www.prdhrlinkscd.gsa.gov,No,Yes,2,1,2026-06-09T00:00:00,2027-01-10T23:59:59,27503999036;27023200845,"C=US, O=DigiCert Inc, CN=DigiCert Global G2 TLS RSA SHA256 2020 CA1"
www.preprod-hrlinks.gsa.gov,No,Yes,1,1,2025-09-25T00:00:00,2026-10-26T23:59:59,21263574791,"C=US, O=DigiCert Inc, CN=DigiCert Global G2 TLS RSA SHA256 2020 CA1"
www.propertydisposal.gsa.gov,No,Yes,3,1,2026-08-10T00:00:00,2027-02-27T23:59:59,28775439515;28719836262;28787418281,"C=US, O=DigiCert Inc, CN=DigiCert Global G2 TLS RSA SHA256 2020 CA1"
www.rc.gsa.gov,No,Yes,3,1,2026-08-10T00:00:00,2027-02-27T23:59:59,28775439515;28719836262;28787418281,"C=US, O=DigiCert Inc, CN=DigiCert Global G2 TLS RSA SHA256 2020 CA1"
www.reportsportal.fas.gsa.gov,No,Yes,1,1,2026-03-25T00:00:00,2026-10-09T23:59:59,25213745067,"C=US, O=DigiCert Inc, CN=DigiCert Global G2 TLS RSA SHA256 2020 CA1"
www.reservations.wil.gsa.gov,No,Yes,2,1,2026-06-25T00:00:00,2027-01-09T23:59:59,27472986043;27472966732,"C=US, O=DigiCert Inc, CN=DigiCert Global G2 TLS RSA SHA256 2020 CA1"
www.ret.gsa.gov,No,Yes,2,1,2026-02-02T00:00:00,2027-03-05T23:59:59,24141448061;24142662306,"C=US, O=DigiCert Inc, CN=DigiCert Global G2 TLS RSA SHA256 2020 CA1"
www.sandbox.servicedesk.gsa.gov,No,Yes,4,1,2026-02-13T00:00:00,2027-03-03T23:59:59,25026112324;24495168162;24382788348;25026092757,"C=US, O=DigiCert Inc, CN=DigiCert Global G2 TLS RSA SHA256 2020 CA1"
www.scopereview-test.gsa.gov,No,Yes,1,1,2026-07-27T00:00:00,2027-02-09T23:59:59,28277847200,"C=US, O=Amazon, CN=Amazon RSA 2048 M01"
www.securefoia.gsa.gov,No,Yes,1,1,2026-07-15T00:00:00,2027-01-29T23:59:59,27960149389,"C=US, O=DigiCert Inc, CN=DigiCert Global G2 TLS RSA SHA256 2020 CA1"
www.slc.gsa.gov,Yes,Yes,1,1,2025-11-17T00:00:00,2026-12-07T23:59:59,22543953170,"C=US, O=DigiCert Inc, CN=DigiCert Global G2 TLS RSA SHA256 2020 CA1"
www.storefront.eos.gsa.gov,No,Yes,1,1,2025-09-17T00:00:00,2026-10-06T23:59:59,21089222455,"C=US, O=DigiCert Inc, CN=DigiCert Global G2 TLS RSA SHA256 2020 CA1"
www.storefront.test.nhc.vpcaas.fcs.gsa.gov,No,Yes,1,1,2026-07-06T00:00:00,2027-01-20T23:59:59,27738770133,"C=US, O=DigiCert Inc, CN=DigiCert Global G2 TLS RSA SHA256 2020 CA1"
www.str.gsa.gov,No,Yes,1,1,2026-07-17T00:00:00,2027-01-30T23:59:59,28009865989,"C=US, O=Amazon, CN=Amazon RSA 2048 M04"
www.svn.fas.gsa.gov,No,Yes,2,1,2026-05-06T00:00:00,2026-11-20T23:59:59,26118877595;26124861814,"C=US, O=DigiCert Inc, CN=DigiCert Global G2 TLS RSA SHA256 2020 CA1"
www.sws.gsa.gov,No,Yes,1,1,2026-06-17T00:00:00,2026-12-31T23:59:59,27252719941,"C=US, O=Amazon, CN=Amazon RSA 2048 M04"
www.tdr-test.gsa.gov,No,Yes,1,1,2026-07-26T00:00:00,2027-02-08T23:59:59,28259724131,"C=US, O=Amazon, CN=Amazon RSA 2048 M01"
www.test-hrlinks.gsa.gov,No,Yes,1,1,2026-03-12T00:00:00,2026-09-26T23:59:59,24949765765,"C=US, O=DigiCert Inc, CN=DigiCert Global G2 TLS RSA SHA256 2020 CA1"
www.test.servicedesk.gsa.gov,No,Yes,4,1,2026-02-13T00:00:00,2027-03-03T23:59:59,25026112324;24495168162;24382788348;25026092757,"C=US, O=DigiCert Inc, CN=DigiCert Global G2 TLS RSA SHA256 2020 CA1"
www.testfas-mfalogin.fas.gsa.gov,No,Yes,1,1,2026-01-21T00:00:00,2027-02-21T23:59:59,23900634977,"C=US, O=DigiCert Inc, CN=DigiCert Global G2 TLS RSA SHA256 2020 CA1"
www.testls.gsa.gov,No,Yes,1,1,2026-03-25T00:00:00,2026-10-09T23:59:59,25214051648,"C=US, O=DigiCert Inc, CN=DigiCert Global G2 TLS RSA SHA256 2020 CA1"
www.titlevi.gsa.gov,No,Yes,1,1,2026-01-12T00:00:00,2027-01-15T23:59:59,23722449634,"C=US, O=DigiCert Inc, CN=DigiCert Global G2 TLS RSA SHA256 2020 CA1"
www.tmss.gsa.gov,No,Yes,4,2,2025-09-26T00:00:00,2027-03-12T23:59:59,29082978518;22283415165;21290997156;22283435366,"C=US, O=DigiCert Inc, CN=DigiCert Global G2 TLS RSA SHA256 2020 CA1;C=US, O=Amazon, CN=Amazon RSA 2048 M04"
www.tmssbi-preprod.gsa.gov,No,Yes,1,1,2025-09-24T00:00:00,2026-10-22T23:59:59,21245026292,"C=US, O=DigiCert Inc, CN=DigiCert Global G2 TLS RSA SHA256 2020 CA1"
www.tmssbi-test.gsa.gov,No,Yes,1,1,2025-09-24T00:00:00,2026-10-22T23:59:59,21244814331,"C=US, O=DigiCert Inc, CN=DigiCert Global G2 TLS RSA SHA256 2020 CA1"
www.tmssbi.gsa.gov,No,Yes,1,1,2025-09-24T00:00:00,2026-10-22T23:59:59,21244980248,"C=US, O=DigiCert Inc, CN=DigiCert Global G2 TLS RSA SHA256 2020 CA1"
www.trn-hrlinks.gsa.gov,No,Yes,1,1,2026-04-08T00:00:00,2026-10-23T23:59:59,25444002466,"C=US, O=DigiCert Inc, CN=DigiCert Global G2 TLS RSA SHA256 2020 CA1"
www.tsthrlinkscd.gsa.gov,No,Yes,1,1,2026-04-08T00:00:00,2026-10-23T23:59:59,25456683252,"C=US, O=DigiCert Inc, CN=DigiCert Global G2 TLS RSA SHA256 2020 CA1"
www.uat-hrlinks.gsa.gov,No,Yes,1,1,2026-02-06T00:00:00,2027-02-05T23:59:59,24229307276,"C=US, O=DigiCert Inc, CN=DigiCert Global G2 TLS RSA SHA256 2020 CA1"
www.ui.preprod.cnxs.vpcaas.fcs.gsa.gov,No,Yes,1,1,2025-12-30T00:00:00,2027-01-30T23:59:59,23457196992,"C=US, O=DigiCert Inc, CN=DigiCert Global G2 TLS RSA SHA256 2020 CA1"
www.ui.prod.cnxs.vpcaas.fcs.gsa.gov,No,Yes,1,1,2026-08-21T00:00:00,2027-03-07T23:59:59,28866516415,"C=US, O=DigiCert Inc, CN=DigiCert Global G2 TLS RSA SHA256 2020 CA1"
www.usaccess-alp.gsa.gov,No,Yes,1,1,2026-01-29T00:00:00,2027-01-28T23:59:59,24065943961,"C=US, O=DigiCert Inc, CN=DigiCert Global G2 TLS RSA SHA256 2020 CA1"
www.usdaadvantage.gsa.gov,No,Yes,2,1,2025-09-13T00:00:00,2027-03-04T23:59:59,28842308677;20986054658,"C=US, O=DigiCert Inc, CN=DigiCert Global G2 TLS RSA SHA256 2020 CA1"
www.usmcservmart.gsa.gov,Yes,Yes,2,1,2025-09-12T00:00:00,2027-03-04T23:59:59,20977855778;28842296156,"C=US, O=DigiCert Inc, CN=DigiCert Global G2 TLS RSA SHA256 2020 CA1"
www.ussm.gsa.gov,No,Yes,2,1,2026-04-07T00:00:00,2026-10-22T23:59:59,25446040870;25510615076,"C=US, O=DigiCert Inc, CN=DigiCert Global G2 TLS RSA SHA256 2020 CA1"
www.vaadvantage.gsa.gov,No,Yes,2,1,2025-09-12T00:00:00,2027-03-04T23:59:59,20969238561;28842320904,"C=US, O=DigiCert Inc, CN=DigiCert Global G2 TLS RSA SHA256 2020 CA1"
www.vpntest.gsa.gov,No,Yes,2,1,2026-06-01T00:00:00,2026-12-16T23:59:59,26807658197;26801914686,"C=US, O=DigiCert Inc, CN=DigiCert Global G2 TLS RSA SHA256 2020 CA1"
www.webshop.gsa.gov,No,Yes,2,1,2026-05-06T00:00:00,2026-11-20T23:59:59,26119017614;26124978720,"C=US, O=DigiCert Inc, CN=DigiCert Global G2 TLS RSA SHA256 2020 CA1"
www.webshops.fas.gsa.gov,No,Yes,1,1,2026-02-06T00:00:00,2027-03-09T23:59:59,24225383802,"C=US, O=DigiCert Inc, CN=DigiCert Global G2 TLS RSA SHA256 2020 CA1"
www.webshopt.fas.gsa.gov,No,Yes,1,1,2025-12-05T00:00:00,2027-01-05T23:59:59,22903902200,"C=US, O=DigiCert Inc, CN=DigiCert Global G2 TLS RSA SHA256 2020 CA1"
wwww.carbonfootprint.gsa.gov,No,Yes,1,1,2026-02-13T00:00:00,2027-03-03T23:59:59,24382788348,"C=US, O=DigiCert Inc, CN=DigiCert Global G2 TLS RSA SHA256 2020 CA1"
zicap.gsa.gov,No,Yes,1,1,2026-03-04T00:00:00,2026-09-18T23:59:59,24784770903,"C=US, O=DigiCert Inc, CN=DigiCert Global G2 TLS RSA SHA256 2020 CA1"
