domain,seen_in_common_name,seen_in_name_value,certificate_count,issuer_count,earliest_seen,latest_expiry,certificate_ids,issuers
5gmm.nist.gov,Yes,Yes,8,4,2026-08-02T12:24:23,2026-10-31T12:30:35,28462362368;28462363070;28462242716;28462246032;28462239520;28462363339;28462360262;28462244529,"C=US, O=Let's Encrypt, CN=YE1;C=US, O=Let's Encrypt, CN=YR1;C=US, O=Let's Encrypt, CN=YE2;C=US, O=Let's Encrypt, CN=YR2"
IPMGR.nist.gov,Yes,Yes,1,1,2026-02-19T00:00:00,2027-02-25T23:59:59,24513395177,"C=US, O=DigiCert Inc, CN=DigiCert Global G2 TLS RSA SHA256 2020 CA1"
ITWINVMSMON360.core.nccoe.nist.gov,No,Yes,4,1,2025-10-02T00:00:00,2026-10-07T23:59:59,21422733816;21422732923;21422731182;21420163535,"C=US, O=DigiCert Inc, CN=DigiCert Global G2 TLS RSA SHA256 2020 CA1"
WSASMSLINKD01.campus.nist.gov,Yes,Yes,1,1,2026-05-26T00:00:00,2026-12-10T23:59:59,26657371137,"C=US, O=DigiCert Inc, CN=DigiCert Global G2 TLS RSA SHA256 2020 CA1"
WSASMSLINKP01.campus.nist.gov,Yes,Yes,1,1,2026-05-26T00:00:00,2026-12-10T23:59:59,26660516814,"C=US, O=DigiCert Inc, CN=DigiCert Global G2 TLS RSA SHA256 2020 CA1"
WSASMSLNKD01.campus.nist.gov,Yes,Yes,1,1,2026-01-15T00:00:00,2027-01-29T23:59:59,23789919501,"C=US, O=DigiCert Inc, CN=DigiCert Global G2 TLS RSA SHA256 2020 CA1"
WSASMSLNKP01.campus.nist.gov,Yes,Yes,1,1,2026-01-30T00:00:00,2027-02-12T23:59:59,24079128765,"C=US, O=DigiCert Inc, CN=DigiCert Global G2 TLS RSA SHA256 2020 CA1"
WSCTXAWSP01.ssdoc.nist.gov,No,Yes,2,1,2026-07-02T00:00:00,2027-01-16T23:59:59,27644793269;27645074854,"C=US, O=DigiCert Inc, CN=DigiCert Global G2 TLS RSA SHA256 2020 CA1"
WSCTXAWSP11.ssdoc.nist.gov,Yes,Yes,1,1,2026-09-02T00:00:00,2027-03-19T23:59:59,29230405869,"C=US, O=DigiCert Inc, CN=DigiCert Global G2 TLS RSA SHA256 2020 CA1"
WSCTXAWSP13.ssdoc.nist.gov,Yes,Yes,1,1,2026-09-02T00:00:00,2027-03-19T23:59:59,29230132324,"C=US, O=DigiCert Inc, CN=DigiCert Global G2 TLS RSA SHA256 2020 CA1"
WSCTXAWSP31.ssdoc.nist.gov,Yes,Yes,1,1,2026-09-02T00:00:00,2027-03-19T23:59:59,29230228805,"C=US, O=DigiCert Inc, CN=DigiCert Global G2 TLS RSA SHA256 2020 CA1"
WSCTXAWSP32.ssdoc.nist.gov,Yes,Yes,1,1,2026-09-02T00:00:00,2027-03-19T23:59:59,29230567356,"C=US, O=DigiCert Inc, CN=DigiCert Global G2 TLS RSA SHA256 2020 CA1"
WSCTXAWSP33.ssdoc.nist.gov,Yes,Yes,1,1,2026-09-02T00:00:00,2027-03-19T23:59:59,29230720879,"C=US, O=DigiCert Inc, CN=DigiCert Global G2 TLS RSA SHA256 2020 CA1"
WSCTXAWSP34.ssdoc.nist.gov,Yes,Yes,1,1,2026-09-02T00:00:00,2027-03-19T23:59:59,29230130645,"C=US, O=DigiCert Inc, CN=DigiCert Global G2 TLS RSA SHA256 2020 CA1"
abacus.nist.gov,Yes,Yes,8,3,2026-08-20T10:30:47,2026-11-18T10:46:38,28962698316;29159786135;28972320111;29159260093;29159794112;28962427695;29159272366;28972106588,"C=US, O=Let's Encrypt, CN=YR1;C=US, O=Let's Encrypt, CN=YE2;C=US, O=Let's Encrypt, CN=YR2"
access-b.nist.gov,No,Yes,2,1,2026-06-16T00:00:00,2026-12-31T23:59:59,27235088278;27325277279,"C=US, O=DigiCert Inc, CN=DigiCert Global G2 TLS RSA SHA256 2020 CA1"
access-g.nist.gov,No,Yes,2,1,2026-06-16T00:00:00,2026-12-31T23:59:59,27235088278;27325277279,"C=US, O=DigiCert Inc, CN=DigiCert Global G2 TLS RSA SHA256 2020 CA1"
access-test.nist.gov,Yes,Yes,21,5,2026-05-20T00:00:00,2026-12-04T23:59:59,29555616293;29286591028;28558426164;28490279005;28558406940;28489902804;29227167333;27883718691;28490284582;29126020063;26497702517;29105053919;28558416537;29286590549;28558409158;28490281561;28489896774;28489895718;29350256379;28490282430;28489931913,"C=US, O=Let's Encrypt, CN=YE2;C=US, O=DigiCert Inc, CN=DigiCert Global G2 TLS RSA SHA256 2020 CA1;C=US, O=Let's Encrypt, CN=YR1;C=US, O=Let's Encrypt, CN=YE1;C=US, O=Let's Encrypt, CN=YR2"
access.nist.gov,Yes,Yes,2,1,2026-06-16T00:00:00,2026-12-31T23:59:59,27235088278;27325277279,"C=US, O=DigiCert Inc, CN=DigiCert Global G2 TLS RSA SHA256 2020 CA1"
ace.nist.gov,Yes,Yes,8,4,2026-08-15T11:38:15,2026-11-13T11:54:10,28858337709;28858329322;28862114913;28858336264;28858081060;28910165172;28878837898;28958545209,"C=US, O=Let's Encrypt, CN=YE1;C=US, O=Let's Encrypt, CN=YR2;C=US, O=Let's Encrypt, CN=YE2;C=US, O=Let's Encrypt, CN=YR1"
actev.nist.gov,Yes,Yes,8,3,2026-08-02T16:45:33,2026-10-31T17:07:02,28467540626;28467953836;28467564587;28467939471;28467552789;28467562836;28467953299;28467948598,"C=US, O=Let's Encrypt, CN=YE2;C=US, O=Let's Encrypt, CN=YR1;C=US, O=Let's Encrypt, CN=YE1"
acvts.nist.gov,Yes,Yes,2,1,2026-06-12T00:00:00,2026-12-27T23:59:59,27127112800;27265455981,"C=US, O=DigiCert Inc, CN=DigiCert Global G2 TLS RSA SHA256 2020 CA1"
ad360.nccoe.nist.gov,No,Yes,4,1,2025-10-02T00:00:00,2026-10-07T23:59:59,21422733816;21422732923;21422731182;21420163535,"C=US, O=DigiCert Inc, CN=DigiCert Global G2 TLS RSA SHA256 2020 CA1"
adsorption.nist.gov,Yes,Yes,8,3,2026-08-20T12:58:41,2026-11-18T13:20:26,28965006517;29035007160;28974564962;28965402529;28965391770;29012391263;29013179727;28974566862,"C=US, O=Let's Encrypt, CN=YE2;C=US, O=Let's Encrypt, CN=YR1;C=US, O=Let's Encrypt, CN=YE1"
ai-challenges.nist.gov,Yes,Yes,8,4,2026-08-02T12:24:06,2026-10-31T12:32:11,28462246306;28462381623;28462242120;28462382402;28462241844;28462235371;28462379600;28462388616,"C=US, O=Let's Encrypt, CN=YR2;C=US, O=Let's Encrypt, CN=YE2;C=US, O=Let's Encrypt, CN=YR1;C=US, O=Let's Encrypt, CN=YE1"
airc-staging-wag.nist.gov,Yes,Yes,8,3,2026-08-02T11:49:13,2026-10-31T11:57:01,28461730773;28461584354;28461584404;28461738615;28461578449;28461581755;28461744137;28461733387,"C=US, O=Let's Encrypt, CN=YE2;C=US, O=Let's Encrypt, CN=YR1;C=US, O=Let's Encrypt, CN=YE1"
airc-staging.nist.gov,Yes,Yes,8,3,2026-08-02T12:23:09,2026-10-31T12:32:10,28462217348;28462216574;28462220948;28462379465;28462226234;28462390681;28462379163;28462388321,"C=US, O=Let's Encrypt, CN=YR1;C=US, O=Let's Encrypt, CN=YE2;C=US, O=Let's Encrypt, CN=YR2"
airc.nist.gov,Yes,Yes,8,3,2026-08-02T12:23:58,2026-10-31T12:32:13,28462242630;28462383965;28462239848;28462394189;28462242257;28462247723;28462379239;28462380153,"C=US, O=Let's Encrypt, CN=YE1;C=US, O=Let's Encrypt, CN=YE2;C=US, O=Let's Encrypt, CN=YR2"
alpha.nist.gov,Yes,Yes,1,1,2026-05-12T00:00:00,2026-11-26T23:59:59,26283029313,"C=US, O=DigiCert Inc, CN=DigiCert Global G2 TLS RSA SHA256 2020 CA1"
ambench.nist.gov,Yes,Yes,8,4,2026-08-02T20:00:24,2026-10-31T20:21:16,28471627357;28471619135;28471631464;28472049993;28472046910;28472047078;28471627704;28472049285,"C=US, O=Let's Encrypt, CN=YR2;C=US, O=Let's Encrypt, CN=YE2;C=US, O=Let's Encrypt, CN=YR1;C=US, O=Let's Encrypt, CN=YE1"
ambench2022.nist.gov,Yes,Yes,8,3,2026-08-02T11:49:33,2026-10-31T11:56:50,28461730964;28461585049;28461733856;28461596680;28461602557;28461587329;28461734096;28461720053,"C=US, O=Let's Encrypt, CN=YE1;C=US, O=Let's Encrypt, CN=YE2;C=US, O=Let's Encrypt, CN=YR1"
ammd.nist.gov,Yes,Yes,8,2,2026-08-20T09:48:06,2026-11-18T10:07:27,28971703779;28962040675;29025290933;28961754539;28961765550;28962041785;29007301343;28971330052,"C=US, O=Let's Encrypt, CN=YE2;C=US, O=Let's Encrypt, CN=YR2"
antd.nist.gov,Yes,Yes,2,1,2026-08-26T05:16:37,2026-11-24T05:16:36,29099935880;29184715278,"C=US, O=Let's Encrypt, CN=YR2"
ants.nist.gov,Yes,Yes,1,1,2026-02-18T00:00:00,2027-02-17T23:59:59,24491092803,"C=US, O=DigiCert Inc, CN=DigiCert Global G2 TLS RSA SHA256 2020 CA1"
aphl.nist.gov,Yes,Yes,8,4,2026-08-20T10:31:03,2026-11-18T10:46:55,29008376339;29023664926;29159796511;28972324854;29027261109;29159270005;29015208441;28972106532,"C=US, O=Let's Encrypt, CN=YR2;C=US, O=Let's Encrypt, CN=YR1;C=US, O=Let's Encrypt, CN=YE2;C=US, O=Let's Encrypt, CN=YE1"
api-iedison.nist.gov,Yes,Yes,14,5,2026-07-19T09:03:06,2026-11-10T16:34:58,28779736364;28061155628;28061156375;28779736044;28424585697;28061161095;28781912020;28784295424;28779618059;28782515495;28779303910;28424601240;28061158585;28784054294,"C=US, O=SSL Corporation, CN=Cloudflare TLS Issuing RSA CA 4;C=US, O=SSL Corporation, CN=Cloudflare TLS Issuing ECC CA 4;C=US, O=Let's Encrypt, CN=YE2;C=US, O=Let's Encrypt, CN=YR1;C=US, O=Let's Encrypt, CN=YR2"
api-iedisontest.ct.nist.gov,Yes,Yes,3,2,2026-08-31T13:13:54,2026-11-29T13:13:58,29195543151;29195477784;29195474236,"C=US, O=Let's Encrypt, CN=YE2;C=US, O=Let's Encrypt, CN=YR2"
api-iedisonuat.ct.nist.gov,Yes,Yes,4,2,2026-08-04T16:29:36,2026-11-02T16:29:55,28532267840;28532271535;28532253768;28532266517,"C=US, O=Let's Encrypt, CN=YR2;C=US, O=Let's Encrypt, CN=YE1"
api-iedisonuat.nist.gov,Yes,Yes,7,4,2026-07-09T16:05:47,2026-12-05T15:26:18,27810621445;29402960470;29410423442;27810664103;27810632517;27810630295;29401745596,"C=US, O=Let's Encrypt, CN=YR2;C=US, O=Let's Encrypt, CN=YE2;C=US, O=Let's Encrypt, CN=YR1;C=US, O=Let's Encrypt, CN=YE1"
asapsdata.nist.gov,Yes,Yes,8,4,2026-08-02T11:51:32,2026-10-31T11:57:00,28461638026;28461639725;28461744327;28461735116;28461739544;28461732918;28461630466;28461655624,"C=US, O=Let's Encrypt, CN=YR2;C=US, O=Let's Encrypt, CN=YR1;C=US, O=Let's Encrypt, CN=YE2;C=US, O=Let's Encrypt, CN=YE1"
aup.ct.nist.gov,No,Yes,6,2,2026-08-23T11:31:14,2026-11-21T12:49:14,29201208156;29041472515;29112754315;29041146968;29200769446;29200774908,"C=US, O=Google Trust Services, CN=WE1;C=US, O=Google Trust Services, CN=WR1"
auth.nist.gov,Yes,Yes,1,1,2026-02-24T00:00:00,2027-03-09T23:59:59,24618356265,"C=US, O=DigiCert Inc, CN=DigiCert Global G2 TLS RSA SHA256 2020 CA1"
auth.nvd.nist.gov,Yes,Yes,1,1,2026-09-02T00:00:00,2027-03-19T23:59:59,29232001399,"C=US, O=DigiCert Inc, CN=DigiCert Global G2 TLS RSA SHA256 2020 CA1"
autodiscover.m365devtest.nist.gov,Yes,Yes,7,4,2026-07-02T10:15:57,2026-11-28T09:44:01,29173842244;29518764744;27641038248;29407097719;27641050663;27641044632;27641049346,"C=US, O=Let's Encrypt, CN=YR2;C=US, O=Let's Encrypt, CN=YE2;C=US, O=Let's Encrypt, CN=YR1;C=US, O=Let's Encrypt, CN=YE1"
axonius-central.ssdoc.nist.gov,Yes,Yes,1,1,2025-10-14T00:00:00,2026-11-10T23:59:59,21719118276,"C=US, O=DigiCert Inc, CN=DigiCert Global G2 TLS RSA SHA256 2020 CA1"
axoniusgc-central.ssdoc.nist.gov,Yes,Yes,1,1,2025-09-18T00:00:00,2026-10-16T23:59:59,21113841852,"C=US, O=DigiCert Inc, CN=DigiCert Global G2 TLS RSA SHA256 2020 CA1"
axoniusgc.ssdoc.nist.gov,Yes,Yes,1,1,2025-09-18T00:00:00,2026-10-16T23:59:59,21113841689,"C=US, O=DigiCert Inc, CN=DigiCert Global G2 TLS RSA SHA256 2020 CA1"
b24-evo.nist.gov,Yes,Yes,1,1,2025-09-26T00:00:00,2026-10-27T23:59:59,21295516867,"C=US, O=DigiCert Inc, CN=DigiCert Global G2 TLS RSA SHA256 2020 CA1"
bajor.nist.gov,No,Yes,1,1,2026-06-22T00:00:00,2027-01-06T23:59:59,27399457975,"C=US, O=DigiCert Inc, CN=DigiCert Global G2 TLS RSA SHA256 2020 CA1"
baldrige.nist.gov,Yes,Yes,8,3,2026-08-24T10:05:30,2026-11-22T10:19:13,29049062912;29259019454;29075706419;29049038505;29259025173;29061521560;29513495246;29174468422,"C=US, O=Let's Encrypt, CN=YE1;C=US, O=Let's Encrypt, CN=YE2;C=US, O=Let's Encrypt, CN=YR2"
baldrigeresources.nist.gov,Yes,Yes,4,2,2026-08-02T11:32:46,2026-10-31T11:33:06,28461218233;28461223576;28461219428;28461218361,"C=US, O=Let's Encrypt, CN=YE2;C=US, O=Let's Encrypt, CN=YR1"
basportal.nist.gov,Yes,Yes,1,1,2026-09-18T14:03:15,2026-12-17T14:03:14,29529926171,"C=US, O=Let's Encrypt, CN=YE1"
bbddata.nist.gov,Yes,Yes,8,4,2026-08-20T10:29:10,2026-11-18T10:45:56,29008361102;29159750383;28962398253;29007854190;29012437633;28972093704;28962710210;29007854132,"C=US, O=Let's Encrypt, CN=YE1;C=US, O=Let's Encrypt, CN=YR1;C=US, O=Let's Encrypt, CN=YE2;C=US, O=Let's Encrypt, CN=YR2"
beacon.nist.gov,Yes,Yes,9,4,2026-07-06T12:17:39,2026-12-02T11:54:39,29308544159;27733182057;27733183137;29312821522;29312822057;27733176321;27733183906;29312902780;29308133664,"C=US, O=Let's Encrypt, CN=YR1;C=US, O=Let's Encrypt, CN=YR2;C=US, O=Let's Encrypt, CN=YE2;C=US, O=Let's Encrypt, CN=YE1"
beta.nist.gov,Yes,Yes,1,1,2026-04-21T00:00:00,2026-11-05T23:59:59,25640807593,"C=US, O=DigiCert Inc, CN=DigiCert Global G2 TLS RSA SHA256 2020 CA1"
betazed.nist.gov,No,Yes,1,1,2026-06-22T00:00:00,2027-01-06T23:59:59,27399457975,"C=US, O=DigiCert Inc, CN=DigiCert Global G2 TLS RSA SHA256 2020 CA1"
bigdata.nist.gov,Yes,Yes,8,3,2026-08-15T11:58:47,2026-11-13T12:13:04,28858639791;28959718522;28858408558;28858435765;28858646750;28959182723;28858643611;28882992550,"C=US, O=Let's Encrypt, CN=YE2;C=US, O=Let's Encrypt, CN=YR1;C=US, O=Let's Encrypt, CN=YE1"
bigdatawg.nist.gov,Yes,Yes,8,4,2026-08-15T11:38:48,2026-11-13T11:53:24,28862108873;28882562214;28888968207;28861832939;28862107775;28858320275;28891562312;28858122747,"C=US, O=Let's Encrypt, CN=YR2;C=US, O=Let's Encrypt, CN=YR1;C=US, O=Let's Encrypt, CN=YE2;C=US, O=Let's Encrypt, CN=YE1"
bioinfo.nist.gov,Yes,Yes,8,3,2026-08-20T09:49:05,2026-11-18T10:07:19,28962077436;28961790957;29026185451;28962041815;29010805089;29025318232;29006755701;29006659467,"C=US, O=Let's Encrypt, CN=YR2;C=US, O=Let's Encrypt, CN=YE2;C=US, O=Let's Encrypt, CN=YR1"
biometrics.nist.gov,Yes,Yes,8,3,2026-08-20T14:47:40,2026-11-18T15:07:12,29169748090;29016774681;28967411182;29016046003;28976788234;29022886392;28967412036;29016715600,"C=US, O=Let's Encrypt, CN=YR2;C=US, O=Let's Encrypt, CN=YR1;C=US, O=Let's Encrypt, CN=YE1"
birch.nist.gov,Yes,Yes,4,2,2026-08-11T19:57:53,2026-11-09T19:57:53,28751469005;28751472486;28751471957;28751461662,"C=US, O=Let's Encrypt, CN=YR1;C=US, O=Let's Encrypt, CN=YE1"
birdsnest.nist.gov,Yes,Yes,8,3,2026-08-20T09:49:45,2026-11-18T10:09:37,29013637860;29006848775;29009985035;29013624013;29157569997;29158440992;29158432602;29009980973,"C=US, O=Let's Encrypt, CN=YR2;C=US, O=Let's Encrypt, CN=YE2;C=US, O=Let's Encrypt, CN=YE1"
bitableau.nist.gov,Yes,Yes,8,2,2026-07-22T15:39:00,2026-10-20T15:56:02,28158150199;28157777405;28157780880;28157779629;28158161974;28158165323;28157770882;28158154315,"C=US, O=Let's Encrypt, CN=YE2;C=US, O=Let's Encrypt, CN=YR1"
blcc.nist.gov,Yes,Yes,8,3,2026-08-20T10:28:18,2026-11-18T10:44:34,28962383981;29012391001;29011704432;28972408542;29012388689;29159699060;29159173403;29159699452,"C=US, O=Let's Encrypt, CN=YR2;C=US, O=Let's Encrypt, CN=YE2;C=US, O=Let's Encrypt, CN=YR1"
bobcbs.nist.gov,Yes,Yes,2,1,2026-03-27T00:00:00,2027-03-06T23:59:59,28858820482;25253606639,"C=US, O=DigiCert Inc, CN=DigiCert Global G2 TLS RSA SHA256 2020 CA1"
boudicca.nist.gov,Yes,Yes,8,4,2026-08-20T12:57:48,2026-11-18T13:19:45,29013103446;29020936561;29034985914;29013101159;29165047586;29033998145;29032760327;28965006237,"C=US, O=Let's Encrypt, CN=YR2;C=US, O=Let's Encrypt, CN=YE2;C=US, O=Let's Encrypt, CN=YR1;C=US, O=Let's Encrypt, CN=YE1"
boulderdoc.nist.gov,Yes,Yes,2,1,2026-05-22T00:00:00,2026-12-06T23:59:59,26556330459;26553565330,"C=US, O=DigiCert Inc, CN=DigiCert Global G2 TLS RSA SHA256 2020 CA1"
bws.nist.gov,Yes,Yes,8,3,2026-08-20T12:57:54,2026-11-18T13:20:06,28974989024;29018482006;29019478114;28974601354;28965474501;28965393836;29165064923;28964986887,"C=US, O=Let's Encrypt, CN=YR2;C=US, O=Let's Encrypt, CN=YE2;C=US, O=Let's Encrypt, CN=YE1"
calnet.nist.gov,Yes,Yes,8,3,2026-08-20T12:01:00,2026-11-18T12:15:52,29163295013;28963936353;29016422062;29010539456;29018503329;29016433861;29163290437;29162647394,"C=US, O=Let's Encrypt, CN=YR1;C=US, O=Let's Encrypt, CN=YE2;C=US, O=Let's Encrypt, CN=YR2"
cccbdb-test.ct.nist.gov,No,Yes,4,2,2026-07-15T18:15:49,2026-10-13T19:31:21,27961389020;27961688120;27961388945;27961660718,"C=US, O=Google Trust Services, CN=WE1;C=US, O=Google Trust Services, CN=WR1"
cccbdb.nist.gov,Yes,Yes,4,2,2026-08-01T09:02:33,2026-10-30T09:02:49,28432499491;28432491170;28432479580;28432508007,"C=US, O=Let's Encrypt, CN=YE2;C=US, O=Let's Encrypt, CN=YR2"
cda-cancer-testing.nist.gov,Yes,Yes,8,3,2026-08-20T10:28:25,2026-11-18T10:44:44,28962661423;28962438474;28962693739;29159172868;28972077738;29008359492;28972290672;29014474749,"C=US, O=Let's Encrypt, CN=YE1;C=US, O=Let's Encrypt, CN=YE2;C=US, O=Let's Encrypt, CN=YR2"
cda-validation.nist.gov,Yes,Yes,8,3,2026-08-20T10:28:22,2026-11-18T10:44:54,29027822623;29007895815;29159171824;29008419595;29014474164;29159713038;29012406827;28972081223,"C=US, O=Let's Encrypt, CN=YE1;C=US, O=Let's Encrypt, CN=YE2;C=US, O=Let's Encrypt, CN=YR1"
cdcs.nist.gov,Yes,Yes,4,2,2026-08-20T09:48:47,2026-11-18T09:48:57,29157532766;28971338188;28971369614;29012648831,"C=US, O=Let's Encrypt, CN=YR2;C=US, O=Let's Encrypt, CN=YE1"
cdcs.registry.nist.gov,Yes,Yes,7,3,2026-07-11T16:58:31,2026-12-07T16:42:04,27858481126;29488319623;27858480696;27858485542;27858485687;29507072654;29487940641,"C=US, O=Let's Encrypt, CN=YR2;C=US, O=Let's Encrypt, CN=YE2;C=US, O=Let's Encrypt, CN=YE1"
cedar-pac.nist.gov,Yes,Yes,13,4,2026-07-12T10:35:08,2026-12-08T10:16:32,27873483362;27873600279;27873604269;29520798106;29520655271;27873483336;29541253933;27873605031;29520800300;27873601129;29520800281;27873483442;27873483492,"C=US, O=Let's Encrypt, CN=YE1;C=US, O=Let's Encrypt, CN=YR1;C=US, O=Let's Encrypt, CN=YE2;C=US, O=Let's Encrypt, CN=YR2"
cedar.nist.gov,No,Yes,4,2,2026-08-28T02:23:34,2026-11-26T03:49:56,29458054916;29378012198;29318316277;29556679190,"C=US, O=Google Trust Services, CN=WE1;C=US, O=Google Trust Services, CN=WR1"
cedar2.nist.gov,No,Yes,5,2,2026-08-23T22:53:11,2026-11-22T00:15:18,29180569515;29226982432;29039262929;29295291293;29131952138,"C=US, O=Google Trust Services, CN=WE1;C=US, O=Google Trust Services, CN=WR1"
censusiweb1.nist.gov,Yes,Yes,3,1,2025-10-22T00:00:00,2026-11-18T23:59:59,21919658658;22704855873;22704439852,"C=US, O=DigiCert Inc, CN=DigiCert Global G2 TLS RSA SHA256 2020 CA1"
censusiwebd2.nist.gov,Yes,Yes,1,1,2025-09-22T00:00:00,2026-10-14T23:59:59,21206688147,"C=US, O=DigiCert Inc, CN=DigiCert Global G2 TLS RSA SHA256 2020 CA1"
certauth.auth.nist.gov,No,Yes,1,1,2026-02-24T00:00:00,2027-03-09T23:59:59,24618356265,"C=US, O=DigiCert Inc, CN=DigiCert Global G2 TLS RSA SHA256 2020 CA1"
cfast.nist.gov,Yes,Yes,8,4,2026-08-24T12:46:33,2026-11-22T13:00:20,29152854165;29064165780;29526138814;29051177156;29526123033;29051421608;29266983476;29179032813,"C=US, O=Let's Encrypt, CN=YE1;C=US, O=Let's Encrypt, CN=YR2;C=US, O=Let's Encrypt, CN=YE2;C=US, O=Let's Encrypt, CN=YR1"
cfreds-archive.nist.gov,Yes,Yes,8,3,2026-08-20T09:49:51,2026-11-18T10:09:56,29006677096;29158433320;29025358048;29009984001;29007295277;29013628585;28971756657;29157571654,"C=US, O=Let's Encrypt, CN=YE1;C=US, O=Let's Encrypt, CN=YE2;C=US, O=Let's Encrypt, CN=YR1"
cfreds.nist.gov,Yes,Yes,12,3,2026-07-24T16:16:14,2026-11-18T16:42:02,28216824298;29173816836;28216827577;28978741410;29019595820;28979130531;29029290683;28216826614;29173809776;29019559195;29045189088;28216833827,"C=US, O=Let's Encrypt, CN=YE2;C=US, O=Let's Encrypt, CN=YR1;C=US, O=Let's Encrypt, CN=YE1"
cfstaffing-test.ct.nist.gov,Yes,Yes,9,3,2026-07-07T13:09:31,2026-12-03T12:49:50,29342797922;27758631551;27758367680;27758371565;27758365210;27758636480;27758638774;27758366117;27758632369,"C=US, O=Let's Encrypt, CN=YE1;C=US, O=Let's Encrypt, CN=YR2;C=US, O=Let's Encrypt, CN=YR1"
charlotte.ncnr.nist.gov,Yes,Yes,1,1,2025-09-30T00:00:00,2026-10-14T23:59:59,21378588935,"C=US, O=DigiCert Inc, CN=DigiCert Global G2 TLS RSA SHA256 2020 CA1"
charpy.nist.gov,Yes,Yes,8,2,2026-08-20T09:50:35,2026-11-18T10:09:08,29013603646;29025395449;28962069029;29157608572;29158418295;29010040329;28971759397;28961756322,"C=US, O=Let's Encrypt, CN=YE2;C=US, O=Let's Encrypt, CN=YR2"
checklists.nist.gov,Yes,Yes,4,2,2026-07-06T12:17:45,2026-10-04T12:18:03,27733184323;27733177346;27733189267;27733180863,"C=US, O=Let's Encrypt, CN=YE2;C=US, O=Let's Encrypt, CN=YR2"
chemdata.nist.gov,Yes,Yes,8,4,2026-08-20T12:00:49,2026-11-18T12:15:47,29162647313;29019131975;28964212687;29018502762;28964294518;28973868355;28973533263;29010499087,"C=US, O=Let's Encrypt, CN=YR2;C=US, O=Let's Encrypt, CN=YE2;C=US, O=Let's Encrypt, CN=YR1;C=US, O=Let's Encrypt, CN=YE1"
ciks.cbt.nist.gov,No,Yes,1,1,2025-11-13T00:00:00,2026-11-20T23:59:59,22439545213,"C=US, O=DigiCert Inc, CN=DigiCert Global G2 TLS RSA SHA256 2020 CA1"
circular.nist.gov,Yes,Yes,8,2,2026-08-02T20:23:24,2026-10-31T20:42:53,28472441853;28472086290;28472081271;28472093828;28472448662;28472453136;28472086707;28472445796,"C=US, O=Let's Encrypt, CN=YR2;C=US, O=Let's Encrypt, CN=YE1"
clb.nist.gov,Yes,Yes,8,4,2026-07-05T15:30:20,2026-12-01T21:17:15,29287230089;29188489407;29154243147;27712128181;29443117298;29235969000;27712118265;29390299864,"C=US, O=Google Trust Services, CN=WE1;C=US, O=Google Trust Services, CN=WR1;C=US, O=Let's Encrypt, CN=YE2;C=US, O=Let's Encrypt, CN=YR2"
cloud.updates.nist.gov,Yes,Yes,1,1,2026-08-26T00:00:00,2027-03-12T23:59:59,29054756717,"C=US, O=DigiCert Inc, CN=DigiCert Global G2 TLS RSA SHA256 2020 CA1"
cnst-training.nist.gov,Yes,Yes,8,2,2026-08-20T10:29:09,2026-11-18T10:45:56,29027135253;29159749563;29015126546;28972087445;29159763672;28962690319;29007853974;29007854057,"C=US, O=Let's Encrypt, CN=YR2;C=US, O=Let's Encrypt, CN=YE1"
code.nist.gov,Yes,Yes,8,3,2026-08-24T14:02:38,2026-11-22T14:19:09,29200201633;29065778640;29332384694;29141839783;29065440020;29157454579;29157467393;29065389590,"C=US, O=Let's Encrypt, CN=YR2;C=US, O=Let's Encrypt, CN=YE2;C=US, O=Let's Encrypt, CN=YE1"
common-landing.sfuat.nist.gov,Yes,Yes,3,2,2026-08-28T13:34:00,2026-11-26T13:34:17,29125258622;29146887476;29341188350,"C=US, O=Let's Encrypt, CN=YR1;C=US, O=Let's Encrypt, CN=YE1"
concrete.nist.gov,Yes,Yes,8,3,2026-08-20T09:49:15,2026-11-18T10:08:05,28971739861;29009960116;28971710161;28971709317;29012664146;29157556348;28962045060;29157556571,"C=US, O=Let's Encrypt, CN=YE1;C=US, O=Let's Encrypt, CN=YE2;C=US, O=Let's Encrypt, CN=YR2"
consensus.nist.gov,Yes,Yes,8,3,2026-08-20T17:41:21,2026-11-18T18:02:49,28980681240;29021313873;29020877101;29177927464;28980359293;29047599519;29020880821;29032557730,"C=US, O=Let's Encrypt, CN=YR1;C=US, O=Let's Encrypt, CN=YE2;C=US, O=Let's Encrypt, CN=YR2"
covid19-data.nist.gov,Yes,Yes,4,2,2026-08-13T13:15:07,2026-11-11T13:15:17,28807536884;28855512866;28818528092;28817972179,"C=US, O=Let's Encrypt, CN=YE2;C=US, O=Let's Encrypt, CN=YR2"
covid19-registry.nist.gov,Yes,Yes,8,3,2026-08-13T13:36:09,2026-11-11T13:54:07,28819441534;28819200428;28807910091;28807911722;28857264587;28821493452;28809140462;28851806556,"C=US, O=Let's Encrypt, CN=YR2;C=US, O=Let's Encrypt, CN=YE2;C=US, O=Let's Encrypt, CN=YE1"
cryogenics.nist.gov,Yes,Yes,8,4,2026-08-20T09:49:31,2026-11-18T10:07:35,28962043530;29025344878;29007315026;29009972337;29157561949;28961754015;29158355717;29013521509,"C=US, O=Let's Encrypt, CN=YR2;C=US, O=Let's Encrypt, CN=YE2;C=US, O=Let's Encrypt, CN=YR1;C=US, O=Let's Encrypt, CN=YE1"
cryptik.nist.gov,Yes,Yes,1,1,2026-06-12T00:00:00,2026-12-27T23:59:59,27127115023,"C=US, O=DigiCert Inc, CN=DigiCert Global G2 TLS RSA SHA256 2020 CA1"
csrc.nist.gov,Yes,Yes,12,4,2026-07-02T13:22:47,2026-11-28T13:01:50,29176406447;27644559976;27644328999;27644345030;29164055959;27644559057;27644553483;27644564271;27644342110;27644351314;29176404922;29380742055,"C=US, O=Let's Encrypt, CN=YE1;C=US, O=Let's Encrypt, CN=YR1;C=US, O=Let's Encrypt, CN=YE2;C=US, O=Let's Encrypt, CN=YR2"
cstars.cbs.nist.gov,Yes,Yes,1,1,2026-07-24T00:00:00,2027-02-07T23:59:59,28212779389,"C=US, O=DigiCert Inc, CN=DigiCert Global G2 TLS RSA SHA256 2020 CA1"
cstl.nist.gov,Yes,Yes,8,3,2026-08-02T12:23:59,2026-10-31T12:32:08,28462240834;28462393332;28462378613;28462241215;28462240918;28462392309;28462381050;28462234925,"C=US, O=Let's Encrypt, CN=YR2;C=US, O=Let's Encrypt, CN=YR1;C=US, O=Let's Encrypt, CN=YE1"
ct.nist.gov,Yes,Yes,23,6,2026-07-07T12:51:47,2026-12-03T12:13:02,29201208156;28812055999;28842337542;29342071717;28801190078;29041146968;28801686176;29200769446;29200774908;27758043252;28842336342;27961389020;29112754315;27961660718;27961688120;27758043335;29041472515;28810294949;28812316505;27758036629;27961388945;27758037689;28811161336,"C=US, O=Let's Encrypt, CN=YE2;C=US, O=Let's Encrypt, CN=YR1;C=US, O=Google Trust Services, CN=WR1;C=US, O=Google Trust Services, CN=WE1;C=US, O=Let's Encrypt, CN=YE1;C=US, O=Let's Encrypt, CN=YR2"
data.nist.gov,Yes,Yes,6,3,2026-07-12T12:32:16,2026-12-08T11:57:56,27875211893;29545316745;29523820151;27875216240;27875203431;27875206335,"C=US, O=Let's Encrypt, CN=YR2;C=US, O=Let's Encrypt, CN=YE2;C=US, O=Let's Encrypt, CN=YR1"
data.ssdoc.nist.gov,Yes,Yes,1,1,2026-05-29T00:00:00,2026-12-13T23:59:59,26737191157,"C=US, O=DigiCert Inc, CN=DigiCert Global G2 TLS RSA SHA256 2020 CA1"
decisiontree.nist.gov,Yes,Yes,8,4,2026-08-20T10:28:06,2026-11-18T10:44:58,28982463749;29007901684;29008386050;29008337949;28972595027;29015096927;29011691899;28972076606,"C=US, O=Let's Encrypt, CN=YE1;C=US, O=Let's Encrypt, CN=YR1;C=US, O=Let's Encrypt, CN=YE2;C=US, O=Let's Encrypt, CN=YR2"
demo.acvts.nist.gov,Yes,Yes,2,1,2026-06-12T00:00:00,2026-12-27T23:59:59,27127112389;27265456805,"C=US, O=DigiCert Inc, CN=DigiCert Global G2 TLS RSA SHA256 2020 CA1"
demo.amvp.nist.gov,Yes,Yes,14,4,2026-04-03T00:00:00,2026-12-16T11:03:50,28092460914;29503572474;25403266625;28092461456;29504211592;28092053901;25416490911;28092474093;28092054474;28092058012;28092053430;29504258405;29504323526;28092478315,"C=US, O=Let's Encrypt, CN=YE1;C=US, O=DigiCert Inc, CN=DigiCert Global G2 TLS RSA SHA256 2020 CA1;C=US, O=Let's Encrypt, CN=YE2;C=US, O=Let's Encrypt, CN=YR1"
demo.esvts.nist.gov,Yes,Yes,1,1,2025-12-29T00:00:00,2027-01-19T23:59:59,23437232044,"C=US, O=DigiCert Inc, CN=DigiCert Global G2 TLS RSA SHA256 2020 CA1"
disasterhub.nist.gov,Yes,Yes,8,2,2026-08-15T14:04:06,2026-11-13T14:18:10,28860732208;28864452821;28885795965;28860521821;28865800472;28864374403;28860747743;28864374827,"C=US, O=Let's Encrypt, CN=YE2;C=US, O=Let's Encrypt, CN=YR1"
dlmf.nist.gov,Yes,Yes,8,2,2026-08-20T10:29:48,2026-11-18T10:45:18,29008388211;29008341922;29011762597;29007984861;29008344215;28962707326;28962408641;28962418684,"C=US, O=Let's Encrypt, CN=YR1;C=US, O=Let's Encrypt, CN=YE1"
docker-sgitlab-test.nist.gov,No,Yes,2,1,2026-04-14T00:00:00,2027-01-06T23:59:59,25658061418;27399458669,"C=US, O=DigiCert Inc, CN=DigiCert Global G2 TLS RSA SHA256 2020 CA1"
docker.nist.gov,No,Yes,1,1,2026-06-22T00:00:00,2027-01-06T23:59:59,27399436168,"C=US, O=DigiCert Inc, CN=DigiCert Global G2 TLS RSA SHA256 2020 CA1"
duc.nist.gov,Yes,Yes,14,3,2026-07-09T11:58:00,2026-12-05T11:59:32,29397792482;27806286019;29397816855;27806516972;27806517238;27806509213;27806284664;29397815819;29406530885;29406252287;29397994762;27806518663;27806264321;27806270591,"C=US, O=Let's Encrypt, CN=YR2;C=US, O=Let's Encrypt, CN=YE2;C=US, O=Let's Encrypt, CN=YE1"
e3.nist.gov,Yes,Yes,4,2,2026-08-20T09:30:24,2026-11-18T09:30:25,29006130855;29006210874;28961496371;29009151789,"C=US, O=Let's Encrypt, CN=YE2;C=US, O=Let's Encrypt, CN=YR1"
eauth-dev.nist.gov,Yes,Yes,4,2,2026-07-13T01:24:24,2026-11-11T01:24:24,28791887304;27887831783;27887828666;28793268313,"C=US, O=Let's Encrypt, CN=YR2;C=US, O=Let's Encrypt, CN=YR1"
eauth.nist.gov,Yes,Yes,4,2,2026-07-13T01:24:25,2026-11-11T01:24:24,28796675373;27887834822;27887831789;28791892159,"C=US, O=Let's Encrypt, CN=YR1;C=US, O=Let's Encrypt, CN=YR2"
ecc.nist.gov,Yes,Yes,8,4,2026-08-20T09:49:00,2026-11-18T10:07:35,29009952756;29025324922;29158362298;29157546868;28971372845;29158355665;29013531626;29010819615,"C=US, O=Let's Encrypt, CN=YE1;C=US, O=Let's Encrypt, CN=YR2;C=US, O=Let's Encrypt, CN=YE2;C=US, O=Let's Encrypt, CN=YR1"
edge-cert-test.ct.nist.gov,Yes,Yes,12,3,2026-07-20T09:18:59,2026-12-16T09:02:22,28089872093;28089873539;28089936243;28090360246;29495821796;28089936510;28089864187;28090360109;28090363361;29495663173;28090363876;28089874792,"C=US, O=Let's Encrypt, CN=YE2;C=US, O=Let's Encrypt, CN=YR1;C=US, O=Let's Encrypt, CN=YE1"
edges.nist.gov,Yes,Yes,8,4,2026-08-20T10:29:48,2026-11-18T10:45:40,29159748496;28972087689;28972089090;29015116416;29008419029;29012428909;28972126056;28972102987,"C=US, O=Let's Encrypt, CN=YE1;C=US, O=Let's Encrypt, CN=YR2;C=US, O=Let's Encrypt, CN=YE2;C=US, O=Let's Encrypt, CN=YR1"
eli.nist.gov,Yes,Yes,8,3,2026-08-15T15:22:30,2026-11-13T15:37:55,28867347680;28887101028;28894089574;28865822913;28866037223;28881856673;28861657370;28966416777,"C=US, O=Let's Encrypt, CN=YE1;C=US, O=Let's Encrypt, CN=YE2;C=US, O=Let's Encrypt, CN=YR2"
emtoolbox.nist.gov,Yes,Yes,8,2,2026-08-02T12:22:34,2026-10-31T12:31:01,28462355954;28462364098;28462204321;28462207101;28462203991;28462363695;28462368428;28462208867,"C=US, O=Let's Encrypt, CN=YE2;C=US, O=Let's Encrypt, CN=YR2"
engine.beacon.nist.gov,Yes,Yes,1,1,2026-09-03T00:00:00,2027-03-20T23:59:59,29242797955,"C=US, O=DigiCert Inc, CN=DigiCert Global G2 TLS RSA SHA256 2020 CA1"
escape.nist.gov,Yes,Yes,4,2,2026-08-03T13:31:45,2026-11-01T13:32:06,28495317205;28495307564;28495347546;28495317965,"C=US, O=Let's Encrypt, CN=YE2;C=US, O=Let's Encrypt, CN=YR2"
esvts.nist.gov,Yes,Yes,1,1,2025-11-06T00:00:00,2026-11-19T23:59:59,22259540345,"C=US, O=DigiCert Inc, CN=DigiCert Global G2 TLS RSA SHA256 2020 CA1"
events.nist.gov,Yes,Yes,3,1,2025-11-20T00:00:00,2027-01-19T23:59:59,22623968834;23217714703;23217635291,"C=US, O=DigiCert Inc, CN=DigiCert Global G2 TLS RSA SHA256 2020 CA1"
evpn.nccoe.nist.gov,No,Yes,5,3,2026-07-15T18:47:39,2027-01-31T23:59:59,27961956446;28012457386;27961941996;27961963475;27961962032,"C=US, O=Let's Encrypt, CN=YE1;C=US, O=Let's Encrypt, CN=YR1;C=US, O=DigiCert Inc, CN=DigiCert Global G2 TLS RSA SHA256 2020 CA1"
face.nist.gov,Yes,Yes,8,3,2026-08-20T13:40:56,2026-11-18T14:02:40,29167873806;29013927010;29037318386;28965813124;28966173242;29013766253;29014555855;29013766585,"C=US, O=Let's Encrypt, CN=YE1;C=US, O=Let's Encrypt, CN=YE2;C=US, O=Let's Encrypt, CN=YR2"
fdcc.nist.gov,Yes,Yes,10,3,2026-07-06T12:17:23,2026-12-02T11:54:19,27733174722;29308595424;29308415649;29308188798;29308538309;29313204074;29308538984;27733170261;27733181302;27733168669,"C=US, O=Let's Encrypt, CN=YE1;C=US, O=Let's Encrypt, CN=YE2;C=US, O=Let's Encrypt, CN=YR2"
fedv6-deployment.antd.nist.gov,Yes,Yes,10,4,2026-07-13T08:37:40,2026-12-09T08:17:27,27895600297;27895439878;29564466708;27895592567;27895434260;27895430814;29564465239;27895590670;27895597581;27895436943,"C=US, O=Let's Encrypt, CN=YE1;C=US, O=Let's Encrypt, CN=YR1;C=US, O=Let's Encrypt, CN=YE2;C=US, O=Let's Encrypt, CN=YR2"
fingerprint.nist.gov,Yes,Yes,8,3,2026-08-20T09:50:49,2026-11-18T10:09:09,29010058660;29007320009;28971725221;28971342820;29157615735;29010907031;29006892785;29158420293,"C=US, O=Let's Encrypt, CN=YR2;C=US, O=Let's Encrypt, CN=YE2;C=US, O=Let's Encrypt, CN=YR1"
fire.nist.gov,Yes,Yes,4,2,2026-08-24T08:46:13,2026-11-22T08:46:16,29047800268;29171940612;29224343123;29507066621,"C=US, O=Let's Encrypt, CN=YR1;C=US, O=Let's Encrypt, CN=YE1"
firedoc.nist.gov,Yes,Yes,8,4,2026-08-20T09:50:17,2026-11-18T10:10:21,29010961684;28971758724;29006829259;29012683769;28962090942;28971443495;29006697395;29158458445,"C=US, O=Let's Encrypt, CN=YR2;C=US, O=Let's Encrypt, CN=YR1;C=US, O=Let's Encrypt, CN=YE2;C=US, O=Let's Encrypt, CN=YE1"
fits.nist.gov,Yes,Yes,4,2,2026-08-20T09:49:45,2026-11-18T09:49:47,29006687192;28961750928;28961750565;28961768915,"C=US, O=Let's Encrypt, CN=YR1;C=US, O=Let's Encrypt, CN=YE1"
forensicsoftware.nist.gov,Yes,Yes,8,4,2026-08-20T10:29:09,2026-11-18T10:45:32,28962398383;28962698898;28962397640;28972300854;29159202084;29014486021;29008349214;29008368079,"C=US, O=Let's Encrypt, CN=YE1;C=US, O=Let's Encrypt, CN=YR2;C=US, O=Let's Encrypt, CN=YE2;C=US, O=Let's Encrypt, CN=YR1"
gams.nist.gov,Yes,Yes,8,4,2026-08-20T09:48:57,2026-11-18T10:07:08,28971764351;29157556437;29013505562;29012665709;29009952718;29157543482;29158323980;29010790070,"C=US, O=Let's Encrypt, CN=YR2;C=US, O=Let's Encrypt, CN=YR1;C=US, O=Let's Encrypt, CN=YE2;C=US, O=Let's Encrypt, CN=YE1"
gashydrates.nist.gov,Yes,Yes,8,4,2026-08-20T14:04:52,2026-11-18T14:21:53,29038308976;28976288514;29023851484;28966633060;28975353545;29023861337;28966571221;29167983726,"C=US, O=Let's Encrypt, CN=YR2;C=US, O=Let's Encrypt, CN=YE2;C=US, O=Let's Encrypt, CN=YR1;C=US, O=Let's Encrypt, CN=YE1"
ghgr.nist.gov,Yes,Yes,8,3,2026-08-02T12:23:58,2026-10-31T12:31:58,28462239536;28462234551;28462382285;28462381775;28462382273;28462236068;28462240936;28462378023,"C=US, O=Let's Encrypt, CN=YR1;C=US, O=Let's Encrypt, CN=YE2;C=US, O=Let's Encrypt, CN=YR2"
gitbench.nist.gov,Yes,Yes,1,1,2026-06-22T00:00:00,2027-01-06T23:59:59,27399436631,"C=US, O=DigiCert Inc, CN=DigiCert Global G2 TLS RSA SHA256 2020 CA1"
gitlab.nist.gov,Yes,Yes,1,1,2026-06-22T00:00:00,2027-01-06T23:59:59,27399436168,"C=US, O=DigiCert Inc, CN=DigiCert Global G2 TLS RSA SHA256 2020 CA1"
glb.nist.gov,Yes,Yes,8,6,2026-07-17T17:33:37,2026-12-17T10:47:42,29501445538;29519364437;28018561586;28018553035;28792560001;28018562284;28792567074;28018560999,"C=US, O=Let's Encrypt, CN=YE2;C=US, O=Let's Encrypt, CN=YR1;C=US, O=Google Trust Services, CN=WR1;C=US, O=Google Trust Services, CN=WE1;C=US, O=Let's Encrypt, CN=YE1;C=US, O=Let's Encrypt, CN=YR2"
googledrive.nist.gov,Yes,Yes,7,3,2026-07-13T16:11:36,2026-12-09T15:43:17,27903917596;27903929937;29577741349;29577942772;27903910536;29577999850;27903919381,"C=US, O=Let's Encrypt, CN=YE1;C=US, O=Let's Encrypt, CN=YE2;C=US, O=Let's Encrypt, CN=YR1"
grafana.ct.nist.gov,Yes,Yes,11,3,2026-07-07T12:55:24,2026-12-03T12:48:31,27758116446;27758344275;29349547132;27758122536;27758115973;27758346023;27758342098;29342775657;27758338547;27758123834;29342769245,"C=US, O=Let's Encrypt, CN=YR2;C=US, O=Let's Encrypt, CN=YR1;C=US, O=Let's Encrypt, CN=YE1"
guestportal.nccoe.nist.gov,Yes,Yes,1,1,2026-05-04T00:00:00,2026-11-18T23:59:59,26063661186,"C=US, O=DigiCert Inc, CN=DigiCert Global G2 TLS RSA SHA256 2020 CA1"
gvt-dev.nist.gov,Yes,Yes,8,4,2026-08-20T12:57:42,2026-11-18T13:20:16,29013031953;28964977159;29166081225;29033990982;29033995121;29013024566;29021906435;28964979405,"C=US, O=Let's Encrypt, CN=YR2;C=US, O=Let's Encrypt, CN=YE2;C=US, O=Let's Encrypt, CN=YR1;C=US, O=Let's Encrypt, CN=YE1"
healthcare.nist.gov,Yes,Yes,8,4,2026-08-24T10:03:20,2026-11-22T10:18:14,29148538638;29061753261;29148896654;29137563316;29137173165;29258897833;29314635829;29137169352,"C=US, O=Let's Encrypt, CN=YR2;C=US, O=Let's Encrypt, CN=YE2;C=US, O=Let's Encrypt, CN=YR1;C=US, O=Let's Encrypt, CN=YE1"
hissa.nist.gov,Yes,Yes,8,4,2026-08-20T10:28:34,2026-11-18T10:45:11,29012407527;29159191230;29011718813;29011706046;29007942086;29159724812;29027828719;28972296199,"C=US, O=Let's Encrypt, CN=YR2;C=US, O=Let's Encrypt, CN=YR1;C=US, O=Let's Encrypt, CN=YE2;C=US, O=Let's Encrypt, CN=YE1"
hit-2015.nist.gov,Yes,Yes,8,3,2026-08-20T10:28:57,2026-11-18T10:45:12,29008342499;29007908418;29008360876;29159195123;28962395193;29027829399;28972295211;29011726216,"C=US, O=Let's Encrypt, CN=YR2;C=US, O=Let's Encrypt, CN=YE2;C=US, O=Let's Encrypt, CN=YR1"
hit-dev.nist.gov,Yes,Yes,8,4,2026-08-20T09:51:33,2026-11-18T10:10:32,29006837351;28961770856;28961771342;28962094873;28971750361;29006929211;28971797701;29007396107,"C=US, O=Let's Encrypt, CN=YE1;C=US, O=Let's Encrypt, CN=YR1;C=US, O=Let's Encrypt, CN=YE2;C=US, O=Let's Encrypt, CN=YR2"
hit-nexus.nist.gov,Yes,Yes,8,2,2026-08-20T09:49:15,2026-11-18T10:09:05,28971337569;29010906834;29006693792;29012664539;28971718593;29158418752;28972094907;28981898785,"C=US, O=Let's Encrypt, CN=YE2;C=US, O=Let's Encrypt, CN=YR1"
hit-prod.nist.gov,Yes,Yes,8,3,2026-08-20T10:29:51,2026-11-18T10:45:20,29012407576;28982497357;29014521932;28962678232;29159224189;29159733539;29011763280;28962668169,"C=US, O=Let's Encrypt, CN=YE1;C=US, O=Let's Encrypt, CN=YE2;C=US, O=Let's Encrypt, CN=YR2"
hl7v2-codesets-adapter.nist.gov,Yes,Yes,8,3,2026-08-20T10:27:07,2026-11-18T10:43:31,28972053182;29008373367;28972287365;29007776146;29007909329;28962639975;29008285803;28962369298,"C=US, O=Let's Encrypt, CN=YR2;C=US, O=Let's Encrypt, CN=YE2;C=US, O=Let's Encrypt, CN=YE1"
hl7v2-edos-r1-testing.nist.gov,Yes,Yes,8,2,2026-08-20T09:50:13,2026-11-18T10:10:23,28962091093;29012677907;29023075392;29157591131;29009998217;29026357981;29013713323;29157593152,"C=US, O=Let's Encrypt, CN=YR1;C=US, O=Let's Encrypt, CN=YE1"
hl7v2-elr-r2-testing.nist.gov,Yes,Yes,8,3,2026-08-20T10:30:27,2026-11-18T10:46:17,29014588752;29007994829;29008407606;29014577704;28972317903;28972314000;28962707555;29159253847,"C=US, O=Let's Encrypt, CN=YE2;C=US, O=Let's Encrypt, CN=YR1;C=US, O=Let's Encrypt, CN=YE1"
hl7v2-elr-testing.nist.gov,Yes,Yes,8,3,2026-08-20T12:01:12,2026-11-18T12:15:39,28964222650;29162656156;29015853615;29018516924;29032036890;29032037712;28964243667;29162654744,"C=US, O=Let's Encrypt, CN=YE1;C=US, O=Let's Encrypt, CN=YE2;C=US, O=Let's Encrypt, CN=YR2"
hl7v2-gvt.nist.gov,Yes,Yes,8,3,2026-08-20T10:28:34,2026-11-18T10:45:04,29008373739;28972293864;29008332007;29007908296;29159190661;28962662441;29014474994;28972081143,"C=US, O=Let's Encrypt, CN=YE2;C=US, O=Let's Encrypt, CN=YR1;C=US, O=Let's Encrypt, CN=YE1"
hl7v2-igamt-2.nist.gov,Yes,Yes,8,3,2026-08-20T10:28:25,2026-11-18T10:44:02,29008364241;29007889989;29014474528;29008307117;29159171426;29008306192;28972083467;28972289273,"C=US, O=Let's Encrypt, CN=YE1;C=US, O=Let's Encrypt, CN=YE2;C=US, O=Let's Encrypt, CN=YR1"
hl7v2-igamt.nist.gov,Yes,Yes,4,2,2026-08-20T09:48:43,2026-11-18T09:48:53,29012653147;29006717020;29157542019;29025305725,"C=US, O=Let's Encrypt, CN=YE2;C=US, O=Let's Encrypt, CN=YR2"
hl7v2-iz-cdc-testing.nist.gov,Yes,Yes,8,3,2026-08-20T09:49:10,2026-11-18T10:08:28,29158396035;28962090735;29013577200;29025320065;28961753289;28971714591;29012665821;28961786265,"C=US, O=Let's Encrypt, CN=YR2;C=US, O=Let's Encrypt, CN=YE2;C=US, O=Let's Encrypt, CN=YE1"
hl7v2-iz-r1-5-testing.nist.gov,Yes,Yes,8,3,2026-08-20T09:50:08,2026-11-18T10:10:37,28962096613;28962092055;28971373679;29007398680;29006753742;28971340805;29025388380;29027728733,"C=US, O=Let's Encrypt, CN=YE2;C=US, O=Let's Encrypt, CN=YR1;C=US, O=Let's Encrypt, CN=YE1"
hl7v2-lab-r2-testing.nist.gov,Yes,Yes,8,3,2026-08-20T12:01:12,2026-11-18T12:15:53,29030518568;28973768747;28964217268;29010940983;28973795199;28964026424;28963939951;28963937025,"C=US, O=Let's Encrypt, CN=YR2;C=US, O=Let's Encrypt, CN=YR1;C=US, O=Let's Encrypt, CN=YE1"
hl7v2-lab-testing.nist.gov,Yes,Yes,8,2,2026-08-20T09:48:18,2026-11-18T10:08:05,29006636341;29007320107;29009945647;29157527003;28962049455;29026225957;29006635328;29007333655,"C=US, O=Let's Encrypt, CN=YE2;C=US, O=Let's Encrypt, CN=YR1"
hl7v2-loi-r1-testing.nist.gov,Yes,Yes,8,2,2026-08-20T09:49:47,2026-11-18T10:09:54,29006713101;28971339883;29025345439;28962075799;29007342668;28962085285;29007336706;29006691029,"C=US, O=Let's Encrypt, CN=YE2;C=US, O=Let's Encrypt, CN=YR2"
hl7v2-ss-r2-testing.nist.gov,Yes,Yes,8,2,2026-08-20T10:29:38,2026-11-18T10:45:11,28962672245;29015106403;29007892966;28972088577;29011762696;28972422913;29159726543;28962670892,"C=US, O=Let's Encrypt, CN=YE2;C=US, O=Let's Encrypt, CN=YR1"
hl7v2tools.nist.gov,Yes,Yes,8,2,2026-08-20T10:30:28,2026-11-18T10:44:44,28962494024;29159702549;29014577047;29027821000;29015099774;29159253917;29014588667;28962662681,"C=US, O=Let's Encrypt, CN=YR1;C=US, O=Let's Encrypt, CN=YE1"
ibal.nist.gov,Yes,Yes,8,3,2026-08-20T09:48:12,2026-11-18T10:07:53,29025290969;29006690443;28962088562;29158365193;29006636195;29026214299;29013536404;29006750484,"C=US, O=Let's Encrypt, CN=YR2;C=US, O=Let's Encrypt, CN=YE2;C=US, O=Let's Encrypt, CN=YR1"
icat.nist.gov,Yes,Yes,7,4,2026-07-06T12:45:29,2026-12-02T12:18:52,29314007305;29308816668;29308894274;27733653119;27733660015;27733644936;27733656971,"C=US, O=Let's Encrypt, CN=YE1;C=US, O=Let's Encrypt, CN=YR2;C=US, O=Let's Encrypt, CN=YE2;C=US, O=Let's Encrypt, CN=YR1"
icsd.nist.gov,Yes,Yes,8,3,2026-08-02T12:24:19,2026-10-31T12:32:23,28462395519;28462380206;28462246164;28462241042;28462241598;28462381158;28462395699;28462247251,"C=US, O=Let's Encrypt, CN=YE1;C=US, O=Let's Encrypt, CN=YE2;C=US, O=Let's Encrypt, CN=YR1"
iedisonuat.ct.nist.gov,Yes,Yes,8,3,2026-07-21T17:04:56,2026-10-19T17:18:41,28130951326;28130941094;28130672838;28130673055;28130954096;28130676538;28130680774;28130945162,"C=US, O=Let's Encrypt, CN=YE1;C=US, O=Let's Encrypt, CN=YE2;C=US, O=Let's Encrypt, CN=YR1"
ihe-pcd-precon.nist.gov,Yes,Yes,8,3,2026-08-20T12:58:38,2026-11-18T13:19:54,28965382082;29018500588;28965004457;28965390205;29013183151;28965390654;29012356352;29165094365,"C=US, O=Let's Encrypt, CN=YE1;C=US, O=Let's Encrypt, CN=YE2;C=US, O=Let's Encrypt, CN=YR2"
ihe-pcd.nist.gov,Yes,Yes,8,2,2026-08-20T09:50:46,2026-11-18T10:07:57,29158376607;29025406094;28961756561;29158374828;28961756676;29010846252;29006798785;29013557874,"C=US, O=Let's Encrypt, CN=YE2;C=US, O=Let's Encrypt, CN=YR2"
ihexds.nist.gov,Yes,Yes,8,4,2026-08-20T12:57:31,2026-11-18T13:19:35,29013182896;29165041569;29020923714;29018455034;28974971887;29021889844;29165041323;28985025826,"C=US, O=Let's Encrypt, CN=YR2;C=US, O=Let's Encrypt, CN=YE2;C=US, O=Let's Encrypt, CN=YR1;C=US, O=Let's Encrypt, CN=YE1"
ilthermo.boulder.nist.gov,Yes,Yes,9,4,2026-07-11T14:27:20,2026-12-07T14:05:59,29501644616;27856150763;29501649210;29480137614;27856148558;27856142883;29479719550;29501222336;27856147816,"C=US, O=Let's Encrypt, CN=YE1;C=US, O=Let's Encrypt, CN=YR1;C=US, O=Let's Encrypt, CN=YE2;C=US, O=Let's Encrypt, CN=YR2"
ipages.nist.gov,No,Yes,1,1,2026-06-22T00:00:00,2027-01-06T23:59:59,27399436168,"C=US, O=DigiCert Inc, CN=DigiCert Global G2 TLS RSA SHA256 2020 CA1"
ipm.nist.gov,Yes,Yes,5,3,2025-10-14T00:00:00,2026-11-02T23:59:59,21719117852;28219603938;28219603421;28219602570;28219602296,"C=US, O=DigiCert Inc, CN=DigiCert Global G2 TLS RSA SHA256 2020 CA1;C=US, O=Let's Encrypt, CN=YE2;C=US, O=Let's Encrypt, CN=YR2"
ir.nist.gov,Yes,Yes,8,4,2026-08-02T12:24:09,2026-10-31T12:32:16,28462247390;28462242174;28462381906;28462241841;28462379264;28462394850;28462247576;28462394243,"C=US, O=Let's Encrypt, CN=YR2;C=US, O=Let's Encrypt, CN=YE2;C=US, O=Let's Encrypt, CN=YR1;C=US, O=Let's Encrypt, CN=YE1"
iris.nist.gov,Yes,Yes,8,4,2026-08-20T09:49:30,2026-11-18T10:07:57,29010846447;29006914567;29007299360;29158375714;29026214980;29006674649;29009972858;29157561089,"C=US, O=Let's Encrypt, CN=YR2;C=US, O=Let's Encrypt, CN=YR1;C=US, O=Let's Encrypt, CN=YE2;C=US, O=Let's Encrypt, CN=YE1"
isg.nist.gov,Yes,Yes,8,2,2026-08-02T12:24:09,2026-10-31T12:32:30,28462239607;28462381201;28462396445;28462384509;28462247495;28462240881;28462380139;28462241867,"C=US, O=Let's Encrypt, CN=YE2;C=US, O=Let's Encrypt, CN=YR1"
itac.nist.gov,No,Yes,8,3,2026-07-15T12:14:15,2026-10-13T12:19:06,27954153697;27954058721;27954065045;27954149629;27954141304;27954066740;27954149786;27954068552,"C=US, O=Let's Encrypt, CN=YR2;C=US, O=Let's Encrypt, CN=YR1;C=US, O=Let's Encrypt, CN=YE1"
itl.nist.gov,Yes,Yes,7,3,2026-07-09T11:33:07,2026-12-05T11:13:57,27805865997;27805883557;29397185915;29398135223;29405668754;27805887401;27805872612,"C=US, O=Let's Encrypt, CN=YR2;C=US, O=Let's Encrypt, CN=YE1;C=US, O=Let's Encrypt, CN=YR1"
its90.nist.gov,Yes,Yes,8,3,2026-08-20T10:30:09,2026-11-18T10:45:25,28972095661;28962416234;28972293398;28972299185;28962675392;29007940366;28962438262;29023820957,"C=US, O=Let's Encrypt, CN=YR2;C=US, O=Let's Encrypt, CN=YE2;C=US, O=Let's Encrypt, CN=YE1"
iweb1.nist.gov,Yes,Yes,1,1,2026-04-16T00:00:00,2026-10-31T23:59:59,25702943458,"C=US, O=DigiCert Inc, CN=DigiCert Global G2 TLS RSA SHA256 2020 CA1"
iwebd2.nist.gov,Yes,Yes,1,1,2025-12-03T00:00:00,2027-01-03T23:59:59,22886752513,"C=US, O=DigiCert Inc, CN=DigiCert Global G2 TLS RSA SHA256 2020 CA1"
iwebp1.nist.gov,Yes,Yes,1,1,2026-05-20T00:00:00,2026-12-04T23:59:59,26492110937,"C=US, O=DigiCert Inc, CN=DigiCert Global G2 TLS RSA SHA256 2020 CA1"
iwebt1.nist.gov,Yes,Yes,1,1,2026-05-05T00:00:00,2026-11-19T23:59:59,26099785411,"C=US, O=DigiCert Inc, CN=DigiCert Global G2 TLS RSA SHA256 2020 CA1"
janaf.nist.gov,Yes,Yes,8,2,2026-08-20T10:27:20,2026-11-18T10:44:04,29008354132;29008360709;29159144941;29007907796;29011666580;28972289288;28972289732;29011666302,"C=US, O=Let's Encrypt, CN=YR2;C=US, O=Let's Encrypt, CN=YE1"
jarvis.nist.gov,Yes,Yes,4,2,2026-08-02T10:59:58,2026-10-31T11:00:13,28460560229;28460556221;28460559611;28460559186,"C=US, O=Let's Encrypt, CN=YE2;C=US, O=Let's Encrypt, CN=YR2"
join.nist.gov,Yes,Yes,1,1,2026-05-04T00:00:00,2026-11-18T23:59:59,26067625906,"C=US, O=DigiCert Inc, CN=DigiCert Global G2 TLS RSA SHA256 2020 CA1"
kappa.nist.gov,Yes,Yes,1,1,2026-04-22T00:00:00,2026-11-06T23:59:59,25789163135,"C=US, O=DigiCert Inc, CN=DigiCert Global G2 TLS RSA SHA256 2020 CA1"
kinetics.nist.gov,Yes,Yes,4,2,2026-08-20T12:19:27,2026-11-18T12:19:28,29163435883;29019268884;28964289878;28973836780,"C=US, O=Let's Encrypt, CN=YR1;C=US, O=Let's Encrypt, CN=YE1"
kroki.nist.gov,No,Yes,1,1,2026-06-22T00:00:00,2027-01-06T23:59:59,27399436631,"C=US, O=DigiCert Inc, CN=DigiCert Global G2 TLS RSA SHA256 2020 CA1"
librarysearch.nist.gov,Yes,Yes,4,2,2026-08-15T11:05:09,2026-11-13T11:05:22,28888222203;28857449068;28878151241;28957362406,"C=US, O=Let's Encrypt, CN=YR1;C=US, O=Let's Encrypt, CN=YE1"
list.nist.gov,Yes,Yes,4,2,2026-07-14T16:48:12,2026-10-12T16:48:14,27932338304;27932345224;27932338030;27932343496,"C=US, O=Let's Encrypt, CN=YR2;C=US, O=Let's Encrypt, CN=YE1"
login.cbs.nist.gov,Yes,Yes,1,1,2026-07-24T00:00:00,2027-02-07T23:59:59,28212801718,"C=US, O=DigiCert Inc, CN=DigiCert Global G2 TLS RSA SHA256 2020 CA1"
login.nist.gov,Yes,Yes,4,2,2026-07-24T01:24:25,2026-11-22T01:24:24,29135899773;28198784160;28198767879;29470322068,"C=US, O=Let's Encrypt, CN=YR1;C=US, O=Let's Encrypt, CN=YR2"
logind.nist.gov,Yes,Yes,4,2,2026-07-03T13:24:25,2026-11-01T13:24:24,28495121884;28495129975;27667998260;27667999346,"C=US, O=Let's Encrypt, CN=YR1;C=US, O=Let's Encrypt, CN=YR2"
logint.nist.gov,Yes,Yes,4,2,2026-07-23T19:12:19,2026-11-21T19:11:25,29219676267;29036008217;28191114154;28191111128,"C=US, O=Let's Encrypt, CN=YR2;C=US, O=Let's Encrypt, CN=YR1"
loginx.cbs.nist.gov,Yes,Yes,1,1,2026-08-27T00:00:00,2027-03-13T23:59:59,29087219498,"C=US, O=DigiCert Inc, CN=DigiCert Global G2 TLS RSA SHA256 2020 CA1"
lre.nist.gov,Yes,Yes,4,2,2026-08-02T10:59:51,2026-10-31T10:59:51,28460553673;28460550471;28460554452;28460555220,"C=US, O=Let's Encrypt, CN=YE2;C=US, O=Let's Encrypt, CN=YR1"
lvpn.nccoe.nist.gov,No,Yes,1,1,2026-07-17T00:00:00,2027-01-31T23:59:59,28012457386,"C=US, O=DigiCert Inc, CN=DigiCert Global G2 TLS RSA SHA256 2020 CA1"
mac-i.nist.gov,No,Yes,1,1,2026-02-04T00:00:00,2027-03-02T23:59:59,24183825113,"C=US, O=DigiCert Inc, CN=DigiCert Global G2 TLS RSA SHA256 2020 CA1"
mac-ps.nist.gov,No,Yes,1,1,2026-02-04T00:00:00,2027-03-02T23:59:59,24183825113,"C=US, O=DigiCert Inc, CN=DigiCert Global G2 TLS RSA SHA256 2020 CA1"
mac.ct.nist.gov,Yes,Yes,5,3,2026-03-16T00:00:00,2026-10-21T13:00:40,28183089962;28183081750;25026072579;28183078484;28183082016,"C=US, O=DigiCert Inc, CN=DigiCert Global G2 TLS RSA SHA256 2020 CA1;C=US, O=Let's Encrypt, CN=YR1;C=US, O=Let's Encrypt, CN=YE1"
mac.nist.gov,Yes,Yes,2,1,2026-02-04T00:00:00,2027-03-02T23:59:59,24183825113;25026072283,"C=US, O=DigiCert Inc, CN=DigiCert Global G2 TLS RSA SHA256 2020 CA1"
maldi.nist.gov,Yes,Yes,8,3,2026-08-20T09:50:18,2026-11-18T10:09:19,29010916462;28962105191;29157594713;28971731029;29007303848;29006800575;29009998503;28971341332,"C=US, O=Let's Encrypt, CN=YR2;C=US, O=Let's Encrypt, CN=YR1;C=US, O=Let's Encrypt, CN=YE1"
materials.registry.nist.gov,Yes,Yes,9,3,2026-07-11T17:30:51,2026-12-07T17:19:18,29486617305;29509033090;27858947887;29489734431;27858953811;29508335888;29487236124;27858954854;27858955001,"C=US, O=Let's Encrypt, CN=YR2;C=US, O=Let's Encrypt, CN=YR1;C=US, O=Let's Encrypt, CN=YE1"
materialsdata.nist.gov,Yes,Yes,6,3,2026-08-28T11:12:16,2026-11-26T11:25:55,29392990716;29145279160;29123522082;29123805414;29123758192;29145305228,"C=US, O=Let's Encrypt, CN=YR2;C=US, O=Let's Encrypt, CN=YE2;C=US, O=Let's Encrypt, CN=YE1"
math.nist.gov,Yes,Yes,8,3,2026-08-20T09:48:05,2026-11-18T10:07:29,29025275457;28961726860;29158352749;29158356011;29157503843;29010815768;29013521106;29012612916,"C=US, O=Let's Encrypt, CN=YR2;C=US, O=Let's Encrypt, CN=YE2;C=US, O=Let's Encrypt, CN=YR1"
maximo.nist.gov,Yes,Yes,1,1,2026-03-31T00:00:00,2026-10-15T23:59:59,25300050140,"C=US, O=DigiCert Inc, CN=DigiCert Global G2 TLS RSA SHA256 2020 CA1"
maximodev.nist.gov,Yes,Yes,1,1,2026-03-27T00:00:00,2026-10-11T23:59:59,25253012613,"C=US, O=DigiCert Inc, CN=DigiCert Global G2 TLS RSA SHA256 2020 CA1"
maximotest.nist.gov,Yes,Yes,1,1,2026-03-27T00:00:00,2026-10-11T23:59:59,25252998236,"C=US, O=DigiCert Inc, CN=DigiCert Global G2 TLS RSA SHA256 2020 CA1"
mbark.nist.gov,Yes,Yes,8,2,2026-08-20T10:30:22,2026-11-18T10:46:01,28962702062;29066981262;28972106332;29034198883;28962692684;28982500655;28962684718;29014571661,"C=US, O=Let's Encrypt, CN=YR2;C=US, O=Let's Encrypt, CN=YE1"
mdcs.nist.gov,Yes,Yes,8,3,2026-08-13T13:56:46,2026-11-11T14:19:33,28857361965;28819413798;28809577506;28810068297;28808242395;28819408838;28858387581;28858402499,"C=US, O=Let's Encrypt, CN=YE2;C=US, O=Let's Encrypt, CN=YR1;C=US, O=Let's Encrypt, CN=YE1"
meis.nist.gov,Yes,Yes,8,3,2026-08-20T11:08:45,2026-11-18T11:24:45,28963389859;29013524874;29009029078;29029632093;29160650014;29009488858;29009502435;29009027974,"C=US, O=Let's Encrypt, CN=YR2;C=US, O=Let's Encrypt, CN=YR1;C=US, O=Let's Encrypt, CN=YE1"
mepconnect.nist.gov,Yes,Yes,8,4,2026-08-15T11:38:55,2026-11-13T11:54:47,28958563789;28878850526;28861840598;28891258051;28910557618;28877701212;28858346669;28959061501,"C=US, O=Let's Encrypt, CN=YR2;C=US, O=Let's Encrypt, CN=YE2;C=US, O=Let's Encrypt, CN=YR1;C=US, O=Let's Encrypt, CN=YE1"
metis.nist.gov,Yes,Yes,4,2,2026-08-24T08:45:43,2026-11-22T08:45:45,29507017434;29047767318;29221097228;29047762742,"C=US, O=Let's Encrypt, CN=YR2;C=US, O=Let's Encrypt, CN=YE1"
mfc.nist.gov,Yes,Yes,8,4,2026-08-20T12:57:41,2026-11-18T13:20:22,29013172362;28974541199;29012301149;29013028179;29012341538;29013022641;28965008708;28965396229,"C=US, O=Let's Encrypt, CN=YE1;C=US, O=Let's Encrypt, CN=YR2;C=US, O=Let's Encrypt, CN=YE2;C=US, O=Let's Encrypt, CN=YR1"
mgi.nist.gov,Yes,Yes,12,4,2026-08-15T11:58:57,2026-11-22T09:01:29,28858410631;29508308331;28882998767;29221771479;28883245217;28910630175;28959689366;29508312999;28959687103;29221771055;28891711297;28879438201,"C=US, O=Let's Encrypt, CN=YR2;C=US, O=Let's Encrypt, CN=YE2;C=US, O=Let's Encrypt, CN=YR1;C=US, O=Let's Encrypt, CN=YE1"
mic.nist.gov,Yes,Yes,8,3,2026-08-15T11:58:17,2026-11-13T12:10:56,28913294531;28959159043;28863119724;28959657860;28883231303;28877786354;28858402767;28858629555,"C=US, O=Let's Encrypt, CN=YR1;C=US, O=Let's Encrypt, CN=YE2;C=US, O=Let's Encrypt, CN=YR2"
mig.nist.gov,Yes,Yes,4,2,2026-08-02T10:59:33,2026-10-31T11:00:00,28460556063;28460544773;28460561451;28460544491,"C=US, O=Let's Encrypt, CN=YE2;C=US, O=Let's Encrypt, CN=YR2"
miganalytics.nist.gov,Yes,Yes,8,4,2026-08-02T12:24:33,2026-10-31T12:32:22,28462381346;28462385775;28462243553;28462245128;28462381431;28462384494;28462246176;28462244822,"C=US, O=Let's Encrypt, CN=YE1;C=US, O=Let's Encrypt, CN=YR2;C=US, O=Let's Encrypt, CN=YE2;C=US, O=Let's Encrypt, CN=YR1"
mmlapps.nist.gov,Yes,Yes,8,2,2026-08-02T11:48:52,2026-10-31T11:56:51,28461561576;28461582577;28461729843;28461576486;28461730125;28461730173;28461572634;28461730440,"C=US, O=Let's Encrypt, CN=YR1;C=US, O=Let's Encrypt, CN=YE1"
mmlweb.nist.gov,Yes,Yes,1,1,2026-01-06T00:00:00,2027-01-29T23:59:59,23589302642,"C=US, O=DigiCert Inc, CN=DigiCert Global G2 TLS RSA SHA256 2020 CA1"
msel.nist.gov,Yes,Yes,4,2,2026-08-24T08:27:55,2026-11-22T08:28:00,29059897983;29059902782;29047524553;29047525326,"C=US, O=Let's Encrypt, CN=YE2;C=US, O=Let's Encrypt, CN=YR2"
mta-sts.list.nist.gov,Yes,Yes,8,4,2026-08-15T11:59:23,2026-11-13T12:11:58,28858416244;28858637770;28862415378;28879445448;28959222781;28862210495;28889712745;28889347176,"C=US, O=Let's Encrypt, CN=YE1;C=US, O=Let's Encrypt, CN=YR1;C=US, O=Let's Encrypt, CN=YE2;C=US, O=Let's Encrypt, CN=YR2"
nccoe.nist.gov,Yes,Yes,17,5,2026-02-09T00:00:00,2027-03-04T23:59:59,28410581466;28462392135;28462236570;28410589467;28410264832;28462240706;28410603580;28462242508;28462381654;28462382448;28410267222;28462393246;28410266290;28410267643;24291894434;28462241244;28410598254,"C=US, O=Let's Encrypt, CN=YE2;C=US, O=DigiCert Inc, CN=DigiCert Global G2 TLS RSA SHA256 2020 CA1;C=US, O=Let's Encrypt, CN=YR1;C=US, O=Let's Encrypt, CN=YE1;C=US, O=Let's Encrypt, CN=YR2"
ncnr.nist.gov,Yes,Yes,12,4,2026-07-24T16:16:37,2026-10-31T12:32:08,28462219239;28216825120;28216845435;28462379094;28216846330;28462230346;28462229670;28462381613;28462393766;28462216422;28216834708;28462387429,"C=US, O=Let's Encrypt, CN=YR2;C=US, O=Let's Encrypt, CN=YE2;C=US, O=Let's Encrypt, CN=YR1;C=US, O=Let's Encrypt, CN=YE1"
ncp.nist.gov,Yes,Yes,13,4,2026-07-06T13:03:26,2026-12-02T13:04:58,27733954914;29310016053;27734213470;29314927682;27734222576;29309986233;27734229368;29314619404;27734200308;27733945810;27733957242;27733956344;29310287427,"C=US, O=Let's Encrypt, CN=YR1;C=US, O=Let's Encrypt, CN=YE1;C=US, O=Let's Encrypt, CN=YE2;C=US, O=Let's Encrypt, CN=YR2"
nehrp.nist.gov,No,Yes,8,2,2026-07-11T16:00:24,2026-12-07T15:37:41,27857583866;27857588946;29504598418;29483142525;29507925484;27857587664;29483189025;27857589185,"C=US, O=Let's Encrypt, CN=YE2;C=US, O=Let's Encrypt, CN=YR1"
nehrpsearch.nist.gov,Yes,Yes,8,4,2026-08-20T09:49:23,2026-11-18T10:07:29,29009976957;29157556735;29010815108;29158354923;29023018025;29010817972;29009962210;29157566342,"C=US, O=Let's Encrypt, CN=YR2;C=US, O=Let's Encrypt, CN=YE2;C=US, O=Let's Encrypt, CN=YR1;C=US, O=Let's Encrypt, CN=YE1"
nemo.nist.gov,Yes,Yes,8,3,2026-08-20T09:50:08,2026-11-18T10:10:28,28971763103;28962123949;29012695858;28962094306;28971753289;29012673384;29157588840;28971921575,"C=US, O=Let's Encrypt, CN=YE1;C=US, O=Let's Encrypt, CN=YE2;C=US, O=Let's Encrypt, CN=YR1"
nestr.nist.gov,Yes,Yes,8,3,2026-08-02T12:24:09,2026-10-31T12:32:22,28462241861;28462381432;28462247238;28462235688;28462239611;28462382681;28462384590;28462381864,"C=US, O=Let's Encrypt, CN=YE1;C=US, O=Let's Encrypt, CN=YE2;C=US, O=Let's Encrypt, CN=YR1"
nextg.nist.gov,Yes,Yes,4,2,2026-08-02T10:59:08,2026-10-31T10:59:10,28460542336;28460540959;28460543708;28460540565,"C=US, O=Let's Encrypt, CN=YE2;C=US, O=Let's Encrypt, CN=YR1"
nfiles.nist.gov,Yes,Yes,4,2,2026-08-15T08:59:45,2026-11-13T08:59:47,28875389578;28952549220;28952545950;28858811045,"C=US, O=Let's Encrypt, CN=YR1;C=US, O=Let's Encrypt, CN=YE1"
nginx.ct.nist.gov,Yes,Yes,5,2,2026-07-07T19:47:20,2026-10-05T21:00:45,27765617872;27765390893;27765594705;27765394040;27765354706,"C=US, O=Google Trust Services, CN=WE1;C=US, O=Google Trust Services, CN=WR1"
nigos.nist.gov,Yes,Yes,8,3,2026-08-20T12:58:14,2026-11-18T13:20:11,28965407949;28974554545;29012391401;28965393817;29013103154;29012346973;28974553254;28974978019,"C=US, O=Let's Encrypt, CN=YR1;C=US, O=Let's Encrypt, CN=YE2;C=US, O=Let's Encrypt, CN=YR2"
nike-i.nist.gov,Yes,Yes,8,4,2026-08-15T11:57:48,2026-11-13T12:10:34,28858613556;28862975642;28910928567;28959621673;28858394707;28862205531;28883211488;28894842512,"C=US, O=Let's Encrypt, CN=YE1;C=US, O=Let's Encrypt, CN=YR2;C=US, O=Let's Encrypt, CN=YE2;C=US, O=Let's Encrypt, CN=YR1"
nike.nist.gov,Yes,Yes,8,4,2026-08-15T11:58:08,2026-11-13T12:12:17,28959161254;28889335347;28913636215;28862421698;28882974054;28879193471;28862420104;28862421775,"C=US, O=Let's Encrypt, CN=YE1;C=US, O=Let's Encrypt, CN=YR2;C=US, O=Let's Encrypt, CN=YE2;C=US, O=Let's Encrypt, CN=YR1"
nist.gov,Yes,Yes,34,7,2025-11-13T00:00:00,2026-11-28T09:12:50,29458054916;29180569515;29556679190;27640715382;29173501241;29295291293;29318316277;27640592698;29327279661;29517439704;29104348319;28866154613;29327277846;29131952138;27640725374;28870689787;29226982432;27640578526;28866156342;29473502540;29039262929;28892506523;27640724375;28888635674;27640596485;27640586110;29230054098;22439545213;28872533996;29378012198;28908950042;29159304169;27640716141;28909616616,"C=US, O=Let's Encrypt, CN=YE2;C=US, O=Let's Encrypt, CN=YR1;C=US, O=DigiCert Inc, CN=DigiCert Global G2 TLS RSA SHA256 2020 CA1;C=US, O=Google Trust Services, CN=WR1;C=US, O=Google Trust Services, CN=WE1;C=US, O=Let's Encrypt, CN=YE1;C=US, O=Let's Encrypt, CN=YR2"
nistsafety.nist.gov,Yes,Yes,1,1,2026-03-27T00:00:00,2026-10-11T23:59:59,25253012606,"C=US, O=DigiCert Inc, CN=DigiCert Global G2 TLS RSA SHA256 2020 CA1"
nlte.nist.gov,Yes,Yes,4,2,2026-08-02T11:31:22,2026-10-31T11:31:31,28461189761;28461188435;28461194185;28461196142,"C=US, O=Let's Encrypt, CN=YE2;C=US, O=Let's Encrypt, CN=YR1"
nsd-test.ct.nist.gov,Yes,Yes,3,2,2026-07-07T19:44:06,2026-10-05T20:44:12,27765321510;27765300666;27765340940,"C=US, O=Google Trust Services, CN=WE1;C=US, O=Google Trust Services, CN=WR1"
ntiaiweb1.nist.gov,Yes,Yes,1,1,2026-04-15T00:00:00,2026-10-30T23:59:59,25679979896,"C=US, O=DigiCert Inc, CN=DigiCert Global G2 TLS RSA SHA256 2020 CA1"
ntiaiwebd2.nist.gov,Yes,Yes,1,1,2026-04-15T00:00:00,2026-10-30T23:59:59,25533088298,"C=US, O=DigiCert Inc, CN=DigiCert Global G2 TLS RSA SHA256 2020 CA1"
nvd.nist.gov,Yes,Yes,12,4,2026-07-02T12:18:18,2026-11-28T11:44:23,27643257687;27643418536;27643411547;27643398134;27643278631;29382133042;27643281054;29162505564;29391085069;27643274046;29154712635;27643395604,"C=US, O=Let's Encrypt, CN=YR2;C=US, O=Let's Encrypt, CN=YR1;C=US, O=Let's Encrypt, CN=YE2;C=US, O=Let's Encrypt, CN=YE1"
nvlpubs.nist.gov,Yes,Yes,8,2,2026-08-02T22:42:24,2026-10-31T23:04:12,28474919674;28475340882;28474925816;28475327639;28474920806;28475333189;28474928483;28475332170,"C=US, O=Let's Encrypt, CN=YE2;C=US, O=Let's Encrypt, CN=YR2"
nvpn.nccoe.nist.gov,Yes,Yes,10,5,2026-07-08T06:18:32,2027-01-31T23:59:59,27775892755;27776183791;27775893860;29373228114;27776174824;28012457386;27776158246;27775892054;27776170888;27775893769,"C=US, O=Let's Encrypt, CN=YE2;C=US, O=Let's Encrypt, CN=YR1;C=US, O=DigiCert Inc, CN=DigiCert Global G2 TLS RSA SHA256 2020 CA1;C=US, O=Let's Encrypt, CN=YE1;C=US, O=Let's Encrypt, CN=YR2"
nwirp.nist.gov,Yes,Yes,8,3,2026-08-02T12:24:08,2026-10-31T12:32:37,28462381921;28462247970;28462384660;28462240970;28462241860;28462384844;28462385041;28462239877,"C=US, O=Let's Encrypt, CN=YR2;C=US, O=Let's Encrypt, CN=YR1;C=US, O=Let's Encrypt, CN=YE1"
oak.nist.gov,No,Yes,4,2,2026-08-26T23:08:22,2026-11-25T01:20:52,29473502540;29327277846;29230054098;29327279661,"C=US, O=Google Trust Services, CN=WE1;C=US, O=Google Trust Services, CN=WR1"
openfad.nist.gov,Yes,Yes,8,3,2026-08-02T12:26:24,2026-10-31T12:32:17,28462379960;28462282027;28462389633;28462385585;28462284715;28462284036;28462380313;28462278828,"C=US, O=Let's Encrypt, CN=YR1;C=US, O=Let's Encrypt, CN=YE2;C=US, O=Let's Encrypt, CN=YR2"
overleaf.nist.gov,Yes,Yes,4,2,2026-08-15T11:05:18,2026-11-13T11:05:32,28861287949;28957368732;28881838878;28857487515,"C=US, O=Let's Encrypt, CN=YE2;C=US, O=Let's Encrypt, CN=YR2"
owm.nist.gov,Yes,Yes,1,1,2026-07-21T00:00:00,2027-02-04T23:59:59,28127495841,"C=US, O=DigiCert Inc, CN=DigiCert Global G2 TLS RSA SHA256 2020 CA1"
owm.sfuat.nist.gov,Yes,Yes,3,2,2026-08-27T17:34:20,2026-11-25T17:34:22,29130285301;29108905575;29460948783,"C=US, O=Let's Encrypt, CN=YR1;C=US, O=Let's Encrypt, CN=YE1"
p-act.nist.gov,Yes,Yes,8,4,2026-08-20T12:58:51,2026-11-18T13:20:21,29018515583;29012451157;28975047851;29019484781;28965393958;28965005236;29013025875;28965006220,"C=US, O=Let's Encrypt, CN=YR2;C=US, O=Let's Encrypt, CN=YR1;C=US, O=Let's Encrypt, CN=YE2;C=US, O=Let's Encrypt, CN=YE1"
pages-sgitlab-test.nist.gov,No,Yes,2,1,2026-04-14T00:00:00,2027-01-06T23:59:59,25658061418;27399458669,"C=US, O=DigiCert Inc, CN=DigiCert Global G2 TLS RSA SHA256 2020 CA1"
pages.nist.gov,Yes,Yes,8,3,2026-08-20T09:48:36,2026-11-18T10:08:24,29007230577;28961769952;28971714789;29134854704;28961735132;29108076527;29012642331;28971741345,"C=US, O=Let's Encrypt, CN=YR2;C=US, O=Let's Encrypt, CN=YE2;C=US, O=Let's Encrypt, CN=YR1"
pah.nist.gov,Yes,Yes,8,4,2026-08-20T10:28:23,2026-11-18T10:44:10,28972083365;29008306178;28972078125;28972291015;28962438616;29007890779;29027805396;28962661907,"C=US, O=Let's Encrypt, CN=YR2;C=US, O=Let's Encrypt, CN=YE2;C=US, O=Let's Encrypt, CN=YR1;C=US, O=Let's Encrypt, CN=YE1"
partner.ct.nist.gov,Yes,Yes,18,5,2026-07-19T19:34:37,2026-12-17T22:34:15,29559177558;28696284133;28688735531;28695943979;28688389909;28073503075;28695935670;28696284369;28073497963;28695942997;28696278826;28073504313;28695935791;29559310260;28688398384;28073498369;28696283644;28688746285,"C=US, O=Let's Encrypt, CN=YR1;C=US, O=Google Trust Services, CN=WR1;C=US, O=Google Trust Services, CN=WE1;C=US, O=Let's Encrypt, CN=YE1;C=US, O=Let's Encrypt, CN=YR2"
partner.nist.gov,Yes,Yes,6,4,2026-07-06T19:10:50,2026-12-02T18:28:19,29323210573;27740454820;27740451261;29318630199;27740449081;27740444855,"C=US, O=Let's Encrypt, CN=YE1;C=US, O=Let's Encrypt, CN=YR1;C=US, O=Let's Encrypt, CN=YE2;C=US, O=Let's Encrypt, CN=YR2"
password.nccoe.nist.gov,Yes,Yes,4,1,2025-10-02T00:00:00,2026-10-07T23:59:59,21422733816;21422732923;21422731182;21420163535,"C=US, O=DigiCert Inc, CN=DigiCert Global G2 TLS RSA SHA256 2020 CA1"
patapsco.nist.gov,Yes,Yes,8,3,2026-08-02T12:24:19,2026-10-31T12:32:08,28462382672;28462236592;28462248415;28462380582;28462241025;28462379666;28462242219;28462382963,"C=US, O=Let's Encrypt, CN=YE2;C=US, O=Let's Encrypt, CN=YR1;C=US, O=Let's Encrypt, CN=YE1"
peptide.nist.gov,Yes,Yes,8,4,2026-08-20T09:50:21,2026-11-18T10:08:39,29158401724;29010013969;29157598185;28961753666;29013590720;28971715456;29026249269;29006695678,"C=US, O=Let's Encrypt, CN=YE1;C=US, O=Let's Encrypt, CN=YR1;C=US, O=Let's Encrypt, CN=YE2;C=US, O=Let's Encrypt, CN=YR2"
perfloc.nist.gov,Yes,Yes,8,3,2026-08-15T16:57:14,2026-11-13T17:14:40,28889047660;28883766227;28867766576;28969679054;28969039093;28884741888;28867763349;28863194840,"C=US, O=Let's Encrypt, CN=YR2;C=US, O=Let's Encrypt, CN=YE2;C=US, O=Let's Encrypt, CN=YR1"
pexip-burst.nist.gov,No,Yes,1,1,2026-05-04T00:00:00,2026-11-18T23:59:59,26067625906,"C=US, O=DigiCert Inc, CN=DigiCert Global G2 TLS RSA SHA256 2020 CA1"
pexip-conf.nist.gov,No,Yes,1,1,2026-05-04T00:00:00,2026-11-18T23:59:59,26067625906,"C=US, O=DigiCert Inc, CN=DigiCert Global G2 TLS RSA SHA256 2020 CA1"
phasedata.nist.gov,Yes,Yes,8,4,2026-08-02T11:50:19,2026-10-31T11:57:19,28461610381;28461745333;28461603434;28461745657;28461750748;28461750329;28461603821;28461607672,"C=US, O=Let's Encrypt, CN=YR2;C=US, O=Let's Encrypt, CN=YR1;C=US, O=Let's Encrypt, CN=YE2;C=US, O=Let's Encrypt, CN=YE1"
physics.nist.gov,Yes,Yes,8,2,2026-08-23T10:25:26,2026-11-21T10:34:16,29110317137;29406136488;29029199372;29029339244;29104779356;29029194364;29165682796;29104779464,"C=US, O=Let's Encrypt, CN=YR2;C=US, O=Let's Encrypt, CN=YE1"
pml.nist.gov,Yes,Yes,8,4,2026-08-23T10:23:31,2026-11-21T10:35:53,29039909883;29029372225;29040075433;29168164142;29039911255;29029190733;29139524585;29060778887,"C=US, O=Let's Encrypt, CN=YE1;C=US, O=Let's Encrypt, CN=YR2;C=US, O=Let's Encrypt, CN=YE2;C=US, O=Let's Encrypt, CN=YR1"
pmlb.nist.gov,No,Yes,8,2,2026-08-23T11:16:23,2026-11-21T11:31:35,29040833308;29029920204;29408086105;29167387456;29061454606;29213081939;29030059059;29029834945,"C=US, O=Let's Encrypt, CN=YR1;C=US, O=Let's Encrypt, CN=YE1"
pmlg.nist.gov,Yes,Yes,8,2,2026-08-23T11:16:23,2026-11-21T11:31:35,29040833308;29029920204;29408086105;29167387456;29061454606;29213081939;29030059059;29029834945,"C=US, O=Let's Encrypt, CN=YR1;C=US, O=Let's Encrypt, CN=YE1"
portal.cbs.nist.gov,Yes,Yes,2,1,2025-09-18T00:00:00,2027-03-06T23:59:59,28850875045;21108560149,"C=US, O=DigiCert Inc, CN=DigiCert Global G2 TLS RSA SHA256 2020 CA1"
portalx.cbs.nist.gov,Yes,Yes,1,1,2025-11-10T00:00:00,2026-12-11T23:59:59,22361062523,"C=US, O=DigiCert Inc, CN=DigiCert Global G2 TLS RSA SHA256 2020 CA1"
postfix-edge1.dmz.nccoe.nist.gov,Yes,Yes,1,1,2025-10-14T00:00:00,2026-10-13T23:59:59,21719151526,"C=US, O=DigiCert Inc, CN=DigiCert Global G2 TLS RSA SHA256 2020 CA1"
potentials.nist.gov,Yes,Yes,4,2,2026-08-02T11:31:59,2026-10-31T11:32:12,28461192071;28461203245;28461189452;28461196708,"C=US, O=Let's Encrypt, CN=YR2;C=US, O=Let's Encrypt, CN=YE1"
prod-test-alb.ct.nist.gov,Yes,Yes,4,2,2026-07-02T19:45:05,2026-11-28T21:02:26,27650720355;29173418902;27650713207;29173443450,"C=US, O=Google Trust Services, CN=WE1;C=US, O=Google Trust Services, CN=WR1"
prometheus.ct.nist.gov,Yes,Yes,6,2,2026-07-07T19:45:31,2026-12-03T21:15:20,27765320569;29266296796;27765556325;27765335431;29266293955;27765555525,"C=US, O=Google Trust Services, CN=WE1;C=US, O=Google Trust Services, CN=WR1"
pscrbroker.nist.gov,Yes,Yes,8,2,2026-08-20T10:29:40,2026-11-18T10:46:14,29027167562;29007889744;28972660121;28962405906;29008404246;29027902923;28962405985;29008366460,"C=US, O=Let's Encrypt, CN=YE2;C=US, O=Let's Encrypt, CN=YR2"
pubapps.nist.gov,Yes,Yes,8,2,2026-08-17T12:17:47,2026-11-15T12:33:56,28908860963;29039790932;28931901256;28908566955;29039463780;28903265021;28903380096;28908567238,"C=US, O=Let's Encrypt, CN=YR1;C=US, O=Let's Encrypt, CN=YE1"
publicsafety.nist.gov,Yes,Yes,4,2,2026-08-02T10:58:13,2026-10-31T10:58:20,28460517135;28460512591;28460516256;28460526819,"C=US, O=Let's Encrypt, CN=YR2;C=US, O=Let's Encrypt, CN=YE1"
pv2.nist.gov,Yes,Yes,8,2,2026-08-20T09:51:11,2026-11-18T10:08:17,28962050902;29006906439;29010867503;29025438211;29010093551;29158390145;29007319206;29006864590,"C=US, O=Let's Encrypt, CN=YR1;C=US, O=Let's Encrypt, CN=YE1"
pvdata.nist.gov,Yes,Yes,8,4,2026-08-20T09:49:27,2026-11-18T10:08:05,29158379128;29007306616;29026224186;28961746981;29025342735;29007226138;28961754142;28961746254,"C=US, O=Let's Encrypt, CN=YE1;C=US, O=Let's Encrypt, CN=YR2;C=US, O=Let's Encrypt, CN=YE2;C=US, O=Let's Encrypt, CN=YR1"
qa-hub.nist.gov,Yes,Yes,2,1,2026-08-24T04:28:24,2026-11-22T04:28:23,29150041559;29210968460,"C=US, O=Let's Encrypt, CN=YR1"
randr.nist.gov,Yes,Yes,8,2,2026-08-20T09:48:25,2026-11-18T10:08:10,28961733331;29025293333;28971342385;29013568875;29023036317;28961733386;28962052941;29026215945,"C=US, O=Let's Encrypt, CN=YE2;C=US, O=Let's Encrypt, CN=YR1"
randr19.nist.gov,Yes,Yes,8,4,2026-08-20T10:28:26,2026-11-18T10:45:12,29027829401;29015102732;28962672283;28962388306;29007912300;29159714636;29014474533;29159171611,"C=US, O=Let's Encrypt, CN=YR2;C=US, O=Let's Encrypt, CN=YR1;C=US, O=Let's Encrypt, CN=YE2;C=US, O=Let's Encrypt, CN=YE1"
rchat.nist.gov,Yes,Yes,1,1,2026-05-06T00:00:00,2026-11-20T23:59:59,26122277207,"C=US, O=DigiCert Inc, CN=DigiCert Global G2 TLS RSA SHA256 2020 CA1"
rdaf.nist.gov,Yes,Yes,8,2,2026-08-20T10:46:26,2026-11-18T11:06:03,28972635373;29160528145;29012487982;28963006816;28972322412;28972335673;28962702330;29016127363,"C=US, O=Let's Encrypt, CN=YE2;C=US, O=Let's Encrypt, CN=YR1"
rdp.nist.gov,Yes,Yes,10,4,2025-09-08T00:00:00,2026-11-18T10:07:57,29006691679;29010846602;20879351906;28971338201;28962045605;29025345465;29006713692;20877169489;29007284026;29158375852,"C=US, O=DigiCert Inc, CN=DigiCert Global G2 TLS RSA SHA256 2020 CA1;C=US, O=Let's Encrypt, CN=YE2;C=US, O=Let's Encrypt, CN=YR1;C=US, O=Let's Encrypt, CN=YE1"
reductus.nist.gov,Yes,Yes,4,2,2026-08-02T10:58:15,2026-10-31T10:58:29,28460527421;28460522782;28460529448;28460518282,"C=US, O=Let's Encrypt, CN=YR1;C=US, O=Let's Encrypt, CN=YE1"
resolve-test.ct.nist.gov,Yes,Yes,4,2,2026-07-07T19:47:27,2026-10-05T21:01:37,27765391879;27765631244;27765612054;27765376041,"C=US, O=Google Trust Services, CN=WE1;C=US, O=Google Trust Services, CN=WR1"
robottestmethods.nist.gov,Yes,Yes,8,3,2026-08-24T10:05:04,2026-11-22T10:19:04,29224989028;29061521920;29514595476;29259000528;29137545451;29513484353;29227659128;29061776784,"C=US, O=Let's Encrypt, CN=YR2;C=US, O=Let's Encrypt, CN=YE2;C=US, O=Let's Encrypt, CN=YE1"
rpki-monitor.antd.nist.gov,Yes,Yes,8,4,2026-08-23T14:10:10,2026-11-21T14:27:21,29176418719;29416295079;29117567484;29417184952;29168389130;29031922478;29117450372;29144706719,"C=US, O=Let's Encrypt, CN=YR2;C=US, O=Let's Encrypt, CN=YE2;C=US, O=Let's Encrypt, CN=YR1;C=US, O=Let's Encrypt, CN=YE1"
rpki-monitor.nist.gov,Yes,Yes,8,3,2026-08-20T11:39:33,2026-11-18T11:58:37,29018346541;29010021701;29029997396;28963880198;28963611863;29162556191;28963891401;28963610606,"C=US, O=Let's Encrypt, CN=YR1;C=US, O=Let's Encrypt, CN=YE2;C=US, O=Let's Encrypt, CN=YR2"
rsa.nccoe.nist.gov,Yes,Yes,9,4,2026-07-17T00:00:00,2027-01-31T23:59:59,28854507232;28854157192;28012457386;28854293262;28851052534;28944680248;28871049145;28857186960;28854157953,"C=US, O=DigiCert Inc, CN=DigiCert Global G2 TLS RSA SHA256 2020 CA1;C=US, O=Let's Encrypt, CN=YE2;C=US, O=Let's Encrypt, CN=YR1;C=US, O=Let's Encrypt, CN=YE1"
rtmms.nist.gov,Yes,Yes,8,4,2026-08-20T09:49:46,2026-11-18T10:10:03,29012668321;28962123009;29007305633;28961751261;28971735969;29022802985;28971339689;28971760024,"C=US, O=Let's Encrypt, CN=YR2;C=US, O=Let's Encrypt, CN=YE2;C=US, O=Let's Encrypt, CN=YR1;C=US, O=Let's Encrypt, CN=YE1"
rubrik-a-west.nist.gov,No,Yes,1,1,2026-05-04T00:00:00,2026-11-18T23:59:59,26063660537,"C=US, O=DigiCert Inc, CN=DigiCert Global G2 TLS RSA SHA256 2020 CA1"
rubrik-b-west.nist.gov,No,Yes,1,1,2026-05-04T00:00:00,2026-11-18T23:59:59,26063660537,"C=US, O=DigiCert Inc, CN=DigiCert Global G2 TLS RSA SHA256 2020 CA1"
rubrik-c-west.nist.gov,No,Yes,1,1,2026-05-04T00:00:00,2026-11-18T23:59:59,26063660537,"C=US, O=DigiCert Inc, CN=DigiCert Global G2 TLS RSA SHA256 2020 CA1"
rubrik-d-west.nist.gov,No,Yes,1,1,2026-05-04T00:00:00,2026-11-18T23:59:59,26063660537,"C=US, O=DigiCert Inc, CN=DigiCert Global G2 TLS RSA SHA256 2020 CA1"
rubrik-e-west.nist.gov,No,Yes,1,1,2026-05-04T00:00:00,2026-11-18T23:59:59,26063660537,"C=US, O=DigiCert Inc, CN=DigiCert Global G2 TLS RSA SHA256 2020 CA1"
rubrik-f-west.nist.gov,No,Yes,1,1,2026-05-04T00:00:00,2026-11-18T23:59:59,26063660537,"C=US, O=DigiCert Inc, CN=DigiCert Global G2 TLS RSA SHA256 2020 CA1"
rubrik-g-west.nist.gov,No,Yes,1,1,2026-05-04T00:00:00,2026-11-18T23:59:59,26063660537,"C=US, O=DigiCert Inc, CN=DigiCert Global G2 TLS RSA SHA256 2020 CA1"
rubrik-h-west.nist.gov,No,Yes,1,1,2026-05-04T00:00:00,2026-11-18T23:59:59,26063660537,"C=US, O=DigiCert Inc, CN=DigiCert Global G2 TLS RSA SHA256 2020 CA1"
rubrik-hpc-w.nist.gov,Yes,Yes,2,1,2026-04-29T00:00:00,2026-11-18T23:59:59,25919500405;26063660537,"C=US, O=DigiCert Inc, CN=DigiCert Global G2 TLS RSA SHA256 2020 CA1"
rubrik-hpc-west.nist.gov,No,Yes,1,1,2026-05-04T00:00:00,2026-11-18T23:59:59,26063660537,"C=US, O=DigiCert Inc, CN=DigiCert Global G2 TLS RSA SHA256 2020 CA1"
samate.nist.gov,Yes,Yes,8,4,2026-07-14T15:07:04,2026-10-12T15:17:06,27930272614;27930283565;27930515760;27930271466;27930281571;27930522520;27930501533;27930533699,"C=US, O=Let's Encrypt, CN=YE1;C=US, O=Let's Encrypt, CN=YR1;C=US, O=Let's Encrypt, CN=YE2;C=US, O=Let's Encrypt, CN=YR2"
sat.nist.gov,Yes,Yes,8,3,2026-08-02T12:24:24,2026-10-31T12:32:45,28462396131;28462240221;28462248727;28462243305;28462398013;28462380242;28462246034;28462388480,"C=US, O=Let's Encrypt, CN=YR2;C=US, O=Let's Encrypt, CN=YE2;C=US, O=Let's Encrypt, CN=YR1"
sbc.nist.gov,Yes,Yes,13,3,2026-07-06T13:04:50,2026-12-02T13:04:20,29310277989;27733992177;29314698397;27734232039;27733992728;27733982584;29310042269;27733991521;27734224512;29314945307;27734226295;29315118530;27734218592,"C=US, O=Let's Encrypt, CN=YR2;C=US, O=Let's Encrypt, CN=YR1;C=US, O=Let's Encrypt, CN=YE1"
sbd.nist.gov,Yes,Yes,8,2,2026-08-20T09:49:56,2026-11-18T10:08:13,29006708540;29009985017;29043869331;29007305782;28962048188;29158386245;28971340777;29010863615,"C=US, O=Let's Encrypt, CN=YE2;C=US, O=Let's Encrypt, CN=YR2"
scap.nist.gov,Yes,Yes,6,2,2026-07-06T12:15:27,2026-12-02T11:40:17,29308191634;29312815447;27733137797;27733135847;27733138844;27733142263,"C=US, O=Let's Encrypt, CN=YE2;C=US, O=Let's Encrypt, CN=YR2"
scrm.nist.gov,Yes,Yes,13,4,2026-07-06T12:18:40,2026-12-04T01:28:12,29312958024;27733198008;29308371793;29308146045;29359283495;27733201139;29367234415;29308641534;29312828674;27733198561;29308245501;27733199298;29308155459,"C=US, O=Let's Encrypt, CN=YR2;C=US, O=Let's Encrypt, CN=YE2;C=US, O=Let's Encrypt, CN=YR1;C=US, O=Let's Encrypt, CN=YE1"
sdocker.nist.gov,No,Yes,2,1,2026-04-14T00:00:00,2027-01-06T23:59:59,25523051378;27399435344,"C=US, O=DigiCert Inc, CN=DigiCert Global G2 TLS RSA SHA256 2020 CA1"
seclab7.ncsl.nist.gov,Yes,Yes,8,3,2026-08-20T09:49:35,2026-11-18T10:09:21,29006671760;28971338920;29007299013;29013610581;29158422441;28962070371;28971339128;28971341738,"C=US, O=Let's Encrypt, CN=YR2;C=US, O=Let's Encrypt, CN=YE2;C=US, O=Let's Encrypt, CN=YE1"
services.nist.gov,No,Yes,8,3,2026-07-15T12:14:15,2026-10-13T12:19:06,27954153697;27954058721;27954065045;27954149629;27954141304;27954066740;27954149786;27954068552,"C=US, O=Let's Encrypt, CN=YR2;C=US, O=Let's Encrypt, CN=YR1;C=US, O=Let's Encrypt, CN=YE1"
services.nvd.nist.gov,Yes,Yes,6,2,2026-07-08T14:16:18,2026-12-04T13:46:01,27784381450;29381608940;27784378792;27784386031;29381608501;27784385045,"C=US, O=Let's Encrypt, CN=YR2;C=US, O=Let's Encrypt, CN=YE1"
servicesdev.nist.gov,No,Yes,8,3,2026-07-15T12:14:15,2026-10-13T12:19:06,27954153697;27954058721;27954065045;27954149629;27954141304;27954066740;27954149786;27954068552,"C=US, O=Let's Encrypt, CN=YR2;C=US, O=Let's Encrypt, CN=YR1;C=US, O=Let's Encrypt, CN=YE1"
servicesnvd.ct.nist.gov,Yes,Yes,8,3,2026-08-17T17:39:05,2026-11-15T17:53:19,29048294737;28913669884;28913669358;28945910803;28937571111;28935046047;28908625871;29048289779,"C=US, O=Let's Encrypt, CN=YR1;C=US, O=Let's Encrypt, CN=YE2;C=US, O=Let's Encrypt, CN=YR2"
servicestest.nist.gov,Yes,Yes,8,3,2026-07-15T12:14:15,2026-10-13T12:19:06,27954153697;27954058721;27954065045;27954149629;27954141304;27954066740;27954149786;27954068552,"C=US, O=Let's Encrypt, CN=YR2;C=US, O=Let's Encrypt, CN=YR1;C=US, O=Let's Encrypt, CN=YE1"
sgitlab-test.nist.gov,Yes,Yes,2,1,2026-04-14T00:00:00,2027-01-06T23:59:59,25658061418;27399458669,"C=US, O=DigiCert Inc, CN=DigiCert Global G2 TLS RSA SHA256 2020 CA1"
sgitlab.nist.gov,Yes,Yes,2,1,2026-04-14T00:00:00,2027-01-06T23:59:59,25523051378;27399435344,"C=US, O=DigiCert Inc, CN=DigiCert Global G2 TLS RSA SHA256 2020 CA1"
shop.nist.gov,Yes,Yes,2,1,2026-03-23T00:00:00,2026-10-07T23:59:59,25193794125;25173982862,"C=US, O=DigiCert Inc, CN=DigiCert Global G2 TLS RSA SHA256 2020 CA1"
shop.sfuat.nist.gov,Yes,Yes,4,2,2026-08-27T17:18:13,2026-11-25T17:18:16,29130102237;29108729418;29298774589;29362468097,"C=US, O=Let's Encrypt, CN=YR2;C=US, O=Let's Encrypt, CN=YE1"
sibr.nist.gov,Yes,Yes,6,3,2026-08-24T10:03:54,2026-11-22T10:06:40,29227600112;29061506190;29148637676;29513431098;29227689543;29513580568,"C=US, O=Let's Encrypt, CN=YR2;C=US, O=Let's Encrypt, CN=YE2;C=US, O=Let's Encrypt, CN=YE1"
sim.nist.gov,Yes,Yes,1,1,2026-06-04T00:00:00,2026-12-19T23:59:59,26885907054,"C=US, O=DigiCert Inc, CN=DigiCert Global G2 TLS RSA SHA256 2020 CA1"
sitexpress.nist.gov,Yes,Yes,8,3,2026-08-20T10:29:31,2026-11-18T10:46:09,29159760567;29027872262;29027895798;28962402737;28972102459;29007890572;29159773805;28972088930,"C=US, O=Let's Encrypt, CN=YE2;C=US, O=Let's Encrypt, CN=YR1;C=US, O=Let's Encrypt, CN=YE1"
slp.nist.gov,Yes,Yes,4,2,2026-08-24T09:00:56,2026-11-22T09:00:57,29508259807;29136018018;29193054133;29047997839,"C=US, O=Let's Encrypt, CN=YE2;C=US, O=Let's Encrypt, CN=YR1"
smokealarm.nist.gov,Yes,Yes,8,3,2026-08-24T10:04:36,2026-11-22T10:18:20,29048846463;29514573086;29513484073;29224374883;29228230211;29513466929;29153001579;29049027316,"C=US, O=Let's Encrypt, CN=YE1;C=US, O=Let's Encrypt, CN=YE2;C=US, O=Let's Encrypt, CN=YR1"
smstestbed.nist.gov,Yes,Yes,8,2,2026-08-20T09:49:52,2026-11-18T10:08:17,28971709621;28961787925;29013571933;29025359652;29158390047;29157572547;29007320029;29009984082,"C=US, O=Let's Encrypt, CN=YE2;C=US, O=Let's Encrypt, CN=YR1"
smtp.nist.gov,Yes,Yes,3,1,2026-01-23T00:00:00,2027-02-23T23:59:59,26866493753;23937360183;23937360233,"C=US, O=DigiCert Inc, CN=DigiCert Global G2 TLS RSA SHA256 2020 CA1"
smtp1.nist.gov,No,Yes,1,1,2026-06-03T00:00:00,2026-12-18T23:59:59,26866493753,"C=US, O=DigiCert Inc, CN=DigiCert Global G2 TLS RSA SHA256 2020 CA1"
smtp1e.nist.gov,Yes,Yes,1,1,2026-01-23T00:00:00,2027-02-23T23:59:59,23937360183,"C=US, O=DigiCert Inc, CN=DigiCert Global G2 TLS RSA SHA256 2020 CA1"
smtp2.nist.gov,No,Yes,1,1,2026-06-03T00:00:00,2026-12-18T23:59:59,26866493753,"C=US, O=DigiCert Inc, CN=DigiCert Global G2 TLS RSA SHA256 2020 CA1"
smtp2e.nist.gov,Yes,Yes,1,1,2026-01-23T00:00:00,2027-02-23T23:59:59,23937360233,"C=US, O=DigiCert Inc, CN=DigiCert Global G2 TLS RSA SHA256 2020 CA1"
spages.nist.gov,No,Yes,2,1,2026-04-14T00:00:00,2027-01-06T23:59:59,25523051378;27399435344,"C=US, O=DigiCert Inc, CN=DigiCert Global G2 TLS RSA SHA256 2020 CA1"
srd.nist.gov,Yes,Yes,8,2,2026-08-20T10:28:18,2026-11-18T10:44:34,28972290385;29027820602;29027090416;29008354678;28972291221;29014474320;29159171263;29007900332,"C=US, O=Let's Encrypt, CN=YR2;C=US, O=Let's Encrypt, CN=YE1"
srdata.ct.nist.gov,Yes,Yes,8,4,2026-08-15T14:05:03,2026-11-13T14:20:46,28963796851;28892118925;28864389062;28881718022;28963347639;28864390683;28963788121;28864684058,"C=US, O=Let's Encrypt, CN=YR2;C=US, O=Let's Encrypt, CN=YE2;C=US, O=Let's Encrypt, CN=YR1;C=US, O=Let's Encrypt, CN=YE1"
srdata.nist.gov,Yes,Yes,5,3,2025-09-24T00:00:00,2026-10-22T12:40:12,28212570935;28212570053;21246736441;28212564812;28212564918,"C=US, O=DigiCert Inc, CN=DigiCert Global G2 TLS RSA SHA256 2020 CA1;C=US, O=Let's Encrypt, CN=YE2;C=US, O=Let's Encrypt, CN=YR1"
sre.nist.gov,Yes,Yes,8,4,2026-08-02T11:51:04,2026-10-31T11:56:33,28461732391;28461616121;28461724922;28461618130;28461730106;28461610863;28461729861;28461609222,"C=US, O=Let's Encrypt, CN=YR2;C=US, O=Let's Encrypt, CN=YE2;C=US, O=Let's Encrypt, CN=YR1;C=US, O=Let's Encrypt, CN=YE1"
srmors.nist.gov,Yes,Yes,8,2,2026-08-15T12:29:10,2026-11-13T12:39:12,28859114106;28863708744;28862695645;28883633136;28862694958;28858954229;28859113486;28960634372,"C=US, O=Let's Encrypt, CN=YR1;C=US, O=Let's Encrypt, CN=YE1"
ssis-dev.ct.nist.gov,Yes,Yes,8,4,2026-07-02T16:46:53,2026-11-28T16:14:47,29168331287;29434564343;27647880485;27647879716;27647871141;29179123198;29385285038;27647883144,"C=US, O=Let's Encrypt, CN=YE1;C=US, O=Let's Encrypt, CN=YR2;C=US, O=Let's Encrypt, CN=YE2;C=US, O=Let's Encrypt, CN=YR1"
ssis-test.ct.nist.gov,No,Yes,8,4,2026-08-03T09:51:11,2026-11-01T10:10:10,28489956337;28490367665;28489923771;28489942680;28490353610;28490353803;28489936981;28490364030,"C=US, O=Let's Encrypt, CN=YE1;C=US, O=Let's Encrypt, CN=YR1;C=US, O=Let's Encrypt, CN=YE2;C=US, O=Let's Encrypt, CN=YR2"
ssis.nist.gov,Yes,Yes,4,2,2026-08-24T08:59:10,2026-11-22T08:59:15,29255991041;29172305895;29308804817;29047967242,"C=US, O=Let's Encrypt, CN=YR2;C=US, O=Let's Encrypt, CN=YE1"
ssportaltest.nist.gov,Yes,Yes,3,1,2026-07-01T00:00:00,2027-01-16T23:59:59,27644793269;27645074854;27625619589,"C=US, O=DigiCert Inc, CN=DigiCert Global G2 TLS RSA SHA256 2020 CA1"
staffing-test.ct.nist.gov,Yes,Yes,8,3,2026-07-22T12:06:56,2026-10-20T12:20:48,28153234378;28153233897;28153231889;28153532741;28153519850;28153529382;28153517999;28153226866,"C=US, O=Let's Encrypt, CN=YR1;C=US, O=Let's Encrypt, CN=YE2;C=US, O=Let's Encrypt, CN=YR2"
static.nvd.nist.gov,Yes,Yes,20,4,2026-07-02T13:02:57,2026-11-28T12:48:00,27644016877;28971336883;27644293380;27644303194;29176207300;27644011504;27644307204;28962057341;27644024238;29176206393;29007332471;29163772767;28962095033;27644303820;29012663927;29163769115;29006693102;27644022462;29007244723;29157551458,"C=US, O=Let's Encrypt, CN=YE1;C=US, O=Let's Encrypt, CN=YR2;C=US, O=Let's Encrypt, CN=YE2;C=US, O=Let's Encrypt, CN=YR1"
stonewall.nist.gov,Yes,Yes,4,2,2026-08-24T08:46:06,2026-11-22T08:46:17,29060196263;29507071765;29047771999;29047769464,"C=US, O=Let's Encrypt, CN=YR2;C=US, O=Let's Encrypt, CN=YE1"
strbase-archive.nist.gov,Yes,Yes,8,3,2026-08-02T12:22:33,2026-10-31T12:31:34,28462366386;28462386583;28462367841;28462208560;28462204810;28462204712;28462207209;28462379011,"C=US, O=Let's Encrypt, CN=YR1;C=US, O=Let's Encrypt, CN=YE2;C=US, O=Let's Encrypt, CN=YR2"
strbase-b.nist.gov,Yes,Yes,8,2,2026-08-02T12:23:24,2026-10-31T12:30:53,28462366099;28462364377;28462220470;28462227805;28462367000;28462357720;28462222309;28462226150,"C=US, O=Let's Encrypt, CN=YR1;C=US, O=Let's Encrypt, CN=YE1"
strbase.nist.gov,Yes,Yes,8,2,2026-08-02T12:23:59,2026-10-31T12:31:56,28462379156;28462242609;28462378606;28462389097;28462240920;28462234872;28462390247;28462236397,"C=US, O=Let's Encrypt, CN=YE2;C=US, O=Let's Encrypt, CN=YR2"
strseq.nist.gov,Yes,Yes,8,2,2026-08-02T12:24:33,2026-10-31T12:32:30,28462243799;28462245091;28462379209;28462396009;28462390533;28462245653;28462381019;28462245040,"C=US, O=Let's Encrypt, CN=YR2;C=US, O=Let's Encrypt, CN=YE1"
survey.nist.gov,Yes,Yes,2,1,2026-07-31T15:43:01,2026-10-29T15:43:00,28412941419;28412940399,"C=US, O=Let's Encrypt, CN=YR1"
tableau.nist.gov,No,Yes,8,2,2026-07-22T15:39:00,2026-10-20T15:56:02,28158150199;28157777405;28157780880;28157779629;28158161974;28158165323;28157770882;28158154315,"C=US, O=Let's Encrypt, CN=YE2;C=US, O=Let's Encrypt, CN=YR1"
tac-dashboard-api.nist.gov,Yes,Yes,8,3,2026-08-02T11:49:00,2026-10-31T11:56:50,28461734907;28461733501;28461730232;28461577211;28461575832;28461730221;28461577133;28461578582,"C=US, O=Let's Encrypt, CN=YR2;C=US, O=Let's Encrypt, CN=YE2;C=US, O=Let's Encrypt, CN=YE1"
tac-dashboard.nist.gov,Yes,Yes,4,2,2026-08-02T11:01:49,2026-10-31T11:01:51,28460587689;28460595735;28460597655;28460589281,"C=US, O=Let's Encrypt, CN=YE2;C=US, O=Let's Encrypt, CN=YR1"
tac.nist.gov,Yes,Yes,8,3,2026-08-20T10:28:57,2026-11-18T10:45:15,29159195347;29014475093;29027822923;29011742391;28982739125;28972409464;28962672609;29008361014,"C=US, O=Let's Encrypt, CN=YE2;C=US, O=Let's Encrypt, CN=YR1;C=US, O=Let's Encrypt, CN=YE1"
talos.nist.gov,No,Yes,1,1,2026-06-22T00:00:00,2027-01-06T23:59:59,27399436631,"C=US, O=DigiCert Inc, CN=DigiCert Global G2 TLS RSA SHA256 2020 CA1"
tcamt.nist.gov,Yes,Yes,8,3,2026-08-20T10:28:41,2026-11-18T10:44:54,28962393766;28972291139;28962665223;29008361584;28972084854;28972290435;29007834094;28962394619,"C=US, O=Let's Encrypt, CN=YR2;C=US, O=Let's Encrypt, CN=YE2;C=US, O=Let's Encrypt, CN=YE1"
test-redirect.ct.nist.gov,Yes,Yes,2,2,2026-07-07T19:45:26,2026-10-05T20:45:32,27765333740;27765320840,"C=US, O=Google Trust Services, CN=WE1;C=US, O=Google Trust Services, CN=WR1"
testing.ct.nist.gov,Yes,Yes,10,3,2026-07-20T09:53:36,2026-12-16T09:32:18,28090932445;28090931590;29497958788;28090932135;28090680967;28090667542;28090666691;28090935633;28090673596;29497919147,"C=US, O=Let's Encrypt, CN=YR2;C=US, O=Let's Encrypt, CN=YR1;C=US, O=Let's Encrypt, CN=YE1"
tf.boulder.nist.gov,Yes,Yes,8,4,2026-08-23T10:22:46,2026-11-21T10:35:09,29206876570;29406166088;29163928212;29029365590;29110382147;29039953805;29164196010;29039954093,"C=US, O=Let's Encrypt, CN=YR2;C=US, O=Let's Encrypt, CN=YE2;C=US, O=Let's Encrypt, CN=YR1;C=US, O=Let's Encrypt, CN=YE1"
tf.nist.gov,Yes,Yes,8,3,2026-08-23T10:23:07,2026-11-21T10:34:41,29406155719;29199370378;29163934733;29406137498;29029157939;29029160332;29165686663;29039905467,"C=US, O=Let's Encrypt, CN=YR2;C=US, O=Let's Encrypt, CN=YR1;C=US, O=Let's Encrypt, CN=YE1"
theta.nist.gov,Yes,Yes,1,1,2026-04-22T00:00:00,2026-11-06T23:59:59,25682008223,"C=US, O=DigiCert Inc, CN=DigiCert Global G2 TLS RSA SHA256 2020 CA1"
tibcobusiness.nist.gov,Yes,Yes,1,1,2025-09-23T00:00:00,2026-10-16T23:59:59,21223782675,"C=US, O=DigiCert Inc, CN=DigiCert Global G2 TLS RSA SHA256 2020 CA1"
time.ct.nist.gov,Yes,Yes,8,3,2026-08-05T17:31:19,2026-11-03T17:49:31,28565646456;28565632083;28565620790;28566063280;28566063770;28566066520;28566067244;28565631274,"C=US, O=Let's Encrypt, CN=YE1;C=US, O=Let's Encrypt, CN=YE2;C=US, O=Let's Encrypt, CN=YR2"
timegov.boulder.nist.gov,Yes,Yes,8,4,2026-08-20T10:30:23,2026-11-18T10:46:42,28972322564;28962695208;29014594736;29159248865;28972103350;28962701275;29008412291;29159260316,"C=US, O=Let's Encrypt, CN=YR2;C=US, O=Let's Encrypt, CN=YR1;C=US, O=Let's Encrypt, CN=YE2;C=US, O=Let's Encrypt, CN=YE1"
timegov.nist.gov,Yes,Yes,8,4,2026-08-20T09:50:03,2026-11-18T10:08:38,28961753044;28962059871;29013589293;28971715827;28971339905;29006762335;28982230866;28971340055,"C=US, O=Let's Encrypt, CN=YE1;C=US, O=Let's Encrypt, CN=YR1;C=US, O=Let's Encrypt, CN=YE2;C=US, O=Let's Encrypt, CN=YR2"
tlb.nist.gov,Yes,Yes,6,4,2026-08-27T12:03:46,2026-11-28T02:08:45,29148458199;29149547659;29507244585;29148469779;29149547722;29440859659,"C=US, O=Google Trust Services, CN=WE1;C=US, O=Google Trust Services, CN=WR1;C=US, O=Let's Encrypt, CN=YR1;C=US, O=Let's Encrypt, CN=YE1"
token.nccoe.nist.gov,No,Yes,8,3,2026-08-15T04:54:29,2026-11-13T05:09:25,28854507232;28854157192;28854293262;28851052534;28944680248;28871049145;28857186960;28854157953,"C=US, O=Let's Encrypt, CN=YE2;C=US, O=Let's Encrypt, CN=YR1;C=US, O=Let's Encrypt, CN=YE1"
toolcatalog.nist.gov,Yes,Yes,4,2,2026-08-20T09:30:32,2026-11-18T09:30:33,29156902304;28961510405;29009154848;28971040046,"C=US, O=Let's Encrypt, CN=YE2;C=US, O=Let's Encrypt, CN=YR1"
topicbench.nist.gov,Yes,Yes,4,2,2026-08-20T09:48:38,2026-11-18T09:48:56,28971335940;29009953289;29157543515;29006811627,"C=US, O=Let's Encrypt, CN=YE2;C=US, O=Let's Encrypt, CN=YR1"
training.cbs.nist.gov,Yes,Yes,1,1,2026-04-16T00:00:00,2026-10-31T23:59:59,25547740756,"C=US, O=DigiCert Inc, CN=DigiCert Global G2 TLS RSA SHA256 2020 CA1"
trc.nist.gov,Yes,Yes,8,2,2026-08-20T11:23:19,2026-11-18T11:37:36,28963584675;29009524751;28973127113;29009479491;28973126240;29029703730;28972926449;28973125945,"C=US, O=Let's Encrypt, CN=YR2;C=US, O=Let's Encrypt, CN=YE1"
trec.nist.gov,Yes,Yes,9,3,2026-07-09T10:29:50,2026-12-05T10:19:11,27804800793;29404186310;29404638241;29395799402;27804800227;29404645991;29404635884;27804805876;27804802176,"C=US, O=Let's Encrypt, CN=YR2;C=US, O=Let's Encrypt, CN=YE2;C=US, O=Let's Encrypt, CN=YR1"
trecvid.nist.gov,Yes,Yes,5,2,2026-07-09T11:17:06,2026-12-05T10:58:19,27805610604;29405329359;27805609100;27805614973;27805605505,"C=US, O=Let's Encrypt, CN=YE2;C=US, O=Let's Encrypt, CN=YR1"
trill.nist.gov,Yes,Yes,1,1,2026-06-22T00:00:00,2027-01-06T23:59:59,27399457975,"C=US, O=DigiCert Inc, CN=DigiCert Global G2 TLS RSA SHA256 2020 CA1"
trojai.nist.gov,Yes,Yes,8,3,2026-08-18T13:48:06,2026-11-16T14:03:39,28924554465;28924736173;28946839526;28955108182;28924836440;29078762757;28924738491;28967321825,"C=US, O=Let's Encrypt, CN=YR1;C=US, O=Let's Encrypt, CN=YE2;C=US, O=Let's Encrypt, CN=YR2"
tsapps.nist.gov,Yes,Yes,8,3,2026-08-20T09:49:27,2026-11-18T10:07:52,29158372885;29022765335;29006667994;29026207251;29012666786;28962044889;29010843391;29006708210,"C=US, O=Let's Encrypt, CN=YR2;C=US, O=Let's Encrypt, CN=YE2;C=US, O=Let's Encrypt, CN=YE1"
tube.nist.gov,Yes,Yes,8,2,2026-07-08T20:38:10,2026-12-04T22:32:40,27790974649;27790725495;29279047262;29279665921;27790709063;27790967330;29279134154;29279039789,"C=US, O=Google Trust Services, CN=WE1;C=US, O=Google Trust Services, CN=WR1"
uncertainty.nist.gov,Yes,Yes,8,3,2026-08-20T12:00:57,2026-11-18T12:15:19,29019112578;29163268743;28964211676;28964210089;28963974301;28973533039;28973578751;29010506710,"C=US, O=Let's Encrypt, CN=YR1;C=US, O=Let's Encrypt, CN=YE2;C=US, O=Let's Encrypt, CN=YR2"
unitsml.nist.gov,Yes,Yes,8,3,2026-08-23T10:24:48,2026-11-21T10:36:09,29029180511;29029375228;29029217570;29168205772;29136432940;29029189113;29029373918;29124225500,"C=US, O=Let's Encrypt, CN=YR1;C=US, O=Let's Encrypt, CN=YE2;C=US, O=Let's Encrypt, CN=YR2"
usgcb.nist.gov,Yes,Yes,9,3,2026-07-06T12:19:17,2026-12-02T11:53:17,27733197206;27733202152;29308209893;29308508489;27733211367;29312811884;27733207331;29308174328;29459721714,"C=US, O=Let's Encrypt, CN=YE2;C=US, O=Let's Encrypt, CN=YR1;C=US, O=Let's Encrypt, CN=YE1"
usgv6-deploymon.antd.nist.gov,Yes,Yes,6,2,2026-07-13T09:45:53,2026-12-09T09:19:07,29565816345;27896679100;27896677388;27896671519;27896677186;29565960567,"C=US, O=Let's Encrypt, CN=YE2;C=US, O=Let's Encrypt, CN=YR1"
usgv6-deploymon.nist.gov,Yes,Yes,8,3,2026-08-20T09:49:08,2026-11-18T10:07:19,28971338663;29006712292;28962042462;29007286295;28961787598;29025319182;28971696005;29026187500,"C=US, O=Let's Encrypt, CN=YE2;C=US, O=Let's Encrypt, CN=YR1;C=US, O=Let's Encrypt, CN=YE1"
vcloud.nist.gov,Yes,Yes,1,1,2026-08-18T00:00:00,2027-03-04T23:59:59,28806016528,"C=US, O=DigiCert Inc, CN=DigiCert Global G2 TLS RSA SHA256 2020 CA1"
visiblecement.nist.gov,Yes,Yes,8,3,2026-08-20T09:50:57,2026-11-18T10:07:37,29026207380;29010069391;28971775247;29026207146;28961756086;29157620894;29006713144;28971705033,"C=US, O=Let's Encrypt, CN=YR1;C=US, O=Let's Encrypt, CN=YE2;C=US, O=Let's Encrypt, CN=YR2"
vmsshare.nist.gov,Yes,Yes,8,2,2026-08-20T12:57:51,2026-11-18T13:20:14,28964986819;28974989391;28965394638;29013101262;28964982612;28964978846;29012346877;29013088213,"C=US, O=Let's Encrypt, CN=YR2;C=US, O=Let's Encrypt, CN=YE1"
vocab.nist.gov,Yes,Yes,8,2,2026-08-20T09:49:39,2026-11-18T10:08:16,29010867091;29093690745;28971709918;28971339288;28971764601;28971339971;28961750616;28971383238,"C=US, O=Let's Encrypt, CN=YE2;C=US, O=Let's Encrypt, CN=YR2"
vote.nist.gov,Yes,Yes,4,2,2026-08-24T08:46:52,2026-11-22T08:46:55,29047845533;29146701608;29047780816;29507121081,"C=US, O=Let's Encrypt, CN=YE2;C=US, O=Let's Encrypt, CN=YR2"
vpn.nccoe.nist.gov,Yes,Yes,5,3,2026-07-17T00:00:00,2027-01-31T23:59:59,28735564057;28012457386;28735563287;28735556823;28735563428,"C=US, O=DigiCert Inc, CN=DigiCert Global G2 TLS RSA SHA256 2020 CA1;C=US, O=Let's Encrypt, CN=YE2;C=US, O=Let's Encrypt, CN=YR2"
vsvc.nist.gov,Yes,Yes,1,1,2026-08-31T00:00:00,2027-03-17T23:59:59,29197067084,"C=US, O=DigiCert Inc, CN=DigiCert Global G2 TLS RSA SHA256 2020 CA1"
web.nvd.nist.gov,Yes,Yes,10,4,2026-07-02T12:19:33,2026-11-28T11:44:35,29162532257;27643409322;27643308983;27643410816;27643411026;29188894274;27643300510;27643304912;27643303535;27643413156,"C=US, O=Let's Encrypt, CN=YE1;C=US, O=Let's Encrypt, CN=YR2;C=US, O=Let's Encrypt, CN=YE2;C=US, O=Let's Encrypt, CN=YR1"
webbook.nist.gov,Yes,Yes,8,4,2026-08-20T12:16:39,2026-11-18T12:37:38,29011673751;29019158325;28964618406;28973822319;28964650568;28974140768;29011029772;28973781731,"C=US, O=Let's Encrypt, CN=YE1;C=US, O=Let's Encrypt, CN=YR2;C=US, O=Let's Encrypt, CN=YE2;C=US, O=Let's Encrypt, CN=YR1"
webster.ncnr.nist.gov,Yes,Yes,9,4,2026-07-11T15:59:56,2026-12-07T15:37:41,29483625573;27857582917;29505055465;27857584563;29483275817;29483276199;27857584920;27857582887;29504769287,"C=US, O=Let's Encrypt, CN=YR1;C=US, O=Let's Encrypt, CN=YR2;C=US, O=Let's Encrypt, CN=YE2;C=US, O=Let's Encrypt, CN=YE1"
wipp-plugins.nist.gov,Yes,Yes,8,3,2026-08-20T14:04:07,2026-11-18T14:22:04,29023823823;29014634165;29168716179;29022083991;29027233078;29167934035;29022086979;28975850284,"C=US, O=Let's Encrypt, CN=YE1;C=US, O=Let's Encrypt, CN=YE2;C=US, O=Let's Encrypt, CN=YR1"
ws680.nist.gov,Yes,Yes,8,4,2026-08-02T12:24:09,2026-10-31T12:32:21,28462380530;28462392657;28462242676;28462380132;28462241001;28462391484;28462247577;28462247807,"C=US, O=Let's Encrypt, CN=YR2;C=US, O=Let's Encrypt, CN=YE2;C=US, O=Let's Encrypt, CN=YR1;C=US, O=Let's Encrypt, CN=YE1"
wsabobc02.nist.gov,No,Yes,2,1,2026-03-27T00:00:00,2027-03-06T23:59:59,28858820482;25253606639,"C=US, O=DigiCert Inc, CN=DigiCert Global G2 TLS RSA SHA256 2020 CA1"
wsctxeg11.ssdoc.nist.gov,No,Yes,2,1,2026-05-29T00:00:00,2027-03-19T23:59:59,26737191430;29230405869,"C=US, O=DigiCert Inc, CN=DigiCert Global G2 TLS RSA SHA256 2020 CA1"
wsctxeg13.ssdoc.nist.gov,No,Yes,2,1,2026-05-29T00:00:00,2027-03-19T23:59:59,26737206499;29230132324,"C=US, O=DigiCert Inc, CN=DigiCert Global G2 TLS RSA SHA256 2020 CA1"
wsctxeg31.ssdoc.nist.gov,No,Yes,2,1,2026-05-29T00:00:00,2027-03-19T23:59:59,26737209388;29230228805,"C=US, O=DigiCert Inc, CN=DigiCert Global G2 TLS RSA SHA256 2020 CA1"
wsctxeg32.ssdoc.nist.gov,No,Yes,2,1,2026-05-29T00:00:00,2027-03-19T23:59:59,29230567356;26737209671,"C=US, O=DigiCert Inc, CN=DigiCert Global G2 TLS RSA SHA256 2020 CA1"
wsctxeg33.ssdoc.nist.gov,No,Yes,2,1,2026-05-13T00:00:00,2027-03-19T23:59:59,26315403331;29230720879,"C=US, O=DigiCert Inc, CN=DigiCert Global G2 TLS RSA SHA256 2020 CA1"
wsctxeg35.ssdoc.nist.gov,No,Yes,2,1,2026-05-29T00:00:00,2027-03-19T23:59:59,26737219889;29230130645,"C=US, O=DigiCert Inc, CN=DigiCert Global G2 TLS RSA SHA256 2020 CA1"
wsctxeg38.ssdoc.nist.gov,Yes,Yes,1,1,2026-05-29T00:00:00,2026-12-13T23:59:59,26737222446,"C=US, O=DigiCert Inc, CN=DigiCert Global G2 TLS RSA SHA256 2020 CA1"
wsicamdstgprd01.ssdoc.nist.gov,Yes,Yes,1,1,2025-09-22T00:00:00,2026-10-21T23:59:59,21206688336,"C=US, O=DigiCert Inc, CN=DigiCert Global G2 TLS RSA SHA256 2020 CA1"
wtc.nist.gov,Yes,Yes,4,2,2026-08-24T09:44:10,2026-11-22T09:44:20,29136831015;29511797746;29223543833;29061166841,"C=US, O=Let's Encrypt, CN=YR1;C=US, O=Let's Encrypt, CN=YE1"
wtcdata.nist.gov,Yes,Yes,8,4,2026-08-15T11:39:55,2026-11-13T11:55:39,28910586472;28877402664;28959082046;28882924879;28878879823;28877724605;28958612843;28891301606,"C=US, O=Let's Encrypt, CN=YR2;C=US, O=Let's Encrypt, CN=YR1;C=US, O=Let's Encrypt, CN=YE2;C=US, O=Let's Encrypt, CN=YE1"
wtt-lite.nist.gov,Yes,Yes,8,4,2026-08-20T12:00:57,2026-11-18T12:15:59,28973772362;29031296024;29018498779;28963992886;28964216549;29010972633;28973838934;28963976548,"C=US, O=Let's Encrypt, CN=YR2;C=US, O=Let's Encrypt, CN=YR1;C=US, O=Let's Encrypt, CN=YE2;C=US, O=Let's Encrypt, CN=YE1"
wtt-pro.nist.gov,Yes,Yes,8,2,2026-08-20T11:08:57,2026-11-18T11:24:37,29013533994;29075517393;29029756649;29009035596;29009100865;29028952884;29017023732;29009599151,"C=US, O=Let's Encrypt, CN=YE2;C=US, O=Let's Encrypt, CN=YR2"
www-dev.ct.nist.gov,Yes,Yes,8,3,2026-08-14T08:38:01,2026-11-12T09:02:13,28832260104;28832262066;28829457647;28844978682;28900752170;28832336890;28829458296;28847358229,"C=US, O=Let's Encrypt, CN=YR2;C=US, O=Let's Encrypt, CN=YR1;C=US, O=Let's Encrypt, CN=YE1"
www-i.ncnr.nist.gov,No,Yes,1,1,2025-09-30T00:00:00,2026-10-14T23:59:59,21378588935,"C=US, O=DigiCert Inc, CN=DigiCert Global G2 TLS RSA SHA256 2020 CA1"
www-nlpir.nist.gov,Yes,Yes,12,3,2026-07-09T12:28:37,2026-12-05T12:30:26,27806923373;27806938313;27806801799;27806796359;27806801595;29407368619;27806938784;27806801597;29398429618;29398686846;29398235508;27806932689,"C=US, O=Let's Encrypt, CN=YE1;C=US, O=Let's Encrypt, CN=YE2;C=US, O=Let's Encrypt, CN=YR2"
www-s.nist.gov,Yes,Yes,4,2,2026-08-17T08:58:55,2026-11-15T08:58:56,28899892371;28920017422;28935495297;28899890744,"C=US, O=Let's Encrypt, CN=YR2;C=US, O=Let's Encrypt, CN=YE1"
www-t.nist.gov,Yes,Yes,4,2,2026-07-28T10:30:36,2026-10-26T10:30:40,28318825838;28318825237;28318823920;28318817524,"C=US, O=Let's Encrypt, CN=YR2;C=US, O=Let's Encrypt, CN=YE1"
www-test.ct.nist.gov,Yes,Yes,8,4,2026-08-03T09:51:11,2026-11-01T10:10:10,28489956337;28490367665;28489923771;28489942680;28490353610;28490353803;28489936981;28490364030,"C=US, O=Let's Encrypt, CN=YE1;C=US, O=Let's Encrypt, CN=YR1;C=US, O=Let's Encrypt, CN=YE2;C=US, O=Let's Encrypt, CN=YR2"
www.antd.nist.gov,Yes,Yes,5,3,2025-11-13T00:00:00,2026-11-22T08:46:26,29192741261;22439545213;29167695273;29307846955;29135633554,"C=US, O=DigiCert Inc, CN=DigiCert Global G2 TLS RSA SHA256 2020 CA1;C=US, O=Let's Encrypt, CN=YE2;C=US, O=Let's Encrypt, CN=YR2"
www.baldrige.nist.gov,Yes,Yes,5,3,2025-11-13T00:00:00,2026-11-22T08:47:17,22439545213;29192766828;29146704656;29224375873;29087315362,"C=US, O=DigiCert Inc, CN=DigiCert Global G2 TLS RSA SHA256 2020 CA1;C=US, O=Let's Encrypt, CN=YE2;C=US, O=Let's Encrypt, CN=YR2"
www.baldrigeresources.nist.gov,Yes,Yes,6,2,2026-07-11T14:57:00,2026-12-07T14:20:12,27856560886;27856560511;29502171358;27856566309;29480508849;27856559308,"C=US, O=Let's Encrypt, CN=YE1;C=US, O=Let's Encrypt, CN=YR1"
www.bfrl.nist.gov,Yes,Yes,5,3,2025-11-13T00:00:00,2026-11-22T09:01:43,29060434559;22439545213;29048036965;29060434084;29255958922,"C=US, O=Let's Encrypt, CN=YR2;C=US, O=DigiCert Inc, CN=DigiCert Global G2 TLS RSA SHA256 2020 CA1;C=US, O=Let's Encrypt, CN=YE1"
www.cfreds-archive.nist.gov,Yes,Yes,5,3,2026-08-25T13:18:42,2026-11-23T13:43:52,29188309358;29071609231;29325737268;29324629250;29188775259,"C=US, O=Let's Encrypt, CN=YE1;C=US, O=Let's Encrypt, CN=YE2;C=US, O=Let's Encrypt, CN=YR1"
www.cfreds.nist.gov,Yes,Yes,13,5,2025-11-13T00:00:00,2026-11-20T23:59:59,28216833827;28216824298;28858985372;28863481992;28216827577;22439545213;28859122142;28216826614;28878653735;28960342391;28960643496;28859137038;28878437000,"C=US, O=Let's Encrypt, CN=YE2;C=US, O=DigiCert Inc, CN=DigiCert Global G2 TLS RSA SHA256 2020 CA1;C=US, O=Let's Encrypt, CN=YR1;C=US, O=Let's Encrypt, CN=YE1;C=US, O=Let's Encrypt, CN=YR2"
www.cftt.nist.gov,Yes,Yes,5,3,2025-11-13T00:00:00,2026-11-22T08:47:18,29507153749;29060306893;22439545213;29192767274;29171961703,"C=US, O=DigiCert Inc, CN=DigiCert Global G2 TLS RSA SHA256 2020 CA1;C=US, O=Let's Encrypt, CN=YE2;C=US, O=Let's Encrypt, CN=YR1"
www.chemdata.nist.gov,Yes,Yes,7,4,2026-07-11T14:43:36,2026-12-07T14:18:27,27856386100;27856368753;27856390313;29480151969;29480438350;29502108443;27856383340,"C=US, O=Let's Encrypt, CN=YE1;C=US, O=Let's Encrypt, CN=YR2;C=US, O=Let's Encrypt, CN=YE2;C=US, O=Let's Encrypt, CN=YR1"
www.cstl.nist.gov,Yes,Yes,9,4,2026-07-11T15:59:11,2026-12-07T15:36:31,27857572379;29483098193;27857568842;29483102990;29483118210;27857569822;29483119941;27857569332;29483580051,"C=US, O=Let's Encrypt, CN=YE1;C=US, O=Let's Encrypt, CN=YR2;C=US, O=Let's Encrypt, CN=YE2;C=US, O=Let's Encrypt, CN=YR1"
www.ctcms.nist.gov,Yes,Yes,5,3,2026-07-11T15:16:25,2026-12-07T14:55:09,27856915058;29484847237;27856906866;27856908045;27856907503,"C=US, O=Let's Encrypt, CN=YR1;C=US, O=Let's Encrypt, CN=YE2;C=US, O=Let's Encrypt, CN=YR2"
www.hml.nist.gov,Yes,Yes,5,3,2025-11-13T00:00:00,2026-11-22T08:47:32,22439545213;29151136255;29307896188;29060213475;29047786546,"C=US, O=DigiCert Inc, CN=DigiCert Global G2 TLS RSA SHA256 2020 CA1;C=US, O=Let's Encrypt, CN=YE2;C=US, O=Let's Encrypt, CN=YR1"
www.itl.nist.gov,No,Yes,7,3,2026-07-09T11:33:07,2026-12-05T11:13:57,27805865997;27805883557;29397185915;29398135223;29405668754;27805887401;27805872612,"C=US, O=Let's Encrypt, CN=YR2;C=US, O=Let's Encrypt, CN=YE1;C=US, O=Let's Encrypt, CN=YR1"
www.mel.nist.gov,Yes,Yes,5,3,2025-11-13T00:00:00,2026-11-22T09:46:02,29048584479;29148143666;22439545213;29061195159;29074344578,"C=US, O=DigiCert Inc, CN=DigiCert Global G2 TLS RSA SHA256 2020 CA1;C=US, O=Let's Encrypt, CN=YE2;C=US, O=Let's Encrypt, CN=YR1"
www.metallurgy.nist.gov,Yes,Yes,4,2,2026-07-11T14:42:50,2026-10-09T14:42:51,27856373780;27856373991;27856366904;27856365797,"C=US, O=Let's Encrypt, CN=YE2;C=US, O=Let's Encrypt, CN=YR1"
www.msed.nist.gov,Yes,Yes,8,2,2026-07-11T14:58:45,2026-12-07T14:35:14,27856586928;29480753577;27856590269;29480570132;29481075455;27856594751;29502770023;27856591863,"C=US, O=Let's Encrypt, CN=YE2;C=US, O=Let's Encrypt, CN=YR1"
www.msel.nist.gov,Yes,Yes,5,3,2025-11-13T00:00:00,2026-11-22T08:44:57,22439545213;29307730107;29506955281;29506952936;29146652740,"C=US, O=DigiCert Inc, CN=DigiCert Global G2 TLS RSA SHA256 2020 CA1;C=US, O=Let's Encrypt, CN=YE2;C=US, O=Let's Encrypt, CN=YR1"
www.nccoe.nist.gov,Yes,Yes,9,5,2026-02-09T00:00:00,2027-03-04T23:59:59,28410581466;28410589467;28410264832;28410603580;28410267222;28410266290;24291894434;28410267643;28410598254,"C=US, O=Let's Encrypt, CN=YE2;C=US, O=DigiCert Inc, CN=DigiCert Global G2 TLS RSA SHA256 2020 CA1;C=US, O=Let's Encrypt, CN=YR1;C=US, O=Let's Encrypt, CN=YE1;C=US, O=Let's Encrypt, CN=YR2"
www.nccoe.org,Yes,No,1,1,2026-02-09T00:00:00,2027-03-04T23:59:59,24291894434,"C=US, O=DigiCert Inc, CN=DigiCert Global G2 TLS RSA SHA256 2020 CA1"
www.ncnr.nist.gov,Yes,Yes,13,4,2026-07-11T17:59:19,2026-12-07T17:54:56,28216825120;29509616956;29491279546;28216845435;27859345660;29510348537;29487850067;28216846330;27859352096;27859343337;27859350813;28216834708;29487866795,"C=US, O=Let's Encrypt, CN=YR2;C=US, O=Let's Encrypt, CN=YE1;C=US, O=Let's Encrypt, CN=YE2;C=US, O=Let's Encrypt, CN=YR1"
www.nehrp.nist.gov,Yes,Yes,8,2,2026-07-11T16:00:24,2026-12-07T15:37:41,27857583866;27857588946;29504598418;29483142525;29507925484;27857587664;29483189025;27857589185,"C=US, O=Let's Encrypt, CN=YE2;C=US, O=Let's Encrypt, CN=YR1"
www.nist.gov,Yes,Yes,4,2,2026-08-24T08:44:50,2026-11-22T08:44:54,29221014935;29506952457;29087181791;29047742672,"C=US, O=Let's Encrypt, CN=YR1;C=US, O=Let's Encrypt, CN=YE1"
www.nsrl.nist.gov,Yes,Yes,5,3,2025-11-13T00:00:00,2026-11-22T09:44:36,29048571895;22439545213;29061194744;29061167081;29061171739,"C=US, O=DigiCert Inc, CN=DigiCert Global G2 TLS RSA SHA256 2020 CA1;C=US, O=Let's Encrypt, CN=YE2;C=US, O=Let's Encrypt, CN=YR1"
www.physics.nist.gov,No,Yes,9,3,2026-06-16T00:00:00,2026-12-31T23:59:59,29110317137;29406136488;29029199372;29029339244;29104779356;29029194364;29165682796;27235092079;29104779464,"C=US, O=Let's Encrypt, CN=YR2;C=US, O=DigiCert Inc, CN=DigiCert Global G2 TLS RSA SHA256 2020 CA1;C=US, O=Let's Encrypt, CN=YE1"
xdocker.nist.gov,No,Yes,2,1,2026-01-06T00:00:00,2027-01-21T23:59:59,27399460073;23589783194,"C=US, O=DigiCert Inc, CN=DigiCert Global G2 TLS RSA SHA256 2020 CA1"
xgitlab.nist.gov,Yes,Yes,2,1,2026-01-06T00:00:00,2027-01-21T23:59:59,27399460073;23589783194,"C=US, O=DigiCert Inc, CN=DigiCert Global G2 TLS RSA SHA256 2020 CA1"
xlinux.nist.gov,Yes,Yes,8,2,2026-08-20T10:30:30,2026-11-18T10:46:15,29011790763;29011790353;29159253267;29008400713;28972431292;29008369881;29159773568;28962694509,"C=US, O=Let's Encrypt, CN=YR1;C=US, O=Let's Encrypt, CN=YE1"
xpages.nist.gov,No,Yes,2,1,2026-01-06T00:00:00,2027-01-21T23:59:59,27399460073;23589783194,"C=US, O=DigiCert Inc, CN=DigiCert Global G2 TLS RSA SHA256 2020 CA1"
xpdb.nist.gov,Yes,Yes,8,4,2026-08-20T09:49:07,2026-11-18T10:09:26,28971736976;28971734276;28971338180;29006659169;29026285608;29158432567;28971338193;29006755627,"C=US, O=Let's Encrypt, CN=YR2;C=US, O=Let's Encrypt, CN=YR1;C=US, O=Let's Encrypt, CN=YE2;C=US, O=Let's Encrypt, CN=YE1"
xpressions.nist.gov,Yes,Yes,1,1,2026-01-05T00:00:00,2027-01-04T23:59:59,23570223379,"C=US, O=DigiCert Inc, CN=DigiCert Global G2 TLS RSA SHA256 2020 CA1"
zeno.nist.gov,Yes,Yes,8,2,2026-08-20T10:28:35,2026-11-18T10:45:04,29012407723;28982765322;29159191508;29007904139;29014474888;29159721785;28962667677;28972081422,"C=US, O=Let's Encrypt, CN=YE2;C=US, O=Let's Encrypt, CN=YR2"
