domain,seen_in_common_name,seen_in_name_value,certificate_count,issuer_count,earliest_seen,latest_expiry,certificate_ids,issuers
102pager.nih.gov,Yes,Yes,1,1,2026-06-17T16:34:07,2027-01-02T16:33:07,27266269126,"C=US, O=IdenTrust, OU=HydrantID Trusted Certificate Service, CN=HydrantID Server CA O1"
102pagerstage.nih.gov,No,Yes,1,1,2026-06-17T16:34:07,2027-01-02T16:33:07,27266269126,"C=US, O=IdenTrust, OU=HydrantID Trusted Certificate Service, CN=HydrantID Server CA O1"
102pagerteststage.nih.gov,Yes,Yes,2,1,2025-12-04T14:59:10,2027-01-21T14:59:50,23295668469;22893684894,"C=US, O=IdenTrust, OU=HydrantID Trusted Certificate Service, CN=HydrantID Server CA O1"
3d.nih.gov,Yes,Yes,1,1,2026-01-23T13:42:14,2027-02-22T13:41:14,23936084609,"C=US, O=IdenTrust, OU=HydrantID Trusted Certificate Service, CN=HydrantID Server CA O1"
3dprint.nih.gov,No,Yes,1,1,2026-01-23T13:42:14,2027-02-22T13:41:14,23936084609,"C=US, O=IdenTrust, OU=HydrantID Trusted Certificate Service, CN=HydrantID Server CA O1"
508.nih.gov,No,Yes,4,1,2026-07-29T11:57:40,2026-10-27T12:10:52,28350619301;28350623394;28350887987;28350877029,"C=US, O=Let's Encrypt, CN=YR2"
Android.secure.nci.nih.gov,No,Yes,2,1,2026-07-03T00:00:00,2027-02-14T23:59:59,28419113748;27656613288,"C=US, O=DigiCert Inc, CN=DigiCert Global G2 TLS RSA SHA256 2020 CA1"
CC0PCWMS.cc.nih.gov,Yes,Yes,1,1,2026-01-14T00:00:00,2027-02-11T23:59:59,23768707638,"C=US, O=DigiCert Inc, CN=DigiCert Global G2 TLS RSA SHA256 2020 CA1"
CC0POMNICELL.cc.nih.gov,Yes,Yes,1,1,2026-07-27T00:00:00,2027-02-10T23:59:59,28297205564,"C=US, O=DigiCert Inc, CN=DigiCert Global G2 TLS RSA SHA256 2020 CA1"
CC0PPHARREES2.cc.nih.gov,Yes,Yes,1,1,2026-02-17T00:00:00,2027-03-10T23:59:59,24474476867,"C=US, O=DigiCert Inc, CN=DigiCert Global G2 TLS RSA SHA256 2020 CA1"
FSCCRW-WEB04T.nci.nih.gov,No,Yes,1,1,2026-03-30T00:00:00,2026-10-14T23:59:59,25281513916,"C=US, O=DigiCert Inc, CN=DigiCert Global G2 TLS RSA SHA256 2020 CA1"
FSCCRW-WEB05P.nci.nih.gov,No,Yes,1,1,2026-03-30T00:00:00,2026-10-14T23:59:59,25285701634,"C=US, O=DigiCert Inc, CN=DigiCert Global G2 TLS RSA SHA256 2020 CA1"
NIEHSVPN-DC.niehs.nih.gov,No,Yes,1,1,2025-12-15T00:00:00,2026-12-14T23:59:59,23138388345,"C=US, O=DigiCert Inc, CN=DigiCert Global G2 TLS RSA SHA256 2020 CA1"
NIEHSVPN-F138.niehs.nih.gov,No,Yes,1,1,2025-12-15T00:00:00,2026-12-14T23:59:59,23138590864,"C=US, O=DigiCert Inc, CN=DigiCert Global G2 TLS RSA SHA256 2020 CA1"
Roomkit.secure.nci.nih.gov,No,Yes,2,1,2026-07-03T00:00:00,2027-02-14T23:59:59,28419113748;27656613288,"C=US, O=DigiCert Inc, CN=DigiCert Global G2 TLS RSA SHA256 2020 CA1"
SoftWebPlus.cc.nih.gov,Yes,Yes,1,1,2025-10-27T00:00:00,2026-11-04T23:59:59,22043259528,"C=US, O=DigiCert Inc, CN=DigiCert Global G2 TLS RSA SHA256 2020 CA1"
abcd.nih.gov,No,Yes,2,1,2026-05-28T00:00:00,2026-12-11T23:59:59,26709251183;26754041236,"C=US, O=Amazon, CN=Amazon RSA 2048 M04"
accessgudid-queue-us-west-2.awsqa.nlm.nih.gov,No,Yes,1,1,2026-02-01T00:00:00,2027-03-01T23:59:59,24108311432,"C=US, O=Amazon, CN=Amazon RSA 2048 M01"
accessgudid-queue-us-west-2.nlm.nih.gov,No,Yes,1,1,2026-02-01T00:00:00,2027-03-01T23:59:59,24108311432,"C=US, O=Amazon, CN=Amazon RSA 2048 M01"
accessgudid-queue.awsqa.nlm.nih.gov,Yes,Yes,1,1,2026-02-01T00:00:00,2027-03-01T23:59:59,24108311432,"C=US, O=Amazon, CN=Amazon RSA 2048 M01"
accessgudid-queue.nlm.nih.gov,No,Yes,1,1,2026-02-01T00:00:00,2027-03-01T23:59:59,24108311432,"C=US, O=Amazon, CN=Amazon RSA 2048 M01"
accessgudid.nlm.nih.gov,Yes,Yes,4,2,2026-04-02T00:00:00,2026-10-22T23:59:59,25327113330;25630657058;25360190913;25448799038,"C=US, O=Amazon, CN=Amazon RSA 2048 M04;C=US, O=Amazon, CN=Amazon RSA 2048 M01"
accounts.sb.biodatacatalyst.nhlbi.nih.gov,No,Yes,1,1,2025-12-18T20:28:16,2027-01-17T20:27:16,23202690132,"C=US, O=IdenTrust, OU=HydrantID Trusted Certificate Service, CN=HydrantID Server CA O1"
acd.od.nih.gov,Yes,Yes,9,5,2026-06-05T13:57:42,2026-12-21T13:56:42,28750372544;28750349664;28750373465;26914794070;28750586794;28750587752;28750592573;28750343247;28750583908,"C=US, O=IdenTrust, OU=HydrantID Trusted Certificate Service, CN=HydrantID Server CA O1;C=US, O=Let's Encrypt, CN=YR1;C=US, O=Let's Encrypt, CN=YR2;C=US, O=Let's Encrypt, CN=YE2;C=US, O=Let's Encrypt, CN=YE1"
addictionresearch.nih.gov,Yes,Yes,8,3,2026-08-21T16:04:34,2026-11-19T16:19:42,28995313209;29254623568;28995041014;29075631967;28995042894;28995041498;29253407452;29075625046,"C=US, O=Let's Encrypt, CN=YR1;C=US, O=Let's Encrypt, CN=YR2;C=US, O=Let's Encrypt, CN=YE1"
adfs.globe.nih.gov,Yes,Yes,1,1,2025-11-25T00:00:00,2026-12-24T23:59:59,22717296333,"C=US, O=Amazon, CN=Amazon RSA 2048 M04"
adldapauth.ha.nih.gov,No,Yes,1,1,2026-06-03T20:06:27,2026-12-19T20:05:27,26864982283,"C=US, O=IdenTrust, OU=HydrantID Trusted Certificate Service, CN=HydrantID Server CA O1"
adldapauth.nih.gov,Yes,Yes,1,1,2026-06-03T20:06:27,2026-12-19T20:05:27,26864982283,"C=US, O=IdenTrust, OU=HydrantID Trusted Certificate Service, CN=HydrantID Server CA O1"
adme.ncats.nih.gov,Yes,Yes,1,1,2026-05-15T17:13:16,2026-11-30T17:12:16,26453089148,"C=US, O=IdenTrust, OU=HydrantID Trusted Certificate Service, CN=HydrantID Server CA O1"
adminhub.nih.gov,Yes,Yes,1,1,2026-01-20T19:29:17,2027-02-19T19:28:17,23886107751,"C=US, O=IdenTrust, OU=HydrantID Trusted Certificate Service, CN=HydrantID Server CA O1"
adminportal.fic.nih.gov,Yes,Yes,2,1,2026-06-15T00:00:00,2026-12-15T23:59:59,27209719681;27312573703,"C=US, O=DigiCert Inc, OU=www.digicert.com, CN=GeoTrust TLS RSA CA G1"
adminportaldev.fic.nih.gov,Yes,Yes,2,1,2026-06-16T00:00:00,2026-12-16T23:59:59,27317554357;27220332781,"C=US, O=DigiCert Inc, OU=www.digicert.com, CN=GeoTrust TLS RSA CA G1"
adminportalstage.fic.nih.gov,Yes,Yes,2,1,2026-06-15T00:00:00,2026-12-15T23:59:59,27312573482;27209698240,"C=US, O=DigiCert Inc, OU=www.digicert.com, CN=GeoTrust TLS RSA CA G1"
afd.nhlbi.nih.gov,Yes,Yes,3,1,2025-10-12T00:41:22,2027-02-04T21:37:31,26384405412;21656192062;23574074790,"C=US, O=IdenTrust, OU=HydrantID Trusted Certificate Service, CN=HydrantID Server CA O1"
agent-tools.niaid.nih.gov,Yes,Yes,2,1,2026-06-04T00:00:00,2026-12-04T23:59:59,26893962493;27129966897,"C=US, O=DigiCert Inc, OU=www.digicert.com, CN=GeoTrust TLS RSA CA G1"
aghealth.nci.nih.gov,No,Yes,2,1,2026-07-22T15:02:08,2026-10-20T15:02:07,28156867087;28156871013,"C=US, O=Let's Encrypt, CN=YE2"
aghealth.nih.gov,Yes,Yes,2,1,2026-07-22T15:02:08,2026-10-20T15:02:07,28156867087;28156871013,"C=US, O=Let's Encrypt, CN=YE2"
agile.globe.nih.gov,Yes,Yes,2,1,2025-12-10T00:00:00,2027-01-08T23:59:59,23033127013;23017412347,"C=US, O=Amazon, CN=Amazon RSA 2048 M04"
agilquest-prod.nhlbi.nih.gov,No,Yes,1,1,2026-07-02T15:14:52,2027-01-17T15:13:52,27645255226,"C=US, O=IdenTrust, OU=HydrantID Trusted Certificate Service, CN=HydrantID Server CA O1"
agingresearchbiobank.nia.nih.gov,Yes,Yes,2,1,2026-07-23T03:02:01,2026-10-21T03:02:00,28171389047;28171389877,"C=US, O=Let's Encrypt, CN=YE2"
agm-uat.ncats.nih.gov,Yes,Yes,1,1,2025-11-07T22:14:14,2026-12-07T22:13:14,22294420038,"C=US, O=IdenTrust, OU=HydrantID Trusted Certificate Service, CN=HydrantID Server CA O1"
agm.ncats.nih.gov,Yes,Yes,1,1,2025-09-26T20:30:44,2026-10-26T20:29:44,21297973069,"C=US, O=IdenTrust, OU=HydrantID Trusted Certificate Service, CN=HydrantID Server CA O1"
ags20.od.nih.gov,Yes,Yes,1,1,2026-02-02T19:08:52,2027-03-04T19:07:52,24143936929,"C=US, O=IdenTrust, OU=HydrantID Trusted Certificate Service, CN=HydrantID Server CA O1"
aht-linux-wiki.niaid.nih.gov,Yes,Yes,1,1,2025-09-09T17:17:54,2026-10-09T17:16:54,20902335502,"C=US, O=IdenTrust, OU=HydrantID Trusted Certificate Service, CN=HydrantID Server CA O1"
ai-ahlinuxprd2.niaid.nih.gov,No,Yes,1,1,2025-09-09T17:17:54,2026-10-09T17:16:54,20902335502,"C=US, O=IdenTrust, OU=HydrantID Trusted Certificate Service, CN=HydrantID Server CA O1"
ai-ambisprd5.niaid.nih.gov,No,Yes,1,1,2026-04-30T15:57:52,2026-11-15T15:56:52,26271160033,"C=US, O=IdenTrust, OU=HydrantID Trusted Certificate Service, CN=HydrantID Server CA O1"
ai-ambiswsprd5.niaid.nih.gov,No,Yes,1,1,2026-04-30T15:57:52,2026-11-15T15:56:52,26271160033,"C=US, O=IdenTrust, OU=HydrantID Trusted Certificate Service, CN=HydrantID Server CA O1"
ai-apdapwp1.niaid.nih.gov,Yes,Yes,1,1,2026-04-10T19:59:34,2026-10-26T19:58:34,25743362252,"C=US, O=IdenTrust, OU=HydrantID Trusted Certificate Service, CN=HydrantID Server CA O1"
ai-aperioprd10.niaid.nih.gov,Yes,Yes,1,1,2025-09-26T17:42:22,2026-10-26T17:41:22,21294844993,"C=US, O=IdenTrust, OU=HydrantID Trusted Certificate Service, CN=HydrantID Server CA O1"
ai-aperioprd11.niaid.nih.gov,Yes,Yes,1,1,2026-08-06T22:07:11,2027-02-21T22:06:11,28600929218,"C=US, O=IdenTrust, OU=HydrantID Trusted Certificate Service, CN=HydrantID Server CA O1"
ai-aperioprd12.niaid.nih.gov,Yes,Yes,1,1,2025-09-15T20:20:13,2026-10-15T20:19:13,21041807638,"C=US, O=IdenTrust, OU=HydrantID Trusted Certificate Service, CN=HydrantID Server CA O1"
ai-appaeecprfp1.niaid.nih.gov,No,Yes,1,1,2025-09-23T18:40:43,2026-10-23T18:39:43,21228049818,"C=US, O=IdenTrust, OU=HydrantID Trusted Certificate Service, CN=HydrantID Server CA O1"
ai-appaeecprfp2.niaid.nih.gov,No,Yes,1,1,2025-09-23T18:40:43,2026-10-23T18:39:43,21228049818,"C=US, O=IdenTrust, OU=HydrantID Trusted Certificate Service, CN=HydrantID Server CA O1"
ai-appaeecprfq1.niaid.nih.gov,Yes,Yes,1,1,2025-09-23T18:35:02,2026-10-23T18:34:02,21227944605,"C=US, O=IdenTrust, OU=HydrantID Trusted Certificate Service, CN=HydrantID Server CA O1"
ai-appaeecprfq2.niaid.nih.gov,No,Yes,1,1,2025-09-23T18:35:02,2026-10-23T18:34:02,21227944605,"C=US, O=IdenTrust, OU=HydrantID Trusted Certificate Service, CN=HydrantID Server CA O1"
ai-appaessop3.niaid.nih.gov,No,Yes,1,1,2025-09-16T15:10:21,2026-10-16T15:09:21,21059819821,"C=US, O=IdenTrust, OU=HydrantID Trusted Certificate Service, CN=HydrantID Server CA O1"
ai-appaessoq1.niaid.nih.gov,No,Yes,1,1,2026-08-19T19:54:27,2027-03-06T19:53:27,28856177981,"C=US, O=IdenTrust, OU=HydrantID Trusted Certificate Service, CN=HydrantID Server CA O1"
ai-appaessoq3.niaid.nih.gov,No,Yes,1,1,2025-09-09T13:56:13,2026-10-09T13:55:13,20898459407,"C=US, O=IdenTrust, OU=HydrantID Trusted Certificate Service, CN=HydrantID Server CA O1"
ai-appanepdfp1.niaid.nih.gov,No,Yes,1,1,2025-09-19T16:23:51,2026-10-19T16:22:51,21135718729,"C=US, O=IdenTrust, OU=HydrantID Trusted Certificate Service, CN=HydrantID Server CA O1"
ai-appanepdfp2.niaid.nih.gov,No,Yes,1,1,2025-09-19T16:23:51,2026-10-19T16:22:51,21135718729,"C=US, O=IdenTrust, OU=HydrantID Trusted Certificate Service, CN=HydrantID Server CA O1"
ai-appanepdfq1.niaid.nih.gov,No,Yes,1,1,2025-09-26T13:55:51,2026-10-26T13:54:51,21290663350,"C=US, O=IdenTrust, OU=HydrantID Trusted Certificate Service, CN=HydrantID Server CA O1"
ai-appanepdfq2.niaid.nih.gov,No,Yes,1,1,2025-09-26T13:55:51,2026-10-26T13:54:51,21290663350,"C=US, O=IdenTrust, OU=HydrantID Trusted Certificate Service, CN=HydrantID Server CA O1"
ai-appanssoprd1.niaid.nih.gov,No,Yes,1,1,2026-07-09T18:31:21,2027-01-24T18:30:21,27812203912,"C=US, O=IdenTrust, OU=HydrantID Trusted Certificate Service, CN=HydrantID Server CA O1"
ai-apparc16prd1.niaid.nih.gov,No,Yes,1,1,2026-07-02T19:52:41,2027-01-17T19:51:41,27649794607,"C=US, O=IdenTrust, OU=HydrantID Trusted Certificate Service, CN=HydrantID Server CA O1"
ai-appauthprd5.niaid.nih.gov,Yes,Yes,1,1,2025-09-17T16:06:05,2026-10-17T16:05:05,21088208262,"C=US, O=IdenTrust, OU=HydrantID Trusted Certificate Service, CN=HydrantID Server CA O1"
ai-appibcbbp4.niaid.nih.gov,Yes,Yes,1,1,2026-05-11T20:45:13,2026-11-26T20:44:13,26418276657,"C=US, O=IdenTrust, OU=HydrantID Trusted Certificate Service, CN=HydrantID Server CA O1"
ai-appibcbbp5.niaid.nih.gov,No,Yes,2,1,2026-05-08T18:59:09,2026-11-26T20:44:13,26418276657;26394084874,"C=US, O=IdenTrust, OU=HydrantID Trusted Certificate Service, CN=HydrantID Server CA O1"
ai-appibiobankproprd1.niaid.nih.gov,No,Yes,2,1,2025-09-26T17:21:20,2026-10-26T18:36:19,21294482768;21295816773,"C=US, O=IdenTrust, OU=HydrantID Trusted Certificate Service, CN=HydrantID Server CA O1"
ai-appibomgarprd1.niaid.nih.gov,No,Yes,1,1,2025-10-09T13:35:46,2026-11-08T13:34:46,21600208455,"C=US, O=IdenTrust, OU=HydrantID Trusted Certificate Service, CN=HydrantID Server CA O1"
ai-appidvcprd1.niaid.nih.gov,No,Yes,1,1,2025-10-21T17:35:35,2026-11-20T17:34:35,21890769836,"C=US, O=IdenTrust, OU=HydrantID Trusted Certificate Service, CN=HydrantID Server CA O1"
ai-appigenedataprd2.niaid.nih.gov,No,Yes,1,1,2026-05-26T18:44:30,2026-12-11T18:43:30,26661699753,"C=US, O=IdenTrust, OU=HydrantID Trusted Certificate Service, CN=HydrantID Server CA O1"
ai-appiiiuservprd3.niaid.nih.gov,No,Yes,1,1,2026-01-08T19:00:18,2027-02-07T18:59:18,23638493634,"C=US, O=IdenTrust, OU=HydrantID Trusted Certificate Service, CN=HydrantID Server CA O1"
ai-appimirthp1.niaid.nih.gov,Yes,Yes,1,1,2026-04-06T12:14:33,2026-10-22T12:13:33,25559907973,"C=US, O=IdenTrust, OU=HydrantID Trusted Certificate Service, CN=HydrantID Server CA O1"
ai-appineo4jdev1.niaid.nih.gov,Yes,Yes,1,1,2025-11-26T17:16:01,2026-12-26T17:15:01,22748043360,"C=US, O=IdenTrust, OU=HydrantID Trusted Certificate Service, CN=HydrantID Server CA O1"
ai-appipeaksprd2.niaid.nih.gov,No,Yes,1,1,2026-03-31T17:51:13,2026-10-16T17:50:13,25301713347,"C=US, O=IdenTrust, OU=HydrantID Trusted Certificate Service, CN=HydrantID Server CA O1"
ai-appipeaksprd3.niaid.nih.gov,No,Yes,1,1,2026-06-29T21:21:30,2027-01-14T21:20:30,27577316204,"C=US, O=IdenTrust, OU=HydrantID Trusted Certificate Service, CN=HydrantID Server CA O1"
ai-appisaradev1.niaid.nih.gov,Yes,Yes,1,1,2026-04-28T13:36:53,2026-11-13T13:35:53,26252118271,"C=US, O=IdenTrust, OU=HydrantID Trusted Certificate Service, CN=HydrantID Server CA O1"
ai-appisaraprd1.niaid.nih.gov,No,Yes,1,1,2026-04-28T16:48:01,2026-11-13T16:47:01,26253656830,"C=US, O=IdenTrust, OU=HydrantID Trusted Certificate Service, CN=HydrantID Server CA O1"
ai-appisimaprd1.niaid.nih.gov,No,Yes,2,1,2026-01-07T14:49:57,2027-03-07T20:22:10,23610919970;24209156368,"C=US, O=IdenTrust, OU=HydrantID Trusted Certificate Service, CN=HydrantID Server CA O1"
ai-appissodev4.niaid.nih.gov,No,Yes,1,1,2025-11-20T14:54:47,2026-12-20T14:53:47,22619961757,"C=US, O=IdenTrust, OU=HydrantID Trusted Certificate Service, CN=HydrantID Server CA O1"
ai-appissoprd1.niaid.nih.gov,No,Yes,1,1,2026-04-16T16:27:54,2026-11-01T16:26:54,25932100930,"C=US, O=IdenTrust, OU=HydrantID Trusted Certificate Service, CN=HydrantID Server CA O1"
ai-appissoprd11.niaid.nih.gov,Yes,Yes,2,1,2026-03-24T18:28:46,2026-10-12T01:15:47,25197598948;25243922385,"C=US, O=IdenTrust, OU=HydrantID Trusted Certificate Service, CN=HydrantID Server CA O1"
ai-appissoprd3.niaid.nih.gov,No,Yes,1,1,2026-05-29T14:29:19,2026-12-14T14:28:19,26733877863,"C=US, O=IdenTrust, OU=HydrantID Trusted Certificate Service, CN=HydrantID Server CA O1"
ai-appissoprd4.niaid.nih.gov,Yes,Yes,2,1,2026-07-02T22:34:40,2027-01-20T12:29:47,27708504332;27652467234,"C=US, O=IdenTrust, OU=HydrantID Trusted Certificate Service, CN=HydrantID Server CA O1"
ai-appissoprd6.niaid.nih.gov,Yes,Yes,1,1,2026-08-14T13:55:41,2027-03-01T13:54:41,28798097538,"C=US, O=IdenTrust, OU=HydrantID Trusted Certificate Service, CN=HydrantID Server CA O1"
ai-appissoqa11.niaid.nih.gov,No,Yes,1,1,2026-07-10T22:32:34,2027-01-25T22:31:34,27840998531,"C=US, O=IdenTrust, OU=HydrantID Trusted Certificate Service, CN=HydrantID Server CA O1"
ai-appissoqa3.niaid.nih.gov,Yes,Yes,1,1,2026-05-29T14:27:59,2026-12-14T14:26:59,26733855296,"C=US, O=IdenTrust, OU=HydrantID Trusted Certificate Service, CN=HydrantID Server CA O1"
ai-appissoqa4.niaid.nih.gov,Yes,Yes,1,1,2026-07-01T22:52:23,2027-01-16T22:51:23,27628082370,"C=US, O=IdenTrust, OU=HydrantID Trusted Certificate Service, CN=HydrantID Server CA O1"
ai-appissoqa6.niaid.nih.gov,No,Yes,1,1,2026-07-10T22:32:34,2027-01-25T22:31:34,27840998531,"C=US, O=IdenTrust, OU=HydrantID Trusted Certificate Service, CN=HydrantID Server CA O1"
ai-appissostg4.niaid.nih.gov,No,Yes,1,1,2025-11-20T14:54:47,2026-12-20T14:53:47,22619961757,"C=US, O=IdenTrust, OU=HydrantID Trusted Certificate Service, CN=HydrantID Server CA O1"
ai-appiwashugenprd2.niaid.nih.gov,No,Yes,1,1,2026-05-26T19:41:34,2026-12-11T19:40:34,26662663270,"C=US, O=IdenTrust, OU=HydrantID Trusted Certificate Service, CN=HydrantID Server CA O1"
ai-appiwp12.niaid.nih.gov,Yes,Yes,1,1,2025-09-15T20:25:09,2026-10-15T20:24:09,21041871645,"C=US, O=IdenTrust, OU=HydrantID Trusted Certificate Service, CN=HydrantID Server CA O1"
ai-appiwp13.niaid.nih.gov,No,Yes,1,1,2026-05-29T14:30:19,2026-12-14T14:29:19,26733895066,"C=US, O=IdenTrust, OU=HydrantID Trusted Certificate Service, CN=HydrantID Server CA O1"
ai-appiwq13.niaid.nih.gov,Yes,Yes,1,1,2026-04-10T22:18:56,2026-10-26T22:17:56,25746312952,"C=US, O=IdenTrust, OU=HydrantID Trusted Certificate Service, CN=HydrantID Server CA O1"
ai-appssoprd3.niaid.nih.gov,Yes,Yes,3,1,2025-09-27T05:54:35,2026-11-09T21:41:09,21308528177;21400341999;21631708870,"C=US, O=IdenTrust, OU=HydrantID Trusted Certificate Service, CN=HydrantID Server CA O1"
ai-appssoprd5.niaid.nih.gov,No,Yes,1,1,2026-03-24T14:56:23,2026-10-09T14:55:23,25194401803,"C=US, O=IdenTrust, OU=HydrantID Trusted Certificate Service, CN=HydrantID Server CA O1"
ai-appssoqa5.niaid.nih.gov,Yes,Yes,2,1,2026-02-24T17:43:55,2027-03-29T19:04:15,24621513524;24682297406,"C=US, O=IdenTrust, OU=HydrantID Trusted Certificate Service, CN=HydrantID Server CA O1"
ai-appsssoprd6.niaid.nih.gov,No,Yes,1,1,2026-08-14T13:54:36,2027-03-01T13:53:36,28798092072,"C=US, O=IdenTrust, OU=HydrantID Trusted Certificate Service, CN=HydrantID Server CA O1"
ai-apwprd1.niaid.nih.gov,No,Yes,1,1,2026-02-20T16:39:06,2027-03-22T16:38:06,24537239363,"C=US, O=IdenTrust, OU=HydrantID Trusted Certificate Service, CN=HydrantID Server CA O1"
ai-apwqa1.niaid.nih.gov,No,Yes,1,1,2025-12-16T20:02:22,2027-01-15T20:01:22,23162438282,"C=US, O=IdenTrust, OU=HydrantID Trusted Certificate Service, CN=HydrantID Server CA O1"
ai-artifactoryappdev2.niaid.nih.gov,No,Yes,2,1,2026-05-12T10:59:32,2026-11-27T11:03:58,26422895892;26422879821,"C=US, O=IdenTrust, OU=HydrantID Trusted Certificate Service, CN=HydrantID Server CA O1"
ai-aspsharesdev1.niaid.nih.gov,No,Yes,1,1,2026-06-12T19:07:05,2026-12-28T19:06:05,27131044463,"C=US, O=IdenTrust, OU=HydrantID Trusted Certificate Service, CN=HydrantID Server CA O1"
ai-aspsharesprd1.niaid.nih.gov,No,Yes,2,1,2026-06-12T19:05:02,2026-12-31T18:57:46,27212984661;27131010644,"C=US, O=IdenTrust, OU=HydrantID Trusted Certificate Service, CN=HydrantID Server CA O1"
ai-aspshrdev1.niaid.nih.gov,No,Yes,1,1,2026-06-12T19:07:05,2026-12-28T19:06:05,27131044463,"C=US, O=IdenTrust, OU=HydrantID Trusted Certificate Service, CN=HydrantID Server CA O1"
ai-aspshrprd1.niaid.nih.gov,No,Yes,2,1,2026-06-12T19:05:02,2026-12-31T18:57:46,27212984661;27131010644,"C=US, O=IdenTrust, OU=HydrantID Trusted Certificate Service, CN=HydrantID Server CA O1"
ai-autostorep1.niaid.nih.gov,No,Yes,1,1,2026-04-07T14:06:58,2026-10-23T14:05:58,25611425872,"C=US, O=IdenTrust, OU=HydrantID Trusted Certificate Service, CN=HydrantID Server CA O1"
ai-avidconprd1.niaid.nih.gov,No,Yes,1,1,2026-04-20T14:04:25,2026-11-05T14:03:25,26039720013,"C=US, O=IdenTrust, OU=HydrantID Trusted Certificate Service, CN=HydrantID Server CA O1"
ai-bcbbbtlicp1.niaid.nih.gov,Yes,Yes,1,1,2026-05-27T22:20:07,2026-12-12T22:19:07,26691526580,"C=US, O=IdenTrust, OU=HydrantID Trusted Certificate Service, CN=HydrantID Server CA O1"
ai-bcbblabkdbprd2.niaid.nih.gov,No,Yes,1,1,2026-03-31T20:03:57,2026-10-16T20:02:57,25302791562,"C=US, O=IdenTrust, OU=HydrantID Trusted Certificate Service, CN=HydrantID Server CA O1"
ai-bcbblabkprd2.niaid.nih.gov,No,Yes,1,1,2026-03-31T20:03:57,2026-10-16T20:02:57,25302791562,"C=US, O=IdenTrust, OU=HydrantID Trusted Certificate Service, CN=HydrantID Server CA O1"
ai-biscaspprd1.niaid.nih.gov,No,Yes,1,1,2025-09-26T17:49:56,2026-10-26T17:48:56,21294989293,"C=US, O=IdenTrust, OU=HydrantID Trusted Certificate Service, CN=HydrantID Server CA O1"
ai-bisqlmlp1.niaid.nih.gov,Yes,Yes,1,1,2026-05-27T22:20:48,2026-12-12T22:19:48,26691530782,"C=US, O=IdenTrust, OU=HydrantID Trusted Certificate Service, CN=HydrantID Server CA O1"
ai-bpedrmsdev11.niaid.nih.gov,Yes,Yes,1,1,2025-10-21T20:21:48,2026-11-20T20:20:48,21894079313,"C=US, O=IdenTrust, OU=HydrantID Trusted Certificate Service, CN=HydrantID Server CA O1"
ai-bpm19dev1.niaid.nih.gov,No,Yes,2,1,2026-05-08T17:00:06,2026-12-07T16:18:08,26553991792;26393380032,"C=US, O=IdenTrust, OU=HydrantID Trusted Certificate Service, CN=HydrantID Server CA O1"
ai-bpm19prd1.niaid.nih.gov,No,Yes,1,1,2025-09-29T19:53:13,2026-10-29T19:52:13,21353874944,"C=US, O=IdenTrust, OU=HydrantID Trusted Certificate Service, CN=HydrantID Server CA O1"
ai-bpm19prd2.niaid.nih.gov,No,Yes,1,1,2025-09-29T19:53:13,2026-10-29T19:52:13,21353874944,"C=US, O=IdenTrust, OU=HydrantID Trusted Certificate Service, CN=HydrantID Server CA O1"
ai-bpm19qa1.niaid.nih.gov,No,Yes,2,1,2025-10-06T20:22:51,2026-11-06T01:02:19,21533856641;21529084167,"C=US, O=IdenTrust, OU=HydrantID Trusted Certificate Service, CN=HydrantID Server CA O1"
ai-bpm19qa2.niaid.nih.gov,No,Yes,3,1,2025-10-02T16:38:22,2026-11-06T01:02:19,21533856641;21423057584;21529084167,"C=US, O=IdenTrust, OU=HydrantID Trusted Certificate Service, CN=HydrantID Server CA O1"
ai-bpmsvnprd2.niaid.nih.gov,Yes,Yes,2,1,2026-04-03T13:41:17,2026-10-19T20:11:44,25431042381;25416849181,"C=US, O=IdenTrust, OU=HydrantID Trusted Certificate Service, CN=HydrantID Server CA O1"
ai-cibfrzwkdev7.niaid.nih.gov,No,Yes,1,1,2026-06-02T19:12:03,2026-12-18T19:11:03,26835147855,"C=US, O=IdenTrust, OU=HydrantID Trusted Certificate Service, CN=HydrantID Server CA O1"
ai-cibfrzwkprd7.niaid.nih.gov,No,Yes,1,1,2026-07-30T18:34:16,2027-02-14T18:33:16,28386874809,"C=US, O=IdenTrust, OU=HydrantID Trusted Certificate Service, CN=HydrantID Server CA O1"
ai-cibfrzwkqa7.niaid.nih.gov,No,Yes,1,1,2026-07-15T13:38:37,2027-01-30T13:37:37,27954537935,"C=US, O=IdenTrust, OU=HydrantID Trusted Certificate Service, CN=HydrantID Server CA O1"
ai-ciena-vip.niaid.nih.gov,Yes,Yes,1,1,2025-11-13T15:22:37,2026-12-13T15:21:37,22441722962,"C=US, O=IdenTrust, OU=HydrantID Trusted Certificate Service, CN=HydrantID Server CA O1"
ai-cienaappprd1.niaid.nih.gov,No,Yes,1,1,2025-11-13T15:22:37,2026-12-13T15:21:37,22441722962,"C=US, O=IdenTrust, OU=HydrantID Trusted Certificate Service, CN=HydrantID Server CA O1"
ai-cienaappprd2.niaid.nih.gov,No,Yes,1,1,2025-11-13T15:22:37,2026-12-13T15:21:37,22441722962,"C=US, O=IdenTrust, OU=HydrantID Trusted Certificate Service, CN=HydrantID Server CA O1"
ai-cienaappprd3.niaid.nih.gov,No,Yes,1,1,2025-11-13T15:22:37,2026-12-13T15:21:37,22441722962,"C=US, O=IdenTrust, OU=HydrantID Trusted Certificate Service, CN=HydrantID Server CA O1"
ai-cienamcp-vip.niaid.nih.gov,No,Yes,1,1,2025-11-13T15:22:37,2026-12-13T15:21:37,22441722962,"C=US, O=IdenTrust, OU=HydrantID Trusted Certificate Service, CN=HydrantID Server CA O1"
ai-cienamcp1.niaid.nih.gov,No,Yes,1,1,2025-11-13T15:22:37,2026-12-13T15:21:37,22441722962,"C=US, O=IdenTrust, OU=HydrantID Trusted Certificate Service, CN=HydrantID Server CA O1"
ai-cienamcp2.niaid.nih.gov,No,Yes,1,1,2025-11-13T15:22:37,2026-12-13T15:21:37,22441722962,"C=US, O=IdenTrust, OU=HydrantID Trusted Certificate Service, CN=HydrantID Server CA O1"
ai-cienamcp3.niaid.nih.gov,No,Yes,1,1,2025-11-13T15:22:37,2026-12-13T15:21:37,22441722962,"C=US, O=IdenTrust, OU=HydrantID Trusted Certificate Service, CN=HydrantID Server CA O1"
ai-clinregsappprd3.niaid.nih.gov,No,Yes,1,1,2025-09-29T14:36:06,2026-10-29T14:35:06,21348942805,"C=US, O=IdenTrust, OU=HydrantID Trusted Certificate Service, CN=HydrantID Server CA O1"
ai-clinregsappqa3.niaid.nih.gov,No,Yes,1,1,2025-09-26T19:00:46,2026-10-26T18:59:46,21296265412,"C=US, O=IdenTrust, OU=HydrantID Trusted Certificate Service, CN=HydrantID Server CA O1"
ai-columbusprd1.niaid.nih.gov,No,Yes,1,1,2026-01-08T16:45:58,2027-02-07T16:44:58,23636279184,"C=US, O=IdenTrust, OU=HydrantID Trusted Certificate Service, CN=HydrantID Server CA O1"
ai-cs16admdev1.niaid.nih.gov,No,Yes,1,1,2025-10-30T20:37:18,2026-11-29T20:36:18,22108664794,"C=US, O=IdenTrust, OU=HydrantID Trusted Certificate Service, CN=HydrantID Server CA O1"
ai-cs16admprd1.niaid.nih.gov,No,Yes,2,1,2025-10-02T15:54:05,2026-11-07T22:14:52,21582840129;21422326154,"C=US, O=IdenTrust, OU=HydrantID Trusted Certificate Service, CN=HydrantID Server CA O1"
ai-cs16admqa1.niaid.nih.gov,No,Yes,1,1,2025-10-30T21:18:15,2026-11-29T21:17:15,22109076955,"C=US, O=IdenTrust, OU=HydrantID Trusted Certificate Service, CN=HydrantID Server CA O1"
ai-cs16inddev1.niaid.nih.gov,No,Yes,1,1,2025-10-30T20:37:18,2026-11-29T20:36:18,22108664794,"C=US, O=IdenTrust, OU=HydrantID Trusted Certificate Service, CN=HydrantID Server CA O1"
ai-cs16inddev2.niaid.nih.gov,No,Yes,1,1,2025-10-30T20:37:18,2026-11-29T20:36:18,22108664794,"C=US, O=IdenTrust, OU=HydrantID Trusted Certificate Service, CN=HydrantID Server CA O1"
ai-cs16indprd1.niaid.nih.gov,No,Yes,2,1,2025-10-02T15:54:05,2026-11-07T22:14:52,21582840129;21422326154,"C=US, O=IdenTrust, OU=HydrantID Trusted Certificate Service, CN=HydrantID Server CA O1"
ai-cs16indprd2.niaid.nih.gov,No,Yes,2,1,2025-10-02T15:54:05,2026-11-07T22:14:52,21582840129;21422326154,"C=US, O=IdenTrust, OU=HydrantID Trusted Certificate Service, CN=HydrantID Server CA O1"
ai-cs16indqa1.niaid.nih.gov,No,Yes,1,1,2025-10-30T21:18:15,2026-11-29T21:17:15,22109076955,"C=US, O=IdenTrust, OU=HydrantID Trusted Certificate Service, CN=HydrantID Server CA O1"
ai-cs16indqa2.niaid.nih.gov,No,Yes,1,1,2025-10-30T21:18:15,2026-11-29T21:17:15,22109076955,"C=US, O=IdenTrust, OU=HydrantID Trusted Certificate Service, CN=HydrantID Server CA O1"
ai-cs16utlprd1.niaid.nih.gov,Yes,Yes,1,1,2026-01-06T14:42:31,2027-02-05T14:41:31,23589139594,"C=US, O=IdenTrust, OU=HydrantID Trusted Certificate Service, CN=HydrantID Server CA O1"
ai-cs16webdev1.niaid.nih.gov,No,Yes,1,1,2025-10-30T20:37:18,2026-11-29T20:36:18,22108664794,"C=US, O=IdenTrust, OU=HydrantID Trusted Certificate Service, CN=HydrantID Server CA O1"
ai-cs16webdev2.niaid.nih.gov,No,Yes,1,1,2025-10-30T20:37:18,2026-11-29T20:36:18,22108664794,"C=US, O=IdenTrust, OU=HydrantID Trusted Certificate Service, CN=HydrantID Server CA O1"
ai-cs16webprd1.niaid.nih.gov,No,Yes,2,1,2025-10-02T15:54:05,2026-11-07T22:14:52,21582840129;21422326154,"C=US, O=IdenTrust, OU=HydrantID Trusted Certificate Service, CN=HydrantID Server CA O1"
ai-cs16webprd2.niaid.nih.gov,No,Yes,2,1,2025-10-02T15:54:05,2026-11-07T22:14:52,21582840129;21422326154,"C=US, O=IdenTrust, OU=HydrantID Trusted Certificate Service, CN=HydrantID Server CA O1"
ai-cs16webprd3.niaid.nih.gov,No,Yes,2,1,2025-10-02T15:54:05,2026-11-07T22:14:52,21582840129;21422326154,"C=US, O=IdenTrust, OU=HydrantID Trusted Certificate Service, CN=HydrantID Server CA O1"
ai-cs16webprd4.niaid.nih.gov,No,Yes,2,1,2025-10-02T15:54:05,2026-11-07T22:14:52,21582840129;21422326154,"C=US, O=IdenTrust, OU=HydrantID Trusted Certificate Service, CN=HydrantID Server CA O1"
ai-cs16webqa1.niaid.nih.gov,No,Yes,1,1,2025-10-30T21:18:15,2026-11-29T21:17:15,22109076955,"C=US, O=IdenTrust, OU=HydrantID Trusted Certificate Service, CN=HydrantID Server CA O1"
ai-cs16webqa2.niaid.nih.gov,No,Yes,1,1,2025-10-30T21:18:15,2026-11-29T21:17:15,22109076955,"C=US, O=IdenTrust, OU=HydrantID Trusted Certificate Service, CN=HydrantID Server CA O1"
ai-csqaadmq1.niaid.nih.gov,No,Yes,2,1,2025-11-03T18:02:56,2027-02-12T22:32:22,28332908659;22183752092,"C=US, O=IdenTrust, OU=HydrantID Trusted Certificate Service, CN=HydrantID Server CA O1"
ai-csqaindq1.niaid.nih.gov,No,Yes,2,1,2025-11-03T18:02:56,2027-02-12T22:32:22,28332908659;22183752092,"C=US, O=IdenTrust, OU=HydrantID Trusted Certificate Service, CN=HydrantID Server CA O1"
ai-csqaindq2.niaid.nih.gov,No,Yes,2,1,2025-11-03T18:02:56,2027-02-12T22:32:22,28332908659;22183752092,"C=US, O=IdenTrust, OU=HydrantID Trusted Certificate Service, CN=HydrantID Server CA O1"
ai-csqaodsq1.niaid.nih.gov,No,Yes,1,1,2025-10-21T14:06:03,2026-11-20T14:05:03,21886364310,"C=US, O=IdenTrust, OU=HydrantID Trusted Certificate Service, CN=HydrantID Server CA O1"
ai-csqaodsq2.niaid.nih.gov,No,Yes,1,1,2025-10-21T14:06:03,2026-11-20T14:05:03,21886364310,"C=US, O=IdenTrust, OU=HydrantID Trusted Certificate Service, CN=HydrantID Server CA O1"
ai-csqawebq1.niaid.nih.gov,No,Yes,2,1,2025-11-03T18:02:56,2027-02-12T22:32:22,28332908659;22183752092,"C=US, O=IdenTrust, OU=HydrantID Trusted Certificate Service, CN=HydrantID Server CA O1"
ai-csqawebq2.niaid.nih.gov,No,Yes,2,1,2025-11-03T18:02:56,2027-02-12T22:32:22,28332908659;22183752092,"C=US, O=IdenTrust, OU=HydrantID Trusted Certificate Service, CN=HydrantID Server CA O1"
ai-csqawebq3.niaid.nih.gov,No,Yes,1,1,2026-07-28T22:33:22,2027-02-12T22:32:22,28332908659,"C=US, O=IdenTrust, OU=HydrantID Trusted Certificate Service, CN=HydrantID Server CA O1"
ai-cstprd1.niaid.nih.gov,No,Yes,2,1,2025-11-20T14:52:24,2027-01-24T18:26:51,22619928469;27812145816,"C=US, O=IdenTrust, OU=HydrantID Trusted Certificate Service, CN=HydrantID Server CA O1"
ai-cstprd2.niaid.nih.gov,No,Yes,2,1,2025-11-20T14:52:24,2027-01-24T18:26:51,22619928469;27812145816,"C=US, O=IdenTrust, OU=HydrantID Trusted Certificate Service, CN=HydrantID Server CA O1"
ai-cstqa1.niaid.nih.gov,No,Yes,2,1,2025-11-20T14:54:47,2027-01-24T18:25:11,22619961757;27812108253,"C=US, O=IdenTrust, OU=HydrantID Trusted Certificate Service, CN=HydrantID Server CA O1"
ai-cstqa2.niaid.nih.gov,No,Yes,2,1,2025-11-20T14:54:47,2027-01-24T18:25:11,22619961757;27812108253,"C=US, O=IdenTrust, OU=HydrantID Trusted Certificate Service, CN=HydrantID Server CA O1"
ai-csvwebprd1.niaid.nih.gov,No,Yes,1,1,2025-09-18T16:11:45,2026-10-18T16:10:45,21111567868,"C=US, O=IdenTrust, OU=HydrantID Trusted Certificate Service, CN=HydrantID Server CA O1"
ai-csxdevadmd1.niaid.nih.gov,No,Yes,1,1,2026-03-27T21:51:42,2026-10-12T21:50:42,25261126075,"C=US, O=IdenTrust, OU=HydrantID Trusted Certificate Service, CN=HydrantID Server CA O1"
ai-csxdevindd1.niaid.nih.gov,No,Yes,1,1,2026-03-27T21:51:42,2026-10-12T21:50:42,25261126075,"C=US, O=IdenTrust, OU=HydrantID Trusted Certificate Service, CN=HydrantID Server CA O1"
ai-csxdevindd2.niaid.nih.gov,No,Yes,1,1,2026-03-27T21:51:42,2026-10-12T21:50:42,25261126075,"C=US, O=IdenTrust, OU=HydrantID Trusted Certificate Service, CN=HydrantID Server CA O1"
ai-csxdevodsd1.niaid.nih.gov,No,Yes,2,1,2026-03-27T18:33:34,2026-10-29T20:18:36,25833949379;25258605689,"C=US, O=IdenTrust, OU=HydrantID Trusted Certificate Service, CN=HydrantID Server CA O1"
ai-csxdevodsd2.niaid.nih.gov,No,Yes,2,1,2026-03-27T18:33:34,2026-10-29T20:18:36,25833949379;25258605689,"C=US, O=IdenTrust, OU=HydrantID Trusted Certificate Service, CN=HydrantID Server CA O1"
ai-csxdevwebd1.niaid.nih.gov,No,Yes,1,1,2026-03-27T21:51:42,2026-10-12T21:50:42,25261126075,"C=US, O=IdenTrust, OU=HydrantID Trusted Certificate Service, CN=HydrantID Server CA O1"
ai-csxdevwebd2.niaid.nih.gov,No,Yes,1,1,2026-03-27T21:51:42,2026-10-12T21:50:42,25261126075,"C=US, O=IdenTrust, OU=HydrantID Trusted Certificate Service, CN=HydrantID Server CA O1"
ai-cxl7-19-p1.niaid.nih.gov,No,Yes,1,1,2026-05-05T14:40:21,2026-11-20T14:39:21,26356900480,"C=US, O=IdenTrust, OU=HydrantID Trusted Certificate Service, CN=HydrantID Server CA O1"
ai-datafaxdev3.niaid.nih.gov,Yes,Yes,1,1,2025-10-09T15:40:58,2026-11-08T15:39:58,21602786672,"C=US, O=IdenTrust, OU=HydrantID Trusted Certificate Service, CN=HydrantID Server CA O1"
ai-datafaxqa3.niaid.nih.gov,Yes,Yes,1,1,2025-10-09T15:52:28,2026-11-08T15:51:28,21603040386,"C=US, O=IdenTrust, OU=HydrantID Trusted Certificate Service, CN=HydrantID Server CA O1"
ai-dfdiscoverdev1.niaid.nih.gov,Yes,Yes,1,1,2026-05-05T14:26:18,2026-11-20T14:25:18,26356629079,"C=US, O=IdenTrust, OU=HydrantID Trusted Certificate Service, CN=HydrantID Server CA O1"
ai-dfdiscoverprd1.niaid.nih.gov,No,Yes,2,1,2026-07-14T17:08:05,2027-01-29T18:19:16,27931643861;27932975340,"C=US, O=IdenTrust, OU=HydrantID Trusted Certificate Service, CN=HydrantID Server CA O1"
ai-dfdiscoverqa1.niaid.nih.gov,No,Yes,4,1,2026-05-19T17:24:47,2026-12-11T18:21:23,26661323788;26503854872;26660920097;26660926401,"C=US, O=IdenTrust, OU=HydrantID Trusted Certificate Service, CN=HydrantID Server CA O1"
ai-dmztabprd3.niaid.nih.gov,No,Yes,1,1,2025-09-27T02:38:43,2026-10-27T02:37:43,21304866442,"C=US, O=IdenTrust, OU=HydrantID Trusted Certificate Service, CN=HydrantID Server CA O1"
ai-dmztabqa1.niaid.nih.gov,No,Yes,1,1,2025-11-26T03:54:03,2026-12-26T03:53:03,22736969630,"C=US, O=IdenTrust, OU=HydrantID Trusted Certificate Service, CN=HydrantID Server CA O1"
ai-ecpsextq1.niaid.nih.gov,No,Yes,1,1,2026-07-30T19:06:05,2027-02-14T19:05:05,28387504844,"C=US, O=IdenTrust, OU=HydrantID Trusted Certificate Service, CN=HydrantID Server CA O1"
ai-ecpsextq2.niaid.nih.gov,No,Yes,1,1,2026-07-30T19:06:05,2027-02-14T19:05:05,28387504844,"C=US, O=IdenTrust, OU=HydrantID Trusted Certificate Service, CN=HydrantID Server CA O1"
ai-ecpsintq1.niaid.nih.gov,No,Yes,1,1,2026-07-30T19:00:04,2027-02-14T18:59:04,28387399868,"C=US, O=IdenTrust, OU=HydrantID Trusted Certificate Service, CN=HydrantID Server CA O1"
ai-ecpsintq2.niaid.nih.gov,No,Yes,1,1,2026-07-30T19:00:04,2027-02-14T18:59:04,28387399868,"C=US, O=IdenTrust, OU=HydrantID Trusted Certificate Service, CN=HydrantID Server CA O1"
ai-erssextprd1.niaid.nih.gov,No,Yes,1,1,2026-08-11T13:56:48,2027-02-26T13:55:48,28741547405,"C=US, O=IdenTrust, OU=HydrantID Trusted Certificate Service, CN=HydrantID Server CA O1"
ai-erssextprd2.niaid.nih.gov,No,Yes,1,1,2026-08-11T13:56:48,2027-02-26T13:55:48,28741547405,"C=US, O=IdenTrust, OU=HydrantID Trusted Certificate Service, CN=HydrantID Server CA O1"
ai-erssextqa1.niaid.nih.gov,No,Yes,1,1,2026-04-16T16:31:09,2026-11-01T16:30:09,25932204130,"C=US, O=IdenTrust, OU=HydrantID Trusted Certificate Service, CN=HydrantID Server CA O1"
ai-erssextqa2.niaid.nih.gov,No,Yes,1,1,2026-04-16T16:31:09,2026-11-01T16:30:09,25932204130,"C=US, O=IdenTrust, OU=HydrantID Trusted Certificate Service, CN=HydrantID Server CA O1"
ai-erssintprd1.niaid.nih.gov,No,Yes,1,1,2026-08-11T13:55:06,2027-02-26T13:54:06,28741524568,"C=US, O=IdenTrust, OU=HydrantID Trusted Certificate Service, CN=HydrantID Server CA O1"
ai-erssintprd2.niaid.nih.gov,No,Yes,1,1,2026-08-11T13:55:06,2027-02-26T13:54:06,28741524568,"C=US, O=IdenTrust, OU=HydrantID Trusted Certificate Service, CN=HydrantID Server CA O1"
ai-erssintqa1.niaid.nih.gov,No,Yes,1,1,2026-04-16T16:33:23,2026-11-01T16:32:23,25932251795,"C=US, O=IdenTrust, OU=HydrantID Trusted Certificate Service, CN=HydrantID Server CA O1"
ai-erssintqa2.niaid.nih.gov,No,Yes,1,1,2026-04-16T16:33:23,2026-11-01T16:32:23,25932251795,"C=US, O=IdenTrust, OU=HydrantID Trusted Certificate Service, CN=HydrantID Server CA O1"
ai-erssvitep1.niaid.nih.gov,No,Yes,1,1,2026-04-07T14:00:57,2026-10-23T13:59:57,25611233566,"C=US, O=IdenTrust, OU=HydrantID Trusted Certificate Service, CN=HydrantID Server CA O1"
ai-erssviteq1.niaid.nih.gov,No,Yes,1,1,2025-11-03T20:27:31,2026-12-03T20:26:31,22185722224,"C=US, O=IdenTrust, OU=HydrantID Trusted Certificate Service, CN=HydrantID Server CA O1"
ai-erssvitip1.niaid.nih.gov,No,Yes,1,1,2026-04-01T17:42:56,2026-10-17T17:41:56,25315351576,"C=US, O=IdenTrust, OU=HydrantID Trusted Certificate Service, CN=HydrantID Server CA O1"
ai-erssvitiq1.niaid.nih.gov,No,Yes,1,1,2025-11-03T20:20:34,2026-12-03T20:19:34,22185575744,"C=US, O=IdenTrust, OU=HydrantID Trusted Certificate Service, CN=HydrantID Server CA O1"
ai-erssvitred22.niaid.nih.gov,Yes,Yes,1,1,2025-10-30T14:53:57,2026-11-29T14:52:57,22104486532,"C=US, O=IdenTrust, OU=HydrantID Trusted Certificate Service, CN=HydrantID Server CA O1"
ai-esscsadmdev1.niaid.nih.gov,No,Yes,2,1,2026-05-05T14:07:22,2026-12-27T14:04:36,27089439309;26356316198,"C=US, O=IdenTrust, OU=HydrantID Trusted Certificate Service, CN=HydrantID Server CA O1"
ai-esscsadmprd1.niaid.nih.gov,No,Yes,1,1,2026-05-07T13:46:01,2026-11-22T13:45:01,26383191444,"C=US, O=IdenTrust, OU=HydrantID Trusted Certificate Service, CN=HydrantID Server CA O1"
ai-esscsadmqa1.niaid.nih.gov,No,Yes,1,1,2026-04-28T12:38:15,2026-11-13T12:37:15,26251764462,"C=US, O=IdenTrust, OU=HydrantID Trusted Certificate Service, CN=HydrantID Server CA O1"
ai-esscsinddev1.niaid.nih.gov,No,Yes,2,1,2026-05-05T14:07:22,2026-12-27T14:04:36,27089439309;26356316198,"C=US, O=IdenTrust, OU=HydrantID Trusted Certificate Service, CN=HydrantID Server CA O1"
ai-esscsindprd1.niaid.nih.gov,No,Yes,1,1,2026-05-07T13:46:01,2026-11-22T13:45:01,26383191444,"C=US, O=IdenTrust, OU=HydrantID Trusted Certificate Service, CN=HydrantID Server CA O1"
ai-esscsindqa1.niaid.nih.gov,No,Yes,1,1,2026-04-28T12:38:15,2026-11-13T12:37:15,26251764462,"C=US, O=IdenTrust, OU=HydrantID Trusted Certificate Service, CN=HydrantID Server CA O1"
ai-esscswebdev1.niaid.nih.gov,No,Yes,2,1,2026-05-05T14:07:22,2026-12-27T14:04:36,27089439309;26356316198,"C=US, O=IdenTrust, OU=HydrantID Trusted Certificate Service, CN=HydrantID Server CA O1"
ai-esscswebdev2.niaid.nih.gov,No,Yes,2,1,2026-05-05T14:07:22,2026-12-27T14:04:36,27089439309;26356316198,"C=US, O=IdenTrust, OU=HydrantID Trusted Certificate Service, CN=HydrantID Server CA O1"
ai-esscswebprd1.niaid.nih.gov,No,Yes,1,1,2026-05-07T13:46:01,2026-11-22T13:45:01,26383191444,"C=US, O=IdenTrust, OU=HydrantID Trusted Certificate Service, CN=HydrantID Server CA O1"
ai-esscswebprd2.niaid.nih.gov,No,Yes,1,1,2026-05-07T13:46:01,2026-11-22T13:45:01,26383191444,"C=US, O=IdenTrust, OU=HydrantID Trusted Certificate Service, CN=HydrantID Server CA O1"
ai-esscswebqa1.niaid.nih.gov,No,Yes,1,1,2026-04-28T12:38:15,2026-11-13T12:37:15,26251764462,"C=US, O=IdenTrust, OU=HydrantID Trusted Certificate Service, CN=HydrantID Server CA O1"
ai-esscswebqa2.niaid.nih.gov,No,Yes,1,1,2026-04-28T12:38:15,2026-11-13T12:37:15,26251764462,"C=US, O=IdenTrust, OU=HydrantID Trusted Certificate Service, CN=HydrantID Server CA O1"
ai-essmotd1.niaid.nih.gov,No,Yes,1,1,2025-10-20T15:39:06,2026-11-19T15:38:06,21857173915,"C=US, O=IdenTrust, OU=HydrantID Trusted Certificate Service, CN=HydrantID Server CA O1"
ai-freezerdev7.niaid.nih.gov,No,Yes,2,1,2026-04-16T16:42:28,2026-12-18T19:11:03,26835147855;25932422088,"C=US, O=IdenTrust, OU=HydrantID Trusted Certificate Service, CN=HydrantID Server CA O1"
ai-freezerprd7.niaid.nih.gov,No,Yes,1,1,2026-07-30T18:34:16,2027-02-14T18:33:16,28386874809,"C=US, O=IdenTrust, OU=HydrantID Trusted Certificate Service, CN=HydrantID Server CA O1"
ai-freezerprd8.niaid.nih.gov,No,Yes,1,1,2025-09-26T17:38:15,2026-10-26T17:37:15,21294773552,"C=US, O=IdenTrust, OU=HydrantID Trusted Certificate Service, CN=HydrantID Server CA O1"
ai-freezerqa7.niaid.nih.gov,No,Yes,1,1,2026-07-15T13:38:37,2027-01-30T13:37:37,27954537935,"C=US, O=IdenTrust, OU=HydrantID Trusted Certificate Service, CN=HydrantID Server CA O1"
ai-frzrpro7dev1.niaid.nih.gov,No,Yes,1,1,2026-07-09T13:25:59,2027-01-24T13:24:59,27806772755,"C=US, O=IdenTrust, OU=HydrantID Trusted Certificate Service, CN=HydrantID Server CA O1"
ai-frzrpro7prd1.niaid.nih.gov,No,Yes,1,1,2026-07-09T13:31:30,2027-01-24T13:30:30,27806866096,"C=US, O=IdenTrust, OU=HydrantID Trusted Certificate Service, CN=HydrantID Server CA O1"
ai-gheprd1.niaid.nih.gov,No,Yes,1,1,2026-08-10T13:52:40,2027-02-25T13:51:40,28707787593,"C=US, O=IdenTrust, OU=HydrantID Trusted Certificate Service, CN=HydrantID Server CA O1"
ai-gocdmasterprd1.niaid.nih.gov,No,Yes,1,1,2025-09-15T11:52:03,2026-10-15T11:51:03,21033635778,"C=US, O=IdenTrust, OU=HydrantID Trusted Certificate Service, CN=HydrantID Server CA O1"
ai-grisappdev3.niaid.nih.gov,No,Yes,1,1,2025-09-29T15:10:10,2026-10-29T15:09:10,21349460277,"C=US, O=IdenTrust, OU=HydrantID Trusted Certificate Service, CN=HydrantID Server CA O1"
ai-grisappdev4.niaid.nih.gov,No,Yes,1,1,2025-09-29T15:10:10,2026-10-29T15:09:10,21349460277,"C=US, O=IdenTrust, OU=HydrantID Trusted Certificate Service, CN=HydrantID Server CA O1"
ai-grisappprd2.niaid.nih.gov,No,Yes,1,1,2025-11-03T17:39:40,2026-12-03T17:38:40,22183473040,"C=US, O=IdenTrust, OU=HydrantID Trusted Certificate Service, CN=HydrantID Server CA O1"
ai-grisappprd3.niaid.nih.gov,No,Yes,1,1,2025-11-03T17:39:40,2026-12-03T17:38:40,22183473040,"C=US, O=IdenTrust, OU=HydrantID Trusted Certificate Service, CN=HydrantID Server CA O1"
ai-grisappprd6.niaid.nih.gov,No,Yes,1,1,2025-11-03T17:39:40,2026-12-03T17:38:40,22183473040,"C=US, O=IdenTrust, OU=HydrantID Trusted Certificate Service, CN=HydrantID Server CA O1"
ai-grisappqa1.niaid.nih.gov,No,Yes,1,1,2026-07-28T17:32:57,2027-02-12T17:31:57,28326763069,"C=US, O=IdenTrust, OU=HydrantID Trusted Certificate Service, CN=HydrantID Server CA O1"
ai-grisappqa3.niaid.nih.gov,No,Yes,1,1,2026-07-28T17:32:57,2027-02-12T17:31:57,28326763069,"C=US, O=IdenTrust, OU=HydrantID Trusted Certificate Service, CN=HydrantID Server CA O1"
ai-grisdbdev3.niaid.nih.gov,No,Yes,1,1,2025-09-29T15:10:10,2026-10-29T15:09:10,21349460277,"C=US, O=IdenTrust, OU=HydrantID Trusted Certificate Service, CN=HydrantID Server CA O1"
ai-grisdbdev4.niaid.nih.gov,No,Yes,1,1,2025-09-29T15:10:10,2026-10-29T15:09:10,21349460277,"C=US, O=IdenTrust, OU=HydrantID Trusted Certificate Service, CN=HydrantID Server CA O1"
ai-grisdbprd2.niaid.nih.gov,No,Yes,1,1,2025-11-03T17:39:40,2026-12-03T17:38:40,22183473040,"C=US, O=IdenTrust, OU=HydrantID Trusted Certificate Service, CN=HydrantID Server CA O1"
ai-grisdbprd6.niaid.nih.gov,No,Yes,1,1,2025-11-03T17:39:40,2026-12-03T17:38:40,22183473040,"C=US, O=IdenTrust, OU=HydrantID Trusted Certificate Service, CN=HydrantID Server CA O1"
ai-grisdbqa1.niaid.nih.gov,No,Yes,1,1,2026-07-28T17:32:57,2027-02-12T17:31:57,28326763069,"C=US, O=IdenTrust, OU=HydrantID Trusted Certificate Service, CN=HydrantID Server CA O1"
ai-grisdbqa3.niaid.nih.gov,No,Yes,1,1,2026-07-28T17:32:57,2027-02-12T17:31:57,28326763069,"C=US, O=IdenTrust, OU=HydrantID Trusted Certificate Service, CN=HydrantID Server CA O1"
ai-hedwigapip2.niaid.nih.gov,No,Yes,1,1,2025-09-24T14:12:22,2026-10-24T14:11:22,21247773093,"C=US, O=IdenTrust, OU=HydrantID Trusted Certificate Service, CN=HydrantID Server CA O1"
ai-imageprd02.niaid.nih.gov,Yes,Yes,1,1,2025-10-22T21:26:51,2026-11-21T21:25:51,21923262075,"C=US, O=IdenTrust, OU=HydrantID Trusted Certificate Service, CN=HydrantID Server CA O1"
ai-immpasperaprd1.niaid.nih.gov,No,Yes,3,1,2026-07-13T18:46:07,2027-02-01T15:03:54,28014336421;28014196875;27905691489,"C=US, O=IdenTrust, OU=HydrantID Trusted Certificate Service, CN=HydrantID Server CA O1"
ai-immpdatamgtprd1.niaid.nih.gov,No,Yes,2,1,2026-03-26T19:25:12,2026-10-12T21:57:44,25239201090;25261199661,"C=US, O=IdenTrust, OU=HydrantID Trusted Certificate Service, CN=HydrantID Server CA O1"
ai-immpdatasubprd1.niaid.nih.gov,No,Yes,3,1,2026-03-26T19:35:57,2027-01-28T17:48:54,25239338097;27904676839;25261207793,"C=US, O=IdenTrust, OU=HydrantID Trusted Certificate Service, CN=HydrantID Server CA O1"
ai-immpdatasubqa1.niaid.nih.gov,No,Yes,2,1,2026-06-26T19:51:48,2027-01-15T19:48:56,27507323285;27600510129,"C=US, O=IdenTrust, OU=HydrantID Trusted Certificate Service, CN=HydrantID Server CA O1"
ai-immpdatauplprd1.niaid.nih.gov,No,Yes,3,1,2026-03-26T19:41:38,2027-01-28T17:50:42,27904720029;25239407756;25261234326,"C=US, O=IdenTrust, OU=HydrantID Trusted Certificate Service, CN=HydrantID Server CA O1"
ai-immpdatauplqa1.niaid.nih.gov,No,Yes,1,1,2026-06-26T19:55:35,2027-01-11T19:54:35,27507386308,"C=US, O=IdenTrust, OU=HydrantID Trusted Certificate Service, CN=HydrantID Server CA O1"
ai-immpusradmprd1.niaid.nih.gov,No,Yes,1,1,2026-03-27T22:05:17,2026-10-12T22:04:17,25261274673,"C=US, O=IdenTrust, OU=HydrantID Trusted Certificate Service, CN=HydrantID Server CA O1"
ai-immpusradmqa1.niaid.nih.gov,No,Yes,3,1,2026-05-12T14:05:51,2027-01-15T20:55:09,26424054690;27601627968;26423985152,"C=US, O=IdenTrust, OU=HydrantID Trusted Certificate Service, CN=HydrantID Server CA O1"
ai-immpusrmgtqa1.niaid.nih.gov,No,Yes,2,1,2026-06-26T19:50:26,2027-01-15T20:55:09,27507305632;27601627968,"C=US, O=IdenTrust, OU=HydrantID Trusted Certificate Service, CN=HydrantID Server CA O1"
ai-keyservprd2.niaid.nih.gov,No,Yes,1,1,2026-01-08T16:48:18,2027-02-07T16:47:18,23636310761,"C=US, O=IdenTrust, OU=HydrantID Trusted Certificate Service, CN=HydrantID Server CA O1"
ai-labkeyprd2.niaid.nih.gov,No,Yes,1,1,2026-04-28T12:30:23,2026-11-13T12:29:23,26251682668,"C=US, O=IdenTrust, OU=HydrantID Trusted Certificate Service, CN=HydrantID Server CA O1"
ai-lucullusp1.niaid.nih.gov,Yes,Yes,1,1,2026-01-07T16:02:20,2027-02-06T16:01:20,23611985518,"C=US, O=IdenTrust, OU=HydrantID Trusted Certificate Service, CN=HydrantID Server CA O1"
ai-mobprxprd1.niaid.nih.gov,No,Yes,1,1,2026-07-20T17:12:19,2027-02-04T17:11:19,28098999590,"C=US, O=IdenTrust, OU=HydrantID Trusted Certificate Service, CN=HydrantID Server CA O1"
ai-mobprxqa1.niaid.nih.gov,No,Yes,1,1,2026-07-20T17:09:27,2027-02-04T17:08:27,28098932345,"C=US, O=IdenTrust, OU=HydrantID Trusted Certificate Service, CN=HydrantID Server CA O1"
ai-nccpsp19ap1.niaid.nih.gov,No,Yes,1,1,2025-12-08T20:18:17,2027-01-07T20:17:17,22986831683,"C=US, O=IdenTrust, OU=HydrantID Trusted Certificate Service, CN=HydrantID Server CA O1"
ai-nccpsp19aq1.niaid.nih.gov,No,Yes,1,1,2025-11-10T14:37:19,2026-12-10T14:36:19,22362291573,"C=US, O=IdenTrust, OU=HydrantID Trusted Certificate Service, CN=HydrantID Server CA O1"
ai-nccpsp19wp1.niaid.nih.gov,No,Yes,1,1,2025-12-08T20:18:17,2027-01-07T20:17:17,22986831683,"C=US, O=IdenTrust, OU=HydrantID Trusted Certificate Service, CN=HydrantID Server CA O1"
ai-nccpsp19wp2.niaid.nih.gov,No,Yes,1,1,2025-12-08T20:18:17,2027-01-07T20:17:17,22986831683,"C=US, O=IdenTrust, OU=HydrantID Trusted Certificate Service, CN=HydrantID Server CA O1"
ai-nccpsp19wq1.niaid.nih.gov,No,Yes,1,1,2025-11-10T14:37:19,2026-12-10T14:36:19,22362291573,"C=US, O=IdenTrust, OU=HydrantID Trusted Certificate Service, CN=HydrantID Server CA O1"
ai-nccpsp19wq2.niaid.nih.gov,No,Yes,1,1,2025-11-10T14:37:19,2026-12-10T14:36:19,22362291573,"C=US, O=IdenTrust, OU=HydrantID Trusted Certificate Service, CN=HydrantID Server CA O1"
ai-nccpsp25aq1.niaid.nih.gov,No,Yes,1,1,2026-04-14T20:30:41,2026-10-30T20:29:41,25871039148,"C=US, O=IdenTrust, OU=HydrantID Trusted Certificate Service, CN=HydrantID Server CA O1"
ai-nccpsp25wq1.niaid.nih.gov,No,Yes,1,1,2026-04-14T20:30:41,2026-10-30T20:29:41,25871039148,"C=US, O=IdenTrust, OU=HydrantID Trusted Certificate Service, CN=HydrantID Server CA O1"
ai-nccpsp25wq2.niaid.nih.gov,No,Yes,1,1,2026-04-14T20:30:41,2026-10-30T20:29:41,25871039148,"C=US, O=IdenTrust, OU=HydrantID Trusted Certificate Service, CN=HydrantID Server CA O1"
ai-nccpsps25ad1.niaid.nih.gov,No,Yes,2,1,2026-03-24T21:55:51,2026-10-11T19:29:43,25200540321;25239270506,"C=US, O=IdenTrust, OU=HydrantID Trusted Certificate Service, CN=HydrantID Server CA O1"
ai-nccpsps25ap1.niaid.nih.gov,No,Yes,1,1,2026-04-24T21:39:03,2026-11-09T21:38:03,26165365132,"C=US, O=IdenTrust, OU=HydrantID Trusted Certificate Service, CN=HydrantID Server CA O1"
ai-nccpsps25aq1.niaid.nih.gov,No,Yes,1,1,2026-04-21T19:34:21,2026-11-06T19:33:21,26074521636,"C=US, O=IdenTrust, OU=HydrantID Trusted Certificate Service, CN=HydrantID Server CA O1"
ai-nccpsps25wd1.niaid.nih.gov,No,Yes,2,1,2026-03-24T21:55:51,2026-10-11T19:29:43,25200540321;25239270506,"C=US, O=IdenTrust, OU=HydrantID Trusted Certificate Service, CN=HydrantID Server CA O1"
ai-nccpsps25wd2.niaid.nih.gov,No,Yes,3,1,2026-03-24T21:52:58,2026-10-11T19:29:43,25200500686;25200540321;25239270506,"C=US, O=IdenTrust, OU=HydrantID Trusted Certificate Service, CN=HydrantID Server CA O1"
ai-nccpsps25wp1.niaid.nih.gov,No,Yes,1,1,2026-04-24T21:39:03,2026-11-09T21:38:03,26165365132,"C=US, O=IdenTrust, OU=HydrantID Trusted Certificate Service, CN=HydrantID Server CA O1"
ai-nccpsps25wp2.niaid.nih.gov,No,Yes,1,1,2026-04-24T21:39:03,2026-11-09T21:38:03,26165365132,"C=US, O=IdenTrust, OU=HydrantID Trusted Certificate Service, CN=HydrantID Server CA O1"
ai-nccpsps25wq1.niaid.nih.gov,No,Yes,1,1,2026-04-21T19:34:21,2026-11-06T19:33:21,26074521636,"C=US, O=IdenTrust, OU=HydrantID Trusted Certificate Service, CN=HydrantID Server CA O1"
ai-nccpsps25wq2.niaid.nih.gov,No,Yes,1,1,2026-04-21T19:34:21,2026-11-06T19:33:21,26074521636,"C=US, O=IdenTrust, OU=HydrantID Trusted Certificate Service, CN=HydrantID Server CA O1"
ai-nccpspsad1.niaid.nih.gov,No,Yes,1,1,2026-03-24T21:52:58,2026-10-09T21:51:58,25200500686,"C=US, O=IdenTrust, OU=HydrantID Trusted Certificate Service, CN=HydrantID Server CA O1"
ai-nccpspswd1.niaid.nih.gov,No,Yes,1,1,2026-03-24T21:52:58,2026-10-09T21:51:58,25200500686,"C=US, O=IdenTrust, OU=HydrantID Trusted Certificate Service, CN=HydrantID Server CA O1"
ai-nccpspswd2.niaid.nih.gov,No,Yes,1,1,2026-03-24T21:52:58,2026-10-09T21:51:58,25200500686,"C=US, O=IdenTrust, OU=HydrantID Trusted Certificate Service, CN=HydrantID Server CA O1"
ai-ncdcsp19ap1.niaid.nih.gov,No,Yes,1,1,2025-12-15T14:57:36,2027-01-14T14:56:36,23135825316,"C=US, O=IdenTrust, OU=HydrantID Trusted Certificate Service, CN=HydrantID Server CA O1"
ai-ncdcsp19aq1.niaid.nih.gov,No,Yes,1,1,2025-11-05T19:08:43,2026-12-05T19:07:43,22235324353,"C=US, O=IdenTrust, OU=HydrantID Trusted Certificate Service, CN=HydrantID Server CA O1"
ai-ncdcsp19op1.niaid.nih.gov,No,Yes,1,1,2025-12-16T20:10:04,2027-01-15T20:09:04,23162559278,"C=US, O=IdenTrust, OU=HydrantID Trusted Certificate Service, CN=HydrantID Server CA O1"
ai-ncdcsp19oq1.niaid.nih.gov,No,Yes,1,1,2025-11-05T19:22:03,2026-12-05T19:21:03,22235575898,"C=US, O=IdenTrust, OU=HydrantID Trusted Certificate Service, CN=HydrantID Server CA O1"
ai-ncdcsp19wp1.niaid.nih.gov,No,Yes,2,1,2025-12-15T14:57:36,2027-01-15T19:53:03,23135825316;23162305209,"C=US, O=IdenTrust, OU=HydrantID Trusted Certificate Service, CN=HydrantID Server CA O1"
ai-ncdcsp19wp2.niaid.nih.gov,No,Yes,2,1,2025-12-15T14:57:36,2027-01-15T19:53:03,23135825316;23162305209,"C=US, O=IdenTrust, OU=HydrantID Trusted Certificate Service, CN=HydrantID Server CA O1"
ai-ncdcsp19wq1.niaid.nih.gov,No,Yes,2,1,2025-11-05T19:08:43,2026-12-05T19:24:15,22235324353;22235638446,"C=US, O=IdenTrust, OU=HydrantID Trusted Certificate Service, CN=HydrantID Server CA O1"
ai-ncdcsp19wq2.niaid.nih.gov,No,Yes,2,1,2025-11-05T19:08:43,2026-12-05T19:24:15,22235324353;22235638446,"C=US, O=IdenTrust, OU=HydrantID Trusted Certificate Service, CN=HydrantID Server CA O1"
ai-ncwin19asd1.niaid.nih.gov,Yes,Yes,1,1,2026-05-19T15:46:39,2026-12-04T15:45:39,26503099020,"C=US, O=IdenTrust, OU=HydrantID Trusted Certificate Service, CN=HydrantID Server CA O1"
ai-ncwin19asp1.niaid.nih.gov,Yes,Yes,3,1,2025-12-08T15:23:21,2027-03-26T17:44:32,24621543206;22981923863;28130964082,"C=US, O=IdenTrust, OU=HydrantID Trusted Certificate Service, CN=HydrantID Server CA O1"
ai-ncwin19asq1.niaid.nih.gov,Yes,Yes,3,1,2025-11-10T14:44:36,2026-12-27T13:47:28,25260787414;27089055407;22362445165,"C=US, O=IdenTrust, OU=HydrantID Trusted Certificate Service, CN=HydrantID Server CA O1"
ai-ncwin19erd1.niaid.nih.gov,No,Yes,2,1,2026-05-19T15:36:30,2026-12-04T19:11:51,26504408728;26503039441,"C=US, O=IdenTrust, OU=HydrantID Trusted Certificate Service, CN=HydrantID Server CA O1"
ai-ncwin19erp1.niaid.nih.gov,No,Yes,1,1,2026-07-21T19:15:09,2027-02-05T19:14:09,28132117112,"C=US, O=IdenTrust, OU=HydrantID Trusted Certificate Service, CN=HydrantID Server CA O1"
ai-ncwin19erq1.niaid.nih.gov,No,Yes,1,1,2026-06-11T13:46:21,2026-12-27T13:45:21,27088998763,"C=US, O=IdenTrust, OU=HydrantID Trusted Certificate Service, CN=HydrantID Server CA O1"
ai-ncwin19ewd1.niaid.nih.gov,No,Yes,1,1,2026-05-26T19:44:05,2026-12-11T19:43:05,26662705076,"C=US, O=IdenTrust, OU=HydrantID Trusted Certificate Service, CN=HydrantID Server CA O1"
ai-ncwin19ewd2.niaid.nih.gov,No,Yes,1,1,2026-05-26T19:44:05,2026-12-11T19:43:05,26662705076,"C=US, O=IdenTrust, OU=HydrantID Trusted Certificate Service, CN=HydrantID Server CA O1"
ai-ncwin19ewp1.niaid.nih.gov,No,Yes,1,1,2026-07-23T15:44:38,2027-02-07T15:43:38,28185376922,"C=US, O=IdenTrust, OU=HydrantID Trusted Certificate Service, CN=HydrantID Server CA O1"
ai-ncwin19ewp2.niaid.nih.gov,No,Yes,1,1,2026-07-23T15:44:38,2027-02-07T15:43:38,28185376922,"C=US, O=IdenTrust, OU=HydrantID Trusted Certificate Service, CN=HydrantID Server CA O1"
ai-ncwin19ewq1.niaid.nih.gov,No,Yes,1,1,2026-06-11T13:44:03,2026-12-27T13:43:03,27088940751,"C=US, O=IdenTrust, OU=HydrantID Trusted Certificate Service, CN=HydrantID Server CA O1"
ai-ncwin19ewq2.niaid.nih.gov,No,Yes,1,1,2026-06-11T13:44:03,2026-12-27T13:43:03,27088940751,"C=US, O=IdenTrust, OU=HydrantID Trusted Certificate Service, CN=HydrantID Server CA O1"
ai-ncwin19wsd1.niaid.nih.gov,No,Yes,2,1,2026-05-19T14:15:45,2026-12-11T19:39:03,26662650586;26502560852,"C=US, O=IdenTrust, OU=HydrantID Trusted Certificate Service, CN=HydrantID Server CA O1"
ai-ncwin19wsp1.niaid.nih.gov,No,Yes,2,1,2026-07-21T19:05:39,2027-02-07T15:40:22,28185307012;28131940318,"C=US, O=IdenTrust, OU=HydrantID Trusted Certificate Service, CN=HydrantID Server CA O1"
ai-ncwin19wsq1.niaid.nih.gov,No,Yes,2,1,2026-06-10T22:19:17,2026-12-27T19:33:36,27065930485;27097503513,"C=US, O=IdenTrust, OU=HydrantID Trusted Certificate Service, CN=HydrantID Server CA O1"
ai-ncwin25asd1.niaid.nih.gov,Yes,Yes,1,1,2026-05-29T15:43:09,2026-12-14T15:42:09,26735125369,"C=US, O=IdenTrust, OU=HydrantID Trusted Certificate Service, CN=HydrantID Server CA O1"
ai-ncwin25asp1.niaid.nih.gov,No,Yes,2,1,2026-07-30T19:53:33,2027-02-14T20:03:04,28388388884;28388567733,"C=US, O=IdenTrust, OU=HydrantID Trusted Certificate Service, CN=HydrantID Server CA O1"
ai-ncwin25asq1.niaid.nih.gov,No,Yes,2,1,2026-06-11T20:05:34,2027-02-12T16:28:50,27098195870;28325313592,"C=US, O=IdenTrust, OU=HydrantID Trusted Certificate Service, CN=HydrantID Server CA O1"
ai-ncwin25awd1.niaid.nih.gov,No,Yes,1,1,2026-05-29T15:44:25,2026-12-14T15:43:25,26735143400,"C=US, O=IdenTrust, OU=HydrantID Trusted Certificate Service, CN=HydrantID Server CA O1"
ai-ncwin25awd2.niaid.nih.gov,No,Yes,1,1,2026-05-29T15:44:25,2026-12-14T15:43:25,26735143400,"C=US, O=IdenTrust, OU=HydrantID Trusted Certificate Service, CN=HydrantID Server CA O1"
ai-ncwin25awp1.niaid.nih.gov,No,Yes,1,1,2026-07-28T16:45:35,2027-02-12T16:44:35,28325727981,"C=US, O=IdenTrust, OU=HydrantID Trusted Certificate Service, CN=HydrantID Server CA O1"
ai-ncwin25awp2.niaid.nih.gov,No,Yes,1,1,2026-07-28T16:45:35,2027-02-12T16:44:35,28325727981,"C=US, O=IdenTrust, OU=HydrantID Trusted Certificate Service, CN=HydrantID Server CA O1"
ai-ncwin25awq1.niaid.nih.gov,No,Yes,1,1,2026-06-11T20:03:07,2026-12-27T20:02:07,27098139390,"C=US, O=IdenTrust, OU=HydrantID Trusted Certificate Service, CN=HydrantID Server CA O1"
ai-ncwin25awq2.niaid.nih.gov,No,Yes,1,1,2026-06-11T20:03:07,2026-12-27T20:02:07,27098139390,"C=US, O=IdenTrust, OU=HydrantID Trusted Certificate Service, CN=HydrantID Server CA O1"
ai-ncwin25rsd1.niaid.nih.gov,No,Yes,1,1,2026-05-29T15:49:10,2026-12-14T15:48:10,26735239844,"C=US, O=IdenTrust, OU=HydrantID Trusted Certificate Service, CN=HydrantID Server CA O1"
ai-ncwin25rsp1.niaid.nih.gov,No,Yes,1,1,2026-07-30T20:07:45,2027-02-14T20:06:45,28388648806,"C=US, O=IdenTrust, OU=HydrantID Trusted Certificate Service, CN=HydrantID Server CA O1"
ai-ncwin25rsq1.niaid.nih.gov,No,Yes,2,1,2026-06-12T14:33:08,2027-03-05T20:32:10,28844369994;27125006335,"C=US, O=IdenTrust, OU=HydrantID Trusted Certificate Service, CN=HydrantID Server CA O1"
ai-ncwin25wsd1.niaid.nih.gov,No,Yes,2,1,2026-05-29T15:40:50,2026-12-14T15:46:08,26735090544;26735192597,"C=US, O=IdenTrust, OU=HydrantID Trusted Certificate Service, CN=HydrantID Server CA O1"
ai-ncwin25wsp1.niaid.nih.gov,No,Yes,2,1,2026-07-28T16:50:16,2027-02-14T20:04:33,28325857003;28388608997,"C=US, O=IdenTrust, OU=HydrantID Trusted Certificate Service, CN=HydrantID Server CA O1"
ai-ncwin25wsq1.niaid.nih.gov,No,Yes,2,1,2026-06-12T14:49:06,2026-12-28T14:52:08,27125456175;27125357706,"C=US, O=IdenTrust, OU=HydrantID Trusted Certificate Service, CN=HydrantID Server CA O1"
ai-netboxappprd2.niaid.nih.gov,No,Yes,1,1,2026-06-29T15:54:03,2027-01-14T15:53:03,27571670203,"C=US, O=IdenTrust, OU=HydrantID Trusted Certificate Service, CN=HydrantID Server CA O1"
ai-nisarprd16.niaid.nih.gov,No,Yes,1,1,2026-04-28T12:48:47,2026-11-13T12:47:47,26251830263,"C=US, O=IdenTrust, OU=HydrantID Trusted Certificate Service, CN=HydrantID Server CA O1"
ai-opal-vip.niaid.nih.gov,No,Yes,1,1,2026-03-31T19:04:25,2026-10-16T19:03:25,25302305700,"C=US, O=IdenTrust, OU=HydrantID Trusted Certificate Service, CN=HydrantID Server CA O1"
ai-opal.niaid.nih.gov,Yes,Yes,1,1,2026-03-31T19:04:25,2026-10-16T19:03:25,25302305700,"C=US, O=IdenTrust, OU=HydrantID Trusted Certificate Service, CN=HydrantID Server CA O1"
ai-otdsdev1.niaid.nih.gov,No,Yes,1,1,2025-10-20T15:39:06,2026-11-19T15:38:06,21857173915,"C=US, O=IdenTrust, OU=HydrantID Trusted Certificate Service, CN=HydrantID Server CA O1"
ai-otdsdev2.niaid.nih.gov,No,Yes,1,1,2025-10-20T15:39:06,2026-11-19T15:38:06,21857173915,"C=US, O=IdenTrust, OU=HydrantID Trusted Certificate Service, CN=HydrantID Server CA O1"
ai-otdsqa1.niaid.nih.gov,No,Yes,2,1,2026-07-13T15:28:31,2027-01-31T13:48:40,27901924061;27983728666,"C=US, O=IdenTrust, OU=HydrantID Trusted Certificate Service, CN=HydrantID Server CA O1"
ai-otdsqa2.niaid.nih.gov,No,Yes,2,1,2026-07-13T15:28:31,2027-01-31T13:48:40,27901924061;27983728666,"C=US, O=IdenTrust, OU=HydrantID Trusted Certificate Service, CN=HydrantID Server CA O1"
ai-pikehead.niaid.nih.gov,No,Yes,3,1,2026-05-11T20:52:53,2026-11-27T20:01:28,26425930527;26425697821;26418297329,"C=US, O=IdenTrust, OU=HydrantID Trusted Certificate Service, CN=HydrantID Server CA O1"
ai-pikeheadrml.niaid.nih.gov,Yes,Yes,2,1,2026-05-12T19:11:30,2026-11-27T20:01:28,26425930527;26425697821,"C=US, O=IdenTrust, OU=HydrantID Trusted Certificate Service, CN=HydrantID Server CA O1"
ai-pospmprd1.niaid.nih.gov,No,Yes,1,1,2026-03-31T17:44:23,2026-10-16T17:43:23,25301655679,"C=US, O=IdenTrust, OU=HydrantID Trusted Certificate Service, CN=HydrantID Server CA O1"
ai-pospmtest1.niaid.nih.gov,No,Yes,1,1,2026-01-06T14:49:16,2027-02-05T14:48:16,23589270609,"C=US, O=IdenTrust, OU=HydrantID Trusted Certificate Service, CN=HydrantID Server CA O1"
ai-poswbdqprd1.niaid.nih.gov,No,Yes,2,1,2026-04-29T16:31:45,2026-11-14T18:16:05,26263858748;26263118576,"C=US, O=IdenTrust, OU=HydrantID Trusted Certificate Service, CN=HydrantID Server CA O1"
ai-poswbprd1.niaid.nih.gov,No,Yes,1,1,2026-01-22T17:32:58,2027-02-21T17:31:58,23920698326,"C=US, O=IdenTrust, OU=HydrantID Trusted Certificate Service, CN=HydrantID Server CA O1"
ai-reesfeprd21.niaid.nih.gov,Yes,Yes,1,1,2025-12-05T23:03:09,2027-01-04T23:02:09,22914476605,"C=US, O=IdenTrust, OU=HydrantID Trusted Certificate Service, CN=HydrantID Server CA O1"
ai-reesfeprd22.niaid.nih.gov,Yes,Yes,1,1,2026-06-11T19:49:16,2026-12-27T19:48:16,27097817126,"C=US, O=IdenTrust, OU=HydrantID Trusted Certificate Service, CN=HydrantID Server CA O1"
ai-reesfeprd26.niaid.nih.gov,No,Yes,1,1,2025-12-08T20:07:28,2027-01-07T20:06:28,22986652256,"C=US, O=IdenTrust, OU=HydrantID Trusted Certificate Service, CN=HydrantID Server CA O1"
ai-reesfeprd27.niaid.nih.gov,Yes,Yes,1,1,2026-02-23T22:21:28,2027-03-25T22:20:28,24605011268,"C=US, O=IdenTrust, OU=HydrantID Trusted Certificate Service, CN=HydrantID Server CA O1"
ai-reesfeprd28.niaid.nih.gov,No,Yes,1,1,2026-08-06T22:16:25,2027-02-21T22:15:25,28601132648,"C=US, O=IdenTrust, OU=HydrantID Trusted Certificate Service, CN=HydrantID Server CA O1"
ai-reesfeprd29.niaid.nih.gov,Yes,Yes,1,1,2026-03-24T18:25:16,2026-10-09T18:24:16,25197553450,"C=US, O=IdenTrust, OU=HydrantID Trusted Certificate Service, CN=HydrantID Server CA O1"
ai-reesfeprd33.niaid.nih.gov,Yes,Yes,3,1,2025-09-23T12:56:04,2027-01-24T18:33:20,21228067712;27812264422;21221909483,"C=US, O=IdenTrust, OU=HydrantID Trusted Certificate Service, CN=HydrantID Server CA O1"
ai-reesfeprd34.niaid.nih.gov,Yes,Yes,1,1,2026-07-09T18:32:48,2027-01-24T18:31:48,27812223401,"C=US, O=IdenTrust, OU=HydrantID Trusted Certificate Service, CN=HydrantID Server CA O1"
ai-reesfeprd35.niaid.nih.gov,Yes,Yes,1,1,2025-11-05T19:20:20,2026-12-05T19:19:20,22235536493,"C=US, O=IdenTrust, OU=HydrantID Trusted Certificate Service, CN=HydrantID Server CA O1"
ai-rmlappsprd1.niaid.nih.gov,Yes,Yes,1,1,2025-09-26T18:05:54,2026-10-26T18:04:54,21295271593,"C=US, O=IdenTrust, OU=HydrantID Trusted Certificate Service, CN=HydrantID Server CA O1"
ai-rmlflxnetp1.niaid.nih.gov,Yes,Yes,1,1,2026-06-15T18:56:15,2026-12-31T18:55:15,27212944649,"C=US, O=IdenTrust, OU=HydrantID Trusted Certificate Service, CN=HydrantID Server CA O1"
ai-rmlhedwigfp2.niaid.nih.gov,No,Yes,1,1,2025-09-19T19:12:43,2026-10-19T19:11:43,21138431109,"C=US, O=IdenTrust, OU=HydrantID Trusted Certificate Service, CN=HydrantID Server CA O1"
ai-rmlreesprd2.niaid.nih.gov,Yes,Yes,1,1,2026-06-15T18:57:33,2026-12-31T18:56:33,27212967432,"C=US, O=IdenTrust, OU=HydrantID Trusted Certificate Service, CN=HydrantID Server CA O1"
ai-rtblabkdev2.niaid.nih.gov,No,Yes,1,1,2026-03-24T17:26:19,2026-10-09T17:25:19,25196707891,"C=US, O=IdenTrust, OU=HydrantID Trusted Certificate Service, CN=HydrantID Server CA O1"
ai-rtblabkprd2.niaid.nih.gov,No,Yes,1,1,2026-05-26T19:03:28,2026-12-11T19:02:28,26662040012,"C=US, O=IdenTrust, OU=HydrantID Trusted Certificate Service, CN=HydrantID Server CA O1"
ai-rtblabkqa2.niaid.nih.gov,No,Yes,1,1,2026-03-24T18:01:32,2026-10-09T18:00:32,25197220111,"C=US, O=IdenTrust, OU=HydrantID Trusted Certificate Service, CN=HydrantID Server CA O1"
ai-sara-cryptdev2.niaid.nih.gov,Yes,Yes,1,1,2026-07-27T14:57:36,2027-02-11T14:56:36,28294386974,"C=US, O=IdenTrust, OU=HydrantID Trusted Certificate Service, CN=HydrantID Server CA O1"
ai-sara-cryptprd.niaid.nih.gov,Yes,Yes,1,1,2025-09-29T20:32:41,2026-10-29T20:31:41,21354489769,"C=US, O=IdenTrust, OU=HydrantID Trusted Certificate Service, CN=HydrantID Server CA O1"
ai-sara-cryptprd2.niaid.nih.gov,Yes,Yes,1,1,2025-10-30T20:29:18,2026-11-29T20:28:18,22108585057,"C=US, O=IdenTrust, OU=HydrantID Trusted Certificate Service, CN=HydrantID Server CA O1"
ai-sccmdmzprd3.niaid.nih.gov,Yes,Yes,1,1,2025-10-21T16:09:10,2026-11-20T16:08:10,21888987269,"C=US, O=IdenTrust, OU=HydrantID Trusted Certificate Service, CN=HydrantID Server CA O1"
ai-sdtpostprd1.niaid.nih.gov,No,Yes,1,1,2026-06-02T13:52:37,2026-12-18T13:51:37,26828137429,"C=US, O=IdenTrust, OU=HydrantID Trusted Certificate Service, CN=HydrantID Server CA O1"
ai-sebscorsprd1.niaid.nih.gov,No,Yes,2,1,2025-09-26T17:56:34,2027-01-27T19:04:12,21295123782;27880603846,"C=US, O=IdenTrust, OU=HydrantID Trusted Certificate Service, CN=HydrantID Server CA O1"
ai-sebwebdev10.niaid.nih.gov,Yes,Yes,1,1,2026-05-07T15:42:15,2026-11-22T15:41:15,26383830841,"C=US, O=IdenTrust, OU=HydrantID Trusted Certificate Service, CN=HydrantID Server CA O1"
ai-seqrappprd4.niaid.nih.gov,No,Yes,1,1,2025-10-21T14:14:11,2026-11-20T14:13:11,21886551351,"C=US, O=IdenTrust, OU=HydrantID Trusted Certificate Service, CN=HydrantID Server CA O1"
ai-seqrappqa3.niaid.nih.gov,No,Yes,1,1,2025-09-23T15:27:20,2026-10-23T15:26:20,21224497325,"C=US, O=IdenTrust, OU=HydrantID Trusted Certificate Service, CN=HydrantID Server CA O1"
ai-seqrdbprd4.niaid.nih.gov,No,Yes,1,1,2025-10-21T14:14:11,2026-11-20T14:13:11,21886551351,"C=US, O=IdenTrust, OU=HydrantID Trusted Certificate Service, CN=HydrantID Server CA O1"
ai-seqrdbqa3.niaid.nih.gov,No,Yes,1,1,2025-09-23T15:27:20,2026-10-23T15:26:20,21224497325,"C=US, O=IdenTrust, OU=HydrantID Trusted Certificate Service, CN=HydrantID Server CA O1"
ai-shad.niaid.nih.gov,No,Yes,1,1,2026-06-02T13:52:37,2026-12-18T13:51:37,26828137429,"C=US, O=IdenTrust, OU=HydrantID Trusted Certificate Service, CN=HydrantID Server CA O1"
ai-sonarqubep2.niaid.nih.gov,No,Yes,1,1,2026-05-15T11:03:25,2026-11-30T11:02:25,26450354435,"C=US, O=IdenTrust, OU=HydrantID Trusted Certificate Service, CN=HydrantID Server CA O1"
ai-spbpimbwdev1.niaid.nih.gov,No,Yes,1,1,2026-08-06T12:52:46,2027-02-21T12:51:46,28588929250,"C=US, O=IdenTrust, OU=HydrantID Trusted Certificate Service, CN=HydrantID Server CA O1"
ai-spncw25ad1.niaid.nih.gov,No,Yes,1,1,2026-05-06T20:12:26,2026-11-21T20:11:26,26376771518,"C=US, O=IdenTrust, OU=HydrantID Trusted Certificate Service, CN=HydrantID Server CA O1"
ai-spncw25aq1.niaid.nih.gov,No,Yes,1,1,2026-06-24T16:52:27,2027-01-09T16:51:27,27454408088,"C=US, O=IdenTrust, OU=HydrantID Trusted Certificate Service, CN=HydrantID Server CA O1"
ai-spncw25od1.niaid.nih.gov,No,Yes,1,1,2026-06-24T16:54:26,2027-01-09T16:53:26,27454446817,"C=US, O=IdenTrust, OU=HydrantID Trusted Certificate Service, CN=HydrantID Server CA O1"
ai-spncw25oq1.niaid.nih.gov,No,Yes,1,1,2026-06-24T14:49:02,2027-01-09T14:48:02,27452059115,"C=US, O=IdenTrust, OU=HydrantID Trusted Certificate Service, CN=HydrantID Server CA O1"
ai-spncw25wd1.niaid.nih.gov,No,Yes,1,1,2026-05-06T20:12:26,2026-11-21T20:11:26,26376771518,"C=US, O=IdenTrust, OU=HydrantID Trusted Certificate Service, CN=HydrantID Server CA O1"
ai-spncw25wd2.niaid.nih.gov,No,Yes,2,1,2026-04-28T12:35:35,2026-11-21T20:11:26,26251744163;26376771518,"C=US, O=IdenTrust, OU=HydrantID Trusted Certificate Service, CN=HydrantID Server CA O1"
ai-spncw25wq1.niaid.nih.gov,No,Yes,1,1,2026-06-24T16:52:27,2027-01-09T16:51:27,27454408088,"C=US, O=IdenTrust, OU=HydrantID Trusted Certificate Service, CN=HydrantID Server CA O1"
ai-spncw25wq2.niaid.nih.gov,No,Yes,1,1,2026-06-24T16:52:27,2027-01-09T16:51:27,27454408088,"C=US, O=IdenTrust, OU=HydrantID Trusted Certificate Service, CN=HydrantID Server CA O1"
ai-spncwad1.niaid.nih.gov,No,Yes,1,1,2026-04-28T12:35:35,2026-11-13T12:34:35,26251744163,"C=US, O=IdenTrust, OU=HydrantID Trusted Certificate Service, CN=HydrantID Server CA O1"
ai-spncwwd1.niaid.nih.gov,No,Yes,1,1,2026-04-28T12:35:35,2026-11-13T12:34:35,26251744163,"C=US, O=IdenTrust, OU=HydrantID Trusted Certificate Service, CN=HydrantID Server CA O1"
ai-spncwwd2.niaid.nih.gov,No,Yes,1,1,2026-04-28T12:35:35,2026-11-13T12:34:35,26251744163,"C=US, O=IdenTrust, OU=HydrantID Trusted Certificate Service, CN=HydrantID Server CA O1"
ai-spotfireprd2.niaid.nih.gov,No,Yes,1,1,2026-04-28T12:41:28,2026-11-13T12:40:28,26251779648,"C=US, O=IdenTrust, OU=HydrantID Trusted Certificate Service, CN=HydrantID Server CA O1"
ai-spotfireprd3.niaid.nih.gov,No,Yes,3,1,2026-04-29T19:27:23,2026-11-16T13:12:16,26264252288;26264253799;26279735333,"C=US, O=IdenTrust, OU=HydrantID Trusted Certificate Service, CN=HydrantID Server CA O1"
ai-spotfireprd4.niaid.nih.gov,No,Yes,1,1,2026-05-01T13:19:15,2026-11-16T13:18:15,26279756550,"C=US, O=IdenTrust, OU=HydrantID Trusted Certificate Service, CN=HydrantID Server CA O1"
ai-sptwop1.niaid.nih.gov,No,Yes,1,1,2026-02-24T17:50:47,2027-03-26T17:49:47,24621619168,"C=US, O=IdenTrust, OU=HydrantID Trusted Certificate Service, CN=HydrantID Server CA O1"
ai-sptwoq1.niaid.nih.gov,No,Yes,1,1,2025-12-15T15:27:26,2027-01-14T15:26:26,23136267598,"C=US, O=IdenTrust, OU=HydrantID Trusted Certificate Service, CN=HydrantID Server CA O1"
ai-sptwwp1.niaid.nih.gov,No,Yes,1,1,2026-02-24T17:47:36,2027-03-26T17:46:36,24621573310,"C=US, O=IdenTrust, OU=HydrantID Trusted Certificate Service, CN=HydrantID Server CA O1"
ai-sptwwp2.niaid.nih.gov,No,Yes,1,1,2026-02-24T17:47:36,2027-03-26T17:46:36,24621573310,"C=US, O=IdenTrust, OU=HydrantID Trusted Certificate Service, CN=HydrantID Server CA O1"
ai-sptwwq1.niaid.nih.gov,No,Yes,2,1,2025-12-15T14:51:16,2027-01-31T21:00:05,27992549642;23135732252,"C=US, O=IdenTrust, OU=HydrantID Trusted Certificate Service, CN=HydrantID Server CA O1"
ai-sptwwq2.niaid.nih.gov,No,Yes,2,1,2025-12-15T14:51:16,2027-01-31T21:00:05,27992549642;23135732252,"C=US, O=IdenTrust, OU=HydrantID Trusted Certificate Service, CN=HydrantID Server CA O1"
ai-sscprd3.niaid.nih.gov,Yes,Yes,1,1,2025-09-26T17:31:42,2026-10-26T17:30:42,21294671182,"C=US, O=IdenTrust, OU=HydrantID Trusted Certificate Service, CN=HydrantID Server CA O1"
ai-ssposconprd1.niaid.nih.gov,No,Yes,1,1,2025-09-26T18:15:55,2026-10-26T18:14:55,21295448919,"C=US, O=IdenTrust, OU=HydrantID Trusted Certificate Service, CN=HydrantID Server CA O1"
ai-ssposconprd2.niaid.nih.gov,No,Yes,1,1,2026-03-31T17:57:48,2026-10-16T17:56:48,25301762541,"C=US, O=IdenTrust, OU=HydrantID Trusted Certificate Service, CN=HydrantID Server CA O1"
ai-userdocsprd1.niaid.nih.gov,No,Yes,1,1,2025-10-23T16:07:17,2026-11-22T16:06:17,21945714294,"C=US, O=IdenTrust, OU=HydrantID Trusted Certificate Service, CN=HydrantID Server CA O1"
ai-venssrs22p2.niaid.nih.gov,No,Yes,1,1,2026-08-21T20:44:42,2027-03-08T20:43:42,28894811808,"C=US, O=IdenTrust, OU=HydrantID Trusted Certificate Service, CN=HydrantID Server CA O1"
ai-votcsadmprd1.niaid.nih.gov,No,Yes,1,1,2025-09-18T16:11:45,2026-10-18T16:10:45,21111567868,"C=US, O=IdenTrust, OU=HydrantID Trusted Certificate Service, CN=HydrantID Server CA O1"
ai-votcsadmqa1.niaid.nih.gov,No,Yes,1,1,2025-09-10T14:31:02,2026-10-10T14:30:02,20923131087,"C=US, O=IdenTrust, OU=HydrantID Trusted Certificate Service, CN=HydrantID Server CA O1"
ai-votcsindprd1.niaid.nih.gov,No,Yes,1,1,2025-09-18T16:11:45,2026-10-18T16:10:45,21111567868,"C=US, O=IdenTrust, OU=HydrantID Trusted Certificate Service, CN=HydrantID Server CA O1"
ai-votcsindqa1.niaid.nih.gov,No,Yes,1,1,2025-09-10T14:31:02,2026-10-10T14:30:02,20923131087,"C=US, O=IdenTrust, OU=HydrantID Trusted Certificate Service, CN=HydrantID Server CA O1"
ai-votcswebprd1.niaid.nih.gov,No,Yes,1,1,2025-09-18T16:11:45,2026-10-18T16:10:45,21111567868,"C=US, O=IdenTrust, OU=HydrantID Trusted Certificate Service, CN=HydrantID Server CA O1"
ai-votcswebprd2.niaid.nih.gov,No,Yes,1,1,2025-09-18T16:11:45,2026-10-18T16:10:45,21111567868,"C=US, O=IdenTrust, OU=HydrantID Trusted Certificate Service, CN=HydrantID Server CA O1"
ai-votcswebqa1.niaid.nih.gov,No,Yes,1,1,2025-09-10T14:31:02,2026-10-10T14:30:02,20923131087,"C=US, O=IdenTrust, OU=HydrantID Trusted Certificate Service, CN=HydrantID Server CA O1"
ai-votcswebqa2.niaid.nih.gov,No,Yes,1,1,2025-09-10T14:31:02,2026-10-10T14:30:02,20923131087,"C=US, O=IdenTrust, OU=HydrantID Trusted Certificate Service, CN=HydrantID Server CA O1"
ai-votdsprd1.niaid.nih.gov,Yes,Yes,1,1,2025-09-16T15:04:03,2026-10-16T15:03:03,21059696504,"C=US, O=IdenTrust, OU=HydrantID Trusted Certificate Service, CN=HydrantID Server CA O1"
ai-vrniplatprd1.niaid.nih.gov,Yes,Yes,2,1,2026-05-07T13:50:57,2026-11-22T16:54:31,26384346334;26383212394,"C=US, O=IdenTrust, OU=HydrantID Trusted Certificate Service, CN=HydrantID Server CA O1"
ai-vtcrprmp1.niaid.nih.gov,No,Yes,3,1,2025-10-24T17:40:57,2026-11-23T19:38:30,21976059143;21976453583;21975212900,"C=US, O=IdenTrust, OU=HydrantID Trusted Certificate Service, CN=HydrantID Server CA O1"
ai-watchdogprd3.niaid.nih.gov,No,Yes,1,1,2026-01-08T16:50:04,2027-02-07T16:49:04,23636344418,"C=US, O=IdenTrust, OU=HydrantID Trusted Certificate Service, CN=HydrantID Server CA O1"
ai-wdtdcadpprd1.niaid.nih.gov,No,Yes,1,1,2026-05-07T13:39:11,2026-11-22T13:38:11,26383158153,"C=US, O=IdenTrust, OU=HydrantID Trusted Certificate Service, CN=HydrantID Server CA O1"
ai-wdtdcadpprd2.niaid.nih.gov,No,Yes,1,1,2026-05-07T13:39:11,2026-11-22T13:38:11,26383158153,"C=US, O=IdenTrust, OU=HydrantID Trusted Certificate Service, CN=HydrantID Server CA O1"
ai-wdtdev3.niaid.nih.gov,Yes,Yes,1,1,2026-03-31T18:59:39,2026-10-16T18:58:39,25302265461,"C=US, O=IdenTrust, OU=HydrantID Trusted Certificate Service, CN=HydrantID Server CA O1"
ai-wdtjlb2.niaid.nih.gov,No,Yes,2,1,2026-03-31T19:04:25,2026-11-22T13:38:11,25302305700;26383158153,"C=US, O=IdenTrust, OU=HydrantID Trusted Certificate Service, CN=HydrantID Server CA O1"
ai-wdtjlb3-vip.niaid.nih.gov,No,Yes,1,1,2026-05-07T13:39:11,2026-11-22T13:38:11,26383158153,"C=US, O=IdenTrust, OU=HydrantID Trusted Certificate Service, CN=HydrantID Server CA O1"
ai-wdtjlb3.niaid.nih.gov,Yes,Yes,2,1,2026-03-31T19:04:25,2026-11-22T13:38:11,25302305700;26383158153,"C=US, O=IdenTrust, OU=HydrantID Trusted Certificate Service, CN=HydrantID Server CA O1"
ai-wdtjmfdcaprd1.niaid.nih.gov,No,Yes,1,1,2026-03-31T19:04:25,2026-10-16T19:03:25,25302305700,"C=US, O=IdenTrust, OU=HydrantID Trusted Certificate Service, CN=HydrantID Server CA O1"
ai-wdtjmfdcaprd2.niaid.nih.gov,No,Yes,1,1,2026-03-31T19:04:25,2026-10-16T19:03:25,25302305700,"C=US, O=IdenTrust, OU=HydrantID Trusted Certificate Service, CN=HydrantID Server CA O1"
ai-wdtjmfdcaprd3.niaid.nih.gov,No,Yes,1,1,2026-03-31T19:04:25,2026-10-16T19:03:25,25302305700,"C=US, O=IdenTrust, OU=HydrantID Trusted Certificate Service, CN=HydrantID Server CA O1"
ai-wdtqa3.niaid.nih.gov,Yes,Yes,1,1,2026-03-31T19:01:34,2026-10-16T19:00:34,25302281951,"C=US, O=IdenTrust, OU=HydrantID Trusted Certificate Service, CN=HydrantID Server CA O1"
ai-webauthprd8.niaid.nih.gov,No,Yes,1,1,2025-10-28T16:08:50,2026-11-27T16:07:50,22065029946,"C=US, O=IdenTrust, OU=HydrantID Trusted Certificate Service, CN=HydrantID Server CA O1"
ai-webnpmpprd1.niaid.nih.gov,No,Yes,2,1,2026-04-28T18:21:11,2026-12-28T00:15:58,27104389449;26254205994,"C=US, O=IdenTrust, OU=HydrantID Trusted Certificate Service, CN=HydrantID Server CA O1"
ai-webnpmpqa1.niaid.nih.gov,Yes,Yes,1,1,2026-04-28T18:02:18,2026-11-13T18:01:18,26254085017,"C=US, O=IdenTrust, OU=HydrantID Trusted Certificate Service, CN=HydrantID Server CA O1"
ai-xecmdevadmd1.niaid.nih.gov,No,Yes,2,1,2026-02-25T23:31:50,2027-03-27T23:30:50,24646297030;26263674564,"C=US, O=IdenTrust, OU=HydrantID Trusted Certificate Service, CN=HydrantID Server CA O1"
ai-xecmdevodsd1.niaid.nih.gov,No,Yes,1,1,2026-02-26T21:56:15,2027-03-28T21:55:15,24664066589,"C=US, O=IdenTrust, OU=HydrantID Trusted Certificate Service, CN=HydrantID Server CA O1"
ai-xecmdevutld1.niaid.nih.gov,No,Yes,1,1,2026-02-25T23:32:50,2027-03-27T23:31:50,24646308563,"C=US, O=IdenTrust, OU=HydrantID Trusted Certificate Service, CN=HydrantID Server CA O1"
ai-xecmdevwebd1.niaid.nih.gov,No,Yes,2,1,2026-02-25T23:31:50,2027-03-27T23:30:50,24646297030;26263674564,"C=US, O=IdenTrust, OU=HydrantID Trusted Certificate Service, CN=HydrantID Server CA O1"
ai-xecmprdadmp1.niaid.nih.gov,No,Yes,1,1,2026-04-30T15:27:55,2026-11-15T15:26:55,26271039132,"C=US, O=IdenTrust, OU=HydrantID Trusted Certificate Service, CN=HydrantID Server CA O1"
ai-xecmprdodsp1.niaid.nih.gov,No,Yes,1,1,2026-04-24T21:47:31,2026-11-09T21:46:31,26165541648,"C=US, O=IdenTrust, OU=HydrantID Trusted Certificate Service, CN=HydrantID Server CA O1"
ai-xecmprdutlp1.niaid.nih.gov,No,Yes,1,1,2026-04-28T12:44:52,2026-11-13T12:43:52,26251800963,"C=US, O=IdenTrust, OU=HydrantID Trusted Certificate Service, CN=HydrantID Server CA O1"
ai-xecmprdwebp1.niaid.nih.gov,No,Yes,1,1,2026-04-30T15:27:55,2026-11-15T15:26:55,26271039132,"C=US, O=IdenTrust, OU=HydrantID Trusted Certificate Service, CN=HydrantID Server CA O1"
ai-xecmqaadmq1.niaid.nih.gov,No,Yes,1,1,2026-04-30T14:19:50,2026-11-15T14:18:50,26270533377,"C=US, O=IdenTrust, OU=HydrantID Trusted Certificate Service, CN=HydrantID Server CA O1"
ai-xecmqaodsq1.niaid.nih.gov,No,Yes,1,1,2026-03-27T21:47:14,2026-10-12T21:46:14,25261077376,"C=US, O=IdenTrust, OU=HydrantID Trusted Certificate Service, CN=HydrantID Server CA O1"
ai-xecmqautlq1.niaid.nih.gov,No,Yes,1,1,2026-03-27T21:41:05,2026-10-12T21:40:05,25261004613,"C=US, O=IdenTrust, OU=HydrantID Trusted Certificate Service, CN=HydrantID Server CA O1"
ai-xecmqawebq1.niaid.nih.gov,No,Yes,1,1,2026-04-30T14:19:50,2026-11-15T14:18:50,26270533377,"C=US, O=IdenTrust, OU=HydrantID Trusted Certificate Service, CN=HydrantID Server CA O1"
ai-xessadmd1.niaid.nih.gov,No,Yes,1,1,2026-07-16T14:01:38,2027-01-31T14:00:38,27983954834,"C=US, O=IdenTrust, OU=HydrantID Trusted Certificate Service, CN=HydrantID Server CA O1"
ai-xessindd1.niaid.nih.gov,No,Yes,1,1,2026-07-16T14:01:38,2027-01-31T14:00:38,27983954834,"C=US, O=IdenTrust, OU=HydrantID Trusted Certificate Service, CN=HydrantID Server CA O1"
ai-xesswebd1.niaid.nih.gov,No,Yes,1,1,2026-07-16T14:01:38,2027-01-31T14:00:38,27983954834,"C=US, O=IdenTrust, OU=HydrantID Trusted Certificate Service, CN=HydrantID Server CA O1"
ai-xesswebd2.niaid.nih.gov,No,Yes,1,1,2026-07-16T14:01:38,2027-01-31T14:00:38,27983954834,"C=US, O=IdenTrust, OU=HydrantID Trusted Certificate Service, CN=HydrantID Server CA O1"
ai-xwsprd1.niaid.nih.gov,No,Yes,2,1,2025-09-26T14:13:51,2026-10-30T16:26:29,21290946259;21377685729,"C=US, O=IdenTrust, OU=HydrantID Trusted Certificate Service, CN=HydrantID Server CA O1"
ai.nih.gov,Yes,Yes,1,1,2026-01-22T15:07:27,2027-02-21T15:06:27,23918647472,"C=US, O=IdenTrust, OU=HydrantID Trusted Certificate Service, CN=HydrantID Server CA O1"
aiassist.ninds.nih.gov,Yes,Yes,1,1,2026-02-24T19:28:38,2027-03-26T19:27:38,24623059655,"C=US, O=IdenTrust, OU=HydrantID Trusted Certificate Service, CN=HydrantID Server CA O1"
aiassisttest.ninds.nih.gov,Yes,Yes,1,1,2025-10-02T17:19:59,2026-11-01T17:18:59,21423714829,"C=US, O=IdenTrust, OU=HydrantID Trusted Certificate Service, CN=HydrantID Server CA O1"
aic.era.nih.gov,Yes,Yes,2,1,2026-07-09T15:25:08,2027-01-23T15:25:08,27808783752;27808784527,"C=US, O=GoDaddy.com, CN=GoDaddy TLS Intermediate CA DV - R1v1"
aichat.niams.nih.gov,Yes,Yes,1,1,2025-09-12T15:47:17,2026-10-12T15:46:17,20971120299,"C=US, O=IdenTrust, OU=HydrantID Trusted Certificate Service, CN=HydrantID Server CA O1"
alcoholpolicy.niaaa.nih.gov,Yes,Yes,1,1,2026-01-12T16:18:45,2027-02-11T16:17:45,23724570905,"C=US, O=IdenTrust, OU=HydrantID Trusted Certificate Service, CN=HydrantID Server CA O1"
alcoholtreatment.niaaa.nih.gov,Yes,Yes,3,2,2026-09-05T21:05:10,2026-12-04T21:18:12,29382297422;29382557251;29382280919,"C=US, O=Let's Encrypt, CN=YE2;C=US, O=Let's Encrypt, CN=YR2"
allofus.nih.gov,Yes,Yes,3,2,2026-01-27T00:00:00,2027-02-27T23:59:59,28500605996;28500662483;24017472513,"C=US, O=DigiCert Inc, CN=DigiCert Global G2 TLS RSA SHA256 2020 CA1;C=US, O=Amazon, CN=Amazon RSA 2048 M01"
alzped.nia.nih.gov,Yes,Yes,2,1,2026-06-03T00:00:00,2026-12-17T23:59:59,26844956179;26965465294,"C=US, O=Amazon, CN=Amazon RSA 2048 M01"
ambis.niaid.nih.gov,Yes,Yes,1,1,2026-04-30T15:57:52,2026-11-15T15:56:52,26271160033,"C=US, O=IdenTrust, OU=HydrantID Trusted Certificate Service, CN=HydrantID Server CA O1"
ambis5-vip.niaid.nih.gov,No,Yes,1,1,2026-04-30T15:57:52,2026-11-15T15:56:52,26271160033,"C=US, O=IdenTrust, OU=HydrantID Trusted Certificate Service, CN=HydrantID Server CA O1"
ambis5qa-vip.niaid.nih.gov,No,Yes,1,1,2026-04-28T19:27:26,2026-11-13T19:26:26,26254785954,"C=US, O=IdenTrust, OU=HydrantID Trusted Certificate Service, CN=HydrantID Server CA O1"
ambis5qa.niaid.nih.gov,No,Yes,1,1,2026-04-28T19:27:26,2026-11-13T19:26:26,26254785954,"C=US, O=IdenTrust, OU=HydrantID Trusted Certificate Service, CN=HydrantID Server CA O1"
ambis5ws.niaid.nih.gov,No,Yes,1,1,2026-04-30T15:57:52,2026-11-15T15:56:52,26271160033,"C=US, O=IdenTrust, OU=HydrantID Trusted Certificate Service, CN=HydrantID Server CA O1"
ambis5wsqa.niaid.nih.gov,Yes,Yes,1,1,2026-04-28T19:27:26,2026-11-13T19:26:26,26254785954,"C=US, O=IdenTrust, OU=HydrantID Trusted Certificate Service, CN=HydrantID Server CA O1"
ambisvendormatching.niaid.nih.gov,No,Yes,1,1,2026-05-27T22:20:48,2026-12-12T22:19:48,26691530782,"C=US, O=IdenTrust, OU=HydrantID Trusted Certificate Service, CN=HydrantID Server CA O1"
ambisws.niaid.nih.gov,No,Yes,1,1,2026-04-30T15:57:52,2026-11-15T15:56:52,26271160033,"C=US, O=IdenTrust, OU=HydrantID Trusted Certificate Service, CN=HydrantID Server CA O1"
ambsurvey-test.nichd.nih.gov,No,Yes,1,1,2026-06-17T16:36:21,2027-01-02T16:35:21,27266318189,"C=US, O=IdenTrust, OU=HydrantID Trusted Certificate Service, CN=HydrantID Server CA O1"
ambsurvey.nichd.nih.gov,No,Yes,1,1,2026-08-20T20:03:06,2027-03-07T20:02:06,28865869449,"C=US, O=IdenTrust, OU=HydrantID Trusted Certificate Service, CN=HydrantID Server CA O1"
ampss.nih.gov,No,Yes,1,1,2026-05-07T13:46:01,2026-11-22T13:45:01,26383191444,"C=US, O=IdenTrust, OU=HydrantID Trusted Certificate Service, CN=HydrantID Server CA O1"
amrifw0.ninds.nih.gov,No,Yes,1,1,2026-06-17T16:36:48,2027-01-02T16:35:48,27266336794,"C=US, O=IdenTrust, OU=HydrantID Trusted Certificate Service, CN=HydrantID Server CA O1"
amrifw1.ninds.nih.gov,No,Yes,1,1,2026-06-17T16:36:48,2027-01-02T16:35:48,27266336794,"C=US, O=IdenTrust, OU=HydrantID Trusted Certificate Service, CN=HydrantID Server CA O1"
amrifw2.ninds.nih.gov,No,Yes,1,1,2026-06-17T16:36:48,2027-01-02T16:35:48,27266336794,"C=US, O=IdenTrust, OU=HydrantID Trusted Certificate Service, CN=HydrantID Server CA O1"
amrifw3.ninds.nih.gov,No,Yes,1,1,2026-06-17T16:36:48,2027-01-02T16:35:48,27266336794,"C=US, O=IdenTrust, OU=HydrantID Trusted Certificate Service, CN=HydrantID Server CA O1"
analytics.niaid.nih.gov,Yes,Yes,1,1,2025-09-27T02:38:43,2026-10-27T02:37:43,21304866442,"C=US, O=IdenTrust, OU=HydrantID Trusted Certificate Service, CN=HydrantID Server CA O1"
analytics.nih.gov,No,Yes,1,1,2026-07-31T21:05:42,2027-02-15T21:04:42,28418193006,"C=US, O=IdenTrust, OU=HydrantID Trusted Certificate Service, CN=HydrantID Server CA O1"
analytics.opa-analytics.od.nih.gov,No,Yes,1,1,2026-07-31T21:05:42,2027-02-15T21:04:42,28418193006,"C=US, O=IdenTrust, OU=HydrantID Trusted Certificate Service, CN=HydrantID Server CA O1"
analyticsqa.niaid.nih.gov,Yes,Yes,1,1,2025-11-26T03:54:03,2026-12-26T03:53:03,22736969630,"C=US, O=IdenTrust, OU=HydrantID Trusted Certificate Service, CN=HydrantID Server CA O1"
animalresearch.nih.gov,Yes,Yes,1,1,2025-11-20T15:35:00,2026-12-20T15:34:00,22620644785,"C=US, O=IdenTrust, OU=HydrantID Trusted Certificate Service, CN=HydrantID Server CA O1"
antivirals.niaid.nih.gov,No,Yes,1,1,2026-08-03T18:57:31,2027-02-18T18:56:31,28501832980,"C=US, O=IdenTrust, OU=HydrantID Trusted Certificate Service, CN=HydrantID Server CA O1"
anyprint.nlm.nih.gov,Yes,Yes,2,1,2025-11-20T00:00:00,2026-12-04T23:59:59,22623833935;23785424732,"C=US, O=DigiCert Inc, CN=DigiCert Global G2 TLS RSA SHA256 2020 CA1"
api-staging.data.niaid.nih.gov,Yes,Yes,1,1,2026-02-05T15:00:08,2027-03-07T14:59:08,24204241247,"C=US, O=IdenTrust, OU=HydrantID Trusted Certificate Service, CN=HydrantID Server CA O1"
api.data.niaid.nih.gov,Yes,Yes,1,1,2026-02-05T15:02:50,2027-03-07T15:01:50,24204280227,"C=US, O=IdenTrust, OU=HydrantID Trusted Certificate Service, CN=HydrantID Server CA O1"
api.grants.nih.gov,Yes,Yes,1,1,2026-06-09T14:44:34,2026-12-25T14:43:34,27025083001,"C=US, O=IdenTrust, OU=HydrantID Trusted Certificate Service, CN=HydrantID Server CA O1"
api.niehs.nih.gov,Yes,Yes,4,2,2026-08-15T19:13:00,2026-11-13T23:17:55,28962981218;28907077333;28948007289;28925934486,"C=US, O=Google Trust Services, CN=WR1;C=US, O=Google Trust Services, CN=WE1"
api.ods.od.nih.gov,Yes,Yes,2,1,2026-08-06T13:53:24,2026-11-04T13:53:23,28591590935;28591579296,"C=US, O=Let's Encrypt, CN=YR1"
api.strap.trials-dev.nci.nih.gov,No,Yes,3,1,2026-08-21T00:00:00,2027-03-07T23:59:59,28892837062;28892829113;28895027858,"C=US, O=DigiCert Inc, CN=DigiCert Global G2 TLS RSA SHA256 2020 CA1"
api.strap.trials-prod.nci.nih.gov,No,Yes,3,1,2026-08-21T00:00:00,2027-03-07T23:59:59,28892837062;28892829113;28895027858,"C=US, O=DigiCert Inc, CN=DigiCert Global G2 TLS RSA SHA256 2020 CA1"
api.strap.trials-stage.nci.nih.gov,No,Yes,3,1,2026-08-21T00:00:00,2027-03-07T23:59:59,28892837062;28892829113;28895027858,"C=US, O=DigiCert Inc, CN=DigiCert Global G2 TLS RSA SHA256 2020 CA1"
api.strap.trials-staging.nci.nih.gov,No,Yes,3,1,2026-08-21T00:00:00,2027-03-07T23:59:59,28892837062;28892829113;28895027858,"C=US, O=DigiCert Inc, CN=DigiCert Global G2 TLS RSA SHA256 2020 CA1"
api.strap.trials.nci.nih.gov,No,Yes,3,1,2026-08-21T00:00:00,2027-03-07T23:59:59,28892837062;28892829113;28895027858,"C=US, O=DigiCert Inc, CN=DigiCert Global G2 TLS RSA SHA256 2020 CA1"
apidev-acquia.niehs.nih.gov,No,Yes,3,2,2025-12-03T00:00:00,2026-12-02T23:59:59,22886422642;29284870146;29125620113,"C=US, O=Let's Encrypt, CN=YR1;C=US, O=DigiCert Inc, CN=DigiCert Global G2 TLS RSA SHA256 2020 CA1"
apigatewaydev.ha.nih.gov,Yes,Yes,1,1,2026-05-04T16:33:50,2026-11-19T16:32:50,26312888620,"C=US, O=IdenTrust, OU=HydrantID Trusted Certificate Service, CN=HydrantID Server CA O1"
apis.ncats.nih.gov,Yes,Yes,1,1,2026-05-15T17:12:06,2026-11-30T17:11:06,26453087463,"C=US, O=IdenTrust, OU=HydrantID Trusted Certificate Service, CN=HydrantID Server CA O1"
apis.niaaa.nih.gov,Yes,Yes,1,1,2026-02-13T15:53:32,2027-03-15T15:52:32,24385339065,"C=US, O=IdenTrust, OU=HydrantID Trusted Certificate Service, CN=HydrantID Server CA O1"
apisstaging.niaaa.nih.gov,Yes,Yes,1,1,2026-04-01T16:24:34,2026-10-16T16:24:34,25310603637,"C=US, ST=Arizona, L=Scottsdale, O=""GoDaddy.com, Inc."", OU=http://certs.godaddy.com/repository/, CN=Go Daddy Secure Certificate Authority - G2"
apistage-acquia.niehs.nih.gov,No,Yes,2,1,2026-08-27T11:29:40,2026-11-25T11:29:39,29261013928;29125620821,"C=US, O=Let's Encrypt, CN=YR2"
aplb8nagios01ilo.nlm.nih.gov,Yes,Yes,1,1,2026-06-26T00:00:00,2027-01-10T23:59:59,27502678199,"C=US, O=DigiCert Inc, CN=DigiCert Global G2 TLS RSA SHA256 2020 CA1"
apmtest.nhlbi.nih.gov,Yes,Yes,1,1,2025-12-12T05:15:56,2027-01-11T05:14:56,23067818429,"C=US, O=IdenTrust, OU=HydrantID Trusted Certificate Service, CN=HydrantID Server CA O1"
appgw-dev.niaid.nih.gov,Yes,Yes,48,2,2026-07-26T14:33:13,2026-11-22T15:33:57,28464748660;28925169154;28925168748;28679207959;28529549850;28267083568;28496747273;28623037287;28353767788;28743825943;28561562844;28324023017;28438678636;28679211823;29537988880;28966782726;29169138042;28651232669;28592382576;28324026272;28881941842;28411386393;28810326186;28382862582;28267077143;28859028532;28623028463;28529551623;28353772455;28464736099;28743975876;28964159678;28295035174;28411382496;28561559185;28592384949;29254837882;28438672891;28853392884;28710196529;28496751861;29043069823;28910404069;28651230072;28382857375;28710179059;28295039640;28914303393,"C=US, O=Let's Encrypt, CN=YR1;C=US, O=Let's Encrypt, CN=YR2"
appraise.niaid.nih.gov,No,Yes,2,1,2025-09-27T05:54:35,2026-10-31T16:17:51,21308528177;21400341999,"C=US, O=IdenTrust, OU=HydrantID Trusted Certificate Service, CN=HydrantID Server CA O1"
approbo.n3c.ncats.nih.gov,Yes,Yes,1,1,2026-04-29T14:04:49,2026-11-14T14:03:49,26262346630,"C=US, O=IdenTrust, OU=HydrantID Trusted Certificate Service, CN=HydrantID Server CA O1"
apps-drtst.nida.nih.gov,Yes,Yes,1,1,2025-09-30T15:25:17,2026-10-30T15:24:17,21376497647,"C=US, O=IdenTrust, OU=HydrantID Trusted Certificate Service, CN=HydrantID Server CA O1"
apps-www-dr.nhlbi.nih.gov,Yes,Yes,1,1,2026-02-12T20:54:22,2027-02-12T20:53:22,24365787686,"C=US, O=IdenTrust, OU=HydrantID Trusted Certificate Service, CN=HydrantID Server CA O1"
apps-www.nhlbi.nih.gov,Yes,Yes,1,1,2026-01-29T20:08:40,2027-01-29T20:07:40,24064235087,"C=US, O=IdenTrust, OU=HydrantID Trusted Certificate Service, CN=HydrantID Server CA O1"
apps.dr.nhlbi.nih.gov,Yes,Yes,1,1,2025-10-02T20:11:40,2026-11-01T20:10:40,21426195241,"C=US, O=IdenTrust, OU=HydrantID Trusted Certificate Service, CN=HydrantID Server CA O1"
apps.fic.nih.gov,Yes,Yes,1,1,2025-11-04T17:59:16,2026-12-04T17:58:16,22205595597,"C=US, O=IdenTrust, OU=HydrantID Trusted Certificate Service, CN=HydrantID Server CA O1"
apps.masnp.nci.nih.gov,Yes,Yes,1,1,2026-09-08T18:43:52,2026-12-07T18:43:51,29512323047,"C=US, O=Let's Encrypt, CN=YR1"
apps.nhlbi.nih.gov,No,Yes,4,1,2025-10-02T20:11:40,2027-02-04T21:49:43,21426195241;21750507680;21623695188;23574220208,"C=US, O=IdenTrust, OU=HydrantID Trusted Certificate Service, CN=HydrantID Server CA O1"
apps.niaid.nih.gov,Yes,Yes,2,1,2025-10-21T12:45:15,2026-11-20T12:44:15,25315440586;21884490384,"C=US, O=IdenTrust, OU=HydrantID Trusted Certificate Service, CN=HydrantID Server CA O1"
apps.nida.nih.gov,Yes,Yes,1,1,2025-12-01T16:05:14,2026-12-01T16:05:14,22845431272,"C=US, ST=Arizona, L=Scottsdale, O=""GoDaddy.com, Inc."", OU=http://certs.godaddy.com/repository/, CN=Go Daddy Secure Certificate Authority - G2"
apps.niehs.nih.gov,No,Yes,6,3,2025-11-19T00:00:00,2027-02-10T23:59:59,29441412356;28810901974;24340766066;28810901960;22705834544;22596618915,"C=US, O=Let's Encrypt, CN=YR1;C=US, O=Let's Encrypt, CN=YR2;C=US, O=DigiCert Inc, CN=DigiCert Global G2 TLS RSA SHA256 2020 CA1"
apps.nonprod.nhlbi.nih.gov,Yes,Yes,1,1,2025-10-09T22:35:44,2026-11-08T22:34:44,21609398191,"C=US, O=IdenTrust, OU=HydrantID Trusted Certificate Service, CN=HydrantID Server CA O1"
apps.nonprodaro.nhlbi.nih.gov,Yes,Yes,1,1,2026-04-01T19:07:08,2026-10-17T19:06:08,25316227237,"C=US, O=IdenTrust, OU=HydrantID Trusted Certificate Service, CN=HydrantID Server CA O1"
apps1dev1.niehs.nih.gov,No,Yes,1,1,2025-10-17T00:00:00,2026-10-16T23:59:59,21786469075,"C=US, O=DigiCert Inc, CN=DigiCert Global G2 TLS RSA SHA256 2020 CA1"
apps1prd1.niehs.nih.gov,No,Yes,3,2,2025-11-20T00:00:00,2027-02-10T23:59:59,24340766066;22624796419;29441412356,"C=US, O=Let's Encrypt, CN=YR1;C=US, O=DigiCert Inc, CN=DigiCert Global G2 TLS RSA SHA256 2020 CA1"
apps1tst1.niehs.nih.gov,No,Yes,1,1,2025-10-17T00:00:00,2026-10-16T23:59:59,21786873851,"C=US, O=DigiCert Inc, CN=DigiCert Global G2 TLS RSA SHA256 2020 CA1"
apps2dev2.niehs.nih.gov,No,Yes,1,1,2025-10-17T00:00:00,2026-10-16T23:59:59,21786469075,"C=US, O=DigiCert Inc, CN=DigiCert Global G2 TLS RSA SHA256 2020 CA1"
apps2prd2.niehs.nih.gov,No,Yes,3,2,2025-11-20T00:00:00,2027-02-10T23:59:59,24340766066;22624796419;29441412356,"C=US, O=Let's Encrypt, CN=YR1;C=US, O=DigiCert Inc, CN=DigiCert Global G2 TLS RSA SHA256 2020 CA1"
apps2tst2.niehs.nih.gov,No,Yes,1,1,2025-10-17T00:00:00,2026-10-16T23:59:59,21786873851,"C=US, O=DigiCert Inc, CN=DigiCert Global G2 TLS RSA SHA256 2020 CA1"
apps3prd3.niehs.nih.gov,No,Yes,3,2,2025-11-20T00:00:00,2027-02-10T23:59:59,24340766066;22624796419;29441412356,"C=US, O=Let's Encrypt, CN=YR1;C=US, O=DigiCert Inc, CN=DigiCert Global G2 TLS RSA SHA256 2020 CA1"
apps4prd4.niehs.nih.gov,No,Yes,3,2,2025-11-20T00:00:00,2027-02-10T23:59:59,24340766066;22624796419;29441412356,"C=US, O=Let's Encrypt, CN=YR1;C=US, O=DigiCert Inc, CN=DigiCert Global G2 TLS RSA SHA256 2020 CA1"
appsdev-peph.niehs.nih.gov,Yes,Yes,1,1,2025-10-28T00:00:00,2026-10-27T23:59:59,22067506038,"C=US, O=DigiCert Inc, CN=DigiCert Global G2 TLS RSA SHA256 2020 CA1"
appsprd.niehs.nih.gov,No,Yes,2,1,2025-11-19T00:00:00,2026-11-23T23:59:59,22705834544;22596618915,"C=US, O=DigiCert Inc, CN=DigiCert Global G2 TLS RSA SHA256 2020 CA1"
appvault.ncats.nih.gov,Yes,Yes,1,1,2026-07-28T19:25:55,2027-02-12T19:24:55,28329089818,"C=US, O=IdenTrust, OU=HydrantID Trusted Certificate Service, CN=HydrantID Server CA O1"
arcr.niaaa.nih.gov,Yes,Yes,12,4,2026-07-22T12:51:28,2026-12-18T16:47:10,28154351854;28154112714;28154362695;28154357482;28154114478;28154112709;29641676114;28154350477;29641370344;28154114298;29636338942;29636328739,"C=US, O=Let's Encrypt, CN=YE2;C=US, O=Let's Encrypt, CN=YR1;C=US, O=Let's Encrypt, CN=YR2;C=US, O=Let's Encrypt, CN=YE1"
argocd-nihhubs.nih.gov,Yes,Yes,1,1,2026-05-21T18:23:38,2026-12-06T18:22:38,26527591750,"C=US, O=IdenTrust, OU=HydrantID Trusted Certificate Service, CN=HydrantID Server CA O1"
argocd.opa-analytics.od.nih.gov,No,Yes,1,1,2026-07-31T21:05:42,2027-02-15T21:04:42,28418193006,"C=US, O=IdenTrust, OU=HydrantID Trusted Certificate Service, CN=HydrantID Server CA O1"
argocd.opa-dev-traefik.od.nih.gov,No,Yes,1,1,2026-04-06T18:29:24,2026-10-22T18:28:24,25572363849,"C=US, O=IdenTrust, OU=HydrantID Trusted Certificate Service, CN=HydrantID Server CA O1"
argocd.opa-dev.od.nih.gov,No,Yes,1,1,2026-04-28T16:22:32,2026-11-13T16:21:32,26253382252,"C=US, O=IdenTrust, OU=HydrantID Trusted Certificate Service, CN=HydrantID Server CA O1"
argocd.opa-itools-traefik.od.nih.gov,No,Yes,1,1,2026-02-26T17:21:44,2027-03-28T17:20:44,24660471480,"C=US, O=IdenTrust, OU=HydrantID Trusted Certificate Service, CN=HydrantID Server CA O1"
argocd.opa-itools.od.nih.gov,No,Yes,3,1,2025-10-16T16:08:53,2026-11-15T16:07:53,21763591559;25928962646;25259626214,"C=US, O=IdenTrust, OU=HydrantID Trusted Certificate Service, CN=HydrantID Server CA O1"
argocd.opa-tools.od.nih.gov,No,Yes,4,1,2026-05-14T18:20:09,2027-03-07T16:48:29,26444917519;28715696537;28715676118;28864586149,"C=US, O=IdenTrust, OU=HydrantID Trusted Certificate Service, CN=HydrantID Server CA O1"
argocd1.opa-tools.od.nih.gov,No,Yes,1,1,2026-05-14T18:20:09,2026-11-29T18:19:09,26444917519,"C=US, O=IdenTrust, OU=HydrantID Trusted Certificate Service, CN=HydrantID Server CA O1"
arps-xess-dev.niaid.nih.gov,No,Yes,1,1,2026-07-16T14:01:38,2027-01-31T14:00:38,27983954834,"C=US, O=IdenTrust, OU=HydrantID Trusted Certificate Service, CN=HydrantID Server CA O1"
arps.niaid.nih.gov,No,Yes,3,1,2025-10-02T15:54:05,2026-11-22T13:45:01,21582840129;21422326154;26383191444,"C=US, O=IdenTrust, OU=HydrantID Trusted Certificate Service, CN=HydrantID Server CA O1"
arpsdev.niaid.nih.gov,No,Yes,1,1,2025-10-30T20:37:18,2026-11-29T20:36:18,22108664794,"C=US, O=IdenTrust, OU=HydrantID Trusted Certificate Service, CN=HydrantID Server CA O1"
arpsqa.niaid.nih.gov,No,Yes,4,1,2025-10-30T21:18:15,2027-02-12T22:32:22,22109076955;28332908659;26251764462;22183752092,"C=US, O=IdenTrust, OU=HydrantID Trusted Certificate Service, CN=HydrantID Server CA O1"
art.csr.nih.gov,Yes,Yes,1,1,2026-02-27T21:17:14,2027-03-29T21:16:14,24684127185,"C=US, O=IdenTrust, OU=HydrantID Trusted Certificate Service, CN=HydrantID Server CA O1"
art2.csr.nih.gov,Yes,Yes,1,1,2025-11-20T15:23:28,2026-12-20T15:22:28,22620474147,"C=US, O=IdenTrust, OU=HydrantID Trusted Certificate Service, CN=HydrantID Server CA O1"
artic.niaid.nih.gov,No,Yes,1,1,2025-09-17T16:06:05,2026-10-17T16:05:05,21088208262,"C=US, O=IdenTrust, OU=HydrantID Trusted Certificate Service, CN=HydrantID Server CA O1"
artifactory.niaid.nih.gov,Yes,Yes,1,1,2025-11-14T16:43:47,2026-12-14T16:42:47,22467860866,"C=US, O=IdenTrust, OU=HydrantID Trusted Certificate Service, CN=HydrantID Server CA O1"
artifactorydev.niaid.nih.gov,Yes,Yes,2,1,2026-05-12T10:59:32,2026-11-27T11:03:58,26422895892;26422879821,"C=US, O=IdenTrust, OU=HydrantID Trusted Certificate Service, CN=HydrantID Server CA O1"
arusha.nhgri.nih.gov,No,Yes,1,1,2025-09-22T17:49:35,2026-10-22T17:48:35,21204990231,"C=US, O=IdenTrust, OU=HydrantID Trusted Certificate Service, CN=HydrantID Server CA O1"
asbfeedback-test.nichd.nih.gov,No,Yes,1,1,2026-06-17T16:36:21,2027-01-02T16:35:21,27266318189,"C=US, O=IdenTrust, OU=HydrantID Trusted Certificate Service, CN=HydrantID Server CA O1"
asbfeedback.nichd.nih.gov,No,Yes,1,1,2026-08-20T20:03:06,2027-03-07T20:02:06,28865869449,"C=US, O=IdenTrust, OU=HydrantID Trusted Certificate Service, CN=HydrantID Server CA O1"
asi-api.ncats.nih.gov,Yes,Yes,1,1,2025-10-06T13:32:09,2026-11-05T13:31:09,21521716970,"C=US, O=IdenTrust, OU=HydrantID Trusted Certificate Service, CN=HydrantID Server CA O1"
asi.ncats.nih.gov,Yes,Yes,1,1,2025-10-07T14:23:55,2026-11-06T14:22:55,21548876345,"C=US, O=IdenTrust, OU=HydrantID Trusted Certificate Service, CN=HydrantID Server CA O1"
askcos-api.ncats.nih.gov,Yes,Yes,1,1,2025-09-09T16:04:44,2026-10-09T16:03:44,20900966370,"C=US, O=IdenTrust, OU=HydrantID Trusted Certificate Service, CN=HydrantID Server CA O1"
askit.nih.gov,Yes,Yes,1,1,2026-01-21T21:21:15,2027-02-20T21:20:15,23905202333,"C=US, O=IdenTrust, OU=HydrantID Trusted Certificate Service, CN=HydrantID Server CA O1"
aspera-immport.niaid.nih.gov,Yes,Yes,4,1,2025-09-26T17:49:56,2027-02-01T15:03:54,21294989293;28014336421;28014196875;27905691489,"C=US, O=IdenTrust, OU=HydrantID Trusted Certificate Service, CN=HydrantID Server CA O1"
asr-api.ncats.nih.gov,Yes,Yes,1,1,2026-02-03T19:45:59,2027-03-05T19:44:59,24165585747,"C=US, O=IdenTrust, OU=HydrantID Trusted Certificate Service, CN=HydrantID Server CA O1"
asr.ncats.nih.gov,Yes,Yes,1,1,2026-04-21T18:38:26,2026-11-06T18:37:26,26073495763,"C=US, O=IdenTrust, OU=HydrantID Trusted Certificate Service, CN=HydrantID Server CA O1"
asthmabirthcohorts.niaid.nih.gov,Yes,Yes,4,1,2026-04-23T00:00:00,2026-12-08T23:59:59,27003007599;25725311327;27002944165;25711653221,"C=US, O=DigiCert Inc, OU=www.digicert.com, CN=GeoTrust TLS RSA CA G1"
auth-dev.nbscloud.nih.gov,No,Yes,1,1,2025-11-04T14:12:19,2026-12-04T14:11:19,22201945315,"C=US, O=IdenTrust, OU=HydrantID Trusted Certificate Service, CN=HydrantID Server CA O1"
auth-prod.nbscloud.nih.gov,No,Yes,1,1,2025-11-13T13:58:01,2026-12-13T13:57:01,22440720608,"C=US, O=IdenTrust, OU=HydrantID Trusted Certificate Service, CN=HydrantID Server CA O1"
auth-test.niaaa.nih.gov,Yes,Yes,1,1,2025-11-21T16:19:58,2026-12-21T16:18:58,22644421119,"C=US, O=IdenTrust, OU=HydrantID Trusted Certificate Service, CN=HydrantID Server CA O1"
auth-vds.ncats.nih.gov,Yes,Yes,1,1,2026-01-09T22:18:49,2027-02-08T22:17:49,23665400911,"C=US, O=IdenTrust, OU=HydrantID Trusted Certificate Service, CN=HydrantID Server CA O1"
auth.globe.nih.gov,Yes,Yes,1,1,2025-11-26T00:00:00,2026-12-25T23:59:59,22734740670,"C=US, O=Amazon, CN=Amazon RSA 2048 M04"
auth.ncats.nih.gov,Yes,Yes,1,1,2025-12-05T20:08:58,2027-01-04T20:07:58,22910972913,"C=US, O=IdenTrust, OU=HydrantID Trusted Certificate Service, CN=HydrantID Server CA O1"
auth.niaaa.nih.gov,Yes,Yes,1,1,2025-10-03T14:47:25,2026-11-02T14:46:25,21446160592,"C=US, O=IdenTrust, OU=HydrantID Trusted Certificate Service, CN=HydrantID Server CA O1"
auth.nigms.nih.gov,Yes,Yes,1,1,2025-09-09T16:11:18,2026-10-09T16:10:18,20901088116,"C=US, O=IdenTrust, OU=HydrantID Trusted Certificate Service, CN=HydrantID Server CA O1"
auth.ntmportals.niaid.nih.gov,Yes,Yes,1,1,2026-08-10T00:00:00,2027-02-23T23:59:59,28706829471,"C=US, O=Amazon, CN=Amazon RSA 2048 M04"
authdev.ha.nih.gov,No,Yes,1,1,2025-11-12T18:27:03,2026-12-12T18:26:03,22418388497,"C=US, O=IdenTrust, OU=HydrantID Trusted Certificate Service, CN=HydrantID Server CA O1"
authdev.nih.gov,Yes,Yes,1,1,2025-11-12T18:27:03,2026-12-12T18:26:03,22418388497,"C=US, O=IdenTrust, OU=HydrantID Trusted Certificate Service, CN=HydrantID Server CA O1"
authinternal.ha.nih.gov,No,Yes,1,1,2025-11-04T18:09:48,2026-12-04T18:08:48,22205793383,"C=US, O=IdenTrust, OU=HydrantID Trusted Certificate Service, CN=HydrantID Server CA O1"
authinternal.nih.gov,Yes,Yes,1,1,2025-11-04T18:09:48,2026-12-04T18:08:48,22205793383,"C=US, O=IdenTrust, OU=HydrantID Trusted Certificate Service, CN=HydrantID Server CA O1"
authmanager.ntmportals.niaid.nih.gov,Yes,Yes,1,1,2026-08-10T00:00:00,2027-02-23T23:59:59,28706855012,"C=US, O=Amazon, CN=Amazon RSA 2048 M04"
authproxy.ha.nih.gov,No,Yes,1,1,2026-07-28T19:21:50,2027-02-12T19:20:50,28329003897,"C=US, O=IdenTrust, OU=HydrantID Trusted Certificate Service, CN=HydrantID Server CA O1"
authproxy.nih.gov,Yes,Yes,1,1,2026-07-28T19:21:50,2027-02-12T19:20:50,28329003897,"C=US, O=IdenTrust, OU=HydrantID Trusted Certificate Service, CN=HydrantID Server CA O1"
authproxydev.ha.nih.gov,No,Yes,1,1,2026-01-09T22:18:25,2027-02-08T22:17:25,23665382838,"C=US, O=IdenTrust, OU=HydrantID Trusted Certificate Service, CN=HydrantID Server CA O1"
authproxydev.nih.gov,Yes,Yes,1,1,2026-01-09T22:18:25,2027-02-08T22:17:25,23665382838,"C=US, O=IdenTrust, OU=HydrantID Trusted Certificate Service, CN=HydrantID Server CA O1"
authproxytest.ha.nih.gov,Yes,Yes,2,1,2025-11-04T18:10:58,2026-12-04T18:09:58,25865144504;22205819072,"C=US, O=IdenTrust, OU=HydrantID Trusted Certificate Service, CN=HydrantID Server CA O1"
authproxytest.nih.gov,Yes,Yes,1,1,2025-11-04T18:10:58,2026-12-04T18:09:58,22205819072,"C=US, O=IdenTrust, OU=HydrantID Trusted Certificate Service, CN=HydrantID Server CA O1"
authtest.ha.nih.gov,No,Yes,1,1,2026-01-07T15:50:29,2027-02-06T15:49:29,23611811309,"C=US, O=IdenTrust, OU=HydrantID Trusted Certificate Service, CN=HydrantID Server CA O1"
authtest.nih.gov,Yes,Yes,1,1,2026-01-07T15:50:29,2027-02-06T15:49:29,23611811309,"C=US, O=IdenTrust, OU=HydrantID Trusted Certificate Service, CN=HydrantID Server CA O1"
autodiscover.mail.nihdev.cit.nih.gov,No,Yes,2,1,2025-12-19T00:00:00,2027-01-19T23:59:59,23218165891;23218188655,"C=CA, O=Entrust Limited, CN=Entrust OV TLS Issuing RSA CA 2"
autodiscover.nihdev.cit.nih.gov,No,Yes,2,1,2025-12-19T00:00:00,2027-01-19T23:59:59,23218165891;23218188655,"C=CA, O=Entrust Limited, CN=Entrust OV TLS Issuing RSA CA 2"
autostore.niaid.nih.gov,No,Yes,1,1,2026-04-07T14:06:58,2026-10-23T14:05:58,25611425872,"C=US, O=IdenTrust, OU=HydrantID Trusted Certificate Service, CN=HydrantID Server CA O1"
avid-connect.niaid.nih.gov,Yes,Yes,1,1,2026-04-20T14:04:25,2026-11-05T14:03:25,26039720013,"C=US, O=IdenTrust, OU=HydrantID Trusted Certificate Service, CN=HydrantID Server CA O1"
awards-xess-dev.niaid.nih.gov,No,Yes,1,1,2026-07-16T14:01:38,2027-01-31T14:00:38,27983954834,"C=US, O=IdenTrust, OU=HydrantID Trusted Certificate Service, CN=HydrantID Server CA O1"
awards.niaid.nih.gov,No,Yes,1,1,2026-05-07T13:46:01,2026-11-22T13:45:01,26383191444,"C=US, O=IdenTrust, OU=HydrantID Trusted Certificate Service, CN=HydrantID Server CA O1"
awardsqa.niaid.nih.gov,No,Yes,1,1,2026-04-28T12:38:15,2026-11-13T12:37:15,26251764462,"C=US, O=IdenTrust, OU=HydrantID Trusted Certificate Service, CN=HydrantID Server CA O1"
awsab.nlm.nih.gov,Yes,Yes,4,2,2026-02-08T00:00:00,2027-03-09T23:59:59,24273216549;26152001398;28988422845;25870278374,"C=US, O=Amazon, CN=Amazon RSA 2048 M04;C=US, O=Amazon, CN=Amazon RSA 2048 M01"
awsint.nlm.nih.gov,Yes,Yes,5,2,2026-01-05T00:00:00,2027-02-03T23:59:59,27901409772;25447247597;25622992860;23559292441;27170915683,"C=US, O=Amazon, CN=Amazon RSA 2048 M04;C=US, O=Amazon, CN=Amazon RSA 2048 M01"
awsprod.nlm.nih.gov,No,Yes,18,2,2025-10-19T00:00:00,2027-03-08T23:59:59,21820920441;28081236716;26648650992;22892269431;28942303657;26592996148;25448799038;22916240363;27556872565;25630657058;25526245813;28940075399;25628498332;25360190913;27821682673;25327113330;22892197051;27514364406,"C=US, O=Amazon, CN=Amazon RSA 2048 M04;C=US, O=Amazon, CN=Amazon RSA 2048 M01"
awsqa.nlm.nih.gov,No,Yes,2,2,2026-04-16T00:00:00,2026-12-25T23:59:59,27069793634;25539528492,"C=US, O=Amazon, CN=Amazon RSA 2048 M04;C=US, O=Amazon, CN=Amazon RSA 2048 M01"
awssec.nlm.nih.gov,Yes,Yes,2,1,2026-05-28T00:00:00,2026-12-12T23:59:59,26710174569;26738136175,"C=US, O=DigiCert Inc, CN=DigiCert Global G2 TLS RSA SHA256 2020 CA1"
azureproxylb.nei.nih.gov,Yes,Yes,1,1,2026-07-28T19:15:41,2027-02-12T19:14:41,28328886038,"C=US, O=IdenTrust, OU=HydrantID Trusted Certificate Service, CN=HydrantID Server CA O1"
b10-cc-intdns-b1n243-a.net.nih.gov,No,Yes,1,1,2026-06-04T18:15:48,2026-12-20T18:14:48,26891796824,"C=US, O=IdenTrust, OU=HydrantID Trusted Certificate Service, CN=HydrantID Server CA O1"
b10-cc-intdns-b1n243-b.net.nih.gov,No,Yes,1,1,2026-06-04T18:15:48,2026-12-20T18:14:48,26891796824,"C=US, O=IdenTrust, OU=HydrantID Trusted Certificate Service, CN=HydrantID Server CA O1"
b10-cc-intdns-b1n243.net.nih.gov,Yes,Yes,1,1,2026-06-04T18:15:48,2026-12-20T18:14:48,26891796824,"C=US, O=IdenTrust, OU=HydrantID Trusted Certificate Service, CN=HydrantID Server CA O1"
b10-cc-intdns-b25750-a.net.nih.gov,No,Yes,1,1,2026-06-04T18:11:34,2026-12-20T18:10:34,26891701136,"C=US, O=IdenTrust, OU=HydrantID Trusted Certificate Service, CN=HydrantID Server CA O1"
b10-cc-intdns-b25750-b.net.nih.gov,No,Yes,1,1,2026-06-04T18:11:34,2026-12-20T18:10:34,26891701136,"C=US, O=IdenTrust, OU=HydrantID Trusted Certificate Service, CN=HydrantID Server CA O1"
b10-cc-intdns-b25750.net.nih.gov,Yes,Yes,1,1,2026-06-04T18:11:34,2026-12-20T18:10:34,26891701136,"C=US, O=IdenTrust, OU=HydrantID Trusted Certificate Service, CN=HydrantID Server CA O1"
b10-nih-intdns-b1n243-a.net.nih.gov,No,Yes,1,1,2026-06-04T18:14:59,2026-12-20T18:13:59,26891771796,"C=US, O=IdenTrust, OU=HydrantID Trusted Certificate Service, CN=HydrantID Server CA O1"
b10-nih-intdns-b1n243-b.net.nih.gov,No,Yes,1,1,2026-06-04T18:14:59,2026-12-20T18:13:59,26891771796,"C=US, O=IdenTrust, OU=HydrantID Trusted Certificate Service, CN=HydrantID Server CA O1"
b10-nih-intdns-b1n243.net.nih.gov,Yes,Yes,1,1,2026-06-04T18:14:59,2026-12-20T18:13:59,26891771796,"C=US, O=IdenTrust, OU=HydrantID Trusted Certificate Service, CN=HydrantID Server CA O1"
b12-dc-lb-aq31-adc-b.net.nih.gov,Yes,Yes,1,1,2026-01-06T15:10:55,2027-02-05T15:09:55,23589569318,"C=US, O=IdenTrust, OU=HydrantID Trusted Certificate Service, CN=HydrantID Server CA O1"
b12-dc-lb-aq31-ise-b.net.nih.gov,Yes,Yes,1,1,2026-01-06T15:13:36,2027-02-05T15:12:36,23589599646,"C=US, O=IdenTrust, OU=HydrantID Trusted Certificate Service, CN=HydrantID Server CA O1"
b12-dc-lb-aq31-sso-d.net.nih.gov,Yes,Yes,1,1,2026-05-18T18:45:39,2026-12-03T18:44:39,26495032491,"C=US, O=IdenTrust, OU=HydrantID Trusted Certificate Service, CN=HydrantID Server CA O1"
b12-dc-lb-bg22-adc-a.net.nih.gov,Yes,Yes,1,1,2026-01-06T15:10:13,2027-02-05T15:09:13,23589555142,"C=US, O=IdenTrust, OU=HydrantID Trusted Certificate Service, CN=HydrantID Server CA O1"
b12-dc-lb-bg22-ise-a.net.nih.gov,Yes,Yes,1,1,2026-01-06T15:12:58,2027-02-05T15:11:58,23589596248,"C=US, O=IdenTrust, OU=HydrantID Trusted Certificate Service, CN=HydrantID Server CA O1"
b12-dc-lb-bg22-sso-c.net.nih.gov,Yes,Yes,1,1,2025-11-04T14:13:29,2026-12-04T14:12:29,22201960640,"C=US, O=IdenTrust, OU=HydrantID Trusted Certificate Service, CN=HydrantID Server CA O1"
b12-dnacenter.net.nih.gov,Yes,Yes,1,1,2026-01-08T16:34:11,2027-02-07T16:33:11,23636087419,"C=US, O=IdenTrust, OU=HydrantID Trusted Certificate Service, CN=HydrantID Server CA O1"
b12-gwlc-bi33-a1.net.nih.gov,Yes,Yes,1,1,2026-02-13T15:57:51,2027-03-15T15:56:51,24385420618,"C=US, O=IdenTrust, OU=HydrantID Trusted Certificate Service, CN=HydrantID Server CA O1"
b12-gwlc-bi33-b1.net.nih.gov,Yes,Yes,1,1,2026-02-13T15:58:08,2027-03-15T15:57:08,24385420913,"C=US, O=IdenTrust, OU=HydrantID Trusted Certificate Service, CN=HydrantID Server CA O1"
b12-ise-mnt.nih.gov,No,Yes,1,1,2026-08-18T18:10:37,2027-03-05T18:09:37,28843405365,"C=US, O=IdenTrust, OU=HydrantID Trusted Certificate Service, CN=HydrantID Server CA O1"
b12-ise-pan.nih.gov,No,Yes,1,1,2026-08-18T18:10:37,2027-03-05T18:09:37,28843405365,"C=US, O=IdenTrust, OU=HydrantID Trusted Certificate Service, CN=HydrantID Server CA O1"
b12-ise-psn1.nih.gov,No,Yes,1,1,2026-08-18T18:10:37,2027-03-05T18:09:37,28843405365,"C=US, O=IdenTrust, OU=HydrantID Trusted Certificate Service, CN=HydrantID Server CA O1"
b12-ise-psn2.nih.gov,No,Yes,1,1,2026-08-18T18:10:37,2027-03-05T18:09:37,28843405365,"C=US, O=IdenTrust, OU=HydrantID Trusted Certificate Service, CN=HydrantID Server CA O1"
b12-ise-psn3.nih.gov,No,Yes,1,1,2026-08-18T18:10:37,2027-03-05T18:09:37,28843405365,"C=US, O=IdenTrust, OU=HydrantID Trusted Certificate Service, CN=HydrantID Server CA O1"
b12-ise-psn4.nih.gov,No,Yes,1,1,2026-08-18T18:10:37,2027-03-05T18:09:37,28843405365,"C=US, O=IdenTrust, OU=HydrantID Trusted Certificate Service, CN=HydrantID Server CA O1"
b12-ise-psn5.nih.gov,No,Yes,1,1,2026-08-18T18:10:37,2027-03-05T18:09:37,28843405365,"C=US, O=IdenTrust, OU=HydrantID Trusted Certificate Service, CN=HydrantID Server CA O1"
b12-ise-psn6.nih.gov,No,Yes,1,1,2026-08-18T18:10:37,2027-03-05T18:09:37,28843405365,"C=US, O=IdenTrust, OU=HydrantID Trusted Certificate Service, CN=HydrantID Server CA O1"
b12-ise-psn7.nih.gov,No,Yes,1,1,2026-08-18T18:10:37,2027-03-05T18:09:37,28843405365,"C=US, O=IdenTrust, OU=HydrantID Trusted Certificate Service, CN=HydrantID Server CA O1"
b12-ise-psn8.nih.gov,No,Yes,1,1,2026-08-18T18:10:37,2027-03-05T18:09:37,28843405365,"C=US, O=IdenTrust, OU=HydrantID Trusted Certificate Service, CN=HydrantID Server CA O1"
b12-nih-dhcp.net.nih.gov,Yes,Yes,1,1,2026-06-02T19:22:48,2026-12-18T19:21:48,26835424786,"C=US, O=IdenTrust, OU=HydrantID Trusted Certificate Service, CN=HydrantID Server CA O1"
b12-nih-dmzdns.net.nih.gov,Yes,Yes,1,1,2026-06-02T19:20:49,2026-12-18T19:19:49,26835378765,"C=US, O=IdenTrust, OU=HydrantID Trusted Certificate Service, CN=HydrantID Server CA O1"
b12-nih-intdns3.net.nih.gov,Yes,Yes,1,1,2026-06-02T19:22:18,2026-12-18T19:21:18,26835424619,"C=US, O=IdenTrust, OU=HydrantID Trusted Certificate Service, CN=HydrantID Server CA O1"
b12-nih-intdns4.net.nih.gov,Yes,Yes,1,1,2026-06-02T19:24:05,2026-12-18T19:23:05,26835458667,"C=US, O=IdenTrust, OU=HydrantID Trusted Certificate Service, CN=HydrantID Server CA O1"
b12-nih-ipam-a.net.nih.gov,No,Yes,1,1,2025-10-30T20:05:30,2026-11-29T20:04:30,22108317615,"C=US, O=IdenTrust, OU=HydrantID Trusted Certificate Service, CN=HydrantID Server CA O1"
b12-nih-ipam-b.net.nih.gov,No,Yes,1,1,2025-10-30T20:05:30,2026-11-29T20:04:30,22108317615,"C=US, O=IdenTrust, OU=HydrantID Trusted Certificate Service, CN=HydrantID Server CA O1"
b12-nih-ipam-mgmt-a.net.nih.gov,No,Yes,1,1,2025-10-30T20:05:30,2026-11-29T20:04:30,22108317615,"C=US, O=IdenTrust, OU=HydrantID Trusted Certificate Service, CN=HydrantID Server CA O1"
b12-nih-ipam-mgmt-b.net.nih.gov,No,Yes,1,1,2025-10-30T20:05:30,2026-11-29T20:04:30,22108317615,"C=US, O=IdenTrust, OU=HydrantID Trusted Certificate Service, CN=HydrantID Server CA O1"
b28-orf-intdns-1b108.net.nih.gov,Yes,Yes,1,1,2026-06-09T14:42:40,2026-12-25T14:41:40,27025033740,"C=US, O=IdenTrust, OU=HydrantID Trusted Certificate Service, CN=HydrantID Server CA O1"
b8200-orf-intdns-1b107.net.nih.gov,Yes,Yes,1,1,2026-06-02T19:20:28,2026-12-18T19:19:28,26835379309,"C=US, O=IdenTrust, OU=HydrantID Trusted Certificate Service, CN=HydrantID Server CA O1"
balbrc-nih-intdns-122a-a.net.nih.gov,No,Yes,1,1,2026-06-04T19:44:35,2026-12-20T19:43:35,26893542103,"C=US, O=IdenTrust, OU=HydrantID Trusted Certificate Service, CN=HydrantID Server CA O1"
balbrc-nih-intdns-122a-b.net.nih.gov,No,Yes,1,1,2026-06-04T19:44:35,2026-12-20T19:43:35,26893542103,"C=US, O=IdenTrust, OU=HydrantID Trusted Certificate Service, CN=HydrantID Server CA O1"
balbrc-nih-intdns-122a.net.nih.gov,Yes,Yes,1,1,2026-06-04T19:44:35,2026-12-20T19:43:35,26893542103,"C=US, O=IdenTrust, OU=HydrantID Trusted Certificate Service, CN=HydrantID Server CA O1"
bcbblimsservice.niaid.nih.gov,No,Yes,1,1,2026-05-11T20:45:13,2026-11-26T20:44:13,26418276657,"C=US, O=IdenTrust, OU=HydrantID Trusted Certificate Service, CN=HydrantID Server CA O1"
bdc-data-submission-tracker-dev.nhlbi.nih.gov,No,Yes,2,1,2025-10-20T00:00:00,2026-11-18T23:59:59,21850801619;21853581717,"C=US, O=Amazon, CN=Amazon RSA 2048 M04"
bdc-data-submission-tracker-test.nhlbi.nih.gov,No,Yes,2,1,2025-10-19T00:00:00,2026-11-17T23:59:59,21820883298;21818734103,"C=US, O=Amazon, CN=Amazon RSA 2048 M04"
bdc-data-submission-tracker.nhlbi.nih.gov,No,Yes,2,1,2025-10-19T00:00:00,2026-11-17T23:59:59,21821027966;21819278169,"C=US, O=Amazon, CN=Amazon RSA 2048 M01"
bdc-data-sudmission-tracker-dev.nhlbi.nih.gov,Yes,Yes,1,1,2026-08-09T00:00:00,2027-02-22T23:59:59,28676615844,"C=US, O=Amazon, CN=Amazon RSA 2048 M01"
bdc-dst-dev.nhlbi.nih.gov,Yes,Yes,2,1,2025-10-20T00:00:00,2026-11-18T23:59:59,21850801619;21853581717,"C=US, O=Amazon, CN=Amazon RSA 2048 M04"
bdc-dst-test.nhlbi.nih.gov,Yes,Yes,2,1,2025-10-19T00:00:00,2026-11-17T23:59:59,21820883298;21818734103,"C=US, O=Amazon, CN=Amazon RSA 2048 M04"
bdc-dst.nhlbi.nih.gov,Yes,Yes,2,1,2025-10-19T00:00:00,2026-11-17T23:59:59,21821027966;21819278169,"C=US, O=Amazon, CN=Amazon RSA 2048 M01"
be-md.ncbi.nlm.nih.gov,Yes,Yes,1,1,2026-08-28T18:08:31,2026-11-26T18:08:30,29351176568,"C=US, O=Let's Encrypt, CN=YR2"
biadcloud-int.nci.nih.gov,Yes,Yes,2,1,2025-09-25T00:00:00,2026-10-23T23:59:59,21257071819;21257606951,"C=US, O=Amazon, CN=Amazon RSA 2048 M01"
bica.nhgri.nih.gov,No,Yes,2,1,2026-02-04T14:51:50,2027-03-06T14:50:50,24182742604;26738200696,"C=US, O=IdenTrust, OU=HydrantID Trusted Certificate Service, CN=HydrantID Server CA O1"
bidashboardsqa.niaid.nih.gov,No,Yes,1,1,2026-04-10T22:18:56,2026-10-26T22:17:56,25746312952,"C=US, O=IdenTrust, OU=HydrantID Trusted Certificate Service, CN=HydrantID Server CA O1"
big.nhlbi.nih.gov,Yes,Yes,4,2,2026-07-19T13:35:18,2026-12-16T20:14:52,29533403077;29537364063;28066322782;28066323352,"C=US, O=Let's Encrypt, CN=YR1;C=US, O=Let's Encrypt, CN=YR2"
bigip-ext-pri.niaid.nih.gov,Yes,Yes,4,1,2026-05-15T12:57:43,2026-12-01T23:49:02,26471062653;26470331190;26450870987;26464332548,"C=US, O=IdenTrust, OU=HydrantID Trusted Certificate Service, CN=HydrantID Server CA O1"
bigip-ext-sec.niaid.nih.gov,No,Yes,4,1,2026-05-15T12:57:43,2026-12-01T23:49:02,26471062653;26470331190;26450870987;26464332548,"C=US, O=IdenTrust, OU=HydrantID Trusted Certificate Service, CN=HydrantID Server CA O1"
bigip-lab1.niaid.nih.gov,Yes,Yes,12,1,2025-12-02T15:11:08,2027-01-17T15:13:18,22865114591;22871460461;22865320812;22865320847;23202243531;22865036377;22865055142;22865054738;22865114539;22865054379;22865055096;22865035962,"C=US, O=IdenTrust, OU=HydrantID Trusted Certificate Service, CN=HydrantID Server CA O1"
bioart.niaid.nih.gov,Yes,Yes,1,1,2025-10-07T18:18:53,2026-11-06T18:17:53,21553082795,"C=US, O=IdenTrust, OU=HydrantID Trusted Certificate Service, CN=HydrantID Server CA O1"
bioart.nih.gov,No,Yes,1,1,2025-10-07T18:18:53,2026-11-06T18:17:53,21553082795,"C=US, O=IdenTrust, OU=HydrantID Trusted Certificate Service, CN=HydrantID Server CA O1"
biobeat.nigms.nih.gov,Yes,Yes,1,1,2025-12-08T15:49:51,2027-01-07T15:48:51,22982376664,"C=US, O=IdenTrust, OU=HydrantID Trusted Certificate Service, CN=HydrantID Server CA O1"
biocore-wiki.nhgri.nih.gov,Yes,Yes,1,1,2025-10-15T00:00:00,2026-11-13T23:59:59,21740629482,"C=US, O=Amazon, CN=Amazon RSA 2048 M01"
biodatacatalyst.nhlbi.nih.gov,Yes,Yes,1,1,2025-10-30T21:04:08,2026-11-29T21:03:08,22108926586,"C=US, O=IdenTrust, OU=HydrantID Trusted Certificate Service, CN=HydrantID Server CA O1"
bioethics.nih.gov,No,Yes,2,1,2026-08-06T19:06:09,2026-11-04T19:06:08,28598251499;28598259837,"C=US, O=Let's Encrypt, CN=YR1"
biolincc.nhlbi.nih.gov,Yes,Yes,2,1,2026-07-22T15:03:53,2026-10-20T15:03:52,28156916823;28156904098,"C=US, O=Let's Encrypt, CN=YE2"
biomedicalresearchworkforce.nih.gov,Yes,Yes,1,1,2026-07-08T17:57:10,2027-01-23T17:56:10,27787275500,"C=US, O=IdenTrust, OU=HydrantID Trusted Certificate Service, CN=HydrantID Server CA O1"
biometry.nci.nih.gov,Yes,Yes,2,1,2026-07-22T15:04:14,2026-10-20T15:04:13,28156921327;28156929889,"C=US, O=Let's Encrypt, CN=YE1"
biowebdev29.nhgri.nih.gov,Yes,Yes,1,1,2026-01-06T15:08:31,2027-02-05T15:07:31,23589540294,"C=US, O=IdenTrust, OU=HydrantID Trusted Certificate Service, CN=HydrantID Server CA O1"
biowebprod12.nhgri.nih.gov,Yes,Yes,1,1,2026-06-01T18:38:44,2026-12-17T18:37:44,26807281739,"C=US, O=IdenTrust, OU=HydrantID Trusted Certificate Service, CN=HydrantID Server CA O1"
biowebprod15.nhgri.nih.gov,No,Yes,1,1,2025-09-22T17:49:35,2026-10-22T17:48:35,21204990231,"C=US, O=IdenTrust, OU=HydrantID Trusted Certificate Service, CN=HydrantID Server CA O1"
biowebprod16.nhgri.nih.gov,Yes,Yes,1,1,2026-05-29T18:40:56,2026-12-14T18:39:56,26738200696,"C=US, O=IdenTrust, OU=HydrantID Trusted Certificate Service, CN=HydrantID Server CA O1"
biowebprod17.nhgri.nih.gov,No,Yes,1,1,2025-11-12T18:28:43,2026-12-12T18:27:43,22418407482,"C=US, O=IdenTrust, OU=HydrantID Trusted Certificate Service, CN=HydrantID Server CA O1"
biowebprod20.nhgri.nih.gov,Yes,Yes,1,1,2026-07-30T15:20:49,2027-02-14T15:19:49,28382643329,"C=US, O=IdenTrust, OU=HydrantID Trusted Certificate Service, CN=HydrantID Server CA O1"
biowebprod22.nhgri.nih.gov,Yes,Yes,1,1,2026-06-03T20:08:56,2026-12-19T20:07:56,26865025333,"C=US, O=IdenTrust, OU=HydrantID Trusted Certificate Service, CN=HydrantID Server CA O1"
biowebprod25.nhgri.nih.gov,Yes,Yes,1,1,2025-09-22T17:49:35,2026-10-22T17:48:35,21204990231,"C=US, O=IdenTrust, OU=HydrantID Trusted Certificate Service, CN=HydrantID Server CA O1"
biowebprod26.nhgri.nih.gov,Yes,Yes,1,1,2026-02-04T14:51:50,2027-03-06T14:50:50,24182742604,"C=US, O=IdenTrust, OU=HydrantID Trusted Certificate Service, CN=HydrantID Server CA O1"
biowebprod27.nhgri.nih.gov,Yes,Yes,1,1,2025-11-12T18:28:43,2026-12-12T18:27:43,22418407482,"C=US, O=IdenTrust, OU=HydrantID Trusted Certificate Service, CN=HydrantID Server CA O1"
biowebprod30.nhgri.nih.gov,No,Yes,1,1,2026-07-30T15:20:49,2027-02-14T15:19:49,28382643329,"C=US, O=IdenTrust, OU=HydrantID Trusted Certificate Service, CN=HydrantID Server CA O1"
biowebprod33.nhgri.nih.gov,Yes,Yes,1,1,2025-10-28T20:55:28,2026-11-27T20:54:28,22069363580,"C=US, O=IdenTrust, OU=HydrantID Trusted Certificate Service, CN=HydrantID Server CA O1"
biowebprod34.nhgri.nih.gov,Yes,Yes,1,1,2026-06-25T18:23:24,2027-01-10T18:22:24,27481427086,"C=US, O=IdenTrust, OU=HydrantID Trusted Certificate Service, CN=HydrantID Server CA O1"
biowebprod36.nhgri.nih.gov,Yes,Yes,1,1,2025-09-16T15:11:04,2026-10-16T15:10:04,21059820363,"C=US, O=IdenTrust, OU=HydrantID Trusted Certificate Service, CN=HydrantID Server CA O1"
biowebprod38.nhgri.nih.gov,Yes,Yes,1,1,2026-01-06T15:08:06,2027-02-05T15:07:06,23589527015,"C=US, O=IdenTrust, OU=HydrantID Trusted Certificate Service, CN=HydrantID Server CA O1"
bisulfite-test.nichd.nih.gov,No,Yes,1,1,2026-05-01T17:50:12,2026-11-16T17:49:12,26281987698,"C=US, O=IdenTrust, OU=HydrantID Trusted Certificate Service, CN=HydrantID Server CA O1"
bit.niddk.nih.gov,No,Yes,2,1,2026-08-15T12:37:10,2026-11-13T12:37:09,28862822404;28892640968,"C=US, O=Let's Encrypt, CN=YR1"
blog.nimhd.nih.gov,Yes,Yes,2,1,2026-08-06T18:05:12,2026-11-04T18:05:11,28597028681;28597021528,"C=US, O=Let's Encrypt, CN=YR2"
blsa.nia.nih.gov,Yes,Yes,2,1,2026-06-03T00:00:00,2026-12-17T23:59:59,26964053578;26844124255,"C=US, O=Amazon, CN=Amazon RSA 2048 M01"
blsa.nih.gov,Yes,Yes,1,1,2026-07-14T00:00:00,2027-01-27T23:59:59,27921220989,"C=US, O=Amazon, CN=Amazon RSA 2048 M01"
bmri.ninds.nih.gov,Yes,Yes,1,1,2026-05-20T17:53:06,2026-12-05T17:52:06,26512532902,"C=US, O=IdenTrust, OU=HydrantID Trusted Certificate Service, CN=HydrantID Server CA O1"
boxaccount.nih.gov,Yes,Yes,2,1,2026-07-29T11:02:11,2026-10-27T11:02:10,28349340736;28349352650,"C=US, O=Let's Encrypt, CN=YR2"
bpimbsvn.niaid.nih.gov,No,Yes,2,1,2026-04-03T13:41:17,2026-10-19T20:11:44,25431042381;25416849181,"C=US, O=IdenTrust, OU=HydrantID Trusted Certificate Service, CN=HydrantID Server CA O1"
bpm-qa.niaid.nih.gov,No,Yes,3,1,2025-10-02T16:38:22,2026-11-06T01:02:19,21533856641;21423057584;21529084167,"C=US, O=IdenTrust, OU=HydrantID Trusted Certificate Service, CN=HydrantID Server CA O1"
bpm.niaid.nih.gov,No,Yes,1,1,2025-09-29T19:53:13,2026-10-29T19:52:13,21353874944,"C=US, O=IdenTrust, OU=HydrantID Trusted Certificate Service, CN=HydrantID Server CA O1"
bpmt.nibib.nih.gov,Yes,Yes,1,1,2026-05-06T17:11:49,2026-11-21T17:10:49,26375648183,"C=US, O=IdenTrust, OU=HydrantID Trusted Certificate Service, CN=HydrantID Server CA O1"
bpmttest.nibib.nih.gov,Yes,Yes,1,1,2026-03-31T17:18:03,2026-10-16T17:17:03,25301080140,"C=US, O=IdenTrust, OU=HydrantID Trusted Certificate Service, CN=HydrantID Server CA O1"
bracketvariants.nichd.nih.gov,No,Yes,1,1,2026-08-20T20:03:06,2027-03-07T20:02:06,28865869449,"C=US, O=IdenTrust, OU=HydrantID Trusted Certificate Service, CN=HydrantID Server CA O1"
braininitiative.nih.gov,Yes,Yes,1,1,2026-06-25T18:22:50,2027-01-10T18:21:50,27481425691,"C=US, O=IdenTrust, OU=HydrantID Trusted Certificate Service, CN=HydrantID Server CA O1"
brainlife.nimh.nih.gov,Yes,Yes,1,1,2025-12-24T17:45:53,2027-01-23T17:44:53,23343691355,"C=US, O=IdenTrust, OU=HydrantID Trusted Certificate Service, CN=HydrantID Server CA O1"
brand.cloud.nih.gov,Yes,Yes,2,1,2026-08-19T16:32:38,2026-11-17T16:32:37,29005789776;28947343794,"C=US, O=Let's Encrypt, CN=YR1"
brics-demo.cit.nih.gov,Yes,Yes,1,1,2026-07-15T00:00:00,2027-01-29T23:59:59,27957677651,"C=US, O=DigiCert Inc, OU=www.digicert.com, CN=GeoTrust TLS RSA CA G1"
brics-intramural.cit.nih.gov,Yes,Yes,1,1,2026-07-17T00:00:00,2027-01-31T23:59:59,28009304300,"C=US, O=DigiCert Inc, OU=www.digicert.com, CN=GeoTrust TLS RSA CA G1"
brics.cit.nih.gov,Yes,Yes,1,1,2025-11-04T00:00:00,2026-11-21T23:59:59,22210345561,"C=US, O=DigiCert Inc, OU=www.digicert.com, CN=GeoTrust TLS RSA CA G1"
brics.nei.nih.gov,Yes,Yes,1,1,2025-09-10T17:45:03,2026-10-10T17:44:03,20926632021,"C=US, O=IdenTrust, OU=HydrantID Trusted Certificate Service, CN=HydrantID Server CA O1"
bricsguid.nia.nih.gov,Yes,Yes,1,1,2026-01-16T00:00:00,2027-02-03T23:59:59,23804203541,"C=US, O=DigiCert Inc, OU=www.digicert.com, CN=GeoTrust TLS RSA CA G1"
bricsguid.niddk.nih.gov,Yes,Yes,1,1,2026-01-27T00:00:00,2027-02-27T23:59:59,24010728483,"C=US, O=DigiCert Inc, OU=www.digicert.com, CN=GeoTrust TLS RSA CA G1"
bricsguid.ninds.nih.gov,Yes,Yes,1,1,2026-01-16T00:00:00,2027-02-03T23:59:59,23804244710,"C=US, O=DigiCert Inc, OU=www.digicert.com, CN=GeoTrust TLS RSA CA G1"
bricsnei-demo.cit.nih.gov,No,Yes,1,1,2026-09-02T00:00:00,2027-03-19T23:59:59,29230613414,"C=US, O=DigiCert Inc, OU=www.digicert.com, CN=GeoTrust TLS RSA CA G1"
bsc.nei.nih.gov,Yes,Yes,1,1,2025-11-05T21:39:45,2026-12-05T21:38:45,22238023556,"C=US, O=IdenTrust, OU=HydrantID Trusted Certificate Service, CN=HydrantID Server CA O1"
btbfreezerworksdev.nci.nih.gov,No,Yes,1,1,2026-07-21T00:00:00,2027-02-04T23:59:59,28126355279,"C=US, O=DigiCert Inc, CN=DigiCert Global G2 TLS RSA SHA256 2020 CA1"
btris.nih.gov,No,Yes,2,1,2026-08-06T19:06:09,2026-11-04T19:06:08,28598251499;28598259837,"C=US, O=Let's Encrypt, CN=YR1"
btrisportal.cc.nih.gov,Yes,Yes,1,1,2026-07-28T00:00:00,2027-02-11T23:59:59,28330668186,"C=US, O=DigiCert Inc, CN=DigiCert Global G2 TLS RSA SHA256 2020 CA1"
buildingforall.nih.gov,Yes,Yes,1,1,2026-02-26T17:21:56,2027-03-28T17:20:56,24660471054,"C=US, O=IdenTrust, OU=HydrantID Trusted Certificate Service, CN=HydrantID Server CA O1"
bwplanner.niddk.nih.gov,Yes,Yes,2,1,2026-05-16T00:00:00,2026-11-16T23:59:59,26512977282;26460740914,"C=US, O=DigiCert Inc, OU=www.digicert.com, CN=GeoTrust TLS RSA CA G1"
bwsimulator.niddk.nih.gov,Yes,Yes,2,1,2026-05-12T00:00:00,2026-11-12T23:59:59,26270776939;26368284860,"C=US, O=DigiCert Inc, OU=www.digicert.com, CN=GeoTrust TLS RSA CA G1"
c-rads.od.nih.gov,Yes,Yes,1,1,2026-07-10T18:03:11,2027-01-25T18:02:11,27836692661,"C=US, O=IdenTrust, OU=HydrantID Trusted Certificate Service, CN=HydrantID Server CA O1"
calendar.niehs.nih.gov,Yes,Yes,2,1,2026-08-13T15:03:20,2026-11-11T15:03:19,28823916863;28810923957,"C=US, O=Let's Encrypt, CN=YR1"
calendar.nih.gov,Yes,Yes,1,1,2025-10-30T20:18:46,2026-11-29T20:17:46,22108470031,"C=US, O=IdenTrust, OU=HydrantID Trusted Certificate Service, CN=HydrantID Server CA O1"
callcenter.ha.nih.gov,No,Yes,1,1,2026-01-12T14:43:45,2027-02-11T14:42:45,23723169349,"C=US, O=IdenTrust, OU=HydrantID Trusted Certificate Service, CN=HydrantID Server CA O1"
callcenter.nih.gov,Yes,Yes,1,1,2026-01-12T14:43:45,2027-02-11T14:42:45,23723169349,"C=US, O=IdenTrust, OU=HydrantID Trusted Certificate Service, CN=HydrantID Server CA O1"
camera.niehs.nih.gov,No,Yes,2,1,2026-08-25T19:00:32,2026-11-23T19:00:31,29075306051;29173588116,"C=US, O=Let's Encrypt, CN=YR1"
camera.od.nih.gov,Yes,Yes,1,1,2026-04-21T18:36:49,2026-11-06T18:35:49,26073473476,"C=US, O=IdenTrust, OU=HydrantID Trusted Certificate Service, CN=HydrantID Server CA O1"
campus-vpn.niaid.nih.gov,Yes,Yes,1,1,2025-11-19T18:09:13,2026-12-19T18:08:13,22596553393,"C=US, O=IdenTrust, OU=HydrantID Trusted Certificate Service, CN=HydrantID Server CA O1"
cancergenome.nih.gov,Yes,Yes,1,1,2026-02-02T19:08:01,2027-03-04T19:07:01,24143922559,"C=US, O=IdenTrust, OU=HydrantID Trusted Certificate Service, CN=HydrantID Server CA O1"
cannon6710b3130c5870.nichd.nih.gov,Yes,Yes,1,1,2025-12-11T16:23:51,2027-01-10T16:22:51,23057255397,"C=US, O=IdenTrust, OU=HydrantID Trusted Certificate Service, CN=HydrantID Server CA O1"
canon6710b3352.nichd.nih.gov,Yes,Yes,1,1,2025-12-11T16:25:34,2027-01-10T16:24:34,23057287975,"C=US, O=IdenTrust, OU=HydrantID Trusted Certificate Service, CN=HydrantID Server CA O1"
canonbcf238.nichd.nih.gov,Yes,Yes,1,1,2025-12-11T16:14:06,2027-01-10T16:13:06,23057102166,"C=US, O=IdenTrust, OU=HydrantID Trusted Certificate Service, CN=HydrantID Server CA O1"
canonbd1132.nichd.nih.gov,Yes,Yes,1,1,2025-12-04T15:08:25,2027-01-03T15:07:25,22893684735,"C=US, O=IdenTrust, OU=HydrantID Trusted Certificate Service, CN=HydrantID Server CA O1"
canonbd1132.nih.gov,Yes,Yes,1,1,2025-11-24T21:27:44,2026-12-24T21:26:44,22710922713,"C=US, O=IdenTrust, OU=HydrantID Trusted Certificate Service, CN=HydrantID Server CA O1"
capitella.nhgri.nih.gov,No,Yes,1,1,2026-01-06T15:08:06,2027-02-05T15:07:06,23589527015,"C=US, O=IdenTrust, OU=HydrantID Trusted Certificate Service, CN=HydrantID Server CA O1"
card.nih.gov,Yes,Yes,4,1,2025-09-22T00:00:00,2027-03-08T23:59:59,28957827951;27922748988;21195010516;21193415778,"C=US, O=Amazon, CN=Amazon RSA 2048 M04"
cards.od.nih.gov,Yes,Yes,1,1,2026-08-07T19:19:03,2027-02-22T19:18:03,28628141168,"C=US, O=IdenTrust, OU=HydrantID Trusted Certificate Service, CN=HydrantID Server CA O1"
careconnect.nih.gov,Yes,Yes,1,1,2025-10-09T14:19:04,2026-11-08T14:18:04,21601121259,"C=US, O=IdenTrust, OU=HydrantID Trusted Certificate Service, CN=HydrantID Server CA O1"
careconnectstage.nih.gov,No,Yes,1,1,2025-10-09T14:19:04,2026-11-08T14:18:04,21601121259,"C=US, O=IdenTrust, OU=HydrantID Trusted Certificate Service, CN=HydrantID Server CA O1"
careconnectteststage.nih.gov,Yes,Yes,1,1,2025-12-04T15:06:20,2027-01-03T15:05:20,22893684857,"C=US, O=IdenTrust, OU=HydrantID Trusted Certificate Service, CN=HydrantID Server CA O1"
careers.nih.gov,No,Yes,9,5,2025-12-15T10:49:40,2026-12-15T10:49:40,28187559076;28187305431;28187310294;23131925963;28187314781;28187567857;28187579446;28187558893;28187312614,"C=US, O=Let's Encrypt, CN=YR1;C=US, O=Let's Encrypt, CN=YR2;C=US, ST=Arizona, L=Scottsdale, O=""GoDaddy.com, Inc."", OU=http://certs.godaddy.com/repository/, CN=Go Daddy Secure Certificate Authority - G2;C=US, O=Let's Encrypt, CN=YE2;C=US, O=Let's Encrypt, CN=YE1"
careertrac-dev.niehs.nih.gov,Yes,Yes,1,1,2025-11-17T00:00:00,2026-11-16T23:59:59,22538915748,"C=US, O=DigiCert Inc, CN=DigiCert Global G2 TLS RSA SHA256 2020 CA1"
careertrac.niehs.nih.gov,Yes,Yes,1,1,2025-11-17T00:00:00,2026-11-16T23:59:59,22538286105,"C=US, O=DigiCert Inc, CN=DigiCert Global G2 TLS RSA SHA256 2020 CA1"
casper-dev.niehs.nih.gov,Yes,Yes,3,2,2025-11-21T00:00:00,2026-11-20T23:59:59,28860155833;28821098769;22646002416,"C=US, O=Let's Encrypt, CN=YR1;C=US, O=DigiCert Inc, CN=DigiCert Global G2 TLS RSA SHA256 2020 CA1"
casper.niehs.nih.gov,Yes,Yes,3,2,2025-10-10T00:00:00,2026-11-11T15:01:21,21626107429;28860216243;28821123282,"C=US, O=DigiCert Inc, CN=DigiCert Global G2 TLS RSA SHA256 2020 CA1;C=US, O=Let's Encrypt, CN=YR2"
catalog.nhlbi.nih.gov,Yes,Yes,1,1,2025-10-02T15:10:18,2026-11-01T15:09:18,21421625686,"C=US, O=IdenTrust, OU=HydrantID Trusted Certificate Service, CN=HydrantID Server CA O1"
catalog.nlm.nih.gov,Yes,Yes,3,1,2026-06-02T00:00:00,2027-01-27T23:59:59,27899192744;28783071588;26826861383,"C=US, O=DigiCert Inc, CN=DigiCert Global G2 TLS RSA SHA256 2020 CA1"
catalog.unite.nih.gov,Yes,Yes,1,1,2026-06-15T19:39:26,2026-12-31T19:38:26,27213725891,"C=US, O=IdenTrust, OU=HydrantID Trusted Certificate Service, CN=HydrantID Server CA O1"
cc-scm-pdf.cc.nih.gov,Yes,Yes,2,1,2025-11-03T00:00:00,2026-11-05T23:59:59,22183040757;22182601327,"C=US, O=DigiCert Inc, CN=DigiCert Global G2 TLS RSA SHA256 2020 CA1"
cc.nih.gov,Yes,Yes,1,1,2025-10-20T00:00:00,2026-11-10T23:59:59,21858673595,"C=US, O=DigiCert Inc, CN=DigiCert Global G2 TLS RSA SHA256 2020 CA1"
cc0pEHRssrs.cc.nih.gov,Yes,Yes,1,1,2026-02-10T00:00:00,2027-02-09T23:59:59,24319901443,"C=US, O=DigiCert Inc, CN=DigiCert Global G2 TLS RSA SHA256 2020 CA1"
cc0pEHRssrs1.cc.nih.gov,No,Yes,1,1,2026-02-10T00:00:00,2027-02-09T23:59:59,24319901443,"C=US, O=DigiCert Inc, CN=DigiCert Global G2 TLS RSA SHA256 2020 CA1"
cc0pEHRssrs2.cc.nih.gov,No,Yes,1,1,2026-02-10T00:00:00,2027-02-09T23:59:59,24319901443,"C=US, O=DigiCert Inc, CN=DigiCert Global G2 TLS RSA SHA256 2020 CA1"
cc0palarismgt.cc.nih.gov,Yes,Yes,1,1,2025-11-03T00:00:00,2026-12-02T23:59:59,22187379379,"C=US, O=DigiCert Inc, CN=DigiCert Global G2 TLS RSA SHA256 2020 CA1"
cc0pcaresphere.cc.nih.gov,Yes,Yes,1,1,2025-11-17T00:00:00,2026-12-02T23:59:59,22545359395,"C=US, O=DigiCert Inc, CN=DigiCert Global G2 TLS RSA SHA256 2020 CA1"
cc0pclinwebapp.cc.nih.gov,Yes,Yes,1,1,2026-05-13T00:00:00,2026-11-27T23:59:59,26317410276,"C=US, O=DigiCert Inc, CN=DigiCert Global G2 TLS RSA SHA256 2020 CA1"
cc0pcrimson1.cc.nih.gov,Yes,Yes,1,1,2026-04-03T00:00:00,2026-10-18T23:59:59,25370168457,"C=US, O=DigiCert Inc, CN=DigiCert Global G2 TLS RSA SHA256 2020 CA1"
cc0pdcconfluence.cc.nih.gov,Yes,Yes,1,1,2026-06-12T00:00:00,2026-12-27T23:59:59,27133935672,"C=US, O=DigiCert Inc, CN=DigiCert Global G2 TLS RSA SHA256 2020 CA1"
cc0pehrmobile.cc.nih.gov,Yes,Yes,1,1,2026-03-30T00:00:00,2026-10-14T23:59:59,25278664683,"C=US, O=DigiCert Inc, CN=DigiCert Global G2 TLS RSA SHA256 2020 CA1"
cc0pehrmobile1.cc.nih.gov,No,Yes,1,1,2026-03-30T00:00:00,2026-10-14T23:59:59,25278664683,"C=US, O=DigiCert Inc, CN=DigiCert Global G2 TLS RSA SHA256 2020 CA1"
cc0pehrmobile2.cc.nih.gov,No,Yes,1,1,2026-03-30T00:00:00,2026-10-14T23:59:59,25278664683,"C=US, O=DigiCert Inc, CN=DigiCert Global G2 TLS RSA SHA256 2020 CA1"
cc0pehrmobile3.cc.nih.gov,No,Yes,1,1,2026-03-30T00:00:00,2026-10-14T23:59:59,25278664683,"C=US, O=DigiCert Inc, CN=DigiCert Global G2 TLS RSA SHA256 2020 CA1"
cc0pehrmobile4.cc.nih.gov,No,Yes,1,1,2026-03-30T00:00:00,2026-10-14T23:59:59,25278664683,"C=US, O=DigiCert Inc, CN=DigiCert Global G2 TLS RSA SHA256 2020 CA1"
cc0pehrmobile5.cc.nih.gov,No,Yes,1,1,2026-03-30T00:00:00,2026-10-14T23:59:59,25278664683,"C=US, O=DigiCert Inc, CN=DigiCert Global G2 TLS RSA SHA256 2020 CA1"
cc0pehrssrs3.cc.nih.gov,Yes,Yes,1,1,2026-04-01T00:00:00,2026-10-16T23:59:59,25311604137,"C=US, O=DigiCert Inc, CN=DigiCert Global G2 TLS RSA SHA256 2020 CA1"
cc0pekgint1.cc.nih.gov,Yes,Yes,1,1,2025-10-15T00:00:00,2026-10-14T23:59:59,21744896259,"C=US, O=DigiCert Inc, CN=DigiCert Global G2 TLS RSA SHA256 2020 CA1"
cc0pipvnade.cc.nih.gov,No,Yes,1,1,2026-08-12T00:00:00,2027-02-26T23:59:59,28771413841,"C=US, O=DigiCert Inc, CN=DigiCert Global G2 TLS RSA SHA256 2020 CA1"
cc0pipvnapa.cc.nih.gov,No,Yes,1,1,2026-08-12T00:00:00,2027-02-26T23:59:59,28771413841,"C=US, O=DigiCert Inc, CN=DigiCert Global G2 TLS RSA SHA256 2020 CA1"
cc0pisen1.cc.nih.gov,Yes,Yes,4,1,2026-08-05T00:00:00,2027-02-27T23:59:59,28782339675;28775813063;28562308474;28782486982,"C=US, O=DigiCert Inc, CN=DigiCert Global G2 TLS RSA SHA256 2020 CA1"
cc0pisen2.cc.nih.gov,Yes,Yes,1,1,2026-08-05T00:00:00,2027-02-19T23:59:59,28562289415,"C=US, O=DigiCert Inc, CN=DigiCert Global G2 TLS RSA SHA256 2020 CA1"
cc0pjamf.cc.nih.gov,Yes,Yes,1,1,2025-09-26T00:00:00,2026-10-15T23:59:59,21296443220,"C=US, O=DigiCert Inc, CN=DigiCert Global G2 TLS RSA SHA256 2020 CA1"
cc0prptweb.cc.nih.gov,No,Yes,1,1,2026-04-01T00:00:00,2026-10-16T23:59:59,25311604137,"C=US, O=DigiCert Inc, CN=DigiCert Global G2 TLS RSA SHA256 2020 CA1"
cc0psqlcln19n1.cc.nih.gov,No,Yes,2,1,2026-02-19T00:00:00,2027-02-18T23:59:59,24501850432;24502779245,"C=US, O=DigiCert Inc, CN=DigiCert Global G2 TLS RSA SHA256 2020 CA1"
cc0psqlcln19n2.cc.nih.gov,No,Yes,2,1,2026-02-19T00:00:00,2027-02-18T23:59:59,24501850432;24502779245,"C=US, O=DigiCert Inc, CN=DigiCert Global G2 TLS RSA SHA256 2020 CA1"
cc0pwsus.cc.nih.gov,Yes,Yes,1,1,2025-10-22T00:00:00,2026-10-21T23:59:59,21921475748,"C=US, O=DigiCert Inc, CN=DigiCert Global G2 TLS RSA SHA256 2020 CA1"
cc0pwsus1.cc.nih.gov,No,Yes,1,1,2025-10-22T00:00:00,2026-10-21T23:59:59,21921475748,"C=US, O=DigiCert Inc, CN=DigiCert Global G2 TLS RSA SHA256 2020 CA1"
cc0pzbtrisrcext.cc.nih.gov,Yes,Yes,2,1,2026-05-15T00:00:00,2026-11-29T23:59:59,26351413780;26455402130,"C=US, O=DigiCert Inc, CN=DigiCert Global G2 TLS RSA SHA256 2020 CA1"
cc0pzjamfdp.cc.nih.gov,Yes,Yes,1,1,2026-08-04T00:00:00,2027-02-18T23:59:59,28536424798,"C=US, O=DigiCert Inc, CN=DigiCert Global G2 TLS RSA SHA256 2020 CA1"
cc0pzsecurelink.cc.nih.gov,No,Yes,2,1,2026-06-09T00:00:00,2026-12-24T23:59:59,27334340355;27035556045,"C=US, O=DigiCert Inc, CN=DigiCert Global G2 TLS RSA SHA256 2020 CA1"
cc0tcaresphere.cc.nih.gov,Yes,Yes,1,1,2025-11-17T00:00:00,2026-12-02T23:59:59,22545280169,"C=US, O=DigiCert Inc, CN=DigiCert Global G2 TLS RSA SHA256 2020 CA1"
cccasper.cc.nih.gov,Yes,Yes,3,1,2025-09-30T00:00:00,2027-01-07T23:59:59,21377049677;23140459083;21378661933,"C=US, O=DigiCert Inc, CN=DigiCert Global G2 TLS RSA SHA256 2020 CA1"
cccitrixaccess.cc.nih.gov,Yes,Yes,2,1,2026-01-27T00:00:00,2027-02-25T23:59:59,24018518234;25533774437,"C=US, O=DigiCert Inc, CN=DigiCert Global G2 TLS RSA SHA256 2020 CA1"
cccitrixmobile.cc.nih.gov,Yes,Yes,1,1,2026-04-24T00:00:00,2026-11-08T23:59:59,25753456405,"C=US, O=DigiCert Inc, CN=DigiCert Global G2 TLS RSA SHA256 2020 CA1"
ccde.cc.nih.gov,No,Yes,1,1,2026-08-12T00:00:00,2027-02-26T23:59:59,28771413841,"C=US, O=DigiCert Inc, CN=DigiCert Global G2 TLS RSA SHA256 2020 CA1"
ccms-dev-api.niaid.nih.gov,Yes,Yes,1,1,2026-08-11T00:00:00,2027-02-11T23:59:59,28741028762,"C=US, O=DigiCert Inc, OU=www.digicert.com, CN=GeoTrust TLS RSA CA G1"
ccms-dev.niaid.nih.gov,Yes,Yes,2,1,2026-08-11T00:00:00,2027-02-11T23:59:59,28741205894;28740517590,"C=US, O=DigiCert Inc, OU=www.digicert.com, CN=GeoTrust TLS RSA CA G1"
ccms.niaid.nih.gov,No,Yes,1,1,2025-09-15T20:25:09,2026-10-15T20:24:09,21041871645,"C=US, O=IdenTrust, OU=HydrantID Trusted Certificate Service, CN=HydrantID Server CA O1"
ccmsapi.niaid.nih.gov,No,Yes,1,1,2025-09-15T20:25:09,2026-10-15T20:24:09,21041871645,"C=US, O=IdenTrust, OU=HydrantID Trusted Certificate Service, CN=HydrantID Server CA O1"
ccn.opa-dev.od.nih.gov,No,Yes,1,1,2026-04-28T16:22:32,2026-11-13T16:21:32,26253382252,"C=US, O=IdenTrust, OU=HydrantID Trusted Certificate Service, CN=HydrantID Server CA O1"
ccn.opa-tools.od.nih.gov,No,Yes,4,1,2026-05-14T18:20:09,2027-03-07T16:48:29,26444917519;28715696537;28715676118;28864586149,"C=US, O=IdenTrust, OU=HydrantID Trusted Certificate Service, CN=HydrantID Server CA O1"
ccpa.cc.nih.gov,No,Yes,1,1,2026-08-12T00:00:00,2027-02-26T23:59:59,28771413841,"C=US, O=DigiCert Inc, CN=DigiCert Global G2 TLS RSA SHA256 2020 CA1"
ccrhb.od.nih.gov,Yes,Yes,10,4,2026-07-31T21:07:08,2027-02-22T21:16:13,28762440164;28761848871;28418216498;28762445028;28761840189;28762438142;28761844568;28630521045;28761851986;28762447507,"C=US, O=Let's Encrypt, CN=YE2;C=US, O=IdenTrust, OU=HydrantID Trusted Certificate Service, CN=HydrantID Server CA O1;C=US, O=Let's Encrypt, CN=YR2;C=US, O=Let's Encrypt, CN=YE1"
ccsecurelink.cc.nih.gov,Yes,Yes,2,1,2026-06-09T00:00:00,2026-12-24T23:59:59,27334340355;27035556045,"C=US, O=DigiCert Inc, CN=DigiCert Global G2 TLS RSA SHA256 2020 CA1"
ccsplunk.cc.nih.gov,Yes,Yes,1,1,2026-01-26T00:00:00,2027-02-23T23:59:59,23994177186,"C=US, O=DigiCert Inc, CN=DigiCert Global G2 TLS RSA SHA256 2020 CA1"
ccsqlclinprod.cc.nih.gov,Yes,Yes,2,1,2026-02-19T00:00:00,2027-02-18T23:59:59,24501850432;24502779245,"C=US, O=DigiCert Inc, CN=DigiCert Global G2 TLS RSA SHA256 2020 CA1"
ccvpn.cc.nih.gov,Yes,Yes,1,1,2026-06-16T00:00:00,2026-12-31T23:59:59,27241715337,"C=US, O=DigiCert Inc, CN=DigiCert Global G2 TLS RSA SHA256 2020 CA1"
cde.nih.gov,No,Yes,3,2,2026-06-09T00:00:00,2027-01-23T23:59:59,27821682673;28893266499;27025082826,"C=US, O=DigiCert Inc, CN=DigiCert Global G2 TLS RSA SHA256 2020 CA1;C=US, O=Amazon, CN=Amazon RSA 2048 M04"
cdiscvalidation.niaid.nih.gov,Yes,Yes,1,1,2026-07-21T17:38:22,2027-02-05T17:37:22,28130184969,"C=US, O=IdenTrust, OU=HydrantID Trusted Certificate Service, CN=HydrantID Server CA O1"
cdn.cloud.nih.gov,Yes,Yes,2,1,2026-04-12T00:00:00,2026-10-12T23:59:59,25499313182;25787752923,"C=US, O=DigiCert Inc, OU=www.digicert.com, CN=GeoTrust TLS RSA CA G1"
cdn.ncbi.nlm.nih.gov,Yes,Yes,2,1,2026-08-18T15:29:47,2026-11-16T15:29:46,28979431241;28933446345,"C=US, O=Let's Encrypt, CN=YR1"
cdndev.ncbi.nlm.nih.gov,Yes,Yes,2,1,2026-07-29T04:41:11,2026-10-27T04:41:10,28341541138;28341542468,"C=US, O=Let's Encrypt, CN=YR1"
cdp.nci.nih.gov,Yes,Yes,2,1,2026-07-22T15:05:04,2026-10-20T15:05:03,28156940974;28156946992,"C=US, O=Let's Encrypt, CN=YE2"
ceal.nih.gov,Yes,Yes,1,1,2025-09-18T15:06:45,2026-10-18T15:05:45,21110487102,"C=US, O=IdenTrust, OU=HydrantID Trusted Certificate Service, CN=HydrantID Server CA O1"
cebs-ext.niehs.nih.gov,Yes,Yes,3,2,2025-12-18T00:00:00,2026-12-17T23:59:59,29524557722;23188663000;29233904540,"C=US, O=DigiCert Inc, CN=DigiCert Global G2 TLS RSA SHA256 2020 CA1;C=US, O=Let's Encrypt, CN=YR2"
cebs.niehs.nih.gov,Yes,Yes,1,1,2026-05-20T17:53:53,2026-12-05T17:52:53,26512539816,"C=US, O=IdenTrust, OU=HydrantID Trusted Certificate Service, CN=HydrantID Server CA O1"
centralguid-demo.cit.nih.gov,Yes,Yes,1,1,2025-11-11T00:00:00,2026-12-03T23:59:59,22375901995,"C=US, O=DigiCert Inc, OU=www.digicert.com, CN=GeoTrust TLS RSA CA G1"
centralguid.cit.nih.gov,Yes,Yes,1,1,2025-10-21T00:00:00,2026-11-03T23:59:59,21892154110,"C=US, O=DigiCert Inc, OU=www.digicert.com, CN=GeoTrust TLS RSA CA G1"
centreware.niaid.nih.gov,Yes,Yes,1,1,2025-09-23T18:22:47,2026-10-23T18:21:47,21227715320,"C=US, O=IdenTrust, OU=HydrantID Trusted Certificate Service, CN=HydrantID Server CA O1"
cerp-vip.niaid.nih.gov,No,Yes,1,1,2025-09-16T15:10:21,2026-10-16T15:09:21,21059819821,"C=US, O=IdenTrust, OU=HydrantID Trusted Certificate Service, CN=HydrantID Server CA O1"
cerp.niaid.nih.gov,Yes,Yes,1,1,2025-09-16T15:10:21,2026-10-16T15:09:21,21059819821,"C=US, O=IdenTrust, OU=HydrantID Trusted Certificate Service, CN=HydrantID Server CA O1"
cerpqa.niaid.nih.gov,Yes,Yes,1,1,2025-09-09T13:56:13,2026-10-09T13:55:13,20898459407,"C=US, O=IdenTrust, OU=HydrantID Trusted Certificate Service, CN=HydrantID Server CA O1"
cesspamvlt.hub.nih.gov,No,Yes,4,1,2026-01-21T00:00:00,2027-03-07T23:59:59,23905954804;28895560682;23905954560;28895565832,"C=CA, O=Entrust Limited, CN=Entrust OV TLS Issuing RSA CA 2"
cesspamvltbkp.hub.nih.gov,No,Yes,2,1,2026-01-21T00:00:00,2027-02-21T23:59:59,23905954560;23905954804,"C=CA, O=Entrust Limited, CN=Entrust OV TLS Issuing RSA CA 2"
cesspamvltdev.nihdev.cit.nih.gov,Yes,Yes,2,1,2026-02-03T00:00:00,2027-03-06T23:59:59,24168065007;24168066039,"C=CA, O=Entrust Limited, CN=Entrust OV TLS Issuing RSA CA 2"
cesspamvltst.hub.nih.gov,No,Yes,4,1,2026-01-21T00:00:00,2027-03-07T23:59:59,23905954804;28895560682;23905954560;28895565832,"C=CA, O=Entrust Limited, CN=Entrust OV TLS Issuing RSA CA 2"
cf23cluster.niehs.nih.gov,Yes,Yes,1,1,2025-11-20T00:00:00,2026-11-19T23:59:59,22624796419,"C=US, O=DigiCert Inc, CN=DigiCert Global G2 TLS RSA SHA256 2020 CA1"
cfcluster2026.niehs.nih.gov,Yes,Yes,2,2,2026-02-11T00:00:00,2027-02-10T23:59:59,24340766066;29441412356,"C=US, O=Let's Encrypt, CN=YR1;C=US, O=DigiCert Inc, CN=DigiCert Global G2 TLS RSA SHA256 2020 CA1"
cgr.nhgri.nih.gov,Yes,Yes,1,1,2026-04-24T17:20:36,2026-11-09T17:19:36,26159870257,"C=US, O=IdenTrust, OU=HydrantID Trusted Certificate Service, CN=HydrantID Server CA O1"
chat.nih.gov,No,Yes,1,1,2026-08-10T16:19:39,2027-02-25T16:18:39,28711370761,"C=US, O=IdenTrust, OU=HydrantID Trusted Certificate Service, CN=HydrantID Server CA O1"
checkbook-azure-dev.niaid.nih.gov,Yes,Yes,2,1,2026-06-23T00:00:00,2026-12-23T23:59:59,27427898679;27427861673,"C=US, O=DigiCert Inc, OU=www.digicert.com, CN=GeoTrust TLS RSA CA G1"
checkbook-qa.niaid.nih.gov,No,Yes,1,1,2026-07-01T22:52:23,2027-01-16T22:51:23,27628082370,"C=US, O=IdenTrust, OU=HydrantID Trusted Certificate Service, CN=HydrantID Server CA O1"
checkbook.niaid.nih.gov,No,Yes,1,1,2026-07-05T12:30:47,2027-01-20T12:29:47,27708504332,"C=US, O=IdenTrust, OU=HydrantID Trusted Certificate Service, CN=HydrantID Server CA O1"
chemdb.niaid.nih.gov,Yes,Yes,2,1,2025-10-21T17:46:11,2026-12-13T14:26:38,21890993895;22441194905,"C=US, O=IdenTrust, OU=HydrantID Trusted Certificate Service, CN=HydrantID Server CA O1"
chemdb2.niaid.nih.gov,No,Yes,2,1,2025-10-21T17:46:11,2026-12-13T14:26:38,21890993895;22441194905,"C=US, O=IdenTrust, OU=HydrantID Trusted Certificate Service, CN=HydrantID Server CA O1"
chi.niaid.nih.gov,No,Yes,2,1,2025-10-21T12:45:15,2026-11-20T12:44:15,25315440586;21884490384,"C=US, O=IdenTrust, OU=HydrantID Trusted Certificate Service, CN=HydrantID Server CA O1"
chiem0.nhlbi.nih.gov,Yes,Yes,1,1,2026-02-13T19:53:48,2027-03-15T19:52:48,24389484723,"C=US, O=IdenTrust, OU=HydrantID Trusted Certificate Service, CN=HydrantID Server CA O1"
chirp.nih.gov,No,Yes,1,1,2026-08-10T16:19:39,2027-02-25T16:18:39,28711370761,"C=US, O=IdenTrust, OU=HydrantID Trusted Certificate Service, CN=HydrantID Server CA O1"
chirp.od.nih.gov,Yes,Yes,1,1,2026-08-10T16:19:39,2027-02-25T16:18:39,28711370761,"C=US, O=IdenTrust, OU=HydrantID Trusted Certificate Service, CN=HydrantID Server CA O1"
cibfreezerworks-dev.niaid.nih.gov,Yes,Yes,1,1,2026-06-02T19:12:03,2026-12-18T19:11:03,26835147855,"C=US, O=IdenTrust, OU=HydrantID Trusted Certificate Service, CN=HydrantID Server CA O1"
cibfreezerworks-qa.niaid.nih.gov,Yes,Yes,1,1,2026-07-15T13:38:37,2027-01-30T13:37:37,27954537935,"C=US, O=IdenTrust, OU=HydrantID Trusted Certificate Service, CN=HydrantID Server CA O1"
cibfreezerworks.niaid.nih.gov,Yes,Yes,1,1,2026-07-30T18:34:16,2027-02-14T18:33:16,28386874809,"C=US, O=IdenTrust, OU=HydrantID Trusted Certificate Service, CN=HydrantID Server CA O1"
cidc-dev.nci.nih.gov,Yes,Yes,1,1,2026-09-03T19:36:07,2026-12-02T19:36:06,29323871945,"C=US, O=Let's Encrypt, CN=YR1"
cidc-stage.nci.nih.gov,Yes,Yes,2,1,2026-08-14T10:10:49,2026-11-12T10:10:48,28904458400;28846699892,"C=US, O=Let's Encrypt, CN=YR2"
cidc-tech-writing-dev.nci.nih.gov,Yes,Yes,2,1,2026-08-08T11:59:58,2026-11-06T11:59:57,28648352107;28648354113,"C=US, O=Let's Encrypt, CN=YR2"
cidc-tech-writing-stage.nci.nih.gov,Yes,Yes,2,1,2026-08-04T08:44:44,2026-11-02T08:44:43,28521774495;28521778826,"C=US, O=Let's Encrypt, CN=YR2"
cidc-tech-writing.nci.nih.gov,Yes,Yes,2,1,2026-08-02T16:48:47,2026-10-31T16:48:46,28467615839;28467615944,"C=US, O=Let's Encrypt, CN=YR1"
cidc.nci.nih.gov,Yes,Yes,2,1,2026-08-08T16:23:43,2026-11-06T16:23:42,28653497543;28653494058,"C=US, O=Let's Encrypt, CN=YR1"
cio.egos.nih.gov,Yes,Yes,9,3,2026-04-03T17:24:01,2026-11-18T16:03:41,29172426246;29027921183;29172427656;29027919744;29028479735;29018579480;29173027275;25424798006;29028467284,"C=US, O=IdenTrust, OU=HydrantID Trusted Certificate Service, CN=HydrantID Server CA O1;C=US, O=Let's Encrypt, CN=YR2;C=US, O=Let's Encrypt, CN=YE1"
circinteractome.nia.nih.gov,No,Yes,1,1,2026-01-29T00:00:00,2027-01-28T23:59:59,24048841990,"C=US, O=DigiCert Inc, CN=DigiCert Global G2 TLS RSA SHA256 2020 CA1"
circulatingnow.nlm.nih.gov,No,Yes,1,1,2026-09-09T07:45:00,2026-12-08T07:44:59,29515942698,"C=US, O=Let's Encrypt, CN=YE1"
cit.nih.gov,No,Yes,1,1,2025-09-23T16:07:11,2026-10-23T16:06:11,21225219695,"C=US, O=IdenTrust, OU=HydrantID Trusted Certificate Service, CN=HydrantID Server CA O1"
citbasscm.nih.gov,Yes,Yes,1,1,2025-10-30T20:16:51,2026-11-29T20:15:51,22108448794,"C=US, O=IdenTrust, OU=HydrantID Trusted Certificate Service, CN=HydrantID Server CA O1"
citfmpdev2.cit.nih.gov,Yes,Yes,1,1,2026-02-07T23:29:09,2027-03-11T23:29:09,24252405353,"C=US, ST=Arizona, L=Scottsdale, O=""GoDaddy.com, Inc."", OU=http://certs.godaddy.com/repository/, CN=Go Daddy Secure Certificate Authority - G2"
citnihtestsl1pf.cit.nih.gov,Yes,Yes,1,1,2026-08-12T19:40:27,2027-02-27T19:39:27,28774045118,"C=US, O=IdenTrust, OU=HydrantID Trusted Certificate Service, CN=HydrantID Server CA O1"
citrix.niehs.nih.gov,Yes,Yes,3,2,2025-11-13T00:00:00,2026-11-22T12:37:18,29241794145;29201055815;22425881041,"C=US, O=DigiCert Inc, CN=DigiCert Global G2 TLS RSA SHA256 2020 CA1;C=US, O=Let's Encrypt, CN=YR2"
citrixadm.niaid.nih.gov,Yes,Yes,1,1,2026-07-30T19:55:10,2027-02-14T19:54:10,28388408774,"C=US, O=IdenTrust, OU=HydrantID Trusted Certificate Service, CN=HydrantID Server CA O1"
citrixlicensing.niaid.nih.gov,Yes,Yes,2,1,2026-01-09T15:52:34,2027-02-08T15:51:34,23659082576;26356900480,"C=US, O=IdenTrust, OU=HydrantID Trusted Certificate Service, CN=HydrantID Server CA O1"
citrixstudio.niaid.nih.gov,Yes,Yes,1,1,2026-04-01T16:52:37,2026-10-17T16:51:37,25314843416,"C=US, O=IdenTrust, OU=HydrantID Trusted Certificate Service, CN=HydrantID Server CA O1"
citspokapps04.nih.gov,No,Yes,1,1,2025-12-22T15:00:50,2027-01-21T14:59:50,23295668469,"C=US, O=IdenTrust, OU=HydrantID Trusted Certificate Service, CN=HydrantID Server CA O1"
citspokapps05.nih.gov,No,Yes,1,1,2026-06-17T16:34:07,2027-01-02T16:33:07,27266269126,"C=US, O=IdenTrust, OU=HydrantID Trusted Certificate Service, CN=HydrantID Server CA O1"
citspokapps06.nih.gov,No,Yes,1,1,2026-06-17T16:34:07,2027-01-02T16:33:07,27266269126,"C=US, O=IdenTrust, OU=HydrantID Trusted Certificate Service, CN=HydrantID Server CA O1"
citspokdbms.nih.gov,Yes,Yes,1,1,2026-06-05T14:04:18,2026-12-21T14:03:18,26914936648,"C=US, O=IdenTrust, OU=HydrantID Trusted Certificate Service, CN=HydrantID Server CA O1"
citspokdbms04.nih.gov,Yes,Yes,1,1,2026-05-13T19:35:43,2026-11-28T19:34:43,26435326816,"C=US, O=IdenTrust, OU=HydrantID Trusted Certificate Service, CN=HydrantID Server CA O1"
citspokdbms05.nih.gov,No,Yes,1,1,2026-06-05T14:04:18,2026-12-21T14:03:18,26914936648,"C=US, O=IdenTrust, OU=HydrantID Trusted Certificate Service, CN=HydrantID Server CA O1"
citspokdbms06.nih.gov,No,Yes,1,1,2026-06-05T14:04:18,2026-12-21T14:03:18,26914936648,"C=US, O=IdenTrust, OU=HydrantID Trusted Certificate Service, CN=HydrantID Server CA O1"
citspokplat04.nih.gov,No,Yes,1,1,2025-12-04T15:06:20,2027-01-03T15:05:20,22893684857,"C=US, O=IdenTrust, OU=HydrantID Trusted Certificate Service, CN=HydrantID Server CA O1"
citspokplat05.nih.gov,No,Yes,1,1,2025-10-09T14:19:04,2026-11-08T14:18:04,21601121259,"C=US, O=IdenTrust, OU=HydrantID Trusted Certificate Service, CN=HydrantID Server CA O1"
citspokplat06.nih.gov,No,Yes,1,1,2025-10-09T14:19:04,2026-11-08T14:18:04,21601121259,"C=US, O=IdenTrust, OU=HydrantID Trusted Certificate Service, CN=HydrantID Server CA O1"
citspokrecd05.nih.gov,No,Yes,1,1,2026-07-22T19:59:49,2027-02-06T19:58:49,28161801769,"C=US, O=IdenTrust, OU=HydrantID Trusted Certificate Service, CN=HydrantID Server CA O1"
citspokspch04.nih.gov,No,Yes,2,1,2025-12-04T15:01:24,2027-01-21T15:01:01,23295685657;22893684701,"C=US, O=IdenTrust, OU=HydrantID Trusted Certificate Service, CN=HydrantID Server CA O1"
citspokspch05.nih.gov,No,Yes,1,1,2025-12-04T15:00:40,2027-01-03T14:59:40,22893684819,"C=US, O=IdenTrust, OU=HydrantID Trusted Certificate Service, CN=HydrantID Server CA O1"
citspokspch06.nih.gov,No,Yes,1,1,2025-12-04T15:00:40,2027-01-03T14:59:40,22893684819,"C=US, O=IdenTrust, OU=HydrantID Trusted Certificate Service, CN=HydrantID Server CA O1"
citvcse01.nih.gov,No,Yes,4,1,2025-12-31T00:00:00,2027-02-05T23:59:59,23483690106;23483693025;23573689647;23573691198,"C=CA, O=Entrust Limited, CN=Entrust OV TLS Issuing RSA CA 2"
citvcse02.nih.gov,No,Yes,4,1,2025-12-31T00:00:00,2027-02-05T23:59:59,23483690106;23483693025;23573689647;23573691198,"C=CA, O=Entrust Limited, CN=Entrust OV TLS Issuing RSA CA 2"
citvoip-exp-e.edge.nih.gov,No,Yes,2,1,2026-05-15T00:00:00,2026-11-29T23:59:59,26369034258;26356995558,"C=CA, O=Entrust Limited, CN=Entrust OV TLS Issuing RSA CA 2"
citvoip-exp-e.net.nih.gov,No,Yes,2,1,2026-06-05T00:00:00,2026-12-20T23:59:59,26919308775;26919252877,"C=CA, O=Entrust Limited, CN=Entrust OV TLS Issuing RSA CA 2"
citvoip-exp-e1.edge.nih.gov,No,Yes,4,1,2026-05-15T00:00:00,2026-12-20T23:59:59,26369034258;26919308775;26919252877;26356995558,"C=CA, O=Entrust Limited, CN=Entrust OV TLS Issuing RSA CA 2"
citvoip-exp-e2.edge.nih.gov,Yes,Yes,4,1,2026-05-15T00:00:00,2026-12-20T23:59:59,26369034258;26919308775;26919252877;26356995558,"C=CA, O=Entrust Limited, CN=Entrust OV TLS Issuing RSA CA 2"
citvoip-gwexp-e.net.nih.gov,Yes,Yes,2,1,2026-04-07T00:00:00,2026-10-22T23:59:59,25443602764;25674922830,"C=CA, O=Entrust Limited, CN=Entrust OV TLS Issuing RSA CA 2"
citvoip-gwexp-e1.net.nih.gov,No,Yes,2,1,2026-04-07T00:00:00,2026-10-22T23:59:59,25443602764;25674922830,"C=CA, O=Entrust Limited, CN=Entrust OV TLS Issuing RSA CA 2"
citvoip-gwexp-e2.net.nih.gov,No,Yes,2,1,2026-04-07T00:00:00,2026-10-22T23:59:59,25443602764;25674922830,"C=CA, O=Entrust Limited, CN=Entrust OV TLS Issuing RSA CA 2"
citvoip.rprm.nih.gov,Yes,Yes,6,1,2026-02-26T00:00:00,2027-03-12T23:59:59,24949031205;24685601010;24662106446;24662106396;24685616254;24949031681,"C=CA, O=Entrust Limited, CN=Entrust OV TLS Issuing RSA CA 2"
civilworkplace.nih.gov,Yes,Yes,9,5,2025-12-15T10:49:40,2026-12-15T10:49:40,28187559076;28187305431;28187310294;23131925963;28187314781;28187567857;28187579446;28187558893;28187312614,"C=US, O=Let's Encrypt, CN=YR1;C=US, O=Let's Encrypt, CN=YR2;C=US, ST=Arizona, L=Scottsdale, O=""GoDaddy.com, Inc."", OU=http://certs.godaddy.com/repository/, CN=Go Daddy Secure Certificate Authority - G2;C=US, O=Let's Encrypt, CN=YE2;C=US, O=Let's Encrypt, CN=YE1"
clamav.cit.nih.gov,No,Yes,1,1,2026-02-18T15:32:47,2027-03-20T15:31:47,24492927278,"C=US, O=IdenTrust, OU=HydrantID Trusted Certificate Service, CN=HydrantID Server CA O1"
clamav.nih.gov,No,Yes,1,1,2026-02-18T15:32:47,2027-03-20T15:31:47,24492927278,"C=US, O=IdenTrust, OU=HydrantID Trusted Certificate Service, CN=HydrantID Server CA O1"
clearance.ncats.nih.gov,Yes,Yes,1,1,2026-07-13T20:53:39,2027-01-28T20:52:39,27907860233,"C=US, O=IdenTrust, OU=HydrantID Trusted Certificate Service, CN=HydrantID Server CA O1"
click.connect.niams.nih.gov,Yes,Yes,1,1,2025-12-11T00:00:00,2027-01-11T23:59:59,23055262167,"C=US, O=DigiCert Inc, CN=DigiCert Global G2 TLS RSA SHA256 2020 CA1"
clinical.nih.gov,Yes,Yes,1,1,2026-05-04T16:30:04,2026-11-19T16:29:04,26312851406,"C=US, O=IdenTrust, OU=HydrantID Trusted Certificate Service, CN=HydrantID Server CA O1"
clinicalcenter.nih.gov,No,Yes,2,1,2026-08-06T19:06:09,2026-11-04T19:06:08,28598251499;28598259837,"C=US, O=Let's Encrypt, CN=YR1"
clinicalresearchtrials.nih.gov,No,Yes,2,1,2026-02-05T15:04:58,2027-02-15T15:47:15,24204343221;24825540855,"C=US, ST=Arizona, L=Scottsdale, O=""GoDaddy.com, Inc."", OU=http://certs.godaddy.com/repository/, CN=Go Daddy Secure Certificate Authority - G2"
clinicalstudies.info.nih.gov,Yes,Yes,2,1,2026-07-27T00:00:00,2027-02-14T23:59:59,28296849682;28410536890,"C=US, O=DigiCert Inc, CN=DigiCert Global G2 TLS RSA SHA256 2020 CA1"
clinicalsurvey.nichd.nih.gov,Yes,Yes,1,1,2025-10-07T15:18:03,2026-11-06T15:17:03,21549954204,"C=US, O=IdenTrust, OU=HydrantID Trusted Certificate Service, CN=HydrantID Server CA O1"
clinicianportal.cc.nih.gov,Yes,Yes,1,1,2026-02-02T00:00:00,2027-03-02T23:59:59,24141667990,"C=US, O=DigiCert Inc, CN=DigiCert Global G2 TLS RSA SHA256 2020 CA1"
clinregs.niaid.nih.gov,Yes,Yes,1,1,2025-09-29T14:36:06,2026-10-29T14:35:06,21348942805,"C=US, O=IdenTrust, OU=HydrantID Trusted Certificate Service, CN=HydrantID Server CA O1"
clinregsprod-vip.niaid.nih.gov,No,Yes,1,1,2025-09-29T14:36:06,2026-10-29T14:35:06,21348942805,"C=US, O=IdenTrust, OU=HydrantID Trusted Certificate Service, CN=HydrantID Server CA O1"
clinregsqa.niaid.nih.gov,Yes,Yes,1,1,2025-09-26T19:00:46,2026-10-26T18:59:46,21296265412,"C=US, O=IdenTrust, OU=HydrantID Trusted Certificate Service, CN=HydrantID Server CA O1"
clinregsqa2-vip.niaid.nih.gov,No,Yes,1,1,2025-09-26T19:00:46,2026-10-26T18:59:46,21296265412,"C=US, O=IdenTrust, OU=HydrantID Trusted Certificate Service, CN=HydrantID Server CA O1"
clinweb.cc.nih.gov,No,Yes,1,1,2026-05-13T00:00:00,2026-11-27T23:59:59,26317410276,"C=US, O=DigiCert Inc, CN=DigiCert Global G2 TLS RSA SHA256 2020 CA1"
clipimport.niaid.nih.gov,Yes,Yes,1,1,2026-05-29T14:30:19,2026-12-14T14:29:19,26733895066,"C=US, O=IdenTrust, OU=HydrantID Trusted Certificate Service, CN=HydrantID Server CA O1"
clipimportqa.niaid.nih.gov,No,Yes,1,1,2026-04-10T22:18:56,2026-10-26T22:17:56,25746312952,"C=US, O=IdenTrust, OU=HydrantID Trusted Certificate Service, CN=HydrantID Server CA O1"
clips.ninds.nih.gov,Yes,Yes,1,1,2026-01-05T19:35:37,2027-02-04T19:34:37,23572339085,"C=US, O=IdenTrust, OU=HydrantID Trusted Certificate Service, CN=HydrantID Server CA O1"
cloud-aws-cpdns-east.nih.gov,Yes,Yes,1,1,2026-06-04T18:08:47,2026-12-20T18:07:47,26891636315,"C=US, O=IdenTrust, OU=HydrantID Trusted Certificate Service, CN=HydrantID Server CA O1"
cloud-aws-cpdns-east1.nih.gov,Yes,Yes,1,1,2026-06-04T18:09:51,2026-12-20T18:08:51,26891660254,"C=US, O=IdenTrust, OU=HydrantID Trusted Certificate Service, CN=HydrantID Server CA O1"
cloud-azure-cpdns-east2-1.net.nih.gov,Yes,Yes,1,1,2026-06-02T19:23:10,2026-12-18T19:22:10,26835425275,"C=US, O=IdenTrust, OU=HydrantID Trusted Certificate Service, CN=HydrantID Server CA O1"
cloud-azure-cpdns-east2-2.net.nih.gov,Yes,Yes,1,1,2026-06-02T19:24:29,2026-12-18T19:23:29,26835484183,"C=US, O=IdenTrust, OU=HydrantID Trusted Certificate Service, CN=HydrantID Server CA O1"
cloud-gcp-cpdns-east4-1.net.nih.gov,Yes,Yes,1,1,2026-06-02T19:24:52,2026-12-18T19:23:52,26835484327,"C=US, O=IdenTrust, OU=HydrantID Trusted Certificate Service, CN=HydrantID Server CA O1"
cloud-gcp-cpdns-east4-2.net.nih.gov,Yes,Yes,1,1,2026-06-04T18:19:20,2026-12-20T18:18:20,26891867909,"C=US, O=IdenTrust, OU=HydrantID Trusted Certificate Service, CN=HydrantID Server CA O1"
cloud.connect.niams.nih.gov,Yes,Yes,2,1,2025-12-11T00:00:00,2027-01-11T23:59:59,23055151567;23055511535,"C=US, O=DigiCert Inc, CN=DigiCert Global G2 TLS RSA SHA256 2020 CA1"
cloud.nih.gov,Yes,Yes,2,1,2026-08-17T14:59:07,2026-11-15T14:59:06,29043795975;28931874406,"C=US, O=Let's Encrypt, CN=YR2"
cloudabs-test.od.nih.gov,Yes,Yes,1,1,2026-06-25T18:24:22,2027-01-10T18:23:22,27481444447,"C=US, O=IdenTrust, OU=HydrantID Trusted Certificate Service, CN=HydrantID Server CA O1"
cloudars.od.nih.gov,Yes,Yes,1,1,2026-04-15T14:33:11,2026-10-31T14:32:11,25896096556,"C=US, O=IdenTrust, OU=HydrantID Trusted Certificate Service, CN=HydrantID Server CA O1"
cloudmail.nih.gov,Yes,Yes,1,1,2026-01-15T16:35:43,2027-02-14T16:34:43,23785675767,"C=US, O=IdenTrust, OU=HydrantID Trusted Certificate Service, CN=HydrantID Server CA O1"
clustering.opa-tools.od.nih.gov,No,Yes,4,1,2026-05-14T18:20:09,2027-03-07T16:48:29,26444917519;28715696537;28715676118;28864586149,"C=US, O=IdenTrust, OU=HydrantID Trusted Certificate Service, CN=HydrantID Server CA O1"
cmis-drtst.nida.nih.gov,No,Yes,1,1,2025-09-30T15:25:17,2026-10-30T15:24:17,21376497647,"C=US, O=IdenTrust, OU=HydrantID Trusted Certificate Service, CN=HydrantID Server CA O1"
cms.csr.nih.gov,Yes,Yes,1,1,2025-11-13T16:55:31,2026-12-13T16:54:31,22441781751,"C=US, O=IdenTrust, OU=HydrantID Trusted Certificate Service, CN=HydrantID Server CA O1"
cnap.nhlbi.nih.gov,Yes,Yes,1,1,2025-10-16T15:01:20,2026-11-15T15:00:20,21762494268,"C=US, O=IdenTrust, OU=HydrantID Trusted Certificate Service, CN=HydrantID Server CA O1"
code.ninds.nih.gov,Yes,Yes,1,1,2026-03-30T18:18:25,2026-10-15T18:17:25,25285025922,"C=US, O=IdenTrust, OU=HydrantID Trusted Certificate Service, CN=HydrantID Server CA O1"
codeathon.ncbi.nlm.nih.gov,Yes,Yes,2,1,2026-08-28T18:36:57,2026-11-26T18:36:56,29128721103;29128731052,"C=US, O=Let's Encrypt, CN=YR1"
codingportal.iadrp.nia.nih.gov,Yes,Yes,2,1,2026-06-03T00:00:00,2026-12-17T23:59:59,26961659784;26842837804,"C=US, O=Amazon, CN=Amazon RSA 2048 M04"
codon-ctai.nichd.nih.gov,No,Yes,1,1,2026-08-20T20:03:06,2027-03-07T20:02:06,28865869449,"C=US, O=IdenTrust, OU=HydrantID Trusted Certificate Service, CN=HydrantID Server CA O1"
cofund-azure-dev.niaid.nih.gov,Yes,Yes,2,1,2026-06-03T00:00:00,2026-12-03T23:59:59,26995158788;26861576761,"C=US, O=DigiCert Inc, OU=www.digicert.com, CN=GeoTrust TLS RSA CA G1"
cofund-qa.niaid.nih.gov,No,Yes,1,1,2026-07-01T22:52:23,2027-01-16T22:51:23,27628082370,"C=US, O=IdenTrust, OU=HydrantID Trusted Certificate Service, CN=HydrantID Server CA O1"
cofund.niaid.nih.gov,No,Yes,1,1,2026-07-05T12:30:47,2027-01-20T12:29:47,27708504332,"C=US, O=IdenTrust, OU=HydrantID Trusted Certificate Service, CN=HydrantID Server CA O1"
cohorts-dev.niaid.nih.gov,Yes,Yes,2,1,2026-06-16T00:00:00,2026-12-16T23:59:59,27323616712;27231042307,"C=US, O=DigiCert Inc, OU=www.digicert.com, CN=GeoTrust TLS RSA CA G1"
columbus.niaid.nih.gov,Yes,Yes,1,1,2026-01-08T16:45:58,2027-02-07T16:44:58,23636279184,"C=US, O=IdenTrust, OU=HydrantID Trusted Certificate Service, CN=HydrantID Server CA O1"
colwebprod01.nhgri.nih.gov,Yes,Yes,1,1,2025-10-10T16:59:31,2026-11-09T16:58:31,21627797633,"C=US, O=IdenTrust, OU=HydrantID Trusted Certificate Service, CN=HydrantID Server CA O1"
combomatch-api-int.nci.nih.gov,No,Yes,1,1,2026-07-06T00:00:00,2027-01-19T23:59:59,27732071169,"C=US, O=Amazon, CN=Amazon RSA 2048 M04"
combomatch-api-uat.nci.nih.gov,No,Yes,1,1,2026-07-06T00:00:00,2027-01-19T23:59:59,27731547973,"C=US, O=Amazon, CN=Amazon RSA 2048 M01"
combomatch-api.nci.nih.gov,No,Yes,2,1,2026-08-17T00:00:00,2027-03-02T23:59:59,28831858411;28818975982,"C=US, O=Amazon, CN=Amazon RSA 2048 M04"
combomatch-int.nci.nih.gov,Yes,Yes,1,1,2026-07-06T00:00:00,2027-01-19T23:59:59,27732071169,"C=US, O=Amazon, CN=Amazon RSA 2048 M04"
combomatch-uat.nci.nih.gov,Yes,Yes,1,1,2026-07-06T00:00:00,2027-01-19T23:59:59,27731547973,"C=US, O=Amazon, CN=Amazon RSA 2048 M01"
combomatch.nci.nih.gov,Yes,Yes,2,1,2026-08-17T00:00:00,2027-03-02T23:59:59,28831858411;28818975982,"C=US, O=Amazon, CN=Amazon RSA 2048 M04"
committees.od.nih.gov,Yes,Yes,1,1,2025-12-15T15:12:54,2027-01-14T15:11:54,23136055613,"C=US, O=IdenTrust, OU=HydrantID Trusted Certificate Service, CN=HydrantID Server CA O1"
commondataelements.ninds.nih.gov,Yes,Yes,3,2,2026-01-14T15:24:05,2027-03-11T23:59:59,23764615427;24308602327;24307860576,"C=US, ST=Arizona, L=Scottsdale, O=""GoDaddy.com, Inc."", OU=http://certs.godaddy.com/repository/, CN=Go Daddy Secure Certificate Authority - G2;C=US, O=Amazon, CN=Amazon RSA 2048 M01"
commonfund.nih.gov,Yes,Yes,9,4,2025-11-14T20:23:26,2026-12-14T20:22:26,28386551039;28386814783;28386805876;28386550728;28386551675;28386543540;28386817271;22471660314;28386803914,"C=US, O=IdenTrust, OU=HydrantID Trusted Certificate Service, CN=HydrantID Server CA O1;C=US, O=Let's Encrypt, CN=YR1;C=US, O=Let's Encrypt, CN=YR2;C=US, O=Let's Encrypt, CN=YE1"
commonservices-az-gw.niaid.nih.gov,Yes,Yes,2,1,2026-08-20T15:28:17,2026-11-18T15:28:16,28977697728;29027115021,"C=US, O=Let's Encrypt, CN=YR1"
commonservices-azure-dev.niaid.nih.gov,Yes,Yes,2,1,2026-06-12T00:00:00,2026-12-12T23:59:59,27129582139;27267864251,"C=US, O=DigiCert Inc, OU=www.digicert.com, CN=GeoTrust TLS RSA CA G1"
commonservices-era.niaid.nih.gov,Yes,Yes,1,1,2025-11-20T14:52:24,2026-12-20T14:51:24,22619928469,"C=US, O=IdenTrust, OU=HydrantID Trusted Certificate Service, CN=HydrantID Server CA O1"
commonservices-qa-era.niaid.nih.gov,Yes,Yes,1,1,2025-11-20T14:54:47,2026-12-20T14:53:47,22619961757,"C=US, O=IdenTrust, OU=HydrantID Trusted Certificate Service, CN=HydrantID Server CA O1"
commonservices-qa.niaid.nih.gov,Yes,Yes,2,1,2026-07-01T22:52:23,2027-01-24T18:25:11,27628082370;27812108253,"C=US, O=IdenTrust, OU=HydrantID Trusted Certificate Service, CN=HydrantID Server CA O1"
commonservices.niaid.nih.gov,Yes,Yes,1,1,2026-07-09T18:27:51,2027-01-24T18:26:51,27812145816,"C=US, O=IdenTrust, OU=HydrantID Trusted Certificate Service, CN=HydrantID Server CA O1"
communities.nci.nih.gov,Yes,Yes,1,1,2025-10-30T13:19:35,2026-11-29T13:18:35,22103231190,"C=US, O=IdenTrust, OU=HydrantID Trusted Certificate Service, CN=HydrantID Server CA O1"
commuter.ors.od.nih.gov,Yes,Yes,2,1,2025-12-03T20:00:27,2027-01-14T21:49:10,23141837396;22890803236,"C=US, O=IdenTrust, OU=HydrantID Trusted Certificate Service, CN=HydrantID Server CA O1"
commvault.niehs.nih.gov,Yes,Yes,1,1,2026-02-11T00:00:00,2027-02-10T23:59:59,24343202851,"C=US, O=DigiCert Inc, CN=DigiCert Global G2 TLS RSA SHA256 2020 CA1"
configuration.apimdev.niaid.nih.gov,No,Yes,2,1,2025-11-05T19:14:42,2026-12-05T19:14:00,22235441894;22235441438,"C=US, O=IdenTrust, OU=HydrantID Trusted Certificate Service, CN=HydrantID Server CA O1"
configuration.apimqa.niaid.nih.gov,No,Yes,1,1,2026-03-27T21:23:02,2026-10-12T21:22:02,25260787414,"C=US, O=IdenTrust, OU=HydrantID Trusted Certificate Service, CN=HydrantID Server CA O1"
connect.niehs.nih.gov,No,Yes,5,3,2026-02-11T00:00:00,2027-03-18T23:59:59,28853858408;28837305020;29441412356;24340766066;24495498882,"C=US, O=Let's Encrypt, CN=YR1;C=US, O=Let's Encrypt, CN=YR2;C=US, O=DigiCert Inc, CN=DigiCert Global G2 TLS RSA SHA256 2020 CA1"
connect1dev1.niehs.nih.gov,No,Yes,1,1,2025-10-17T00:00:00,2026-10-16T23:59:59,21786469075,"C=US, O=DigiCert Inc, CN=DigiCert Global G2 TLS RSA SHA256 2020 CA1"
connect1prd1.niehs.nih.gov,No,Yes,3,2,2025-11-20T00:00:00,2027-02-10T23:59:59,24340766066;22624796419;29441412356,"C=US, O=Let's Encrypt, CN=YR1;C=US, O=DigiCert Inc, CN=DigiCert Global G2 TLS RSA SHA256 2020 CA1"
connect1tst1.niehs.nih.gov,No,Yes,1,1,2025-10-17T00:00:00,2026-10-16T23:59:59,21786873851,"C=US, O=DigiCert Inc, CN=DigiCert Global G2 TLS RSA SHA256 2020 CA1"
connect2dev2.niehs.nih.gov,No,Yes,1,1,2025-10-17T00:00:00,2026-10-16T23:59:59,21786469075,"C=US, O=DigiCert Inc, CN=DigiCert Global G2 TLS RSA SHA256 2020 CA1"
connect2prd2.niehs.nih.gov,No,Yes,3,2,2025-11-20T00:00:00,2027-02-10T23:59:59,24340766066;22624796419;29441412356,"C=US, O=Let's Encrypt, CN=YR1;C=US, O=DigiCert Inc, CN=DigiCert Global G2 TLS RSA SHA256 2020 CA1"
connect2tst2.niehs.nih.gov,No,Yes,1,1,2025-10-17T00:00:00,2026-10-16T23:59:59,21786873851,"C=US, O=DigiCert Inc, CN=DigiCert Global G2 TLS RSA SHA256 2020 CA1"
connect3prd3.niehs.nih.gov,No,Yes,3,2,2025-11-20T00:00:00,2027-02-10T23:59:59,24340766066;22624796419;29441412356,"C=US, O=Let's Encrypt, CN=YR1;C=US, O=DigiCert Inc, CN=DigiCert Global G2 TLS RSA SHA256 2020 CA1"
connect4prd4.niehs.nih.gov,No,Yes,3,2,2025-11-20T00:00:00,2027-02-10T23:59:59,24340766066;22624796419;29441412356,"C=US, O=Let's Encrypt, CN=YR1;C=US, O=DigiCert Inc, CN=DigiCert Global G2 TLS RSA SHA256 2020 CA1"
contact.rarediseases.info.nih.gov,Yes,Yes,1,1,2025-10-29T17:55:16,2026-11-28T17:54:16,22088751270,"C=US, O=IdenTrust, OU=HydrantID Trusted Certificate Service, CN=HydrantID Server CA O1"
content-si.niddk.nih.gov,No,Yes,1,1,2026-04-07T16:39:16,2026-10-23T16:38:16,25616159608,"C=US, O=IdenTrust, OU=HydrantID Trusted Certificate Service, CN=HydrantID Server CA O1"
content.niddk.nih.gov,Yes,Yes,1,1,2026-04-07T16:39:16,2026-10-23T16:38:16,25616159608,"C=US, O=IdenTrust, OU=HydrantID Trusted Certificate Service, CN=HydrantID Server CA O1"
content.obesityresearch.nih.gov,No,Yes,1,1,2026-04-07T16:39:16,2026-10-23T16:38:16,25616159608,"C=US, O=IdenTrust, OU=HydrantID Trusted Certificate Service, CN=HydrantID Server CA O1"
contractaward.niaid.nih.gov,No,Yes,1,1,2026-05-29T14:29:19,2026-12-14T14:28:19,26733877863,"C=US, O=IdenTrust, OU=HydrantID Trusted Certificate Service, CN=HydrantID Server CA O1"
contractawardqa.niaid.nih.gov,No,Yes,1,1,2026-05-29T14:27:59,2026-12-14T14:26:59,26733855296,"C=US, O=IdenTrust, OU=HydrantID Trusted Certificate Service, CN=HydrantID Server CA O1"
copd.nhlbi.nih.gov,No,Yes,1,1,2026-06-12T17:23:42,2026-12-28T17:22:42,27128788628,"C=US, O=IdenTrust, OU=HydrantID Trusted Certificate Service, CN=HydrantID Server CA O1"
copd.nih.gov,No,Yes,1,1,2026-06-12T17:23:42,2026-12-28T17:22:42,27128788628,"C=US, O=IdenTrust, OU=HydrantID Trusted Certificate Service, CN=HydrantID Server CA O1"
cordys.niaid.nih.gov,No,Yes,1,1,2025-09-29T19:53:13,2026-10-29T19:52:13,21353874944,"C=US, O=IdenTrust, OU=HydrantID Trusted Certificate Service, CN=HydrantID Server CA O1"
cordysqa.niaid.nih.gov,No,Yes,3,1,2025-10-02T16:38:22,2026-11-06T01:02:19,21533856641;21423057584;21529084167,"C=US, O=IdenTrust, OU=HydrantID Trusted Certificate Service, CN=HydrantID Server CA O1"
cortado.nhgri.nih.gov,No,Yes,1,1,2026-06-03T20:08:56,2026-12-19T20:07:56,26865025333,"C=US, O=IdenTrust, OU=HydrantID Trusted Certificate Service, CN=HydrantID Server CA O1"
costtracker-test.nichd.nih.gov,No,Yes,1,1,2026-06-17T16:36:21,2027-01-02T16:35:21,27266318189,"C=US, O=IdenTrust, OU=HydrantID Trusted Certificate Service, CN=HydrantID Server CA O1"
costtracker.nichd.nih.gov,No,Yes,1,1,2026-08-20T20:03:06,2027-03-07T20:02:06,28865869449,"C=US, O=IdenTrust, OU=HydrantID Trusted Certificate Service, CN=HydrantID Server CA O1"
covid19.opa-dev.od.nih.gov,No,Yes,1,1,2026-04-28T16:22:32,2026-11-13T16:21:32,26253382252,"C=US, O=IdenTrust, OU=HydrantID Trusted Certificate Service, CN=HydrantID Server CA O1"
covid19.opa-tools.od.nih.gov,No,Yes,4,1,2026-05-14T18:20:09,2027-03-07T16:48:29,26444917519;28715696537;28715676118;28864586149,"C=US, O=IdenTrust, OU=HydrantID Trusted Certificate Service, CN=HydrantID Server CA O1"
covid19community.nih.gov,No,Yes,1,1,2025-09-18T15:06:45,2026-10-18T15:05:45,21110487102,"C=US, O=IdenTrust, OU=HydrantID Trusted Certificate Service, CN=HydrantID Server CA O1"
covid19pvi.niehs.nih.gov,No,Yes,1,1,2026-08-27T16:08:02,2026-11-25T16:08:01,29426901856,"C=US, O=Let's Encrypt, CN=YR1"
covid19tracker-qa.niaid.nih.gov,No,Yes,1,1,2026-07-01T22:52:23,2027-01-16T22:51:23,27628082370,"C=US, O=IdenTrust, OU=HydrantID Trusted Certificate Service, CN=HydrantID Server CA O1"
covid19tracker.niaid.nih.gov,No,Yes,1,1,2026-07-05T12:30:47,2027-01-20T12:29:47,27708504332,"C=US, O=IdenTrust, OU=HydrantID Trusted Certificate Service, CN=HydrantID Server CA O1"
cpe-azure-dev.niaid.nih.gov,Yes,Yes,2,1,2026-06-17T00:00:00,2026-12-17T23:59:59,27331473383;27248850591,"C=US, O=DigiCert Inc, OU=www.digicert.com, CN=GeoTrust TLS RSA CA G1"
cpe.niaid.nih.gov,Yes,Yes,1,1,2026-08-14T13:54:36,2027-03-01T13:53:36,28798092072,"C=US, O=IdenTrust, OU=HydrantID Trusted Certificate Service, CN=HydrantID Server CA O1"
cpfp.cancer.gov,Yes,No,2,1,2026-07-23T03:04:00,2026-10-21T03:03:59,28171423667;28171432573,"C=US, O=Let's Encrypt, CN=YE2"
cpfp.nci.nih.gov,No,Yes,2,1,2026-07-23T03:04:00,2026-10-21T03:03:59,28171423667;28171432573,"C=US, O=Let's Encrypt, CN=YE2"
crfanalyzer-dev.niaid.nih.gov,No,Yes,1,1,2026-06-11T14:05:36,2026-12-27T14:04:36,27089439309,"C=US, O=IdenTrust, OU=HydrantID Trusted Certificate Service, CN=HydrantID Server CA O1"
crimsonlabkey.cc.nih.gov,Yes,Yes,3,1,2026-02-20T00:00:00,2027-03-18T23:59:59,24603957711;24540672670;24603942690,"C=US, O=DigiCert Inc, CN=DigiCert Global G2 TLS RSA SHA256 2020 CA1"
crimsonweb.cc.nih.gov,No,Yes,1,1,2026-04-03T00:00:00,2026-10-18T23:59:59,25370168457,"C=US, O=DigiCert Inc, CN=DigiCert Global G2 TLS RSA SHA256 2020 CA1"
crms.nidcr.nih.gov,Yes,Yes,1,1,2026-08-19T18:33:11,2027-03-06T18:32:11,28855523716,"C=US, O=IdenTrust, OU=HydrantID Trusted Certificate Service, CN=HydrantID Server CA O1"
crmsportal.niaid.nih.gov,Yes,Yes,2,1,2025-12-08T20:18:17,2027-01-07T20:17:17,26165365132;22986831683,"C=US, O=IdenTrust, OU=HydrantID Trusted Certificate Service, CN=HydrantID Server CA O1"
crmsportaldev.niaid.nih.gov,Yes,Yes,3,1,2026-03-24T21:52:58,2026-10-11T19:29:43,25200500686;25200540321;25239270506,"C=US, O=IdenTrust, OU=HydrantID Trusted Certificate Service, CN=HydrantID Server CA O1"
crmsportalqa.niaid.nih.gov,Yes,Yes,3,1,2025-11-10T14:37:19,2026-12-10T14:36:19,25871039148;26074521636;22362291573,"C=US, O=IdenTrust, OU=HydrantID Trusted Certificate Service, CN=HydrantID Server CA O1"
crmsportalsp19prod-vip.niaid.nih.gov,No,Yes,1,1,2025-12-08T20:18:17,2027-01-07T20:17:17,22986831683,"C=US, O=IdenTrust, OU=HydrantID Trusted Certificate Service, CN=HydrantID Server CA O1"
crmsportalsp19qa-vip.niaid.nih.gov,No,Yes,1,1,2025-11-10T14:37:19,2026-12-10T14:36:19,22362291573,"C=US, O=IdenTrust, OU=HydrantID Trusted Certificate Service, CN=HydrantID Server CA O1"
crmsportalsp22dev-vip.niaid.nih.gov,No,Yes,1,1,2026-03-24T21:52:58,2026-10-09T21:51:58,25200500686,"C=US, O=IdenTrust, OU=HydrantID Trusted Certificate Service, CN=HydrantID Server CA O1"
crmsportalsp25dev-vip.niaid.nih.gov,No,Yes,2,1,2026-03-24T21:55:51,2026-10-11T19:29:43,25200540321;25239270506,"C=US, O=IdenTrust, OU=HydrantID Trusted Certificate Service, CN=HydrantID Server CA O1"
crmsportalsp25prod-vip.niaid.nih.gov,No,Yes,1,1,2026-04-24T21:39:03,2026-11-09T21:38:03,26165365132,"C=US, O=IdenTrust, OU=HydrantID Trusted Certificate Service, CN=HydrantID Server CA O1"
crmsportalsp25qa-vip.niaid.nih.gov,No,Yes,2,1,2026-04-14T20:30:41,2026-11-06T19:33:21,25871039148;26074521636,"C=US, O=IdenTrust, OU=HydrantID Trusted Certificate Service, CN=HydrantID Server CA O1"
croms.nia.nih.gov,Yes,Yes,2,2,2026-05-11T18:26:02,2027-01-13T23:59:59,27572742233;26417469865,"C=US, O=DigiCert Inc, CN=DigiCert Global G2 TLS RSA SHA256 2020 CA1;C=US, O=IdenTrust, OU=HydrantID Trusted Certificate Service, CN=HydrantID Server CA O1"
cromsapi.nia.nih.gov,No,Yes,1,1,2026-05-11T18:26:02,2026-11-26T18:25:02,26417469865,"C=US, O=IdenTrust, OU=HydrantID Trusted Certificate Service, CN=HydrantID Server CA O1"
cromsapim-gw.nia.nih.gov,No,Yes,1,1,2026-05-11T18:26:02,2026-11-26T18:25:02,26417469865,"C=US, O=IdenTrust, OU=HydrantID Trusted Certificate Service, CN=HydrantID Server CA O1"
cromsapim.nia.nih.gov,No,Yes,1,1,2026-05-11T18:26:02,2026-11-26T18:25:02,26417469865,"C=US, O=IdenTrust, OU=HydrantID Trusted Certificate Service, CN=HydrantID Server CA O1"
cromsapimsbx-gw.nia.nih.gov,No,Yes,1,1,2026-05-06T15:30:09,2026-11-21T15:29:09,26374840546,"C=US, O=IdenTrust, OU=HydrantID Trusted Certificate Service, CN=HydrantID Server CA O1"
cromsapimsbx.nia.nih.gov,Yes,Yes,1,1,2026-05-06T15:30:09,2026-11-21T15:29:09,26374840546,"C=US, O=IdenTrust, OU=HydrantID Trusted Certificate Service, CN=HydrantID Server CA O1"
cromsapisbx.nia.nih.gov,Yes,Yes,1,1,2026-05-06T15:32:30,2026-11-21T15:31:30,26374860013,"C=US, O=IdenTrust, OU=HydrantID Trusted Certificate Service, CN=HydrantID Server CA O1"
cromslogicapp.nia.nih.gov,No,Yes,1,1,2026-05-11T18:26:02,2026-11-26T18:25:02,26417469865,"C=US, O=IdenTrust, OU=HydrantID Trusted Certificate Service, CN=HydrantID Server CA O1"
cromslogicappsbx.nia.nih.gov,Yes,Yes,1,1,2026-05-06T15:32:14,2026-11-21T15:31:14,26374860219,"C=US, O=IdenTrust, OU=HydrantID Trusted Certificate Service, CN=HydrantID Server CA O1"
cromssbx.nia.nih.gov,Yes,Yes,1,1,2026-05-06T15:31:56,2026-11-21T15:30:56,26374859543,"C=US, O=IdenTrust, OU=HydrantID Trusted Certificate Service, CN=HydrantID Server CA O1"
cromssharedapi.nia.nih.gov,No,Yes,1,1,2026-05-11T18:26:02,2026-11-26T18:25:02,26417469865,"C=US, O=IdenTrust, OU=HydrantID Trusted Certificate Service, CN=HydrantID Server CA O1"
cromssharedapisbx.nia.nih.gov,Yes,Yes,1,1,2026-05-06T15:31:22,2026-11-21T15:30:22,26374858019,"C=US, O=IdenTrust, OU=HydrantID Trusted Certificate Service, CN=HydrantID Server CA O1"
cronmanager-ci.ncats.nih.gov,Yes,Yes,1,1,2025-10-20T17:34:00,2026-11-19T17:33:00,21859268680,"C=US, O=IdenTrust, OU=HydrantID Trusted Certificate Service, CN=HydrantID Server CA O1"
crs.od.nih.gov,Yes,Yes,1,1,2026-04-30T18:59:31,2026-11-15T18:58:31,26272275236,"C=US, O=IdenTrust, OU=HydrantID Trusted Certificate Service, CN=HydrantID Server CA O1"
crs.opa-dev.od.nih.gov,No,Yes,1,1,2026-04-28T16:22:32,2026-11-13T16:21:32,26253382252,"C=US, O=IdenTrust, OU=HydrantID Trusted Certificate Service, CN=HydrantID Server CA O1"
crs.opa-tools.od.nih.gov,No,Yes,4,1,2026-05-14T18:20:09,2027-03-07T16:48:29,26444917519;28715696537;28715676118;28864586149,"C=US, O=IdenTrust, OU=HydrantID Trusted Certificate Service, CN=HydrantID Server CA O1"
crss-dev.niams.nih.gov,Yes,Yes,1,1,2026-08-19T14:40:44,2027-03-06T14:39:44,28853992052,"C=US, O=IdenTrust, OU=HydrantID Trusted Certificate Service, CN=HydrantID Server CA O1"
crss-stg.niams.nih.gov,Yes,Yes,1,1,2025-11-26T15:45:52,2026-12-26T15:44:52,22746788761,"C=US, O=IdenTrust, OU=HydrantID Trusted Certificate Service, CN=HydrantID Server CA O1"
crss.niams.nih.gov,Yes,Yes,1,1,2025-10-09T14:22:28,2026-11-08T14:21:28,21601191593,"C=US, O=IdenTrust, OU=HydrantID Trusted Certificate Service, CN=HydrantID Server CA O1"
cru.dpcpsi.nih.gov,Yes,Yes,1,1,2025-12-30T15:16:30,2027-01-29T15:15:30,23457439078,"C=US, O=IdenTrust, OU=HydrantID Trusted Certificate Service, CN=HydrantID Server CA O1"
cru.niehs.nih.gov,Yes,Yes,2,1,2026-08-24T12:38:20,2026-11-22T12:38:19,29234058365;29082558514,"C=US, O=Let's Encrypt, CN=YR1"
cryosparc.chiem0.nhlbi.nih.gov,No,Yes,1,1,2026-02-13T19:53:48,2027-03-15T19:52:48,24389484723,"C=US, O=IdenTrust, OU=HydrantID Trusted Certificate Service, CN=HydrantID Server CA O1"
cs16-vip.niaid.nih.gov,No,Yes,2,1,2025-10-02T15:54:05,2026-11-07T22:14:52,21582840129;21422326154,"C=US, O=IdenTrust, OU=HydrantID Trusted Certificate Service, CN=HydrantID Server CA O1"
csam.beta.nih.gov,No,Yes,1,1,2025-09-19T15:54:00,2026-10-19T15:53:00,21135240174,"C=US, O=IdenTrust, OU=HydrantID Trusted Certificate Service, CN=HydrantID Server CA O1"
csam.nih.gov,No,Yes,1,1,2026-01-27T14:01:20,2027-02-26T14:00:20,24012931451,"C=US, O=IdenTrust, OU=HydrantID Trusted Certificate Service, CN=HydrantID Server CA O1"
csms-api-int.nci.nih.gov,No,Yes,2,1,2026-02-10T00:00:00,2027-03-10T23:59:59,24309697578;24310586187,"C=US, O=Amazon, CN=Amazon RSA 2048 M04"
csms-api-uat.nci.nih.gov,No,Yes,2,1,2026-03-30T00:00:00,2026-10-13T23:59:59,25304031349;25279260564,"C=US, O=Amazon, CN=Amazon RSA 2048 M04"
csms-api.nci.nih.gov,No,Yes,2,1,2026-05-19T00:00:00,2026-12-02T23:59:59,26454460111;26455991910,"C=US, O=Amazon, CN=Amazon RSA 2048 M04"
csms-int.nci.nih.gov,Yes,Yes,2,1,2026-02-10T00:00:00,2027-03-10T23:59:59,24309697578;24310586187,"C=US, O=Amazon, CN=Amazon RSA 2048 M04"
csms-uat.nci.nih.gov,Yes,Yes,2,1,2026-03-30T00:00:00,2026-10-13T23:59:59,25304031349;25279260564,"C=US, O=Amazon, CN=Amazon RSA 2048 M04"
csms.nci.nih.gov,Yes,Yes,2,1,2026-05-19T00:00:00,2026-12-02T23:59:59,26454460111;26455991910,"C=US, O=Amazon, CN=Amazon RSA 2048 M04"
csosmember.nhlbi.nih.gov,Yes,Yes,2,1,2025-10-16T02:49:44,2026-11-15T02:51:33,21750494555;21750450232,"C=US, O=IdenTrust, OU=HydrantID Trusted Certificate Service, CN=HydrantID Server CA O1"
csrbigf.nih.gov,Yes,Yes,1,1,2026-06-26T14:03:17,2027-01-11T14:02:17,27501304371,"C=US, O=IdenTrust, OU=HydrantID Trusted Certificate Service, CN=HydrantID Server CA O1"
csrbigfic.nih.gov,Yes,Yes,1,1,2026-06-26T14:03:53,2027-01-11T14:02:53,27501305559,"C=US, O=IdenTrust, OU=HydrantID Trusted Certificate Service, CN=HydrantID Server CA O1"
csrjamfext.csr.nih.gov,Yes,Yes,1,1,2026-06-26T14:02:17,2027-01-11T14:01:17,27501285088,"C=US, O=IdenTrust, OU=HydrantID Trusted Certificate Service, CN=HydrantID Server CA O1"
csrjamfint.csr.nih.gov,Yes,Yes,1,1,2026-06-26T14:01:58,2027-01-11T14:00:58,27501269613,"C=US, O=IdenTrust, OU=HydrantID Trusted Certificate Service, CN=HydrantID Server CA O1"
csrsccm2.csr.nih.gov,Yes,Yes,1,1,2025-11-13T16:55:19,2026-12-13T16:54:19,22441781988,"C=US, O=IdenTrust, OU=HydrantID Trusted Certificate Service, CN=HydrantID Server CA O1"
ctdb-test.nichd.nih.gov,Yes,Yes,1,1,2026-04-09T19:50:13,2026-10-25T19:49:13,25704912462,"C=US, O=IdenTrust, OU=HydrantID Trusted Certificate Service, CN=HydrantID Server CA O1"
ctdb.nichd.nih.gov,Yes,Yes,1,1,2026-05-01T17:50:42,2026-11-16T17:49:42,26281988419,"C=US, O=IdenTrust, OU=HydrantID Trusted Certificate Service, CN=HydrantID Server CA O1"
ctdb2.nichd.nih.gov,Yes,Yes,1,1,2025-09-18T16:48:46,2026-10-18T16:47:46,21112211697,"C=US, O=IdenTrust, OU=HydrantID Trusted Certificate Service, CN=HydrantID Server CA O1"
ctepapps.nci.nih.gov,Yes,Yes,1,1,2026-02-10T14:41:12,2027-03-12T14:40:12,24311725403,"C=US, O=IdenTrust, OU=HydrantID Trusted Certificate Service, CN=HydrantID Server CA O1"
ctepappsbeta.nci.nih.gov,Yes,Yes,1,1,2026-07-17T18:49:54,2027-02-01T18:48:54,28018934747,"C=US, O=IdenTrust, OU=HydrantID Trusted Certificate Service, CN=HydrantID Server CA O1"
ctepappsint.nci.nih.gov,Yes,Yes,1,1,2026-05-08T16:48:37,2026-11-23T16:47:37,26393330072,"C=US, O=IdenTrust, OU=HydrantID Trusted Certificate Service, CN=HydrantID Server CA O1"
ctepcore.nci.nih.gov,Yes,Yes,1,1,2025-11-19T16:36:41,2026-12-19T16:35:41,22594675284,"C=US, O=IdenTrust, OU=HydrantID Trusted Certificate Service, CN=HydrantID Server CA O1"
ctepcorebetadms.nci.nih.gov,Yes,Yes,1,1,2026-05-08T16:48:15,2026-11-23T16:47:15,26393329313,"C=US, O=IdenTrust, OU=HydrantID Trusted Certificate Service, CN=HydrantID Server CA O1"
ctepcoredms.nci.nih.gov,Yes,Yes,1,1,2026-05-08T16:47:52,2026-11-23T16:46:52,26393325721,"C=US, O=IdenTrust, OU=HydrantID Trusted Certificate Service, CN=HydrantID Server CA O1"
ctepcoredrdms.nci.nih.gov,Yes,Yes,1,1,2026-07-01T18:29:38,2027-01-16T18:28:38,27624043162,"C=US, O=IdenTrust, OU=HydrantID Trusted Certificate Service, CN=HydrantID Server CA O1"
ctepcoreint.nci.nih.gov,Yes,Yes,1,1,2025-10-09T18:31:07,2026-11-08T18:30:07,21605830419,"C=US, O=IdenTrust, OU=HydrantID Trusted Certificate Service, CN=HydrantID Server CA O1"
ctephelp-azure.nci.nih.gov,Yes,Yes,1,1,2025-09-12T15:36:53,2026-10-12T15:35:53,20970933380,"C=US, O=IdenTrust, OU=HydrantID Trusted Certificate Service, CN=HydrantID Server CA O1"
ctephelp.nci.nih.gov,Yes,Yes,1,1,2025-11-19T19:52:36,2026-12-19T19:51:36,22598638067,"C=US, O=IdenTrust, OU=HydrantID Trusted Certificate Service, CN=HydrantID Server CA O1"
ctepstatus.nci.nih.gov,Yes,Yes,1,1,2026-06-30T18:13:41,2027-01-15T18:12:41,27598801213,"C=US, O=IdenTrust, OU=HydrantID Trusted Certificate Service, CN=HydrantID Server CA O1"
ctss.nih.gov,Yes,Yes,1,1,2026-08-12T19:41:34,2027-02-27T19:40:34,28774054698,"C=US, O=IdenTrust, OU=HydrantID Trusted Certificate Service, CN=HydrantID Server CA O1"
ctsstest.nichd.nih.gov,Yes,Yes,1,1,2025-12-01T21:30:19,2026-12-31T21:29:19,22850138403,"C=US, O=IdenTrust, OU=HydrantID Trusted Certificate Service, CN=HydrantID Server CA O1"
ctxaccessldapext.cc.nih.gov,Yes,Yes,1,1,2026-04-15T00:00:00,2026-10-30T23:59:59,25533777932,"C=US, O=DigiCert Inc, CN=DigiCert Global G2 TLS RSA SHA256 2020 CA1"
ctxaccessldapint.cc.nih.gov,Yes,Yes,1,1,2026-01-27T00:00:00,2027-02-25T23:59:59,24018531730,"C=US, O=DigiCert Inc, CN=DigiCert Global G2 TLS RSA SHA256 2020 CA1"
ctxaccesspivext.cc.nih.gov,Yes,Yes,1,1,2026-04-15T00:00:00,2026-10-30T23:59:59,25554001249,"C=US, O=DigiCert Inc, CN=DigiCert Global G2 TLS RSA SHA256 2020 CA1"
ctxaccesspivint.cc.nih.gov,Yes,Yes,1,1,2026-01-27T00:00:00,2027-02-25T23:59:59,24018516785,"C=US, O=DigiCert Inc, CN=DigiCert Global G2 TLS RSA SHA256 2020 CA1"
curation.opa-dev.od.nih.gov,No,Yes,1,1,2026-04-28T16:22:32,2026-11-13T16:21:32,26253382252,"C=US, O=IdenTrust, OU=HydrantID Trusted Certificate Service, CN=HydrantID Server CA O1"
curation.opa-tools.od.nih.gov,No,Yes,4,1,2026-05-14T18:20:09,2027-03-07T16:48:29,26444917519;28715696537;28715676118;28864586149,"C=US, O=IdenTrust, OU=HydrantID Trusted Certificate Service, CN=HydrantID Server CA O1"
curingsicklecell.nhlbi.nih.gov,No,Yes,1,1,2026-06-12T17:23:42,2026-12-28T17:22:42,27128788628,"C=US, O=IdenTrust, OU=HydrantID Trusted Certificate Service, CN=HydrantID Server CA O1"
custserv.nihlibrary.ors.nih.gov,Yes,Yes,1,1,2026-05-04T16:33:01,2026-11-19T16:32:01,26312876304,"C=US, O=IdenTrust, OU=HydrantID Trusted Certificate Service, CN=HydrantID Server CA O1"
cvdrisk.nhlbi.nih.gov,No,Yes,1,1,2026-06-12T17:23:42,2026-12-28T17:22:42,27128788628,"C=US, O=IdenTrust, OU=HydrantID Trusted Certificate Service, CN=HydrantID Server CA O1"
cvi-demo.cit.nih.gov,No,Yes,2,1,2025-10-31T00:00:00,2027-03-19T23:59:59,22124939003;29230613414,"C=US, O=DigiCert Inc, OU=www.digicert.com, CN=GeoTrust TLS RSA CA G1"
cvi.nih.gov,Yes,Yes,1,1,2025-11-07T00:00:00,2026-10-18T23:59:59,22281081927,"C=US, O=DigiCert Inc, OU=www.digicert.com, CN=GeoTrust TLS RSA CA G1"
dagc.nhgri.nih.gov,No,Yes,1,1,2025-10-28T20:55:28,2026-11-27T20:54:28,22069363580,"C=US, O=IdenTrust, OU=HydrantID Trusted Certificate Service, CN=HydrantID Server CA O1"
daidsconnect.niaid.nih.gov,Yes,Yes,1,1,2025-12-15T14:57:36,2027-01-14T14:56:36,23135825316,"C=US, O=IdenTrust, OU=HydrantID Trusted Certificate Service, CN=HydrantID Server CA O1"
daidsconnectowa.niaid.nih.gov,Yes,Yes,1,1,2025-12-16T20:10:04,2027-01-15T20:09:04,23162559278,"C=US, O=IdenTrust, OU=HydrantID Trusted Certificate Service, CN=HydrantID Server CA O1"
daidsconnectowaqa.niaid.nih.gov,Yes,Yes,1,1,2025-11-05T19:22:03,2026-12-05T19:21:03,22235575898,"C=US, O=IdenTrust, OU=HydrantID Trusted Certificate Service, CN=HydrantID Server CA O1"
daidsconnectqa.niaid.nih.gov,Yes,Yes,1,1,2025-11-05T19:08:43,2026-12-05T19:07:43,22235324353,"C=US, O=IdenTrust, OU=HydrantID Trusted Certificate Service, CN=HydrantID Server CA O1"
daidsconnectsp19prod-vip.niaid.nih.gov,No,Yes,1,1,2025-12-15T14:57:36,2027-01-14T14:56:36,23135825316,"C=US, O=IdenTrust, OU=HydrantID Trusted Certificate Service, CN=HydrantID Server CA O1"
daidsconnectsp19qa-vip.niaid.nih.gov,No,Yes,1,1,2025-11-05T19:08:43,2026-12-05T19:07:43,22235324353,"C=US, O=IdenTrust, OU=HydrantID Trusted Certificate Service, CN=HydrantID Server CA O1"
dailymed.nlm.nih.gov,Yes,Yes,3,2,2025-12-04T00:00:00,2027-01-03T23:59:59,22916240363;22892269431;22892197051,"C=US, O=Amazon, CN=Amazon RSA 2048 M04;C=US, O=Amazon, CN=Amazon RSA 2048 M01"
dali-panfs.ncats.nih.gov,Yes,Yes,1,1,2026-04-23T18:28:17,2026-11-08T18:27:17,26131586714,"C=US, O=IdenTrust, OU=HydrantID Trusted Certificate Service, CN=HydrantID Server CA O1"
daniocell-test.nichd.nih.gov,Yes,Yes,1,1,2026-06-17T16:35:53,2027-01-02T16:34:53,27266316759,"C=US, O=IdenTrust, OU=HydrantID Trusted Certificate Service, CN=HydrantID Server CA O1"
dash-confluence.cit.nih.gov,Yes,Yes,2,1,2025-09-22T00:00:00,2027-03-08T23:59:59,28954027783;21203460758,"C=US, O=Amazon, CN=Amazon RSA 2048 M01"
dash-jira.cit.nih.gov,No,Yes,2,1,2025-09-22T00:00:00,2027-03-08T23:59:59,28954027783;21203460758,"C=US, O=Amazon, CN=Amazon RSA 2048 M01"
dash.nichd.nih.gov,Yes,Yes,1,1,2026-04-03T17:25:36,2026-10-19T17:24:36,25424865080,"C=US, O=IdenTrust, OU=HydrantID Trusted Certificate Service, CN=HydrantID Server CA O1"
dashboards.niaid.nih.gov,No,Yes,1,1,2026-05-29T14:30:19,2026-12-14T14:29:19,26733895066,"C=US, O=IdenTrust, OU=HydrantID Trusted Certificate Service, CN=HydrantID Server CA O1"
dashboards.nih.gov,Yes,Yes,3,1,2026-07-01T23:08:15,2027-01-17T22:05:04,27628320348;27651897839;27652013196,"C=US, O=IdenTrust, OU=HydrantID Trusted Certificate Service, CN=HydrantID Server CA O1"
data-archive.nimh.nih.gov,No,Yes,3,2,2025-12-11T20:10:07,2027-01-10T20:09:07,26709251183;26754041236;23060651330,"C=US, O=IdenTrust, OU=HydrantID Trusted Certificate Service, CN=HydrantID Server CA O1;C=US, O=Amazon, CN=Amazon RSA 2048 M04"
data-staging.niaid.nih.gov,Yes,Yes,1,1,2026-02-05T15:05:07,2027-03-07T15:04:07,24204316784,"C=US, O=IdenTrust, OU=HydrantID Trusted Certificate Service, CN=HydrantID Server CA O1"
data.niaid.nih.gov,Yes,Yes,1,1,2026-02-05T15:11:25,2027-03-07T15:10:25,24204403244,"C=US, O=IdenTrust, OU=HydrantID Trusted Certificate Service, CN=HydrantID Server CA O1"
data.nidb.nih.gov,Yes,Yes,1,1,2026-08-07T19:21:19,2027-02-22T19:20:19,28628186464,"C=US, O=IdenTrust, OU=HydrantID Trusted Certificate Service, CN=HydrantID Server CA O1"
data.nih.gov,Yes,Yes,1,1,2026-05-04T16:30:22,2026-11-19T16:29:22,26312854276,"C=US, O=IdenTrust, OU=HydrantID Trusted Certificate Service, CN=HydrantID Server CA O1"
data.ntmportals.niaid.nih.gov,Yes,Yes,2,1,2026-08-05T00:00:00,2027-02-18T23:59:59,28559685941;28560949451,"C=US, O=Amazon, CN=Amazon RSA 2048 M01"
datacoding.opa-dev.od.nih.gov,No,Yes,1,1,2026-04-28T16:22:32,2026-11-13T16:21:32,26253382252,"C=US, O=IdenTrust, OU=HydrantID Trusted Certificate Service, CN=HydrantID Server CA O1"
datacoding.opa-tools.od.nih.gov,No,Yes,4,1,2026-05-14T18:20:09,2027-03-07T16:48:29,26444917519;28715696537;28715676118;28864586149,"C=US, O=IdenTrust, OU=HydrantID Trusted Certificate Service, CN=HydrantID Server CA O1"
datadiscovery.nlm.nih.gov,Yes,Yes,2,1,2026-04-04T14:07:59,2026-10-20T14:07:59,25468059581;25428112651,"C=BE, O=GlobalSign nv-sa, CN=GlobalSign GCC R6 AlphaSSL CA 2025"
datafax2.niaid.nih.gov,Yes,Yes,2,1,2026-07-14T17:08:05,2027-01-29T18:19:16,27931643861;27932975340,"C=US, O=IdenTrust, OU=HydrantID Trusted Certificate Service, CN=HydrantID Server CA O1"
datascience.niaid.nih.gov,No,Yes,1,1,2026-08-03T18:57:31,2027-02-18T18:56:31,28501832980,"C=US, O=IdenTrust, OU=HydrantID Trusted Certificate Service, CN=HydrantID Server CA O1"
datascience.nih.gov,Yes,Yes,14,5,2026-01-20T19:28:08,2027-02-19T19:27:08,28118971045;28118955685;29598661486;28118973478;28119339581;28119344640;29604112455;23886096067;28119342691;29549613198;29549557945;29598706162;28118957792;28119335440,"C=US, O=IdenTrust, OU=HydrantID Trusted Certificate Service, CN=HydrantID Server CA O1;C=US, O=Let's Encrypt, CN=YR1;C=US, O=Let's Encrypt, CN=YR2;C=US, O=Let's Encrypt, CN=YE2;C=US, O=Let's Encrypt, CN=YE1"
datasetcatalog.nlm.nih.gov,Yes,Yes,2,1,2026-05-13T00:00:00,2026-11-27T23:59:59,26313560470;26866139989,"C=US, O=DigiCert Inc, CN=DigiCert Global G2 TLS RSA SHA256 2020 CA1"
datashare.nida.nih.gov,Yes,Yes,1,1,2026-03-24T16:11:40,2026-10-09T16:10:40,25195557061,"C=US, O=IdenTrust, OU=HydrantID Trusted Certificate Service, CN=HydrantID Server CA O1"
datastage.terra.bio,Yes,No,2,1,2026-08-02T04:27:34,2026-10-31T04:27:33,28453566194;28453573208,"C=US, O=Let's Encrypt, CN=YR2"
dats.niaid.nih.gov,No,Yes,1,1,2026-07-12T19:05:12,2027-01-27T19:04:12,27880603846,"C=US, O=IdenTrust, OU=HydrantID Trusted Certificate Service, CN=HydrantID Server CA O1"
davidbioinformatics.nih.gov,Yes,Yes,1,1,2026-04-30T19:41:10,2026-11-15T19:40:10,26272491056,"C=US, O=IdenTrust, OU=HydrantID Trusted Certificate Service, CN=HydrantID Server CA O1"
dbaasp.niaid.nih.gov,No,Yes,2,1,2025-10-21T12:45:15,2026-11-20T12:44:15,25315440586;21884490384,"C=US, O=IdenTrust, OU=HydrantID Trusted Certificate Service, CN=HydrantID Server CA O1"
dcb-bitbucket.cit.nih.gov,Yes,Yes,1,1,2026-02-06T00:00:00,2027-02-25T23:59:59,24223516232,"C=US, O=DigiCert Inc, OU=www.digicert.com, CN=GeoTrust TLS RSA CA G1"
dcb-confluence.cit.nih.gov,Yes,Yes,1,1,2025-11-18T00:00:00,2026-12-09T23:59:59,22565824100,"C=US, O=DigiCert Inc, OU=www.digicert.com, CN=GeoTrust TLS RSA CA G1"
dcb-jira.cit.nih.gov,Yes,Yes,1,1,2025-11-18T00:00:00,2026-12-09T23:59:59,22566223886,"C=US, O=DigiCert Inc, OU=www.digicert.com, CN=GeoTrust TLS RSA CA G1"
dcb-promis.cit.nih.gov,Yes,Yes,1,1,2026-02-06T00:00:00,2027-03-09T23:59:59,24223301282,"C=US, O=DigiCert Inc, OU=www.digicert.com, CN=GeoTrust TLS RSA CA G1"
dcoadmin.od.nih.gov,Yes,Yes,1,1,2025-12-15T15:13:42,2027-01-14T15:12:42,23136070347,"C=US, O=IdenTrust, OU=HydrantID Trusted Certificate Service, CN=HydrantID Server CA O1"
dcrirflims.niaid.nih.gov,Yes,Yes,2,1,2025-09-26T17:21:20,2026-10-26T18:36:19,21294482768;21295816773,"C=US, O=IdenTrust, OU=HydrantID Trusted Certificate Service, CN=HydrantID Server CA O1"
dcv.chiem0.nhlbi.nih.gov,No,Yes,1,1,2026-02-13T19:53:48,2027-03-15T19:52:48,24389484723,"C=US, O=IdenTrust, OU=HydrantID Trusted Certificate Service, CN=HydrantID Server CA O1"
ddmseries.od.nih.gov,Yes,Yes,1,1,2026-01-07T15:37:06,2027-02-06T15:36:06,23611613592,"C=US, O=IdenTrust, OU=HydrantID Trusted Certificate Service, CN=HydrantID Server CA O1"
deleteme.niaid.nih.gov,Yes,Yes,1,1,2025-10-10T22:28:05,2026-11-09T22:27:05,21632298669,"C=US, O=IdenTrust, OU=HydrantID Trusted Certificate Service, CN=HydrantID Server CA O1"
deneb.niehs.nih.gov,No,Yes,1,1,2026-09-02T14:47:04,2026-12-01T14:47:03,29563728266,"C=US, O=Let's Encrypt, CN=YR1"
derworkspace.nei.nih.gov,Yes,Yes,1,1,2026-05-27T13:46:18,2026-12-12T13:45:18,26681804514,"C=US, O=IdenTrust, OU=HydrantID Trusted Certificate Service, CN=HydrantID Server CA O1"
designsystem-staging.niaid.nih.gov,Yes,Yes,1,1,2025-10-08T16:42:57,2026-11-07T16:41:57,21577354305,"C=US, O=IdenTrust, OU=HydrantID Trusted Certificate Service, CN=HydrantID Server CA O1"
designsystem.niaid.nih.gov,Yes,Yes,1,1,2025-10-08T16:41:00,2026-11-07T16:40:00,21577309691,"C=US, O=IdenTrust, OU=HydrantID Trusted Certificate Service, CN=HydrantID Server CA O1"
dev-acquia.niehs.nih.gov,No,Yes,3,2,2025-12-03T00:00:00,2026-12-02T23:59:59,22886422642;29284870146;29125620113,"C=US, O=Let's Encrypt, CN=YR1;C=US, O=DigiCert Inc, CN=DigiCert Global G2 TLS RSA SHA256 2020 CA1"
dev-nbdc-biobank.nida.nih.gov,Yes,Yes,1,1,2026-07-28T19:20:39,2027-02-12T19:19:39,28328978116,"C=US, O=IdenTrust, OU=HydrantID Trusted Certificate Service, CN=HydrantID Server CA O1"
dev-spse-auth-esps.nccih.nih.gov,No,Yes,1,1,2025-12-30T15:16:45,2027-01-29T15:15:45,23457455385,"C=US, O=IdenTrust, OU=HydrantID Trusted Certificate Service, CN=HydrantID Server CA O1"
dev-spse-esps.nccih.nih.gov,No,Yes,1,1,2025-12-30T15:16:45,2027-01-29T15:15:45,23457455385,"C=US, O=IdenTrust, OU=HydrantID Trusted Certificate Service, CN=HydrantID Server CA O1"
dev-spse-sps.nccih.nih.gov,Yes,Yes,1,1,2025-12-30T15:16:45,2027-01-29T15:15:45,23457455385,"C=US, O=IdenTrust, OU=HydrantID Trusted Certificate Service, CN=HydrantID Server CA O1"
dev.clinical.nih.gov,Yes,Yes,1,1,2026-05-01T15:40:50,2026-11-16T15:39:50,26280966544,"C=US, O=IdenTrust, OU=HydrantID Trusted Certificate Service, CN=HydrantID Server CA O1"
dev.data.nih.gov,Yes,Yes,1,1,2026-05-04T16:26:13,2026-11-19T16:25:13,26312819696,"C=US, O=IdenTrust, OU=HydrantID Trusted Certificate Service, CN=HydrantID Server CA O1"
dev.datastage.terra.bio,Yes,No,2,2,2025-11-17T13:40:45,2026-12-17T13:39:45,22539221384;29253384402,"C=US, O=Let's Encrypt, CN=YR1;C=US, O=IdenTrust, OU=HydrantID Trusted Certificate Service, CN=HydrantID Server CA O1"
dev.era.nih.gov,Yes,Yes,1,1,2026-04-28T14:24:45,2026-11-12T14:24:45,25889015342,"C=US, ST=Arizona, L=Scottsdale, O=""GoDaddy.com, Inc."", OU=http://certs.godaddy.com/repository/, CN=Go Daddy Secure Certificate Authority - G2"
dev.evs.nci.nih.gov,No,Yes,2,1,2026-07-20T12:08:43,2026-10-18T12:08:42,28093558530;28093562631,"C=US, O=Let's Encrypt, CN=YR2"
dev.gris.niaid.nih.gov,Yes,Yes,1,1,2025-09-29T15:10:10,2026-10-29T15:09:10,21349460277,"C=US, O=IdenTrust, OU=HydrantID Trusted Certificate Service, CN=HydrantID Server CA O1"
dev.health.nih.gov,Yes,Yes,1,1,2026-05-04T16:26:43,2026-11-19T16:25:43,26312820256,"C=US, O=IdenTrust, OU=HydrantID Trusted Certificate Service, CN=HydrantID Server CA O1"
dev.history.nih.gov,Yes,Yes,1,1,2026-07-17T00:00:00,2027-01-30T23:59:59,28006407945,"C=US, O=Amazon, CN=Amazon RSA 2048 M01"
dev.nci.nih.gov,No,Yes,4,2,2026-07-20T12:08:55,2026-11-15T19:11:14,28909543794;28992481334;28093566239;28093561508,"C=US, O=Let's Encrypt, CN=YR1;C=US, O=Let's Encrypt, CN=YR2"
dev.nih.gov,Yes,Yes,1,1,2026-05-04T16:29:41,2026-11-19T16:28:41,26312848740,"C=US, O=IdenTrust, OU=HydrantID Trusted Certificate Service, CN=HydrantID Server CA O1"
dev.openpicsure.biodatacatalyst.nhlbi.nih.gov,Yes,Yes,1,1,2026-04-21T15:56:26,2026-11-06T15:55:26,26069466257,"C=US, O=IdenTrust, OU=HydrantID Trusted Certificate Service, CN=HydrantID Server CA O1"
dev.picsure.biodatacatalyst.nhlbi.nih.gov,Yes,Yes,2,1,2026-01-15T14:10:05,2027-02-14T14:09:05,23783489852;27985551281,"C=US, O=IdenTrust, OU=HydrantID Trusted Certificate Service, CN=HydrantID Server CA O1"
dev.portal.github.nih.gov,Yes,Yes,2,1,2026-05-16T00:00:00,2026-11-16T23:59:59,26463225317;26385265191,"C=US, O=DigiCert Inc, OU=www.digicert.com, CN=GeoTrust TLS RSA CA G1"
dev.rare.nih.gov,Yes,Yes,1,1,2026-05-04T16:26:59,2026-11-19T16:25:59,26312829642,"C=US, O=IdenTrust, OU=HydrantID Trusted Certificate Service, CN=HydrantID Server CA O1"
dev.repository.niddk.nih.gov,Yes,Yes,1,1,2025-09-24T15:45:50,2026-10-24T15:44:50,21249242020,"C=US, O=IdenTrust, OU=HydrantID Trusted Certificate Service, CN=HydrantID Server CA O1"
dev.research.nih.gov,Yes,Yes,1,1,2026-05-04T16:27:23,2026-11-19T16:26:23,26312832414,"C=US, O=IdenTrust, OU=HydrantID Trusted Certificate Service, CN=HydrantID Server CA O1"
dev.saavi.nih.gov,Yes,Yes,1,1,2026-05-27T20:48:12,2026-12-12T20:47:12,26689839866,"C=US, O=IdenTrust, OU=HydrantID Trusted Certificate Service, CN=HydrantID Server CA O1"
dev.tech.nih.gov,Yes,Yes,1,1,2026-05-04T16:27:41,2026-11-19T16:26:41,26312832697,"C=US, O=IdenTrust, OU=HydrantID Trusted Certificate Service, CN=HydrantID Server CA O1"
dev.terra.biodatacatalyst.nhlbi.nih.gov,No,Yes,1,1,2026-09-02T02:16:20,2026-12-01T02:16:19,29253384402,"C=US, O=Let's Encrypt, CN=YR1"
devdata.nidb.nih.gov,Yes,Yes,1,1,2025-10-31T17:36:20,2026-11-30T17:35:20,22123968042,"C=US, O=IdenTrust, OU=HydrantID Trusted Certificate Service, CN=HydrantID Server CA O1"
developer.apim.niaid.nih.gov,No,Yes,1,1,2026-02-24T17:45:32,2027-03-26T17:44:32,24621543206,"C=US, O=IdenTrust, OU=HydrantID Trusted Certificate Service, CN=HydrantID Server CA O1"
developer.apimdev.niaid.nih.gov,No,Yes,2,1,2025-11-05T19:14:42,2026-12-05T19:14:00,22235441894;22235441438,"C=US, O=IdenTrust, OU=HydrantID Trusted Certificate Service, CN=HydrantID Server CA O1"
developer.apimqa.niaid.nih.gov,No,Yes,1,1,2026-03-27T21:23:02,2026-10-12T21:22:02,25260787414,"C=US, O=IdenTrust, OU=HydrantID Trusted Certificate Service, CN=HydrantID Server CA O1"
developer.nhlbi-apim-prod.nhlbi.nih.gov,No,Yes,1,1,2026-02-20T17:50:41,2027-03-22T17:49:41,24538331423,"C=US, O=IdenTrust, OU=HydrantID Trusted Certificate Service, CN=HydrantID Server CA O1"
developmentalbiology.nih.gov,Yes,Yes,1,1,2025-12-29T14:57:01,2027-01-28T14:56:01,23437573324,"C=US, O=IdenTrust, OU=HydrantID Trusted Certificate Service, CN=HydrantID Server CA O1"
devgfa.fic.nih.gov,Yes,Yes,1,1,2026-05-26T19:57:24,2026-12-11T19:56:24,26662919010,"C=US, O=IdenTrust, OU=HydrantID Trusted Certificate Service, CN=HydrantID Server CA O1"
devk2.fic.nih.gov,Yes,Yes,1,1,2025-11-04T18:10:29,2026-12-04T18:09:29,22205818377,"C=US, O=IdenTrust, OU=HydrantID Trusted Certificate Service, CN=HydrantID Server CA O1"
devmerlinapps.nlm.nih.gov,Yes,Yes,1,1,2026-04-23T18:25:57,2026-11-08T18:24:57,26131528335,"C=US, O=IdenTrust, OU=HydrantID Trusted Certificate Service, CN=HydrantID Server CA O1"
devpds.nih.gov,Yes,Yes,1,1,2025-11-13T13:55:42,2026-12-13T13:54:42,22440684444,"C=US, O=IdenTrust, OU=HydrantID Trusted Certificate Service, CN=HydrantID Server CA O1"
devspapps.nichd.nih.gov,Yes,Yes,2,1,2026-08-06T00:00:00,2027-02-20T23:59:59,28591269876;28591273196,"C=GB, O=Sectigo Limited, CN=Sectigo Public Server Authentication CA DV R36"
devssrs.fic.nih.gov,Yes,Yes,1,1,2025-11-04T18:02:48,2026-12-04T18:01:48,22205667078,"C=US, O=IdenTrust, OU=HydrantID Trusted Certificate Service, CN=HydrantID Server CA O1"
devstageerawebserviceaccess.nichd.nih.gov,Yes,Yes,1,1,2025-12-08T19:58:07,2027-01-07T19:57:07,22986473796,"C=US, O=IdenTrust, OU=HydrantID Trusted Certificate Service, CN=HydrantID Server CA O1"
devtestdomain.nih.gov,No,Yes,2,1,2026-02-05T15:04:58,2027-02-15T15:47:15,24204343221;24825540855,"C=US, ST=Arizona, L=Scottsdale, O=""GoDaddy.com, Inc."", OU=http://certs.godaddy.com/repository/, CN=Go Daddy Secure Certificate Authority - G2"
devtestdomain2.nih.gov,No,Yes,2,1,2026-02-05T15:04:58,2027-02-15T15:47:15,24204343221;24825540855,"C=US, ST=Arizona, L=Scottsdale, O=""GoDaddy.com, Inc."", OU=http://certs.godaddy.com/repository/, CN=Go Daddy Secure Certificate Authority - G2"
devtestdomain3.nih.gov,No,Yes,2,1,2026-02-05T15:04:58,2027-02-15T15:47:15,24204343221;24825540855,"C=US, ST=Arizona, L=Scottsdale, O=""GoDaddy.com, Inc."", OU=http://certs.godaddy.com/repository/, CN=Go Daddy Secure Certificate Authority - G2"
devtestdomain4.nih.gov,No,Yes,2,1,2026-02-05T15:04:58,2027-02-15T15:47:15,24204343221;24825540855,"C=US, ST=Arizona, L=Scottsdale, O=""GoDaddy.com, Inc."", OU=http://certs.godaddy.com/repository/, CN=Go Daddy Secure Certificate Authority - G2"
devtestdomain5.nih.gov,No,Yes,2,1,2026-02-05T15:04:58,2027-02-15T15:47:15,24204343221;24825540855,"C=US, ST=Arizona, L=Scottsdale, O=""GoDaddy.com, Inc."", OU=http://certs.godaddy.com/repository/, CN=Go Daddy Secure Certificate Authority - G2"
devtestdomain6.nih.gov,No,Yes,2,1,2026-02-05T15:04:58,2027-02-15T15:47:15,24204343221;24825540855,"C=US, ST=Arizona, L=Scottsdale, O=""GoDaddy.com, Inc."", OU=http://certs.godaddy.com/repository/, CN=Go Daddy Secure Certificate Authority - G2"
devtestdomain7.nih.gov,No,Yes,2,1,2026-02-05T15:04:58,2027-02-15T15:47:15,24204343221;24825540855,"C=US, ST=Arizona, L=Scottsdale, O=""GoDaddy.com, Inc."", OU=http://certs.godaddy.com/repository/, CN=Go Daddy Secure Certificate Authority - G2"
devwebaz.csr.nih.gov,Yes,Yes,1,1,2026-04-23T18:27:55,2026-11-08T18:26:55,26131581022,"C=US, O=IdenTrust, OU=HydrantID Trusted Certificate Service, CN=HydrantID Server CA O1"
devwebservices.fic.nih.gov,Yes,Yes,1,1,2025-11-04T18:06:39,2026-12-04T18:05:39,22205733168,"C=US, O=IdenTrust, OU=HydrantID Trusted Certificate Service, CN=HydrantID Server CA O1"
devwebservices.nimhd.nih.gov,Yes,Yes,1,1,2026-07-15T17:42:49,2027-01-30T17:41:49,27959501375,"C=US, O=IdenTrust, OU=HydrantID Trusted Certificate Service, CN=HydrantID Server CA O1"
dfdiscoverprod-vip.niaid.nih.gov,No,Yes,1,1,2026-07-14T18:20:16,2027-01-29T18:19:16,27932975340,"C=US, O=IdenTrust, OU=HydrantID Trusted Certificate Service, CN=HydrantID Server CA O1"
dfdiscoverqa-vip.niaid.nih.gov,No,Yes,4,1,2026-05-19T17:24:47,2026-12-11T18:21:23,26661323788;26503854872;26660920097;26660926401,"C=US, O=IdenTrust, OU=HydrantID Trusted Certificate Service, CN=HydrantID Server CA O1"
dfdiscoverqa.niaid.nih.gov,Yes,Yes,4,1,2026-05-19T17:24:47,2026-12-11T18:21:23,26661323788;26503854872;26660920097;26660926401,"C=US, O=IdenTrust, OU=HydrantID Trusted Certificate Service, CN=HydrantID Server CA O1"
dhlbesx08.nlm.nih.gov,Yes,Yes,1,1,2026-07-01T00:00:00,2027-01-15T23:59:59,27618648994,"C=US, O=DigiCert Inc, CN=DigiCert Global G2 TLS RSA SHA256 2020 CA1"
dhlbesx09.nlm.nih.gov,Yes,Yes,1,1,2026-07-01T00:00:00,2027-01-15T23:59:59,27617864430,"C=US, O=DigiCert Inc, CN=DigiCert Global G2 TLS RSA SHA256 2020 CA1"
dhlbesx10.nlm.nih.gov,Yes,Yes,1,1,2026-07-01T00:00:00,2027-01-15T23:59:59,27617435296,"C=US, O=DigiCert Inc, CN=DigiCert Global G2 TLS RSA SHA256 2020 CA1"
dhlbesx11.nlm.nih.gov,Yes,Yes,1,1,2026-07-01T00:00:00,2027-01-15T23:59:59,27617110926,"C=US, O=DigiCert Inc, CN=DigiCert Global G2 TLS RSA SHA256 2020 CA1"
dhlbesx12.nlm.nih.gov,Yes,Yes,1,1,2026-07-01T00:00:00,2027-01-15T23:59:59,27616770264,"C=US, O=DigiCert Inc, CN=DigiCert Global G2 TLS RSA SHA256 2020 CA1"
dhlbesx13.nlm.nih.gov,Yes,Yes,1,1,2026-07-01T00:00:00,2027-01-15T23:59:59,27616404239,"C=US, O=DigiCert Inc, CN=DigiCert Global G2 TLS RSA SHA256 2020 CA1"
dhlbesx14.nlm.nih.gov,Yes,Yes,1,1,2026-07-01T00:00:00,2027-01-15T23:59:59,27615902169,"C=US, O=DigiCert Inc, CN=DigiCert Global G2 TLS RSA SHA256 2020 CA1"
diffusion.lobos.nih.gov,Yes,Yes,2,1,2025-12-23T18:42:41,2027-01-27T06:16:54,23412251517;23320911050,"C=US, O=IdenTrust, OU=HydrantID Trusted Certificate Service, CN=HydrantID Server CA O1"
digitalpolicy-dev.niaid.nih.gov,Yes,Yes,3,1,2025-10-08T16:37:52,2026-11-13T14:47:48,21716499468;21716149799;21577244969,"C=US, O=IdenTrust, OU=HydrantID Trusted Certificate Service, CN=HydrantID Server CA O1"
digitalpolicy-staging.niaid.nih.gov,No,Yes,1,1,2025-10-14T14:48:48,2026-11-13T14:47:48,21716499468,"C=US, O=IdenTrust, OU=HydrantID Trusted Certificate Service, CN=HydrantID Server CA O1"
digitalpolicy.niaid.nih.gov,Yes,Yes,1,1,2025-09-29T14:23:35,2026-10-29T14:22:35,21348743890,"C=US, O=IdenTrust, OU=HydrantID Trusted Certificate Service, CN=HydrantID Server CA O1"
dir-test.nichd.nih.gov,No,Yes,1,1,2026-05-01T17:50:12,2026-11-16T17:49:12,26281987698,"C=US, O=IdenTrust, OU=HydrantID Trusted Certificate Service, CN=HydrantID Server CA O1"
dir.nhlbi.nih.gov,No,Yes,4,2,2026-07-19T13:35:18,2026-12-16T20:14:52,29533403077;29537364063;28066322782;28066323352,"C=US, O=Let's Encrypt, CN=YR1;C=US, O=Let's Encrypt, CN=YR2"
dir.nichd.nih.gov,Yes,Yes,1,1,2025-10-07T15:20:27,2026-11-06T15:19:27,21549995317,"C=US, O=IdenTrust, OU=HydrantID Trusted Certificate Service, CN=HydrantID Server CA O1"
dircal-test.nichd.nih.gov,No,Yes,1,1,2026-06-17T16:36:21,2027-01-02T16:35:21,27266318189,"C=US, O=IdenTrust, OU=HydrantID Trusted Certificate Service, CN=HydrantID Server CA O1"
dircal.nichd.nih.gov,No,Yes,1,1,2026-08-20T20:03:06,2027-03-07T20:02:06,28865869449,"C=US, O=IdenTrust, OU=HydrantID Trusted Certificate Service, CN=HydrantID Server CA O1"
directorsawards.nih.gov,No,Yes,1,1,2025-12-15T10:49:40,2026-12-15T10:49:40,23131925963,"C=US, ST=Arizona, L=Scottsdale, O=""GoDaddy.com, Inc."", OU=http://certs.godaddy.com/repository/, CN=Go Daddy Secure Certificate Authority - G2"
dirkozel.nhlbi.nih.gov,Yes,Yes,2,1,2026-07-12T14:37:14,2026-10-10T14:37:13,27877202146;27877207538,"C=US, O=Let's Encrypt, CN=YR1"
dirreview.nhlbi.nih.gov,Yes,Yes,2,1,2026-01-16T15:42:09,2027-01-21T21:09:00,23803929475;23905062833,"C=US, O=IdenTrust, OU=HydrantID Trusted Certificate Service, CN=HydrantID Server CA O1"
dirweb.nhlbi.nih.gov,No,Yes,4,2,2026-07-19T13:35:18,2026-12-16T20:14:52,29533403077;29537364063;28066322782;28066323352,"C=US, O=Let's Encrypt, CN=YR1;C=US, O=Let's Encrypt, CN=YR2"
dis-waiver.cit.nih.gov,Yes,Yes,1,1,2025-12-09T16:20:34,2027-01-08T16:19:34,23006429326,"C=US, O=IdenTrust, OU=HydrantID Trusted Certificate Service, CN=HydrantID Server CA O1"
dis.cit.nih.gov,Yes,Yes,1,1,2025-10-31T15:29:13,2026-11-30T15:28:13,22122354129,"C=US, O=IdenTrust, OU=HydrantID Trusted Certificate Service, CN=HydrantID Server CA O1"
dis.ors.od.nih.gov,Yes,Yes,1,1,2026-01-15T16:37:52,2027-02-14T16:36:52,23785706051,"C=US, O=IdenTrust, OU=HydrantID Trusted Certificate Service, CN=HydrantID Server CA O1"
discoverwhr.nih.gov,Yes,Yes,1,1,2026-07-20T00:00:00,2027-02-02T23:59:59,28081236716,"C=US, O=Amazon, CN=Amazon RSA 2048 M04"
discs-legacy-drtst.nida.nih.gov,No,Yes,1,1,2025-09-30T15:25:17,2026-10-30T15:24:17,21376497647,"C=US, O=IdenTrust, OU=HydrantID Trusted Certificate Service, CN=HydrantID Server CA O1"
disease-int.nci.nih.gov,Yes,Yes,1,1,2026-08-19T00:00:00,2027-03-04T23:59:59,28853078984,"C=US, O=Amazon, CN=Amazon RSA 2048 M01"
disease-uat.nci.nih.gov,Yes,Yes,1,1,2026-08-19T00:00:00,2027-03-04T23:59:59,28853077516,"C=US, O=Amazon, CN=Amazon RSA 2048 M04"
disease.nci.nih.gov,Yes,Yes,1,1,2026-08-24T00:00:00,2027-03-09T23:59:59,28990835442,"C=US, O=Amazon, CN=Amazon RSA 2048 M04"
ditto.cit.nih.gov,No,Yes,1,1,2026-02-18T15:32:47,2027-03-20T15:31:47,24492927278,"C=US, O=IdenTrust, OU=HydrantID Trusted Certificate Service, CN=HydrantID Server CA O1"
dkcrushftp2.niddk.nih.gov,Yes,Yes,1,1,2026-06-05T14:04:51,2026-12-21T14:03:51,26914953944,"C=US, O=IdenTrust, OU=HydrantID Trusted Certificate Service, CN=HydrantID Server CA O1"
dkexpc1.niddk.nih.gov,No,Yes,2,1,2026-01-17T13:33:50,2027-02-06T21:54:01,23822381688;23822396525,"C=US, ST=Arizona, L=Scottsdale, O=""GoDaddy.com, Inc."", OU=http://certs.godaddy.com/repository/, CN=Go Daddy Secure Certificate Authority - G2"
dkexpc2.niddk.nih.gov,Yes,Yes,2,1,2026-01-17T13:33:50,2027-02-06T21:54:01,23822381688;23822396525,"C=US, ST=Arizona, L=Scottsdale, O=""GoDaddy.com, Inc."", OU=http://certs.godaddy.com/repository/, CN=Go Daddy Secure Certificate Authority - G2"
dkexpccluster.niddk.nih.gov,No,Yes,2,1,2026-01-17T13:33:50,2027-02-06T21:54:01,23822381688;23822396525,"C=US, ST=Arizona, L=Scottsdale, O=""GoDaddy.com, Inc."", OU=http://certs.godaddy.com/repository/, CN=Go Daddy Secure Certificate Authority - G2"
dkexpe.niddk.nih.gov,Yes,Yes,1,1,2026-01-17T13:34:34,2027-02-06T21:52:47,23822408984,"C=US, ST=Arizona, L=Scottsdale, O=""GoDaddy.com, Inc."", OU=http://certs.godaddy.com/repository/, CN=Go Daddy Secure Certificate Authority - G2"
dkgbt.niddk.nih.gov,Yes,Yes,1,1,2026-06-09T14:43:48,2026-12-25T14:42:48,27025062237,"C=US, O=IdenTrust, OU=HydrantID Trusted Certificate Service, CN=HydrantID Server CA O1"
dkrcappprod2.niddk.nih.gov,No,Yes,1,1,2026-02-25T20:39:27,2027-03-27T20:38:27,24644047240,"C=US, O=IdenTrust, OU=HydrantID Trusted Certificate Service, CN=HydrantID Server CA O1"
dmidservices-qa.niaid.nih.gov,No,Yes,3,1,2025-09-27T05:50:40,2026-10-31T16:05:52,21399617213;21308483042;21400155298,"C=US, O=IdenTrust, OU=HydrantID Trusted Certificate Service, CN=HydrantID Server CA O1"
dmidservices.niaid.nih.gov,No,Yes,1,1,2026-07-01T22:50:59,2027-01-16T22:49:59,27628065960,"C=US, O=IdenTrust, OU=HydrantID Trusted Certificate Service, CN=HydrantID Server CA O1"
docline.gov,Yes,No,1,1,2026-04-15T00:00:00,2026-10-29T23:59:59,25526245813,"C=US, O=Amazon, CN=Amazon RSA 2048 M04"
docs.ors.nih.gov,Yes,Yes,1,1,2025-10-23T14:15:59,2026-11-22T14:14:59,21943419970,"C=US, O=IdenTrust, OU=HydrantID Trusted Certificate Service, CN=HydrantID Server CA O1"
documentation.uts.nlm.nih.gov,Yes,Yes,2,1,2026-07-01T00:00:00,2027-01-20T23:59:59,27621378911;27732975608,"C=US, O=DigiCert Inc, CN=DigiCert Global G2 TLS RSA SHA256 2020 CA1"
documentation.uts.wip.nlm.nih.gov,No,Yes,1,1,2026-07-01T00:00:00,2027-01-15T23:59:59,27621378911,"C=US, O=DigiCert Inc, CN=DigiCert Global G2 TLS RSA SHA256 2020 CA1"
docupull.nigms.nih.gov,Yes,Yes,2,1,2025-10-27T22:12:04,2026-11-04T18:42:39,22048585992;22598166587,"C=US, ST=Arizona, L=Scottsdale, O=""GoDaddy.com, Inc."", OU=http://certs.godaddy.com/repository/, CN=Go Daddy Secure Certificate Authority - G2"
dooraccess-qa.niaid.nih.gov,No,Yes,3,1,2025-10-02T16:38:22,2026-11-06T01:02:19,21533856641;21423057584;21529084167,"C=US, O=IdenTrust, OU=HydrantID Trusted Certificate Service, CN=HydrantID Server CA O1"
dooraccess.niaid.nih.gov,No,Yes,1,1,2025-09-29T19:53:13,2026-10-29T19:52:13,21353874944,"C=US, O=IdenTrust, OU=HydrantID Trusted Certificate Service, CN=HydrantID Server CA O1"
downsyndrome.nih.gov,Yes,Yes,1,1,2025-10-01T16:08:26,2026-10-31T16:07:26,21400184558,"C=US, O=IdenTrust, OU=HydrantID Trusted Certificate Service, CN=HydrantID Server CA O1"
dpa.niehs.nih.gov,Yes,Yes,1,1,2025-10-22T00:00:00,2026-10-21T23:59:59,21918826738,"C=US, O=DigiCert Inc, CN=DigiCert Global G2 TLS RSA SHA256 2020 CA1"
dpcpsi.nih.gov,Yes,Yes,5,3,2025-11-14T20:23:52,2026-12-14T20:22:52,28376529754;28376525622;28376535679;22471673361;28376528874,"C=US, O=Let's Encrypt, CN=YR1;C=US, O=IdenTrust, OU=HydrantID Trusted Certificate Service, CN=HydrantID Server CA O1;C=US, O=Let's Encrypt, CN=YE1"
dplb8aidevtools01ilo.nlm.nih.gov,Yes,Yes,1,1,2026-07-24T00:00:00,2027-02-07T23:59:59,28217235838,"C=US, O=DigiCert Inc, CN=DigiCert Global G2 TLS RSA SHA256 2020 CA1"
dplb8icasai01ilo.nlm.nih.gov,Yes,Yes,1,1,2026-08-18T00:00:00,2027-03-04T23:59:59,28803636615,"C=US, O=DigiCert Inc, CN=DigiCert Global G2 TLS RSA SHA256 2020 CA1"
dpr.niddk.nih.gov,Yes,Yes,1,1,2026-04-01T17:35:36,2026-10-17T17:34:36,25315296172,"C=US, O=IdenTrust, OU=HydrantID Trusted Certificate Service, CN=HydrantID Server CA O1"
dram-api.globe.nih.gov,Yes,Yes,1,1,2025-11-05T00:00:00,2026-12-04T23:59:59,22214540483,"C=US, O=Amazon, CN=Amazon RSA 2048 M01"
dram.globe.nih.gov,Yes,Yes,2,1,2025-11-05T00:00:00,2026-12-04T23:59:59,22215465588;22214179814,"C=US, O=Amazon, CN=Amazon RSA 2048 M04"
drm.csr.nih.gov,Yes,Yes,1,1,2026-01-30T17:59:31,2027-03-01T17:58:31,24082630369,"C=US, O=IdenTrust, OU=HydrantID Trusted Certificate Service, CN=HydrantID Server CA O1"
drsldap.ors.od.nih.gov,Yes,Yes,1,1,2026-05-19T18:44:38,2026-12-04T18:43:38,26504270686,"C=US, O=IdenTrust, OU=HydrantID Trusted Certificate Service, CN=HydrantID Server CA O1"
drsportal.ors.od.nih.gov,Yes,Yes,1,1,2025-10-31T15:15:25,2026-11-30T15:14:25,22122178166,"C=US, O=IdenTrust, OU=HydrantID Trusted Certificate Service, CN=HydrantID Server CA O1"
drssso.ors.od.nih.gov,Yes,Yes,1,1,2025-10-31T15:15:03,2026-11-30T15:14:03,22122178114,"C=US, O=IdenTrust, OU=HydrantID Trusted Certificate Service, CN=HydrantID Server CA O1"
druginfo.cc.nih.gov,No,Yes,2,1,2026-08-06T19:06:09,2026-11-04T19:06:08,28598251499;28598259837,"C=US, O=Let's Encrypt, CN=YR1"
drupal-dev.ntp.niehs.nih.gov,Yes,Yes,2,1,2026-08-25T18:42:36,2026-11-23T18:42:35,29250023945;29075151427,"C=US, O=Let's Encrypt, CN=YR1"
drupal-prod.ntp.niehs.nih.gov,Yes,Yes,2,1,2026-08-24T17:53:04,2026-11-22T17:53:03,29187536956;29548784240,"C=US, O=Let's Encrypt, CN=YR1"
drupal-test.ntp.niehs.nih.gov,Yes,Yes,1,1,2026-08-25T18:41:25,2026-11-23T18:41:24,29343554537,"C=US, O=Let's Encrypt, CN=YR2"
dsconnect.nih.gov,Yes,Yes,1,1,2025-10-09T14:18:51,2026-11-08T14:17:51,21601120522,"C=US, O=IdenTrust, OU=HydrantID Trusted Certificate Service, CN=HydrantID Server CA O1"
dsid.od.nih.gov,Yes,Yes,2,1,2026-08-09T13:21:24,2026-11-07T13:21:23,28677842045;28677833721,"C=US, O=Let's Encrypt, CN=YR2"
dsld.od.nih.gov,Yes,Yes,1,1,2026-09-07T14:20:51,2026-12-06T14:20:50,29433617936,"C=US, O=Let's Encrypt, CN=YR1"
dsldapi.od.nih.gov,Yes,Yes,2,1,2026-07-28T02:21:30,2026-10-26T02:21:29,28309052134;28309043036,"C=US, O=Let's Encrypt, CN=YR1"
dtd.nlm.nih.gov,Yes,Yes,2,1,2026-08-29T18:59:12,2026-11-27T18:59:11,29165213151;29143587483,"C=US, O=Let's Encrypt, CN=YR1"
dtn15.cit.nih.gov,Yes,Yes,1,1,2026-09-17T14:08:26,2026-12-16T14:08:25,29518999998,"C=US, O=Let's Encrypt, CN=YR2"
dtn20.cit.nih.gov,Yes,Yes,1,1,2026-09-17T14:30:44,2026-12-16T14:30:43,29516497673,"C=US, O=Let's Encrypt, CN=YR2"
dtn21.cit.nih.gov,Yes,Yes,1,1,2026-09-17T14:17:09,2026-12-16T14:17:08,29515979416,"C=US, O=Let's Encrypt, CN=YR1"
dtn22.cit.nih.gov,Yes,Yes,1,1,2026-09-17T14:38:05,2026-12-16T14:38:04,29517019308,"C=US, O=Let's Encrypt, CN=YR2"
dtn23.cit.nih.gov,Yes,Yes,1,1,2026-09-17T14:23:22,2026-12-16T14:23:21,29516370568,"C=US, O=Let's Encrypt, CN=YR2"
dtn24.cit.nih.gov,Yes,Yes,2,1,2026-09-17T14:32:35,2026-12-16T14:32:34,29516651097;29516517331,"C=US, O=Let's Encrypt, CN=YR2"
dtn27.cit.nih.gov,Yes,Yes,1,1,2026-09-17T14:28:55,2026-12-16T14:28:54,29516583800,"C=US, O=Let's Encrypt, CN=YR1"
dtn30.cit.nih.gov,Yes,Yes,1,1,2026-09-17T14:34:23,2026-12-16T14:34:22,29516810691,"C=US, O=Let's Encrypt, CN=YR1"
dvc.niaid.nih.gov,Yes,Yes,1,1,2025-10-21T17:35:35,2026-11-20T17:34:35,21890769836,"C=US, O=IdenTrust, OU=HydrantID Trusted Certificate Service, CN=HydrantID Server CA O1"
dvlbai01ilo.nlm.nih.gov,Yes,Yes,1,1,2026-06-25T00:00:00,2027-01-09T23:59:59,27484753071,"C=US, O=DigiCert Inc, CN=DigiCert Global G2 TLS RSA SHA256 2020 CA1"
dwts.niaid.nih.gov,No,Yes,1,1,2026-08-14T13:55:41,2027-03-01T13:54:41,28798097538,"C=US, O=IdenTrust, OU=HydrantID Trusted Certificate Service, CN=HydrantID Server CA O1"
e-bidboard-azure-internal.niaid.nih.gov,Yes,Yes,1,1,2026-07-17T00:00:00,2027-01-17T23:59:59,28001609148,"C=US, O=DigiCert Inc, OU=www.digicert.com, CN=GeoTrust TLS RSA CA G1"
e-bidboard-azure.niaid.nih.gov,Yes,Yes,1,1,2026-07-17T00:00:00,2027-01-17T23:59:59,28001633261,"C=US, O=DigiCert Inc, OU=www.digicert.com, CN=GeoTrust TLS RSA CA G1"
e-bidboard-internal-qa.niaid.nih.gov,No,Yes,1,1,2025-09-26T13:55:51,2026-10-26T13:54:51,21290663350,"C=US, O=IdenTrust, OU=HydrantID Trusted Certificate Service, CN=HydrantID Server CA O1"
e-bidboard-internal.nih.gov,No,Yes,1,1,2025-09-19T16:23:51,2026-10-19T16:22:51,21135718729,"C=US, O=IdenTrust, OU=HydrantID Trusted Certificate Service, CN=HydrantID Server CA O1"
e-bidboard-qa.niaid.nih.gov,No,Yes,1,1,2025-09-23T18:35:02,2026-10-23T18:34:02,21227944605,"C=US, O=IdenTrust, OU=HydrantID Trusted Certificate Service, CN=HydrantID Server CA O1"
e-bidboard.nih.gov,No,Yes,1,1,2025-09-23T18:40:43,2026-10-23T18:39:43,21228049818,"C=US, O=IdenTrust, OU=HydrantID Trusted Certificate Service, CN=HydrantID Server CA O1"
e-protocol-test.od.nih.gov,Yes,Yes,1,1,2025-11-03T14:57:15,2026-12-03T14:56:15,22181066247,"C=US, O=IdenTrust, OU=HydrantID Trusted Certificate Service, CN=HydrantID Server CA O1"
ebbext-vip.niaid.nih.gov,No,Yes,1,1,2025-09-23T18:40:43,2026-10-23T18:39:43,21228049818,"C=US, O=IdenTrust, OU=HydrantID Trusted Certificate Service, CN=HydrantID Server CA O1"
ebbint-vip.niaid.nih.gov,No,Yes,1,1,2025-09-19T16:23:51,2026-10-19T16:22:51,21135718729,"C=US, O=IdenTrust, OU=HydrantID Trusted Certificate Service, CN=HydrantID Server CA O1"
ebf.cit.nih.gov,Yes,Yes,1,1,2025-10-01T18:25:15,2026-10-31T18:24:15,21402212083,"C=US, O=IdenTrust, OU=HydrantID Trusted Certificate Service, CN=HydrantID Server CA O1"
ebidboard-azure-external-dev.niaid.nih.gov,Yes,Yes,2,1,2026-06-16T00:00:00,2026-12-16T23:59:59,27219334349;27316963759,"C=US, O=DigiCert Inc, OU=www.digicert.com, CN=GeoTrust TLS RSA CA G1"
ebidboard-azure-internal-dev.niaid.nih.gov,Yes,Yes,2,1,2026-06-15T00:00:00,2026-12-14T23:59:59,27202796970;27309242468,"C=US, O=DigiCert Inc, OU=www.digicert.com, CN=GeoTrust TLS RSA CA G1"
ecamera.od.nih.gov,Yes,Yes,1,1,2026-04-08T17:10:52,2026-10-24T17:09:52,25657858038,"C=US, O=IdenTrust, OU=HydrantID Trusted Certificate Service, CN=HydrantID Server CA O1"
ecb.nih.gov,Yes,Yes,1,1,2025-09-23T15:59:33,2026-10-23T15:58:33,21225096334,"C=US, O=IdenTrust, OU=HydrantID Trusted Certificate Service, CN=HydrantID Server CA O1"
ecm.nih.gov,Yes,Yes,2,1,2026-01-06T14:42:31,2027-02-05T14:41:31,26253260276;23589139594,"C=US, O=IdenTrust, OU=HydrantID Trusted Certificate Service, CN=HydrantID Server CA O1"
ecns-azure-external-dev.niaid.nih.gov,Yes,Yes,2,1,2026-06-15T00:00:00,2026-12-15T23:59:59,27213101305;27313815560,"C=US, O=DigiCert Inc, OU=www.digicert.com, CN=GeoTrust TLS RSA CA G1"
ecns-azure-internal-dev.niaid.nih.gov,Yes,Yes,2,1,2026-06-15T00:00:00,2026-12-14T23:59:59,27202733188;27309219029,"C=US, O=DigiCert Inc, OU=www.digicert.com, CN=GeoTrust TLS RSA CA G1"
ecns-azure-internal.niaid.nih.gov,No,Yes,2,2,2026-07-17T00:00:00,2027-02-26T14:09:19,28741866933;28001629336,"C=US, O=IdenTrust, OU=HydrantID Trusted Certificate Service, CN=HydrantID Server CA O1;C=US, O=DigiCert Inc, OU=www.digicert.com, CN=GeoTrust TLS RSA CA G1"
ecns-azure.niaid.nih.gov,No,Yes,2,2,2026-07-17T00:00:00,2027-02-26T14:09:19,28741866933;28001609356,"C=US, O=IdenTrust, OU=HydrantID Trusted Certificate Service, CN=HydrantID Server CA O1;C=US, O=DigiCert Inc, OU=www.digicert.com, CN=GeoTrust TLS RSA CA G1"
ecns-internal-qa.niaid.nih.gov,No,Yes,2,1,2025-09-26T13:55:51,2027-02-26T14:09:19,28741866933;21290663350,"C=US, O=IdenTrust, OU=HydrantID Trusted Certificate Service, CN=HydrantID Server CA O1"
ecns-internal.nih.gov,No,Yes,1,1,2025-09-19T16:23:51,2026-10-19T16:22:51,21135718729,"C=US, O=IdenTrust, OU=HydrantID Trusted Certificate Service, CN=HydrantID Server CA O1"
ecns-qa.niaid.nih.gov,No,Yes,2,1,2025-09-23T18:35:02,2027-02-26T14:09:19,28741866933;21227944605,"C=US, O=IdenTrust, OU=HydrantID Trusted Certificate Service, CN=HydrantID Server CA O1"
ecns.nih.gov,No,Yes,1,1,2025-09-23T18:40:43,2026-10-23T18:39:43,21228049818,"C=US, O=IdenTrust, OU=HydrantID Trusted Certificate Service, CN=HydrantID Server CA O1"
ecnsext-vip.niaid.nih.gov,No,Yes,1,1,2025-09-23T18:40:43,2026-10-23T18:39:43,21228049818,"C=US, O=IdenTrust, OU=HydrantID Trusted Certificate Service, CN=HydrantID Server CA O1"
ecnsint-vip.niaid.nih.gov,No,Yes,1,1,2025-09-19T16:23:51,2026-10-19T16:22:51,21135718729,"C=US, O=IdenTrust, OU=HydrantID Trusted Certificate Service, CN=HydrantID Server CA O1"
econnect.nhlbi.nih.gov,Yes,Yes,1,1,2025-10-02T15:12:27,2026-11-01T15:11:27,21421664500,"C=US, O=IdenTrust, OU=HydrantID Trusted Certificate Service, CN=HydrantID Server CA O1"
ecps-azure-external-dev.niaid.nih.gov,Yes,Yes,2,1,2026-06-16T00:00:00,2026-12-16T23:59:59,27326817370;27237621418,"C=US, O=DigiCert Inc, OU=www.digicert.com, CN=GeoTrust TLS RSA CA G1"
ecps-azure-internal-dev.niaid.nih.gov,Yes,Yes,1,1,2026-06-29T00:00:00,2026-12-29T23:59:59,27565418916,"C=US, O=DigiCert Inc, OU=www.digicert.com, CN=GeoTrust TLS RSA CA G1"
ecps-azure-internal.niaid.nih.gov,Yes,Yes,2,2,2026-07-19T00:00:00,2027-02-26T14:09:19,28741866933;28061796588,"C=US, O=IdenTrust, OU=HydrantID Trusted Certificate Service, CN=HydrantID Server CA O1;C=US, O=DigiCert Inc, OU=www.digicert.com, CN=GeoTrust TLS RSA CA G1"
ecps-azure.niaid.nih.gov,No,Yes,2,2,2026-07-17T00:00:00,2027-02-26T14:09:19,28741866933;28001631643,"C=US, O=IdenTrust, OU=HydrantID Trusted Certificate Service, CN=HydrantID Server CA O1;C=US, O=DigiCert Inc, OU=www.digicert.com, CN=GeoTrust TLS RSA CA G1"
ecps-functions-dev.niaid.nih.gov,Yes,Yes,2,1,2026-06-05T00:00:00,2026-12-05T23:59:59,27125917652;26920169864,"C=US, O=DigiCert Inc, OU=www.digicert.com, CN=GeoTrust TLS RSA CA G1"
ecps-internal-dev.niaid.nih.gov,Yes,Yes,2,1,2026-06-16T00:00:00,2026-12-16T23:59:59,27230255454;27323136454,"C=US, O=DigiCert Inc, OU=www.digicert.com, CN=GeoTrust TLS RSA CA G1"
ecps-internal-qa.nih.gov,No,Yes,2,1,2025-09-26T13:55:51,2027-02-26T14:09:19,28741866933;21290663350,"C=US, O=IdenTrust, OU=HydrantID Trusted Certificate Service, CN=HydrantID Server CA O1"
ecps-internal.nih.gov,Yes,Yes,1,1,2025-09-19T16:23:51,2026-10-19T16:22:51,21135718729,"C=US, O=IdenTrust, OU=HydrantID Trusted Certificate Service, CN=HydrantID Server CA O1"
ecps-qa.nih.gov,No,Yes,2,1,2025-09-23T18:35:02,2027-02-26T14:09:19,28741866933;21227944605,"C=US, O=IdenTrust, OU=HydrantID Trusted Certificate Service, CN=HydrantID Server CA O1"
ecps.nih.gov,Yes,Yes,1,1,2025-09-23T18:40:43,2026-10-23T18:39:43,21228049818,"C=US, O=IdenTrust, OU=HydrantID Trusted Certificate Service, CN=HydrantID Server CA O1"
ecpsext-vip.niaid.nih.gov,No,Yes,1,1,2025-09-23T18:40:43,2026-10-23T18:39:43,21228049818,"C=US, O=IdenTrust, OU=HydrantID Trusted Certificate Service, CN=HydrantID Server CA O1"
ecpsint-vip.niaid.nih.gov,No,Yes,1,1,2025-09-19T16:23:51,2026-10-19T16:22:51,21135718729,"C=US, O=IdenTrust, OU=HydrantID Trusted Certificate Service, CN=HydrantID Server CA O1"
ectd-dev.niaid.nih.gov,Yes,Yes,1,1,2026-08-06T00:00:00,2027-02-19T23:59:59,28589069107,"C=US, O=Amazon, CN=Amazon RSA 2048 M04"
ectd-prd.niaid.nih.gov,Yes,Yes,2,1,2026-08-11T00:00:00,2027-02-24T23:59:59,28746092850;28747138013,"C=US, O=Amazon, CN=Amazon RSA 2048 M04"
ectd-qa.niaid.nih.gov,Yes,Yes,1,1,2026-08-06T00:00:00,2027-02-19T23:59:59,28589047954,"C=US, O=Amazon, CN=Amazon RSA 2048 M04"
ectdsbx.niaid.nih.gov,Yes,Yes,1,1,2026-08-11T00:00:00,2027-02-24T23:59:59,28746183046,"C=US, O=Amazon, CN=Amazon RSA 2048 M04"
edi.nih.gov,Yes,Yes,7,3,2026-08-28T04:20:35,2026-11-26T04:36:33,29116434232;29116434438;29267850558;29139466848;29139450511;29116436146;29116887552,"C=US, O=Let's Encrypt, CN=YE1;C=US, O=Let's Encrypt, CN=YE2;C=US, O=Let's Encrypt, CN=YR2"
edit.api.niehs.nih.gov,No,Yes,2,2,2025-11-24T00:00:00,2026-11-25T11:33:16,29349657666;22708043963,"C=US, O=DigiCert Inc, CN=DigiCert Global G2 TLS RSA SHA256 2020 CA1;C=US, O=Let's Encrypt, CN=YR2"
edit.factor.niehs.nih.gov,No,Yes,2,2,2025-11-24T00:00:00,2026-11-25T11:33:16,29349657666;22708043963,"C=US, O=DigiCert Inc, CN=DigiCert Global G2 TLS RSA SHA256 2020 CA1;C=US, O=Let's Encrypt, CN=YR2"
edit.joinastudy.niehs.nih.gov,No,Yes,2,2,2025-11-24T00:00:00,2026-11-25T11:33:16,29349657666;22708043963,"C=US, O=DigiCert Inc, CN=DigiCert Global G2 TLS RSA SHA256 2020 CA1;C=US, O=Let's Encrypt, CN=YR2"
edit.junction.niehs.nih.gov,No,Yes,2,2,2025-11-24T00:00:00,2026-11-25T11:33:16,29349657666;22708043963,"C=US, O=DigiCert Inc, CN=DigiCert Global G2 TLS RSA SHA256 2020 CA1;C=US, O=Let's Encrypt, CN=YR2"
edit.kids.niehs.nih.gov,No,Yes,2,2,2025-11-24T00:00:00,2026-11-25T11:33:16,29349657666;22708043963,"C=US, O=DigiCert Inc, CN=DigiCert Global G2 TLS RSA SHA256 2020 CA1;C=US, O=Let's Encrypt, CN=YR2"
edit.partners.niehs.nih.gov,No,Yes,2,2,2025-11-24T00:00:00,2026-11-25T11:33:16,29349657666;22708043963,"C=US, O=DigiCert Inc, CN=DigiCert Global G2 TLS RSA SHA256 2020 CA1;C=US, O=Let's Encrypt, CN=YR2"
edit.ptfcehs.niehs.nih.gov,No,Yes,2,2,2025-11-24T00:00:00,2026-11-25T11:33:16,29349657666;22708043963,"C=US, O=DigiCert Inc, CN=DigiCert Global G2 TLS RSA SHA256 2020 CA1;C=US, O=Let's Encrypt, CN=YR2"
edit.www.niehs.nih.gov,Yes,Yes,2,2,2025-11-24T00:00:00,2026-11-25T11:33:16,29349657666;22708043963,"C=US, O=DigiCert Inc, CN=DigiCert Global G2 TLS RSA SHA256 2020 CA1;C=US, O=Let's Encrypt, CN=YR2"
edms.niaid.nih.gov,No,Yes,2,1,2025-10-02T15:54:05,2026-11-07T22:14:52,21582840129;21422326154,"C=US, O=IdenTrust, OU=HydrantID Trusted Certificate Service, CN=HydrantID Server CA O1"
edrms-dev-ws.niaid.nih.gov,No,Yes,1,1,2025-10-30T20:37:18,2026-11-29T20:36:18,22108664794,"C=US, O=IdenTrust, OU=HydrantID Trusted Certificate Service, CN=HydrantID Server CA O1"
edrms-dev.niaid.nih.gov,Yes,Yes,1,1,2025-10-30T20:37:18,2026-11-29T20:36:18,22108664794,"C=US, O=IdenTrust, OU=HydrantID Trusted Certificate Service, CN=HydrantID Server CA O1"
edrms-prod.niaid.nih.gov,No,Yes,2,1,2025-10-02T15:54:05,2026-11-07T22:14:52,21582840129;21422326154,"C=US, O=IdenTrust, OU=HydrantID Trusted Certificate Service, CN=HydrantID Server CA O1"
edrms-qa-ws.niaid.nih.gov,No,Yes,1,1,2025-10-30T21:18:15,2026-11-29T21:17:15,22109076955,"C=US, O=IdenTrust, OU=HydrantID Trusted Certificate Service, CN=HydrantID Server CA O1"
edrms-qa.niaid.nih.gov,Yes,Yes,1,1,2025-10-30T21:18:15,2026-11-29T21:17:15,22109076955,"C=US, O=IdenTrust, OU=HydrantID Trusted Certificate Service, CN=HydrantID Server CA O1"
edrms-ws.niaid.nih.gov,No,Yes,2,1,2025-10-02T15:54:05,2026-11-07T22:14:52,21582840129;21422326154,"C=US, O=IdenTrust, OU=HydrantID Trusted Certificate Service, CN=HydrantID Server CA O1"
edrms-xdev-ws.niaid.nih.gov,No,Yes,1,1,2026-03-27T21:51:42,2026-10-12T21:50:42,25261126075,"C=US, O=IdenTrust, OU=HydrantID Trusted Certificate Service, CN=HydrantID Server CA O1"
edrms-xdev.niaid.nih.gov,Yes,Yes,1,1,2026-03-27T21:51:42,2026-10-12T21:50:42,25261126075,"C=US, O=IdenTrust, OU=HydrantID Trusted Certificate Service, CN=HydrantID Server CA O1"
edrms-xqa-ws.niaid.nih.gov,No,Yes,2,1,2025-11-03T18:02:56,2027-02-12T22:32:22,28332908659;22183752092,"C=US, O=IdenTrust, OU=HydrantID Trusted Certificate Service, CN=HydrantID Server CA O1"
edrms-xqa.niaid.nih.gov,Yes,Yes,2,1,2025-11-03T18:02:56,2027-02-12T22:32:22,28332908659;22183752092,"C=US, O=IdenTrust, OU=HydrantID Trusted Certificate Service, CN=HydrantID Server CA O1"
edrms.niaid.nih.gov,Yes,Yes,2,1,2025-10-02T15:54:05,2026-11-07T22:14:52,21582840129;21422326154,"C=US, O=IdenTrust, OU=HydrantID Trusted Certificate Service, CN=HydrantID Server CA O1"
education.ncats.nih.gov,Yes,Yes,1,1,2026-06-18T13:49:33,2027-01-03T13:48:33,27291538063,"C=US, O=IdenTrust, OU=HydrantID Trusted Certificate Service, CN=HydrantID Server CA O1"
education.ninds.nih.gov,Yes,Yes,1,1,2026-07-26T00:00:00,2027-02-08T23:59:59,28254021283,"C=US, O=Amazon, CN=Amazon RSA 2048 M01"
eedms-dev.niaid.nih.gov,Yes,Yes,2,1,2026-02-25T23:31:50,2027-03-27T23:30:50,24646297030;26263674564,"C=US, O=IdenTrust, OU=HydrantID Trusted Certificate Service, CN=HydrantID Server CA O1"
eedms-qa.niaid.nih.gov,Yes,Yes,1,1,2026-04-30T14:19:50,2026-11-15T14:18:50,26270533377,"C=US, O=IdenTrust, OU=HydrantID Trusted Certificate Service, CN=HydrantID Server CA O1"
eedms.niaid.nih.gov,Yes,Yes,1,1,2026-04-30T15:27:55,2026-11-15T15:26:55,26271039132,"C=US, O=IdenTrust, OU=HydrantID Trusted Certificate Service, CN=HydrantID Server CA O1"
eedmsiv-dev.niaid.nih.gov,Yes,Yes,1,1,2026-02-25T23:32:50,2027-03-27T23:31:50,24646308563,"C=US, O=IdenTrust, OU=HydrantID Trusted Certificate Service, CN=HydrantID Server CA O1"
eedmsiv-qa.niaid.nih.gov,Yes,Yes,1,1,2026-03-27T21:41:05,2026-10-12T21:40:05,25261004613,"C=US, O=IdenTrust, OU=HydrantID Trusted Certificate Service, CN=HydrantID Server CA O1"
eedmsiv.niaid.nih.gov,Yes,Yes,1,1,2026-04-28T12:44:52,2026-11-13T12:43:52,26251800963,"C=US, O=IdenTrust, OU=HydrantID Trusted Certificate Service, CN=HydrantID Server CA O1"
eedmsot-dev.niaid.nih.gov,Yes,Yes,1,1,2026-02-26T21:56:15,2027-03-28T21:55:15,24664066589,"C=US, O=IdenTrust, OU=HydrantID Trusted Certificate Service, CN=HydrantID Server CA O1"
eedmsot-qa.niaid.nih.gov,Yes,Yes,1,1,2026-03-27T21:47:14,2026-10-12T21:46:14,25261077376,"C=US, O=IdenTrust, OU=HydrantID Trusted Certificate Service, CN=HydrantID Server CA O1"
eedmsot.niaid.nih.gov,Yes,Yes,1,1,2026-04-24T21:47:31,2026-11-09T21:46:31,26165541648,"C=US, O=IdenTrust, OU=HydrantID Trusted Certificate Service, CN=HydrantID Server CA O1"
eeo.nih.gov,Yes,Yes,4,3,2026-01-20T19:27:36,2027-02-19T19:26:36,29335204975;23886078307;29073000916;29088926788,"C=US, O=IdenTrust, OU=HydrantID Trusted Certificate Service, CN=HydrantID Server CA O1;C=US, O=Let's Encrypt, CN=YE2;C=US, O=Let's Encrypt, CN=YR2"
egos.nih.gov,Yes,Yes,7,3,2026-07-29T16:13:48,2026-12-25T15:46:17,29635595813;29635147342;28356055671;28356045812;29635147312;28356056394;28356046136,"C=US, O=Let's Encrypt, CN=YE2;C=US, O=Let's Encrypt, CN=YR2;C=US, O=Let's Encrypt, CN=YE1"
ehp-prowler.niaid.nih.gov,Yes,Yes,1,1,2026-08-19T00:00:00,2027-03-04T23:59:59,28831134021,"C=US, O=Amazon, CN=Amazon RSA 2048 M04"
ehscltvwd02.niehs.nih.gov,Yes,Yes,1,1,2025-10-17T00:00:00,2026-10-16T23:59:59,21786469075,"C=US, O=DigiCert Inc, CN=DigiCert Global G2 TLS RSA SHA256 2020 CA1"
ehscltvwp01.niehs.nih.gov,No,Yes,3,2,2025-11-20T00:00:00,2027-02-10T23:59:59,24340766066;22624796419;29441412356,"C=US, O=Let's Encrypt, CN=YR1;C=US, O=DigiCert Inc, CN=DigiCert Global G2 TLS RSA SHA256 2020 CA1"
ehscltvwp02.niehs.nih.gov,No,Yes,3,2,2025-11-20T00:00:00,2027-02-10T23:59:59,24340766066;22624796419;29441412356,"C=US, O=Let's Encrypt, CN=YR1;C=US, O=DigiCert Inc, CN=DigiCert Global G2 TLS RSA SHA256 2020 CA1"
ehscltvwp03.niehs.nih.gov,No,Yes,3,2,2025-11-20T00:00:00,2027-02-10T23:59:59,24340766066;22624796419;29441412356,"C=US, O=Let's Encrypt, CN=YR1;C=US, O=DigiCert Inc, CN=DigiCert Global G2 TLS RSA SHA256 2020 CA1"
ehscltvwp04.niehs.nih.gov,No,Yes,2,2,2026-02-11T00:00:00,2027-02-10T23:59:59,24340766066;29441412356,"C=US, O=Let's Encrypt, CN=YR1;C=US, O=DigiCert Inc, CN=DigiCert Global G2 TLS RSA SHA256 2020 CA1"
ehscltvwp05.niehs.nih.gov,No,Yes,2,2,2026-02-11T00:00:00,2027-02-10T23:59:59,24340766066;29441412356,"C=US, O=Let's Encrypt, CN=YR1;C=US, O=DigiCert Inc, CN=DigiCert Global G2 TLS RSA SHA256 2020 CA1"
ehscltvwp06.niehs.nih.gov,No,Yes,2,2,2026-02-11T00:00:00,2027-02-10T23:59:59,24340766066;29441412356,"C=US, O=Let's Encrypt, CN=YR1;C=US, O=DigiCert Inc, CN=DigiCert Global G2 TLS RSA SHA256 2020 CA1"
ehscltvwt02.niehs.nih.gov,Yes,Yes,1,1,2025-10-17T00:00:00,2026-10-16T23:59:59,21786873851,"C=US, O=DigiCert Inc, CN=DigiCert Global G2 TLS RSA SHA256 2020 CA1"
ehscomwp01.niehs.nih.gov,No,Yes,1,1,2026-02-11T00:00:00,2027-02-10T23:59:59,24343202851,"C=US, O=DigiCert Inc, CN=DigiCert Global G2 TLS RSA SHA256 2020 CA1"
ehsjmfvld01.niehs.nih.gov,No,Yes,1,1,2025-11-21T00:00:00,2026-11-20T23:59:59,22646002416,"C=US, O=DigiCert Inc, CN=DigiCert Global G2 TLS RSA SHA256 2020 CA1"
ehsjmfvlp04.niehs.nih.gov,No,Yes,1,1,2026-02-18T00:00:00,2027-03-21T23:59:59,24495575349,"C=US, O=DigiCert Inc, CN=DigiCert Global G2 TLS RSA SHA256 2020 CA1"
ehsmp-aries2.niehs.nih.gov,Yes,Yes,1,1,2026-09-02T14:45:54,2026-12-01T14:45:53,29541406492,"C=US, O=Let's Encrypt, CN=YR1"
ehsmp-deneb.niehs.nih.gov,Yes,Yes,1,1,2026-09-02T14:47:04,2026-12-01T14:47:03,29563728266,"C=US, O=Let's Encrypt, CN=YR1"
ehsmp-rigel1.niehs.nih.gov,Yes,Yes,2,1,2026-09-02T14:40:01,2026-12-01T14:40:00,29274882147;29278665051,"C=US, O=Let's Encrypt, CN=YR1"
ehsmp-rigel2.niehs.nih.gov,Yes,Yes,1,1,2026-09-02T14:42:10,2026-12-01T14:42:09,29541333949,"C=US, O=Let's Encrypt, CN=YR1"
ehsmv-homer.niehs.nih.gov,Yes,Yes,1,1,2026-09-17T10:46:08,2026-12-16T10:46:07,29503377946,"C=US, O=Let's Encrypt, CN=YR1"
ehssecvlm03.niehs.nih.gov,Yes,Yes,1,1,2025-10-16T00:00:00,2026-10-15T23:59:59,21758806445,"C=US, O=DigiCert Inc, CN=DigiCert Global G2 TLS RSA SHA256 2020 CA1"
elastic.opa-dev.od.nih.gov,Yes,Yes,1,1,2026-06-09T14:44:57,2026-12-25T14:43:57,27025082370,"C=US, O=IdenTrust, OU=HydrantID Trusted Certificate Service, CN=HydrantID Server CA O1"
elementsofmorphology.nih.gov,No,Yes,1,1,2026-07-30T15:20:49,2027-02-14T15:19:49,28382643329,"C=US, O=IdenTrust, OU=HydrantID Trusted Certificate Service, CN=HydrantID Server CA O1"
emis-internal.od.nih.gov,No,Yes,2,1,2026-05-06T20:16:42,2027-01-21T20:52:47,26376787885;27741142151,"C=US, O=IdenTrust, OU=HydrantID Trusted Certificate Service, CN=HydrantID Server CA O1"
emis-uat.od.nih.gov,Yes,Yes,1,1,2026-05-06T20:16:42,2026-11-21T20:15:42,26376787885,"C=US, O=IdenTrust, OU=HydrantID Trusted Certificate Service, CN=HydrantID Server CA O1"
emis.od.nih.gov,Yes,Yes,2,1,2026-05-06T20:16:42,2027-01-21T20:52:47,26376787885;27741142151,"C=US, O=IdenTrust, OU=HydrantID Trusted Certificate Service, CN=HydrantID Server CA O1"
enterprisedashboard.ncats.nih.gov,Yes,Yes,1,1,2026-05-06T19:39:28,2026-11-21T19:38:28,26376595907,"C=US, O=IdenTrust, OU=HydrantID Trusted Certificate Service, CN=HydrantID Server CA O1"
enterpriseregistration.nih.gov,No,Yes,1,1,2025-12-10T19:40:55,2027-01-09T19:39:55,23039647411,"C=US, O=IdenTrust, OU=HydrantID Trusted Certificate Service, CN=HydrantID Server CA O1"
enterpriseregistration.nihdev.cit.nih.gov,No,Yes,1,1,2025-12-10T19:46:34,2027-01-09T19:45:34,23039724429,"C=US, O=IdenTrust, OU=HydrantID Trusted Certificate Service, CN=HydrantID Server CA O1"
ep-qa.niaid.nih.gov,No,Yes,3,1,2025-10-02T16:38:22,2026-11-06T01:02:19,21533856641;21423057584;21529084167,"C=US, O=IdenTrust, OU=HydrantID Trusted Certificate Service, CN=HydrantID Server CA O1"
ep.niaid.nih.gov,No,Yes,1,1,2025-09-29T19:53:13,2026-10-29T19:52:13,21353874944,"C=US, O=IdenTrust, OU=HydrantID Trusted Certificate Service, CN=HydrantID Server CA O1"
epi.niehs.nih.gov,Yes,Yes,2,1,2026-08-25T18:54:41,2026-11-23T18:54:40,29075246370;29173490112,"C=US, O=Let's Encrypt, CN=YR1"
era-app-53-eks.imp.nih.gov,Yes,Yes,1,1,2025-10-28T20:51:59,2026-11-27T20:50:59,22069308486,"C=US, O=IdenTrust, OU=HydrantID Trusted Certificate Service, CN=HydrantID Server CA O1"
era.nih.gov,Yes,Yes,2,1,2026-07-09T15:47:15,2027-01-23T15:47:15,27809173558;27809173835,"C=US, O=GoDaddy.com, CN=GoDaddy TLS Intermediate CA DV - R1v1"
eracert101.era.nih.gov,Yes,Yes,1,1,2025-09-09T16:09:24,2026-10-09T16:08:24,20901047378,"C=US, O=IdenTrust, OU=HydrantID Trusted Certificate Service, CN=HydrantID Server CA O1"
eracert102.era.nih.gov,Yes,Yes,1,1,2025-09-30T15:24:46,2026-10-30T15:23:46,21376496833,"C=US, O=IdenTrust, OU=HydrantID Trusted Certificate Service, CN=HydrantID Server CA O1"
eracert152.era.nih.gov,Yes,Yes,1,1,2025-10-28T20:54:38,2026-11-27T20:53:38,22069347145,"C=US, O=IdenTrust, OU=HydrantID Trusted Certificate Service, CN=HydrantID Server CA O1"
eracert153.era.nih.gov,Yes,Yes,1,1,2025-09-30T15:42:29,2026-10-30T15:41:29,21376822102,"C=US, O=IdenTrust, OU=HydrantID Trusted Certificate Service, CN=HydrantID Server CA O1"
eracert194.era.nih.gov,Yes,Yes,1,1,2025-09-12T15:38:16,2026-10-12T15:37:16,20970968837,"C=US, O=IdenTrust, OU=HydrantID Trusted Certificate Service, CN=HydrantID Server CA O1"
eracert195.era.nih.gov,Yes,Yes,1,1,2025-09-12T15:39:13,2026-10-12T15:38:13,20970986246,"C=US, O=IdenTrust, OU=HydrantID Trusted Certificate Service, CN=HydrantID Server CA O1"
eraclient.dpcpsi.nih.gov,Yes,Yes,1,1,2026-04-21T15:15:45,2026-11-05T15:15:45,25782540482,"C=US, ST=Arizona, L=Scottsdale, O=""GoDaddy.com, Inc."", OU=http://certs.godaddy.com/repository/, CN=Go Daddy Secure Certificate Authority - G2"
eraconnect.ninds.nih.gov,Yes,Yes,1,1,2026-05-18T18:46:55,2026-12-03T18:45:55,26495043598,"C=US, O=IdenTrust, OU=HydrantID Trusted Certificate Service, CN=HydrantID Server CA O1"
eraconnectstg.ninds.nih.gov,Yes,Yes,1,1,2026-03-24T16:06:12,2026-10-09T16:05:12,25195468447,"C=US, O=IdenTrust, OU=HydrantID Trusted Certificate Service, CN=HydrantID Server CA O1"
eraconnecttest.ninds.nih.gov,Yes,Yes,1,1,2026-03-24T16:06:38,2026-10-09T16:05:38,25195481027,"C=US, O=IdenTrust, OU=HydrantID Trusted Certificate Service, CN=HydrantID Server CA O1"
erawebserviceaccess.nichd.nih.gov,Yes,Yes,1,1,2025-12-08T15:44:02,2027-01-07T15:43:02,22982288988,"C=US, O=IdenTrust, OU=HydrantID Trusted Certificate Service, CN=HydrantID Server CA O1"
erds-azure-external-dev.niaid.nih.gov,Yes,Yes,2,1,2026-06-16T00:00:00,2026-12-16T23:59:59,27238781459;27327374971,"C=US, O=DigiCert Inc, OU=www.digicert.com, CN=GeoTrust TLS RSA CA G1"
erds-azure-internal-dev.niaid.nih.gov,Yes,Yes,2,1,2026-06-17T00:00:00,2026-12-17T23:59:59,27331566522;27249150312,"C=US, O=DigiCert Inc, OU=www.digicert.com, CN=GeoTrust TLS RSA CA G1"
erds-azure-internal.niaid.nih.gov,No,Yes,3,2,2026-06-15T00:00:00,2027-02-26T14:09:19,28741866933;27213713132;27314034422,"C=US, O=IdenTrust, OU=HydrantID Trusted Certificate Service, CN=HydrantID Server CA O1;C=US, O=DigiCert Inc, OU=www.digicert.com, CN=GeoTrust TLS RSA CA G1"
erds-azure.niaid.nih.gov,No,Yes,3,2,2026-06-16T00:00:00,2027-02-26T14:09:19,28741866933;27219828514;27317256232,"C=US, O=IdenTrust, OU=HydrantID Trusted Certificate Service, CN=HydrantID Server CA O1;C=US, O=DigiCert Inc, OU=www.digicert.com, CN=GeoTrust TLS RSA CA G1"
erds-internal-qa.nih.gov,No,Yes,2,1,2025-09-26T13:55:51,2027-02-26T14:09:19,28741866933;21290663350,"C=US, O=IdenTrust, OU=HydrantID Trusted Certificate Service, CN=HydrantID Server CA O1"
erds-internal.nih.gov,No,Yes,1,1,2025-09-19T16:23:51,2026-10-19T16:22:51,21135718729,"C=US, O=IdenTrust, OU=HydrantID Trusted Certificate Service, CN=HydrantID Server CA O1"
erds-training-qa.niaid.nih.gov,No,Yes,2,1,2025-09-23T18:35:02,2027-02-26T14:09:19,28741866933;21227944605,"C=US, O=IdenTrust, OU=HydrantID Trusted Certificate Service, CN=HydrantID Server CA O1"
erds.niaid.nih.gov,No,Yes,1,1,2025-09-23T18:40:43,2026-10-23T18:39:43,21228049818,"C=US, O=IdenTrust, OU=HydrantID Trusted Certificate Service, CN=HydrantID Server CA O1"
erdsext-vip.niaid.nih.gov,No,Yes,1,1,2025-09-23T18:40:43,2026-10-23T18:39:43,21228049818,"C=US, O=IdenTrust, OU=HydrantID Trusted Certificate Service, CN=HydrantID Server CA O1"
erdsint-vip.niaid.nih.gov,No,Yes,1,1,2025-09-19T16:23:51,2026-10-19T16:22:51,21135718729,"C=US, O=IdenTrust, OU=HydrantID Trusted Certificate Service, CN=HydrantID Server CA O1"
erss-auth-qa.niaid.nih.gov,Yes,Yes,1,1,2025-11-03T20:20:34,2026-12-03T20:19:34,22185575744,"C=US, O=IdenTrust, OU=HydrantID Trusted Certificate Service, CN=HydrantID Server CA O1"
erss-auth.niaid.nih.gov,Yes,Yes,1,1,2026-04-01T17:42:56,2026-10-17T17:41:56,25315351576,"C=US, O=IdenTrust, OU=HydrantID Trusted Certificate Service, CN=HydrantID Server CA O1"
erss-azure-external-dev.niaid.nih.gov,Yes,Yes,2,1,2026-06-16T00:00:00,2026-12-16T23:59:59,27239825789;27327783002,"C=US, O=DigiCert Inc, OU=www.digicert.com, CN=GeoTrust TLS RSA CA G1"
erss-azure-internal-dev.niaid.nih.gov,Yes,Yes,2,1,2026-06-16T00:00:00,2026-12-16T23:59:59,27327791214;27239853095,"C=US, O=DigiCert Inc, OU=www.digicert.com, CN=GeoTrust TLS RSA CA G1"
erss-docs-qa.niaid.nih.gov,No,Yes,1,1,2025-11-03T20:27:31,2026-12-03T20:26:31,22185722224,"C=US, O=IdenTrust, OU=HydrantID Trusted Certificate Service, CN=HydrantID Server CA O1"
erss-docs.niaid.nih.gov,No,Yes,1,1,2026-04-07T14:00:57,2026-10-23T13:59:57,25611233566,"C=US, O=IdenTrust, OU=HydrantID Trusted Certificate Service, CN=HydrantID Server CA O1"
erss-reviewer-azure.niaid.nih.gov,Yes,Yes,1,1,2026-07-17T00:00:00,2027-01-17T23:59:59,28001684049,"C=US, O=DigiCert Inc, OU=www.digicert.com, CN=GeoTrust TLS RSA CA G1"
erss-reviewer-training-qa-vip.niaid.nih.gov,No,Yes,1,1,2026-04-16T16:31:09,2026-11-01T16:30:09,25932204130,"C=US, O=IdenTrust, OU=HydrantID Trusted Certificate Service, CN=HydrantID Server CA O1"
erss-reviewer-training-qa.niaid.nih.gov,Yes,Yes,1,1,2026-04-16T16:31:09,2026-11-01T16:30:09,25932204130,"C=US, O=IdenTrust, OU=HydrantID Trusted Certificate Service, CN=HydrantID Server CA O1"
erss-reviewer.nih.gov,Yes,Yes,1,1,2026-08-11T13:56:48,2027-02-26T13:55:48,28741547405,"C=US, O=IdenTrust, OU=HydrantID Trusted Certificate Service, CN=HydrantID Server CA O1"
erss-staff-azure-internal.niaid.nih.gov,Yes,Yes,1,1,2026-07-17T00:00:00,2027-01-17T23:59:59,28001650381,"C=US, O=DigiCert Inc, OU=www.digicert.com, CN=GeoTrust TLS RSA CA G1"
erss-staff-training-qa-vip.niaid.nih.gov,No,Yes,1,1,2026-04-16T16:33:23,2026-11-01T16:32:23,25932251795,"C=US, O=IdenTrust, OU=HydrantID Trusted Certificate Service, CN=HydrantID Server CA O1"
erss-staff-training-qa.niaid.nih.gov,Yes,Yes,1,1,2026-04-16T16:33:23,2026-11-01T16:32:23,25932251795,"C=US, O=IdenTrust, OU=HydrantID Trusted Certificate Service, CN=HydrantID Server CA O1"
erss-staff.nih.gov,Yes,Yes,1,1,2026-08-11T13:55:06,2027-02-26T13:54:06,28741524568,"C=US, O=IdenTrust, OU=HydrantID Trusted Certificate Service, CN=HydrantID Server CA O1"
erss-view-qa.niaid.nih.gov,Yes,Yes,1,1,2025-11-03T20:27:31,2026-12-03T20:26:31,22185722224,"C=US, O=IdenTrust, OU=HydrantID Trusted Certificate Service, CN=HydrantID Server CA O1"
erss-view.niaid.nih.gov,Yes,Yes,1,1,2026-04-07T14:00:57,2026-10-23T13:59:57,25611233566,"C=US, O=IdenTrust, OU=HydrantID Trusted Certificate Service, CN=HydrantID Server CA O1"
erssdocs-dev.niaid.nih.gov,No,Yes,1,1,2025-10-30T14:53:57,2026-11-29T14:52:57,22104486532,"C=US, O=IdenTrust, OU=HydrantID Trusted Certificate Service, CN=HydrantID Server CA O1"
erssview-dev.niaid.nih.gov,No,Yes,1,1,2025-10-30T14:53:57,2026-11-29T14:52:57,22104486532,"C=US, O=IdenTrust, OU=HydrantID Trusted Certificate Service, CN=HydrantID Server CA O1"
esass-azure-external-dev.niaid.nih.gov,Yes,Yes,1,1,2026-07-15T00:00:00,2027-01-15T23:59:59,27949945001,"C=US, O=DigiCert Inc, OU=www.digicert.com, CN=GeoTrust TLS RSA CA G1"
esass-azure-internal-dev.niaid.nih.gov,Yes,Yes,2,1,2026-06-15T00:00:00,2026-12-14T23:59:59,27309202583;27202600471,"C=US, O=DigiCert Inc, OU=www.digicert.com, CN=GeoTrust TLS RSA CA G1"
esass-azure-internal.niaid.nih.gov,No,Yes,2,2,2026-07-17T00:00:00,2027-02-26T14:09:19,28741866933;28001630869,"C=US, O=IdenTrust, OU=HydrantID Trusted Certificate Service, CN=HydrantID Server CA O1;C=US, O=DigiCert Inc, OU=www.digicert.com, CN=GeoTrust TLS RSA CA G1"
esass-azure.niaid.nih.gov,No,Yes,2,2,2026-07-17T00:00:00,2027-02-26T14:09:19,28741866933;28001631105,"C=US, O=IdenTrust, OU=HydrantID Trusted Certificate Service, CN=HydrantID Server CA O1;C=US, O=DigiCert Inc, OU=www.digicert.com, CN=GeoTrust TLS RSA CA G1"
esass-internal-qa.niaid.nih.gov,No,Yes,2,1,2026-07-30T19:00:04,2027-02-26T14:09:19,28741866933;28387399868,"C=US, O=IdenTrust, OU=HydrantID Trusted Certificate Service, CN=HydrantID Server CA O1"
esass-qa.niaid.nih.gov,No,Yes,2,1,2026-07-30T19:06:05,2027-02-26T14:09:19,28741866933;28387504844,"C=US, O=IdenTrust, OU=HydrantID Trusted Certificate Service, CN=HydrantID Server CA O1"
esbl.nhlbi.nih.gov,No,Yes,4,2,2026-07-19T13:35:18,2026-12-16T20:14:52,29533403077;29537364063;28066322782;28066323352,"C=US, O=Let's Encrypt, CN=YR1;C=US, O=Let's Encrypt, CN=YR2"
eslate.csr.nih.gov,Yes,Yes,1,1,2025-11-13T16:54:00,2026-12-13T16:53:00,22441781982,"C=US, O=IdenTrust, OU=HydrantID Trusted Certificate Service, CN=HydrantID Server CA O1"
espanol.smokefree.nci.nih.gov,No,Yes,3,1,2026-07-20T00:00:00,2027-02-03T23:59:59,28100502481;28321333917;28100477495,"C=US, O=DigiCert Inc, CN=DigiCert Global G2 TLS RSA SHA256 2020 CA1"
esps.nccih.nih.gov,Yes,Yes,1,1,2026-01-14T17:36:38,2027-02-13T17:35:38,23766456743,"C=US, O=IdenTrust, OU=HydrantID Trusted Certificate Service, CN=HydrantID Server CA O1"
ess-dev.niaid.nih.gov,Yes,Yes,2,1,2026-05-05T14:07:22,2026-12-27T14:04:36,27089439309;26356316198,"C=US, O=IdenTrust, OU=HydrantID Trusted Certificate Service, CN=HydrantID Server CA O1"
ess-qa-ws.niaid.nih.gov,No,Yes,1,1,2026-04-28T12:38:15,2026-11-13T12:37:15,26251764462,"C=US, O=IdenTrust, OU=HydrantID Trusted Certificate Service, CN=HydrantID Server CA O1"
ess-qa.niaid.nih.gov,Yes,Yes,1,1,2026-04-28T12:38:15,2026-11-13T12:37:15,26251764462,"C=US, O=IdenTrust, OU=HydrantID Trusted Certificate Service, CN=HydrantID Server CA O1"
ess-vip.niaid.nih.gov,No,Yes,1,1,2026-05-07T13:46:01,2026-11-22T13:45:01,26383191444,"C=US, O=IdenTrust, OU=HydrantID Trusted Certificate Service, CN=HydrantID Server CA O1"
ess-xess-dev-ws.niaid.nih.gov,No,Yes,1,1,2026-07-16T14:01:38,2027-01-31T14:00:38,27983954834,"C=US, O=IdenTrust, OU=HydrantID Trusted Certificate Service, CN=HydrantID Server CA O1"
ess.niaid.nih.gov,Yes,Yes,1,1,2026-05-07T13:46:01,2026-11-22T13:45:01,26383191444,"C=US, O=IdenTrust, OU=HydrantID Trusted Certificate Service, CN=HydrantID Server CA O1"
estroke2.ninds.nih.gov,Yes,Yes,1,1,2025-11-06T20:01:04,2026-12-06T20:00:04,22264553624,"C=US, O=IdenTrust, OU=HydrantID Trusted Certificate Service, CN=HydrantID Server CA O1"
esurvey.globe.nih.gov,Yes,Yes,1,1,2025-11-27T00:00:00,2026-12-26T23:59:59,22754688382,"C=US, O=Amazon, CN=Amazon RSA 2048 M04"
etd.nih.gov,Yes,Yes,1,1,2026-08-14T16:29:39,2027-03-01T16:28:39,28799139572,"C=US, O=IdenTrust, OU=HydrantID Trusted Certificate Service, CN=HydrantID Server CA O1"
ethics.od.nih.gov,Yes,Yes,9,4,2025-10-30T20:24:48,2026-12-09T22:20:34,29598513701;29598527169;27910879670;22108527228;27910894506;29599168191;27910890320;27910892949;29639969765,"C=US, O=IdenTrust, OU=HydrantID Trusted Certificate Service, CN=HydrantID Server CA O1;C=US, O=Let's Encrypt, CN=YE1;C=US, O=Let's Encrypt, CN=YE2;C=US, O=Let's Encrypt, CN=YR2"
ethicsorientation-test.od.nih.gov,Yes,Yes,1,1,2025-11-03T14:57:19,2026-12-03T14:56:19,22181065940,"C=US, O=IdenTrust, OU=HydrantID Trusted Certificate Service, CN=HydrantID Server CA O1"
ethicstraining.od.nih.gov,Yes,Yes,17,5,2026-07-27T15:20:39,2027-02-22T19:18:40,28301961127;28296333575;28296023063;28301790817;28301963413;28296039579;28628142663;28296355139;28301788933;28296341964;28301955330;28296038093;28301960224;28296353500;28301776092;28296039516;28301768269,"C=US, O=IdenTrust, OU=HydrantID Trusted Certificate Service, CN=HydrantID Server CA O1;C=US, O=Let's Encrypt, CN=YR1;C=US, O=Let's Encrypt, CN=YR2;C=US, O=Let's Encrypt, CN=YE2;C=US, O=Let's Encrypt, CN=YE1"
etsp.ninds.nih.gov,Yes,Yes,2,1,2026-05-21T20:54:55,2026-12-11T19:55:49,26662905873;26531328244,"C=US, O=IdenTrust, OU=HydrantID Trusted Certificate Service, CN=HydrantID Server CA O1"
etsplab.ninds.nih.gov,Yes,Yes,1,1,2025-10-23T19:43:53,2026-11-22T19:42:53,21949765153,"C=US, O=IdenTrust, OU=HydrantID Trusted Certificate Service, CN=HydrantID Server CA O1"
ett.nih.gov,Yes,Yes,1,1,2025-11-19T16:32:15,2026-12-19T16:31:15,22594586958,"C=US, O=IdenTrust, OU=HydrantID Trusted Certificate Service, CN=HydrantID Server CA O1"
ettdev.nih.gov,Yes,Yes,1,1,2026-04-07T13:44:39,2026-10-23T13:43:39,25610696668,"C=US, O=IdenTrust, OU=HydrantID Trusted Certificate Service, CN=HydrantID Server CA O1"
ettqa.nih.gov,Yes,Yes,1,1,2026-03-30T14:32:10,2026-10-15T14:31:10,25283643972,"C=US, O=IdenTrust, OU=HydrantID Trusted Certificate Service, CN=HydrantID Server CA O1"
ettstage.nih.gov,Yes,Yes,1,1,2026-04-07T13:43:50,2026-10-23T13:42:50,25610675296,"C=US, O=IdenTrust, OU=HydrantID Trusted Certificate Service, CN=HydrantID Server CA O1"
eva.niaid.nih.gov,No,Yes,1,1,2026-07-12T19:05:12,2027-01-27T19:04:12,27880603846,"C=US, O=IdenTrust, OU=HydrantID Trusted Certificate Service, CN=HydrantID Server CA O1"
eva2-prod.niaid.nih.gov,No,Yes,1,1,2025-09-26T17:56:34,2026-10-26T17:55:34,21295123782,"C=US, O=IdenTrust, OU=HydrantID Trusted Certificate Service, CN=HydrantID Server CA O1"
eva2dev.niaid.nih.gov,No,Yes,1,1,2026-05-07T15:42:15,2026-11-22T15:41:15,26383830841,"C=US, O=IdenTrust, OU=HydrantID Trusted Certificate Service, CN=HydrantID Server CA O1"
evs.nci.nih.gov,Yes,Yes,12,2,2026-07-20T12:08:43,2026-12-17T12:21:58,28093781814;29590865156;28093558530;28093562631;29524197938;28093628278;28093704363;29524944516;28093774295;28093623175;29524548256;28093689045,"C=US, O=Let's Encrypt, CN=YR1;C=US, O=Let's Encrypt, CN=YR2"
ewps.niehs.nih.gov,Yes,Yes,2,1,2026-08-10T16:59:33,2026-11-08T16:59:32,28713774691;28713768802,"C=US, O=Let's Encrypt, CN=YR1"
excessproductcatalog.od.nih.gov,Yes,Yes,2,1,2025-10-07T15:20:53,2027-02-12T20:27:15,21550013350;28330336639,"C=US, O=IdenTrust, OU=HydrantID Trusted Certificate Service, CN=HydrantID Server CA O1"
execsec.od.nih.gov,Yes,Yes,1,1,2026-07-06T20:46:05,2027-01-21T20:45:05,27741039300,"C=US, O=IdenTrust, OU=HydrantID Trusted Certificate Service, CN=HydrantID Server CA O1"
exploredata.nichd.nih.gov,No,Yes,1,1,2026-05-08T15:08:49,2026-11-23T15:07:49,26392816337,"C=US, O=IdenTrust, OU=HydrantID Trusted Certificate Service, CN=HydrantID Server CA O1"
extconnectstg.ninds.nih.gov,Yes,Yes,1,1,2026-03-24T16:07:08,2026-10-09T16:06:08,25195483622,"C=US, O=IdenTrust, OU=HydrantID Trusted Certificate Service, CN=HydrantID Server CA O1"
extdev.niehs.nih.gov,Yes,Yes,3,2,2025-12-03T00:00:00,2026-12-02T23:59:59,22886422642;29284870146;29125620113,"C=US, O=Let's Encrypt, CN=YR1;C=US, O=DigiCert Inc, CN=DigiCert Global G2 TLS RSA SHA256 2020 CA1"
extensis.niehs.nih.gov,Yes,Yes,2,1,2026-08-31T22:44:41,2026-11-29T22:44:40,29209976842;29209975780,"C=US, O=Let's Encrypt, CN=YR2"
extoos.ninds.nih.gov,Yes,Yes,1,1,2025-10-21T16:15:34,2026-11-20T16:14:34,21889137626,"C=US, O=IdenTrust, OU=HydrantID Trusted Certificate Service, CN=HydrantID Server CA O1"
extramural-diversity.nih.gov,Yes,Yes,1,1,2025-10-30T17:46:57,2026-11-29T17:45:57,22106671456,"C=US, O=IdenTrust, OU=HydrantID Trusted Certificate Service, CN=HydrantID Server CA O1"
extranet.niddk.nih.gov,Yes,Yes,1,1,2026-01-21T00:00:00,2027-02-21T23:59:59,23899057678,"C=US, O=DigiCert Inc, CN=DigiCert Global G2 TLS RSA SHA256 2020 CA1"
extshare.ninds.nih.gov,Yes,Yes,1,1,2026-07-08T11:13:26,2027-01-23T11:12:26,27780225323,"C=US, O=IdenTrust, OU=HydrantID Trusted Certificate Service, CN=HydrantID Server CA O1"
extstage.niehs.nih.gov,Yes,Yes,2,1,2026-08-27T11:29:40,2026-11-25T11:29:39,29261013928;29125620821,"C=US, O=Let's Encrypt, CN=YR2"
eyegene-demo.cit.nih.gov,Yes,Yes,1,1,2026-09-02T00:00:00,2027-03-19T23:59:59,29230613414,"C=US, O=DigiCert Inc, OU=www.digicert.com, CN=GeoTrust TLS RSA CA G1"
eyegene.nih.gov,Yes,Yes,2,1,2026-06-04T00:00:00,2026-12-19T23:59:59,27017480149;26872370180,"C=US, O=DigiCert Inc, OU=www.digicert.com, CN=GeoTrust TLS RSA CA G1"
eyeintegration.nei.nih.gov,Yes,Yes,1,1,2026-04-17T18:03:41,2026-11-02T18:02:41,25966827293,"C=US, O=IdenTrust, OU=HydrantID Trusted Certificate Service, CN=HydrantID Server CA O1"
eyepsc.nei.nih.gov,Yes,Yes,1,1,2025-09-19T17:30:32,2026-10-19T17:29:32,21136850094,"C=US, O=IdenTrust, OU=HydrantID Trusted Certificate Service, CN=HydrantID Server CA O1"
ezapps-dev.nih.gov,No,Yes,4,2,2026-07-27T09:08:44,2026-11-01T12:19:54,28288480853;28493626743;28493630848;28288479042,"C=US, O=Let's Encrypt, CN=YR1;C=US, O=Let's Encrypt, CN=YR2"
ezapps-stage.nih.gov,Yes,Yes,2,1,2026-08-11T15:40:40,2026-11-09T15:40:39,28745502375;28745505480,"C=US, O=Let's Encrypt, CN=YR2"
ezapps-test.nih.gov,No,Yes,4,1,2026-08-01T11:31:11,2026-11-09T15:08:57,28744710223;28435328007;28435319542;28744701004,"C=US, O=Let's Encrypt, CN=YR1"
ezapps.nih.gov,Yes,Yes,4,2,2026-08-30T12:04:43,2026-12-03T13:13:54,29175662493;29379147674;29350059836;29350186721,"C=US, O=Let's Encrypt, CN=YR1;C=US, O=Let's Encrypt, CN=YR2"
facdb.od.nih.gov,Yes,Yes,2,1,2025-10-30T20:13:10,2026-11-30T15:29:48,22108401873;22122383051,"C=US, O=IdenTrust, OU=HydrantID Trusted Certificate Service, CN=HydrantID Server CA O1"
factordev-acquia.niehs.nih.gov,No,Yes,3,2,2025-12-03T00:00:00,2026-12-02T23:59:59,22886422642;29284870146;29125620113,"C=US, O=Let's Encrypt, CN=YR1;C=US, O=DigiCert Inc, CN=DigiCert Global G2 TLS RSA SHA256 2020 CA1"
factorstage-acquia.niehs.nih.gov,No,Yes,2,1,2026-08-27T11:29:40,2026-11-25T11:29:39,29261013928;29125620821,"C=US, O=Let's Encrypt, CN=YR2"
falcon-azure-dev.niaid.nih.gov,Yes,Yes,2,1,2026-06-16T00:00:00,2026-12-16T23:59:59,27328777230;27242375428,"C=US, O=DigiCert Inc, OU=www.digicert.com, CN=GeoTrust TLS RSA CA G1"
falcon.niaid.nih.gov,Yes,Yes,1,1,2025-10-21T14:08:00,2026-11-20T14:07:00,21886398376,"C=US, O=IdenTrust, OU=HydrantID Trusted Certificate Service, CN=HydrantID Server CA O1"
faq.od.nih.gov,Yes,Yes,1,1,2026-04-28T16:18:18,2026-11-13T16:17:18,26253301592,"C=US, O=IdenTrust, OU=HydrantID Trusted Certificate Service, CN=HydrantID Server CA O1"
fastr.ninds.nih.gov,Yes,Yes,1,1,2025-10-01T17:08:48,2026-10-31T17:07:48,21401083162,"C=US, O=IdenTrust, OU=HydrantID Trusted Certificate Service, CN=HydrantID Server CA O1"
fastrqa.ninds.nih.gov,Yes,Yes,1,1,2026-06-10T18:06:17,2026-12-26T18:05:17,27059759514,"C=US, O=IdenTrust, OU=HydrantID Trusted Certificate Service, CN=HydrantID Server CA O1"
fastrsb.ninds.nih.gov,Yes,Yes,1,1,2026-06-10T18:05:52,2026-12-26T18:04:52,27059737794,"C=US, O=IdenTrust, OU=HydrantID Trusted Certificate Service, CN=HydrantID Server CA O1"
fastrstg.ninds.nih.gov,Yes,Yes,1,1,2026-06-17T20:04:37,2027-01-02T20:03:37,27270429655,"C=US, O=IdenTrust, OU=HydrantID Trusted Certificate Service, CN=HydrantID Server CA O1"
fastrtest.ninds.nih.gov,Yes,Yes,1,1,2026-05-06T20:49:08,2026-11-21T20:48:08,26376960145,"C=US, O=IdenTrust, OU=HydrantID Trusted Certificate Service, CN=HydrantID Server CA O1"
fastrtestbot.ninds.nih.gov,Yes,Yes,1,1,2026-03-24T16:12:10,2026-10-09T16:11:10,25195566202,"C=US, O=IdenTrust, OU=HydrantID Trusted Certificate Service, CN=HydrantID Server CA O1"
federation.ha.nih.gov,Yes,Yes,1,1,2026-04-14T16:22:20,2026-10-30T16:21:20,25865165857,"C=US, O=IdenTrust, OU=HydrantID Trusted Certificate Service, CN=HydrantID Server CA O1"
federationdev.ha.nih.gov,Yes,Yes,1,1,2026-04-14T16:22:44,2026-10-30T16:21:44,25865185964,"C=US, O=IdenTrust, OU=HydrantID Trusted Certificate Service, CN=HydrantID Server CA O1"
feedback-test.nichd.nih.gov,No,Yes,1,1,2026-06-17T16:36:21,2027-01-02T16:35:21,27266318189,"C=US, O=IdenTrust, OU=HydrantID Trusted Certificate Service, CN=HydrantID Server CA O1"
feedback.nichd.nih.gov,No,Yes,1,1,2026-08-20T20:03:06,2027-03-07T20:02:06,28865869449,"C=US, O=IdenTrust, OU=HydrantID Trusted Certificate Service, CN=HydrantID Server CA O1"
femto.niddk.nih.gov,Yes,Yes,1,1,2025-12-16T13:53:21,2027-01-15T13:52:21,23156289745,"C=US, O=IdenTrust, OU=HydrantID Trusted Certificate Service, CN=HydrantID Server CA O1"
ferms.niaid.nih.gov,Yes,Yes,1,1,2026-05-08T18:59:09,2026-11-23T18:58:09,26394084874,"C=US, O=IdenTrust, OU=HydrantID Trusted Certificate Service, CN=HydrantID Server CA O1"
fermsdev.niaid.nih.gov,Yes,Yes,1,1,2026-07-23T17:20:42,2027-02-07T17:19:42,28187482480,"C=US, O=IdenTrust, OU=HydrantID Trusted Certificate Service, CN=HydrantID Server CA O1"
fgate.nimh.nih.gov,Yes,Yes,1,1,2026-07-22T20:16:34,2027-02-06T20:15:34,28162135143,"C=US, O=IdenTrust, OU=HydrantID Trusted Certificate Service, CN=HydrantID Server CA O1"
fhir-ig-dev.vsac.nlm.nih.gov,Yes,Yes,1,1,2026-08-17T00:00:00,2027-03-03T23:59:59,28793606158,"C=US, O=DigiCert Inc, CN=DigiCert Global G2 TLS RSA SHA256 2020 CA1"
fhir-ig-qa.vsac.nlm.nih.gov,Yes,Yes,1,1,2026-08-17T00:00:00,2027-03-03T23:59:59,28793624821,"C=US, O=DigiCert Inc, CN=DigiCert Global G2 TLS RSA SHA256 2020 CA1"
fhir-ig.vsac.nlm.nih.gov,Yes,Yes,1,1,2026-08-17T00:00:00,2027-03-03T23:59:59,28793565025,"C=US, O=DigiCert Inc, CN=DigiCert Global G2 TLS RSA SHA256 2020 CA1"
fic.nih.gov,Yes,Yes,1,1,2026-05-12T18:45:47,2026-11-27T18:44:47,26425423529,"C=US, O=IdenTrust, OU=HydrantID Trusted Certificate Service, CN=HydrantID Server CA O1"
filemaker3-qa.niaid.nih.gov,Yes,Yes,1,1,2026-08-21T17:39:01,2027-03-08T17:38:01,28890178999,"C=US, O=IdenTrust, OU=HydrantID Trusted Certificate Service, CN=HydrantID Server CA O1"
filemaker3.niaid.nih.gov,Yes,Yes,1,1,2026-06-03T02:40:01,2026-12-19T02:39:01,26844734678,"C=US, O=IdenTrust, OU=HydrantID Trusted Certificate Service, CN=HydrantID Server CA O1"
filemaker4.niaid.nih.gov,Yes,Yes,1,1,2026-07-14T02:04:06,2027-01-29T02:03:06,27913510778,"C=US, O=IdenTrust, OU=HydrantID Trusted Certificate Service, CN=HydrantID Server CA O1"
files.cloud.nih.gov,Yes,Yes,2,1,2026-08-22T01:20:38,2026-11-20T01:20:37,29064434759;29123654983,"C=US, O=Let's Encrypt, CN=YR1"
files.nccih.nih.gov,No,Yes,4,3,2026-07-28T00:00:00,2027-02-11T23:59:59,28324557177;28323340714;28323487869;28323488739,"C=US, O=DigiCert Inc, CN=DigiCert Global G2 TLS RSA SHA256 2020 CA1;C=US, O=Amazon, CN=Amazon RSA 2048 M04;C=US, O=Amazon, CN=Amazon RSA 2048 M01"
filetransfer.niehs.nih.gov,Yes,Yes,3,2,2025-11-13T00:00:00,2026-11-12T23:59:59,22425703550;28494306506;28494297035,"C=US, O=Let's Encrypt, CN=YR1;C=US, O=DigiCert Inc, CN=DigiCert Global G2 TLS RSA SHA256 2020 CA1"
finder.training.nih.gov,Yes,Yes,1,1,2026-06-30T00:00:00,2027-01-13T23:59:59,27587153105,"C=US, O=Amazon, CN=Amazon RSA 2048 M04"
firewall.ninds.nih.gov,Yes,Yes,1,1,2026-06-17T16:36:48,2027-01-02T16:35:48,27266336794,"C=US, O=IdenTrust, OU=HydrantID Trusted Certificate Service, CN=HydrantID Server CA O1"
fitbir-demo.cit.nih.gov,Yes,Yes,1,1,2025-10-15T00:00:00,2026-11-15T23:59:59,21740116337,"C=US, O=DigiCert Inc, OU=www.digicert.com, CN=GeoTrust TLS RSA CA G1"
fitbir.nih.gov,Yes,Yes,2,1,2026-05-14T00:00:00,2026-11-28T23:59:59,26322147302;26511465303,"C=US, O=DigiCert Inc, OU=www.digicert.com, CN=GeoTrust TLS RSA CA G1"
fixit.nih.gov,Yes,Yes,1,1,2025-09-17T13:53:15,2026-10-17T13:52:15,21085361751,"C=US, O=IdenTrust, OU=HydrantID Trusted Certificate Service, CN=HydrantID Server CA O1"
flexnet.niaid.nih.gov,Yes,Yes,1,1,2026-01-08T16:52:14,2027-02-07T16:51:14,23636380471,"C=US, O=IdenTrust, OU=HydrantID Trusted Certificate Service, CN=HydrantID Server CA O1"
fm.niaid.nih.gov,Yes,Yes,1,1,2026-07-02T19:52:41,2027-01-17T19:51:41,27649794607,"C=US, O=IdenTrust, OU=HydrantID Trusted Certificate Service, CN=HydrantID Server CA O1"
fnlcrcloud-int.nci.nih.gov,Yes,Yes,1,1,2025-10-26T00:00:00,2026-11-23T23:59:59,22012094804,"C=US, O=Amazon, CN=Amazon RSA 2048 M04"
foia-test.nih.gov,Yes,Yes,1,1,2026-01-07T15:44:28,2027-02-06T15:43:28,23611718648,"C=US, O=IdenTrust, OU=HydrantID Trusted Certificate Service, CN=HydrantID Server CA O1"
foiaportal-test.nih.gov,Yes,Yes,1,1,2026-01-07T15:46:52,2027-02-06T15:45:52,23611750893,"C=US, O=IdenTrust, OU=HydrantID Trusted Certificate Service, CN=HydrantID Server CA O1"
foiaportal.nih.gov,Yes,Yes,1,1,2026-01-16T15:54:20,2027-02-15T15:53:20,23804069678,"C=US, O=IdenTrust, OU=HydrantID Trusted Certificate Service, CN=HydrantID Server CA O1"
forms.niddk.nih.gov,Yes,Yes,1,1,2026-02-20T14:52:15,2027-03-22T14:51:15,24535581225,"C=US, O=IdenTrust, OU=HydrantID Trusted Certificate Service, CN=HydrantID Server CA O1"
fortify.niaid.nih.gov,No,Yes,1,1,2025-09-26T17:31:42,2026-10-26T17:30:42,21294671182,"C=US, O=IdenTrust, OU=HydrantID Trusted Certificate Service, CN=HydrantID Server CA O1"
fots-api.ncats.nih.gov,Yes,Yes,1,1,2025-10-20T17:32:45,2026-11-19T17:31:45,21859249474,"C=US, O=IdenTrust, OU=HydrantID Trusted Certificate Service, CN=HydrantID Server CA O1"
fots.ncats.nih.gov,Yes,Yes,1,1,2025-12-22T19:09:12,2027-01-21T19:08:12,23299873716,"C=US, O=IdenTrust, OU=HydrantID Trusted Certificate Service, CN=HydrantID Server CA O1"
fpr-azure-dev.niaid.nih.gov,Yes,Yes,1,1,2026-07-27T00:00:00,2027-01-27T23:59:59,28294450835,"C=US, O=DigiCert Inc, OU=www.digicert.com, CN=GeoTrust TLS RSA CA G1"
fpr-qa.niaid.nih.gov,No,Yes,1,1,2026-07-01T22:52:23,2027-01-16T22:51:23,27628082370,"C=US, O=IdenTrust, OU=HydrantID Trusted Certificate Service, CN=HydrantID Server CA O1"
fpr-qa2.niaid.nih.gov,No,Yes,1,1,2026-07-01T22:52:23,2027-01-16T22:51:23,27628082370,"C=US, O=IdenTrust, OU=HydrantID Trusted Certificate Service, CN=HydrantID Server CA O1"
fpr.niaid.nih.gov,No,Yes,1,1,2026-07-05T12:30:47,2027-01-20T12:29:47,27708504332,"C=US, O=IdenTrust, OU=HydrantID Trusted Certificate Service, CN=HydrantID Server CA O1"
freezers7dev.niaid.nih.gov,Yes,Yes,1,1,2026-07-09T13:25:59,2027-01-24T13:24:59,27806772755,"C=US, O=IdenTrust, OU=HydrantID Trusted Certificate Service, CN=HydrantID Server CA O1"
frenchpress.nhgri.nih.gov,No,Yes,1,1,2026-06-30T00:00:00,2027-01-13T23:59:59,27586207860,"C=US, O=Amazon, CN=Amazon RSA 2048 M01"
frezrpro-vip.niaid.nih.gov,No,Yes,1,1,2026-07-09T13:31:30,2027-01-24T13:30:30,27806866096,"C=US, O=IdenTrust, OU=HydrantID Trusted Certificate Service, CN=HydrantID Server CA O1"
frezrprodev-vip.niaid.nih.gov,No,Yes,1,1,2026-07-09T13:25:59,2027-01-24T13:24:59,27806772755,"C=US, O=IdenTrust, OU=HydrantID Trusted Certificate Service, CN=HydrantID Server CA O1"
fsccrw-web04t.nci.nih.gov,No,Yes,1,1,2026-03-30T00:00:00,2026-10-14T23:59:59,25285701634,"C=US, O=DigiCert Inc, CN=DigiCert Global G2 TLS RSA SHA256 2020 CA1"
fsccrw-web05p.nci.nih.gov,No,Yes,1,1,2026-03-30T00:00:00,2026-10-14T23:59:59,25281513916,"C=US, O=DigiCert Inc, CN=DigiCert Global G2 TLS RSA SHA256 2020 CA1"
ftpctep.nci.nih.gov,Yes,Yes,1,1,2026-04-14T16:20:59,2026-10-30T16:19:59,25865109444,"C=US, O=IdenTrust, OU=HydrantID Trusted Certificate Service, CN=HydrantID Server CA O1"
fusion.nhgri.nih.gov,No,Yes,1,1,2025-10-10T16:59:31,2026-11-09T16:58:31,21627797633,"C=US, O=IdenTrust, OU=HydrantID Trusted Certificate Service, CN=HydrantID Server CA O1"
fusionprime.nhgri.nih.gov,No,Yes,1,1,2025-10-10T16:59:31,2026-11-09T16:58:31,21627797633,"C=US, O=IdenTrust, OU=HydrantID Trusted Certificate Service, CN=HydrantID Server CA O1"
gateway.apim.niaid.nih.gov,Yes,Yes,1,1,2026-02-24T17:45:32,2027-03-26T17:44:32,24621543206,"C=US, O=IdenTrust, OU=HydrantID Trusted Certificate Service, CN=HydrantID Server CA O1"
gateway.apimdev.niaid.nih.gov,Yes,Yes,2,1,2025-11-05T19:14:42,2026-12-05T19:14:00,22235441894;22235441438,"C=US, O=IdenTrust, OU=HydrantID Trusted Certificate Service, CN=HydrantID Server CA O1"
gateway.apimqa.niaid.nih.gov,Yes,Yes,1,1,2026-03-27T21:23:02,2026-10-12T21:22:02,25260787414,"C=US, O=IdenTrust, OU=HydrantID Trusted Certificate Service, CN=HydrantID Server CA O1"
gateway.niehs.nih.gov,Yes,Yes,1,1,2026-08-27T16:17:22,2026-11-25T16:17:21,29442576623,"C=US, O=Let's Encrypt, CN=YR2"
gen3.biodatacatalyst.nhlbi.nih.gov,Yes,Yes,1,1,2025-10-31T21:17:00,2026-11-30T21:16:00,22126493043,"C=US, O=IdenTrust, OU=HydrantID Trusted Certificate Service, CN=HydrantID Server CA O1"
genai.niaid.nih.gov,Yes,Yes,1,1,2026-01-16T23:29:39,2027-02-15T23:28:39,23810355933,"C=US, O=IdenTrust, OU=HydrantID Trusted Certificate Service, CN=HydrantID Server CA O1"
genaidev.niaid.nih.gov,Yes,Yes,1,1,2026-01-07T14:44:19,2027-02-06T14:43:19,23610839302,"C=US, O=IdenTrust, OU=HydrantID Trusted Certificate Service, CN=HydrantID Server CA O1"
genedata.niaid.nih.gov,Yes,Yes,1,1,2026-05-26T18:44:30,2026-12-11T18:43:30,26661699753,"C=US, O=IdenTrust, OU=HydrantID Trusted Certificate Service, CN=HydrantID Server CA O1"
genelist.niehs.nih.gov,No,Yes,1,1,2026-08-27T16:08:02,2026-11-25T16:08:01,29426901856,"C=US, O=Let's Encrypt, CN=YR1"
genesis-sensitive.nih.gov,Yes,Yes,2,1,2025-09-09T18:55:01,2027-03-25T17:00:31,20904143975;24600255120,"C=US, O=IdenTrust, OU=HydrantID Trusted Certificate Service, CN=HydrantID Server CA O1"
genesis-sensitivedev.nih.gov,Yes,Yes,2,1,2025-09-23T20:44:04,2027-03-25T16:58:48,21230276611;24600230324,"C=US, O=IdenTrust, OU=HydrantID Trusted Certificate Service, CN=HydrantID Server CA O1"
genesis.nih.gov,Yes,Yes,2,1,2026-02-23T16:58:46,2027-03-26T18:28:24,24622184283;24600215819,"C=US, O=IdenTrust, OU=HydrantID Trusted Certificate Service, CN=HydrantID Server CA O1"
genesisdev.nih.gov,Yes,Yes,1,1,2026-02-24T19:38:18,2027-03-26T19:37:18,24623198371,"C=US, O=IdenTrust, OU=HydrantID Trusted Certificate Service, CN=HydrantID Server CA O1"
gentac.nhlbi.nih.gov,No,Yes,1,1,2026-06-12T17:23:42,2026-12-28T17:22:42,27128788628,"C=US, O=IdenTrust, OU=HydrantID Trusted Certificate Service, CN=HydrantID Server CA O1"
gfa.fic.nih.gov,Yes,Yes,1,1,2025-09-29T17:43:25,2026-10-29T17:42:25,21351862726,"C=US, O=IdenTrust, OU=HydrantID Trusted Certificate Service, CN=HydrantID Server CA O1"
gibbons.nhgri.nih.gov,No,Yes,1,1,2025-10-15T00:00:00,2026-11-13T23:59:59,21740629482,"C=US, O=Amazon, CN=Amazon RSA 2048 M01"
gibbonswiki.nhgri.nih.gov,No,Yes,1,1,2025-10-15T00:00:00,2026-11-13T23:59:59,21740629482,"C=US, O=Amazon, CN=Amazon RSA 2048 M01"
ginas.ncats.nih.gov,Yes,Yes,1,1,2026-06-11T19:47:05,2026-12-27T19:46:05,27097772298,"C=US, O=IdenTrust, OU=HydrantID Trusted Certificate Service, CN=HydrantID Server CA O1"
git.lobos.nih.gov,Yes,Yes,1,1,2025-12-23T19:46:22,2027-01-22T19:45:22,23321895808,"C=US, O=IdenTrust, OU=HydrantID Trusted Certificate Service, CN=HydrantID Server CA O1"
github.niaid.nih.gov,Yes,Yes,1,1,2026-08-10T13:52:40,2027-02-25T13:51:40,28707787593,"C=US, O=IdenTrust, OU=HydrantID Trusted Certificate Service, CN=HydrantID Server CA O1"
github.nih.gov,Yes,Yes,2,1,2026-08-22T03:14:37,2026-11-20T03:14:36,29046661869;29095448755,"C=US, O=Let's Encrypt, CN=YR2"
globalhealth.nhlbi.nih.gov,No,Yes,1,1,2026-06-12T17:23:42,2026-12-28T17:22:42,27128788628,"C=US, O=IdenTrust, OU=HydrantID Trusted Certificate Service, CN=HydrantID Server CA O1"
globalspecimens.niaid.nih.gov,Yes,Yes,1,1,2026-07-09T13:31:30,2027-01-24T13:30:30,27806866096,"C=US, O=IdenTrust, OU=HydrantID Trusted Certificate Service, CN=HydrantID Server CA O1"
globalsupport-test.niaid.nih.gov,Yes,Yes,2,1,2026-08-28T00:38:33,2026-11-26T00:38:32,29377286360;29259541184,"C=US, O=Let's Encrypt, CN=YR2"
globalsupport.niaid.nih.gov,Yes,Yes,4,1,2026-07-19T19:13:12,2026-12-16T21:01:02,29536248261;28073016485;29536341410;28073011075,"C=US, O=Let's Encrypt, CN=YR2"
globe.nih.gov,Yes,Yes,2,1,2025-11-26T00:00:00,2026-12-25T23:59:59,22747571690;22735261506,"C=US, O=Amazon, CN=Amazon RSA 2048 M04"
globis-qa.niaid.nih.gov,Yes,Yes,2,1,2026-06-12T00:00:00,2026-12-12T23:59:59,27132192051;27269445788,"C=US, O=DigiCert Inc, OU=www.digicert.com, CN=GeoTrust TLS RSA CA G1"
globis-uat.niaid.nih.gov,Yes,Yes,2,1,2026-06-08T00:00:00,2026-12-08T23:59:59,27205732318;27006084879,"C=US, O=DigiCert Inc, OU=www.digicert.com, CN=GeoTrust TLS RSA CA G1"
globus1.lobos.nih.gov,Yes,Yes,2,1,2026-08-09T02:58:45,2026-11-07T02:58:44,28665892782;28666267847,"C=US, O=Let's Encrypt, CN=YE1"
globus1.ncats.nih.gov,Yes,Yes,1,1,2025-10-03T14:47:09,2026-11-02T14:46:09,21446159213,"C=US, O=IdenTrust, OU=HydrantID Trusted Certificate Service, CN=HydrantID Server CA O1"
globus1.nei.nih.gov,Yes,Yes,1,1,2025-09-09T15:58:38,2026-10-09T15:57:38,20900841682,"C=US, O=IdenTrust, OU=HydrantID Trusted Certificate Service, CN=HydrantID Server CA O1"
globus2.nei.nih.gov,Yes,Yes,1,1,2025-09-15T14:16:46,2026-10-15T14:15:46,21036013202,"C=US, O=IdenTrust, OU=HydrantID Trusted Certificate Service, CN=HydrantID Server CA O1"
glossary.od.nih.gov,Yes,Yes,1,1,2026-08-07T19:22:20,2027-02-22T19:21:20,28628208638,"C=US, O=IdenTrust, OU=HydrantID Trusted Certificate Service, CN=HydrantID Server CA O1"
gm.nihdev.cit.nih.gov,Yes,Yes,1,1,2026-02-10T14:39:59,2027-03-12T14:38:59,24311709027,"C=US, O=IdenTrust, OU=HydrantID Trusted Certificate Service, CN=HydrantID Server CA O1"
go-admin-test.nih.gov,Yes,Yes,1,1,2026-04-01T17:13:54,2026-10-17T17:12:54,25315062810,"C=US, O=IdenTrust, OU=HydrantID Trusted Certificate Service, CN=HydrantID Server CA O1"
go-admin.nih.gov,Yes,Yes,1,1,2026-07-09T18:09:47,2027-01-24T18:08:47,27811819094,"C=US, O=IdenTrust, OU=HydrantID Trusted Certificate Service, CN=HydrantID Server CA O1"
go-test.nih.gov,No,Yes,1,1,2026-04-01T17:13:54,2026-10-17T17:12:54,25315062810,"C=US, O=IdenTrust, OU=HydrantID Trusted Certificate Service, CN=HydrantID Server CA O1"
go.nia.nih.gov,Yes,Yes,2,1,2026-09-01T00:23:14,2026-11-30T00:23:13,29212687221;29212688724,"C=US, O=Let's Encrypt, CN=YR1"
go.nih.gov,No,Yes,2,1,2026-07-08T17:57:58,2027-01-24T18:08:47,27811819094;27787290370,"C=US, O=IdenTrust, OU=HydrantID Trusted Certificate Service, CN=HydrantID Server CA O1"
gocd.niaid.nih.gov,Yes,Yes,1,1,2025-09-15T11:52:03,2026-10-15T11:51:03,21033635778,"C=US, O=IdenTrust, OU=HydrantID Trusted Certificate Service, CN=HydrantID Server CA O1"
goldfish-awstest.nhgri.nih.gov,Yes,Yes,1,1,2026-05-18T00:00:00,2026-12-01T23:59:59,26429941228,"C=US, O=Amazon, CN=Amazon RSA 2048 M04"
goldfish.nhgri.nih.gov,Yes,Yes,1,1,2026-04-22T00:00:00,2026-11-05T23:59:59,25655427482,"C=US, O=Amazon, CN=Amazon RSA 2048 M01"
gp.nlm.nih.gov,Yes,Yes,2,1,2026-07-18T00:21:20,2026-10-16T00:21:19,28026352086;28026342484,"C=US, O=Let's Encrypt, CN=YR2"
grants.nih.gov,Yes,Yes,9,5,2025-11-19T19:54:37,2026-12-19T19:53:37,28860428910;28880160102;28962907793;28864137359;28963222374;28963202835;28879979497;22598690134;28860474351,"C=US, O=IdenTrust, OU=HydrantID Trusted Certificate Service, CN=HydrantID Server CA O1;C=US, O=Let's Encrypt, CN=YR1;C=US, O=Let's Encrypt, CN=YR2;C=US, O=Let's Encrypt, CN=YE2;C=US, O=Let's Encrypt, CN=YE1"
grants1.nih.gov,Yes,Yes,1,1,2025-10-30T13:20:03,2026-11-29T13:19:03,22103245727,"C=US, O=IdenTrust, OU=HydrantID Trusted Certificate Service, CN=HydrantID Server CA O1"
grants2.nih.gov,Yes,Yes,1,1,2025-10-30T13:28:06,2026-11-29T13:27:06,22103346049,"C=US, O=IdenTrust, OU=HydrantID Trusted Certificate Service, CN=HydrantID Server CA O1"
grantsapi.od.nih.gov,Yes,Yes,1,1,2025-09-29T17:44:01,2026-10-29T17:43:01,21351864789,"C=US, O=IdenTrust, OU=HydrantID Trusted Certificate Service, CN=HydrantID Server CA O1"
grantsdash-era.nhlbi.nih.gov,Yes,Yes,1,1,2025-11-03T13:51:07,2026-12-03T13:50:07,22180198499,"C=US, O=IdenTrust, OU=HydrantID Trusted Certificate Service, CN=HydrantID Server CA O1"
grantsdash-stage-era.nhlbi.nih.gov,Yes,Yes,1,1,2025-11-03T14:04:18,2026-12-03T14:03:18,22180382589,"C=US, O=IdenTrust, OU=HydrantID Trusted Certificate Service, CN=HydrantID Server CA O1"
grantservice-era.nhlbi.nih.gov,Yes,Yes,1,1,2026-01-28T20:44:14,2027-02-27T20:43:14,24042756160,"C=US, O=IdenTrust, OU=HydrantID Trusted Certificate Service, CN=HydrantID Server CA O1"
grantservice-stage-era.nhlbi.nih.gov,Yes,Yes,1,1,2026-01-28T21:10:08,2027-02-27T21:09:08,24043121672,"C=US, O=IdenTrust, OU=HydrantID Trusted Certificate Service, CN=HydrantID Server CA O1"
grantservices-test.ninds.nih.gov,Yes,Yes,1,1,2026-07-13T20:53:18,2027-01-28T20:52:18,27907860416,"C=US, O=IdenTrust, OU=HydrantID Trusted Certificate Service, CN=HydrantID Server CA O1"
grasp.nhlbi.nih.gov,Yes,Yes,3,1,2025-10-16T02:44:07,2027-02-04T21:49:43,21750364592;21750416666;23574220208,"C=US, O=IdenTrust, OU=HydrantID Trusted Certificate Service, CN=HydrantID Server CA O1"
grdr-demo.cit.nih.gov,Yes,Yes,1,1,2025-10-15T00:00:00,2026-11-15T23:59:59,21740231799,"C=US, O=DigiCert Inc, OU=www.digicert.com, CN=GeoTrust TLS RSA CA G1"
grdr-guid.ncats.nih.gov,Yes,Yes,1,1,2026-08-10T19:23:17,2027-02-25T19:22:17,28715779799,"C=US, O=IdenTrust, OU=HydrantID Trusted Certificate Service, CN=HydrantID Server CA O1"
green-accessgudid-queue-us-west-2.awsqa.nlm.nih.gov,No,Yes,1,1,2026-02-01T00:00:00,2027-03-01T23:59:59,24108311432,"C=US, O=Amazon, CN=Amazon RSA 2048 M01"
green-accessgudid-queue.awsqa.nlm.nih.gov,No,Yes,1,1,2026-02-01T00:00:00,2027-03-01T23:59:59,24108311432,"C=US, O=Amazon, CN=Amazon RSA 2048 M01"
gris-vip.niaid.nih.gov,No,Yes,1,1,2025-11-03T17:39:40,2026-12-03T17:38:40,22183473040,"C=US, O=IdenTrust, OU=HydrantID Trusted Certificate Service, CN=HydrantID Server CA O1"
gris.niaid.nih.gov,Yes,Yes,1,1,2025-11-03T17:39:40,2026-12-03T17:38:40,22183473040,"C=US, O=IdenTrust, OU=HydrantID Trusted Certificate Service, CN=HydrantID Server CA O1"
grisqa-vip.niaid.nih.gov,No,Yes,1,1,2026-07-28T17:32:57,2027-02-12T17:31:57,28326763069,"C=US, O=IdenTrust, OU=HydrantID Trusted Certificate Service, CN=HydrantID Server CA O1"
grn.nei.nih.gov,Yes,Yes,1,1,2026-08-10T19:20:03,2027-02-25T19:19:03,28715704751,"C=US, O=IdenTrust, OU=HydrantID Trusted Certificate Service, CN=HydrantID Server CA O1"
grpc-argocd.opa-dev.od.nih.gov,No,Yes,1,1,2026-04-28T16:22:32,2026-11-13T16:21:32,26253382252,"C=US, O=IdenTrust, OU=HydrantID Trusted Certificate Service, CN=HydrantID Server CA O1"
grpc-argocd1.opa-tools.od.nih.gov,No,Yes,1,1,2026-05-14T18:20:09,2026-11-29T18:19:09,26444917519,"C=US, O=IdenTrust, OU=HydrantID Trusted Certificate Service, CN=HydrantID Server CA O1"
gsrs.ncats.nih.gov,Yes,Yes,1,1,2026-07-29T20:43:34,2027-02-13T20:42:34,28360233643,"C=US, O=IdenTrust, OU=HydrantID Trusted Certificate Service, CN=HydrantID Server CA O1"
gts-azure-dev.niaid.nih.gov,Yes,Yes,2,1,2026-06-08T00:00:00,2026-12-08T23:59:59,27005942082;27205580190,"C=US, O=DigiCert Inc, OU=www.digicert.com, CN=GeoTrust TLS RSA CA G1"
gts-qa.niaid.nih.gov,No,Yes,1,1,2026-07-01T22:52:23,2027-01-16T22:51:23,27628082370,"C=US, O=IdenTrust, OU=HydrantID Trusted Certificate Service, CN=HydrantID Server CA O1"
gts.niaid.nih.gov,No,Yes,1,1,2026-07-05T12:30:47,2027-01-20T12:29:47,27708504332,"C=US, O=IdenTrust, OU=HydrantID Trusted Certificate Service, CN=HydrantID Server CA O1"
guestsupport.cit.nih.gov,Yes,Yes,1,1,2026-06-16T20:09:06,2027-01-01T20:08:06,27242200911,"C=US, O=IdenTrust, OU=HydrantID Trusted Certificate Service, CN=HydrantID Server CA O1"
gum-azure-dev.niaid.nih.gov,Yes,Yes,2,1,2026-06-16T00:00:00,2026-12-16T23:59:59,27242416129;27328816880,"C=US, O=DigiCert Inc, OU=www.digicert.com, CN=GeoTrust TLS RSA CA G1"
gum-qa.niaid.nih.gov,No,Yes,1,1,2026-07-01T22:52:23,2027-01-16T22:51:23,27628082370,"C=US, O=IdenTrust, OU=HydrantID Trusted Certificate Service, CN=HydrantID Server CA O1"
gum.niaid.nih.gov,No,Yes,1,1,2026-07-05T12:30:47,2027-01-20T12:29:47,27708504332,"C=US, O=IdenTrust, OU=HydrantID Trusted Certificate Service, CN=HydrantID Server CA O1"
h2ogpte-dev.nbscloud.nih.gov,Yes,Yes,2,1,2025-10-09T18:35:26,2026-12-04T14:11:19,21605903184;22201945315,"C=US, O=IdenTrust, OU=HydrantID Trusted Certificate Service, CN=HydrantID Server CA O1"
h2ogpte-prod.nbscloud.nih.gov,Yes,Yes,1,1,2025-11-13T13:58:01,2026-12-13T13:57:01,22440720608,"C=US, O=IdenTrust, OU=HydrantID Trusted Certificate Service, CN=HydrantID Server CA O1"
ha.nci.nih.gov,Yes,Yes,5,2,2026-05-26T00:00:00,2026-12-10T23:59:59,28527898670;26657609780;26657216373;26658034033;28527911184,"C=US, O=Let's Encrypt, CN=YR1;C=US, O=DigiCert Inc, CN=DigiCert Global G2 TLS RSA SHA256 2020 CA1"
handls.nih.gov,Yes,Yes,2,1,2026-01-27T00:00:00,2027-02-27T23:59:59,24019391545;24018365376,"C=US, O=DigiCert Inc, CN=DigiCert Global G2 TLS RSA SHA256 2020 CA1"
hbcu.od.nih.gov,No,Yes,5,2,2026-09-08T09:46:36,2026-12-07T09:49:54,29472041065;29492217048;29492308486;29471784966;29471762541,"C=US, O=Let's Encrypt, CN=YR2;C=US, O=Let's Encrypt, CN=YE1"
hcws.niaid.nih.gov,No,Yes,3,1,2026-03-24T18:28:46,2027-01-27T19:04:12,25197598948;25243922385;27880603846,"C=US, O=IdenTrust, OU=HydrantID Trusted Certificate Service, CN=HydrantID Server CA O1"
hdcog0mgtip05.nichd.nih.gov,Yes,Yes,1,1,2026-05-08T15:08:49,2026-11-23T15:07:49,26392816337,"C=US, O=IdenTrust, OU=HydrantID Trusted Certificate Service, CN=HydrantID Server CA O1"
hdcog0mgtit06.nichd.nih.gov,Yes,Yes,2,1,2026-03-26T15:15:39,2026-10-25T20:27:51,25235691601;25705924024,"C=US, O=IdenTrust, OU=HydrantID Trusted Certificate Service, CN=HydrantID Server CA O1"
hdcsscwebep01.nichd.nih.gov,Yes,Yes,2,1,2025-12-04T18:29:10,2027-01-03T18:28:10,22894361354;26041909238,"C=US, O=IdenTrust, OU=HydrantID Trusted Certificate Service, CN=HydrantID Server CA O1"
hdcsscwebep02.nichd.nih.gov,Yes,Yes,1,1,2026-08-20T20:03:47,2027-03-07T20:02:47,28865872753,"C=US, O=IdenTrust, OU=HydrantID Trusted Certificate Service, CN=HydrantID Server CA O1"
hdcsscwebet01.nichd.nih.gov,Yes,Yes,1,1,2026-05-01T17:50:12,2026-11-16T17:49:12,26281987698,"C=US, O=IdenTrust, OU=HydrantID Trusted Certificate Service, CN=HydrantID Server CA O1"
hdcsscwebet02.nichd.nih.gov,Yes,Yes,1,1,2026-08-20T20:03:28,2027-03-07T20:02:28,28865872787,"C=US, O=IdenTrust, OU=HydrantID Trusted Certificate Service, CN=HydrantID Server CA O1"
hdcsscwebip01.nichd.nih.gov,Yes,Yes,1,1,2026-08-20T20:03:06,2027-03-07T20:02:06,28865869449,"C=US, O=IdenTrust, OU=HydrantID Trusted Certificate Service, CN=HydrantID Server CA O1"
hdcsscwebip02.nichd.nih.gov,Yes,Yes,1,1,2026-08-20T20:03:11,2027-03-07T20:02:11,28865867570,"C=US, O=IdenTrust, OU=HydrantID Trusted Certificate Service, CN=HydrantID Server CA O1"
hdcsscwebit01.nichd.nih.gov,Yes,Yes,1,1,2026-06-17T16:36:21,2027-01-02T16:35:21,27266318189,"C=US, O=IdenTrust, OU=HydrantID Trusted Certificate Service, CN=HydrantID Server CA O1"
hdcsscwebit02.nichd.nih.gov,Yes,Yes,1,1,2026-08-20T20:02:55,2027-03-07T20:01:55,28865867370,"C=US, O=IdenTrust, OU=HydrantID Trusted Certificate Service, CN=HydrantID Server CA O1"
hdctdbappep01.nichd.nih.gov,Yes,Yes,1,1,2025-10-07T15:19:13,2026-11-06T15:18:13,21549974905,"C=US, O=IdenTrust, OU=HydrantID Trusted Certificate Service, CN=HydrantID Server CA O1"
hdctdbappip02.nichd.nih.gov,Yes,Yes,1,1,2026-01-22T15:54:08,2027-02-21T15:53:08,23918819398,"C=US, O=IdenTrust, OU=HydrantID Trusted Certificate Service, CN=HydrantID Server CA O1"
hdctdbappipa01.nichd.nih.gov,Yes,Yes,1,1,2026-04-06T18:26:51,2026-10-22T18:25:51,25572276878,"C=US, O=IdenTrust, OU=HydrantID Trusted Certificate Service, CN=HydrantID Server CA O1"
hdfilemakerip01.nichd.nih.gov,Yes,Yes,1,1,2026-06-18T15:25:06,2027-01-03T15:24:06,27293586202,"C=US, O=IdenTrust, OU=HydrantID Trusted Certificate Service, CN=HydrantID Server CA O1"
hdfprowebip02.nichd.nih.gov,Yes,Yes,1,1,2026-06-05T20:49:38,2026-12-21T20:48:38,26923163382,"C=US, O=IdenTrust, OU=HydrantID Trusted Certificate Service, CN=HydrantID Server CA O1"
hdfreezerpro.nichd.nih.gov,No,Yes,1,1,2026-06-05T20:49:38,2026-12-21T20:48:38,26923163382,"C=US, O=IdenTrust, OU=HydrantID Trusted Certificate Service, CN=HydrantID Server CA O1"
hdpulse.nimhd.nih.gov,Yes,Yes,2,1,2026-07-23T03:07:13,2026-10-21T03:07:12,28171488342;28171488648,"C=US, O=Let's Encrypt, CN=YE2"
hdreesmgtip02.nichd.nih.gov,Yes,Yes,1,1,2025-10-06T16:59:58,2026-11-05T16:58:58,21525378910,"C=US, O=IdenTrust, OU=HydrantID Trusted Certificate Service, CN=HydrantID Server CA O1"
hdsccmcmg01.nichd.nih.gov,Yes,Yes,1,1,2025-12-03T21:44:55,2027-01-02T21:43:55,22891138995,"C=US, O=IdenTrust, OU=HydrantID Trusted Certificate Service, CN=HydrantID Server CA O1"
hdsl1db02.nichd.nih.gov,Yes,Yes,1,1,2026-08-04T16:52:17,2027-02-19T16:51:17,28531399547,"C=US, O=IdenTrust, OU=HydrantID Trusted Certificate Service, CN=HydrantID Server CA O1"
heal.nih.gov,Yes,Yes,1,1,2026-01-27T17:55:13,2027-02-26T17:54:13,24016696385,"C=US, O=IdenTrust, OU=HydrantID Trusted Certificate Service, CN=HydrantID Server CA O1"
health.nih.gov,Yes,Yes,3,2,2026-02-05T15:04:58,2027-02-15T15:47:15,24204343221;26312855236;24825540855,"C=US, O=IdenTrust, OU=HydrantID Trusted Certificate Service, CN=HydrantID Server CA O1;C=US, ST=Arizona, L=Scottsdale, O=""GoDaddy.com, Inc."", OU=http://certs.godaddy.com/repository/, CN=Go Daddy Secure Certificate Authority - G2"
healthabc.nia.nih.gov,Yes,Yes,2,1,2026-06-03T00:00:00,2026-12-17T23:59:59,26846751066;26846210628,"C=US, O=Amazon, CN=Amazon RSA 2048 M04"
healthyeating.nhlbi.nih.gov,Yes,Yes,3,1,2025-10-16T02:48:19,2027-02-14T19:57:00,21750495185;21750433171;23788492224,"C=US, O=IdenTrust, OU=HydrantID Trusted Certificate Service, CN=HydrantID Server CA O1"
healthyweight.nhlbi.nih.gov,No,Yes,1,1,2026-06-12T17:23:42,2026-12-28T17:22:42,27128788628,"C=US, O=IdenTrust, OU=HydrantID Trusted Certificate Service, CN=HydrantID Server CA O1"
hedwig.niaid.nih.gov,Yes,Yes,1,1,2025-09-24T14:12:22,2026-10-24T14:11:22,21247773093,"C=US, O=IdenTrust, OU=HydrantID Trusted Certificate Service, CN=HydrantID Server CA O1"
hedwigfiles.niaid.nih.gov,Yes,Yes,1,1,2025-09-19T19:12:43,2026-10-19T19:11:43,21138431109,"C=US, O=IdenTrust, OU=HydrantID Trusted Certificate Service, CN=HydrantID Server CA O1"
helix.od.nih.gov,Yes,Yes,1,1,2025-10-16T18:47:50,2026-11-15T18:46:50,21766258182,"C=US, O=IdenTrust, OU=HydrantID Trusted Certificate Service, CN=HydrantID Server CA O1"
helixweb.nih.gov,No,Yes,1,1,2026-08-03T14:37:29,2027-02-18T14:36:29,28495474393,"C=US, O=IdenTrust, OU=HydrantID Trusted Certificate Service, CN=HydrantID Server CA O1"
help.lobos.nih.gov,Yes,Yes,4,1,2025-09-16T19:19:55,2027-01-15T18:54:30,27538036655;27599549494;21064612236;21064334463,"C=US, O=IdenTrust, OU=HydrantID Trusted Certificate Service, CN=HydrantID Server CA O1"
hen07.niaid.nih.gov,No,Yes,1,1,2026-03-24T18:25:16,2026-10-09T18:24:16,25197553450,"C=US, O=IdenTrust, OU=HydrantID Trusted Certificate Service, CN=HydrantID Server CA O1"
heo.nih.gov,Yes,Yes,1,1,2025-12-15T15:16:15,2027-01-14T15:15:15,23136105569,"C=US, O=IdenTrust, OU=HydrantID Trusted Certificate Service, CN=HydrantID Server CA O1"
hescregapp.od.nih.gov,Yes,Yes,9,4,2026-07-08T17:56:36,2027-01-23T17:55:36,28941136604;28973685014;27787272974;28973685341;28941134294;29110193841;29109638707;29110194082;28941134711,"C=US, O=IdenTrust, OU=HydrantID Trusted Certificate Service, CN=HydrantID Server CA O1;C=US, O=Let's Encrypt, CN=YR1;C=US, O=Let's Encrypt, CN=YE2;C=US, O=Let's Encrypt, CN=YE1"
hg-jamf-p01.nhgri.nih.gov,No,Yes,1,1,2026-02-27T21:08:14,2027-03-29T21:07:14,24684008144,"C=US, O=IdenTrust, OU=HydrantID Trusted Certificate Service, CN=HydrantID Server CA O1"
hg-jamf-pd01.nhgri.nih.gov,No,Yes,1,1,2026-02-27T21:08:14,2027-03-29T21:07:14,24684008144,"C=US, O=IdenTrust, OU=HydrantID Trusted Certificate Service, CN=HydrantID Server CA O1"
hgrepo-vip.niaid.nih.gov,No,Yes,1,1,2026-03-31T20:03:57,2026-10-16T20:02:57,25302791562,"C=US, O=IdenTrust, OU=HydrantID Trusted Certificate Service, CN=HydrantID Server CA O1"
hgrepo.niaid.nih.gov,Yes,Yes,1,1,2026-03-31T20:03:57,2026-10-16T20:02:57,25302791562,"C=US, O=IdenTrust, OU=HydrantID Trusted Certificate Service, CN=HydrantID Server CA O1"
highriskcountries.nih.gov,Yes,Yes,1,1,2026-05-26T00:00:00,2026-12-09T23:59:59,26648650992,"C=US, O=Amazon, CN=Amazon RSA 2048 M04"
hin.nhlbi.nih.gov,No,Yes,1,1,2026-06-12T17:23:42,2026-12-28T17:22:42,27128788628,"C=US, O=IdenTrust, OU=HydrantID Trusted Certificate Service, CN=HydrantID Server CA O1"
history.nih.gov,Yes,Yes,2,2,2026-07-17T00:00:00,2027-01-30T23:59:59,28007949935;29548981748,"C=US, O=Amazon, CN=Amazon RSA 2048 M01;C=US, O=Let's Encrypt, CN=YE1"
hivinfo.nih.gov,Yes,Yes,1,1,2026-05-12T18:44:10,2026-11-27T18:43:10,26425408041,"C=US, O=IdenTrust, OU=HydrantID Trusted Certificate Service, CN=HydrantID Server CA O1"
home.masdev.apps.masnp.nci.nih.gov,No,Yes,1,1,2026-09-08T18:43:52,2026-12-07T18:43:51,29512323047,"C=US, O=Let's Encrypt, CN=YR1"
home.mastest.apps.masnp.nci.nih.gov,No,Yes,1,1,2026-09-08T18:43:52,2026-12-07T18:43:51,29512323047,"C=US, O=Let's Encrypt, CN=YR1"
hpc.nih.gov,Yes,Yes,1,1,2026-08-03T14:37:29,2027-02-18T14:36:29,28495474393,"C=US, O=IdenTrust, OU=HydrantID Trusted Certificate Service, CN=HydrantID Server CA O1"
hpcwebapps.cit.nih.gov,No,Yes,1,1,2026-08-03T14:37:29,2027-02-18T14:36:29,28495474393,"C=US, O=IdenTrust, OU=HydrantID Trusted Certificate Service, CN=HydrantID Server CA O1"
hpilo-01.nlm.nih.gov,Yes,Yes,1,1,2026-08-21T00:00:00,2027-03-07T23:59:59,28886815262,"C=US, O=DigiCert Inc, CN=DigiCert Global G2 TLS RSA SHA256 2020 CA1"
hr-ramps.nih.gov,No,Yes,1,1,2026-05-07T13:46:01,2026-11-22T13:45:01,26383191444,"C=US, O=IdenTrust, OU=HydrantID Trusted Certificate Service, CN=HydrantID Server CA O1"
hr.nih.gov,Yes,Yes,10,5,2025-12-15T10:49:40,2027-02-19T19:28:45,23886108182;28295442956;28295218273;28295216855;23131925963;28295223189;28295209752;28295424360;28295450809;28295430557,"C=US, O=IdenTrust, OU=HydrantID Trusted Certificate Service, CN=HydrantID Server CA O1;C=US, O=Let's Encrypt, CN=YR1;C=US, ST=Arizona, L=Scottsdale, O=""GoDaddy.com, Inc."", OU=http://certs.godaddy.com/repository/, CN=Go Daddy Secure Certificate Authority - G2;C=US, O=Let's Encrypt, CN=YE2;C=US, O=Let's Encrypt, CN=YE1"
hr.od.nih.gov,Yes,Yes,9,3,2025-12-15T10:49:40,2026-12-15T10:49:40,28186944336;28187199404;23131925963;28187200026;28187214759;28186944041;28186941201;28187215534;28186932116,"C=US, O=Let's Encrypt, CN=YR1;C=US, ST=Arizona, L=Scottsdale, O=""GoDaddy.com, Inc."", OU=http://certs.godaddy.com/repository/, CN=Go Daddy Secure Certificate Authority - G2;C=US, O=Let's Encrypt, CN=YE1"
hub.nih.gov,No,Yes,4,2,2026-08-21T00:00:00,2027-03-07T23:59:59,29081085666;28895560682;29057993610;28895565832,"C=GB, O=Sectigo Limited, CN=Sectigo Public Server Authentication CA DV R36;C=CA, O=Entrust Limited, CN=Entrust OV TLS Issuing RSA CA 2"
hybrid.nih.gov,No,Yes,2,1,2026-03-30T00:00:00,2026-10-14T23:59:59,25280238648;25280238801,"C=CA, O=Entrust Limited, CN=Entrust OV TLS Issuing RSA CA 2"
hybrid.nihdev.cit.nih.gov,No,Yes,2,1,2025-12-19T00:00:00,2027-01-19T23:59:59,23218165891;23218188655,"C=CA, O=Entrust Limited, CN=Entrust OV TLS Issuing RSA CA 2"
hylandext.cc.nih.gov,Yes,Yes,1,1,2026-04-03T00:00:00,2026-10-18T23:59:59,25371020855,"C=US, O=DigiCert Inc, CN=DigiCert Global G2 TLS RSA SHA256 2020 CA1"
i-bpm19qa1.niaid.nih.gov,No,Yes,1,1,2025-10-02T16:38:22,2026-11-01T16:37:22,21423057584,"C=US, O=IdenTrust, OU=HydrantID Trusted Certificate Service, CN=HydrantID Server CA O1"
i.irp.nih.gov,Yes,Yes,1,1,2026-01-07T15:36:04,2027-02-06T15:35:04,23611598506,"C=US, O=IdenTrust, OU=HydrantID Trusted Certificate Service, CN=HydrantID Server CA O1"
i2ews.nci.nih.gov,Yes,Yes,2,1,2026-08-03T00:00:00,2027-02-17T23:59:59,28498009430;28499041741,"C=US, O=DigiCert Inc, CN=DigiCert Global G2 TLS RSA SHA256 2020 CA1"
iPad.secure.nci.nih.gov,No,Yes,2,1,2026-07-03T00:00:00,2027-02-14T23:59:59,28419113748;27656613288,"C=US, O=DigiCert Inc, CN=DigiCert Global G2 TLS RSA SHA256 2020 CA1"
iPhone.secure.nci.nih.gov,No,Yes,2,1,2026-07-03T00:00:00,2027-02-14T23:59:59,28419113748;27656613288,"C=US, O=DigiCert Inc, CN=DigiCert Global G2 TLS RSA SHA256 2020 CA1"
iadrp.nia.nih.gov,Yes,Yes,2,1,2026-06-03T00:00:00,2026-12-17T23:59:59,26965554907;26845015811,"C=US, O=Amazon, CN=Amazon RSA 2048 M01"
iapps-ctep.ha.nih.gov,Yes,Yes,1,1,2026-04-17T18:00:22,2026-11-02T17:59:22,25966752993,"C=US, O=IdenTrust, OU=HydrantID Trusted Certificate Service, CN=HydrantID Server CA O1"
iapps-ctep.nci.nih.gov,Yes,Yes,1,1,2026-01-08T16:20:20,2027-02-07T16:19:20,23635859639,"C=US, O=IdenTrust, OU=HydrantID Trusted Certificate Service, CN=HydrantID Server CA O1"
iappsbeta-ctep.ha.nih.gov,Yes,Yes,1,1,2026-04-17T18:01:49,2026-11-02T18:00:49,25966796868,"C=US, O=IdenTrust, OU=HydrantID Trusted Certificate Service, CN=HydrantID Server CA O1"
iappsbeta-ctep.nci.nih.gov,Yes,Yes,1,1,2025-12-15T15:32:26,2027-01-14T15:31:26,23136345320,"C=US, O=IdenTrust, OU=HydrantID Trusted Certificate Service, CN=HydrantID Server CA O1"
ibc-rms.od.nih.gov,No,Yes,9,4,2025-10-30T20:15:03,2026-11-29T20:14:03,28762440164;28761848871;28762445028;28761840189;28762438142;22108427581;28761844568;28761851986;28762447507,"C=US, O=Let's Encrypt, CN=YE2;C=US, O=IdenTrust, OU=HydrantID Trusted Certificate Service, CN=HydrantID Server CA O1;C=US, O=Let's Encrypt, CN=YR2;C=US, O=Let's Encrypt, CN=YE1"
ice.ntp.niehs.nih.gov,Yes,Yes,2,1,2026-08-25T19:00:32,2026-11-23T19:00:31,29075306051;29173588116,"C=US, O=Let's Encrypt, CN=YR1"
icite.od.nih.gov,No,Yes,4,1,2025-09-19T15:53:31,2027-03-07T16:48:29,21135222673;28715696537;28715676118;28864586149,"C=US, O=IdenTrust, OU=HydrantID Trusted Certificate Service, CN=HydrantID Server CA O1"
icite.opa-dev.od.nih.gov,No,Yes,1,1,2026-04-28T16:22:32,2026-11-13T16:21:32,26253382252,"C=US, O=IdenTrust, OU=HydrantID Trusted Certificate Service, CN=HydrantID Server CA O1"
icite.opa-tools.od.nih.gov,No,Yes,1,1,2026-05-14T18:20:09,2026-11-29T18:19:09,26444917519,"C=US, O=IdenTrust, OU=HydrantID Trusted Certificate Service, CN=HydrantID Server CA O1"
icmr.nhlbi.nih.gov,No,Yes,4,2,2026-07-19T13:35:18,2026-12-16T20:14:52,29533403077;29537364063;28066322782;28066323352,"C=US, O=Let's Encrypt, CN=YR1;C=US, O=Let's Encrypt, CN=YR2"
icode.opa-dev.od.nih.gov,No,Yes,1,1,2026-04-28T16:22:32,2026-11-13T16:21:32,26253382252,"C=US, O=IdenTrust, OU=HydrantID Trusted Certificate Service, CN=HydrantID Server CA O1"
icode.opa-tools.od.nih.gov,No,Yes,2,1,2026-05-14T18:20:09,2027-03-07T16:48:29,26444917519;28864586149,"C=US, O=IdenTrust, OU=HydrantID Trusted Certificate Service, CN=HydrantID Server CA O1"
idms.cc.nih.gov,Yes,Yes,1,1,2026-07-14T00:00:00,2027-01-28T23:59:59,27935782600,"C=US, O=DigiCert Inc, CN=DigiCert Global G2 TLS RSA SHA256 2020 CA1"
idp-dev.nih.gov,Yes,Yes,1,1,2026-05-20T17:55:02,2026-12-05T17:54:02,26512542364,"C=US, O=IdenTrust, OU=HydrantID Trusted Certificate Service, CN=HydrantID Server CA O1"
idp-stage.nih.gov,Yes,Yes,1,1,2025-12-08T15:50:44,2027-01-07T15:49:44,22982393434,"C=US, O=IdenTrust, OU=HydrantID Trusted Certificate Service, CN=HydrantID Server CA O1"
idp-test.nih.gov,Yes,Yes,1,1,2026-05-20T17:56:36,2026-12-05T17:55:36,26512558681,"C=US, O=IdenTrust, OU=HydrantID Trusted Certificate Service, CN=HydrantID Server CA O1"
idp.nih.gov,Yes,Yes,1,1,2026-02-10T14:39:15,2027-03-12T14:38:15,24311688937,"C=US, O=IdenTrust, OU=HydrantID Trusted Certificate Service, CN=HydrantID Server CA O1"
ids.nhlbi.nih.gov,Yes,Yes,3,1,2025-10-16T02:34:05,2027-02-13T21:43:07,21750255286;21750199454;23769969360,"C=US, O=IdenTrust, OU=HydrantID Trusted Certificate Service, CN=HydrantID Server CA O1"
iiuserv.niaid.nih.gov,Yes,Yes,1,1,2026-01-08T19:00:18,2027-02-07T18:59:18,23638493634,"C=US, O=IdenTrust, OU=HydrantID Trusted Certificate Service, CN=HydrantID Server CA O1"
imacs.niehs.nih.gov,Yes,Yes,5,2,2025-11-07T00:00:00,2026-11-24T09:23:36,29085329173;29188860827;29546619966;22281348868;29261268531,"C=US, O=DigiCert Inc, CN=DigiCert Global G2 TLS RSA SHA256 2020 CA1;C=US, O=Let's Encrypt, CN=YR2"
image.connect.niams.nih.gov,Yes,Yes,4,2,2025-12-10T00:00:00,2027-02-05T23:59:59,23020697756;23022622195;23611643273;23612149426,"C=US, O=DigiCert Inc, CN=DigiCert Global G2 TLS RSA SHA256 2020 CA1;C=US, O=Amazon, CN=Amazon ECDSA 256 M01"
image.solutions.nitaac.nih.gov,No,Yes,2,1,2026-01-21T00:00:00,2027-02-21T23:59:59,23894495499;24013782981,"C=US, O=DigiCert Inc, CN=DigiCert Global G2 TLS RSA SHA256 2020 CA1"
imagej.nih.gov,Yes,Yes,1,1,2026-05-22T14:52:38,2026-12-07T14:51:38,26552320473,"C=US, O=IdenTrust, OU=HydrantID Trusted Certificate Service, CN=HydrantID Server CA O1"
images.nigms.nih.gov,Yes,Yes,1,1,2025-10-24T15:25:11,2026-11-23T15:24:11,21972672731,"C=US, O=IdenTrust, OU=HydrantID Trusted Certificate Service, CN=HydrantID Server CA O1"
imagwiki.nibib.nih.gov,Yes,Yes,1,1,2025-09-30T20:27:14,2026-10-30T20:26:14,21381645961,"C=US, O=IdenTrust, OU=HydrantID Trusted Certificate Service, CN=HydrantID Server CA O1"
imeel.ninds.nih.gov,Yes,Yes,1,1,2026-01-27T13:59:59,2027-02-26T13:58:59,24012900382,"C=US, O=IdenTrust, OU=HydrantID Trusted Certificate Service, CN=HydrantID Server CA O1"
immpasperaprod-vip.niaid.nih.gov,No,Yes,1,1,2026-07-13T18:46:07,2027-01-28T18:45:07,27905691489,"C=US, O=IdenTrust, OU=HydrantID Trusted Certificate Service, CN=HydrantID Server CA O1"
immpdatasubprod-vip.niaid.nih.gov,No,Yes,1,1,2026-07-13T17:49:54,2027-01-28T17:48:54,27904676839,"C=US, O=IdenTrust, OU=HydrantID Trusted Certificate Service, CN=HydrantID Server CA O1"
immpdatauplprod-vip.niaid.nih.gov,No,Yes,1,1,2026-07-13T17:51:42,2027-01-28T17:50:42,27904720029,"C=US, O=IdenTrust, OU=HydrantID Trusted Certificate Service, CN=HydrantID Server CA O1"
immport-data-manager.niaid.nih.gov,Yes,Yes,2,1,2026-03-26T19:25:12,2026-10-12T21:57:44,25239201090;25261199661,"C=US, O=IdenTrust, OU=HydrantID Trusted Certificate Service, CN=HydrantID Server CA O1"
immport-data-upload-qa.niaid.nih.gov,Yes,Yes,1,1,2026-06-26T19:55:35,2027-01-11T19:54:35,27507386308,"C=US, O=IdenTrust, OU=HydrantID Trusted Certificate Service, CN=HydrantID Server CA O1"
immport-submission-qa.niaid.nih.gov,Yes,Yes,2,1,2026-06-26T19:51:48,2027-01-15T19:48:56,27507323285;27600510129,"C=US, O=IdenTrust, OU=HydrantID Trusted Certificate Service, CN=HydrantID Server CA O1"
immport-submission.niaid.nih.gov,Yes,Yes,3,1,2026-03-26T19:35:57,2027-01-28T17:48:54,25239338097;27904676839;25261207793,"C=US, O=IdenTrust, OU=HydrantID Trusted Certificate Service, CN=HydrantID Server CA O1"
immport-upload.niaid.nih.gov,Yes,Yes,3,1,2026-03-26T19:41:38,2027-01-28T17:50:42,27904720029;25239407756;25261234326,"C=US, O=IdenTrust, OU=HydrantID Trusted Certificate Service, CN=HydrantID Server CA O1"
immport-user-admin-qa.niaid.nih.gov,Yes,Yes,2,1,2026-06-26T19:50:26,2027-01-15T20:55:09,27507305632;27601627968,"C=US, O=IdenTrust, OU=HydrantID Trusted Certificate Service, CN=HydrantID Server CA O1"
immport-user-admin.niaid.nih.gov,Yes,Yes,2,1,2026-03-27T22:05:17,2027-01-28T17:52:04,27904739822;25261274673,"C=US, O=IdenTrust, OU=HydrantID Trusted Certificate Service, CN=HydrantID Server CA O1"
immport.niaid.nih.gov,No,Yes,2,1,2026-03-26T19:25:12,2026-10-12T21:57:44,25239201090;25261199661,"C=US, O=IdenTrust, OU=HydrantID Trusted Certificate Service, CN=HydrantID Server CA O1"
immport2-vip.niaid.nih.gov,No,Yes,2,1,2026-03-26T19:25:12,2026-10-12T21:57:44,25239201090;25261199661,"C=US, O=IdenTrust, OU=HydrantID Trusted Certificate Service, CN=HydrantID Server CA O1"
immpusradmprod-vip.niaid.nih.gov,No,Yes,1,1,2026-07-13T17:53:04,2027-01-28T17:52:04,27904739822,"C=US, O=IdenTrust, OU=HydrantID Trusted Certificate Service, CN=HydrantID Server CA O1"
imp.nih.gov,Yes,Yes,1,1,2026-04-24T19:25:00,2026-11-08T19:25:00,25782906702,"C=US, ST=Arizona, L=Scottsdale, O=""GoDaddy.com, Inc."", OU=http://certs.godaddy.com/repository/, CN=Go Daddy Secure Certificate Authority - G2"
imputation.biodatacatalyst.nhlbi.nih.gov,Yes,Yes,2,1,2026-02-05T00:00:00,2027-03-06T23:59:59,24193698460;24192688833,"C=US, O=Amazon, CN=Amazon RSA 2048 M01"
indexcat.nlm.nih.gov,Yes,Yes,1,1,2026-07-08T00:00:00,2027-01-22T23:59:59,27787241041,"C=US, O=DigiCert Inc, CN=DigiCert Global G2 TLS RSA SHA256 2020 CA1"
infocenter.nimh.nih.gov,Yes,Yes,1,1,2025-12-19T19:18:30,2027-01-18T19:17:30,23221230518,"C=US, O=IdenTrust, OU=HydrantID Trusted Certificate Service, CN=HydrantID Server CA O1"
infocus.nlm.nih.gov,No,Yes,1,1,2026-08-28T09:35:16,2026-11-26T09:35:15,29504566982,"C=US, O=Let's Encrypt, CN=YE2"
infoquality-test.osp.od.nih.gov,Yes,Yes,1,1,2025-11-03T14:57:56,2026-12-03T14:56:56,22181078867,"C=US, O=IdenTrust, OU=HydrantID Trusted Certificate Service, CN=HydrantID Server CA O1"
infoquality.osp.od.nih.gov,Yes,Yes,1,1,2026-08-07T20:36:05,2027-02-22T20:35:05,28629699216,"C=US, O=IdenTrust, OU=HydrantID Trusted Certificate Service, CN=HydrantID Server CA O1"
inside.cloud.nih.gov,Yes,Yes,1,1,2026-07-18T00:00:00,2027-01-17T23:59:59,28030595254,"C=US, O=DigiCert Inc, OU=www.digicert.com, CN=GeoTrust TLS RSA CA G1"
inside.csr.nih.gov,Yes,Yes,1,1,2026-07-22T20:22:57,2027-02-06T20:21:57,28162275556,"C=US, O=IdenTrust, OU=HydrantID Trusted Certificate Service, CN=HydrantID Server CA O1"
insider.cit.nih.gov,Yes,Yes,1,1,2026-03-25T20:23:48,2026-10-10T20:22:48,25219285808,"C=US, O=IdenTrust, OU=HydrantID Trusted Certificate Service, CN=HydrantID Server CA O1"
insider.csr.nih.gov,No,Yes,1,1,2026-07-22T20:22:57,2027-02-06T20:21:57,28162275556,"C=US, O=IdenTrust, OU=HydrantID Trusted Certificate Service, CN=HydrantID Server CA O1"
insidesearch.grants.nih.gov,Yes,Yes,1,1,2025-12-15T15:14:02,2027-01-14T15:13:02,23136070393,"C=US, O=IdenTrust, OU=HydrantID Trusted Certificate Service, CN=HydrantID Server CA O1"
intenttopay.ninds.nih.gov,Yes,Yes,1,1,2026-01-07T15:15:05,2027-02-06T15:14:05,23611299905,"C=US, O=IdenTrust, OU=HydrantID Trusted Certificate Service, CN=HydrantID Server CA O1"
internal.csr.nih.gov,Yes,Yes,1,1,2026-08-03T14:38:05,2027-02-18T14:37:05,28495512260,"C=US, O=IdenTrust, OU=HydrantID Trusted Certificate Service, CN=HydrantID Server CA O1"
internal.postdoc.niaid.nih.gov,No,Yes,2,1,2026-04-14T00:00:00,2026-10-28T23:59:59,25520703210;25847519817,"C=US, O=Amazon, CN=Amazon RSA 2048 M01"
internet-prod.nhlbi.nih.gov,No,Yes,1,1,2026-06-12T17:23:42,2026-12-28T17:22:42,27128788628,"C=US, O=IdenTrust, OU=HydrantID Trusted Certificate Service, CN=HydrantID Server CA O1"
intrahr.od.nih.gov,Yes,Yes,3,2,2025-12-15T10:49:40,2026-12-15T10:49:40,23131925963;28401749105;28401741712,"C=US, ST=Arizona, L=Scottsdale, O=""GoDaddy.com, Inc."", OU=http://certs.godaddy.com/repository/, CN=Go Daddy Secure Certificate Authority - G2;C=US, O=Let's Encrypt, CN=YE1"
intramural.nih.gov,Yes,Yes,1,1,2026-05-14T18:23:19,2026-11-29T18:22:19,26444935969,"C=US, O=IdenTrust, OU=HydrantID Trusted Certificate Service, CN=HydrantID Server CA O1"
intranet.cit.nih.gov,Yes,Yes,1,1,2026-01-05T15:35:40,2027-02-04T15:34:40,23568823964,"C=US, O=IdenTrust, OU=HydrantID Trusted Certificate Service, CN=HydrantID Server CA O1"
intranet.csr.nih.gov,Yes,Yes,1,1,2026-04-24T19:30:28,2026-11-09T19:29:28,26162301055,"C=US, O=IdenTrust, OU=HydrantID Trusted Certificate Service, CN=HydrantID Server CA O1"
intranet.fic.nih.gov,Yes,Yes,1,1,2026-05-26T19:57:47,2026-12-11T19:56:47,26662927405,"C=US, O=IdenTrust, OU=HydrantID Trusted Certificate Service, CN=HydrantID Server CA O1"
intranet.ncats.nih.gov,Yes,Yes,1,1,2026-04-02T18:26:58,2026-10-18T18:25:58,25367286371,"C=US, O=IdenTrust, OU=HydrantID Trusted Certificate Service, CN=HydrantID Server CA O1"
intranet.nccih.nih.gov,No,Yes,4,3,2026-07-28T00:00:00,2027-02-11T23:59:59,28324557177;28323340714;28323487869;28323488739,"C=US, O=DigiCert Inc, CN=DigiCert Global G2 TLS RSA SHA256 2020 CA1;C=US, O=Amazon, CN=Amazon RSA 2048 M04;C=US, O=Amazon, CN=Amazon RSA 2048 M01"
intranet.nihlibrary.nih.gov,Yes,Yes,1,1,2026-05-12T20:24:59,2026-11-27T20:23:59,26426075133,"C=US, O=IdenTrust, OU=HydrantID Trusted Certificate Service, CN=HydrantID Server CA O1"
intranet.ninds.nih.gov,Yes,Yes,1,1,2026-07-26T00:00:00,2027-02-08T23:59:59,28260866883,"C=US, O=Amazon, CN=Amazon RSA 2048 M01"
intranet2.nmrf.nih.gov,Yes,Yes,1,1,2025-10-02T14:53:40,2026-11-01T14:52:40,21421341936,"C=US, O=IdenTrust, OU=HydrantID Trusted Certificate Service, CN=HydrantID Server CA O1"
inventions.nih.gov,Yes,Yes,1,1,2025-11-20T15:39:32,2026-12-20T15:38:32,22620727430,"C=US, O=IdenTrust, OU=HydrantID Trusted Certificate Service, CN=HydrantID Server CA O1"
irad.nih.gov,Yes,Yes,1,1,2026-08-07T20:35:57,2027-02-22T20:34:57,28629699520,"C=US, O=IdenTrust, OU=HydrantID Trusted Certificate Service, CN=HydrantID Server CA O1"
irb-test.ha.nih.gov,No,Yes,1,1,2026-07-08T11:13:00,2027-01-23T11:12:00,27780224585,"C=US, O=IdenTrust, OU=HydrantID Trusted Certificate Service, CN=HydrantID Server CA O1"
irb-test.nih.gov,Yes,Yes,1,1,2026-07-08T11:13:00,2027-01-23T11:12:00,27780224585,"C=US, O=IdenTrust, OU=HydrantID Trusted Certificate Service, CN=HydrantID Server CA O1"
irbo.cc.nih.gov,No,Yes,1,1,2026-04-15T00:00:00,2026-10-30T23:59:59,25554024669,"C=US, O=DigiCert Inc, CN=DigiCert Global G2 TLS RSA SHA256 2020 CA1"
irbo.nih.gov,Yes,Yes,2,2,2025-09-19T15:46:22,2026-10-30T23:59:59,21135104973;25554024669,"C=US, O=DigiCert Inc, CN=DigiCert Global G2 TLS RSA SHA256 2020 CA1;C=US, O=IdenTrust, OU=HydrantID Trusted Certificate Service, CN=HydrantID Server CA O1"
irbschedule.cc.nih.gov,Yes,Yes,1,1,2026-05-14T18:21:14,2026-11-29T18:20:14,26444918814,"C=US, O=IdenTrust, OU=HydrantID Trusted Certificate Service, CN=HydrantID Server CA O1"
irdsa.niddk.nih.gov,Yes,Yes,1,1,2026-02-25T21:28:58,2027-03-27T21:27:58,24644742040,"C=US, O=IdenTrust, OU=HydrantID Trusted Certificate Service, CN=HydrantID Server CA O1"
irdsadev.niddk.nih.gov,Yes,Yes,1,1,2026-02-25T21:29:20,2027-03-27T21:28:20,24644743903,"C=US, O=IdenTrust, OU=HydrantID Trusted Certificate Service, CN=HydrantID Server CA O1"
irep.nci.nih.gov,No,Yes,4,1,2026-07-22T15:10:40,2026-10-20T15:15:15,28157081512;28157188395;28157074943;28157198349,"C=US, O=Let's Encrypt, CN=YE2"
ireport.nih.gov,Yes,Yes,1,1,2026-03-31T14:17:28,2026-10-16T14:16:28,25297139470,"C=US, O=IdenTrust, OU=HydrantID Trusted Certificate Service, CN=HydrantID Server CA O1"
irp-positions.nih.gov,No,Yes,1,1,2026-07-30T15:20:49,2027-02-14T15:19:49,28382643329,"C=US, O=IdenTrust, OU=HydrantID Trusted Certificate Service, CN=HydrantID Server CA O1"
irp-staging.nih.gov,Yes,Yes,1,1,2025-12-09T16:16:48,2027-01-08T16:15:48,23006360265,"C=US, O=IdenTrust, OU=HydrantID Trusted Certificate Service, CN=HydrantID Server CA O1"
irp.nia.nih.gov,Yes,Yes,1,1,2026-01-29T00:00:00,2027-03-01T23:59:59,24064027242,"C=US, O=DigiCert Inc, CN=DigiCert Global G2 TLS RSA SHA256 2020 CA1"
irp.nih.gov,Yes,Yes,1,1,2025-09-22T21:18:34,2026-10-22T21:17:34,21207805070,"C=US, O=IdenTrust, OU=HydrantID Trusted Certificate Service, CN=HydrantID Server CA O1"
irtsectraining.nih.gov,Yes,Yes,1,1,2025-12-15T15:27:28,2027-01-14T15:26:28,23136266573,"C=US, O=IdenTrust, OU=HydrantID Trusted Certificate Service, CN=HydrantID Server CA O1"
isaocofmobapp1.nih.gov,Yes,Yes,1,1,2026-01-07T15:55:20,2027-02-06T15:54:20,23611869888,"C=US, O=IdenTrust, OU=HydrantID Trusted Certificate Service, CN=HydrantID Server CA O1"
isdp.nih.gov,Yes,Yes,1,1,2026-06-29T19:56:24,2027-01-14T19:55:24,27575975265,"C=US, O=IdenTrust, OU=HydrantID Trusted Certificate Service, CN=HydrantID Server CA O1"
isdp2.nih.gov,Yes,Yes,1,1,2025-11-03T15:05:54,2026-12-03T15:04:54,22181180877,"C=US, O=IdenTrust, OU=HydrantID Trusted Certificate Service, CN=HydrantID Server CA O1"
isearch.opa-dev-traefik.od.nih.gov,Yes,Yes,1,1,2026-04-06T18:29:24,2026-10-22T18:28:24,25572363849,"C=US, O=IdenTrust, OU=HydrantID Trusted Certificate Service, CN=HydrantID Server CA O1"
isearch.opa-dev.od.nih.gov,No,Yes,1,1,2026-04-28T16:22:32,2026-11-13T16:21:32,26253382252,"C=US, O=IdenTrust, OU=HydrantID Trusted Certificate Service, CN=HydrantID Server CA O1"
isearch.opa-itools-traefik.od.nih.gov,Yes,Yes,1,1,2026-02-26T17:21:44,2027-03-28T17:20:44,24660471480,"C=US, O=IdenTrust, OU=HydrantID Trusted Certificate Service, CN=HydrantID Server CA O1"
isearch.opa-itools.od.nih.gov,Yes,Yes,3,1,2025-10-16T16:08:53,2026-11-15T16:07:53,21763591559;25928962646;25259626214,"C=US, O=IdenTrust, OU=HydrantID Trusted Certificate Service, CN=HydrantID Server CA O1"
isearch.opa-tools.od.nih.gov,No,Yes,4,1,2026-05-14T18:20:09,2027-03-07T16:48:29,26444917519;28715696537;28715676118;28864586149,"C=US, O=IdenTrust, OU=HydrantID Trusted Certificate Service, CN=HydrantID Server CA O1"
isee.nei.nih.gov,Yes,Yes,1,1,2025-09-22T21:16:01,2026-10-22T21:15:01,21207772491,"C=US, O=IdenTrust, OU=HydrantID Trusted Certificate Service, CN=HydrantID Server CA O1"
ispacs.cc.nih.gov,Yes,Yes,1,1,2026-08-12T00:00:00,2027-02-26T23:59:59,28771413841,"C=US, O=DigiCert Inc, CN=DigiCert Global G2 TLS RSA SHA256 2020 CA1"
it.lesl.cloud,Yes,No,2,1,2026-08-08T05:22:54,2026-11-06T05:22:53,28640906160;28640908258,"C=US, O=Let's Encrypt, CN=YR1"
itas-staging.cit.nih.gov,Yes,Yes,1,1,2026-07-30T15:21:10,2027-02-14T15:20:10,28382643015,"C=US, O=IdenTrust, OU=HydrantID Trusted Certificate Service, CN=HydrantID Server CA O1"
itas.nih.gov,Yes,Yes,1,1,2026-07-29T14:46:59,2027-02-13T14:45:59,28352904717,"C=US, O=IdenTrust, OU=HydrantID Trusted Certificate Service, CN=HydrantID Server CA O1"
itas.reports.nih.gov,Yes,Yes,1,1,2026-06-12T19:25:35,2026-12-28T19:24:35,27131482039,"C=US, O=IdenTrust, OU=HydrantID Trusted Certificate Service, CN=HydrantID Server CA O1"
itasng.cit.nih.gov,Yes,Yes,1,1,2025-10-27T13:43:47,2026-11-26T13:42:47,22040731738,"C=US, O=IdenTrust, OU=HydrantID Trusted Certificate Service, CN=HydrantID Server CA O1"
itbrepo02.nhgri.nih.gov,Yes,Yes,1,1,2026-07-08T11:15:37,2027-01-23T11:14:37,27780265368,"C=US, O=IdenTrust, OU=HydrantID Trusted Certificate Service, CN=HydrantID Server CA O1"
itbtest.nci.nih.gov,No,Yes,1,1,2026-04-03T00:00:00,2026-10-18T23:59:59,25369535294,"C=US, O=DigiCert Inc, CN=DigiCert Global G2 TLS RSA SHA256 2020 CA1"
itbweb.nhgri.nih.gov,No,Yes,1,1,2025-10-15T00:00:00,2026-11-13T23:59:59,21740629482,"C=US, O=Amazon, CN=Amazon RSA 2048 M01"
itbwebmw02.nhgri.nih.gov,Yes,Yes,2,1,2025-12-07T00:00:00,2027-01-05T23:59:59,22949631716;22950435998,"C=US, O=Amazon, CN=Amazon RSA 2048 M01"
itbwebmw02a.nhgri.nih.gov,No,Yes,2,1,2025-12-07T00:00:00,2027-01-05T23:59:59,22949631716;22950435998,"C=US, O=Amazon, CN=Amazon RSA 2048 M01"
itbwiki.nhgri.nih.gov,No,Yes,1,1,2025-10-15T00:00:00,2026-11-13T23:59:59,21740629482,"C=US, O=Amazon, CN=Amazon RSA 2048 M01"
itcpp.od.nih.gov,Yes,Yes,1,1,2026-04-30T18:59:10,2026-11-15T18:58:10,26272272727,"C=US, O=IdenTrust, OU=HydrantID Trusted Certificate Service, CN=HydrantID Server CA O1"
ithelp.niaid.nih.gov,Yes,Yes,1,1,2026-08-29T01:05:59,2026-11-27T01:05:58,29312370070,"C=US, O=Let's Encrypt, CN=YR1"
ithelpdesklogin.cit.nih.gov,Yes,Yes,1,1,2025-12-08T15:52:59,2027-01-07T15:51:59,22982424358,"C=US, O=IdenTrust, OU=HydrantID Trusted Certificate Service, CN=HydrantID Server CA O1"
itools.od.nih.gov,No,Yes,3,1,2025-12-30T20:25:21,2027-01-29T20:24:21,25928962646;25259626214;23461738923,"C=US, O=IdenTrust, OU=HydrantID Trusted Certificate Service, CN=HydrantID Server CA O1"
itp-qa.ninds.nih.gov,Yes,Yes,1,1,2026-02-18T15:34:51,2027-03-20T15:33:51,24492958524,"C=US, O=IdenTrust, OU=HydrantID Trusted Certificate Service, CN=HydrantID Server CA O1"
itp-stg.ninds.nih.gov,Yes,Yes,1,1,2026-02-18T15:35:41,2027-03-20T15:34:41,24492975732,"C=US, O=IdenTrust, OU=HydrantID Trusted Certificate Service, CN=HydrantID Server CA O1"
itp-test.ninds.nih.gov,Yes,Yes,1,1,2026-02-18T15:36:03,2027-03-20T15:35:03,24492975076,"C=US, O=IdenTrust, OU=HydrantID Trusted Certificate Service, CN=HydrantID Server CA O1"
itp-testbot.ninds.nih.gov,Yes,Yes,1,1,2026-02-18T15:36:38,2027-03-20T15:35:38,24492989178,"C=US, O=IdenTrust, OU=HydrantID Trusted Certificate Service, CN=HydrantID Server CA O1"
itp.ninds.nih.gov,Yes,Yes,1,1,2026-02-18T15:33:44,2027-03-20T15:32:44,24492943303,"C=US, O=IdenTrust, OU=HydrantID Trusted Certificate Service, CN=HydrantID Server CA O1"
itpwebapi-qa.ninds.nih.gov,Yes,Yes,1,1,2026-02-18T15:37:42,2027-03-20T15:36:42,24493006012,"C=US, O=IdenTrust, OU=HydrantID Trusted Certificate Service, CN=HydrantID Server CA O1"
itpwebapi-stg.ninds.nih.gov,Yes,Yes,1,1,2026-02-18T15:38:35,2027-03-20T15:37:35,24493006064,"C=US, O=IdenTrust, OU=HydrantID Trusted Certificate Service, CN=HydrantID Server CA O1"
itpwebapi-test.ninds.nih.gov,Yes,Yes,1,1,2026-02-18T15:39:18,2027-03-20T15:38:18,24493020398,"C=US, O=IdenTrust, OU=HydrantID Trusted Certificate Service, CN=HydrantID Server CA O1"
itpwebapi-testbot.ninds.nih.gov,Yes,Yes,1,1,2026-02-18T15:39:46,2027-03-20T15:38:46,24493033288,"C=US, O=IdenTrust, OU=HydrantID Trusted Certificate Service, CN=HydrantID Server CA O1"
itpwebapi.ninds.nih.gov,Yes,Yes,1,1,2026-02-18T15:37:20,2027-03-20T15:36:20,24492989955,"C=US, O=IdenTrust, OU=HydrantID Trusted Certificate Service, CN=HydrantID Server CA O1"
itpwsdev.nia.nih.gov,Yes,Yes,3,1,2025-11-17T11:04:44,2026-11-24T20:45:38,22868676920;22535846812;23003505660,"C=US, ST=Arizona, L=Scottsdale, O=""GoDaddy.com, Inc."", OU=http://certs.godaddy.com/repository/, CN=Go Daddy Secure Certificate Authority - G2"
itpwsprod.nia.nih.gov,Yes,Yes,2,1,2025-11-17T11:05:15,2026-11-24T21:16:38,22535848052;22643887211,"C=US, ST=Arizona, L=Scottsdale, O=""GoDaddy.com, Inc."", OU=http://certs.godaddy.com/repository/, CN=Go Daddy Secure Certificate Authority - G2"
itservicedesk.nih.gov,Yes,Yes,1,1,2025-12-08T15:54:04,2027-01-07T15:53:04,22982441158,"C=US, O=IdenTrust, OU=HydrantID Trusted Certificate Service, CN=HydrantID Server CA O1"
itsolutionscenter.cit.nih.gov,Yes,Yes,1,1,2026-02-25T20:39:49,2027-03-27T20:38:49,24644061033,"C=US, O=IdenTrust, OU=HydrantID Trusted Certificate Service, CN=HydrantID Server CA O1"
itsupport.niddk.nih.gov,Yes,Yes,1,1,2025-12-16T13:57:20,2027-01-15T13:56:20,23156354574,"C=US, O=IdenTrust, OU=HydrantID Trusted Certificate Service, CN=HydrantID Server CA O1"
iwms.nih.gov,Yes,Yes,1,1,2026-02-06T18:27:35,2027-03-08T18:26:35,24228000610,"C=US, O=IdenTrust, OU=HydrantID Trusted Certificate Service, CN=HydrantID Server CA O1"
jac005.niaid.nih.gov,No,Yes,1,1,2025-12-05T23:03:09,2027-01-04T23:02:09,22914476605,"C=US, O=IdenTrust, OU=HydrantID Trusted Certificate Service, CN=HydrantID Server CA O1"
jamf.ncats.nih.gov,Yes,Yes,1,1,2026-04-20T15:59:19,2026-11-05T15:58:19,26041929755,"C=US, O=IdenTrust, OU=HydrantID Trusted Certificate Service, CN=HydrantID Server CA O1"
jamf.nhgri.nih.gov,Yes,Yes,1,1,2026-02-27T21:08:14,2027-03-29T21:07:14,24684008144,"C=US, O=IdenTrust, OU=HydrantID Trusted Certificate Service, CN=HydrantID Server CA O1"
jamf.niaaa.nih.gov,Yes,Yes,1,1,2026-04-21T18:37:13,2026-11-06T18:36:13,26073481016,"C=US, O=IdenTrust, OU=HydrantID Trusted Certificate Service, CN=HydrantID Server CA O1"
jamfdist.niehs.nih.gov,Yes,Yes,3,2,2026-02-18T00:00:00,2027-03-21T23:59:59,29284358698;29104323852;24495575349,"C=US, O=Let's Encrypt, CN=YR1;C=US, O=DigiCert Inc, CN=DigiCert Global G2 TLS RSA SHA256 2020 CA1"
jamfdmz.niaaa.nih.gov,Yes,Yes,1,1,2026-04-21T18:37:37,2026-11-06T18:36:37,26073488835,"C=US, O=IdenTrust, OU=HydrantID Trusted Certificate Service, CN=HydrantID Server CA O1"
jamfdps.niehs.nih.gov,Yes,Yes,2,2,2026-02-18T00:00:00,2027-03-21T23:59:59,24495620134;29423573964,"C=US, O=DigiCert Inc, CN=DigiCert Global G2 TLS RSA SHA256 2020 CA1;C=US, O=Let's Encrypt, CN=YR2"
jamfpro.niehs.nih.gov,Yes,Yes,3,2,2026-02-18T00:00:00,2027-03-21T23:59:59,24495602276;28821173988;28860367272,"C=US, O=Let's Encrypt, CN=YR1;C=US, O=DigiCert Inc, CN=DigiCert Global G2 TLS RSA SHA256 2020 CA1"
jats.nlm.nih.gov,Yes,Yes,1,1,2026-08-27T17:32:52,2026-11-25T17:32:51,29361644240,"C=US, O=Let's Encrypt, CN=YR2"
jcam.beta.nih.gov,Yes,Yes,2,1,2025-09-09T16:02:08,2026-10-19T15:53:00,21135240174;20900922460,"C=US, O=IdenTrust, OU=HydrantID Trusted Certificate Service, CN=HydrantID Server CA O1"
jcam.nih.gov,Yes,Yes,1,1,2026-01-27T14:01:20,2027-02-26T14:00:20,24012931451,"C=US, O=IdenTrust, OU=HydrantID Trusted Certificate Service, CN=HydrantID Server CA O1"
jenkins.ncats.nih.gov,Yes,Yes,1,1,2026-08-13T14:13:44,2027-02-28T14:12:44,28784712264,"C=US, O=IdenTrust, OU=HydrantID Trusted Certificate Service, CN=HydrantID Server CA O1"
jenkins.niaaa.nih.gov,Yes,Yes,1,1,2025-10-03T14:47:47,2026-11-02T14:46:47,21446177020,"C=US, O=IdenTrust, OU=HydrantID Trusted Certificate Service, CN=HydrantID Server CA O1"
jenkins.opa-analytics.od.nih.gov,No,Yes,1,1,2026-07-31T21:05:42,2027-02-15T21:04:42,28418193006,"C=US, O=IdenTrust, OU=HydrantID Trusted Certificate Service, CN=HydrantID Server CA O1"
jenkins.opa-dev-traefik.od.nih.gov,No,Yes,1,1,2026-04-06T18:29:24,2026-10-22T18:28:24,25572363849,"C=US, O=IdenTrust, OU=HydrantID Trusted Certificate Service, CN=HydrantID Server CA O1"
jenkins.opa-dev.od.nih.gov,No,Yes,1,1,2026-04-28T16:22:32,2026-11-13T16:21:32,26253382252,"C=US, O=IdenTrust, OU=HydrantID Trusted Certificate Service, CN=HydrantID Server CA O1"
jenkins.opa-itools-traefik.od.nih.gov,No,Yes,1,1,2026-02-26T17:21:44,2027-03-28T17:20:44,24660471480,"C=US, O=IdenTrust, OU=HydrantID Trusted Certificate Service, CN=HydrantID Server CA O1"
jenkins.opa-itools.od.nih.gov,No,Yes,3,1,2025-10-16T16:08:53,2026-11-15T16:07:53,21763591559;25928962646;25259626214,"C=US, O=IdenTrust, OU=HydrantID Trusted Certificate Service, CN=HydrantID Server CA O1"
jenkins.opa-tools.od.nih.gov,No,Yes,4,1,2026-05-14T18:20:09,2027-03-07T16:48:29,26444917519;28715696537;28715676118;28864586149,"C=US, O=IdenTrust, OU=HydrantID Trusted Certificate Service, CN=HydrantID Server CA O1"
jira-dev.niaid.nih.gov,Yes,Yes,1,1,2026-08-12T00:00:00,2027-02-25T23:59:59,28770583794,"C=US, O=Amazon, CN=Amazon RSA 2048 M04"
jira.niaid.nih.gov,Yes,Yes,1,1,2026-08-12T00:00:00,2027-02-25T23:59:59,28771231024,"C=US, O=Amazon, CN=Amazon RSA 2048 M01"
jobs.csr.nih.gov,Yes,Yes,1,1,2026-05-28T17:33:14,2026-12-13T17:32:14,26712349287,"C=US, O=IdenTrust, OU=HydrantID Trusted Certificate Service, CN=HydrantID Server CA O1"
jobs.nih.gov,No,Yes,9,5,2025-12-15T10:49:40,2026-12-15T10:49:40,28187559076;28187305431;28187310294;23131925963;28187314781;28187567857;28187579446;28187558893;28187312614,"C=US, O=Let's Encrypt, CN=YR1;C=US, O=Let's Encrypt, CN=YR2;C=US, ST=Arizona, L=Scottsdale, O=""GoDaddy.com, Inc."", OU=http://certs.godaddy.com/repository/, CN=Go Daddy Secure Certificate Authority - G2;C=US, O=Let's Encrypt, CN=YE2;C=US, O=Let's Encrypt, CN=YE1"
joinastudy.niehs.nih.gov,Yes,Yes,5,2,2026-08-20T20:55:13,2026-11-18T22:35:21,29034021161;28984194873;29112223851;29025394883;29046261425,"C=US, O=Google Trust Services, CN=WR1;C=US, O=Google Trust Services, CN=WE1"
joinastudydev-acquia.niehs.nih.gov,No,Yes,3,2,2025-12-03T00:00:00,2026-12-02T23:59:59,22886422642;29284870146;29125620113,"C=US, O=Let's Encrypt, CN=YR1;C=US, O=DigiCert Inc, CN=DigiCert Global G2 TLS RSA SHA256 2020 CA1"
joinastudystage-acquia.niehs.nih.gov,No,Yes,2,1,2026-08-27T11:29:40,2026-11-25T11:29:39,29261013928;29125620821,"C=US, O=Let's Encrypt, CN=YR2"
jpd.nhlbi.nih.gov,Yes,Yes,1,1,2026-03-24T20:00:34,2026-10-09T19:59:34,25198955063,"C=US, O=IdenTrust, OU=HydrantID Trusted Certificate Service, CN=HydrantID Server CA O1"
jss.nei.nih.gov,Yes,Yes,1,1,2025-11-07T14:58:41,2026-12-07T14:57:41,22285790583,"C=US, O=IdenTrust, OU=HydrantID Trusted Certificate Service, CN=HydrantID Server CA O1"
jumpstart.nih.gov,Yes,Yes,1,1,2026-01-21T21:17:33,2027-02-20T21:16:33,23905140971,"C=US, O=IdenTrust, OU=HydrantID Trusted Certificate Service, CN=HydrantID Server CA O1"
junction.niehs.nih.gov,Yes,Yes,2,2,2026-08-30T11:57:01,2026-11-28T12:57:07,29422562230;29162802261,"C=US, O=Google Trust Services, CN=WR1;C=US, O=Google Trust Services, CN=WE1"
junctiondev-acquia.niehs.nih.gov,No,Yes,3,2,2025-12-03T00:00:00,2026-12-02T23:59:59,22886422642;29284870146;29125620113,"C=US, O=Let's Encrypt, CN=YR1;C=US, O=DigiCert Inc, CN=DigiCert Global G2 TLS RSA SHA256 2020 CA1"
junctionstage-acquia.niehs.nih.gov,No,Yes,2,1,2026-08-27T11:29:40,2026-11-25T11:29:39,29261013928;29125620821,"C=US, O=Let's Encrypt, CN=YR2"
jupyterhub01.ncbi.nlm.nih.gov,Yes,Yes,1,1,2026-08-29T05:23:10,2026-11-27T05:23:09,29585638315,"C=US, O=Let's Encrypt, CN=YR2"
k2-era-uat.ncats.nih.gov,Yes,Yes,1,1,2026-05-11T18:25:29,2026-11-26T18:24:29,26417468103,"C=US, O=IdenTrust, OU=HydrantID Trusted Certificate Service, CN=HydrantID Server CA O1"
k2.fic.nih.gov,Yes,Yes,1,1,2025-11-03T15:09:33,2026-12-03T15:08:33,22181234596,"C=US, O=IdenTrust, OU=HydrantID Trusted Certificate Service, CN=HydrantID Server CA O1"
k2000.nei.nih.gov,Yes,Yes,1,1,2026-07-06T20:48:04,2027-01-21T20:47:04,27741056370,"C=US, O=IdenTrust, OU=HydrantID Trusted Certificate Service, CN=HydrantID Server CA O1"
k2nimhd01.nimhd.nih.gov,Yes,Yes,1,1,2025-09-19T15:53:47,2026-10-19T15:52:47,21135223344,"C=US, O=IdenTrust, OU=HydrantID Trusted Certificate Service, CN=HydrantID Server CA O1"
k2nimhddev01.nimhd.nih.gov,Yes,Yes,1,1,2025-09-19T15:51:41,2026-10-19T15:50:41,21135185670,"C=US, O=IdenTrust, OU=HydrantID Trusted Certificate Service, CN=HydrantID Server CA O1"
k2nimhdtest01.nimhd.nih.gov,Yes,Yes,1,1,2025-09-19T15:53:15,2026-10-19T15:52:15,21135221302,"C=US, O=IdenTrust, OU=HydrantID Trusted Certificate Service, CN=HydrantID Server CA O1"
kaffa.nhgri.nih.gov,No,Yes,2,1,2026-06-01T18:38:44,2027-01-10T18:22:24,27481427086;26807281739,"C=US, O=IdenTrust, OU=HydrantID Trusted Certificate Service, CN=HydrantID Server CA O1"
kbox.nei.nih.gov,Yes,Yes,2,1,2025-12-12T21:55:58,2027-01-29T20:22:54,23461723196;23081949222,"C=US, O=IdenTrust, OU=HydrantID Trusted Certificate Service, CN=HydrantID Server CA O1"
kerbauth.ha.nih.gov,Yes,Yes,1,1,2026-08-11T19:59:56,2027-02-26T19:58:56,28750208463,"C=US, O=IdenTrust, OU=HydrantID Trusted Certificate Service, CN=HydrantID Server CA O1"
keyreporter.niaid.nih.gov,No,Yes,1,1,2026-01-08T16:48:18,2027-02-07T16:47:18,23636310761,"C=US, O=IdenTrust, OU=HydrantID Trusted Certificate Service, CN=HydrantID Server CA O1"
keyserver.niaid.nih.gov,Yes,Yes,1,1,2026-01-08T16:48:18,2027-02-07T16:47:18,23636310761,"C=US, O=IdenTrust, OU=HydrantID Trusted Certificate Service, CN=HydrantID Server CA O1"
kibana.opa-dev.od.nih.gov,No,Yes,1,1,2026-06-09T14:44:57,2026-12-25T14:43:57,27025082370,"C=US, O=IdenTrust, OU=HydrantID Trusted Certificate Service, CN=HydrantID Server CA O1"
kidsdev-acquia.niehs.nih.gov,No,Yes,3,2,2025-12-03T00:00:00,2026-12-02T23:59:59,22886422642;29284870146;29125620113,"C=US, O=Let's Encrypt, CN=YR1;C=US, O=DigiCert Inc, CN=DigiCert Global G2 TLS RSA SHA256 2020 CA1"
kidsstage-acquia.niehs.nih.gov,No,Yes,2,1,2026-08-27T11:29:40,2026-11-25T11:29:39,29261013928;29125620821,"C=US, O=Let's Encrypt, CN=YR2"
kion-dev.nhgri.nih.gov,Yes,Yes,1,1,2025-11-10T00:00:00,2026-12-09T23:59:59,22364899000,"C=US, O=Amazon, CN=Amazon RSA 2048 M04"
kion.nhgri.nih.gov,Yes,Yes,1,1,2026-03-31T00:00:00,2026-10-14T23:59:59,25297544892,"C=US, O=Amazon, CN=Amazon RSA 2048 M04"
kiteworks.niehs.nih.gov,No,Yes,3,2,2025-11-13T00:00:00,2026-11-12T23:59:59,22425703550;28494306506;28494297035,"C=US, O=Let's Encrypt, CN=YR1;C=US, O=DigiCert Inc, CN=DigiCert Global G2 TLS RSA SHA256 2020 CA1"
knowledgebase-dev.niaid.nih.gov,Yes,Yes,1,1,2025-09-30T15:50:16,2026-10-30T15:49:16,21376973489,"C=US, O=IdenTrust, OU=HydrantID Trusted Certificate Service, CN=HydrantID Server CA O1"
kona.nhgri.nih.gov,No,Yes,1,1,2025-11-12T18:28:43,2026-12-12T18:27:43,22418407482,"C=US, O=IdenTrust, OU=HydrantID Trusted Certificate Service, CN=HydrantID Server CA O1"
lab-ise-pan.nih.gov,No,Yes,1,1,2026-08-18T18:10:37,2027-03-05T18:09:37,28843405365,"C=US, O=IdenTrust, OU=HydrantID Trusted Certificate Service, CN=HydrantID Server CA O1"
labalaban.nhlbi.nih.gov,No,Yes,4,2,2026-07-19T13:35:18,2026-12-16T20:14:52,29533403077;29537364063;28066322782;28066323352,"C=US, O=Let's Encrypt, CN=YR1;C=US, O=Let's Encrypt, CN=YR2"
labapp1-srv.cc.nih.gov,No,Yes,1,1,2025-10-27T00:00:00,2026-11-04T23:59:59,22043259528,"C=US, O=DigiCert Inc, CN=DigiCert Global G2 TLS RSA SHA256 2020 CA1"
labapp1.cc.nih.gov,No,Yes,1,1,2025-10-27T00:00:00,2026-11-04T23:59:59,22043259528,"C=US, O=DigiCert Inc, CN=DigiCert Global G2 TLS RSA SHA256 2020 CA1"
labkey.niaid.nih.gov,Yes,Yes,1,1,2026-04-28T12:30:23,2026-11-13T12:29:23,26251682668,"C=US, O=IdenTrust, OU=HydrantID Trusted Certificate Service, CN=HydrantID Server CA O1"
labshare19qa-vip.niaid.nih.gov,No,Yes,1,1,2026-07-16T21:01:05,2027-01-31T21:00:05,27992549642,"C=US, O=IdenTrust, OU=HydrantID Trusted Certificate Service, CN=HydrantID Server CA O1"
labshareqa.niaid.nih.gov,No,Yes,1,1,2026-07-16T21:01:05,2027-01-31T21:00:05,27992549642,"C=US, O=IdenTrust, OU=HydrantID Trusted Certificate Service, CN=HydrantID Server CA O1"
lbl-p019-v.nci.nih.gov,No,Yes,1,1,2026-02-23T00:00:00,2027-03-21T23:59:59,24599430569,"C=US, O=DigiCert Inc, CN=DigiCert Global G2 TLS RSA SHA256 2020 CA1"
lbl-p019.ha.nci.nih.gov,No,Yes,1,1,2026-05-26T00:00:00,2026-12-10T23:59:59,26657216373,"C=US, O=DigiCert Inc, CN=DigiCert Global G2 TLS RSA SHA256 2020 CA1"
lbl-p020-v.nci.nih.gov,No,Yes,1,1,2026-02-23T00:00:00,2027-03-21T23:59:59,24599430569,"C=US, O=DigiCert Inc, CN=DigiCert Global G2 TLS RSA SHA256 2020 CA1"
lbl-p020.ha.nci.nih.gov,No,Yes,1,1,2026-05-26T00:00:00,2026-12-10T23:59:59,26657216373,"C=US, O=DigiCert Inc, CN=DigiCert Global G2 TLS RSA SHA256 2020 CA1"
lbm.niddk.nih.gov,Yes,Yes,2,1,2026-05-12T00:00:00,2026-11-12T23:59:59,26271787795;26271029632,"C=US, O=DigiCert Inc, OU=www.digicert.com, CN=GeoTrust TLS RSA CA G1"
ldap.globe.nih.gov,Yes,Yes,2,2,2025-11-24T00:00:00,2027-03-21T18:36:45,24517589367;22695729624,"C=US, O=IdenTrust, OU=HydrantID Trusted Certificate Service, CN=HydrantID Server CA O1;C=US, O=Amazon, CN=Amazon RSA 2048 M04"
ldlink-dev.nih.gov,Yes,Yes,1,1,2026-04-08T17:05:56,2026-10-24T17:04:56,25657711518,"C=US, O=IdenTrust, OU=HydrantID Trusted Certificate Service, CN=HydrantID Server CA O1"
ldlink-qa.nih.gov,Yes,Yes,1,1,2026-04-08T17:05:30,2026-10-24T17:04:30,25657703192,"C=US, O=IdenTrust, OU=HydrantID Trusted Certificate Service, CN=HydrantID Server CA O1"
ldlink-stage.nih.gov,Yes,Yes,1,1,2026-04-08T17:06:22,2026-10-24T17:05:22,25657725410,"C=US, O=IdenTrust, OU=HydrantID Trusted Certificate Service, CN=HydrantID Server CA O1"
ldlink.nih.gov,Yes,Yes,1,1,2026-04-08T17:04:55,2026-10-24T17:03:55,25657674927,"C=US, O=IdenTrust, OU=HydrantID Trusted Certificate Service, CN=HydrantID Server CA O1"
learn.niaid.nih.gov,Yes,Yes,1,1,2025-10-01T13:57:10,2026-10-31T13:56:10,21398124376,"C=US, O=IdenTrust, OU=HydrantID Trusted Certificate Service, CN=HydrantID Server CA O1"
learn.nih.gov,No,Yes,1,1,2025-10-01T13:57:10,2026-10-31T13:56:10,21398124376,"C=US, O=IdenTrust, OU=HydrantID Trusted Certificate Service, CN=HydrantID Server CA O1"
learnqa.niaid.nih.gov,Yes,Yes,1,1,2026-08-19T19:54:27,2027-03-06T19:53:27,28856177981,"C=US, O=IdenTrust, OU=HydrantID Trusted Certificate Service, CN=HydrantID Server CA O1"
learnuat.niaid.nih.gov,No,Yes,1,1,2026-08-19T19:54:27,2027-03-06T19:53:27,28856177981,"C=US, O=IdenTrust, OU=HydrantID Trusted Certificate Service, CN=HydrantID Server CA O1"
ledermanlab.nhlbi.nih.gov,No,Yes,4,2,2026-07-19T13:35:18,2026-12-16T20:14:52,29533403077;29537364063;28066322782;28066323352,"C=US, O=Let's Encrypt, CN=YR1;C=US, O=Let's Encrypt, CN=YR2"
legacy-estroke.ninds.nih.gov,Yes,Yes,1,1,2025-12-19T19:18:23,2027-01-18T19:17:23,23221231259,"C=US, O=IdenTrust, OU=HydrantID Trusted Certificate Service, CN=HydrantID Server CA O1"
leonardo.csr.nih.gov,Yes,Yes,1,1,2026-01-30T18:20:33,2027-03-01T18:19:33,24082961588,"C=US, O=IdenTrust, OU=HydrantID Trusted Certificate Service, CN=HydrantID Server CA O1"
lfp.nih.gov,Yes,Yes,1,1,2026-01-05T15:36:33,2027-02-04T15:35:33,23568834849,"C=US, O=IdenTrust, OU=HydrantID Trusted Certificate Service, CN=HydrantID Server CA O1"
lfpdev.nih.gov,Yes,Yes,1,1,2026-04-20T15:58:50,2026-11-05T15:57:50,26041923881,"C=US, O=IdenTrust, OU=HydrantID Trusted Certificate Service, CN=HydrantID Server CA O1"
lfpqa.nih.gov,Yes,Yes,1,1,2026-04-20T15:58:27,2026-11-05T15:57:27,26041918838,"C=US, O=IdenTrust, OU=HydrantID Trusted Certificate Service, CN=HydrantID Server CA O1"
lfpstage.nih.gov,Yes,Yes,1,1,2026-04-06T18:28:32,2026-10-22T18:27:32,25572335538,"C=US, O=IdenTrust, OU=HydrantID Trusted Certificate Service, CN=HydrantID Server CA O1"
lgsun.grc.nia.nih.gov,Yes,Yes,1,1,2026-01-29T00:00:00,2027-01-28T23:59:59,24048841990,"C=US, O=DigiCert Inc, CN=DigiCert Global G2 TLS RSA SHA256 2020 CA1"
lhc-jamf.nlm.nih.gov,Yes,Yes,1,1,2025-11-23T00:00:00,2026-12-22T23:59:59,22672307901,"C=US, O=Amazon, CN=Amazon RSA 2048 M01"
lhcnetappaiqum.nlm.nih.gov,Yes,Yes,1,1,2026-04-23T00:00:00,2026-11-07T23:59:59,25715249810,"C=US, O=DigiCert Inc, CN=DigiCert Global G2 TLS RSA SHA256 2020 CA1"
liberica.nhgri.nih.gov,No,Yes,1,1,2025-09-22T17:49:35,2026-10-22T17:48:35,21204990231,"C=US, O=IdenTrust, OU=HydrantID Trusted Certificate Service, CN=HydrantID Server CA O1"
linkage.nia.nih.gov,Yes,Yes,1,1,2026-07-14T00:00:00,2027-01-27T23:59:59,27921937953,"C=US, O=Amazon, CN=Amazon RSA 2048 M04"
linkcsr.docservice.csr.nih.gov,Yes,Yes,1,1,2025-12-08T15:48:04,2027-01-07T15:47:04,22982361195,"C=US, O=IdenTrust, OU=HydrantID Trusted Certificate Service, CN=HydrantID Server CA O1"
linkcsrweb.docservice.csr.nih.gov,Yes,Yes,1,1,2025-12-08T15:47:19,2027-01-07T15:46:19,22982343834,"C=US, O=IdenTrust, OU=HydrantID Trusted Certificate Service, CN=HydrantID Server CA O1"
list.nih.gov,Yes,Yes,1,1,2026-06-03T20:07:17,2026-12-19T20:06:17,26864984128,"C=US, O=IdenTrust, OU=HydrantID Trusted Certificate Service, CN=HydrantID Server CA O1"
listmail.hub.nih.gov,No,Yes,2,1,2026-08-21T00:00:00,2027-03-07T23:59:59,28895560682;28895565832,"C=CA, O=Entrust Limited, CN=Entrust OV TLS Issuing RSA CA 2"
livelink.niaid.nih.gov,No,Yes,2,1,2025-10-02T15:54:05,2026-11-07T22:14:52,21582840129;21422326154,"C=US, O=IdenTrust, OU=HydrantID Trusted Certificate Service, CN=HydrantID Server CA O1"
livelink.nida.nih.gov,Yes,Yes,1,1,2026-03-25T14:07:58,2026-10-10T14:06:58,25213827440,"C=US, O=IdenTrust, OU=HydrantID Trusted Certificate Service, CN=HydrantID Server CA O1"
livertox.niddk.nih.gov,Yes,Yes,1,1,2026-02-25T21:29:38,2027-03-27T21:28:38,24644743635,"C=US, O=IdenTrust, OU=HydrantID Trusted Certificate Service, CN=HydrantID Server CA O1"
livertox.nih.gov,Yes,Yes,1,1,2025-09-15T14:33:20,2026-10-15T14:32:20,21036286698,"C=US, O=IdenTrust, OU=HydrantID Trusted Certificate Service, CN=HydrantID Server CA O1"
llm.opa-dev.od.nih.gov,Yes,Yes,1,1,2025-09-26T13:43:06,2026-10-26T13:42:06,21290448025,"C=US, O=IdenTrust, OU=HydrantID Trusted Certificate Service, CN=HydrantID Server CA O1"
lmivfreezerworks.niaid.nih.gov,Yes,Yes,1,1,2025-09-26T17:38:15,2026-10-26T17:37:15,21294773552,"C=US, O=IdenTrust, OU=HydrantID Trusted Certificate Service, CN=HydrantID Server CA O1"
lms.csr.nih.gov,Yes,Yes,1,1,2026-02-18T15:29:04,2027-03-20T15:28:04,24492859651,"C=US, O=IdenTrust, OU=HydrantID Trusted Certificate Service, CN=HydrantID Server CA O1"
login.crri.nci.nih.gov,Yes,Yes,4,1,2026-07-28T14:53:24,2026-11-26T14:53:23,29148117166;29126259690;28324421976;28324417384,"C=US, O=Let's Encrypt, CN=YR2"
login.fnlcrcloud.nci.nih.gov,Yes,Yes,3,2,2026-08-07T02:53:24,2026-12-06T02:53:22,28608515717;29415394025;28608512378,"C=US, O=Let's Encrypt, CN=YR1;C=US, O=Let's Encrypt, CN=YR2"
login.nih.gov,Yes,Yes,1,1,2025-11-14T20:22:10,2026-12-14T20:21:10,22471644672,"C=US, O=IdenTrust, OU=HydrantID Trusted Certificate Service, CN=HydrantID Server CA O1"
logindev.nih.gov,Yes,Yes,1,1,2025-10-23T19:45:07,2026-11-22T19:44:07,21949784824,"C=US, O=IdenTrust, OU=HydrantID Trusted Certificate Service, CN=HydrantID Server CA O1"
loginfed.nih.gov,Yes,Yes,1,1,2026-06-04T18:20:03,2026-12-20T18:19:03,26891889570,"C=US, O=IdenTrust, OU=HydrantID Trusted Certificate Service, CN=HydrantID Server CA O1"
loginfedstg.nih.gov,Yes,Yes,1,1,2026-06-04T18:20:23,2026-12-20T18:19:23,26891890126,"C=US, O=IdenTrust, OU=HydrantID Trusted Certificate Service, CN=HydrantID Server CA O1"
loginsbx.nih.gov,Yes,Yes,1,1,2025-11-13T21:35:47,2026-12-13T21:34:47,22447461949,"C=US, O=IdenTrust, OU=HydrantID Trusted Certificate Service, CN=HydrantID Server CA O1"
loginstg.nih.gov,Yes,Yes,1,1,2025-11-14T20:23:05,2026-12-14T20:22:05,22471660413,"C=US, O=IdenTrust, OU=HydrantID Trusted Certificate Service, CN=HydrantID Server CA O1"
loginstggw.nih.gov,Yes,Yes,1,1,2026-02-06T15:16:55,2027-03-08T15:15:55,24224955711,"C=US, O=IdenTrust, OU=HydrantID Trusted Certificate Service, CN=HydrantID Server CA O1"
loop.nigms.nih.gov,Yes,Yes,1,1,2026-01-27T17:54:52,2027-02-26T17:53:52,24016685023,"C=US, O=IdenTrust, OU=HydrantID Trusted Certificate Service, CN=HydrantID Server CA O1"
lrp.nih.gov,No,Yes,8,4,2026-08-15T13:50:56,2026-11-13T14:01:21,28860428910;28880160102;28962907793;28864137359;28963222374;28963202835;28879979497;28860474351,"C=US, O=Let's Encrypt, CN=YR1;C=US, O=Let's Encrypt, CN=YE1;C=US, O=Let's Encrypt, CN=YE2;C=US, O=Let's Encrypt, CN=YR2"
lrpmemo.od.nih.gov,Yes,Yes,2,1,2026-07-12T03:04:16,2026-10-10T03:04:15,27867047436;27867049226,"C=US, O=Let's Encrypt, CN=YR1"
ltcp.globe.nih.gov,Yes,Yes,1,1,2025-11-27T00:00:00,2026-12-26T23:59:59,22755511508,"C=US, O=Amazon, CN=Amazon RSA 2048 M01"
ltcp.niaid.nih.gov,Yes,Yes,1,1,2026-07-22T00:00:00,2027-02-04T23:59:59,28140365631,"C=US, O=Amazon, CN=Amazon RSA 2048 M01"
ludlum.niaid.nih.gov,Yes,Yes,1,1,2026-01-08T16:53:47,2027-02-07T16:52:47,23636394367,"C=US, O=IdenTrust, OU=HydrantID Trusted Certificate Service, CN=HydrantID Server CA O1"
m365-mfakb.cit.nih.gov,Yes,Yes,1,1,2025-09-23T16:01:47,2026-10-23T16:00:47,21225135435,"C=US, O=IdenTrust, OU=HydrantID Trusted Certificate Service, CN=HydrantID Server CA O1"
m365servicehealth.cit.nih.gov,Yes,Yes,1,1,2026-05-12T18:46:40,2026-11-27T18:45:40,26425426618,"C=US, O=IdenTrust, OU=HydrantID Trusted Certificate Service, CN=HydrantID Server CA O1"
macau.csr.nih.gov,No,Yes,2,1,2025-11-20T15:23:28,2027-03-29T21:16:14,22620474147;24684127185,"C=US, O=IdenTrust, OU=HydrantID Trusted Certificate Service, CN=HydrantID Server CA O1"
macmgtp.nichd.nih.gov,Yes,Yes,1,1,2026-02-23T20:51:35,2027-03-25T20:50:35,24603752697,"C=US, O=IdenTrust, OU=HydrantID Trusted Certificate Service, CN=HydrantID Server CA O1"
mail.nih.gov,Yes,Yes,2,1,2026-03-30T00:00:00,2026-10-14T23:59:59,25280238648;25280238801,"C=CA, O=Entrust Limited, CN=Entrust OV TLS Issuing RSA CA 2"
mail.nihdev.cit.nih.gov,Yes,Yes,2,1,2025-12-19T00:00:00,2027-01-19T23:59:59,23218165891;23218188655,"C=CA, O=Entrust Limited, CN=Entrust OV TLS Issuing RSA CA 2"
mailfwd-srcip.hub.nih.gov,Yes,Yes,4,1,2026-01-12T00:00:00,2027-03-09T23:59:59,23723528456;24224804545;24224787366;23723529105,"C=CA, O=Entrust Limited, CN=Entrust OV TLS Issuing RSA CA 2"
mailfwd.hub.nih.gov,No,Yes,4,1,2026-01-12T00:00:00,2027-03-09T23:59:59,23723528456;24224804545;24224787366;23723529105,"C=CA, O=Entrust Limited, CN=Entrust OV TLS Issuing RSA CA 2"
mailfwd.nih.gov,No,Yes,6,1,2026-01-12T00:00:00,2027-03-09T23:59:59,23723528456;24224787366;23723529105;28895560682;28895565832;24224804545,"C=CA, O=Entrust Limited, CN=Entrust OV TLS Issuing RSA CA 2"
mailfwd.nihdev.cit.nih.gov,Yes,Yes,4,1,2025-12-18T00:00:00,2027-01-18T23:59:59,23202680549;23202518502;23202520229;23202680009,"C=CA, O=Entrust Limited, CN=Entrust OV TLS Issuing RSA CA 2"
mailviewer-azure-dev.niaid.nih.gov,Yes,Yes,2,1,2026-06-17T00:00:00,2026-12-17T23:59:59,27335048397;27258265749,"C=US, O=DigiCert Inc, OU=www.digicert.com, CN=GeoTrust TLS RSA CA G1"
maintenance.cit.nih.gov,Yes,Yes,1,1,2026-08-11T20:00:20,2027-02-26T19:59:20,28750218011,"C=US, O=IdenTrust, OU=HydrantID Trusted Certificate Service, CN=HydrantID Server CA O1"
mainweb.awsprod.nlm.nih.gov,No,Yes,1,1,2026-02-04T00:00:00,2027-03-04T23:59:59,24171221548,"C=US, O=Amazon, CN=Amazon RSA 2048 M01"
manage.masdev.apps.masnp.nci.nih.gov,No,Yes,1,1,2026-09-08T18:43:52,2026-12-07T18:43:51,29512323047,"C=US, O=Let's Encrypt, CN=YR1"
manage.mastest.apps.masnp.nci.nih.gov,No,Yes,1,1,2026-09-08T18:43:52,2026-12-07T18:43:51,29512323047,"C=US, O=Let's Encrypt, CN=YR1"
management.apim.niaid.nih.gov,No,Yes,1,1,2026-02-24T17:45:32,2027-03-26T17:44:32,24621543206,"C=US, O=IdenTrust, OU=HydrantID Trusted Certificate Service, CN=HydrantID Server CA O1"
management.apimdev.niaid.nih.gov,No,Yes,2,1,2025-11-05T19:14:42,2026-12-05T19:14:00,22235441894;22235441438,"C=US, O=IdenTrust, OU=HydrantID Trusted Certificate Service, CN=HydrantID Server CA O1"
management.apimqa.niaid.nih.gov,No,Yes,1,1,2026-03-27T21:23:02,2026-10-12T21:22:02,25260787414,"C=US, O=IdenTrust, OU=HydrantID Trusted Certificate Service, CN=HydrantID Server CA O1"
management.nhlbi-apim-prod.nhlbi.nih.gov,No,Yes,1,1,2026-02-20T17:50:41,2027-03-22T17:49:41,24538331423,"C=US, O=IdenTrust, OU=HydrantID Trusted Certificate Service, CN=HydrantID Server CA O1"
mandatorytraining.nih.gov,No,Yes,9,5,2025-12-15T10:49:40,2026-12-15T10:49:40,28187559076;28187305431;28187310294;23131925963;28187314781;28187567857;28187579446;28187558893;28187312614,"C=US, O=Let's Encrypt, CN=YR1;C=US, O=Let's Encrypt, CN=YR2;C=US, ST=Arizona, L=Scottsdale, O=""GoDaddy.com, Inc."", OU=http://certs.godaddy.com/repository/, CN=Go Daddy Secure Certificate Authority - G2;C=US, O=Let's Encrypt, CN=YE2;C=US, O=Let's Encrypt, CN=YE1"
manticore.niehs.nih.gov,Yes,Yes,1,1,2026-08-27T16:08:02,2026-11-25T16:08:01,29426901856,"C=US, O=Let's Encrypt, CN=YR1"
masdev.apps.masnp.nci.nih.gov,No,Yes,1,1,2026-09-08T18:43:52,2026-12-07T18:43:51,29512323047,"C=US, O=Let's Encrypt, CN=YR1"
mastest.apps.masnp.nci.nih.gov,No,Yes,1,1,2026-09-08T18:43:52,2026-12-07T18:43:51,29512323047,"C=US, O=Let's Encrypt, CN=YR1"
mcap-dev.globe.nih.gov,Yes,Yes,1,1,2025-11-27T00:00:00,2026-12-26T23:59:59,22756460395,"C=US, O=Amazon, CN=Amazon RSA 2048 M04"
mcap.globe.nih.gov,Yes,Yes,1,1,2025-11-27T00:00:00,2026-12-26T23:59:59,22756291343,"C=US, O=Amazon, CN=Amazon RSA 2048 M01"
mdcc.nih.gov,Yes,Yes,1,1,2026-08-09T00:00:00,2027-02-22T23:59:59,28669798983,"C=US, O=Amazon, CN=Amazon RSA 2048 M04"
mdm.ors.od.nih.gov,Yes,Yes,1,1,2026-01-15T16:37:11,2027-02-14T16:36:11,23785691082,"C=US, O=IdenTrust, OU=HydrantID Trusted Certificate Service, CN=HydrantID Server CA O1"
mdphd.gpp.nih.gov,Yes,Yes,1,1,2025-09-26T17:18:32,2026-10-26T17:17:32,21294432588,"C=US, O=IdenTrust, OU=HydrantID Trusted Certificate Service, CN=HydrantID Server CA O1"
mds.globe.nih.gov,Yes,Yes,2,1,2025-11-02T00:00:00,2026-12-01T23:59:59,22152159661;22151002831,"C=US, O=Amazon, CN=Amazon RSA 2048 M01"
media.finder.training.nih.gov,No,Yes,1,1,2026-06-30T00:00:00,2027-01-13T23:59:59,27587153105,"C=US, O=Amazon, CN=Amazon RSA 2048 M04"
media.staging.finder.training.nih.gov,No,Yes,2,1,2026-06-30T00:00:00,2027-01-13T23:59:59,27585927279;27584712834,"C=US, O=Amazon, CN=Amazon RSA 2048 M04"
media.staging.training.nih.gov,No,Yes,1,1,2026-06-30T00:00:00,2027-01-13T23:59:59,27586961467,"C=US, O=Amazon, CN=Amazon RSA 2048 M01"
media.training.nih.gov,No,Yes,1,1,2026-06-30T00:00:00,2027-01-13T23:59:59,27584781552,"C=US, O=Amazon, CN=Amazon RSA 2048 M01"
medialibrary-oc.niddk.nih.gov,Yes,Yes,1,1,2026-01-23T13:56:22,2027-02-22T13:55:22,23936286429,"C=US, O=IdenTrust, OU=HydrantID Trusted Certificate Service, CN=HydrantID Server CA O1"
medialibraryworkspace.nei.nih.gov,Yes,Yes,2,1,2026-05-16T00:00:00,2026-11-16T23:59:59,26526869031;26384387835,"C=US, O=DigiCert Inc, OU=www.digicert.com, CN=GeoTrust TLS RSA CA G1"
medicalsecureemail.nih.gov,Yes,Yes,1,1,2026-01-07T16:02:20,2027-02-06T16:01:20,23611985632,"C=US, O=IdenTrust, OU=HydrantID Trusted Certificate Service, CN=HydrantID Server CA O1"
medicineonscreen.nlm.nih.gov,No,Yes,2,1,2026-08-14T18:38:07,2026-11-12T18:38:06,28865856210;28861156096,"C=US, O=Let's Encrypt, CN=YE2"
medlineplus.awsprod.nlm.nih.gov,No,Yes,2,1,2026-01-02T00:00:00,2027-01-30T23:59:59,23512098036;23511356238,"C=US, O=Amazon, CN=Amazon RSA 2048 M01"
medlineplus.gov,Yes,No,4,2,2026-01-02T00:00:00,2027-01-30T23:59:59,27556872565;23511356238;23512098036;27514364406,"C=US, O=Amazon, CN=Amazon RSA 2048 M04;C=US, O=Amazon, CN=Amazon RSA 2048 M01"
medlineplus.nlm.nih.gov,No,Yes,2,1,2026-01-02T00:00:00,2027-01-30T23:59:59,23512098036;23511356238,"C=US, O=Amazon, CN=Amazon RSA 2048 M01"
megcore.nih.gov,Yes,Yes,4,2,2026-07-22T19:22:53,2027-02-05T19:22:53,28161157081;28498347941;28498312070;28161187515,"C=US, O=Let's Encrypt, CN=YE2;C=US, O=GoDaddy.com, CN=GoDaddy TLS Intermediate CA DV - R1v1"
merlin.niaid.nih.gov,No,Yes,1,1,2026-05-29T14:29:19,2026-12-14T14:28:19,26733877863,"C=US, O=IdenTrust, OU=HydrantID Trusted Certificate Service, CN=HydrantID Server CA O1"
merlinapps.nlm.nih.gov,Yes,Yes,1,1,2026-04-23T18:24:50,2026-11-08T18:23:50,26131503676,"C=US, O=IdenTrust, OU=HydrantID Trusted Certificate Service, CN=HydrantID Server CA O1"
merlinqa.niaid.nih.gov,No,Yes,1,1,2026-05-29T14:27:59,2026-12-14T14:26:59,26733855296,"C=US, O=IdenTrust, OU=HydrantID Trusted Certificate Service, CN=HydrantID Server CA O1"
metabolomics-sig.nih.gov,Yes,Yes,2,1,2026-07-23T03:07:39,2026-10-21T03:07:38,28171485260;28171529657,"C=US, O=Let's Encrypt, CN=YE1"
mfa.globe.nih.gov,Yes,Yes,1,1,2026-07-11T00:00:00,2027-01-24T23:59:59,27846304750,"C=US, O=Amazon, CN=Amazon RSA 2048 M04"
mggm.cryo.niaid.nih.gov,No,Yes,1,1,2025-09-17T16:06:05,2026-10-17T16:05:05,21088208262,"C=US, O=IdenTrust, OU=HydrantID Trusted Certificate Service, CN=HydrantID Server CA O1"
mipav.cit.nih.gov,Yes,Yes,1,1,2025-11-14T20:22:17,2026-12-14T20:21:17,22471644572,"C=US, O=IdenTrust, OU=HydrantID Trusted Certificate Service, CN=HydrantID Server CA O1"
mirror.nih.gov,Yes,Yes,1,1,2026-02-18T15:32:47,2027-03-20T15:31:47,24492927278,"C=US, O=IdenTrust, OU=HydrantID Trusted Certificate Service, CN=HydrantID Server CA O1"
ml.opa-dev.od.nih.gov,No,Yes,1,1,2026-04-28T16:22:32,2026-11-13T16:21:32,26253382252,"C=US, O=IdenTrust, OU=HydrantID Trusted Certificate Service, CN=HydrantID Server CA O1"
ml.opa-tools.od.nih.gov,No,Yes,4,1,2026-05-14T18:20:09,2027-03-07T16:48:29,26444917519;28715696537;28715676118;28864586149,"C=US, O=IdenTrust, OU=HydrantID Trusted Certificate Service, CN=HydrantID Server CA O1"
mlc.nimh.nih.gov,Yes,Yes,1,1,2026-01-29T16:16:48,2027-02-28T16:15:48,24060814895,"C=US, O=IdenTrust, OU=HydrantID Trusted Certificate Service, CN=HydrantID Server CA O1"
mnemiopsis-aws.nhgri.nih.gov,Yes,Yes,1,1,2026-05-11T00:00:00,2026-11-24T23:59:59,26245852951,"C=US, O=Amazon, CN=Amazon RSA 2048 M04"
mnemiopsis-dev.nhgri.nih.gov,No,Yes,1,1,2025-10-15T00:00:00,2026-11-13T23:59:59,21740629482,"C=US, O=Amazon, CN=Amazon RSA 2048 M01"
monitor-dev.nci.nih.gov,Yes,Yes,2,1,2026-07-22T10:21:14,2026-10-20T10:21:13,28151121498;28151128665,"C=US, O=Let's Encrypt, CN=YR2"
monkeybusiness.niaid.nih.gov,No,Yes,1,1,2025-09-17T16:06:05,2026-10-17T16:05:05,21088208262,"C=US, O=IdenTrust, OU=HydrantID Trusted Certificate Service, CN=HydrantID Server CA O1"
mpc-qa.niaid.nih.gov,No,Yes,1,1,2026-04-28T12:38:15,2026-11-13T12:37:15,26251764462,"C=US, O=IdenTrust, OU=HydrantID Trusted Certificate Service, CN=HydrantID Server CA O1"
mpc-xess-dev.niaid.nih.gov,No,Yes,1,1,2026-07-16T14:01:38,2027-01-31T14:00:38,27983954834,"C=US, O=IdenTrust, OU=HydrantID Trusted Certificate Service, CN=HydrantID Server CA O1"
mpc.niaid.nih.gov,No,Yes,1,1,2026-05-07T13:46:01,2026-11-22T13:45:01,26383191444,"C=US, O=IdenTrust, OU=HydrantID Trusted Certificate Service, CN=HydrantID Server CA O1"
mrb.niddk.nih.gov,Yes,Yes,2,1,2026-05-13T00:00:00,2026-11-13T23:59:59,26308069937;26307425925,"C=US, O=DigiCert Inc, OU=www.digicert.com, CN=GeoTrust TLS RSA CA G1"
mrbs.nmrf.nih.gov,Yes,Yes,1,1,2025-10-22T14:46:59,2026-11-21T14:45:59,21916965936,"C=US, O=IdenTrust, OU=HydrantID Trusted Certificate Service, CN=HydrantID Server CA O1"
mregs.nih.gov,Yes,Yes,2,1,2026-07-29T11:50:08,2026-10-27T11:50:07,28350453747;28350442253,"C=US, O=Let's Encrypt, CN=YR1"
mriatlases.nih.gov,Yes,Yes,1,1,2026-07-17T18:52:17,2027-02-01T18:51:17,28018985626,"C=US, O=IdenTrust, OU=HydrantID Trusted Certificate Service, CN=HydrantID Server CA O1"
mspp.nhlbi.nih.gov,Yes,Yes,4,1,2025-10-31T21:47:37,2027-01-22T21:50:08,22189179484;22189255451;22126827393;23323896640,"C=US, O=IdenTrust, OU=HydrantID Trusted Certificate Service, CN=HydrantID Server CA O1"
mtg.cit.nih.gov,Yes,Yes,1,1,2026-05-08T15:08:31,2026-11-23T15:07:31,26392815316,"C=US, O=IdenTrust, OU=HydrantID Trusted Certificate Service, CN=HydrantID Server CA O1"
mtg.nihdev.cit.nih.gov,Yes,Yes,1,1,2025-10-22T18:34:58,2026-11-21T18:33:58,21920521543,"C=US, O=IdenTrust, OU=HydrantID Trusted Certificate Service, CN=HydrantID Server CA O1"
mtls.rasstg.nih.gov,No,Yes,1,1,2026-06-11T15:10:38,2026-12-27T15:09:38,27091090480,"C=US, O=IdenTrust, OU=HydrantID Trusted Certificate Service, CN=HydrantID Server CA O1"
mtls.rasstgb.nih.gov,No,Yes,1,1,2026-06-11T15:10:38,2026-12-27T15:09:38,27091090480,"C=US, O=IdenTrust, OU=HydrantID Trusted Certificate Service, CN=HydrantID Server CA O1"
mtls.rasstgp.nih.gov,No,Yes,1,1,2026-06-11T15:10:38,2026-12-27T15:09:38,27091090480,"C=US, O=IdenTrust, OU=HydrantID Trusted Certificate Service, CN=HydrantID Server CA O1"
mtls.rasstgpb.nih.gov,No,Yes,1,1,2026-06-11T15:10:38,2026-12-27T15:09:38,27091090480,"C=US, O=IdenTrust, OU=HydrantID Trusted Certificate Service, CN=HydrantID Server CA O1"
mtls.stsstg.nih.gov,No,Yes,1,1,2026-06-11T15:10:38,2026-12-27T15:09:38,27091090480,"C=US, O=IdenTrust, OU=HydrantID Trusted Certificate Service, CN=HydrantID Server CA O1"
mtls.stsstgb.nih.gov,No,Yes,1,1,2026-06-11T15:10:38,2026-12-27T15:09:38,27091090480,"C=US, O=IdenTrust, OU=HydrantID Trusted Certificate Service, CN=HydrantID Server CA O1"
mtls.stsstgp.nih.gov,No,Yes,1,1,2026-06-11T15:10:38,2026-12-27T15:09:38,27091090480,"C=US, O=IdenTrust, OU=HydrantID Trusted Certificate Service, CN=HydrantID Server CA O1"
mtls.stsstgpb.nih.gov,No,Yes,1,1,2026-06-11T15:10:38,2026-12-27T15:09:38,27091090480,"C=US, O=IdenTrust, OU=HydrantID Trusted Certificate Service, CN=HydrantID Server CA O1"
mtrac-test.nichd.nih.gov,No,Yes,1,1,2026-05-01T17:50:12,2026-11-16T17:49:12,26281987698,"C=US, O=IdenTrust, OU=HydrantID Trusted Certificate Service, CN=HydrantID Server CA O1"
mtrac.nichd.nih.gov,Yes,Yes,1,1,2026-06-17T16:35:27,2027-01-02T16:34:27,27266316651,"C=US, O=IdenTrust, OU=HydrantID Trusted Certificate Service, CN=HydrantID Server CA O1"
mtrm-api.globe.nih.gov,Yes,Yes,1,1,2026-02-02T00:00:00,2027-03-03T23:59:59,24141368122,"C=US, O=Amazon, CN=Amazon RSA 2048 M01"
mtrm.globe.nih.gov,Yes,Yes,1,1,2026-02-02T00:00:00,2027-03-03T23:59:59,24141333284,"C=US, O=Amazon, CN=Amazon RSA 2048 M01"
munki.ncats.nih.gov,Yes,Yes,1,1,2025-09-26T13:36:50,2026-10-26T13:35:50,21290335649,"C=US, O=IdenTrust, OU=HydrantID Trusted Certificate Service, CN=HydrantID Server CA O1"
mvdb.niaid.nih.gov,No,Yes,2,1,2025-10-02T15:54:05,2026-11-07T22:14:52,21582840129;21422326154,"C=US, O=IdenTrust, OU=HydrantID Trusted Certificate Service, CN=HydrantID Server CA O1"
mwr.obssr.od.nih.gov,Yes,Yes,1,1,2025-12-30T15:16:04,2027-01-29T15:15:04,23457439546,"C=US, O=IdenTrust, OU=HydrantID Trusted Certificate Service, CN=HydrantID Server CA O1"
mwsplash.nhgri.nih.gov,Yes,Yes,2,1,2025-09-15T00:00:00,2027-03-01T23:59:59,28788860479;21027927685,"C=US, O=Amazon, CN=Amazon RSA 2048 M01"
mx.hub.nih.gov,Yes,Yes,2,1,2026-08-21T00:00:00,2027-03-07T23:59:59,28895560682;28895565832,"C=CA, O=Entrust Limited, CN=Entrust OV TLS Issuing RSA CA 2"
myauth.ncats.nih.gov,Yes,Yes,1,1,2025-09-16T19:24:41,2026-10-16T19:23:41,21064411481,"C=US, O=IdenTrust, OU=HydrantID Trusted Certificate Service, CN=HydrantID Server CA O1"
mycroft2.nmrf.nih.gov,Yes,Yes,2,1,2025-10-14T15:59:04,2026-11-19T17:35:39,21717743220;21859321117,"C=US, O=IdenTrust, OU=HydrantID Trusted Certificate Service, CN=HydrantID Server CA O1"
mydaidsconnect.niaid.nih.gov,Yes,Yes,1,1,2025-12-16T19:54:03,2027-01-15T19:53:03,23162305209,"C=US, O=IdenTrust, OU=HydrantID Trusted Certificate Service, CN=HydrantID Server CA O1"
mydaidsconnectqa.niaid.nih.gov,Yes,Yes,1,1,2025-11-05T19:25:15,2026-12-05T19:24:15,22235638446,"C=US, O=IdenTrust, OU=HydrantID Trusted Certificate Service, CN=HydrantID Server CA O1"
mydaidsconnectsp19prod-vip.niaid.nih.gov,No,Yes,1,1,2025-12-16T19:54:03,2027-01-15T19:53:03,23162305209,"C=US, O=IdenTrust, OU=HydrantID Trusted Certificate Service, CN=HydrantID Server CA O1"
mydaidsconnectsp19qa-vip.niaid.nih.gov,No,Yes,1,1,2025-11-05T19:25:15,2026-12-05T19:24:15,22235638446,"C=US, O=IdenTrust, OU=HydrantID Trusted Certificate Service, CN=HydrantID Server CA O1"
myelomatch-api-int.nci.nih.gov,No,Yes,2,1,2026-05-26T00:00:00,2026-12-09T23:59:59,26655605602;26686255978,"C=US, O=Amazon, CN=Amazon RSA 2048 M04"
myelomatch-api-uat.nci.nih.gov,No,Yes,2,1,2026-05-26T00:00:00,2026-12-09T23:59:59,26655591277;26686245997,"C=US, O=Amazon, CN=Amazon RSA 2048 M04"
myelomatch-api.nci.nih.gov,No,Yes,2,1,2026-05-26T00:00:00,2026-12-09T23:59:59,26686245861;26655590555,"C=US, O=Amazon, CN=Amazon RSA 2048 M01"
myelomatch-int.nci.nih.gov,Yes,Yes,2,1,2026-05-26T00:00:00,2026-12-09T23:59:59,26655605602;26686255978,"C=US, O=Amazon, CN=Amazon RSA 2048 M04"
myelomatch-uat.nci.nih.gov,Yes,Yes,2,1,2026-05-26T00:00:00,2026-12-09T23:59:59,26655591277;26686245997,"C=US, O=Amazon, CN=Amazon RSA 2048 M04"
myelomatch.nci.nih.gov,Yes,Yes,2,1,2026-05-26T00:00:00,2026-12-09T23:59:59,26686245861;26655590555,"C=US, O=Amazon, CN=Amazon RSA 2048 M01"
myit.nlm.nih.gov,Yes,Yes,1,1,2026-08-28T07:31:07,2026-11-26T07:31:06,29472629940,"C=US, O=Let's Encrypt, CN=YR2"
myitsandbox.nlm.nih.gov,Yes,Yes,2,1,2026-08-28T00:38:27,2026-11-26T00:38:26,29259425981;29113923427,"C=US, O=Let's Encrypt, CN=YR1"
myitsm.ha.nih.gov,No,Yes,1,1,2025-11-03T15:06:59,2026-12-03T15:05:59,22181194498,"C=US, O=IdenTrust, OU=HydrantID Trusted Certificate Service, CN=HydrantID Server CA O1"
myitsm.nih.gov,Yes,Yes,1,1,2025-11-03T15:06:59,2026-12-03T15:05:59,22181194498,"C=US, O=IdenTrust, OU=HydrantID Trusted Certificate Service, CN=HydrantID Server CA O1"
myitsmstage.cit.nih.gov,Yes,Yes,1,1,2026-06-01T18:55:10,2026-12-17T18:54:10,26807488231,"C=US, O=IdenTrust, OU=HydrantID Trusted Certificate Service, CN=HydrantID Server CA O1"
mynbs.nih.gov,Yes,Yes,2,1,2026-08-14T16:42:37,2027-03-01T16:41:57,28799232394;28799232369,"C=US, O=IdenTrust, OU=HydrantID Trusted Certificate Service, CN=HydrantID Server CA O1"
mynindsapi.ninds.nih.gov,Yes,Yes,1,1,2026-06-11T19:44:42,2026-12-27T19:43:42,27097723494,"C=US, O=IdenTrust, OU=HydrantID Trusted Certificate Service, CN=HydrantID Server CA O1"
mynindsapitest.ninds.nih.gov,Yes,Yes,1,1,2026-06-01T18:55:31,2026-12-17T18:54:31,26807505742,"C=US, O=IdenTrust, OU=HydrantID Trusted Certificate Service, CN=HydrantID Server CA O1"
mynindsfunctionsstg.ninds.nih.gov,Yes,Yes,1,1,2026-05-22T19:08:46,2026-12-07T19:07:46,26557322698,"C=US, O=IdenTrust, OU=HydrantID Trusted Certificate Service, CN=HydrantID Server CA O1"
myphone.nih.gov,Yes,Yes,1,1,2026-01-21T21:21:52,2027-02-20T21:20:52,23905201761,"C=US, O=IdenTrust, OU=HydrantID Trusted Certificate Service, CN=HydrantID Server CA O1"
myproperty.nih.gov,No,Yes,1,1,2026-06-12T00:16:58,2026-12-28T00:15:58,27104389449,"C=US, O=IdenTrust, OU=HydrantID Trusted Certificate Service, CN=HydrantID Server CA O1"
mypropertymobile.nih.gov,No,Yes,1,1,2026-07-20T17:12:19,2027-02-04T17:11:19,28098999590,"C=US, O=IdenTrust, OU=HydrantID Trusted Certificate Service, CN=HydrantID Server CA O1"
mypropertymobileqa.nih.gov,No,Yes,1,1,2026-07-20T17:09:27,2027-02-04T17:08:27,28098932345,"C=US, O=IdenTrust, OU=HydrantID Trusted Certificate Service, CN=HydrantID Server CA O1"
myrtb.nih.gov,No,Yes,1,1,2026-01-06T14:42:31,2027-02-05T14:41:31,23589139594,"C=US, O=IdenTrust, OU=HydrantID Trusted Certificate Service, CN=HydrantID Server CA O1"
myrtb19qa-vip.niaid.nih.gov,No,Yes,1,1,2026-07-16T21:01:05,2027-01-31T21:00:05,27992549642,"C=US, O=IdenTrust, OU=HydrantID Trusted Certificate Service, CN=HydrantID Server CA O1"
myrtbqa.niaid.nih.gov,Yes,Yes,1,1,2026-07-16T21:01:05,2027-01-31T21:00:05,27992549642,"C=US, O=IdenTrust, OU=HydrantID Trusted Certificate Service, CN=HydrantID Server CA O1"
mysam.ha.nih.gov,No,Yes,1,1,2025-11-03T15:00:56,2026-12-03T14:59:56,22181109941,"C=US, O=IdenTrust, OU=HydrantID Trusted Certificate Service, CN=HydrantID Server CA O1"
mysam.nih.gov,Yes,Yes,1,1,2025-11-03T15:00:56,2026-12-03T14:59:56,22181109941,"C=US, O=IdenTrust, OU=HydrantID Trusted Certificate Service, CN=HydrantID Server CA O1"
mysamdev.ha.nih.gov,No,Yes,1,1,2025-11-03T15:01:59,2026-12-03T15:00:59,22181125334,"C=US, O=IdenTrust, OU=HydrantID Trusted Certificate Service, CN=HydrantID Server CA O1"
mysamdev.nih.gov,Yes,Yes,1,1,2025-11-03T15:01:59,2026-12-03T15:00:59,22181125334,"C=US, O=IdenTrust, OU=HydrantID Trusted Certificate Service, CN=HydrantID Server CA O1"
mysamtest.ha.nih.gov,No,Yes,1,1,2025-11-03T15:05:49,2026-12-03T15:04:49,22181181316,"C=US, O=IdenTrust, OU=HydrantID Trusted Certificate Service, CN=HydrantID Server CA O1"
mysamtest.nih.gov,Yes,Yes,1,1,2025-11-03T15:05:49,2026-12-03T15:04:49,22181181316,"C=US, O=IdenTrust, OU=HydrantID Trusted Certificate Service, CN=HydrantID Server CA O1"
mysite.cit.nih.gov,Yes,Yes,1,1,2026-07-20T19:32:35,2027-02-04T19:31:35,28101901569,"C=US, O=IdenTrust, OU=HydrantID Trusted Certificate Service, CN=HydrantID Server CA O1"
mysitesext.ncats.nih.gov,Yes,Yes,1,1,2026-03-31T21:03:41,2026-10-16T21:02:41,25303286911,"C=US, O=IdenTrust, OU=HydrantID Trusted Certificate Service, CN=HydrantID Server CA O1"
myworkspace.niaid.nih.gov,Yes,Yes,1,1,2025-10-02T15:42:11,2026-11-01T15:41:11,21422139954,"C=US, O=IdenTrust, OU=HydrantID Trusted Certificate Service, CN=HydrantID Server CA O1"
n3c-strapi-opendata.ncats.nih.gov,Yes,Yes,1,1,2026-05-15T19:55:25,2026-11-30T19:54:25,26454184329,"C=US, O=IdenTrust, OU=HydrantID Trusted Certificate Service, CN=HydrantID Server CA O1"
n3c.ncats.nih.gov,Yes,Yes,1,1,2026-05-15T17:14:40,2026-11-30T17:13:40,26453106789,"C=US, O=IdenTrust, OU=HydrantID Trusted Certificate Service, CN=HydrantID Server CA O1"
nabs-azure-dev.niaid.nih.gov,Yes,Yes,2,1,2026-06-12T00:00:00,2026-12-12T23:59:59,27269420553;27132088010,"C=US, O=DigiCert Inc, OU=www.digicert.com, CN=GeoTrust TLS RSA CA G1"
nabs-qa.niaid.nih.gov,No,Yes,1,1,2026-07-01T22:52:23,2027-01-16T22:51:23,27628082370,"C=US, O=IdenTrust, OU=HydrantID Trusted Certificate Service, CN=HydrantID Server CA O1"
nabs.niaid.nih.gov,No,Yes,1,1,2026-07-05T12:30:47,2027-01-20T12:29:47,27708504332,"C=US, O=IdenTrust, OU=HydrantID Trusted Certificate Service, CN=HydrantID Server CA O1"
nac-fp01.nci.nih.gov,No,Yes,1,1,2026-03-27T00:00:00,2026-10-11T23:59:59,25259894178,"C=US, O=DigiCert Inc, CN=DigiCert Global G2 TLS RSA SHA256 2020 CA1"
naci.nhlbi.nih.gov,No,Yes,1,1,2026-06-12T17:23:42,2026-12-28T17:22:42,27128788628,"C=US, O=IdenTrust, OU=HydrantID Trusted Certificate Service, CN=HydrantID Server CA O1"
nars.cc.nih.gov,Yes,Yes,2,1,2026-05-27T00:00:00,2026-12-11T23:59:59,26684682672;26724602815,"C=US, O=DigiCert Inc, CN=DigiCert Global G2 TLS RSA SHA256 2020 CA1"
nats.niaid.nih.gov,No,Yes,2,1,2025-10-02T15:54:05,2026-11-07T22:14:52,21582840129;21422326154,"C=US, O=IdenTrust, OU=HydrantID Trusted Certificate Service, CN=HydrantID Server CA O1"
nbdc-biobank.nida.nih.gov,Yes,Yes,1,1,2026-07-28T19:21:24,2027-02-12T19:20:24,28329004407,"C=US, O=IdenTrust, OU=HydrantID Trusted Certificate Service, CN=HydrantID Server CA O1"
nbr-azure-dev.niaid.nih.gov,Yes,Yes,2,1,2026-06-12T00:00:00,2026-12-12T23:59:59,27131993174;27269383430,"C=US, O=DigiCert Inc, OU=www.digicert.com, CN=GeoTrust TLS RSA CA G1"
nbr-qa.niaid.nih.gov,No,Yes,1,1,2026-07-01T22:52:23,2027-01-16T22:51:23,27628082370,"C=US, O=IdenTrust, OU=HydrantID Trusted Certificate Service, CN=HydrantID Server CA O1"
nbr.niaid.nih.gov,No,Yes,1,1,2026-07-05T12:30:47,2027-01-20T12:29:47,27708504332,"C=US, O=IdenTrust, OU=HydrantID Trusted Certificate Service, CN=HydrantID Server CA O1"
nbs-soa-nonprod.nbscloud.nih.gov,Yes,Yes,1,1,2026-06-30T18:10:33,2027-01-15T18:09:33,27598756739,"C=US, O=IdenTrust, OU=HydrantID Trusted Certificate Service, CN=HydrantID Server CA O1"
nbs-soa-prod.nbscloud.nih.gov,Yes,Yes,1,1,2025-09-18T16:47:51,2026-10-18T16:46:51,21112194893,"C=US, O=IdenTrust, OU=HydrantID Trusted Certificate Service, CN=HydrantID Server CA O1"
nbsalmtest.nbscloud.nih.gov,Yes,Yes,1,1,2025-11-26T19:53:47,2026-12-26T19:52:47,22750202678,"C=US, O=IdenTrust, OU=HydrantID Trusted Certificate Service, CN=HydrantID Server CA O1"
nbsapexdev.nbscloud.nih.gov,Yes,Yes,1,1,2025-10-09T18:31:13,2026-11-08T18:30:13,21605830497,"C=US, O=IdenTrust, OU=HydrantID Trusted Certificate Service, CN=HydrantID Server CA O1"
nbsapxdr.nbscloud.nih.gov,Yes,Yes,1,1,2026-01-12T14:38:57,2027-02-11T14:37:57,23723099082,"C=US, O=IdenTrust, OU=HydrantID Trusted Certificate Service, CN=HydrantID Server CA O1"
nbsapxmdft.nbscloud.nih.gov,Yes,Yes,1,1,2026-06-25T20:45:20,2027-01-10T20:44:20,27483726973,"C=US, O=IdenTrust, OU=HydrantID Trusted Certificate Service, CN=HydrantID Server CA O1"
nbsapxmock.nbscloud.nih.gov,Yes,Yes,1,1,2026-05-13T19:32:13,2026-11-28T19:31:13,26435293660,"C=US, O=IdenTrust, OU=HydrantID Trusted Certificate Service, CN=HydrantID Server CA O1"
nbsapxnrt.nbscloud.nih.gov,Yes,Yes,1,1,2026-08-14T16:42:58,2027-03-01T16:41:58,28799234005,"C=US, O=IdenTrust, OU=HydrantID Trusted Certificate Service, CN=HydrantID Server CA O1"
nbsapxpjd1.nbscloud.nih.gov,Yes,Yes,1,1,2026-06-04T18:08:25,2026-12-20T18:07:25,26891637114,"C=US, O=IdenTrust, OU=HydrantID Trusted Certificate Service, CN=HydrantID Server CA O1"
nbsapxpjd2.nbscloud.nih.gov,Yes,Yes,1,1,2025-11-17T19:25:49,2026-12-17T19:24:49,22545359793,"C=US, O=IdenTrust, OU=HydrantID Trusted Certificate Service, CN=HydrantID Server CA O1"
nbsapxpjd3.nbscloud.nih.gov,Yes,Yes,1,1,2025-11-26T15:35:40,2026-12-26T15:34:40,22746653463,"C=US, O=IdenTrust, OU=HydrantID Trusted Certificate Service, CN=HydrantID Server CA O1"
nbsapxpjt1.nbscloud.nih.gov,Yes,Yes,1,1,2026-06-04T18:08:00,2026-12-20T18:07:00,26891637200,"C=US, O=IdenTrust, OU=HydrantID Trusted Certificate Service, CN=HydrantID Server CA O1"
nbsapxpjt2.nbscloud.nih.gov,Yes,Yes,1,1,2025-12-05T20:06:29,2027-01-04T20:05:29,22910932998,"C=US, O=IdenTrust, OU=HydrantID Trusted Certificate Service, CN=HydrantID Server CA O1"
nbsapxpjt3.nbscloud.nih.gov,Yes,Yes,1,1,2025-12-16T13:50:32,2027-01-15T13:49:32,23156241027,"C=US, O=IdenTrust, OU=HydrantID Trusted Certificate Service, CN=HydrantID Server CA O1"
nbsapxpju2.nbscloud.nih.gov,Yes,Yes,1,1,2026-01-07T15:42:08,2027-02-06T15:41:08,23611685759,"C=US, O=IdenTrust, OU=HydrantID Trusted Certificate Service, CN=HydrantID Server CA O1"
nbsapxprod.nbscloud.nih.gov,Yes,Yes,1,1,2025-12-16T13:31:46,2027-01-15T13:30:46,23155937233,"C=US, O=IdenTrust, OU=HydrantID Trusted Certificate Service, CN=HydrantID Server CA O1"
nbsapxptch.nbscloud.nih.gov,Yes,Yes,1,1,2026-05-13T19:32:47,2026-11-28T19:31:47,26435303265,"C=US, O=IdenTrust, OU=HydrantID Trusted Certificate Service, CN=HydrantID Server CA O1"
nbsapxtest.nbscloud.nih.gov,Yes,Yes,1,1,2025-10-09T18:35:49,2026-11-08T18:34:49,21605904813,"C=US, O=IdenTrust, OU=HydrantID Trusted Certificate Service, CN=HydrantID Server CA O1"
nbsapxtrb.nbscloud.nih.gov,Yes,Yes,1,1,2026-04-07T13:42:03,2026-10-23T13:41:03,25610628164,"C=US, O=IdenTrust, OU=HydrantID Trusted Certificate Service, CN=HydrantID Server CA O1"
nbsavprsprod01.nih.gov,Yes,Yes,1,1,2026-02-11T17:05:00,2027-03-13T17:04:00,24337749162,"C=US, O=IdenTrust, OU=HydrantID Trusted Certificate Service, CN=HydrantID Server CA O1"
nbsavprsprod02.nih.gov,Yes,Yes,1,1,2026-02-11T17:05:25,2027-03-13T17:04:25,24337766819,"C=US, O=IdenTrust, OU=HydrantID Trusted Certificate Service, CN=HydrantID Server CA O1"
nbsavprsprod03.nih.gov,Yes,Yes,1,1,2026-02-11T17:10:57,2027-03-13T17:09:57,24337850692,"C=US, O=IdenTrust, OU=HydrantID Trusted Certificate Service, CN=HydrantID Server CA O1"
nbsavrpadevor01.nbscloud.nih.gov,Yes,Yes,1,1,2026-08-04T16:54:04,2027-02-19T16:53:04,28531447535,"C=US, O=IdenTrust, OU=HydrantID Trusted Certificate Service, CN=HydrantID Server CA O1"
nbsavrpaprdor01.nbscloud.nih.gov,Yes,Yes,1,1,2026-08-04T16:53:44,2027-02-19T16:52:44,28531423509,"C=US, O=IdenTrust, OU=HydrantID Trusted Certificate Service, CN=HydrantID Server CA O1"
nbsavrpastgor01.nbscloud.nih.gov,Yes,Yes,1,1,2026-07-31T21:04:06,2027-02-15T21:03:06,28418151785,"C=US, O=IdenTrust, OU=HydrantID Trusted Certificate Service, CN=HydrantID Server CA O1"
nbsawxdr.nbscloud.nih.gov,Yes,Yes,1,1,2026-01-12T14:39:58,2027-02-11T14:38:58,23723112419,"C=US, O=IdenTrust, OU=HydrantID Trusted Certificate Service, CN=HydrantID Server CA O1"
nbsawxprod.nbscloud.nih.gov,Yes,Yes,1,1,2026-02-04T17:24:47,2027-03-06T17:23:47,24185015083,"C=US, O=IdenTrust, OU=HydrantID Trusted Certificate Service, CN=HydrantID Server CA O1"
nbsawxtest.nbscloud.nih.gov,Yes,Yes,1,1,2026-01-27T17:55:35,2027-02-26T17:54:35,24016696428,"C=US, O=IdenTrust, OU=HydrantID Trusted Certificate Service, CN=HydrantID Server CA O1"
nbsebsdev.nbscloud.nih.gov,Yes,Yes,1,1,2025-10-09T18:31:49,2026-11-08T18:30:49,21605832114,"C=US, O=IdenTrust, OU=HydrantID Trusted Certificate Service, CN=HydrantID Server CA O1"
nbsebsdr.nbscloud.nih.gov,Yes,Yes,1,1,2026-01-12T14:40:28,2027-02-11T14:39:28,23723114134,"C=US, O=IdenTrust, OU=HydrantID Trusted Certificate Service, CN=HydrantID Server CA O1"
nbsebsmdft.nbscloud.nih.gov,Yes,Yes,1,1,2026-06-25T20:45:39,2027-01-10T20:44:39,27483727306,"C=US, O=IdenTrust, OU=HydrantID Trusted Certificate Service, CN=HydrantID Server CA O1"
nbsebsmock.nbscloud.nih.gov,Yes,Yes,1,1,2026-05-13T19:33:11,2026-11-28T19:32:11,26435311344,"C=US, O=IdenTrust, OU=HydrantID Trusted Certificate Service, CN=HydrantID Server CA O1"
nbsebsnrt.nbscloud.nih.gov,Yes,Yes,1,1,2026-08-14T16:43:20,2027-03-01T16:42:20,28799233537,"C=US, O=IdenTrust, OU=HydrantID Trusted Certificate Service, CN=HydrantID Server CA O1"
nbsebspjd1.nbscloud.nih.gov,Yes,Yes,1,1,2026-06-04T18:07:21,2026-12-20T18:06:21,26891608720,"C=US, O=IdenTrust, OU=HydrantID Trusted Certificate Service, CN=HydrantID Server CA O1"
nbsebspjd2.nbscloud.nih.gov,Yes,Yes,1,1,2025-11-17T19:26:35,2026-12-17T19:25:35,22545377297,"C=US, O=IdenTrust, OU=HydrantID Trusted Certificate Service, CN=HydrantID Server CA O1"
nbsebspjd3.nbscloud.nih.gov,Yes,Yes,1,1,2025-11-26T15:36:40,2026-12-26T15:35:40,22746666966,"C=US, O=IdenTrust, OU=HydrantID Trusted Certificate Service, CN=HydrantID Server CA O1"
nbsebspjt1.nbscloud.nih.gov,Yes,Yes,1,1,2026-06-04T18:06:59,2026-12-20T18:05:59,26891609054,"C=US, O=IdenTrust, OU=HydrantID Trusted Certificate Service, CN=HydrantID Server CA O1"
nbsebspjt2.nbscloud.nih.gov,Yes,Yes,1,1,2025-12-05T20:07:16,2027-01-04T20:06:16,22910932242,"C=US, O=IdenTrust, OU=HydrantID Trusted Certificate Service, CN=HydrantID Server CA O1"
nbsebspjt3.nbscloud.nih.gov,Yes,Yes,1,1,2025-12-16T13:48:49,2027-01-15T13:47:49,23156210925,"C=US, O=IdenTrust, OU=HydrantID Trusted Certificate Service, CN=HydrantID Server CA O1"
nbsebspju2.nbscloud.nih.gov,Yes,Yes,1,1,2026-01-07T15:40:05,2027-02-06T15:39:05,23611657363,"C=US, O=IdenTrust, OU=HydrantID Trusted Certificate Service, CN=HydrantID Server CA O1"
nbsebsprod.nbscloud.nih.gov,Yes,Yes,1,1,2025-12-16T13:29:43,2027-01-15T13:28:43,23155905435,"C=US, O=IdenTrust, OU=HydrantID Trusted Certificate Service, CN=HydrantID Server CA O1"
nbsebsptch.nbscloud.nih.gov,Yes,Yes,1,1,2026-05-13T19:33:29,2026-11-28T19:32:29,26435311652,"C=US, O=IdenTrust, OU=HydrantID Trusted Certificate Service, CN=HydrantID Server CA O1"
nbsebstest.nbscloud.nih.gov,Yes,Yes,1,1,2025-10-09T18:36:10,2026-11-08T18:35:10,21605906363,"C=US, O=IdenTrust, OU=HydrantID Trusted Certificate Service, CN=HydrantID Server CA O1"
nbsebstrb.nbscloud.nih.gov,Yes,Yes,1,1,2026-04-07T13:41:29,2026-10-23T13:40:29,25610617822,"C=US, O=IdenTrust, OU=HydrantID Trusted Certificate Service, CN=HydrantID Server CA O1"
nbsflxdr.nbscloud.nih.gov,Yes,Yes,1,1,2026-01-27T17:56:33,2027-02-26T17:55:33,24016715124,"C=US, O=IdenTrust, OU=HydrantID Trusted Certificate Service, CN=HydrantID Server CA O1"
nbsflxprod.nbscloud.nih.gov,Yes,Yes,1,1,2026-02-11T17:00:22,2027-03-13T16:59:22,24337670176,"C=US, O=IdenTrust, OU=HydrantID Trusted Certificate Service, CN=HydrantID Server CA O1"
nbsflxtest.nbscloud.nih.gov,Yes,Yes,1,1,2026-02-11T16:59:25,2027-03-13T16:58:25,24337657575,"C=US, O=IdenTrust, OU=HydrantID Trusted Certificate Service, CN=HydrantID Server CA O1"
nbsoamdev.nbscloud.nih.gov,Yes,Yes,1,1,2025-11-26T19:55:00,2026-12-26T19:54:00,22750214714,"C=US, O=IdenTrust, OU=HydrantID Trusted Certificate Service, CN=HydrantID Server CA O1"
nbsoamdr.nbscloud.nih.gov,Yes,Yes,1,1,2026-01-12T14:41:31,2027-02-11T14:40:31,23723132681,"C=US, O=IdenTrust, OU=HydrantID Trusted Certificate Service, CN=HydrantID Server CA O1"
nbsoamprod.nbscloud.nih.gov,Yes,Yes,1,1,2025-12-16T13:30:56,2027-01-15T13:29:56,23155920513,"C=US, O=IdenTrust, OU=HydrantID Trusted Certificate Service, CN=HydrantID Server CA O1"
nbsoamtest.nbscloud.nih.gov,Yes,Yes,1,1,2025-11-26T19:55:46,2026-12-26T19:54:46,22750227174,"C=US, O=IdenTrust, OU=HydrantID Trusted Certificate Service, CN=HydrantID Server CA O1"
nbsoemdev.nbscloud.nih.gov,Yes,Yes,1,1,2026-04-03T17:25:52,2026-10-19T17:24:52,25424871464,"C=US, O=IdenTrust, OU=HydrantID Trusted Certificate Service, CN=HydrantID Server CA O1"
nbsoemdr.nbscloud.nih.gov,Yes,Yes,1,1,2025-10-22T18:34:21,2026-11-21T18:33:21,21920507465,"C=US, O=IdenTrust, OU=HydrantID Trusted Certificate Service, CN=HydrantID Server CA O1"
nbsoemprod.nbscloud.nih.gov,Yes,Yes,1,1,2026-04-07T13:39:44,2026-10-23T13:38:44,25610564143,"C=US, O=IdenTrust, OU=HydrantID Trusted Certificate Service, CN=HydrantID Server CA O1"
nbsoemtest.nbscloud.nih.gov,Yes,Yes,1,1,2025-10-22T14:46:13,2026-11-21T14:45:13,21916945851,"C=US, O=IdenTrust, OU=HydrantID Trusted Certificate Service, CN=HydrantID Server CA O1"
nbsproxy.niaid.nih.gov,Yes,Yes,2,1,2026-04-30T15:57:52,2026-12-27T19:42:07,27097702692;26271160033,"C=US, O=IdenTrust, OU=HydrantID Trusted Certificate Service, CN=HydrantID Server CA O1"
nbsproxyqa.niaid.nih.gov,Yes,Yes,1,1,2026-06-11T20:12:53,2026-12-27T20:11:53,27098373705,"C=US, O=IdenTrust, OU=HydrantID Trusted Certificate Service, CN=HydrantID Server CA O1"
nbsprsdev.nbscloud.nih.gov,Yes,Yes,1,1,2025-10-09T18:33:27,2026-11-08T18:32:27,21605865535,"C=US, O=IdenTrust, OU=HydrantID Trusted Certificate Service, CN=HydrantID Server CA O1"
nbsprsdr.nbscloud.nih.gov,Yes,Yes,1,1,2026-01-12T14:43:05,2027-02-11T14:42:05,23723150116,"C=US, O=IdenTrust, OU=HydrantID Trusted Certificate Service, CN=HydrantID Server CA O1"
nbsprsmdft.nbscloud.nih.gov,Yes,Yes,1,1,2026-06-25T20:45:59,2027-01-10T20:44:59,27483728563,"C=US, O=IdenTrust, OU=HydrantID Trusted Certificate Service, CN=HydrantID Server CA O1"
nbsprsmock.nbscloud.nih.gov,Yes,Yes,1,1,2026-05-13T19:33:51,2026-11-28T19:32:51,26435312391,"C=US, O=IdenTrust, OU=HydrantID Trusted Certificate Service, CN=HydrantID Server CA O1"
nbsprsnrt.nbscloud.nih.gov,Yes,Yes,2,1,2026-08-14T16:43:44,2027-03-01T16:43:06,28799241386;28799247914,"C=US, O=IdenTrust, OU=HydrantID Trusted Certificate Service, CN=HydrantID Server CA O1"
nbsprspjd1.nbscloud.nih.gov,Yes,Yes,1,1,2026-06-03T20:05:32,2026-12-19T20:04:32,26864962277,"C=US, O=IdenTrust, OU=HydrantID Trusted Certificate Service, CN=HydrantID Server CA O1"
nbsprspjd2.nbscloud.nih.gov,Yes,Yes,1,1,2025-11-17T19:27:22,2026-12-17T19:26:22,22545393849,"C=US, O=IdenTrust, OU=HydrantID Trusted Certificate Service, CN=HydrantID Server CA O1"
nbsprspjd3.nbscloud.nih.gov,Yes,Yes,1,1,2025-11-26T15:36:39,2026-12-26T15:35:39,22746666905,"C=US, O=IdenTrust, OU=HydrantID Trusted Certificate Service, CN=HydrantID Server CA O1"
nbsprspjt1.nbscloud.nih.gov,Yes,Yes,1,1,2026-06-03T20:05:07,2026-12-19T20:04:07,26864943036,"C=US, O=IdenTrust, OU=HydrantID Trusted Certificate Service, CN=HydrantID Server CA O1"
nbsprspjt2.nbscloud.nih.gov,Yes,Yes,1,1,2025-12-05T20:05:54,2027-01-04T20:04:54,22910911375,"C=US, O=IdenTrust, OU=HydrantID Trusted Certificate Service, CN=HydrantID Server CA O1"
nbsprspjt3.nbscloud.nih.gov,Yes,Yes,1,1,2025-12-16T13:47:54,2027-01-15T13:46:54,23156210977,"C=US, O=IdenTrust, OU=HydrantID Trusted Certificate Service, CN=HydrantID Server CA O1"
nbsprspju1.nbscloud.nih.gov,Yes,Yes,1,1,2025-10-09T18:37:08,2026-11-08T18:36:08,21605924743,"C=US, O=IdenTrust, OU=HydrantID Trusted Certificate Service, CN=HydrantID Server CA O1"
nbsprspju2.nbscloud.nih.gov,Yes,Yes,1,1,2026-01-07T15:42:45,2027-02-06T15:41:45,23611686243,"C=US, O=IdenTrust, OU=HydrantID Trusted Certificate Service, CN=HydrantID Server CA O1"
nbsprsprod.nbscloud.nih.gov,Yes,Yes,1,1,2025-12-10T15:54:23,2027-01-09T15:53:23,23035226670,"C=US, O=IdenTrust, OU=HydrantID Trusted Certificate Service, CN=HydrantID Server CA O1"
nbsprsptch.nbscloud.nih.gov,Yes,Yes,1,1,2026-05-13T19:34:21,2026-11-28T19:33:21,26435313438,"C=US, O=IdenTrust, OU=HydrantID Trusted Certificate Service, CN=HydrantID Server CA O1"
nbsprstest.nbscloud.nih.gov,Yes,Yes,1,1,2025-11-26T19:56:42,2026-12-26T19:55:42,22750238294,"C=US, O=IdenTrust, OU=HydrantID Trusted Certificate Service, CN=HydrantID Server CA O1"
nbsprstrb.nbscloud.nih.gov,Yes,Yes,1,1,2026-04-07T13:40:21,2026-10-23T13:39:21,25610582081,"C=US, O=IdenTrust, OU=HydrantID Trusted Certificate Service, CN=HydrantID Server CA O1"
nbspvrpadror01.nbscloud.nih.gov,Yes,Yes,1,1,2026-07-31T21:03:02,2027-02-15T21:02:02,28418130100,"C=US, O=IdenTrust, OU=HydrantID Trusted Certificate Service, CN=HydrantID Server CA O1"
nbsrpadev.nbscloud.nih.gov,Yes,Yes,1,1,2026-07-14T18:13:00,2027-01-29T18:12:00,27932823372,"C=US, O=IdenTrust, OU=HydrantID Trusted Certificate Service, CN=HydrantID Server CA O1"
nbsrpadr.nbscloud.nih.gov,Yes,Yes,1,1,2026-07-31T21:04:14,2027-02-15T21:03:14,28418153685,"C=US, O=IdenTrust, OU=HydrantID Trusted Certificate Service, CN=HydrantID Server CA O1"
nbsrpaprod.nbscloud.nih.gov,Yes,Yes,1,1,2026-07-14T18:12:41,2027-01-29T18:11:41,27932822312,"C=US, O=IdenTrust, OU=HydrantID Trusted Certificate Service, CN=HydrantID Server CA O1"
nbsrpastg.nbscloud.nih.gov,Yes,Yes,1,1,2026-08-14T16:44:04,2027-03-01T16:43:04,28799240907,"C=US, O=IdenTrust, OU=HydrantID Trusted Certificate Service, CN=HydrantID Server CA O1"
nbssfldev.nbscloud.nih.gov,Yes,Yes,1,1,2025-10-09T18:32:24,2026-11-08T18:31:24,21605847398,"C=US, O=IdenTrust, OU=HydrantID Trusted Certificate Service, CN=HydrantID Server CA O1"
nbssfldr.nbscloud.nih.gov,Yes,Yes,1,1,2026-01-20T19:25:22,2027-02-19T19:24:22,23886051306,"C=US, O=IdenTrust, OU=HydrantID Trusted Certificate Service, CN=HydrantID Server CA O1"
nbssflpjd1.nbscloud.nih.gov,Yes,Yes,1,1,2026-06-03T20:04:41,2026-12-19T20:03:41,26864944119,"C=US, O=IdenTrust, OU=HydrantID Trusted Certificate Service, CN=HydrantID Server CA O1"
nbssflpjd2.nbscloud.nih.gov,Yes,Yes,1,1,2025-11-17T19:32:41,2026-12-17T19:31:41,22545476632,"C=US, O=IdenTrust, OU=HydrantID Trusted Certificate Service, CN=HydrantID Server CA O1"
nbssflpjd3.nbscloud.nih.gov,Yes,Yes,1,1,2025-11-26T15:38:15,2026-12-26T15:37:15,22746681486,"C=US, O=IdenTrust, OU=HydrantID Trusted Certificate Service, CN=HydrantID Server CA O1"
nbssflpjt1.nbscloud.nih.gov,Yes,Yes,1,1,2026-06-03T20:04:07,2026-12-19T20:03:07,26864920649,"C=US, O=IdenTrust, OU=HydrantID Trusted Certificate Service, CN=HydrantID Server CA O1"
nbssflpjt2.nbscloud.nih.gov,Yes,Yes,1,1,2025-12-16T13:45:12,2027-01-15T13:44:12,23156159799,"C=US, O=IdenTrust, OU=HydrantID Trusted Certificate Service, CN=HydrantID Server CA O1"
nbssflpjt3.nbscloud.nih.gov,Yes,Yes,1,1,2025-12-16T13:40:59,2027-01-15T13:39:59,23156081624,"C=US, O=IdenTrust, OU=HydrantID Trusted Certificate Service, CN=HydrantID Server CA O1"
nbssflpju1.nbscloud.nih.gov,Yes,Yes,1,1,2025-10-09T18:34:24,2026-11-08T18:33:24,21605883759,"C=US, O=IdenTrust, OU=HydrantID Trusted Certificate Service, CN=HydrantID Server CA O1"
nbssflpju2.nbscloud.nih.gov,Yes,Yes,1,1,2026-01-07T15:43:15,2027-02-06T15:42:15,23611703179,"C=US, O=IdenTrust, OU=HydrantID Trusted Certificate Service, CN=HydrantID Server CA O1"
nbssflprod.nbscloud.nih.gov,Yes,Yes,1,1,2025-12-16T13:29:19,2027-01-15T13:28:19,23155905729,"C=US, O=IdenTrust, OU=HydrantID Trusted Certificate Service, CN=HydrantID Server CA O1"
nbssflptch.nbscloud.nih.gov,Yes,Yes,1,1,2026-05-13T19:34:44,2026-11-28T19:33:44,26435314176,"C=US, O=IdenTrust, OU=HydrantID Trusted Certificate Service, CN=HydrantID Server CA O1"
nbssfltest.nbscloud.nih.gov,Yes,Yes,1,1,2025-10-09T18:36:31,2026-11-08T18:35:31,21605922809,"C=US, O=IdenTrust, OU=HydrantID Trusted Certificate Service, CN=HydrantID Server CA O1"
nbssfltrb.nbscloud.nih.gov,Yes,Yes,1,1,2026-04-07T13:40:56,2026-10-23T13:39:56,25610596383,"C=US, O=IdenTrust, OU=HydrantID Trusted Certificate Service, CN=HydrantID Server CA O1"
nbssoadr.nbscloud.nih.gov,Yes,Yes,1,1,2025-12-05T20:03:38,2027-01-04T20:02:38,22910870388,"C=US, O=IdenTrust, OU=HydrantID Trusted Certificate Service, CN=HydrantID Server CA O1"
nbssoapjd.nbscloud.nih.gov,Yes,Yes,2,1,2026-03-25T16:50:49,2026-10-15T15:25:11,25216240240;25283996634,"C=US, O=IdenTrust, OU=HydrantID Trusted Certificate Service, CN=HydrantID Server CA O1"
nbssoapjt2.nbscloud.nih.gov,Yes,Yes,1,1,2025-12-16T13:39:01,2027-01-15T13:38:01,23156047029,"C=US, O=IdenTrust, OU=HydrantID Trusted Certificate Service, CN=HydrantID Server CA O1"
nbssoatest.nbscloud.nih.gov,Yes,Yes,1,1,2026-05-08T16:48:52,2026-11-23T16:47:52,26393330486,"C=US, O=IdenTrust, OU=HydrantID Trusted Certificate Service, CN=HydrantID Server CA O1"
nbsspydev1.nbscloud.nih.gov,Yes,Yes,1,1,2025-12-16T13:32:38,2027-01-15T13:31:38,23155953126,"C=US, O=IdenTrust, OU=HydrantID Trusted Certificate Service, CN=HydrantID Server CA O1"
ncai-reach.nhlbi.nih.gov,No,Yes,2,1,2025-11-03T21:06:40,2026-11-03T21:06:41,22186413752;22186434150,"C=US, O=IdenTrust, OU=HydrantID Trusted Certificate Service, CN=HydrantID Server CA O1"
ncai.nhlbi.nih.gov,Yes,Yes,2,1,2025-11-03T21:06:40,2026-11-03T21:06:41,22186413752;22186434150,"C=US, O=IdenTrust, OU=HydrantID Trusted Certificate Service, CN=HydrantID Server CA O1"
ncats-rdas-memgraph.ncats.nih.gov,Yes,Yes,1,1,2026-04-07T14:36:50,2026-10-23T14:35:50,25612440933,"C=US, O=IdenTrust, OU=HydrantID Trusted Certificate Service, CN=HydrantID Server CA O1"
ncats-sci-globus-dn1.ncats.nih.gov,No,Yes,1,1,2025-10-03T14:47:09,2026-11-02T14:46:09,21446159213,"C=US, O=IdenTrust, OU=HydrantID Trusted Certificate Service, CN=HydrantID Server CA O1"
ncats.nih.gov,Yes,Yes,1,1,2025-09-09T16:07:09,2026-10-09T16:06:09,20901007200,"C=US, O=IdenTrust, OU=HydrantID Trusted Certificate Service, CN=HydrantID Server CA O1"
ncatsconnect.nih.gov,Yes,Yes,1,1,2025-12-11T16:12:53,2027-01-10T16:11:53,23057084109,"C=US, O=IdenTrust, OU=HydrantID Trusted Certificate Service, CN=HydrantID Server CA O1"
ncatslnstarpdv01.ncats.nih.gov,No,Yes,1,1,2026-07-22T20:21:03,2027-02-06T20:20:03,28162237941,"C=US, O=IdenTrust, OU=HydrantID Trusted Certificate Service, CN=HydrantID Server CA O1"
ncatsvcenter.ncats.nih.gov,Yes,Yes,1,1,2025-10-28T18:26:15,2026-11-27T18:25:15,22066963022,"C=US, O=IdenTrust, OU=HydrantID Trusted Certificate Service, CN=HydrantID Server CA O1"
ncbi-sciencv-era-dev.ncbi.nlm.nih.gov,Yes,Yes,2,1,2026-09-02T19:28:16,2026-12-01T19:28:15,29286876493;29282457999,"C=US, O=Let's Encrypt, CN=YR1"
ncbi-sciencv-era-prod.ncbi.nlm.nih.gov,Yes,Yes,1,1,2026-09-02T19:32:31,2026-12-01T19:32:30,29286994080,"C=US, O=Let's Encrypt, CN=YR1"
ncbi.nih.gov,Yes,Yes,4,2,2026-08-28T07:18:37,2026-11-26T19:08:45,29374096478;29141962034;29150380237;29141963043,"C=US, O=Let's Encrypt, CN=YR1;C=US, O=Let's Encrypt, CN=YR2"
ncbi.nlm.nih.gov,Yes,Yes,3,1,2026-08-28T16:34:12,2026-11-27T05:34:01,29534197652;29322052279;29499779381,"C=US, O=Let's Encrypt, CN=YR2"
ncbiinsights.ncbi.nlm.nih.gov,No,Yes,1,1,2026-09-09T07:45:00,2026-12-08T07:44:59,29515942698,"C=US, O=Let's Encrypt, CN=YE1"
nccam.nih.gov,No,Yes,4,3,2026-07-28T00:00:00,2027-02-11T23:59:59,28324557177;28323340714;28323487869;28323488739,"C=US, O=DigiCert Inc, CN=DigiCert Global G2 TLS RSA SHA256 2020 CA1;C=US, O=Amazon, CN=Amazon RSA 2048 M04;C=US, O=Amazon, CN=Amazon RSA 2048 M01"
nccih.nih.gov,Yes,Yes,4,3,2026-07-28T00:00:00,2027-02-11T23:59:59,28324557177;28323340714;28323487869;28323488739,"C=US, O=DigiCert Inc, CN=DigiCert Global G2 TLS RSA SHA256 2020 CA1;C=US, O=Amazon, CN=Amazon RSA 2048 M04;C=US, O=Amazon, CN=Amazon RSA 2048 M01"
nccs-documentation.uts.nlm.nih.gov,No,Yes,1,1,2026-07-06T00:00:00,2027-01-20T23:59:59,27732975608,"C=US, O=DigiCert Inc, CN=DigiCert Global G2 TLS RSA SHA256 2020 CA1"
nccsvcenter.nlm.nih.gov,Yes,Yes,1,1,2026-06-25T00:00:00,2027-01-09T23:59:59,27485445354,"C=US, O=DigiCert Inc, CN=DigiCert Global G2 TLS RSA SHA256 2020 CA1"
ncd.nida.nih.gov,Yes,Yes,1,1,2026-03-31T20:59:48,2026-10-16T20:58:48,25303254902,"C=US, O=IdenTrust, OU=HydrantID Trusted Certificate Service, CN=HydrantID Server CA O1"
ncgc.nih.gov,Yes,Yes,1,1,2026-08-06T20:16:41,2027-02-21T20:15:41,28598486995,"C=US, O=IdenTrust, OU=HydrantID Trusted Certificate Service, CN=HydrantID Server CA O1"
nci-cluster-mracore.nci.nih.gov,Yes,Yes,2,1,2026-07-03T00:00:00,2027-02-14T23:59:59,28419113748;27656613288,"C=US, O=DigiCert Inc, CN=DigiCert Global G2 TLS RSA SHA256 2020 CA1"
nci-cluster-mraedge.nci.nih.gov,Yes,Yes,2,1,2026-07-03T00:00:00,2027-02-15T23:59:59,28440420728;27656670519,"C=US, O=DigiCert Inc, CN=DigiCert Global G2 TLS RSA SHA256 2020 CA1"
nci-sgw-vg3.nci.nih.gov,Yes,Yes,1,1,2026-07-17T00:00:00,2027-01-31T23:59:59,28012249901,"C=US, O=DigiCert Inc, CN=DigiCert Global G2 TLS RSA SHA256 2020 CA1"
nci.nih.gov,Yes,Yes,46,3,2026-02-18T00:00:00,2027-03-21T23:59:59,28093561508;28093712408;27656395829;29524743199;25369535294;28151079106;28909543794;28568411681;28892880049;29590079393;24599430569;28093630307;27656757145;24617932053;28093566239;25259894178;28527649526;25281513916;28440420728;28527659918;29590469061;27656163936;24620266091;24598908551;25285701634;28093778149;28742314509;28495361331;29524771717;24492618420;27656234118;28093709201;24619149331;28093777876;28151079867;28093636306;28151081950;28126355279;28889177247;28151083729;27656360828;28992481334;27656670519;24492602267;28590257797;28567563401,"C=US, O=Let's Encrypt, CN=YR1;C=US, O=Let's Encrypt, CN=YR2;C=US, O=DigiCert Inc, CN=DigiCert Global G2 TLS RSA SHA256 2020 CA1"
ncias-d1768-v.nci.nih.gov,Yes,Yes,2,1,2026-07-27T11:58:34,2026-10-25T11:58:33,28292081494;28292072819,"C=US, O=Let's Encrypt, CN=YR2"
ncias-d2020-v.nci.nih.gov,Yes,Yes,2,1,2026-09-11T15:16:58,2026-12-10T15:16:57,29646234731;29646237958,"C=US, O=Let's Encrypt, CN=YR1"
ncias-d2050-v.nci.nih.gov,Yes,Yes,2,1,2026-09-11T15:16:59,2026-12-10T15:16:58,29646234992;29646248843,"C=US, O=Let's Encrypt, CN=YR1"
ncias-d2060-v.nci.nih.gov,Yes,Yes,1,1,2026-09-11T15:16:59,2026-12-10T15:16:58,29646236573,"C=US, O=Let's Encrypt, CN=YR2"
ncias-d2124-v.nci.nih.gov,Yes,Yes,1,1,2026-09-11T15:17:07,2026-12-10T15:17:06,29646389244,"C=US, O=Let's Encrypt, CN=YR2"
ncias-d2137-v.nci.nih.gov,Yes,Yes,2,1,2026-08-19T11:39:32,2026-11-17T11:39:31,28975185327;28950903133,"C=US, O=Let's Encrypt, CN=YR2"
ncias-d2304-v.nci.nih.gov,Yes,Yes,1,1,2026-08-26T10:19:11,2026-11-24T10:19:10,29381230864,"C=US, O=Let's Encrypt, CN=YR1"
ncias-d2328-v.nci.nih.gov,No,Yes,1,1,2026-04-03T00:00:00,2026-10-18T23:59:59,25369535294,"C=US, O=DigiCert Inc, CN=DigiCert Global G2 TLS RSA SHA256 2020 CA1"
ncias-d2370-v.nci.nih.gov,Yes,Yes,1,1,2026-09-11T15:17:08,2026-12-10T15:17:07,29650693522,"C=US, O=Let's Encrypt, CN=YR2"
ncias-d2560-v.nci.nih.gov,Yes,Yes,1,1,2026-09-11T15:17:09,2026-12-10T15:17:08,29646243095,"C=US, O=Let's Encrypt, CN=YR1"
ncias-d2657-v.nci.nih.gov,Yes,Yes,1,1,2026-09-11T15:17:09,2026-12-10T15:17:08,29646243965,"C=US, O=Let's Encrypt, CN=YR1"
ncias-d2658-v.nci.nih.gov,Yes,Yes,1,1,2026-09-11T15:17:09,2026-12-10T15:17:08,29646244941,"C=US, O=Let's Encrypt, CN=YR2"
ncias-d2738-v.nci.nih.gov,Yes,Yes,1,1,2026-08-26T10:19:16,2026-11-24T10:19:15,29296908454,"C=US, O=Let's Encrypt, CN=YR1"
ncias-d2764-v.nci.nih.gov,Yes,Yes,2,1,2026-08-26T10:19:12,2026-11-24T10:19:11,29104082229;29104080256,"C=US, O=Let's Encrypt, CN=YR1"
ncias-d2781-v.nci.nih.gov,Yes,Yes,3,1,2026-07-22T10:21:14,2026-11-24T10:19:13,28151121498;28151128665;29376253782,"C=US, O=Let's Encrypt, CN=YR2"
ncias-d2811-v.nci.nih.gov,Yes,Yes,2,1,2026-09-11T15:17:18,2026-12-10T15:17:17,29646264263;29646245199,"C=US, O=Let's Encrypt, CN=YR2"
ncias-d2813-v.nci.nih.gov,Yes,Yes,2,1,2026-08-26T10:19:18,2026-11-24T10:19:17,29086046416;29104084630,"C=US, O=Let's Encrypt, CN=YR2"
ncias-d2814-v.nci.nih.gov,Yes,Yes,2,1,2026-08-26T10:19:20,2026-11-24T10:19:19,29210553451;29086021108,"C=US, O=Let's Encrypt, CN=YR2"
ncias-d2962-v.nci.nih.gov,Yes,Yes,1,1,2026-09-11T15:17:19,2026-12-10T15:17:18,29646264403,"C=US, O=Let's Encrypt, CN=YR1"
ncias-d2965-v.nci.nih.gov,Yes,Yes,2,1,2026-08-26T10:19:07,2026-11-24T10:19:06,29104079760;29210627785,"C=US, O=Let's Encrypt, CN=YR2"
ncias-d3051-v.nci.nih.gov,Yes,Yes,2,1,2026-09-11T15:17:19,2026-12-10T15:17:18,29646252788;29646247095,"C=US, O=Let's Encrypt, CN=YR1"
ncias-d3052-v.nci.nih.gov,Yes,Yes,1,1,2026-09-11T15:17:26,2026-12-10T15:17:25,29646279460,"C=US, O=Let's Encrypt, CN=YR2"
ncias-d3086-v.nci.nih.gov,Yes,Yes,1,1,2026-09-11T15:17:28,2026-12-10T15:17:27,29646254122,"C=US, O=Let's Encrypt, CN=YR1"
ncias-d3096-v.nci.nih.gov,Yes,Yes,1,1,2026-09-11T15:17:28,2026-12-10T15:17:27,29650708516,"C=US, O=Let's Encrypt, CN=YR1"
ncias-d3097-v.nci.nih.gov,Yes,Yes,1,1,2026-09-11T15:17:29,2026-12-10T15:17:28,29646253367,"C=US, O=Let's Encrypt, CN=YR1"
ncias-d3134-v.nci.nih.gov,Yes,Yes,1,1,2026-09-11T15:17:35,2026-12-10T15:17:34,29650875260,"C=US, O=Let's Encrypt, CN=YR2"
ncias-d3176-v.nci.nih.gov,Yes,Yes,2,1,2026-09-11T15:17:36,2026-12-10T15:17:35,29646260956;29646262702,"C=US, O=Let's Encrypt, CN=YR2"
ncias-d3192-v.nci.nih.gov,No,Yes,2,1,2026-08-19T11:46:23,2026-11-17T11:46:22,29067282199;28990730716,"C=US, O=Let's Encrypt, CN=YR2"
ncias-d3203-v.nci.nih.gov,Yes,Yes,1,1,2026-09-11T15:25:42,2026-12-10T15:25:41,29651170509,"C=US, O=Let's Encrypt, CN=YR1"
ncias-d3205-v.nci.nih.gov,Yes,Yes,1,1,2026-09-11T15:25:42,2026-12-10T15:25:41,29651060631,"C=US, O=Let's Encrypt, CN=YR2"
ncias-d3212-v.nci.nih.gov,Yes,Yes,2,1,2026-09-11T15:25:42,2026-12-10T15:25:41,29646619399;29646618871,"C=US, O=Let's Encrypt, CN=YR1"
ncias-d3254-v.nci.nih.gov,Yes,Yes,2,1,2025-10-17T00:00:00,2026-10-17T23:59:59,21787242005;21855742680,"C=US, O=DigiCert Inc, CN=DigiCert Global G2 TLS RSA SHA256 2020 CA1"
ncias-d3265-v.nci.nih.gov,Yes,Yes,1,1,2026-09-11T15:25:53,2026-12-10T15:25:52,29646621048,"C=US, O=Let's Encrypt, CN=YR2"
ncias-d3302-v.nci.nih.gov,Yes,Yes,2,1,2026-09-11T15:25:52,2026-12-10T15:25:51,29646620571;29646620839,"C=US, O=Let's Encrypt, CN=YR2"
ncias-d3304-v.nci.nih.gov,Yes,Yes,2,1,2026-08-26T10:19:22,2026-11-24T10:19:21,29104085004;29104157933,"C=US, O=Let's Encrypt, CN=YR1"
ncias-d3321-v.nci.nih.gov,Yes,Yes,2,1,2026-08-26T10:19:10,2026-11-24T10:19:09,29189966043;29430005286,"C=US, O=Let's Encrypt, CN=YR1"
ncias-d3322-v.nci.nih.gov,Yes,Yes,1,1,2026-08-26T10:19:15,2026-11-24T10:19:14,29372966626,"C=US, O=Let's Encrypt, CN=YR2"
ncias-d3325-v.nci.nih.gov,Yes,Yes,1,1,2026-09-11T15:25:53,2026-12-10T15:25:52,29646630886,"C=US, O=Let's Encrypt, CN=YR2"
ncias-d3368-v.nci.nih.gov,Yes,Yes,2,1,2026-09-11T15:26:01,2026-12-10T15:26:00,29646621079;29646619824,"C=US, O=Let's Encrypt, CN=YR2"
ncias-d3380-v.nci.nih.gov,Yes,Yes,1,1,2026-09-11T15:26:03,2026-12-10T15:26:02,29651107994,"C=US, O=Let's Encrypt, CN=YR1"
ncias-d3607-v.nci.nih.gov,Yes,Yes,2,1,2026-09-11T15:26:05,2026-12-10T15:26:04,29646630557;29646620671,"C=US, O=Let's Encrypt, CN=YR1"
ncias-d3610-v.nci.nih.gov,Yes,Yes,2,1,2026-09-11T15:26:04,2026-12-10T15:26:03,29646622037;29651109206,"C=US, O=Let's Encrypt, CN=YR1"
ncias-d3613-v.nci.nih.gov,Yes,Yes,2,1,2026-09-11T15:26:11,2026-12-10T15:26:10,29646621418;29646619884,"C=US, O=Let's Encrypt, CN=YR2"
ncias-d3673-v.nci.nih.gov,Yes,Yes,1,1,2026-09-11T15:26:14,2026-12-10T15:26:13,29646681226,"C=US, O=Let's Encrypt, CN=YR1"
ncias-d3676-v.nci.nih.gov,No,Yes,1,1,2026-02-24T00:00:00,2027-03-21T23:59:59,24619149331,"C=US, O=DigiCert Inc, CN=DigiCert Global G2 TLS RSA SHA256 2020 CA1"
ncias-d3707-v.nci.nih.gov,Yes,Yes,1,1,2026-09-11T15:26:15,2026-12-10T15:26:14,29646631122,"C=US, O=Let's Encrypt, CN=YR2"
ncias-d3711-v.nci.nih.gov,Yes,Yes,1,1,2026-09-11T15:26:20,2026-12-10T15:26:19,29646631027,"C=US, O=Let's Encrypt, CN=YR2"
ncias-d3739-v.nci.nih.gov,Yes,Yes,1,1,2026-09-11T15:26:22,2026-12-10T15:26:21,29646630789,"C=US, O=Let's Encrypt, CN=YR1"
ncias-d3763-v.nci.nih.gov,Yes,Yes,1,1,2026-09-11T15:26:22,2026-12-10T15:26:21,29651142221,"C=US, O=Let's Encrypt, CN=YR2"
ncias-d3781-v.nci.nih.gov,Yes,Yes,2,1,2026-07-22T10:23:31,2026-10-20T10:23:30,28151164859;28151171117,"C=US, O=Let's Encrypt, CN=YR1"
ncias-p1727-v.nci.nih.gov,Yes,Yes,2,1,2026-07-06T00:00:00,2027-01-20T23:59:59,27734217007;27734005558,"C=US, O=DigiCert Inc, CN=DigiCert Global G2 TLS RSA SHA256 2020 CA1"
ncias-s2967-v.nci.nih.gov,Yes,Yes,2,1,2026-08-26T10:22:09,2026-11-24T10:22:08,29086095951;29104142942,"C=US, O=Let's Encrypt, CN=YR1"
ncias-t2664-v.nci.nih.gov,Yes,Yes,1,1,2026-08-26T10:22:08,2026-11-24T10:22:07,29376348385,"C=US, O=Let's Encrypt, CN=YR2"
ncias-t3012-v.nci.nih.gov,Yes,Yes,2,1,2026-08-26T10:22:11,2026-11-24T10:22:10,29189932195;29430161123,"C=US, O=Let's Encrypt, CN=YR2"
ncias-t3635-v.nci.nih.gov,Yes,Yes,2,1,2026-08-26T10:24:47,2026-11-24T10:24:46,29225877703;29190026385,"C=US, O=Let's Encrypt, CN=YR1"
ncibs-Synergy-PROD.nci.nih.gov,Yes,Yes,1,1,2026-07-06T00:00:00,2027-01-20T23:59:59,27734311879,"C=US, O=DigiCert Inc, CN=DigiCert Global G2 TLS RSA SHA256 2020 CA1"
ncidb-d343-v.nci.nih.gov,Yes,Yes,1,1,2026-09-11T15:26:26,2026-12-10T15:26:25,29646631664,"C=US, O=Let's Encrypt, CN=YR2"
ncidb-d518-v.nci.nih.gov,Yes,Yes,1,1,2026-09-18T13:19:10,2026-12-17T13:19:09,29527933890,"C=US, O=Let's Encrypt, CN=YR1"
ncidb-d520-v.nci.nih.gov,Yes,Yes,1,1,2026-09-18T13:25:47,2026-12-17T13:25:46,29528088610,"C=US, O=Let's Encrypt, CN=YR1"
ncidb-d522-v.nci.nih.gov,Yes,Yes,1,1,2026-09-18T13:25:47,2026-12-17T13:25:46,29528320386,"C=US, O=Let's Encrypt, CN=YR1"
ncidb-d534-v.nci.nih.gov,Yes,Yes,1,1,2026-09-18T13:25:47,2026-12-17T13:25:46,29528206384,"C=US, O=Let's Encrypt, CN=YR2"
ncidb-d606-v.nci.nih.gov,Yes,Yes,1,1,2026-09-18T13:25:49,2026-12-17T13:25:48,29528309412,"C=US, O=Let's Encrypt, CN=YR1"
ncidb-d611-v.nci.nih.gov,Yes,Yes,2,1,2026-09-18T13:25:47,2026-12-17T13:25:46,29597115136;29528401768,"C=US, O=Let's Encrypt, CN=YR2"
ncidb-d624-v.nci.nih.gov,Yes,Yes,1,1,2026-09-18T13:25:58,2026-12-17T13:25:57,29528375671,"C=US, O=Let's Encrypt, CN=YR2"
ncidb-d658-v.nci.nih.gov,Yes,Yes,2,1,2026-09-18T13:25:58,2026-12-17T13:25:57,29528091797;29528321470,"C=US, O=Let's Encrypt, CN=YR1"
ncif5-nonprod.nci.nih.gov,No,Yes,1,1,2026-02-24T00:00:00,2027-03-21T23:59:59,24617932053,"C=US, O=DigiCert Inc, CN=DigiCert Global G2 TLS RSA SHA256 2020 CA1"
ncifrederick.nci.nih.gov,Yes,Yes,1,1,2026-02-24T19:33:17,2027-03-26T19:32:17,24623137433,"C=US, O=IdenTrust, OU=HydrantID Trusted Certificate Service, CN=HydrantID Server CA O1"
ncild-av-62347m.nci.nih.gov,Yes,Yes,1,1,2026-09-18T13:25:58,2026-12-17T13:25:57,29528358395,"C=US, O=Let's Encrypt, CN=YR1"
ncild-av-627dno.nci.nih.gov,Yes,Yes,1,1,2026-09-18T13:25:56,2026-12-17T13:25:55,29528346653,"C=US, O=Let's Encrypt, CN=YR2"
ncild-av-628asg.nci.nih.gov,Yes,Yes,1,1,2026-09-18T13:25:59,2026-12-17T13:25:58,29528238840,"C=US, O=Let's Encrypt, CN=YR1"
ncild-av-628n7k.nci.nih.gov,Yes,Yes,2,1,2026-09-18T13:26:04,2026-12-17T13:26:03,29528331568;29528100237,"C=US, O=Let's Encrypt, CN=YR1"
ncild-av-629uzl.nci.nih.gov,Yes,Yes,1,1,2026-09-18T13:26:06,2026-12-17T13:26:05,29528291757,"C=US, O=Let's Encrypt, CN=YR2"
ncild-av-629xun.nci.nih.gov,Yes,Yes,1,1,2026-09-18T13:26:07,2026-12-17T13:26:06,29597147197,"C=US, O=Let's Encrypt, CN=YR2"
ncild-av-62aq3y.nci.nih.gov,Yes,Yes,2,1,2026-08-19T11:53:39,2026-11-17T11:53:38,28979297444;28943605953,"C=US, O=Let's Encrypt, CN=YR2"
ncild-av-62rlji.nci.nih.gov,No,Yes,1,1,2026-09-18T13:26:30,2026-12-17T13:26:29,29528236809,"C=US, O=Let's Encrypt, CN=YR1"
ncild-dv-62eke1.nci.nih.gov,Yes,Yes,1,1,2026-09-18T13:26:08,2026-12-17T13:26:07,29528254371,"C=US, O=Let's Encrypt, CN=YR1"
ncild-wv-626wgd.nci.nih.gov,Yes,Yes,2,1,2026-09-18T13:26:13,2026-12-17T13:26:12,29531211368;29528104595,"C=US, O=Let's Encrypt, CN=YR1"
ncild-wv-629obo.nci.nih.gov,Yes,Yes,1,1,2026-09-18T13:26:15,2026-12-17T13:26:14,29597157202,"C=US, O=Let's Encrypt, CN=YR1"
ncild-wv-629v62.nci.nih.gov,Yes,Yes,1,1,2026-09-18T13:26:15,2026-12-17T13:26:14,29597160850,"C=US, O=Let's Encrypt, CN=YR2"
ncild-wv-62ayo2.nci.nih.gov,Yes,Yes,2,1,2026-09-18T13:26:17,2026-12-17T13:26:16,29528112068;29528209133,"C=US, O=Let's Encrypt, CN=YR2"
ncild-wv-62az7t.nci.nih.gov,Yes,Yes,1,1,2026-09-18T13:26:21,2026-12-17T13:26:20,29528330641,"C=US, O=Let's Encrypt, CN=YR1"
ncild-wv-62b4ao.nci.nih.gov,Yes,Yes,2,1,2026-09-18T13:26:23,2026-12-17T13:26:22,29602751294;29597175798,"C=US, O=Let's Encrypt, CN=YR1"
ncips-d007-v.nci.nih.gov,Yes,Yes,1,1,2026-08-26T10:22:07,2026-11-24T10:22:06,29381362881,"C=US, O=Let's Encrypt, CN=YR2"
ncips-d009-v.nci.nih.gov,Yes,Yes,2,1,2026-08-26T10:22:14,2026-11-24T10:22:13,29086050182;29086113796,"C=US, O=Let's Encrypt, CN=YR2"
nciuc-p069-v.nci.nih.gov,No,Yes,2,1,2026-07-03T00:00:00,2027-02-15T23:59:59,28440420728;27656670519,"C=US, O=DigiCert Inc, CN=DigiCert Global G2 TLS RSA SHA256 2020 CA1"
nciuc-p071-v.nci.nih.gov,No,Yes,2,1,2026-07-03T00:00:00,2027-02-14T23:59:59,28419113748;27656613288,"C=US, O=DigiCert Inc, CN=DigiCert Global G2 TLS RSA SHA256 2020 CA1"
nciuc-p075-v.nci.nih.gov,Yes,Yes,1,1,2026-07-03T00:00:00,2027-01-17T23:59:59,27656395829,"C=US, O=DigiCert Inc, CN=DigiCert Global G2 TLS RSA SHA256 2020 CA1"
nciuc-p100-v.nci.nih.gov,Yes,Yes,2,1,2026-07-03T00:00:00,2027-01-17T23:59:59,27656360828;27656757145,"C=US, O=DigiCert Inc, CN=DigiCert Global G2 TLS RSA SHA256 2020 CA1"
nciuc-p101-v.nci.nih.gov,No,Yes,2,1,2026-07-03T00:00:00,2027-01-17T23:59:59,27656360828;27656757145,"C=US, O=DigiCert Inc, CN=DigiCert Global G2 TLS RSA SHA256 2020 CA1"
nciuc-p103-v.nci.nih.gov,No,Yes,1,1,2026-07-03T00:00:00,2027-01-17T23:59:59,27656360828,"C=US, O=DigiCert Inc, CN=DigiCert Global G2 TLS RSA SHA256 2020 CA1"
nciuc-p110-v.nci.nih.gov,No,Yes,2,1,2026-07-03T00:00:00,2027-01-17T23:59:59,27656360828;27656757145,"C=US, O=DigiCert Inc, CN=DigiCert Global G2 TLS RSA SHA256 2020 CA1"
nciuc-p111-v.nci.nih.gov,No,Yes,2,1,2026-07-03T00:00:00,2027-01-17T23:59:59,27656360828;27656757145,"C=US, O=DigiCert Inc, CN=DigiCert Global G2 TLS RSA SHA256 2020 CA1"
nciuc-p112-v.nci.nih.gov,No,Yes,2,1,2026-07-03T00:00:00,2027-01-17T23:59:59,27656360828;27656757145,"C=US, O=DigiCert Inc, CN=DigiCert Global G2 TLS RSA SHA256 2020 CA1"
nciuc-p113-v.nci.nih.gov,No,Yes,1,1,2026-07-03T00:00:00,2027-01-17T23:59:59,27656360828,"C=US, O=DigiCert Inc, CN=DigiCert Global G2 TLS RSA SHA256 2020 CA1"
nciuc-p114-v.nci.nih.gov,Yes,Yes,1,1,2026-07-03T00:00:00,2027-01-17T23:59:59,27656234118,"C=US, O=DigiCert Inc, CN=DigiCert Global G2 TLS RSA SHA256 2020 CA1"
nciuc-p120-v.nci.nih.gov,No,Yes,2,1,2026-07-03T00:00:00,2027-01-17T23:59:59,27656360828;27656757145,"C=US, O=DigiCert Inc, CN=DigiCert Global G2 TLS RSA SHA256 2020 CA1"
nciuc-p123-v.nci.nih.gov,No,Yes,1,1,2026-07-03T00:00:00,2027-01-17T23:59:59,27656360828,"C=US, O=DigiCert Inc, CN=DigiCert Global G2 TLS RSA SHA256 2020 CA1"
nciuc-p124-v.nci.nih.gov,No,Yes,1,1,2026-07-03T00:00:00,2027-01-17T23:59:59,27656234118,"C=US, O=DigiCert Inc, CN=DigiCert Global G2 TLS RSA SHA256 2020 CA1"
nciuc-p125-v.nci.nih.gov,No,Yes,2,1,2026-07-03T00:00:00,2027-02-15T23:59:59,28440420728;27656670519,"C=US, O=DigiCert Inc, CN=DigiCert Global G2 TLS RSA SHA256 2020 CA1"
nciuc-p126-v.nci.nih.gov,No,Yes,2,1,2026-07-03T00:00:00,2027-02-14T23:59:59,28419113748;27656613288,"C=US, O=DigiCert Inc, CN=DigiCert Global G2 TLS RSA SHA256 2020 CA1"
nciuc-p127-v.nci.nih.gov,Yes,Yes,1,1,2026-07-03T00:00:00,2027-01-17T23:59:59,27656163936,"C=US, O=DigiCert Inc, CN=DigiCert Global G2 TLS RSA SHA256 2020 CA1"
nciuc-p130-v.nci.nih.gov,No,Yes,2,1,2026-07-03T00:00:00,2027-01-17T23:59:59,27656360828;27656757145,"C=US, O=DigiCert Inc, CN=DigiCert Global G2 TLS RSA SHA256 2020 CA1"
nciuc-p132-v.nci.nih.gov,No,Yes,2,1,2026-07-03T00:00:00,2027-01-17T23:59:59,27656360828;27656757145,"C=US, O=DigiCert Inc, CN=DigiCert Global G2 TLS RSA SHA256 2020 CA1"
nciuc-p133-v.nci.nih.gov,No,Yes,1,1,2026-07-03T00:00:00,2027-01-17T23:59:59,27656360828,"C=US, O=DigiCert Inc, CN=DigiCert Global G2 TLS RSA SHA256 2020 CA1"
nciuc-p138-v.nci.nih.gov,No,Yes,1,1,2026-07-03T00:00:00,2027-01-17T23:59:59,27656163936,"C=US, O=DigiCert Inc, CN=DigiCert Global G2 TLS RSA SHA256 2020 CA1"
nciuc-p140-v.nci.nih.gov,No,Yes,2,1,2026-07-03T00:00:00,2027-01-17T23:59:59,27656360828;27656757145,"C=US, O=DigiCert Inc, CN=DigiCert Global G2 TLS RSA SHA256 2020 CA1"
nciuc-p141-v.nci.nih.gov,No,Yes,2,1,2026-07-03T00:00:00,2027-01-17T23:59:59,27656360828;27656757145,"C=US, O=DigiCert Inc, CN=DigiCert Global G2 TLS RSA SHA256 2020 CA1"
nciuc-p143-v.nci.nih.gov,No,Yes,1,1,2026-07-03T00:00:00,2027-01-17T23:59:59,27656360828,"C=US, O=DigiCert Inc, CN=DigiCert Global G2 TLS RSA SHA256 2020 CA1"
nciuc-p145-v.nci.nih.gov,No,Yes,2,1,2026-07-03T00:00:00,2027-01-17T23:59:59,27656360828;27656757145,"C=US, O=DigiCert Inc, CN=DigiCert Global G2 TLS RSA SHA256 2020 CA1"
nciuc-p146-v.nci.nih.gov,No,Yes,1,1,2026-07-03T00:00:00,2027-01-17T23:59:59,27656360828,"C=US, O=DigiCert Inc, CN=DigiCert Global G2 TLS RSA SHA256 2020 CA1"
nciuc-p187-v.nci.nih.gov,No,Yes,1,1,2026-07-03T00:00:00,2027-01-17T23:59:59,27656395829,"C=US, O=DigiCert Inc, CN=DigiCert Global G2 TLS RSA SHA256 2020 CA1"
nciuc-p192-v.nci.nih.gov,Yes,Yes,1,1,2026-07-03T00:00:00,2027-01-17T23:59:59,27656438008,"C=US, O=DigiCert Inc, CN=DigiCert Global G2 TLS RSA SHA256 2020 CA1"
nciws-d1035-v.nci.nih.gov,Yes,Yes,2,1,2026-08-19T11:53:39,2026-11-17T11:53:38,28951100490;28990820983,"C=US, O=Let's Encrypt, CN=YR1"
nciws-d2030-v.nci.nih.gov,Yes,Yes,2,1,2026-08-26T10:22:13,2026-11-24T10:22:12,29470890431;29104144287,"C=US, O=Let's Encrypt, CN=YR1"
nciws-d2080-v.nci.nih.gov,Yes,Yes,2,1,2026-08-26T10:22:16,2026-11-24T10:22:15,29104146151;29373061554,"C=US, O=Let's Encrypt, CN=YR2"
nciws-d2082-v.nci.nih.gov,Yes,Yes,1,1,2026-08-26T10:22:17,2026-11-24T10:22:16,29381381103,"C=US, O=Let's Encrypt, CN=YR2"
nciws-d2411-v.nci.nih.gov,Yes,Yes,1,1,2026-08-26T10:22:05,2026-11-24T10:22:04,29381359056,"C=US, O=Let's Encrypt, CN=YR1"
nciws-d2433-v.nci.nih.gov,Yes,Yes,2,1,2026-09-11T15:40:14,2026-12-10T15:40:13,29647417383;29647390564,"C=US, O=Let's Encrypt, CN=YR1"
nciws-d2500-v.nci.nih.gov,Yes,Yes,2,1,2026-08-26T10:22:12,2026-11-24T10:22:11,29086049891;29104144141,"C=US, O=Let's Encrypt, CN=YR1"
nciws-d2512-v.nci.nih.gov,Yes,Yes,1,1,2026-09-11T15:40:11,2026-12-10T15:40:10,29647389999,"C=US, O=Let's Encrypt, CN=YR1"
nciws-d2531-v.nci.nih.gov,Yes,Yes,1,1,2026-09-11T15:40:11,2026-12-10T15:40:10,29647388082,"C=US, O=Let's Encrypt, CN=YR1"
nciws-d2533-v.nci.nih.gov,Yes,Yes,2,1,2026-08-12T10:19:01,2026-11-10T10:19:00,28770757589;28769749074,"C=US, O=Let's Encrypt, CN=YR1"
nciws-d2549-v.nci.nih.gov,Yes,Yes,2,1,2026-08-19T12:02:11,2026-11-17T12:02:10,28951206538;28951204503,"C=US, O=Let's Encrypt, CN=YR2"
nciws-d2586-v.nci.nih.gov,Yes,Yes,2,1,2026-08-19T12:02:11,2026-11-17T12:02:10,28976495120;29115202230,"C=US, O=Let's Encrypt, CN=YR2"
nciws-d2593-v.nci.nih.gov,Yes,Yes,2,1,2026-08-19T12:08:44,2026-11-17T12:08:43,28979599714;29037515333,"C=US, O=Let's Encrypt, CN=YR2"
nciws-d2616-v.nci.nih.gov,Yes,Yes,1,1,2026-09-11T15:40:23,2026-12-10T15:40:22,29647423971,"C=US, O=Let's Encrypt, CN=YR2"
nciws-d2623-v.nci.nih.gov,Yes,Yes,2,1,2026-08-19T12:08:44,2026-11-17T12:08:43,28951311568;28975876097,"C=US, O=Let's Encrypt, CN=YR2"
nciws-d2624-v.nci.nih.gov,Yes,Yes,2,1,2026-08-19T12:08:47,2026-11-17T12:08:46,28975793479;28975876102,"C=US, O=Let's Encrypt, CN=YR2"
nciws-d2626-v.nci.nih.gov,Yes,Yes,2,1,2026-08-19T12:08:44,2026-11-17T12:08:43,28951349776;28951311032,"C=US, O=Let's Encrypt, CN=YR2"
nciws-d2655-v.nci.nih.gov,Yes,Yes,2,1,2026-08-19T12:08:47,2026-11-17T12:08:46,28943778348;29115374806,"C=US, O=Let's Encrypt, CN=YR1"
nciws-d731-v.nci.nih.gov,Yes,Yes,1,1,2026-09-18T13:39:30,2026-12-17T13:39:29,29528858637,"C=US, O=Let's Encrypt, CN=YR1"
nciws-d732-v.nci.nih.gov,Yes,Yes,1,1,2026-09-18T13:39:28,2026-12-17T13:39:27,29528817248,"C=US, O=Let's Encrypt, CN=YR2"
nciws-d788-v.nci.nih.gov,Yes,Yes,1,1,2026-09-18T13:39:28,2026-12-17T13:39:27,29528883724,"C=US, O=Let's Encrypt, CN=YR1"
nciws-d939-v.nci.nih.gov,Yes,Yes,1,1,2026-09-18T13:39:28,2026-12-17T13:39:27,29528880670,"C=US, O=Let's Encrypt, CN=YR1"
nciws-d952-v.nci.nih.gov,Yes,Yes,2,1,2026-09-18T13:39:28,2026-12-17T13:39:27,29528827149;29598610343,"C=US, O=Let's Encrypt, CN=YR1"
nciws-q2409-v.nci.nih.gov,Yes,Yes,2,1,2026-08-26T10:24:48,2026-11-24T10:24:47,29086083076;29225920582,"C=US, O=Let's Encrypt, CN=YR2"
ncoe-qa.niaid.nih.gov,Yes,Yes,1,1,2025-12-16T20:02:22,2027-01-15T20:01:22,23162438282,"C=US, O=IdenTrust, OU=HydrantID Trusted Certificate Service, CN=HydrantID Server CA O1"
ncoe-test.niaid.nih.gov,No,Yes,1,1,2025-12-16T20:02:22,2027-01-15T20:01:22,23162438282,"C=US, O=IdenTrust, OU=HydrantID Trusted Certificate Service, CN=HydrantID Server CA O1"
ncoe.niaid.nih.gov,Yes,Yes,1,1,2026-02-20T16:39:06,2027-03-22T16:38:06,24537239363,"C=US, O=IdenTrust, OU=HydrantID Trusted Certificate Service, CN=HydrantID Server CA O1"
ncrms-vip.niaid.nih.gov,No,Yes,1,1,2026-07-23T15:44:38,2027-02-07T15:43:38,28185376922,"C=US, O=IdenTrust, OU=HydrantID Trusted Certificate Service, CN=HydrantID Server CA O1"
ncrms.niaid.nih.gov,Yes,Yes,2,1,2026-07-23T15:44:38,2027-02-12T16:44:35,28185376922;28325727981,"C=US, O=IdenTrust, OU=HydrantID Trusted Certificate Service, CN=HydrantID Server CA O1"
ncrms25-vip.niaid.nih.gov,No,Yes,1,1,2026-07-28T16:45:35,2027-02-12T16:44:35,28325727981,"C=US, O=IdenTrust, OU=HydrantID Trusted Certificate Service, CN=HydrantID Server CA O1"
ncrmseraws.niaid.nih.gov,Yes,Yes,2,1,2026-07-23T15:41:22,2027-02-14T20:04:33,28388608997;28185307012,"C=US, O=IdenTrust, OU=HydrantID Trusted Certificate Service, CN=HydrantID Server CA O1"
ncrmserawsqa.niaid.nih.gov,Yes,Yes,1,1,2026-06-11T19:34:36,2026-12-27T19:33:36,27097503513,"C=US, O=IdenTrust, OU=HydrantID Trusted Certificate Service, CN=HydrantID Server CA O1"
ncrmserawsval.niaid.nih.gov,Yes,Yes,1,1,2026-05-19T14:15:45,2026-12-04T14:14:45,26502560852,"C=US, O=IdenTrust, OU=HydrantID Trusted Certificate Service, CN=HydrantID Server CA O1"
ncrmsqa.niaid.nih.gov,Yes,Yes,1,1,2026-06-11T13:44:03,2026-12-27T13:43:03,27088940751,"C=US, O=IdenTrust, OU=HydrantID Trusted Certificate Service, CN=HydrantID Server CA O1"
ncrmsrs.niaid.nih.gov,Yes,Yes,2,1,2026-07-21T19:15:09,2027-02-14T20:06:45,28388648806;28132117112,"C=US, O=IdenTrust, OU=HydrantID Trusted Certificate Service, CN=HydrantID Server CA O1"
ncrmsrs25-vip.niaid.nih.gov,No,Yes,1,1,2026-07-30T20:07:45,2027-02-14T20:06:45,28388648806,"C=US, O=IdenTrust, OU=HydrantID Trusted Certificate Service, CN=HydrantID Server CA O1"
ncrmsrsdev-vip.niaid.nih.gov,No,Yes,1,1,2026-05-19T19:12:51,2026-12-04T19:11:51,26504408728,"C=US, O=IdenTrust, OU=HydrantID Trusted Certificate Service, CN=HydrantID Server CA O1"
ncrmsrsqa-vip.niaid.nih.gov,No,Yes,1,1,2026-06-11T13:46:21,2026-12-27T13:45:21,27088998763,"C=US, O=IdenTrust, OU=HydrantID Trusted Certificate Service, CN=HydrantID Server CA O1"
ncrmsrsqa.niaid.nih.gov,Yes,Yes,1,1,2026-06-11T13:46:21,2026-12-27T13:45:21,27088998763,"C=US, O=IdenTrust, OU=HydrantID Trusted Certificate Service, CN=HydrantID Server CA O1"
ncrmsrsval.niaid.nih.gov,Yes,Yes,2,1,2026-05-19T15:36:30,2026-12-04T19:11:51,26504408728;26503039441,"C=US, O=IdenTrust, OU=HydrantID Trusted Certificate Service, CN=HydrantID Server CA O1"
ncrmsspoapi.niaid.nih.gov,Yes,Yes,2,1,2025-12-08T15:23:21,2027-02-14T20:03:04,22981923863;28388567733,"C=US, O=IdenTrust, OU=HydrantID Trusted Certificate Service, CN=HydrantID Server CA O1"
ncrmsspoapiqa.niaid.nih.gov,Yes,Yes,2,1,2025-11-10T14:44:36,2027-02-12T16:28:50,22362445165;28325313592,"C=US, O=IdenTrust, OU=HydrantID Trusted Certificate Service, CN=HydrantID Server CA O1"
ncrmsval.niaid.nih.gov,Yes,Yes,1,1,2026-05-26T19:44:05,2026-12-11T19:43:05,26662705076,"C=US, O=IdenTrust, OU=HydrantID Trusted Certificate Service, CN=HydrantID Server CA O1"
ncrmswin19qa-vip.niaid.nih.gov,No,Yes,1,1,2026-06-11T13:44:03,2026-12-27T13:43:03,27088940751,"C=US, O=IdenTrust, OU=HydrantID Trusted Certificate Service, CN=HydrantID Server CA O1"
ncrmswin19val-vip.niaid.nih.gov,No,Yes,1,1,2026-05-26T19:44:05,2026-12-11T19:43:05,26662705076,"C=US, O=IdenTrust, OU=HydrantID Trusted Certificate Service, CN=HydrantID Server CA O1"
ncrmsws.niaid.nih.gov,Yes,Yes,2,1,2026-07-21T19:05:39,2027-02-12T16:49:16,28325857003;28131940318,"C=US, O=IdenTrust, OU=HydrantID Trusted Certificate Service, CN=HydrantID Server CA O1"
ncrmsws25-vip.niaid.nih.gov,No,Yes,1,1,2026-07-28T16:50:16,2027-02-12T16:49:16,28325857003,"C=US, O=IdenTrust, OU=HydrantID Trusted Certificate Service, CN=HydrantID Server CA O1"
ncrmswsdev-vip.niaid.nih.gov,No,Yes,1,1,2026-05-26T19:40:03,2026-12-11T19:39:03,26662650586,"C=US, O=IdenTrust, OU=HydrantID Trusted Certificate Service, CN=HydrantID Server CA O1"
ncrmswsqa-vip.niaid.nih.gov,No,Yes,1,1,2026-06-10T22:19:17,2026-12-26T22:18:17,27065930485,"C=US, O=IdenTrust, OU=HydrantID Trusted Certificate Service, CN=HydrantID Server CA O1"
ncrmswsqa.niaid.nih.gov,Yes,Yes,1,1,2026-06-10T22:19:17,2026-12-26T22:18:17,27065930485,"C=US, O=IdenTrust, OU=HydrantID Trusted Certificate Service, CN=HydrantID Server CA O1"
ncrmswsval.niaid.nih.gov,Yes,Yes,1,1,2026-05-26T19:40:03,2026-12-11T19:39:03,26662650586,"C=US, O=IdenTrust, OU=HydrantID Trusted Certificate Service, CN=HydrantID Server CA O1"
ncw-vip.niaid.nih.gov,No,Yes,1,1,2026-02-24T17:47:36,2027-03-26T17:46:36,24621573310,"C=US, O=IdenTrust, OU=HydrantID Trusted Certificate Service, CN=HydrantID Server CA O1"
ncw.niaid.nih.gov,Yes,Yes,1,1,2026-02-24T17:47:36,2027-03-26T17:46:36,24621573310,"C=US, O=IdenTrust, OU=HydrantID Trusted Certificate Service, CN=HydrantID Server CA O1"
ncwdev-intra-vip.niaid.nih.gov,No,Yes,2,1,2026-04-28T12:35:35,2026-11-21T20:11:26,26251744163;26376771518,"C=US, O=IdenTrust, OU=HydrantID Trusted Certificate Service, CN=HydrantID Server CA O1"
ncwdev-intra.niaid.nih.gov,No,Yes,2,1,2026-04-28T12:35:35,2026-11-21T20:11:26,26251744163;26376771518,"C=US, O=IdenTrust, OU=HydrantID Trusted Certificate Service, CN=HydrantID Server CA O1"
ncwdev-vip.niaid.nih.gov,No,Yes,2,1,2026-04-28T12:35:35,2026-11-21T20:11:26,26251744163;26376771518,"C=US, O=IdenTrust, OU=HydrantID Trusted Certificate Service, CN=HydrantID Server CA O1"
ncwdev.niaid.nih.gov,Yes,Yes,2,1,2026-04-28T12:35:35,2026-11-21T20:11:26,26251744163;26376771518,"C=US, O=IdenTrust, OU=HydrantID Trusted Certificate Service, CN=HydrantID Server CA O1"
ncwdevoos.niaid.nih.gov,Yes,Yes,1,1,2026-06-24T16:54:26,2027-01-09T16:53:26,27454446817,"C=US, O=IdenTrust, OU=HydrantID Trusted Certificate Service, CN=HydrantID Server CA O1"
ncwmysite-vip.niaid.nih.gov,No,Yes,1,1,2026-02-24T17:47:36,2027-03-26T17:46:36,24621573310,"C=US, O=IdenTrust, OU=HydrantID Trusted Certificate Service, CN=HydrantID Server CA O1"
ncwmysite.niaid.nih.gov,No,Yes,1,1,2026-02-24T17:47:36,2027-03-26T17:46:36,24621573310,"C=US, O=IdenTrust, OU=HydrantID Trusted Certificate Service, CN=HydrantID Server CA O1"
ncwmysitedev-vip.niaid.nih.gov,No,Yes,2,1,2026-04-28T12:35:35,2026-11-21T20:11:26,26251744163;26376771518,"C=US, O=IdenTrust, OU=HydrantID Trusted Certificate Service, CN=HydrantID Server CA O1"
ncwmysitedev.niaid.nih.gov,No,Yes,2,1,2026-04-28T12:35:35,2026-11-21T20:11:26,26251744163;26376771518,"C=US, O=IdenTrust, OU=HydrantID Trusted Certificate Service, CN=HydrantID Server CA O1"
ncwmysiteqa-vip.niaid.nih.gov,No,Yes,1,1,2026-06-24T16:52:27,2027-01-09T16:51:27,27454408088,"C=US, O=IdenTrust, OU=HydrantID Trusted Certificate Service, CN=HydrantID Server CA O1"
ncwmysiteqa.niaid.nih.gov,No,Yes,1,1,2026-06-24T16:52:27,2027-01-09T16:51:27,27454408088,"C=US, O=IdenTrust, OU=HydrantID Trusted Certificate Service, CN=HydrantID Server CA O1"
ncwoos.niaid.nih.gov,Yes,Yes,1,1,2026-02-24T17:50:47,2027-03-26T17:49:47,24621619168,"C=US, O=IdenTrust, OU=HydrantID Trusted Certificate Service, CN=HydrantID Server CA O1"
ncwqa-intra-vip.niaid.nih.gov,No,Yes,1,1,2026-06-24T16:52:27,2027-01-09T16:51:27,27454408088,"C=US, O=IdenTrust, OU=HydrantID Trusted Certificate Service, CN=HydrantID Server CA O1"
ncwqa-intra.niaid.nih.gov,No,Yes,1,1,2026-06-24T16:52:27,2027-01-09T16:51:27,27454408088,"C=US, O=IdenTrust, OU=HydrantID Trusted Certificate Service, CN=HydrantID Server CA O1"
ncwqa-vip.niaid.nih.gov,No,Yes,1,1,2026-06-24T16:52:27,2027-01-09T16:51:27,27454408088,"C=US, O=IdenTrust, OU=HydrantID Trusted Certificate Service, CN=HydrantID Server CA O1"
ncwqa.niaid.nih.gov,Yes,Yes,1,1,2026-06-24T16:52:27,2027-01-09T16:51:27,27454408088,"C=US, O=IdenTrust, OU=HydrantID Trusted Certificate Service, CN=HydrantID Server CA O1"
ncwqaoos.niaid.nih.gov,Yes,Yes,1,1,2026-06-24T14:49:02,2027-01-09T14:48:02,27452059115,"C=US, O=IdenTrust, OU=HydrantID Trusted Certificate Service, CN=HydrantID Server CA O1"
nda.nih.gov,Yes,Yes,5,2,2025-11-04T00:00:00,2027-02-08T23:59:59,23669357486;26754041236;22192589582;23670153529;26709251183,"C=US, O=Amazon, CN=Amazon RSA 2048 M04;C=US, O=Amazon, CN=Amazon RSA 2048 M01"
ndct.nimh.nih.gov,No,Yes,3,2,2025-12-11T20:09:16,2027-01-10T20:08:16,23060636276;26709251183;26754041236,"C=US, O=IdenTrust, OU=HydrantID Trusted Certificate Service, CN=HydrantID Server CA O1;C=US, O=Amazon, CN=Amazon RSA 2048 M04"
ndep.nih.gov,Yes,Yes,2,1,2026-05-12T00:00:00,2026-11-12T23:59:59,26368401350;26270817629,"C=US, O=DigiCert Inc, OU=www.digicert.com, CN=GeoTrust TLS RSA CA G1"
near.niaid.nih.gov,No,Yes,1,1,2026-08-14T13:55:41,2027-03-01T13:54:41,28798097538,"C=US, O=IdenTrust, OU=HydrantID Trusted Certificate Service, CN=HydrantID Server CA O1"
near.nih.gov,No,Yes,1,1,2025-10-28T16:08:50,2026-11-27T16:07:50,22065029946,"C=US, O=IdenTrust, OU=HydrantID Trusted Certificate Service, CN=HydrantID Server CA O1"
nearf-stage.nimhd.nih.gov,No,Yes,1,1,2026-04-08T17:03:04,2026-10-24T17:02:04,25657614356,"C=US, O=IdenTrust, OU=HydrantID Trusted Certificate Service, CN=HydrantID Server CA O1"
nearf.nimhd.nih.gov,Yes,Yes,1,1,2026-04-08T17:03:04,2026-10-24T17:02:04,25657614356,"C=US, O=IdenTrust, OU=HydrantID Trusted Certificate Service, CN=HydrantID Server CA O1"
nearnext.niaid.nih.gov,Yes,Yes,1,1,2025-10-28T16:08:50,2026-11-27T16:07:50,22065029946,"C=US, O=IdenTrust, OU=HydrantID Trusted Certificate Service, CN=HydrantID Server CA O1"
nearqa.niaid.nih.gov,No,Yes,1,1,2026-07-10T22:32:34,2027-01-25T22:31:34,27840998531,"C=US, O=IdenTrust, OU=HydrantID Trusted Certificate Service, CN=HydrantID Server CA O1"
nearws.niaid.nih.gov,No,Yes,3,1,2026-03-24T18:28:46,2027-01-27T19:04:12,25197598948;25243922385;27880603846,"C=US, O=IdenTrust, OU=HydrantID Trusted Certificate Service, CN=HydrantID Server CA O1"
nearwsqa.niaid.nih.gov,Yes,Yes,1,1,2026-07-10T22:32:34,2027-01-25T22:31:34,27840998531,"C=US, O=IdenTrust, OU=HydrantID Trusted Certificate Service, CN=HydrantID Server CA O1"
ned.ha.nih.gov,Yes,Yes,1,1,2026-06-22T21:22:54,2027-01-07T21:21:54,27405096665,"C=US, O=IdenTrust, OU=HydrantID Trusted Certificate Service, CN=HydrantID Server CA O1"
ned.nih.gov,Yes,Yes,1,1,2025-09-29T17:54:36,2026-10-29T17:53:36,21352044419,"C=US, O=IdenTrust, OU=HydrantID Trusted Certificate Service, CN=HydrantID Server CA O1"
nedportal.ha.nih.gov,No,Yes,1,1,2025-10-24T13:48:08,2026-11-23T13:47:08,21970871587,"C=US, O=IdenTrust, OU=HydrantID Trusted Certificate Service, CN=HydrantID Server CA O1"
nedportal.nih.gov,Yes,Yes,1,1,2025-10-24T13:48:08,2026-11-23T13:47:08,21970871587,"C=US, O=IdenTrust, OU=HydrantID Trusted Certificate Service, CN=HydrantID Server CA O1"
nees.nih.gov,Yes,Yes,5,3,2025-12-11T16:11:10,2027-01-10T16:10:10,28658899312;28658896570;23057047524;28658890256;28658893644,"C=US, O=IdenTrust, OU=HydrantID Trusted Certificate Service, CN=HydrantID Server CA O1;C=US, O=Let's Encrypt, CN=YR1;C=US, O=Let's Encrypt, CN=YE2"
neesazdev.nih.gov,Yes,Yes,1,1,2026-08-20T16:03:25,2027-03-07T16:02:25,28864302229,"C=US, O=IdenTrust, OU=HydrantID Trusted Certificate Service, CN=HydrantID Server CA O1"
neeslab.nih.gov,Yes,Yes,1,1,2026-08-14T16:44:48,2027-03-01T16:43:48,28799253741,"C=US, O=IdenTrust, OU=HydrantID Trusted Certificate Service, CN=HydrantID Server CA O1"
neesqa.nih.gov,Yes,Yes,1,1,2026-02-06T15:35:41,2027-03-08T15:34:41,24225263952,"C=US, O=IdenTrust, OU=HydrantID Trusted Certificate Service, CN=HydrantID Server CA O1"
nei.nih.gov,Yes,Yes,1,1,2026-05-07T14:06:13,2026-11-22T14:05:13,26383289451,"C=US, O=IdenTrust, OU=HydrantID Trusted Certificate Service, CN=HydrantID Server CA O1"
neicommons.nei.nih.gov,Yes,Yes,1,1,2026-04-09T19:18:10,2026-10-25T19:17:10,25704125556,"C=US, O=IdenTrust, OU=HydrantID Trusted Certificate Service, CN=HydrantID Server CA O1"
neicommonsfiles.nei.nih.gov,Yes,Yes,1,1,2026-04-09T19:18:35,2026-10-25T19:17:35,25704140179,"C=US, O=IdenTrust, OU=HydrantID Trusted Certificate Service, CN=HydrantID Server CA O1"
neidatacommons.nei.nih.gov,Yes,Yes,2,1,2026-05-15T00:00:00,2026-11-15T23:59:59,26362035838;26363780858,"C=US, O=DigiCert Inc, OU=www.digicert.com, CN=GeoTrust TLS RSA CA G1"
neidatacommonstest.nei.nih.gov,Yes,Yes,2,1,2026-05-13T00:00:00,2026-11-13T23:59:59,26322700669;26329287214,"C=US, O=DigiCert Inc, OU=www.digicert.com, CN=GeoTrust TLS RSA CA G1"
neiggauz1.nei.nih.gov,Yes,Yes,1,1,2025-10-08T15:09:44,2026-11-07T15:08:44,21575548927,"C=US, O=IdenTrust, OU=HydrantID Trusted Certificate Service, CN=HydrantID Server CA O1"
neiggauz2.nei.nih.gov,Yes,Yes,1,1,2025-10-10T14:00:28,2026-11-09T13:59:28,21624818365,"C=US, O=IdenTrust, OU=HydrantID Trusted Certificate Service, CN=HydrantID Server CA O1"
nems.nih.gov,Yes,Yes,1,1,2026-04-27T16:16:19,2026-11-12T16:15:19,26240836259,"C=US, O=IdenTrust, OU=HydrantID Trusted Certificate Service, CN=HydrantID Server CA O1"
neps-drtst.nida.nih.gov,No,Yes,1,1,2025-09-30T15:25:17,2026-10-30T15:24:17,21376497647,"C=US, O=IdenTrust, OU=HydrantID Trusted Certificate Service, CN=HydrantID Server CA O1"
neps-history-drtst.nida.nih.gov,No,Yes,1,1,2025-09-30T15:25:17,2026-10-30T15:24:17,21376497647,"C=US, O=IdenTrust, OU=HydrantID Trusted Certificate Service, CN=HydrantID Server CA O1"
net.nih.gov,No,Yes,6,1,2026-03-12T00:00:00,2027-03-12T23:59:59,25443602764;24948980550;24944589427;25674922830;24944589540;24948982090,"C=CA, O=Entrust Limited, CN=Entrust OV TLS Issuing RSA CA 2"
netscaler.niaid.nih.gov,Yes,Yes,1,1,2026-01-09T15:49:15,2027-02-08T15:48:15,23659033504,"C=US, O=IdenTrust, OU=HydrantID Trusted Certificate Service, CN=HydrantID Server CA O1"
netsparkercloud.ocio.nih.gov,Yes,Yes,1,1,2026-02-27T14:10:23,2027-03-29T14:09:23,24677867668,"C=US, O=IdenTrust, OU=HydrantID Trusted Certificate Service, CN=HydrantID Server CA O1"
neurobiobank.nih.gov,Yes,Yes,1,1,2026-03-31T14:16:45,2026-10-16T14:15:45,25297136988,"C=US, O=IdenTrust, OU=HydrantID Trusted Certificate Service, CN=HydrantID Server CA O1"
news2use.ors.nih.gov,Yes,Yes,1,1,2026-01-08T15:40:34,2027-02-07T15:39:34,23635183200,"C=US, O=IdenTrust, OU=HydrantID Trusted Certificate Service, CN=HydrantID Server CA O1"
newsinhealth.nih.gov,No,Yes,2,1,2026-02-05T15:04:58,2027-02-15T15:47:15,24204343221;24825540855,"C=US, ST=Arizona, L=Scottsdale, O=""GoDaddy.com, Inc."", OU=http://certs.godaddy.com/repository/, CN=Go Daddy Secure Certificate Authority - G2"
nextgen.cio.egos.nih.gov,Yes,Yes,1,1,2026-08-18T14:54:59,2027-03-05T14:53:59,28841950878,"C=US, O=IdenTrust, OU=HydrantID Trusted Certificate Service, CN=HydrantID Server CA O1"
nexus.od.nih.gov,Yes,Yes,1,1,2026-02-02T19:07:08,2027-03-04T19:06:08,24143910140,"C=US, O=IdenTrust, OU=HydrantID Trusted Certificate Service, CN=HydrantID Server CA O1"
nhgrisccm.nhgri.nih.gov,Yes,Yes,1,1,2026-07-27T20:19:20,2027-02-11T20:18:20,28300869177,"C=US, O=IdenTrust, OU=HydrantID Trusted Certificate Service, CN=HydrantID Server CA O1"
nhgrishell03.nhgri.nih.gov,Yes,Yes,1,1,2026-06-04T17:52:25,2026-12-20T17:51:25,26891291987,"C=US, O=IdenTrust, OU=HydrantID Trusted Certificate Service, CN=HydrantID Server CA O1"
nhgriwikidmz01.nhgri.nih.gov,Yes,Yes,1,1,2025-11-19T19:52:56,2026-12-19T19:51:56,22598638664,"C=US, O=IdenTrust, OU=HydrantID Trusted Certificate Service, CN=HydrantID Server CA O1"
nhgriwikidmz02.nhgri.nih.gov,Yes,Yes,1,1,2025-11-19T19:54:01,2026-12-19T19:53:01,22598689175,"C=US, O=IdenTrust, OU=HydrantID Trusted Certificate Service, CN=HydrantID Server CA O1"
nhlbi-apim-prod.nhlbi.nih.gov,Yes,Yes,1,1,2026-02-20T17:50:41,2027-03-22T17:49:41,24538331423,"C=US, O=IdenTrust, OU=HydrantID Trusted Certificate Service, CN=HydrantID Server CA O1"
nhlbi-casper.nhlbi.nih.gov,Yes,Yes,1,1,2026-05-19T00:00:00,2026-12-02T23:59:59,26451618666,"C=US, O=Amazon, CN=Amazon RSA 2048 M04"
nhlbi.nih.gov,No,Yes,2,1,2026-05-29T15:53:38,2026-12-28T17:22:42,26735312344;27128788628,"C=US, O=IdenTrust, OU=HydrantID Trusted Certificate Service, CN=HydrantID Server CA O1"
nhlbijira.nhlbi.nih.gov,Yes,Yes,2,1,2025-11-03T20:58:13,2027-01-14T16:25:08,22186265734;23137203263,"C=US, O=IdenTrust, OU=HydrantID Trusted Certificate Service, CN=HydrantID Server CA O1"
nia-demo.cit.nih.gov,Yes,Yes,1,1,2025-12-30T00:00:00,2027-01-14T23:59:59,23457783547,"C=US, O=DigiCert Inc, OU=www.digicert.com, CN=GeoTrust TLS RSA CA G1"
nia.nih.gov,Yes,Yes,2,1,2026-06-03T00:00:00,2026-12-17T23:59:59,26843032611;27066974716,"C=US, O=Amazon, CN=Amazon RSA 2048 M01"
niaaa-jenkins-az.niaaa.nih.gov,Yes,Yes,1,1,2026-03-24T16:09:02,2026-10-09T16:08:02,25195517042,"C=US, O=IdenTrust, OU=HydrantID Trusted Certificate Service, CN=HydrantID Server CA O1"
niaaa-splunkfwd-az.niaaa.nih.gov,Yes,Yes,1,1,2026-03-24T16:07:53,2026-10-09T16:06:53,25195499162,"C=US, O=IdenTrust, OU=HydrantID Trusted Certificate Service, CN=HydrantID Server CA O1"
niaaa.nih.gov,Yes,Yes,10,5,2026-07-10T00:00:00,2027-01-28T23:59:59,28528492148;27836921428;28528487191;28528625609;28528641543;28528476191;27930770753;28528652945;28528476577;28528643992,"C=US, O=Let's Encrypt, CN=YR1;C=US, O=Let's Encrypt, CN=YR2;C=US, O=Let's Encrypt, CN=YE2;C=US, O=DigiCert Inc, CN=DigiCert Global G2 TLS RSA SHA256 2020 CA1;C=US, O=Let's Encrypt, CN=YE1"
niaaaforteens.niaaa.nih.gov,Yes,Yes,4,2,2026-07-23T09:01:03,2026-10-21T09:01:20,28177840240;28178323415;28177834428;28179483638,"C=US, O=Let's Encrypt, CN=YR2;C=US, O=Let's Encrypt, CN=YE1"
niaid-fred-apps.niaid.nih.gov,Yes,Yes,2,1,2025-09-27T06:09:29,2026-11-20T12:37:23,21308806998;21884307376,"C=US, O=IdenTrust, OU=HydrantID Trusted Certificate Service, CN=HydrantID Server CA O1"
niaid-fred-web.niaid.nih.gov,Yes,Yes,1,1,2026-06-10T22:13:11,2026-12-26T22:12:11,27065795413,"C=US, O=IdenTrust, OU=HydrantID Trusted Certificate Service, CN=HydrantID Server CA O1"
niaid.nih.gov,Yes,Yes,4,3,2025-09-09T14:47:47,2026-11-11T23:59:59,21348457378;22360557200;21715373689;20899368247,"C=US, O=IdenTrust, OU=HydrantID Trusted Certificate Service, CN=HydrantID Server CA O1;C=US, O=Amazon, CN=Amazon RSA 2048 M04;C=US, O=Amazon, CN=Amazon RSA 2048 M01"
niaidcrms25qa-vip.niaid.nih.gov,No,Yes,1,1,2026-06-11T20:03:07,2026-12-27T20:02:07,27098139390,"C=US, O=IdenTrust, OU=HydrantID Trusted Certificate Service, CN=HydrantID Server CA O1"
niaidcrmserawsqa.niaid.nih.gov,Yes,Yes,1,1,2026-06-12T14:53:08,2026-12-28T14:52:08,27125456175,"C=US, O=IdenTrust, OU=HydrantID Trusted Certificate Service, CN=HydrantID Server CA O1"
niaidcrmserawsval.niaid.nih.gov,Yes,Yes,1,1,2026-05-29T15:40:50,2026-12-14T15:39:50,26735090544,"C=US, O=IdenTrust, OU=HydrantID Trusted Certificate Service, CN=HydrantID Server CA O1"
niaidcrmsqa.niaid.nih.gov,Yes,Yes,1,1,2026-06-11T20:03:07,2026-12-27T20:02:07,27098139390,"C=US, O=IdenTrust, OU=HydrantID Trusted Certificate Service, CN=HydrantID Server CA O1"
niaidcrmsrs25qa-vip.niaid.nih.gov,No,Yes,2,1,2026-06-12T14:33:08,2027-03-05T20:32:10,28844369994;27125006335,"C=US, O=IdenTrust, OU=HydrantID Trusted Certificate Service, CN=HydrantID Server CA O1"
niaidcrmsrsqa.niaid.nih.gov,Yes,Yes,2,1,2026-06-12T14:33:08,2027-03-05T20:32:10,28844369994;27125006335,"C=US, O=IdenTrust, OU=HydrantID Trusted Certificate Service, CN=HydrantID Server CA O1"
niaidcrmsrsval.niaid.nih.gov,Yes,Yes,1,1,2026-05-29T15:49:10,2026-12-14T15:48:10,26735239844,"C=US, O=IdenTrust, OU=HydrantID Trusted Certificate Service, CN=HydrantID Server CA O1"
niaidcrmsval.niaid.nih.gov,Yes,Yes,1,1,2026-05-29T15:44:25,2026-12-14T15:43:25,26735143400,"C=US, O=IdenTrust, OU=HydrantID Trusted Certificate Service, CN=HydrantID Server CA O1"
niaidcrmsws25qa-vip.niaid.nih.gov,No,Yes,1,1,2026-06-12T14:49:06,2026-12-28T14:48:06,27125357706,"C=US, O=IdenTrust, OU=HydrantID Trusted Certificate Service, CN=HydrantID Server CA O1"
niaidcrmswsqa.niaid.nih.gov,Yes,Yes,1,1,2026-06-12T14:49:06,2026-12-28T14:48:06,27125357706,"C=US, O=IdenTrust, OU=HydrantID Trusted Certificate Service, CN=HydrantID Server CA O1"
niaidcrmswsval.niaid.nih.gov,Yes,Yes,1,1,2026-05-29T15:47:08,2026-12-14T15:46:08,26735192597,"C=US, O=IdenTrust, OU=HydrantID Trusted Certificate Service, CN=HydrantID Server CA O1"
niaidhedwig.niaid.nih.gov,No,Yes,1,1,2025-09-24T14:12:22,2026-10-24T14:11:22,21247773093,"C=US, O=IdenTrust, OU=HydrantID Trusted Certificate Service, CN=HydrantID Server CA O1"
niaidmeetscheduler.niaid.nih.gov,Yes,Yes,2,1,2026-09-01T02:37:33,2026-11-30T02:37:32,29215869971;29215885145,"C=US, O=Let's Encrypt, CN=YR1"
niaidowsservicecenter.niaid.nih.gov,No,Yes,1,1,2026-04-01T17:54:05,2026-10-17T17:53:05,25315440586,"C=US, O=IdenTrust, OU=HydrantID Trusted Certificate Service, CN=HydrantID Server CA O1"
niams.nih.gov,Yes,Yes,62,3,2025-09-15T16:46:38,2027-01-08T23:59:59,23038176750;23057635677;23038992860;23076698692;23038422212;22987516275;23138109008;23080812804;21038505050;23138392238;23136970389;23005411246;23187743095;23063857084;23038346890;23011139728;23080469769;23057556354;23162113841;23041046833;23038927088;23039329808;23157064522;23137075572;23162575787;23162188165;23039751887;23037309036;23187649969;23138878890;23179612710;23216803034;23137853781;23216702588;23156905848;23040942009;23035196639;23179457510;23038248744;23137421315;23058360164;22986867505;23064145308;23039191050;22982653936;23041141183;23141479112;23140695973;23038588432;21039962687;23140566556;23058569679;23037782767;23218794935;23178276104;23038052403;23162757805;23137506323;23060912182;23011828423;23057289810;23179323081,"C=US, O=DigiCert Inc, CN=DigiCert Global G2 TLS RSA SHA256 2020 CA1;C=US, O=IdenTrust, OU=HydrantID Trusted Certificate Service, CN=HydrantID Server CA O1;C=US, O=DigiCert Inc, CN=DigiCert Global G3 TLS ECC SHA384 2020 CA1"
nibib.nih.gov,No,Yes,2,1,2025-12-01T15:09:28,2026-12-31T15:10:00,22844681236;22844706860,"C=US, O=IdenTrust, OU=HydrantID Trusted Certificate Service, CN=HydrantID Server CA O1"
nichd.nih.gov,Yes,Yes,2,1,2026-08-06T00:00:00,2027-02-20T23:59:59,28591291822;28591292772,"C=GB, O=Sectigo Limited, CN=Sectigo Public Server Authentication CA DV R36"
nida.nih.gov,Yes,Yes,8,2,2026-07-21T00:00:00,2027-02-04T23:59:59,28126263086;28126236780;28126240395;28126267746;28126616366;28126262580;28126266048;28126616868,"C=GB, O=Sectigo Limited, CN=Sectigo Public Server Authentication CA DV R36;C=CA, O=Entrust Limited, CN=Entrust OV TLS Issuing RSA CA 2"
nidap.nih.gov,Yes,Yes,1,1,2026-04-07T18:59:26,2026-10-23T18:58:26,25619877561,"C=US, O=IdenTrust, OU=HydrantID Trusted Certificate Service, CN=HydrantID Server CA O1"
nidb.nih.gov,Yes,Yes,9,3,2025-12-04T14:54:24,2027-01-03T14:53:24,28747297290;28747290460;28747302759;28747851446;28747290498;22893684816;28747854937;28747857446;28747863377,"C=US, O=IdenTrust, OU=HydrantID Trusted Certificate Service, CN=HydrantID Server CA O1;C=US, O=Let's Encrypt, CN=YR2;C=US, O=Let's Encrypt, CN=YE1"
nidbd.od.nih.gov,Yes,Yes,1,1,2026-07-28T19:22:09,2027-02-12T19:21:09,28329004977,"C=US, O=IdenTrust, OU=HydrantID Trusted Certificate Service, CN=HydrantID Server CA O1"
nidbt.od.nih.gov,Yes,Yes,1,1,2026-06-25T18:45:32,2027-01-10T18:44:32,27481805772,"C=US, O=IdenTrust, OU=HydrantID Trusted Certificate Service, CN=HydrantID Server CA O1"
nidbv.od.nih.gov,Yes,Yes,1,1,2026-08-05T15:49:01,2027-02-20T15:48:01,28561926001,"C=US, O=IdenTrust, OU=HydrantID Trusted Certificate Service, CN=HydrantID Server CA O1"
nidcd.nih.gov,Yes,Yes,18,2,2026-04-24T00:00:00,2026-12-30T23:59:59,25741916890;27206004264;26033125026;26033127587;27205505964;26033123459;27205754316;27205471267;25741918759;25741913096;25741888996;26033137305;26033126705;26033121949;25741950867;27206062781;25741954141;27205767627,"C=GB, O=Sectigo Limited, CN=Sectigo Public Server Authentication CA DV R36;C=CA, O=Entrust Limited, CN=Entrust OV TLS Issuing RSA CA 2"
niddk-demo.cit.nih.gov,Yes,Yes,1,1,2026-01-27T00:00:00,2027-02-27T23:59:59,24016793496,"C=US, O=DigiCert Inc, OU=www.digicert.com, CN=GeoTrust TLS RSA CA G1"
niddk.nih.gov,Yes,Yes,1,1,2025-11-17T19:35:43,2026-12-17T19:34:43,22545523494,"C=US, O=IdenTrust, OU=HydrantID Trusted Certificate Service, CN=HydrantID Server CA O1"
niehs-era.niehs.nih.gov,Yes,Yes,1,1,2026-04-16T20:36:21,2026-11-01T20:35:21,25937394072,"C=US, O=IdenTrust, OU=HydrantID Trusted Certificate Service, CN=HydrantID Server CA O1"
niehsvpn-dc.niehs.nih.gov,Yes,Yes,2,1,2026-09-10T13:44:34,2026-12-09T13:44:33,29574241314;29613992741,"C=US, O=Let's Encrypt, CN=YR1"
niehsvpn-f138.niehs.nih.gov,No,Yes,2,2,2026-09-10T13:42:23,2026-12-09T13:46:59,29615074773;29615256327,"C=US, O=Let's Encrypt, CN=YR1;C=US, O=Let's Encrypt, CN=YR2"
niehsvpn.niehs.nih.gov,Yes,Yes,3,2,2025-12-15T00:00:00,2026-12-14T23:59:59,29615256327;23138388345;23138590864,"C=US, O=Let's Encrypt, CN=YR1;C=US, O=DigiCert Inc, CN=DigiCert Global G2 TLS RSA SHA256 2020 CA1"
nigms.nih.gov,Yes,Yes,1,1,2026-04-02T19:04:43,2026-10-18T19:03:43,25368747657,"C=US, O=IdenTrust, OU=HydrantID Trusted Certificate Service, CN=HydrantID Server CA O1"
nih-ipam.net.nih.gov,No,Yes,1,1,2025-10-30T20:05:30,2026-11-29T20:04:30,22108317615,"C=US, O=IdenTrust, OU=HydrantID Trusted Certificate Service, CN=HydrantID Server CA O1"
nih.gov,No,Yes,24,7,2026-02-05T15:04:58,2027-03-07T23:59:59,28239371055;28239556287;28239574695;24825540855;28895565832;29163417258;28239372436;29019252173;29081341932;29011594208;28239555398;29011731461;28895560682;28964220527;28239375214;28239364814;24204343221;29163310057;29019930183;29081342594;28239574479;29010985119;29019144151;29026148691,"C=CA, O=Entrust Limited, CN=Entrust OV TLS Issuing RSA CA 2;C=US, O=Let's Encrypt, CN=YR1;C=US, O=Let's Encrypt, CN=YR2;C=US, ST=Arizona, L=Scottsdale, O=""GoDaddy.com, Inc."", OU=http://certs.godaddy.com/repository/, CN=Go Daddy Secure Certificate Authority - G2;C=GB, O=Sectigo Limited, CN=Sectigo Public Server Authentication CA DV R36;C=US, O=Let's Encrypt, CN=YE2;C=US, O=Let's Encrypt, CN=YE1"
nih016rees.niaid.nih.gov,Yes,Yes,1,1,2026-08-06T22:16:25,2027-02-21T22:15:25,28601132648,"C=US, O=IdenTrust, OU=HydrantID Trusted Certificate Service, CN=HydrantID Server CA O1"
nih035.niaid.nih.gov,No,Yes,1,1,2026-02-23T22:21:28,2027-03-25T22:20:28,24605011268,"C=US, O=IdenTrust, OU=HydrantID Trusted Certificate Service, CN=HydrantID Server CA O1"
nih099.niaid.nih.gov,No,Yes,1,1,2026-03-24T18:25:16,2026-10-09T18:24:16,25197553450,"C=US, O=IdenTrust, OU=HydrantID Trusted Certificate Service, CN=HydrantID Server CA O1"
nih100.niaid.nih.gov,No,Yes,1,1,2026-07-09T18:32:48,2027-01-24T18:31:48,27812223401,"C=US, O=IdenTrust, OU=HydrantID Trusted Certificate Service, CN=HydrantID Server CA O1"
nih101.niaid.nih.gov,No,Yes,1,1,2026-06-11T19:49:16,2026-12-27T19:48:16,27097817126,"C=US, O=IdenTrust, OU=HydrantID Trusted Certificate Service, CN=HydrantID Server CA O1"
nih151.niaid.nih.gov,Yes,Yes,1,1,2025-12-08T20:07:28,2027-01-07T20:06:28,22986652256,"C=US, O=IdenTrust, OU=HydrantID Trusted Certificate Service, CN=HydrantID Server CA O1"
nih158.niaid.nih.gov,No,Yes,3,1,2025-09-23T12:56:04,2027-01-24T18:33:20,21228067712;27812264422;21221909483,"C=US, O=IdenTrust, OU=HydrantID Trusted Certificate Service, CN=HydrantID Server CA O1"
nih164.niaid.nih.gov,No,Yes,1,1,2025-11-05T19:20:20,2026-12-05T19:19:20,22235536493,"C=US, O=IdenTrust, OU=HydrantID Trusted Certificate Service, CN=HydrantID Server CA O1"
nihapps.niehs.nih.gov,Yes,Yes,2,1,2026-08-27T16:10:09,2026-11-25T16:10:08,29237352536;29107709928,"C=US, O=Let's Encrypt, CN=YR2"
nihbackupsmas01.hub.nih.gov,Yes,Yes,2,1,2026-01-29T00:00:00,2027-03-01T23:59:59,24063922956;24063921417,"C=CA, O=Entrust Limited, CN=Entrust OV TLS Issuing RSA CA 2"
nihblox5.nih.gov,Yes,Yes,1,1,2025-10-30T20:05:30,2026-11-29T20:04:30,22108317615,"C=US, O=IdenTrust, OU=HydrantID Trusted Certificate Service, CN=HydrantID Server CA O1"
nihblox6.nih.gov,Yes,Yes,1,1,2025-10-30T20:05:25,2026-11-29T20:04:25,22108317471,"C=US, O=IdenTrust, OU=HydrantID Trusted Certificate Service, CN=HydrantID Server CA O1"
nihbpss.olao.od.nih.gov,Yes,Yes,3,1,2025-10-17T21:19:50,2026-11-21T18:57:08,21920855494;21888582787;21790534122,"C=US, O=IdenTrust, OU=HydrantID Trusted Certificate Service, CN=HydrantID Server CA O1"
nihcats.olao.od.nih.gov,Yes,Yes,1,1,2025-10-30T20:13:53,2026-11-29T20:12:53,22108413466,"C=US, O=IdenTrust, OU=HydrantID Trusted Certificate Service, CN=HydrantID Server CA O1"
nihcesxway.hub.nih.gov,No,Yes,2,1,2026-08-21T00:00:00,2027-03-07T23:59:59,28895560682;28895565832,"C=CA, O=Entrust Limited, CN=Entrust OV TLS Issuing RSA CA 2"
nihcesxway2.hub.nih.gov,No,Yes,2,1,2026-08-21T00:00:00,2027-03-07T23:59:59,28895560682;28895565832,"C=CA, O=Entrust Limited, CN=Entrust OV TLS Issuing RSA CA 2"
nihcesxway3.hub.nih.gov,No,Yes,2,1,2026-08-21T00:00:00,2027-03-07T23:59:59,28895560682;28895565832,"C=CA, O=Entrust Limited, CN=Entrust OV TLS Issuing RSA CA 2"
nihcesxway4.hub.nih.gov,No,Yes,2,1,2026-08-21T00:00:00,2027-03-07T23:59:59,28895560682;28895565832,"C=CA, O=Entrust Limited, CN=Entrust OV TLS Issuing RSA CA 2"
nihcesxway5.hub.nih.gov,No,Yes,2,1,2026-08-21T00:00:00,2027-03-07T23:59:59,28895560682;28895565832,"C=CA, O=Entrust Limited, CN=Entrust OV TLS Issuing RSA CA 2"
nihcesxway6.hub.nih.gov,No,Yes,2,1,2026-08-21T00:00:00,2027-03-07T23:59:59,28895560682;28895565832,"C=CA, O=Entrust Limited, CN=Entrust OV TLS Issuing RSA CA 2"
nihcesxway7.nihdev.cit.nih.gov,No,Yes,2,1,2025-12-18T00:00:00,2027-01-18T23:59:59,23202680265;23202720004,"C=CA, O=Entrust Limited, CN=Entrust OV TLS Issuing RSA CA 2"
nihcesxwayst01.hub.nih.gov,No,Yes,2,1,2026-08-21T00:00:00,2027-03-07T23:59:59,28895560682;28895565832,"C=CA, O=Entrust Limited, CN=Entrust OV TLS Issuing RSA CA 2"
nihcesxwayst02.hub.nih.gov,No,Yes,2,1,2026-08-21T00:00:00,2027-03-07T23:59:59,28895560682;28895565832,"C=CA, O=Entrust Limited, CN=Entrust OV TLS Issuing RSA CA 2"
nihcesxwayst03.hub.nih.gov,No,Yes,2,1,2026-08-21T00:00:00,2027-03-07T23:59:59,28895560682;28895565832,"C=CA, O=Entrust Limited, CN=Entrust OV TLS Issuing RSA CA 2"
nihcesxwayst04.hub.nih.gov,No,Yes,2,1,2026-08-21T00:00:00,2027-03-07T23:59:59,28895560682;28895565832,"C=CA, O=Entrust Limited, CN=Entrust OV TLS Issuing RSA CA 2"
nihcesxwayst05.hub.nih.gov,No,Yes,2,1,2026-08-21T00:00:00,2027-03-07T23:59:59,28895560682;28895565832,"C=CA, O=Entrust Limited, CN=Entrust OV TLS Issuing RSA CA 2"
nihcesxwayst06.hub.nih.gov,No,Yes,2,1,2026-08-21T00:00:00,2027-03-07T23:59:59,28895560682;28895565832,"C=CA, O=Entrust Limited, CN=Entrust OV TLS Issuing RSA CA 2"
nihcesxwayst07.nihdev.cit.nih.gov,Yes,Yes,2,1,2025-12-18T00:00:00,2027-01-18T23:59:59,23202680265;23202720004,"C=CA, O=Entrust Limited, CN=Entrust OV TLS Issuing RSA CA 2"
nihdevesam365s01.nihdev.cit.nih.gov,No,Yes,2,1,2025-12-18T00:00:00,2027-01-18T23:59:59,23202680265;23202720004,"C=CA, O=Entrust Limited, CN=Entrust OV TLS Issuing RSA CA 2"
nihdevsmtpmailfwd1.nihdev.cit.nih.gov,No,Yes,4,1,2025-12-18T00:00:00,2027-01-18T23:59:59,23202680549;23202518502;23202520229;23202680009,"C=CA, O=Entrust Limited, CN=Entrust OV TLS Issuing RSA CA 2"
nihdevsmtpmailfwd2.nihdev.cit.nih.gov,No,Yes,4,1,2025-12-18T00:00:00,2027-01-18T23:59:59,23202680549;23202518502;23202520229;23202680009,"C=CA, O=Entrust Limited, CN=Entrust OV TLS Issuing RSA CA 2"
nihedrmsdcon0.nih.gov,Yes,Yes,1,1,2026-05-27T20:47:35,2026-12-12T20:46:35,26689825248,"C=US, O=IdenTrust, OU=HydrantID Trusted Certificate Service, CN=HydrantID Server CA O1"
nihedrmsdtsql0.nih.gov,Yes,Yes,1,1,2026-06-01T18:54:46,2026-12-17T18:53:46,26807488342,"C=US, O=IdenTrust, OU=HydrantID Trusted Certificate Service, CN=HydrantID Server CA O1"
nihedrmsprdcon1.nih.gov,Yes,Yes,1,1,2026-05-29T18:43:49,2026-12-14T18:42:49,26738253095,"C=US, O=IdenTrust, OU=HydrantID Trusted Certificate Service, CN=HydrantID Server CA O1"
nihedrmstcon0.nih.gov,Yes,Yes,1,1,2026-05-27T20:47:20,2026-12-12T20:46:20,26689820918,"C=US, O=IdenTrust, OU=HydrantID Trusted Certificate Service, CN=HydrantID Server CA O1"
nihesarelayb03.hub.nih.gov,No,Yes,4,1,2026-01-12T00:00:00,2027-03-09T23:59:59,23723528456;24224804545;24224787366;23723529105,"C=CA, O=Entrust Limited, CN=Entrust OV TLS Issuing RSA CA 2"
nihesarelayb04.hub.nih.gov,No,Yes,4,1,2026-01-12T00:00:00,2027-03-09T23:59:59,23723528456;24224804545;24224787366;23723529105,"C=CA, O=Entrust Limited, CN=Entrust OV TLS Issuing RSA CA 2"
nihesarelays03.hub.nih.gov,No,Yes,4,1,2026-01-12T00:00:00,2027-03-09T23:59:59,23723528456;24224804545;24224787366;23723529105,"C=CA, O=Entrust Limited, CN=Entrust OV TLS Issuing RSA CA 2"
nihesarelays04.hub.nih.gov,No,Yes,4,1,2026-01-12T00:00:00,2027-03-09T23:59:59,23723528456;24224804545;24224787366;23723529105,"C=CA, O=Entrust Limited, CN=Entrust OV TLS Issuing RSA CA 2"
nihfsauth.ha.nih.gov,Yes,Yes,1,1,2025-10-30T20:00:06,2026-11-29T19:59:06,22108258905,"C=US, O=IdenTrust, OU=HydrantID Trusted Certificate Service, CN=HydrantID Server CA O1"
nihfsauth.nih.gov,Yes,Yes,1,1,2025-12-10T19:40:55,2027-01-09T19:39:55,23039647411,"C=US, O=IdenTrust, OU=HydrantID Trusted Certificate Service, CN=HydrantID Server CA O1"
nihlibrary.nih.gov,Yes,Yes,9,4,2026-04-17T17:57:28,2026-11-02T17:56:28,28008235203;28008490346;28008227970;25966679845;28008234704;28008480988;28008231539;28008484930;28008478905,"C=US, O=IdenTrust, OU=HydrantID Trusted Certificate Service, CN=HydrantID Server CA O1;C=US, O=Let's Encrypt, CN=YR1;C=US, O=Let's Encrypt, CN=YE2;C=US, O=Let's Encrypt, CN=YE1"
nihlibrary.ors.nih.gov,Yes,Yes,1,1,2026-07-31T21:08:58,2027-02-15T21:07:58,28418256127,"C=US, O=IdenTrust, OU=HydrantID Trusted Certificate Service, CN=HydrantID Server CA O1"
nihmedsftb.nih.gov,No,Yes,1,1,2026-01-07T16:02:20,2027-02-06T16:01:20,23611985632,"C=US, O=IdenTrust, OU=HydrantID Trusted Certificate Service, CN=HydrantID Server CA O1"
nihmidsbv2.nihdev.cit.nih.gov,Yes,Yes,1,1,2026-01-21T14:30:11,2027-02-20T14:29:11,23900035568,"C=US, O=IdenTrust, OU=HydrantID Trusted Certificate Service, CN=HydrantID Server CA O1"
nihmidsbv3.nihdev.cit.nih.gov,Yes,Yes,1,1,2026-01-21T14:30:39,2027-02-20T14:29:39,23900052575,"C=US, O=IdenTrust, OU=HydrantID Trusted Certificate Service, CN=HydrantID Server CA O1"
nihmisbv3.cit.nih.gov,Yes,Yes,1,1,2026-01-21T14:31:09,2027-02-20T14:30:09,23900051369,"C=US, O=IdenTrust, OU=HydrantID Trusted Certificate Service, CN=HydrantID Server CA O1"
nihmisbv4.cit.nih.gov,Yes,Yes,1,1,2026-01-21T14:31:34,2027-02-20T14:30:34,23900054502,"C=US, O=IdenTrust, OU=HydrantID Trusted Certificate Service, CN=HydrantID Server CA O1"
nihmissv3.cit.nih.gov,Yes,Yes,1,1,2026-03-30T14:31:08,2026-10-15T14:30:08,25283637050,"C=US, O=IdenTrust, OU=HydrantID Trusted Certificate Service, CN=HydrantID Server CA O1"
nihmissv4.cit.nih.gov,Yes,Yes,1,1,2026-03-30T14:30:35,2026-10-15T14:29:35,25283634352,"C=US, O=IdenTrust, OU=HydrantID Trusted Certificate Service, CN=HydrantID Server CA O1"
nihmobile.nih.gov,Yes,Yes,1,1,2026-05-13T19:31:17,2026-11-28T19:30:17,26435292160,"C=US, O=IdenTrust, OU=HydrantID Trusted Certificate Service, CN=HydrantID Server CA O1"
nihms.nih.gov,Yes,Yes,3,1,2026-08-28T04:06:59,2026-11-26T04:58:04,29380894066;29630664514;29117469089,"C=US, O=Let's Encrypt, CN=YR1"
nihnimhdir.nimh.nih.gov,Yes,Yes,2,1,2026-07-22T19:22:51,2027-02-05T19:22:51,28161158602;28161187392,"C=US, O=GoDaddy.com, CN=GoDaddy TLS Intermediate CA DV - R1v1"
nihplainlanguage.nih.gov,No,Yes,2,1,2026-02-05T15:04:58,2027-02-15T15:47:15,24204343221;24825540855,"C=US, ST=Arizona, L=Scottsdale, O=""GoDaddy.com, Inc."", OU=http://certs.godaddy.com/repository/, CN=Go Daddy Secure Certificate Authority - G2"
nihrecord.nih.gov,Yes,Yes,3,2,2026-02-05T15:04:58,2027-03-28T18:22:24,24204343221;24661301765;24825540855,"C=US, O=IdenTrust, OU=HydrantID Trusted Certificate Service, CN=HydrantID Server CA O1;C=US, ST=Arizona, L=Scottsdale, O=""GoDaddy.com, Inc."", OU=http://certs.godaddy.com/repository/, CN=Go Daddy Secure Certificate Authority - G2"
nihsc.sss.od.nih.gov,Yes,Yes,1,1,2025-11-18T15:53:15,2026-12-18T15:52:15,22566823416,"C=US, O=IdenTrust, OU=HydrantID Trusted Certificate Service, CN=HydrantID Server CA O1"
nihsccatalog.od.nih.gov,Yes,Yes,1,1,2025-11-18T15:52:36,2026-12-18T15:51:36,22566822974,"C=US, O=IdenTrust, OU=HydrantID Trusted Certificate Service, CN=HydrantID Server CA O1"
nihsftb.nih.gov,No,Yes,1,1,2026-01-07T16:03:24,2027-02-06T16:02:24,23612006979,"C=US, O=IdenTrust, OU=HydrantID Trusted Certificate Service, CN=HydrantID Server CA O1"
nihsmtpxway.hub.nih.gov,No,Yes,2,1,2026-08-21T00:00:00,2027-03-07T23:59:59,28895560682;28895565832,"C=CA, O=Entrust Limited, CN=Entrust OV TLS Issuing RSA CA 2"
nihsmtpxway2.hub.nih.gov,No,Yes,2,1,2026-08-21T00:00:00,2027-03-07T23:59:59,28895560682;28895565832,"C=CA, O=Entrust Limited, CN=Entrust OV TLS Issuing RSA CA 2"
nihsmtpxway3.hub.nih.gov,No,Yes,2,1,2026-08-21T00:00:00,2027-03-07T23:59:59,28895560682;28895565832,"C=CA, O=Entrust Limited, CN=Entrust OV TLS Issuing RSA CA 2"
nihsmtpxway4.hub.nih.gov,No,Yes,2,1,2026-08-21T00:00:00,2027-03-07T23:59:59,28895560682;28895565832,"C=CA, O=Entrust Limited, CN=Entrust OV TLS Issuing RSA CA 2"
nihsmtpxway5.hub.nih.gov,No,Yes,2,1,2026-08-21T00:00:00,2027-03-07T23:59:59,28895560682;28895565832,"C=CA, O=Entrust Limited, CN=Entrust OV TLS Issuing RSA CA 2"
nihsmtpxway6.hub.nih.gov,No,Yes,2,1,2026-08-21T00:00:00,2027-03-07T23:59:59,28895560682;28895565832,"C=CA, O=Entrust Limited, CN=Entrust OV TLS Issuing RSA CA 2"
nihsmtpxwayst01.hub.nih.gov,No,Yes,2,1,2026-08-21T00:00:00,2027-03-07T23:59:59,28895560682;28895565832,"C=CA, O=Entrust Limited, CN=Entrust OV TLS Issuing RSA CA 2"
nihsmtpxwayst02.hub.nih.gov,No,Yes,2,1,2026-08-21T00:00:00,2027-03-07T23:59:59,28895560682;28895565832,"C=CA, O=Entrust Limited, CN=Entrust OV TLS Issuing RSA CA 2"
nihsmtpxwayst03.hub.nih.gov,No,Yes,2,1,2026-08-21T00:00:00,2027-03-07T23:59:59,28895560682;28895565832,"C=CA, O=Entrust Limited, CN=Entrust OV TLS Issuing RSA CA 2"
nihsmtpxwayst04.hub.nih.gov,No,Yes,2,1,2026-08-21T00:00:00,2027-03-07T23:59:59,28895560682;28895565832,"C=CA, O=Entrust Limited, CN=Entrust OV TLS Issuing RSA CA 2"
nihsmtpxwayst05.hub.nih.gov,No,Yes,2,1,2026-08-21T00:00:00,2027-03-07T23:59:59,28895560682;28895565832,"C=CA, O=Entrust Limited, CN=Entrust OV TLS Issuing RSA CA 2"
nihsmtpxwayst06.hub.nih.gov,No,Yes,2,1,2026-08-21T00:00:00,2027-03-07T23:59:59,28895560682;28895565832,"C=CA, O=Entrust Limited, CN=Entrust OV TLS Issuing RSA CA 2"
nihuccpexip-teamsconn-na.teams.nih.gov,Yes,Yes,1,1,2025-09-26T17:21:35,2026-10-26T17:20:35,21294483475,"C=US, O=IdenTrust, OU=HydrantID Trusted Certificate Service, CN=HydrantID Server CA O1"
nihvadam.nih.gov,Yes,Yes,1,1,2026-06-03T20:06:56,2026-12-19T20:05:56,26864984335,"C=US, O=IdenTrust, OU=HydrantID Trusted Certificate Service, CN=HydrantID Server CA O1"
nihvideoext.nih.gov,Yes,Yes,6,1,2025-12-31T00:00:00,2027-02-05T23:59:59,23483690106;23481226225;23483693025;23573691198;23573689647;23481226924,"C=CA, O=Entrust Limited, CN=Entrust OV TLS Issuing RSA CA 2"
nihvideoexternal.nih.gov,No,Yes,6,1,2025-12-31T00:00:00,2027-02-05T23:59:59,23483690106;23481226225;23483693025;23573691198;23573689647;23481226924,"C=CA, O=Entrust Limited, CN=Entrust OV TLS Issuing RSA CA 2"
nihvideoexternal2.nih.gov,No,Yes,6,1,2025-12-31T00:00:00,2027-02-05T23:59:59,23483690106;23481226225;23483693025;23573691198;23573689647;23481226924,"C=CA, O=Entrust Limited, CN=Entrust OV TLS Issuing RSA CA 2"
nihvideoexternal3.nih.gov,No,Yes,6,1,2025-12-31T00:00:00,2027-02-05T23:59:59,23483690106;23481226225;23483693025;23573691198;23573689647;23481226924,"C=CA, O=Entrust Limited, CN=Entrust OV TLS Issuing RSA CA 2"
nihweb10vm-vip.cit.nih.gov,Yes,Yes,1,1,2025-09-18T16:49:45,2026-10-18T16:48:45,21112226152,"C=US, O=IdenTrust, OU=HydrantID Trusted Certificate Service, CN=HydrantID Server CA O1"
nihweb7vmext.cit.nih.gov,Yes,Yes,1,1,2025-09-18T16:48:38,2026-10-18T16:47:38,21112211690,"C=US, O=IdenTrust, OU=HydrantID Trusted Certificate Service, CN=HydrantID Server CA O1"
nihweb8vmext.cit.nih.gov,Yes,Yes,1,1,2025-10-24T15:01:52,2026-11-23T15:00:52,21972231904,"C=US, O=IdenTrust, OU=HydrantID Trusted Certificate Service, CN=HydrantID Server CA O1"
nihwlanaaa.nih.gov,Yes,Yes,1,1,2026-08-18T18:10:37,2027-03-05T18:09:37,28843405365,"C=US, O=IdenTrust, OU=HydrantID Trusted Certificate Service, CN=HydrantID Server CA O1"
nimh-sql.nih.gov,Yes,Yes,2,1,2026-07-22T19:22:49,2027-02-05T19:22:49,28161172326;28161157282,"C=US, O=GoDaddy.com, CN=GoDaddy TLS Intermediate CA DV - R1v1"
nimh.nih.gov,Yes,Yes,2,1,2026-07-22T19:22:52,2027-02-05T19:22:52,28161186993;28161157080,"C=US, O=GoDaddy.com, CN=GoDaddy TLS Intermediate CA DV - R1v1"
nimhapple.nimh.nih.gov,Yes,Yes,2,1,2026-07-22T19:22:51,2027-02-05T19:22:51,28161188104;28161158957,"C=US, O=GoDaddy.com, CN=GoDaddy TLS Intermediate CA DV - R1v1"
nimhappledev.nimh.nih.gov,Yes,Yes,2,1,2026-07-22T19:22:54,2027-02-05T19:22:54,28161187664;28161187645,"C=US, O=GoDaddy.com, CN=GoDaddy TLS Intermediate CA DV - R1v1"
nimhd.nih.gov,Yes,Yes,1,1,2025-11-24T21:28:32,2026-12-24T21:27:32,22710938833,"C=US, O=IdenTrust, OU=HydrantID Trusted Certificate Service, CN=HydrantID Server CA O1"
nimhfm19.nimh.nih.gov,Yes,Yes,2,1,2026-07-22T19:22:54,2027-02-05T19:22:54,28161187100;28161188110,"C=US, O=GoDaddy.com, CN=GoDaddy TLS Intermediate CA DV - R1v1"
nimhjamfdmz.nimh.nih.gov,Yes,Yes,4,1,2026-07-22T19:22:57,2027-02-14T18:04:35,28161189488;28414539069;28161188211;28414540424,"C=US, O=GoDaddy.com, CN=GoDaddy TLS Intermediate CA DV - R1v1"
nimhlbcfmps.nih.gov,Yes,Yes,1,1,2026-01-17T18:47:19,2027-02-18T18:47:19,23826480329,"C=US, ST=Arizona, L=Scottsdale, O=""GoDaddy.com, Inc."", OU=http://certs.godaddy.com/repository/, CN=Go Daddy Secure Certificate Authority - G2"
nimhsatelliteserver.nimh.nih.gov,Yes,Yes,2,1,2026-07-22T19:22:51,2027-02-05T19:22:51,28161158108;28161187394,"C=US, O=GoDaddy.com, CN=GoDaddy TLS Intermediate CA DV - R1v1"
ninds-demo.cit.nih.gov,Yes,Yes,1,1,2025-12-30T00:00:00,2027-01-10T23:59:59,23458039218,"C=US, O=DigiCert Inc, OU=www.digicert.com, CN=GeoTrust TLS RSA CA G1"
ninds.nih.gov,Yes,Yes,8,4,2026-04-07T00:00:00,2027-02-08T23:59:59,25443602764;28134412730;28134411819;27990328762;27990328472;25674922830;28260827767;28262131454,"C=GB, O=Sectigo Limited, CN=Sectigo Public Server Authentication CA DV R36;C=CA, O=Entrust Limited, CN=Entrust DV TLS Issuing RSA CA 2;C=US, O=Amazon, CN=Amazon RSA 2048 M01;C=CA, O=Entrust Limited, CN=Entrust OV TLS Issuing RSA CA 2"
nindsazext1.ninds.nih.gov,Yes,Yes,1,1,2026-07-13T18:35:50,2027-01-28T18:34:50,27905507683,"C=US, O=IdenTrust, OU=HydrantID Trusted Certificate Service, CN=HydrantID Server CA O1"
nindsazosext1.ninds.nih.gov,Yes,Yes,1,1,2026-07-28T20:03:28,2027-02-12T20:02:28,28329830310,"C=US, O=IdenTrust, OU=HydrantID Trusted Certificate Service, CN=HydrantID Server CA O1"
nindsazspext1.ninds.nih.gov,Yes,Yes,1,1,2026-01-20T19:26:53,2027-02-19T19:25:53,23886063367,"C=US, O=IdenTrust, OU=HydrantID Trusted Certificate Service, CN=HydrantID Server CA O1"
ninr-dev-redesign.ninr.nih.gov,Yes,Yes,1,1,2025-11-20T15:27:21,2026-12-20T15:26:21,22620544053,"C=US, O=IdenTrust, OU=HydrantID Trusted Certificate Service, CN=HydrantID Server CA O1"
ninr-stage-redesign.ninr.nih.gov,Yes,Yes,1,1,2025-11-20T15:25:38,2026-12-20T15:24:38,22620510522,"C=US, O=IdenTrust, OU=HydrantID Trusted Certificate Service, CN=HydrantID Server CA O1"
nisar.niaid.nih.gov,Yes,Yes,1,1,2026-04-28T12:48:47,2026-11-13T12:47:47,26251830263,"C=US, O=IdenTrust, OU=HydrantID Trusted Certificate Service, CN=HydrantID Server CA O1"
nisc.nih.gov,No,Yes,2,2,2026-02-19T18:50:19,2027-03-21T18:49:19,24517599114;27586207860,"C=US, O=IdenTrust, OU=HydrantID Trusted Certificate Service, CN=HydrantID Server CA O1;C=US, O=Amazon, CN=Amazon RSA 2048 M01"
niscweb.nhgri.nih.gov,No,Yes,2,2,2026-02-19T18:50:19,2027-03-21T18:49:19,24517599114;27586207860,"C=US, O=IdenTrust, OU=HydrantID Trusted Certificate Service, CN=HydrantID Server CA O1;C=US, O=Amazon, CN=Amazon RSA 2048 M01"
niscwebprod03.nhgri.nih.gov,Yes,Yes,1,1,2026-02-19T18:50:19,2027-03-21T18:49:19,24517599114,"C=US, O=IdenTrust, OU=HydrantID Trusted Certificate Service, CN=HydrantID Server CA O1"
nitaac.nih.gov,Yes,Yes,1,1,2026-04-29T14:29:47,2026-11-14T14:28:47,26262464737,"C=US, O=IdenTrust, OU=HydrantID Trusted Certificate Service, CN=HydrantID Server CA O1"
nkdep.nih.gov,Yes,Yes,2,1,2026-05-12T00:00:00,2026-11-12T23:59:59,26271576147;26270777345,"C=US, O=DigiCert Inc, OU=www.digicert.com, CN=GeoTrust TLS RSA CA G1"
nlm.nih.gov,No,Yes,22,2,2025-10-19T00:00:00,2027-03-08T23:59:59,26648650992;24171221548;22892269431;25622992860;28940075399;22916240363;25327113330;21820920441;25539528492;25526245813;22892197051;27556872565;27514364406;28081236716;25360190913;27069793634;25628498332;28942303657;26592996148;25630657058;27821682673;25448799038,"C=US, O=Amazon, CN=Amazon RSA 2048 M04;C=US, O=Amazon, CN=Amazon RSA 2048 M01"
nlmcommserveilo.nlm.nih.gov,Yes,Yes,1,1,2026-09-02T00:00:00,2027-03-19T23:59:59,29230426140,"C=US, O=DigiCert Inc, CN=DigiCert Global G2 TLS RSA SHA256 2020 CA1"
nlmctxdir01.nlm.nih.gov,Yes,Yes,1,1,2026-07-07T00:00:00,2027-01-21T23:59:59,27757836334,"C=US, O=DigiCert Inc, CN=DigiCert Global G2 TLS RSA SHA256 2020 CA1"
nlmdevvpx01.nlm.nih.gov,Yes,Yes,1,1,2026-08-14T00:00:00,2027-02-28T23:59:59,28789967522,"C=US, O=DigiCert Inc, CN=DigiCert Global G2 TLS RSA SHA256 2020 CA1"
nlmdevvpx01cb.nlm.nih.gov,Yes,Yes,1,1,2026-08-14T00:00:00,2027-02-28T23:59:59,28790068947,"C=US, O=DigiCert Inc, CN=DigiCert Global G2 TLS RSA SHA256 2020 CA1"
nlmdevvpx01mgt.nlm.nih.gov,Yes,Yes,1,1,2026-08-14T00:00:00,2027-02-28T23:59:59,28779487020,"C=US, O=DigiCert Inc, CN=DigiCert Global G2 TLS RSA SHA256 2020 CA1"
nlmdevvpx01piv.nlm.nih.gov,Yes,Yes,1,1,2026-08-14T00:00:00,2027-02-28T23:59:59,28779429722,"C=US, O=DigiCert Inc, CN=DigiCert Global G2 TLS RSA SHA256 2020 CA1"
nlmdevvpxcb.nlm.nih.gov,Yes,Yes,1,1,2026-08-14T00:00:00,2027-02-28T23:59:59,28779654288,"C=US, O=DigiCert Inc, CN=DigiCert Global G2 TLS RSA SHA256 2020 CA1"
nlmdevwi01.nlm.nih.gov,Yes,Yes,1,1,2026-07-08T00:00:00,2027-01-22T23:59:59,27783565031,"C=US, O=DigiCert Inc, CN=DigiCert Global G2 TLS RSA SHA256 2020 CA1"
nlmdirector.nlm.nih.gov,No,Yes,1,1,2026-09-09T08:27:21,2026-12-08T08:27:20,29539894033,"C=US, O=Let's Encrypt, CN=YE2"
nlmdsview01.nlm.nih.gov,No,Yes,1,1,2026-06-09T00:00:00,2026-12-24T23:59:59,27022812364,"C=US, O=DigiCert Inc, CN=DigiCert Global G2 TLS RSA SHA256 2020 CA1"
nlmdsview02.nlm.nih.gov,No,Yes,1,1,2026-06-09T00:00:00,2026-12-24T23:59:59,27022851166,"C=US, O=DigiCert Inc, CN=DigiCert Global G2 TLS RSA SHA256 2020 CA1"
nlmnccssf01.nlm.nih.gov,Yes,Yes,2,1,2026-03-26T00:00:00,2026-10-10T23:59:59,29215003962;25237250000,"C=US, O=DigiCert Inc, CN=DigiCert Global G2 TLS RSA SHA256 2020 CA1"
nlmppwbdsview01.nlm.nih.gov,Yes,Yes,1,1,2026-06-09T00:00:00,2026-12-24T23:59:59,27022812364,"C=US, O=DigiCert Inc, CN=DigiCert Global G2 TLS RSA SHA256 2020 CA1"
nlmppwbvda04ilo.nlm.nih.gov,Yes,Yes,1,1,2026-09-02T00:00:00,2027-03-19T23:59:59,29229778202,"C=US, O=DigiCert Inc, CN=DigiCert Global G2 TLS RSA SHA256 2020 CA1"
nlmppwbvda05ilo.nlm.nih.gov,Yes,Yes,1,1,2026-09-02T00:00:00,2027-03-19T23:59:59,29229788679,"C=US, O=DigiCert Inc, CN=DigiCert Global G2 TLS RSA SHA256 2020 CA1"
nlmppwbvda06ilo.nlm.nih.gov,Yes,Yes,1,1,2026-09-02T00:00:00,2027-03-19T23:59:59,29230087346,"C=US, O=DigiCert Inc, CN=DigiCert Global G2 TLS RSA SHA256 2020 CA1"
nlmpvwbactiveiq.nlm.nih.gov,Yes,Yes,2,1,2025-12-17T00:00:00,2027-01-17T23:59:59,23184152285;23184152972,"C=CA, O=Entrust Limited, CN=Entrust DV TLS Issuing RSA CA 2"
nlmpvwbarchibus.nlm.nih.gov,Yes,Yes,1,1,2026-08-21T00:00:00,2027-03-07T23:59:59,28888912961,"C=US, O=DigiCert Inc, CN=DigiCert Global G2 TLS RSA SHA256 2020 CA1"
nlmpvwbcxmgr.nlm.nih.gov,Yes,Yes,2,1,2026-05-05T00:00:00,2026-11-19T23:59:59,29365241165;26091337723,"C=US, O=DigiCert Inc, CN=DigiCert Global G2 TLS RSA SHA256 2020 CA1"
nlmpvwblmstream.nlm.nih.gov,No,Yes,1,1,2026-05-13T00:00:00,2026-11-27T23:59:59,26311829964,"C=US, O=DigiCert Inc, CN=DigiCert Global G2 TLS RSA SHA256 2020 CA1"
nlmpvwbsecncapp.nlm.nih.gov,Yes,Yes,1,1,2026-06-25T00:00:00,2027-01-09T23:59:59,27478942877,"C=US, O=DigiCert Inc, CN=DigiCert Global G2 TLS RSA SHA256 2020 CA1"
nlmpvwbsmp01.nlm.nih.gov,Yes,Yes,1,1,2026-07-13T00:00:00,2027-01-27T23:59:59,27905890064,"C=US, O=DigiCert Inc, CN=DigiCert Global G2 TLS RSA SHA256 2020 CA1"
nlmpvwbwowza.nlm.nih.gov,Yes,Yes,1,1,2026-04-23T00:00:00,2026-11-07T23:59:59,25719024891,"C=US, O=DigiCert Inc, CN=DigiCert Global G2 TLS RSA SHA256 2020 CA1"
nlmpvwcctxls01.nlm.nih.gov,Yes,Yes,1,1,2026-08-24T00:00:00,2027-03-10T23:59:59,28979152503,"C=US, O=DigiCert Inc, CN=DigiCert Global G2 TLS RSA SHA256 2020 CA1"
nlmpvwcdsview02.nlm.nih.gov,Yes,Yes,1,1,2026-06-09T00:00:00,2026-12-24T23:59:59,27022851166,"C=US, O=DigiCert Inc, CN=DigiCert Global G2 TLS RSA SHA256 2020 CA1"
nlmrsa03.nlm.nih.gov,Yes,Yes,1,1,2026-06-09T00:00:00,2026-12-24T23:59:59,27022517638,"C=US, O=DigiCert Inc, CN=DigiCert Global G2 TLS RSA SHA256 2020 CA1"
nlmrsa04.nlm.nih.gov,Yes,Yes,1,1,2026-06-09T00:00:00,2026-12-24T23:59:59,27022728018,"C=US, O=DigiCert Inc, CN=DigiCert Global G2 TLS RSA SHA256 2020 CA1"
nlmrsaweb.nlm.nih.gov,Yes,Yes,2,1,2026-06-09T00:00:00,2026-12-24T23:59:59,27212922232;27022448751,"C=US, O=DigiCert Inc, CN=DigiCert Global G2 TLS RSA SHA256 2020 CA1"
nlmsecise-nccs.nlm.nih.gov,Yes,Yes,2,1,2026-02-18T00:00:00,2027-03-21T23:59:59,24494438963;24494442395,"C=CA, O=Entrust Limited, CN=Entrust OV TLS Issuing RSA CA 2"
nlmsecise.nlm.nih.gov,Yes,Yes,2,1,2026-02-18T00:00:00,2027-03-21T23:59:59,24494542261;24494540810,"C=CA, O=Entrust Limited, CN=Entrust OV TLS Issuing RSA CA 2"
nlmsecise10-nccs.nlm.nih.gov,Yes,Yes,2,1,2026-02-18T00:00:00,2027-03-21T23:59:59,24493960545;24493961493,"C=CA, O=Entrust Limited, CN=Entrust OV TLS Issuing RSA CA 2"
nlmsecncapp.nlm.nih.gov,Yes,Yes,1,1,2026-05-28T00:00:00,2026-12-12T23:59:59,26715501956,"C=US, O=DigiCert Inc, CN=DigiCert Global G2 TLS RSA SHA256 2020 CA1"
nlmsf.nlm.nih.gov,Yes,Yes,1,1,2026-05-21T00:00:00,2026-12-05T23:59:59,26521938465,"C=US, O=DigiCert Inc, CN=DigiCert Global G2 TLS RSA SHA256 2020 CA1"
nlmvcenter.nlm.nih.gov,Yes,Yes,1,1,2026-06-25T00:00:00,2027-01-09T23:59:59,27485500784,"C=US, O=DigiCert Inc, CN=DigiCert Global G2 TLS RSA SHA256 2020 CA1"
nlmvcenter2.nlm.nih.gov,Yes,Yes,1,1,2026-03-27T00:00:00,2026-10-11T23:59:59,25253393817,"C=US, O=DigiCert Inc, CN=DigiCert Global G2 TLS RSA SHA256 2020 CA1"
nlmvcenterpiv.nlm.nih.gov,Yes,Yes,2,1,2026-01-16T00:00:00,2027-02-15T23:59:59,23802784679;23802785740,"C=CA, O=Entrust Limited, CN=Entrust OV TLS Issuing RSA CA 2"
nlmvpn-nccs.nlm.nih.gov,Yes,Yes,3,2,2025-09-15T00:00:00,2027-01-15T23:59:59,21041713633;27624409061;21041721075,"C=US, O=DigiCert Inc, CN=DigiCert Global G2 TLS RSA SHA256 2020 CA1;C=CA, O=Entrust Limited, CN=Entrust OV TLS Issuing RSA CA 2"
nlmvpn.nlm.nih.gov,Yes,Yes,1,1,2026-07-13T00:00:00,2027-01-27T23:59:59,27903447539,"C=US, O=DigiCert Inc, CN=DigiCert Global G2 TLS RSA SHA256 2020 CA1"
nlmwebcast.nlm.nih.gov,Yes,Yes,1,1,2026-05-13T00:00:00,2026-11-27T23:59:59,26311829964,"C=US, O=DigiCert Inc, CN=DigiCert Global G2 TLS RSA SHA256 2020 CA1"
nmg-azure-dev.niaid.nih.gov,Yes,Yes,2,1,2026-06-05T00:00:00,2026-12-05T23:59:59,27100410278;26910206923,"C=US, O=DigiCert Inc, OU=www.digicert.com, CN=GeoTrust TLS RSA CA G1"
nmr.cit.nih.gov,Yes,Yes,2,1,2026-08-15T12:37:10,2026-11-13T12:37:09,28862822404;28892640968,"C=US, O=Let's Encrypt, CN=YR1"
nmri.niddk.nih.gov,Yes,Yes,2,1,2026-05-12T00:00:00,2026-11-12T23:59:59,26368470638;26420614726,"C=US, O=DigiCert Inc, OU=www.digicert.com, CN=GeoTrust TLS RSA CA G1"
nonprod.ha.nci.nih.gov,No,Yes,2,1,2026-05-26T00:00:00,2026-12-10T23:59:59,26658034033;26657609780,"C=US, O=DigiCert Inc, CN=DigiCert Global G2 TLS RSA SHA256 2020 CA1"
nonprodaws.nci.nih.gov,No,Yes,1,1,2026-02-18T00:00:00,2027-03-21T23:59:59,24492602267,"C=US, O=DigiCert Inc, CN=DigiCert Global G2 TLS RSA SHA256 2020 CA1"
now.csr.nih.gov,Yes,Yes,4,2,2026-07-19T19:03:00,2026-12-16T21:01:06,29536521830;29536266492;28072826373;28072815635,"C=US, O=Let's Encrypt, CN=YR1;C=US, O=Let's Encrypt, CN=YR2"
npars-azure-dev.niaid.nih.gov,Yes,Yes,2,1,2026-06-18T00:00:00,2026-12-18T23:59:59,27300486195;27353521385,"C=US, O=DigiCert Inc, OU=www.digicert.com, CN=GeoTrust TLS RSA CA G1"
npars-qa.niaid.nih.gov,No,Yes,1,1,2026-07-01T22:52:23,2027-01-16T22:51:23,27628082370,"C=US, O=IdenTrust, OU=HydrantID Trusted Certificate Service, CN=HydrantID Server CA O1"
npars.niaid.nih.gov,No,Yes,1,1,2026-07-05T12:30:47,2027-01-20T12:29:47,27708504332,"C=US, O=IdenTrust, OU=HydrantID Trusted Certificate Service, CN=HydrantID Server CA O1"
npmp.nih.gov,Yes,Yes,1,1,2026-06-12T00:16:58,2026-12-28T00:15:58,27104389449,"C=US, O=IdenTrust, OU=HydrantID Trusted Certificate Service, CN=HydrantID Server CA O1"
npmpmobile.nih.gov,Yes,Yes,1,1,2026-07-20T17:12:19,2027-02-04T17:11:19,28098999590,"C=US, O=IdenTrust, OU=HydrantID Trusted Certificate Service, CN=HydrantID Server CA O1"
npmpmobileqa.nih.gov,Yes,Yes,1,1,2026-07-20T17:09:27,2027-02-04T17:08:27,28098932345,"C=US, O=IdenTrust, OU=HydrantID Trusted Certificate Service, CN=HydrantID Server CA O1"
npmpresources.nih.gov,No,Yes,1,1,2026-01-06T14:42:31,2027-02-05T14:41:31,23589139594,"C=US, O=IdenTrust, OU=HydrantID Trusted Certificate Service, CN=HydrantID Server CA O1"
npps-stage.niaaa.nih.gov,Yes,Yes,1,1,2026-03-24T16:07:28,2026-10-09T16:06:28,25195494953,"C=US, O=IdenTrust, OU=HydrantID Trusted Certificate Service, CN=HydrantID Server CA O1"
npps.niaaa.nih.gov,Yes,Yes,1,1,2025-09-29T19:20:05,2026-10-29T19:19:05,21353384646,"C=US, O=IdenTrust, OU=HydrantID Trusted Certificate Service, CN=HydrantID Server CA O1"
ns.nih.gov,Yes,Yes,1,1,2026-06-04T18:10:43,2026-12-20T18:09:43,26891678881,"C=US, O=IdenTrust, OU=HydrantID Trusted Certificate Service, CN=HydrantID Server CA O1"
ns11.niehs.nih.gov,Yes,Yes,1,1,2026-02-18T00:00:00,2027-03-21T23:59:59,24495562988,"C=US, O=DigiCert Inc, CN=DigiCert Global G2 TLS RSA SHA256 2020 CA1"
ns2.nih.gov,Yes,Yes,1,1,2026-06-04T18:15:22,2026-12-20T18:14:22,26891771914,"C=US, O=IdenTrust, OU=HydrantID Trusted Certificate Service, CN=HydrantID Server CA O1"
ns3.nih.gov,Yes,Yes,1,1,2026-06-04T18:10:17,2026-12-20T18:09:17,26891676693,"C=US, O=IdenTrust, OU=HydrantID Trusted Certificate Service, CN=HydrantID Server CA O1"
nsazsp1.ninds.nih.gov,Yes,Yes,1,1,2026-01-20T19:26:15,2027-02-19T19:25:15,23886061878,"C=US, O=IdenTrust, OU=HydrantID Trusted Certificate Service, CN=HydrantID Server CA O1"
nsazspstg1.ninds.nih.gov,Yes,Yes,1,1,2026-01-20T19:28:41,2027-02-19T19:27:41,23886096376,"C=US, O=IdenTrust, OU=HydrantID Trusted Certificate Service, CN=HydrantID Server CA O1"
nsnetbox2.niaid.nih.gov,Yes,Yes,1,1,2026-06-29T15:54:03,2027-01-14T15:53:03,27571670203,"C=US, O=IdenTrust, OU=HydrantID Trusted Certificate Service, CN=HydrantID Server CA O1"
nsx.niaid.nih.gov,Yes,Yes,2,1,2025-09-16T17:19:27,2026-10-18T17:10:42,21062101923;21112617538,"C=US, O=IdenTrust, OU=HydrantID Trusted Certificate Service, CN=HydrantID Server CA O1"
nsxlab.niaid.nih.gov,Yes,Yes,2,1,2025-09-16T17:27:55,2026-10-18T17:12:20,21062258531;21112645876,"C=US, O=IdenTrust, OU=HydrantID Trusted Certificate Service, CN=HydrantID Server CA O1"
nsxrml.niaid.nih.gov,Yes,Yes,3,1,2025-09-16T17:23:56,2026-10-19T18:58:22,21138217294;21112980454;21062176089,"C=US, O=IdenTrust, OU=HydrantID Trusted Certificate Service, CN=HydrantID Server CA O1"
ntmportals.niaid.nih.gov,Yes,Yes,1,1,2026-08-05T00:00:00,2027-02-18T23:59:59,28559709669,"C=US, O=Amazon, CN=Amazon RSA 2048 M04"
ntms.niaid.nih.gov,No,Yes,1,1,2025-11-13T15:14:02,2026-12-13T15:13:02,22441718622,"C=US, O=IdenTrust, OU=HydrantID Trusted Certificate Service, CN=HydrantID Server CA O1"
ntp.niehs.nih.gov,Yes,Yes,6,2,2026-08-20T18:09:51,2026-11-18T19:26:54,28929854656;29022083094;29107329656;29021517488;29041281845;29077451326,"C=US, O=Google Trust Services, CN=WR1;C=US, O=Google Trust Services, CN=WE1"
ntpsearch.niehs.nih.gov,Yes,Yes,3,2,2026-02-18T00:00:00,2027-03-16T23:59:59,24495484945;29296073663;29237697330,"C=US, O=Let's Encrypt, CN=YR1;C=US, O=DigiCert Inc, CN=DigiCert Global G2 TLS RSA SHA256 2020 CA1"
ntrr.nih.gov,Yes,Yes,1,1,2025-11-07T00:00:00,2026-12-08T23:59:59,22281045790,"C=US, O=DigiCert Inc, OU=www.digicert.com, CN=GeoTrust TLS RSA CA G1"
nvistasweb.ors.nih.gov,Yes,Yes,1,1,2026-04-27T16:15:05,2026-11-12T16:14:05,26240808191,"C=US, O=IdenTrust, OU=HydrantID Trusted Certificate Service, CN=HydrantID Server CA O1"
nvivo.csr.nih.gov,Yes,Yes,1,1,2026-08-03T14:39:48,2027-02-18T14:38:48,28495542600,"C=US, O=IdenTrust, OU=HydrantID Trusted Certificate Service, CN=HydrantID Server CA O1"
nvivo.nimhd.nih.gov,Yes,Yes,1,1,2026-04-28T16:19:16,2026-11-13T16:18:16,26253311192,"C=US, O=IdenTrust, OU=HydrantID Trusted Certificate Service, CN=HydrantID Server CA O1"
oacu.od.nih.gov,No,Yes,1,1,2026-06-30T00:00:00,2027-01-13T23:59:59,27586207860,"C=US, O=Amazon, CN=Amazon RSA 2048 M01"
oacu.oir.nih.gov,No,Yes,1,1,2026-06-30T00:00:00,2027-01-13T23:59:59,27586207860,"C=US, O=Amazon, CN=Amazon RSA 2048 M01"
oacutraining.od.nih.gov,Yes,Yes,1,1,2025-12-15T15:28:52,2027-01-14T15:27:52,23136297802,"C=US, O=IdenTrust, OU=HydrantID Trusted Certificate Service, CN=HydrantID Server CA O1"
oalm.od.nih.gov,Yes,Yes,9,4,2025-10-01T16:09:14,2026-11-18T15:45:14,29017937970;29029460221;28978006182;29024522744;29024506162;29171435073;21400187038;29017940124;29171417305,"C=US, O=IdenTrust, OU=HydrantID Trusted Certificate Service, CN=HydrantID Server CA O1;C=US, O=Let's Encrypt, CN=YR1;C=US, O=Let's Encrypt, CN=YE2;C=US, O=Let's Encrypt, CN=YE1"
oalmsps.od.nih.gov,Yes,Yes,1,1,2025-12-03T19:56:55,2027-01-02T19:55:55,22890789561,"C=US, O=IdenTrust, OU=HydrantID Trusted Certificate Service, CN=HydrantID Server CA O1"
oamp.hbcu.od.nih.gov,Yes,Yes,1,1,2026-07-17T20:53:34,2027-02-01T20:52:34,28021468566,"C=US, O=IdenTrust, OU=HydrantID Trusted Certificate Service, CN=HydrantID Server CA O1"
oamp.od.nih.gov,Yes,Yes,1,1,2025-10-01T16:09:08,2026-10-31T16:08:08,21400186890,"C=US, O=IdenTrust, OU=HydrantID Trusted Certificate Service, CN=HydrantID Server CA O1"
oar.nih.gov,No,Yes,8,4,2025-09-19T15:50:41,2026-11-26T04:36:33,21135167857;29116434232;29116434438;29267850558;29139466848;29139450511;29116436146;29116887552,"C=US, O=IdenTrust, OU=HydrantID Trusted Certificate Service, CN=HydrantID Server CA O1;C=US, O=Let's Encrypt, CN=YE1;C=US, O=Let's Encrypt, CN=YE2;C=US, O=Let's Encrypt, CN=YR2"
oasis.niaid.nih.gov,Yes,Yes,1,1,2026-08-19T00:00:00,2027-03-04T23:59:59,28853994573,"C=US, O=Amazon, CN=Amazon RSA 2048 M04"
obesityresearch.nih.gov,Yes,Yes,1,1,2025-11-17T19:35:13,2026-12-17T19:34:13,22545508610,"C=US, O=IdenTrust, OU=HydrantID Trusted Certificate Service, CN=HydrantID Server CA O1"
obssr-dev.od.nih.gov,Yes,Yes,1,1,2026-05-07T19:34:40,2026-11-22T19:33:40,26385381485,"C=US, O=IdenTrust, OU=HydrantID Trusted Certificate Service, CN=HydrantID Server CA O1"
obssr.od.nih.gov,No,Yes,8,3,2025-11-04T15:39:41,2026-12-07T09:49:54,22205572667;22205819105;29472041065;29492217048;29492308486;22203236435;29471784966;29471762541,"C=US, O=IdenTrust, OU=HydrantID Trusted Certificate Service, CN=HydrantID Server CA O1;C=US, O=Let's Encrypt, CN=YR2;C=US, O=Let's Encrypt, CN=YE1"
ocgrdigitalservices.niaid.nih.gov,No,Yes,1,1,2026-01-06T14:42:31,2027-02-05T14:41:31,23589139594,"C=US, O=IdenTrust, OU=HydrantID Trusted Certificate Service, CN=HydrantID Server CA O1"
ocio.nih.gov,Yes,Yes,6,1,2026-07-29T11:50:27,2026-10-27T12:10:52,28350619301;28350623394;28350449043;28350877029;28350455621;28350887987,"C=US, O=Let's Encrypt, CN=YR2"
ocplmedia.od.nih.gov,Yes,Yes,1,1,2025-11-20T15:23:13,2026-12-20T15:22:13,22620474509,"C=US, O=IdenTrust, OU=HydrantID Trusted Certificate Service, CN=HydrantID Server CA O1"
ocr.od.nih.gov,No,Yes,1,1,2026-06-05T13:57:11,2026-12-21T13:56:11,26914795396,"C=US, O=IdenTrust, OU=HydrantID Trusted Certificate Service, CN=HydrantID Server CA O1"
ocreco.cit.nih.gov,Yes,Yes,1,1,2026-05-11T18:24:32,2026-11-26T18:23:32,26417450144,"C=US, O=IdenTrust, OU=HydrantID Trusted Certificate Service, CN=HydrantID Server CA O1"
ocreco.od.nih.gov,Yes,Yes,1,1,2026-06-05T13:57:11,2026-12-21T13:56:11,26914795396,"C=US, O=IdenTrust, OU=HydrantID Trusted Certificate Service, CN=HydrantID Server CA O1"
ocrtmeapps.cc.nih.gov,Yes,Yes,1,1,2026-07-29T14:45:30,2027-02-13T14:44:30,28352878096,"C=US, O=IdenTrust, OU=HydrantID Trusted Certificate Service, CN=HydrantID Server CA O1"
ocrtmeappsadmin.cc.nih.gov,Yes,Yes,1,1,2026-08-17T19:45:05,2027-03-04T19:44:05,28834187127,"C=US, O=IdenTrust, OU=HydrantID Trusted Certificate Service, CN=HydrantID Server CA O1"
ocrtraining.cit.nih.gov,Yes,Yes,10,3,2026-07-16T19:04:44,2026-10-14T19:26:29,27991805584;27991796885;27991873127;27991864267;27991396805;27991805474;27991776957;27991397560;27991391549;27991389569,"C=US, O=Let's Encrypt, CN=YE2;C=US, O=Let's Encrypt, CN=YR2;C=US, O=Let's Encrypt, CN=YE1"
octa-azure-dev.niaid.nih.gov,Yes,Yes,2,1,2026-06-17T00:00:00,2026-12-17T23:59:59,27259260326;27259180933,"C=US, O=DigiCert Inc, OU=www.digicert.com, CN=GeoTrust TLS RSA CA G1"
ocwebprod01.nhgri.nih.gov,Yes,Yes,1,1,2025-09-09T21:12:58,2026-10-09T21:11:58,20906670946,"C=US, O=IdenTrust, OU=HydrantID Trusted Certificate Service, CN=HydrantID Server CA O1"
od.nih.gov,Yes,Yes,8,3,2026-08-19T16:02:01,2026-11-17T16:21:11,29124899860;28984030061;28946859792;28954923755;28947178387;28954659975;28946913077;29124286783,"C=US, O=Let's Encrypt, CN=YE2;C=US, O=Let's Encrypt, CN=YR2;C=US, O=Let's Encrypt, CN=YE1"
oda-dev.niaid.nih.gov,No,Yes,1,1,2025-10-30T20:37:18,2026-11-29T20:36:18,22108664794,"C=US, O=IdenTrust, OU=HydrantID Trusted Certificate Service, CN=HydrantID Server CA O1"
oda-qa.niaid.nih.gov,No,Yes,3,1,2025-10-30T21:18:15,2027-02-12T22:32:22,22109076955;28332908659;22183752092,"C=US, O=IdenTrust, OU=HydrantID Trusted Certificate Service, CN=HydrantID Server CA O1"
oda-xdev.niaid.nih.gov,No,Yes,1,1,2026-03-27T21:51:42,2026-10-12T21:50:42,25261126075,"C=US, O=IdenTrust, OU=HydrantID Trusted Certificate Service, CN=HydrantID Server CA O1"
oda.niaid.nih.gov,No,Yes,2,1,2025-10-02T15:54:05,2026-11-07T22:14:52,21582840129;21422326154,"C=US, O=IdenTrust, OU=HydrantID Trusted Certificate Service, CN=HydrantID Server CA O1"
odeo.od.nih.gov,Yes,Yes,1,1,2026-02-18T15:34:23,2027-03-20T15:33:23,24492944188,"C=US, O=IdenTrust, OU=HydrantID Trusted Certificate Service, CN=HydrantID Server CA O1"
odnmjamf1.od.nih.gov,Yes,Yes,1,1,2026-07-27T00:00:00,2027-02-09T23:59:59,28277933202,"C=US, O=Amazon, CN=Amazon RSA 2048 M04"
odnmrhsatapp1.od.nih.gov,Yes,Yes,2,1,2026-05-08T20:55:32,2026-12-25T15:48:57,26394405886;27026345167,"C=US, O=IdenTrust, OU=HydrantID Trusted Certificate Service, CN=HydrantID Server CA O1"
odp-tools-test.od.nih.gov,Yes,Yes,1,1,2025-11-03T14:58:10,2026-12-03T14:57:10,22181079085,"C=US, O=IdenTrust, OU=HydrantID Trusted Certificate Service, CN=HydrantID Server CA O1"
odp-tools.od.nih.gov,Yes,Yes,1,1,2025-09-18T18:59:15,2026-10-18T18:58:15,21114330950,"C=US, O=IdenTrust, OU=HydrantID Trusted Certificate Service, CN=HydrantID Server CA O1"
odprdswimapp2.od.nih.gov,Yes,Yes,1,1,2025-10-22T18:35:48,2026-11-21T18:34:48,21920536147,"C=US, O=IdenTrust, OU=HydrantID Trusted Certificate Service, CN=HydrantID Server CA O1"
ods.od.nih.gov,Yes,Yes,16,4,2026-07-27T15:20:39,2026-10-25T20:16:36,28301961127;28296333575;28296023063;28301790817;28301963413;28296039579;28296355139;28301788933;28296341964;28301955330;28296038093;28301960224;28296353500;28301776092;28296039516;28301768269,"C=US, O=Let's Encrypt, CN=YE1;C=US, O=Let's Encrypt, CN=YR1;C=US, O=Let's Encrypt, CN=YE2;C=US, O=Let's Encrypt, CN=YR2"
odsadmin.od.nih.gov,Yes,Yes,1,1,2026-01-29T16:24:49,2027-02-28T16:23:49,24060930135,"C=US, O=IdenTrust, OU=HydrantID Trusted Certificate Service, CN=HydrantID Server CA O1"
odsrmst.od.nih.gov,Yes,Yes,1,1,2026-02-18T15:31:15,2027-03-20T15:30:15,24492892980,"C=US, O=IdenTrust, OU=HydrantID Trusted Certificate Service, CN=HydrantID Server CA O1"
odsrmstadmin.od.nih.gov,Yes,Yes,1,1,2026-02-18T15:32:13,2027-03-20T15:31:13,24492907673,"C=US, O=IdenTrust, OU=HydrantID Trusted Certificate Service, CN=HydrantID Server CA O1"
oerstaff.od.nih.gov,Yes,Yes,1,1,2025-11-20T15:37:21,2026-12-20T15:36:21,22620694164,"C=US, O=IdenTrust, OU=HydrantID Trusted Certificate Service, CN=HydrantID Server CA O1"
ofacp.cit.nih.gov,Yes,Yes,6,3,2026-07-29T14:46:55,2026-12-25T14:35:34,29634550335;28354053700;28354062924;28354056817;28354070360;29632605025,"C=US, O=Let's Encrypt, CN=YR1;C=US, O=Let's Encrypt, CN=YE2;C=US, O=Let's Encrypt, CN=YR2"
ofacp.nih.gov,Yes,Yes,1,1,2026-06-25T18:40:14,2027-01-10T18:39:14,27481717357,"C=US, O=IdenTrust, OU=HydrantID Trusted Certificate Service, CN=HydrantID Server CA O1"
ofacp.od.nih.gov,No,Yes,1,1,2026-06-25T18:40:14,2027-01-10T18:39:14,27481717357,"C=US, O=IdenTrust, OU=HydrantID Trusted Certificate Service, CN=HydrantID Server CA O1"
officewebapp.cit.nih.gov,Yes,Yes,1,1,2026-05-12T18:47:54,2026-11-27T18:46:54,26425428437,"C=US, O=IdenTrust, OU=HydrantID Trusted Certificate Service, CN=HydrantID Server CA O1"
ofm.od.nih.gov,Yes,Yes,1,1,2025-11-05T21:37:19,2026-12-05T21:36:19,22237968458,"C=US, O=IdenTrust, OU=HydrantID Trusted Certificate Service, CN=HydrantID Server CA O1"
ofmsps.od.nih.gov,Yes,Yes,1,1,2025-10-29T17:58:15,2026-11-28T17:57:15,22088791559,"C=US, O=IdenTrust, OU=HydrantID Trusted Certificate Service, CN=HydrantID Server CA O1"
ohrp.cit.nih.gov,Yes,Yes,1,1,2025-09-24T15:22:00,2026-10-24T15:21:00,21248891659,"C=US, O=IdenTrust, OU=HydrantID Trusted Certificate Service, CN=HydrantID Server CA O1"
ohsrp.helpdesk.nih.gov,Yes,Yes,1,1,2026-02-06T15:33:15,2027-03-08T15:32:15,24225228492,"C=US, O=IdenTrust, OU=HydrantID Trusted Certificate Service, CN=HydrantID Server CA O1"
oimappsupport.nhlbi.nih.gov,No,Yes,1,1,2026-06-12T17:23:42,2026-12-28T17:22:42,27128788628,"C=US, O=IdenTrust, OU=HydrantID Trusted Certificate Service, CN=HydrantID Server CA O1"
oir.nih.gov,No,Yes,1,1,2026-06-30T00:00:00,2027-01-13T23:59:59,27586207860,"C=US, O=Amazon, CN=Amazon RSA 2048 M01"
oirdb.od.nih.gov,Yes,Yes,1,1,2025-09-24T20:24:17,2026-10-24T20:23:17,21253535552,"C=US, O=IdenTrust, OU=HydrantID Trusted Certificate Service, CN=HydrantID Server CA O1"
oirdbdev.od.nih.gov,Yes,Yes,1,1,2025-10-31T15:16:53,2026-11-30T15:15:53,22122191075,"C=US, O=IdenTrust, OU=HydrantID Trusted Certificate Service, CN=HydrantID Server CA O1"
okr-int.nci.nih.gov,Yes,Yes,1,1,2026-08-03T00:00:00,2027-02-16T23:59:59,28493060773,"C=US, O=Amazon, CN=Amazon RSA 2048 M01"
okr-prod.nci.nih.gov,Yes,Yes,1,1,2026-08-04T00:00:00,2027-02-17T23:59:59,28535780912,"C=US, O=Amazon, CN=Amazon RSA 2048 M01"
olam9-dev.nci.nih.gov,No,Yes,1,1,2026-09-18T13:26:30,2026-12-17T13:26:29,29528236809,"C=US, O=Let's Encrypt, CN=YR1"
olam9.nci.nih.gov,No,Yes,1,1,2026-09-18T13:26:30,2026-12-17T13:26:29,29528236809,"C=US, O=Let's Encrypt, CN=YR1"
olao.od.nih.gov,No,Yes,6,3,2025-09-09T21:10:58,2026-12-07T09:49:54,20906644303;29472041065;29492217048;29492308486;29471784966;29471762541,"C=US, O=IdenTrust, OU=HydrantID Trusted Certificate Service, CN=HydrantID Server CA O1;C=US, O=Let's Encrypt, CN=YR2;C=US, O=Let's Encrypt, CN=YE1"
olaw.nih.gov,Yes,Yes,1,1,2025-11-20T15:24:22,2026-12-20T15:23:22,22620493097,"C=US, O=IdenTrust, OU=HydrantID Trusted Certificate Service, CN=HydrantID Server CA O1"
old.cloud.cit.nih.gov,Yes,Yes,2,1,2026-08-29T01:34:07,2026-11-27T01:34:06,29132718979;29154626773,"C=US, O=Let's Encrypt, CN=YR2"
olpa.od.nih.gov,Yes,Yes,1,1,2026-06-30T18:12:29,2027-01-15T18:11:29,27598780866,"C=US, O=IdenTrust, OU=HydrantID Trusted Certificate Service, CN=HydrantID Server CA O1"
oma.nih.gov,Yes,Yes,1,1,2026-06-02T19:15:37,2026-12-18T19:14:37,26835274950,"C=US, O=IdenTrust, OU=HydrantID Trusted Certificate Service, CN=HydrantID Server CA O1"
oma.od.nih.gov,Yes,Yes,1,1,2025-12-09T16:17:59,2027-01-08T16:16:59,23006375385,"C=US, O=IdenTrust, OU=HydrantID Trusted Certificate Service, CN=HydrantID Server CA O1"
oma1.od.nih.gov,Yes,Yes,1,1,2026-08-07T19:20:18,2027-02-22T19:19:18,28628159992,"C=US, O=IdenTrust, OU=HydrantID Trusted Certificate Service, CN=HydrantID Server CA O1"
ombuds.nih.gov,Yes,Yes,3,3,2025-10-01T16:07:58,2026-12-05T14:45:07,29409614344;29401010210;21400169987,"C=US, O=IdenTrust, OU=HydrantID Trusted Certificate Service, CN=HydrantID Server CA O1;C=US, O=Let's Encrypt, CN=YR1;C=US, O=Let's Encrypt, CN=YE2"
ombudsman.nih.gov,Yes,Yes,8,2,2026-07-30T09:34:22,2026-10-28T09:49:28,28376916491;28376578530;28376561853;28376564468;28376573490;28376923324;28376924559;28376919176,"C=US, O=Let's Encrypt, CN=YR2;C=US, O=Let's Encrypt, CN=YE1"
oncall.cit.nih.gov,Yes,Yes,1,1,2026-01-21T21:18:45,2027-02-20T21:17:45,23905171316,"C=US, O=IdenTrust, OU=HydrantID Trusted Certificate Service, CN=HydrantID Server CA O1"
onesearch.nihlibrary.ors.nih.gov,Yes,Yes,1,1,2026-02-20T21:26:38,2027-03-22T21:25:38,24541380449,"C=US, O=IdenTrust, OU=HydrantID Trusted Certificate Service, CN=HydrantID Server CA O1"
oneview.nci.nih.gov,No,Yes,2,1,2026-07-06T00:00:00,2027-01-20T23:59:59,27734217007;27734005558,"C=US, O=DigiCert Inc, CN=DigiCert Global G2 TLS RSA SHA256 2020 CA1"
ontology.opa-dev.od.nih.gov,No,Yes,1,1,2026-04-28T16:22:32,2026-11-13T16:21:32,26253382252,"C=US, O=IdenTrust, OU=HydrantID Trusted Certificate Service, CN=HydrantID Server CA O1"
ontology.opa-tools.od.nih.gov,No,Yes,4,1,2026-05-14T18:20:09,2027-03-07T16:48:29,26444917519;28715696537;28715676118;28864586149,"C=US, O=IdenTrust, OU=HydrantID Trusted Certificate Service, CN=HydrantID Server CA O1"
oosint.ninds.nih.gov,Yes,Yes,1,1,2026-06-17T20:05:58,2027-01-02T20:04:58,27270458214,"C=US, O=IdenTrust, OU=HydrantID Trusted Certificate Service, CN=HydrantID Server CA O1"
oosout.ncats.nih.gov,Yes,Yes,1,1,2026-01-08T14:55:30,2027-02-07T14:54:30,23634437169,"C=US, O=IdenTrust, OU=HydrantID Trusted Certificate Service, CN=HydrantID Server CA O1"
opa-dev.od.nih.gov,Yes,Yes,1,1,2026-04-28T16:22:32,2026-11-13T16:21:32,26253382252,"C=US, O=IdenTrust, OU=HydrantID Trusted Certificate Service, CN=HydrantID Server CA O1"
opa-prod-analytics.od.nih.gov,Yes,Yes,1,1,2026-07-31T21:05:42,2027-02-15T21:04:42,28418193006,"C=US, O=IdenTrust, OU=HydrantID Trusted Certificate Service, CN=HydrantID Server CA O1"
opal-a.net.nih.gov,Yes,Yes,1,1,2026-04-07T13:45:18,2026-10-23T13:44:18,25610713814,"C=US, O=IdenTrust, OU=HydrantID Trusted Certificate Service, CN=HydrantID Server CA O1"
opal.net.nih.gov,No,Yes,1,1,2026-04-07T13:45:18,2026-10-23T13:44:18,25610713814,"C=US, O=IdenTrust, OU=HydrantID Trusted Certificate Service, CN=HydrantID Server CA O1"
opendata.ncats.nih.gov,Yes,Yes,1,1,2026-06-04T18:19:46,2026-12-20T18:18:46,26891869131,"C=US, O=IdenTrust, OU=HydrantID Trusted Certificate Service, CN=HydrantID Server CA O1"
openpicsure.biodatacatalyst.nhlbi.nih.gov,Yes,Yes,1,1,2026-04-21T15:49:01,2026-11-06T15:48:01,26069341943,"C=US, O=IdenTrust, OU=HydrantID Trusted Certificate Service, CN=HydrantID Server CA O1"
oralhealthgeomap.nih.gov,Yes,Yes,2,2,2026-09-17T15:01:36,2026-12-16T15:01:45,29521547380;29518421031,"C=US, O=Let's Encrypt, CN=YR1;C=US, O=Let's Encrypt, CN=YR2"
orbit-api.n3c.ncats.nih.gov,Yes,Yes,1,1,2026-04-30T15:27:24,2026-11-15T15:26:24,26271038550,"C=US, O=IdenTrust, OU=HydrantID Trusted Certificate Service, CN=HydrantID Server CA O1"
orbit.n3c.ncats.nih.gov,Yes,Yes,1,1,2026-04-28T19:08:51,2026-11-13T19:07:51,26254695561,"C=US, O=IdenTrust, OU=HydrantID Trusted Certificate Service, CN=HydrantID Server CA O1"
order.nia.nih.gov,Yes,Yes,2,1,2026-06-03T00:00:00,2026-12-17T23:59:59,26964247908;26844261221,"C=US, O=Amazon, CN=Amazon RSA 2048 M01"
orf.od.nih.gov,Yes,Yes,1,1,2026-04-27T16:15:53,2026-11-12T16:14:53,26240828268,"C=US, O=IdenTrust, OU=HydrantID Trusted Certificate Service, CN=HydrantID Server CA O1"
orfweb.od.nih.gov,Yes,Yes,1,1,2026-05-12T20:26:03,2026-11-27T20:25:03,26426089974,"C=US, O=IdenTrust, OU=HydrantID Trusted Certificate Service, CN=HydrantID Server CA O1"
orio.niehs.nih.gov,No,Yes,1,1,2026-05-20T17:58:13,2026-12-05T17:57:13,26512563293,"C=US, O=IdenTrust, OU=HydrantID Trusted Certificate Service, CN=HydrantID Server CA O1"
orip.nih.gov,Yes,Yes,9,4,2026-06-25T18:45:02,2027-01-10T18:44:02,28299562051;28299839797;28299587491;28299581880;27481787684;28299839983;28299830657;28299833438;28299570739,"C=US, O=IdenTrust, OU=HydrantID Trusted Certificate Service, CN=HydrantID Server CA O1;C=US, O=Let's Encrypt, CN=YR1;C=US, O=Let's Encrypt, CN=YR2;C=US, O=Let's Encrypt, CN=YE1"
ors-21ora-11.ors.nih.gov,Yes,Yes,1,1,2026-05-19T17:32:18,2026-12-04T17:31:18,26503909666,"C=US, O=IdenTrust, OU=HydrantID Trusted Certificate Service, CN=HydrantID Server CA O1"
ors-21ora-12.ors.nih.gov,Yes,Yes,1,1,2026-05-19T17:32:41,2026-12-04T17:31:41,26503910319,"C=US, O=IdenTrust, OU=HydrantID Trusted Certificate Service, CN=HydrantID Server CA O1"
ors-21ora-15.ors.nih.gov,Yes,Yes,1,1,2026-05-19T17:33:32,2026-12-04T17:32:32,26503912008,"C=US, O=IdenTrust, OU=HydrantID Trusted Certificate Service, CN=HydrantID Server CA O1"
ors-21ora-16.ors.nih.gov,Yes,Yes,1,1,2026-05-19T17:31:52,2026-12-04T17:30:52,26503909064,"C=US, O=IdenTrust, OU=HydrantID Trusted Certificate Service, CN=HydrantID Server CA O1"
ors-21ora-17.ors.nih.gov,Yes,Yes,1,1,2026-01-27T14:00:37,2027-02-26T13:59:37,24012914829,"C=US, O=IdenTrust, OU=HydrantID Trusted Certificate Service, CN=HydrantID Server CA O1"
ors-21ora-18.ors.nih.gov,Yes,Yes,1,1,2026-01-27T14:00:59,2027-02-26T13:59:59,24012916102,"C=US, O=IdenTrust, OU=HydrantID Trusted Certificate Service, CN=HydrantID Server CA O1"
ors-21ora-2.ors.nih.gov,Yes,Yes,1,1,2025-10-31T15:13:11,2026-11-30T15:12:11,22122151359,"C=US, O=IdenTrust, OU=HydrantID Trusted Certificate Service, CN=HydrantID Server CA O1"
orsdev-opm2bits.ors.nih.gov,Yes,Yes,2,1,2026-03-30T15:24:01,2026-10-18T19:03:05,25283982281;25368730331,"C=US, O=IdenTrust, OU=HydrantID Trusted Certificate Service, CN=HydrantID Server CA O1"
orso.niehs.nih.gov,No,Yes,1,1,2026-05-20T17:58:13,2026-12-05T17:57:13,26512563293,"C=US, O=IdenTrust, OU=HydrantID Trusted Certificate Service, CN=HydrantID Server CA O1"
orsp-assettrc1.ors.nih.gov,Yes,Yes,1,1,2025-09-24T15:18:08,2026-10-24T15:17:08,21248832718,"C=US, O=IdenTrust, OU=HydrantID Trusted Certificate Service, CN=HydrantID Server CA O1"
orsweb.od.nih.gov,Yes,Yes,1,1,2026-05-12T20:26:25,2026-11-27T20:25:25,26426092620,"C=US, O=IdenTrust, OU=HydrantID Trusted Certificate Service, CN=HydrantID Server CA O1"
orwh.od.nih.gov,Yes,Yes,11,4,2026-07-13T18:29:34,2026-12-09T18:22:09,29586795928;27906409727;29587580845;29586709437;27906416470;29586553861;27906412803;27906416039;29587757772;29587607788;29587585926,"C=US, O=Let's Encrypt, CN=YR1;C=US, O=Let's Encrypt, CN=YE1;C=US, O=Let's Encrypt, CN=YE2;C=US, O=Let's Encrypt, CN=YR2"
os1.cc.nih.gov,Yes,Yes,1,1,2026-01-07T00:00:00,2027-01-29T23:59:59,23615402843,"C=US, O=DigiCert Inc, CN=DigiCert Global G2 TLS RSA SHA256 2020 CA1"
osp-test.od.nih.gov,Yes,Yes,1,1,2026-04-20T15:57:33,2026-11-05T15:56:33,26041902728,"C=US, O=IdenTrust, OU=HydrantID Trusted Certificate Service, CN=HydrantID Server CA O1"
osp.od.nih.gov,Yes,Yes,6,3,2026-05-04T16:34:15,2026-12-07T09:49:54,26312889609;29472041065;29492217048;29492308486;29471784966;29471762541,"C=US, O=IdenTrust, OU=HydrantID Trusted Certificate Service, CN=HydrantID Server CA O1;C=US, O=Let's Encrypt, CN=YR2;C=US, O=Let's Encrypt, CN=YE1"
ospdocs.od.nih.gov,Yes,Yes,1,1,2026-01-14T17:34:34,2027-02-13T17:33:34,23766432785,"C=US, O=IdenTrust, OU=HydrantID Trusted Certificate Service, CN=HydrantID Server CA O1"
otds-xdev.niaid.nih.gov,Yes,Yes,2,1,2026-03-27T18:33:34,2026-10-29T20:18:36,25833949379;25258605689,"C=US, O=IdenTrust, OU=HydrantID Trusted Certificate Service, CN=HydrantID Server CA O1"
otds-xqa.niaid.nih.gov,Yes,Yes,1,1,2025-10-21T14:06:03,2026-11-20T14:05:03,21886364310,"C=US, O=IdenTrust, OU=HydrantID Trusted Certificate Service, CN=HydrantID Server CA O1"
otds16-dev.niaid.nih.gov,Yes,Yes,1,1,2025-10-20T15:39:06,2026-11-19T15:38:06,21857173915,"C=US, O=IdenTrust, OU=HydrantID Trusted Certificate Service, CN=HydrantID Server CA O1"
otds16-qa.niaid.nih.gov,Yes,Yes,2,1,2026-07-13T15:28:31,2027-01-31T13:48:40,27901924061;27983728666,"C=US, O=IdenTrust, OU=HydrantID Trusted Certificate Service, CN=HydrantID Server CA O1"
otdsext-dev.niaid.nih.gov,No,Yes,1,1,2025-10-20T15:39:06,2026-11-19T15:38:06,21857173915,"C=US, O=IdenTrust, OU=HydrantID Trusted Certificate Service, CN=HydrantID Server CA O1"
otdsext-qa.niaid.nih.gov,No,Yes,2,1,2026-07-13T15:28:31,2027-01-31T13:48:40,27901924061;27983728666,"C=US, O=IdenTrust, OU=HydrantID Trusted Certificate Service, CN=HydrantID Server CA O1"
otdsext-xdev.niaid.nih.gov,No,Yes,2,1,2026-03-27T18:33:34,2026-10-29T20:18:36,25833949379;25258605689,"C=US, O=IdenTrust, OU=HydrantID Trusted Certificate Service, CN=HydrantID Server CA O1"
otdsext-xqa.niaid.nih.gov,No,Yes,1,1,2025-10-21T14:06:03,2026-11-20T14:05:03,21886364310,"C=US, O=IdenTrust, OU=HydrantID Trusted Certificate Service, CN=HydrantID Server CA O1"
otdsextqa-vip.niaid.nih.gov,No,Yes,2,1,2026-07-13T15:28:31,2027-01-31T13:48:40,27901924061;27983728666,"C=US, O=IdenTrust, OU=HydrantID Trusted Certificate Service, CN=HydrantID Server CA O1"
otp-azure-dev.niaid.nih.gov,No,Yes,3,2,2026-06-16T00:00:00,2027-01-16T15:11:15,27620533446;27323131047;27230193579,"C=US, O=IdenTrust, OU=HydrantID Trusted Certificate Service, CN=HydrantID Server CA O1;C=US, O=DigiCert Inc, OU=www.digicert.com, CN=GeoTrust TLS RSA CA G1"
otp-azure.niaid.nih.gov,Yes,Yes,2,2,2026-07-01T15:12:15,2027-01-17T23:59:59,27620533446;28001634136,"C=US, O=IdenTrust, OU=HydrantID Trusted Certificate Service, CN=HydrantID Server CA O1;C=US, O=DigiCert Inc, OU=www.digicert.com, CN=GeoTrust TLS RSA CA G1"
otp-qa.niaid.nih.gov,Yes,Yes,2,1,2025-09-23T18:35:02,2027-01-16T15:11:15,27620533446;21227944605,"C=US, O=IdenTrust, OU=HydrantID Trusted Certificate Service, CN=HydrantID Server CA O1"
otp-vip.niaid.nih.gov,No,Yes,1,1,2025-09-23T18:40:43,2026-10-23T18:39:43,21228049818,"C=US, O=IdenTrust, OU=HydrantID Trusted Certificate Service, CN=HydrantID Server CA O1"
otp.globe.nih.gov,Yes,Yes,2,1,2025-11-24T00:00:00,2026-12-23T23:59:59,22699540115;22695711296,"C=US, O=Amazon, CN=Amazon RSA 2048 M04"
otp.nih.gov,No,Yes,1,1,2025-09-23T18:40:43,2026-10-23T18:39:43,21228049818,"C=US, O=IdenTrust, OU=HydrantID Trusted Certificate Service, CN=HydrantID Server CA O1"
ott.nih.gov,No,Yes,11,4,2026-07-27T15:49:32,2027-02-28T14:13:06,28784702101;28296719858;28296986737;29298291417;28296984431;28296699181;29086543424;28296716483;28296995809;28297000627;28296722637,"C=US, O=Let's Encrypt, CN=YE2;C=US, O=Let's Encrypt, CN=YR1;C=US, O=IdenTrust, OU=HydrantID Trusted Certificate Service, CN=HydrantID Server CA O1;C=US, O=Let's Encrypt, CN=YR2"
outage.niehs.nih.gov,Yes,Yes,3,2,2025-11-19T00:00:00,2026-11-23T19:01:40,29419472544;22596050001;28917947732,"C=US, O=DigiCert Inc, CN=DigiCert Global G2 TLS RSA SHA256 2020 CA1;C=US, O=Let's Encrypt, CN=YR2"
outlook.nih.gov,No,Yes,2,1,2026-03-30T00:00:00,2026-10-14T23:59:59,25280238648;25280238801,"C=CA, O=Entrust Limited, CN=Entrust OV TLS Issuing RSA CA 2"
outreachpro.nia.nih.gov,Yes,Yes,2,1,2026-04-14T00:00:00,2026-10-28T23:59:59,25837723754;25514667001,"C=US, O=Amazon, CN=Amazon RSA 2048 M01"
owa-stg.cit.nih.gov,Yes,Yes,1,1,2026-05-12T18:48:16,2026-11-27T18:47:16,26425428855,"C=US, O=IdenTrust, OU=HydrantID Trusted Certificate Service, CN=HydrantID Server CA O1"
owt.ninds.nih.gov,Yes,Yes,1,1,2025-10-30T13:27:58,2026-11-29T13:26:58,22103345826,"C=US, O=IdenTrust, OU=HydrantID Trusted Certificate Service, CN=HydrantID Server CA O1"
owtstg.ninds.nih.gov,Yes,Yes,1,1,2025-10-01T17:08:02,2026-10-31T17:07:02,21401070786,"C=US, O=IdenTrust, OU=HydrantID Trusted Certificate Service, CN=HydrantID Server CA O1"
owttest.ninds.nih.gov,Yes,Yes,1,1,2026-04-13T19:11:50,2026-10-29T19:10:50,25832668538,"C=US, O=IdenTrust, OU=HydrantID Trusted Certificate Service, CN=HydrantID Server CA O1"
oxcam.gpp.nih.gov,Yes,Yes,1,1,2025-09-26T13:49:28,2026-10-26T13:48:28,21290560302,"C=US, O=IdenTrust, OU=HydrantID Trusted Certificate Service, CN=HydrantID Server CA O1"
pacts-tst.ninr.nih.gov,Yes,Yes,1,1,2026-04-16T20:36:45,2026-11-01T20:35:45,25937403369,"C=US, O=IdenTrust, OU=HydrantID Trusted Certificate Service, CN=HydrantID Server CA O1"
pacts.ninr.nih.gov,Yes,Yes,1,1,2026-04-16T20:37:06,2026-11-01T20:36:06,25937406223,"C=US, O=IdenTrust, OU=HydrantID Trusted Certificate Service, CN=HydrantID Server CA O1"
page2mobile.nih.gov,Yes,Yes,1,1,2026-01-21T21:22:41,2027-02-20T21:21:41,23905213975,"C=US, O=IdenTrust, OU=HydrantID Trusted Certificate Service, CN=HydrantID Server CA O1"
page2mobilestage.nih.gov,No,Yes,1,1,2026-01-21T21:22:41,2027-02-20T21:21:41,23905213975,"C=US, O=IdenTrust, OU=HydrantID Trusted Certificate Service, CN=HydrantID Server CA O1"
page2mobileteststage.nih.gov,Yes,Yes,1,1,2025-12-01T14:53:56,2026-12-31T14:52:56,22844480719,"C=US, O=IdenTrust, OU=HydrantID Trusted Certificate Service, CN=HydrantID Server CA O1"
pain.ninds.nih.gov,Yes,Yes,1,1,2025-09-19T17:39:48,2026-10-19T17:38:48,21137007309,"C=US, O=IdenTrust, OU=HydrantID Trusted Certificate Service, CN=HydrantID Server CA O1"
painlab.ninds.nih.gov,Yes,Yes,1,1,2025-10-30T13:27:20,2026-11-29T13:26:20,22103345121,"C=US, O=IdenTrust, OU=HydrantID Trusted Certificate Service, CN=HydrantID Server CA O1"
paris-xdev.niaid.nih.gov,No,Yes,1,1,2026-03-27T21:51:42,2026-10-12T21:50:42,25261126075,"C=US, O=IdenTrust, OU=HydrantID Trusted Certificate Service, CN=HydrantID Server CA O1"
paris.niaid.nih.gov,No,Yes,2,1,2025-10-02T15:54:05,2026-11-07T22:14:52,21582840129;21422326154,"C=US, O=IdenTrust, OU=HydrantID Trusted Certificate Service, CN=HydrantID Server CA O1"
parisdev.niaid.nih.gov,No,Yes,1,1,2025-10-30T20:37:18,2026-11-29T20:36:18,22108664794,"C=US, O=IdenTrust, OU=HydrantID Trusted Certificate Service, CN=HydrantID Server CA O1"
parisqa.niaid.nih.gov,No,Yes,3,1,2025-10-30T21:18:15,2027-02-12T22:32:22,22109076955;28332908659;22183752092,"C=US, O=IdenTrust, OU=HydrantID Trusted Certificate Service, CN=HydrantID Server CA O1"
partnersinresearch-test.od.nih.gov,No,Yes,1,1,2026-04-20T15:57:33,2026-11-05T15:56:33,26041902728,"C=US, O=IdenTrust, OU=HydrantID Trusted Certificate Service, CN=HydrantID Server CA O1"
partnersinresearch.nih.gov,No,Yes,1,1,2026-05-04T16:34:15,2026-11-19T16:33:15,26312889609,"C=US, O=IdenTrust, OU=HydrantID Trusted Certificate Service, CN=HydrantID Server CA O1"
partnersstage-acquia.niehs.nih.gov,No,Yes,2,1,2026-08-27T11:29:40,2026-11-25T11:29:39,29261013928;29125620821,"C=US, O=Let's Encrypt, CN=YR2"
pass.cit.nih.gov,Yes,Yes,1,1,2026-04-23T18:27:25,2026-11-08T18:26:25,26131564120,"C=US, O=IdenTrust, OU=HydrantID Trusted Certificate Service, CN=HydrantID Server CA O1"
pathstudy.nih.gov,Yes,Yes,1,1,2026-02-09T00:00:00,2027-03-09T23:59:59,24294455022,"C=US, O=DigiCert Inc, CN=DigiCert Global G2 TLS RSA SHA256 2020 CA1"
pathstudyinfo.nih.gov,Yes,Yes,2,1,2025-12-09T00:00:00,2027-01-05T23:59:59,23005906205;23007211736,"C=US, O=DigiCert Inc, CN=DigiCert Global G2 TLS RSA SHA256 2020 CA1"
patientlibrary.cc.nih.gov,Yes,Yes,3,1,2026-05-27T00:00:00,2027-01-21T23:59:59,26684667026;27765981076;26724571905,"C=US, O=DigiCert Inc, CN=DigiCert Global G2 TLS RSA SHA256 2020 CA1"
patientrecruitment.nhlbi.nih.gov,No,Yes,1,1,2026-06-12T17:23:42,2026-12-28T17:22:42,27128788628,"C=US, O=IdenTrust, OU=HydrantID Trusted Certificate Service, CN=HydrantID Server CA O1"
pats-qa.nih.gov,No,Yes,1,1,2026-04-28T12:38:15,2026-11-13T12:37:15,26251764462,"C=US, O=IdenTrust, OU=HydrantID Trusted Certificate Service, CN=HydrantID Server CA O1"
pats-xess-dev.nih.gov,No,Yes,1,1,2026-07-16T14:01:38,2027-01-31T14:00:38,27983954834,"C=US, O=IdenTrust, OU=HydrantID Trusted Certificate Service, CN=HydrantID Server CA O1"
pats.nih.gov,No,Yes,1,1,2026-05-07T13:46:01,2026-11-22T13:45:01,26383191444,"C=US, O=IdenTrust, OU=HydrantID Trusted Certificate Service, CN=HydrantID Server CA O1"
pats.opa-dev.od.nih.gov,No,Yes,1,1,2026-04-28T16:22:32,2026-11-13T16:21:32,26253382252,"C=US, O=IdenTrust, OU=HydrantID Trusted Certificate Service, CN=HydrantID Server CA O1"
pats.opa-tools.od.nih.gov,No,Yes,1,1,2026-05-14T18:20:09,2026-11-29T18:19:09,26444917519,"C=US, O=IdenTrust, OU=HydrantID Trusted Certificate Service, CN=HydrantID Server CA O1"
pave-gt.ncats.nih.gov,Yes,Yes,1,1,2026-04-30T18:55:32,2026-11-15T18:54:32,26272244051,"C=US, O=IdenTrust, OU=HydrantID Trusted Certificate Service, CN=HydrantID Server CA O1"
paysreport.niaid.nih.gov,Yes,Yes,1,1,2026-05-29T14:29:19,2026-12-14T14:28:19,26733877863,"C=US, O=IdenTrust, OU=HydrantID Trusted Certificate Service, CN=HydrantID Server CA O1"
paysreportqa.niaid.nih.gov,No,Yes,1,1,2026-05-29T14:27:59,2026-12-14T14:26:59,26733855296,"C=US, O=IdenTrust, OU=HydrantID Trusted Certificate Service, CN=HydrantID Server CA O1"
pbi.csr.nih.gov,Yes,Yes,1,1,2026-06-26T14:02:46,2027-01-11T14:01:46,27501284735,"C=US, O=IdenTrust, OU=HydrantID Trusted Certificate Service, CN=HydrantID Server CA O1"
pbwc.niddk.nih.gov,Yes,Yes,2,1,2026-06-13T00:00:00,2026-12-13T23:59:59,27140324340;27140129414,"C=US, O=DigiCert Inc, OU=www.digicert.com, CN=GeoTrust TLS RSA CA G1"
pcardaudit.niaid.nih.gov,No,Yes,2,1,2025-09-27T05:54:35,2026-10-31T16:17:51,21308528177;21400341999,"C=US, O=IdenTrust, OU=HydrantID Trusted Certificate Service, CN=HydrantID Server CA O1"
pcardaudit.nih.gov,Yes,Yes,1,1,2025-11-18T12:10:29,2026-12-18T12:09:29,22562981610,"C=US, O=IdenTrust, OU=HydrantID Trusted Certificate Service, CN=HydrantID Server CA O1"
pdbp.ninds.nih.gov,Yes,Yes,1,1,2025-10-15T00:00:00,2026-11-15T23:59:59,21740475233,"C=US, O=DigiCert Inc, OU=www.digicert.com, CN=GeoTrust TLS RSA CA G1"
pdmr-stage.nci.nih.gov,No,Yes,1,1,2026-02-24T00:00:00,2027-03-21T23:59:59,24619149331,"C=US, O=DigiCert Inc, CN=DigiCert Global G2 TLS RSA SHA256 2020 CA1"
pds.nih.gov,Yes,Yes,1,1,2025-11-13T13:57:05,2026-12-13T13:56:05,22440701821,"C=US, O=IdenTrust, OU=HydrantID Trusted Certificate Service, CN=HydrantID Server CA O1"
peaks.niaid.nih.gov,Yes,Yes,2,1,2026-03-31T17:51:13,2027-01-14T21:20:30,25301713347;27577316204,"C=US, O=IdenTrust, OU=HydrantID Trusted Certificate Service, CN=HydrantID Server CA O1"
pegsexplorer.niehs.nih.gov,Yes,Yes,1,1,2026-05-20T17:58:13,2026-12-05T17:57:13,26512563293,"C=US, O=IdenTrust, OU=HydrantID Trusted Certificate Service, CN=HydrantID Server CA O1"
people.opa-dev.od.nih.gov,No,Yes,1,1,2026-04-28T16:22:32,2026-11-13T16:21:32,26253382252,"C=US, O=IdenTrust, OU=HydrantID Trusted Certificate Service, CN=HydrantID Server CA O1"
people.opa-tools.od.nih.gov,No,Yes,4,1,2026-05-14T18:20:09,2027-03-07T16:48:29,26444917519;28715696537;28715676118;28864586149,"C=US, O=IdenTrust, OU=HydrantID Trusted Certificate Service, CN=HydrantID Server CA O1"
permitreview.orf.od.nih.gov,Yes,Yes,1,1,2025-10-20T17:35:06,2026-11-19T17:34:06,21859285344,"C=US, O=IdenTrust, OU=HydrantID Trusted Certificate Service, CN=HydrantID Server CA O1"
permitreviewportal.orf.od.nih.gov,Yes,Yes,1,1,2026-05-08T19:41:14,2026-11-23T19:40:14,26394207760,"C=US, O=IdenTrust, OU=HydrantID Trusted Certificate Service, CN=HydrantID Server CA O1"
perwebprod01.nhgri.nih.gov,Yes,Yes,1,1,2025-12-10T15:56:44,2027-01-09T15:55:44,23035284816,"C=US, O=IdenTrust, OU=HydrantID Trusted Certificate Service, CN=HydrantID Server CA O1"
pharmacywaittime.cc.nih.gov,Yes,Yes,1,1,2026-02-13T00:00:00,2027-03-16T23:59:59,24388936954,"C=US, O=DigiCert Inc, CN=DigiCert Global G2 TLS RSA SHA256 2020 CA1"
pharos.ncats.nih.gov,Yes,Yes,1,1,2026-06-11T19:47:30,2026-12-27T19:46:30,27097791479,"C=US, O=IdenTrust, OU=HydrantID Trusted Certificate Service, CN=HydrantID Server CA O1"
pharos.nih.gov,Yes,Yes,1,1,2026-05-15T17:12:51,2026-11-30T17:11:51,26453088253,"C=US, O=IdenTrust, OU=HydrantID Trusted Certificate Service, CN=HydrantID Server CA O1"
phenoex-api.n3c.ncats.nih.gov,Yes,Yes,1,1,2026-06-03T20:07:36,2026-12-19T20:06:36,26865004138,"C=US, O=IdenTrust, OU=HydrantID Trusted Certificate Service, CN=HydrantID Server CA O1"
phenoex.n3c.ncats.nih.gov,Yes,Yes,1,1,2026-06-03T20:08:09,2026-12-19T20:07:09,26865004543,"C=US, O=IdenTrust, OU=HydrantID Trusted Certificate Service, CN=HydrantID Server CA O1"
phiesta.niaid.nih.gov,No,Yes,1,1,2026-05-29T14:29:19,2026-12-14T14:28:19,26733877863,"C=US, O=IdenTrust, OU=HydrantID Trusted Certificate Service, CN=HydrantID Server CA O1"
phiestaqa.niaid.nih.gov,No,Yes,1,1,2026-05-29T14:27:59,2026-12-14T14:26:59,26733855296,"C=US, O=IdenTrust, OU=HydrantID Trusted Certificate Service, CN=HydrantID Server CA O1"
phishme-mobile.ocio.nih.gov,No,Yes,1,1,2026-01-07T15:55:20,2027-02-06T15:54:20,23611869888,"C=US, O=IdenTrust, OU=HydrantID Trusted Certificate Service, CN=HydrantID Server CA O1"
phlbesx00.nlm.nih.gov,Yes,Yes,1,1,2026-07-21T00:00:00,2027-02-04T23:59:59,28136631153,"C=US, O=DigiCert Inc, CN=DigiCert Global G2 TLS RSA SHA256 2020 CA1"
phlbesx01.nlm.nih.gov,Yes,Yes,1,1,2026-07-21T00:00:00,2027-02-04T23:59:59,28136944225,"C=US, O=DigiCert Inc, CN=DigiCert Global G2 TLS RSA SHA256 2020 CA1"
phlbesx02.nlm.nih.gov,Yes,Yes,2,1,2026-01-16T00:00:00,2027-02-15T23:59:59,23802837376;23802852818,"C=CA, O=Entrust Limited, CN=Entrust OV TLS Issuing RSA CA 2"
phlbesx02ilo.nlm.nih.gov,Yes,Yes,1,1,2026-08-21T00:00:00,2027-03-07T23:59:59,28887245374,"C=US, O=DigiCert Inc, CN=DigiCert Global G2 TLS RSA SHA256 2020 CA1"
phlbesx04.nlm.nih.gov,Yes,Yes,1,1,2026-07-13T00:00:00,2027-01-27T23:59:59,27901016877,"C=US, O=DigiCert Inc, CN=DigiCert Global G2 TLS RSA SHA256 2020 CA1"
phlbesx05.nlm.nih.gov,Yes,Yes,1,1,2026-07-10T00:00:00,2027-01-24T23:59:59,27836089188,"C=US, O=DigiCert Inc, CN=DigiCert Global G2 TLS RSA SHA256 2020 CA1"
phlbesx06.nlm.nih.gov,Yes,Yes,1,1,2026-07-10T00:00:00,2027-01-24T23:59:59,27836404522,"C=US, O=DigiCert Inc, CN=DigiCert Global G2 TLS RSA SHA256 2020 CA1"
phlbesx07.nlm.nih.gov,Yes,Yes,1,1,2026-07-10T00:00:00,2027-01-24T23:59:59,27836675760,"C=US, O=DigiCert Inc, CN=DigiCert Global G2 TLS RSA SHA256 2020 CA1"
phlbesx08.nlm.nih.gov,Yes,Yes,1,1,2026-07-10T00:00:00,2027-01-24T23:59:59,27837035857,"C=US, O=DigiCert Inc, CN=DigiCert Global G2 TLS RSA SHA256 2020 CA1"
phlbesx09.nlm.nih.gov,Yes,Yes,1,1,2026-07-13T00:00:00,2027-01-27T23:59:59,27900483468,"C=US, O=DigiCert Inc, CN=DigiCert Global G2 TLS RSA SHA256 2020 CA1"
phlbesx10.nlm.nih.gov,Yes,Yes,1,1,2026-07-13T00:00:00,2027-01-27T23:59:59,27900111337,"C=US, O=DigiCert Inc, CN=DigiCert Global G2 TLS RSA SHA256 2020 CA1"
phlbesx11.nlm.nih.gov,Yes,Yes,1,1,2026-07-13T00:00:00,2027-01-27T23:59:59,27899738187,"C=US, O=DigiCert Inc, CN=DigiCert Global G2 TLS RSA SHA256 2020 CA1"
phlbesx12.nlm.nih.gov,Yes,Yes,2,1,2026-01-16T00:00:00,2027-02-15T23:59:59,23803084327;23803082943,"C=CA, O=Entrust Limited, CN=Entrust OV TLS Issuing RSA CA 2"
phlbesx12ilo.nlm.nih.gov,Yes,Yes,1,1,2026-08-21T00:00:00,2027-03-07T23:59:59,28887288768,"C=US, O=DigiCert Inc, CN=DigiCert Global G2 TLS RSA SHA256 2020 CA1"
phlbesx13.nlm.nih.gov,Yes,Yes,1,1,2026-03-27T00:00:00,2026-10-11T23:59:59,25254667159,"C=US, O=DigiCert Inc, CN=DigiCert Global G2 TLS RSA SHA256 2020 CA1"
phlbesx13ilo.nlm.nih.gov,Yes,Yes,1,1,2026-09-02T00:00:00,2027-03-19T23:59:59,29229812030,"C=US, O=DigiCert Inc, CN=DigiCert Global G2 TLS RSA SHA256 2020 CA1"
phlbesx14.nlm.nih.gov,Yes,Yes,1,1,2026-03-27T00:00:00,2026-10-11T23:59:59,25254448868,"C=US, O=DigiCert Inc, CN=DigiCert Global G2 TLS RSA SHA256 2020 CA1"
phlbesx15.nlm.nih.gov,Yes,Yes,1,1,2026-03-27T00:00:00,2026-10-11T23:59:59,25253811066,"C=US, O=DigiCert Inc, CN=DigiCert Global G2 TLS RSA SHA256 2020 CA1"
phlbesx15ilo.nlm.nih.gov,Yes,Yes,1,1,2026-09-02T00:00:00,2027-03-19T23:59:59,29230000297,"C=US, O=DigiCert Inc, CN=DigiCert Global G2 TLS RSA SHA256 2020 CA1"
phlbesx16.nlm.nih.gov,Yes,Yes,1,1,2026-07-21T00:00:00,2027-02-04T23:59:59,28137261968,"C=US, O=DigiCert Inc, CN=DigiCert Global G2 TLS RSA SHA256 2020 CA1"
phlbesx17.nlm.nih.gov,Yes,Yes,1,1,2026-07-22T00:00:00,2027-02-05T23:59:59,28138436883,"C=US, O=DigiCert Inc, CN=DigiCert Global G2 TLS RSA SHA256 2020 CA1"
phlbesx18.nlm.nih.gov,Yes,Yes,1,1,2026-07-21T00:00:00,2027-02-04T23:59:59,28136031385,"C=US, O=DigiCert Inc, CN=DigiCert Global G2 TLS RSA SHA256 2020 CA1"
phlbesx19.nlm.nih.gov,Yes,Yes,1,1,2026-07-21T00:00:00,2027-02-04T23:59:59,28136318288,"C=US, O=DigiCert Inc, CN=DigiCert Global G2 TLS RSA SHA256 2020 CA1"
phlbesx20.nlm.nih.gov,Yes,Yes,1,1,2026-07-22T00:00:00,2027-02-05T23:59:59,28138867024,"C=US, O=DigiCert Inc, CN=DigiCert Global G2 TLS RSA SHA256 2020 CA1"
phlbesx21.nlm.nih.gov,Yes,Yes,1,1,2026-07-22T00:00:00,2027-02-05T23:59:59,28139195081,"C=US, O=DigiCert Inc, CN=DigiCert Global G2 TLS RSA SHA256 2020 CA1"
phlbesx22.nlm.nih.gov,Yes,Yes,1,1,2026-07-22T00:00:00,2027-02-05T23:59:59,28139484414,"C=US, O=DigiCert Inc, CN=DigiCert Global G2 TLS RSA SHA256 2020 CA1"
phlcesx10.nlm.nih.gov,Yes,Yes,1,1,2026-07-07T00:00:00,2027-01-21T23:59:59,27759128151,"C=US, O=DigiCert Inc, CN=DigiCert Global G2 TLS RSA SHA256 2020 CA1"
phlcesx11.nlm.nih.gov,Yes,Yes,1,1,2026-07-07T00:00:00,2027-01-21T23:59:59,27758707153,"C=US, O=DigiCert Inc, CN=DigiCert Global G2 TLS RSA SHA256 2020 CA1"
phlcesx12.nlm.nih.gov,Yes,Yes,1,1,2026-07-07T00:00:00,2027-01-21T23:59:59,27758355309,"C=US, O=DigiCert Inc, CN=DigiCert Global G2 TLS RSA SHA256 2020 CA1"
phlcesx13.nlm.nih.gov,Yes,Yes,1,1,2026-07-07T00:00:00,2027-01-21T23:59:59,27757706127,"C=US, O=DigiCert Inc, CN=DigiCert Global G2 TLS RSA SHA256 2020 CA1"
phlcesx14.nlm.nih.gov,Yes,Yes,1,1,2026-07-07T00:00:00,2027-01-21T23:59:59,27756930842,"C=US, O=DigiCert Inc, CN=DigiCert Global G2 TLS RSA SHA256 2020 CA1"
phlcesx15.nlm.nih.gov,Yes,Yes,1,1,2026-07-07T00:00:00,2027-01-21T23:59:59,27756632289,"C=US, O=DigiCert Inc, CN=DigiCert Global G2 TLS RSA SHA256 2020 CA1"
phxtgen-nih-intdns-2510-a.net.nih.gov,No,Yes,1,1,2026-06-04T18:11:07,2026-12-20T18:10:07,26891678670,"C=US, O=IdenTrust, OU=HydrantID Trusted Certificate Service, CN=HydrantID Server CA O1"
phxtgen-nih-intdns-2510-b.net.nih.gov,No,Yes,1,1,2026-06-04T18:11:07,2026-12-20T18:10:07,26891678670,"C=US, O=IdenTrust, OU=HydrantID Trusted Certificate Service, CN=HydrantID Server CA O1"
phxtgen-nih-intdns-2510.net.nih.gov,Yes,Yes,1,1,2026-06-04T18:11:07,2026-12-20T18:10:07,26891678670,"C=US, O=IdenTrust, OU=HydrantID Trusted Certificate Service, CN=HydrantID Server CA O1"
picsure.biodatacatalyst.nhlbi.nih.gov,Yes,Yes,2,1,2025-10-30T21:31:57,2027-01-29T21:05:50,27935957382;22109208184,"C=US, O=IdenTrust, OU=HydrantID Trusted Certificate Service, CN=HydrantID Server CA O1"
pimspapp1fy22.nih.gov,Yes,Yes,1,1,2025-11-20T15:54:24,2026-12-20T15:53:24,22620948602,"C=US, O=IdenTrust, OU=HydrantID Trusted Certificate Service, CN=HydrantID Server CA O1"
pimspapp2fy22.nih.gov,Yes,Yes,1,1,2025-11-20T15:52:22,2026-12-20T15:51:22,22620916438,"C=US, O=IdenTrust, OU=HydrantID Trusted Certificate Service, CN=HydrantID Server CA O1"
pimspbe1fy22.nih.gov,Yes,Yes,1,1,2025-11-20T15:51:35,2026-12-20T15:50:35,22620899362,"C=US, O=IdenTrust, OU=HydrantID Trusted Certificate Service, CN=HydrantID Server CA O1"
pimspds1fy22.nih.gov,Yes,Yes,1,1,2025-11-20T15:50:57,2026-12-20T15:49:57,22620899233,"C=US, O=IdenTrust, OU=HydrantID Trusted Certificate Service, CN=HydrantID Server CA O1"
pimspfe1fy22.nih.gov,Yes,Yes,1,1,2025-11-20T15:49:22,2026-12-20T15:48:22,22620870871,"C=US, O=IdenTrust, OU=HydrantID Trusted Certificate Service, CN=HydrantID Server CA O1"
pimspport1fy22.nih.gov,Yes,Yes,1,1,2025-11-20T15:48:27,2026-12-20T15:47:27,22620856182,"C=US, O=IdenTrust, OU=HydrantID Trusted Certificate Service, CN=HydrantID Server CA O1"
pimspport2fy22.nih.gov,Yes,Yes,1,1,2025-11-20T15:47:30,2026-12-20T15:46:30,22620839720,"C=US, O=IdenTrust, OU=HydrantID Trusted Certificate Service, CN=HydrantID Server CA O1"
pimstapp1fy22.nih.gov,Yes,Yes,1,1,2025-11-20T15:46:34,2026-12-20T15:45:34,22620823448,"C=US, O=IdenTrust, OU=HydrantID Trusted Certificate Service, CN=HydrantID Server CA O1"
pimstapp2fy22.nih.gov,Yes,Yes,1,1,2025-11-20T15:45:23,2026-12-20T15:44:23,22620808331,"C=US, O=IdenTrust, OU=HydrantID Trusted Certificate Service, CN=HydrantID Server CA O1"
pimstbe1fy22.nih.gov,Yes,Yes,1,1,2025-11-20T15:42:59,2026-12-20T15:41:59,22620775858,"C=US, O=IdenTrust, OU=HydrantID Trusted Certificate Service, CN=HydrantID Server CA O1"
pimstds1fy22.nih.gov,Yes,Yes,1,1,2025-11-20T15:41:53,2026-12-20T15:40:53,22620759939,"C=US, O=IdenTrust, OU=HydrantID Trusted Certificate Service, CN=HydrantID Server CA O1"
pimstfe1fy22.nih.gov,Yes,Yes,1,1,2025-11-20T15:40:57,2026-12-20T15:39:57,22620744936,"C=US, O=IdenTrust, OU=HydrantID Trusted Certificate Service, CN=HydrantID Server CA O1"
pimstport1fy22.nih.gov,Yes,Yes,1,1,2025-11-20T15:44:26,2026-12-20T15:43:26,22620792373,"C=US, O=IdenTrust, OU=HydrantID Trusted Certificate Service, CN=HydrantID Server CA O1"
pimstport2fy22.nih.gov,Yes,Yes,1,1,2025-11-20T15:43:37,2026-12-20T15:42:37,22620791147,"C=US, O=IdenTrust, OU=HydrantID Trusted Certificate Service, CN=HydrantID Server CA O1"
piv.mail.nih.gov,Yes,Yes,1,1,2026-06-22T21:22:26,2027-01-07T21:21:26,27405095564,"C=US, O=IdenTrust, OU=HydrantID Trusted Certificate Service, CN=HydrantID Server CA O1"
piv2key.awsint.nlm.nih.gov,Yes,Yes,2,2,2026-05-01T00:00:00,2026-11-14T23:59:59,25981227562;25981228281,"C=US, O=Amazon, CN=Amazon RSA 2048 M04;C=US, O=Amazon, CN=Amazon RSA 2048 M01"
pivauth.ha.nih.gov,Yes,Yes,1,1,2026-06-15T19:39:08,2026-12-31T19:38:08,27213724564,"C=US, O=IdenTrust, OU=HydrantID Trusted Certificate Service, CN=HydrantID Server CA O1"
pivauthdev.ha.nih.gov,Yes,Yes,1,1,2026-04-24T17:21:31,2026-11-09T17:20:31,26159889104,"C=US, O=IdenTrust, OU=HydrantID Trusted Certificate Service, CN=HydrantID Server CA O1"
pivauthdev.nih.gov,Yes,Yes,1,1,2026-01-07T15:55:57,2027-02-06T15:54:57,23611884187,"C=US, O=IdenTrust, OU=HydrantID Trusted Certificate Service, CN=HydrantID Server CA O1"
pivauthinternal.nih.gov,Yes,Yes,1,1,2025-11-04T18:10:55,2026-12-04T18:09:55,22205819325,"C=US, O=IdenTrust, OU=HydrantID Trusted Certificate Service, CN=HydrantID Server CA O1"
pivauthtest.ha.nih.gov,Yes,Yes,1,1,2026-04-24T17:22:15,2026-11-09T17:21:15,26159904622,"C=US, O=IdenTrust, OU=HydrantID Trusted Certificate Service, CN=HydrantID Server CA O1"
pivauthtest.nih.gov,Yes,Yes,1,1,2026-01-14T17:44:35,2027-02-13T17:43:35,23766551273,"C=US, O=IdenTrust, OU=HydrantID Trusted Certificate Service, CN=HydrantID Server CA O1"
pivd.nih.gov,Yes,Yes,1,1,2026-06-02T19:16:00,2026-12-18T19:15:00,26835274998,"C=US, O=IdenTrust, OU=HydrantID Trusted Certificate Service, CN=HydrantID Server CA O1"
plae.nei.nih.gov,Yes,Yes,1,1,2025-10-15T17:27:27,2026-11-14T17:26:27,21741864000,"C=US, O=IdenTrust, OU=HydrantID Trusted Certificate Service, CN=HydrantID Server CA O1"
platform.sb.biodatacatalyst.nhlbi.nih.gov,Yes,Yes,1,1,2025-12-18T20:28:16,2027-01-17T20:27:16,23202690132,"C=US, O=IdenTrust, OU=HydrantID Trusted Certificate Service, CN=HydrantID Server CA O1"
pmacc-api-int.nci.nih.gov,No,Yes,1,1,2025-09-26T00:00:00,2026-10-25T23:59:59,21289379338,"C=US, O=Amazon, CN=Amazon RSA 2048 M01"
pmacc-api-uat.nci.nih.gov,No,Yes,1,1,2025-11-04T00:00:00,2026-12-03T23:59:59,22202006140,"C=US, O=Amazon, CN=Amazon RSA 2048 M04"
pmacc-api.nci.nih.gov,No,Yes,1,1,2025-11-04T00:00:00,2026-12-03T23:59:59,22201991534,"C=US, O=Amazon, CN=Amazon RSA 2048 M01"
pmacc-int.nci.nih.gov,Yes,Yes,1,1,2025-09-26T00:00:00,2026-10-25T23:59:59,21289379338,"C=US, O=Amazon, CN=Amazon RSA 2048 M01"
pmacc-uat.nci.nih.gov,Yes,Yes,1,1,2025-11-04T00:00:00,2026-12-03T23:59:59,22202006140,"C=US, O=Amazon, CN=Amazon RSA 2048 M04"
pmacc.nci.nih.gov,Yes,Yes,1,1,2025-11-04T00:00:00,2026-12-03T23:59:59,22201991534,"C=US, O=Amazon, CN=Amazon RSA 2048 M01"
pmt-qa.niaid.nih.gov,No,Yes,1,1,2026-07-01T22:52:23,2027-01-16T22:51:23,27628082370,"C=US, O=IdenTrust, OU=HydrantID Trusted Certificate Service, CN=HydrantID Server CA O1"
pmt.niaid.nih.gov,No,Yes,1,1,2026-07-05T12:30:47,2027-01-20T12:29:47,27708504332,"C=US, O=IdenTrust, OU=HydrantID Trusted Certificate Service, CN=HydrantID Server CA O1"
podocoryna.nhgri.nih.gov,No,Yes,1,1,2025-09-16T15:11:04,2026-10-16T15:10:04,21059820363,"C=US, O=IdenTrust, OU=HydrantID Trusted Certificate Service, CN=HydrantID Server CA O1"
policymanual.nih.gov,Yes,Yes,1,1,2025-09-24T20:24:35,2026-10-24T20:23:35,21253536468,"C=US, O=IdenTrust, OU=HydrantID Trusted Certificate Service, CN=HydrantID Server CA O1"
pomservices-test.ninds.nih.gov,Yes,Yes,1,1,2026-07-13T20:51:58,2027-01-28T20:50:58,27907824878,"C=US, O=IdenTrust, OU=HydrantID Trusted Certificate Service, CN=HydrantID Server CA O1"
poplar.nci.nih.gov,Yes,Yes,2,1,2026-07-23T03:08:41,2026-10-21T03:08:40,28171509536;28171522027,"C=US, O=Let's Encrypt, CN=YE2"
portal.github.nih.gov,Yes,Yes,2,1,2026-06-10T00:00:00,2026-12-10T23:59:59,27231538064;27062017445,"C=US, O=DigiCert Inc, OU=www.digicert.com, CN=GeoTrust TLS RSA CA G1"
portal.niehs.nih.gov,Yes,Yes,3,2,2025-11-19T00:00:00,2026-11-25T16:18:30,29107817685;22596023798;29107816420,"C=US, O=DigiCert Inc, CN=DigiCert Global G2 TLS RSA SHA256 2020 CA1;C=US, O=Let's Encrypt, CN=YR2"
posit-dashboards.niaid.nih.gov,Yes,Yes,1,1,2026-03-31T17:57:48,2026-10-16T17:56:48,25301762541,"C=US, O=IdenTrust, OU=HydrantID Trusted Certificate Service, CN=HydrantID Server CA O1"
posit-package-manager-test.niaid.nih.gov,Yes,Yes,1,1,2026-01-06T14:49:16,2027-02-05T14:48:16,23589270609,"C=US, O=IdenTrust, OU=HydrantID Trusted Certificate Service, CN=HydrantID Server CA O1"
posit-package-manager.niaid.nih.gov,Yes,Yes,1,1,2026-03-31T17:44:23,2026-10-16T17:43:23,25301655679,"C=US, O=IdenTrust, OU=HydrantID Trusted Certificate Service, CN=HydrantID Server CA O1"
posit-self-service-connect.niaid.nih.gov,Yes,Yes,1,1,2025-09-26T18:15:55,2026-10-26T18:14:55,21295448919,"C=US, O=IdenTrust, OU=HydrantID Trusted Certificate Service, CN=HydrantID Server CA O1"
posit-workbench.niaid.nih.gov,Yes,Yes,3,1,2026-01-22T17:32:58,2027-02-21T17:31:58,23920698326;26263858748;26263118576,"C=US, O=IdenTrust, OU=HydrantID Trusted Certificate Service, CN=HydrantID Server CA O1"
post.niaid.nih.gov,Yes,Yes,1,1,2026-06-02T13:52:37,2026-12-18T13:51:37,26828137429,"C=US, O=IdenTrust, OU=HydrantID Trusted Certificate Service, CN=HydrantID Server CA O1"
postdoc.niaid.nih.gov,Yes,Yes,2,1,2026-04-14T00:00:00,2026-10-28T23:59:59,25520703210;25847519817,"C=US, O=Amazon, CN=Amazon RSA 2048 M01"
pots-api-qa.ncats.nih.gov,Yes,Yes,1,1,2026-02-20T21:25:26,2027-03-22T21:24:26,24541364125,"C=US, O=IdenTrust, OU=HydrantID Trusted Certificate Service, CN=HydrantID Server CA O1"
pots-api.ncats.nih.gov,Yes,Yes,1,1,2026-02-20T21:25:00,2027-03-22T21:24:00,24541363516,"C=US, O=IdenTrust, OU=HydrantID Trusted Certificate Service, CN=HydrantID Server CA O1"
pots.arpah.nih.gov,Yes,Yes,1,1,2026-05-06T17:11:24,2026-11-21T17:10:24,26375646467,"C=US, O=IdenTrust, OU=HydrantID Trusted Certificate Service, CN=HydrantID Server CA O1"
pots.cc.nih.gov,Yes,Yes,1,1,2026-01-12T00:00:00,2027-01-11T23:59:59,23724586173,"C=US, O=DigiCert Inc, CN=DigiCert Global G2 TLS RSA SHA256 2020 CA1"
pots.nibib.nih.gov,Yes,Yes,1,1,2026-03-25T16:49:55,2026-10-10T16:48:55,25216225665,"C=US, O=IdenTrust, OU=HydrantID Trusted Certificate Service, CN=HydrantID Server CA O1"
pots.nichd.nih.gov,Yes,Yes,1,1,2026-03-25T16:49:28,2026-10-10T16:48:28,25216212999,"C=US, O=IdenTrust, OU=HydrantID Trusted Certificate Service, CN=HydrantID Server CA O1"
pots.nigms.nih.gov,Yes,Yes,1,1,2026-03-25T16:49:01,2026-10-10T16:48:01,25216210781,"C=US, O=IdenTrust, OU=HydrantID Trusted Certificate Service, CN=HydrantID Server CA O1"
pots.nlm.nih.gov,Yes,Yes,1,1,2026-07-21T17:54:08,2027-02-05T17:53:08,28130480736,"C=US, O=IdenTrust, OU=HydrantID Trusted Certificate Service, CN=HydrantID Server CA O1"
pots.orf.nih.gov,Yes,Yes,1,1,2025-12-08T19:58:37,2027-01-07T19:57:37,22986493088,"C=US, O=IdenTrust, OU=HydrantID Trusted Certificate Service, CN=HydrantID Server CA O1"
pots.ors.od.nih.gov,Yes,Yes,1,1,2026-03-25T16:50:25,2026-10-10T16:49:25,25216228468,"C=US, O=IdenTrust, OU=HydrantID Trusted Certificate Service, CN=HydrantID Server CA O1"
potsnbsconnector.ninds.nih.gov,Yes,Yes,1,1,2025-11-24T21:26:16,2026-12-24T21:25:16,22710907999,"C=US, O=IdenTrust, OU=HydrantID Trusted Certificate Service, CN=HydrantID Server CA O1"
potsnbsconnectortest.ninds.nih.gov,Yes,Yes,1,1,2026-04-24T17:20:25,2026-11-09T17:19:25,26159868888,"C=US, O=IdenTrust, OU=HydrantID Trusted Certificate Service, CN=HydrantID Server CA O1"
potsts.ninds.nih.gov,Yes,Yes,1,1,2025-09-09T16:01:10,2026-10-09T16:00:10,20900900492,"C=US, O=IdenTrust, OU=HydrantID Trusted Certificate Service, CN=HydrantID Server CA O1"
powerapps.nhlbi.nih.gov,Yes,Yes,1,1,2025-10-31T21:50:37,2026-11-30T21:49:37,22126861766,"C=US, O=IdenTrust, OU=HydrantID Trusted Certificate Service, CN=HydrantID Server CA O1"
pplb8aipoc01ilo.nlm.nih.gov,Yes,Yes,1,1,2026-06-02T00:00:00,2026-12-17T23:59:59,26834214877,"C=US, O=DigiCert Inc, CN=DigiCert Global G2 TLS RSA SHA256 2020 CA1"
prd-api.nih.gov,Yes,Yes,1,1,2025-10-30T20:04:52,2026-11-29T20:03:52,22108306629,"C=US, O=IdenTrust, OU=HydrantID Trusted Certificate Service, CN=HydrantID Server CA O1"
predev.openpicsure.biodatacatalyst.nhlbi.nih.gov,Yes,Yes,1,1,2026-04-21T15:53:33,2026-11-06T15:52:33,26069414071,"C=US, O=IdenTrust, OU=HydrantID Trusted Certificate Service, CN=HydrantID Server CA O1"
predev.picsure.biodatacatalyst.nhlbi.nih.gov,No,Yes,2,1,2026-01-15T13:59:36,2027-02-14T13:58:36,23783352034;27985551281,"C=US, O=IdenTrust, OU=HydrantID Trusted Certificate Service, CN=HydrantID Server CA O1"
pregsource.nih.gov,Yes,Yes,1,1,2025-10-09T14:18:15,2026-11-08T14:17:15,21601098704,"C=US, O=IdenTrust, OU=HydrantID Trusted Certificate Service, CN=HydrantID Server CA O1"
preprod-is.niddk.nih.gov,No,Yes,1,1,2026-04-07T16:36:50,2026-10-23T16:35:50,25616089413,"C=US, O=IdenTrust, OU=HydrantID Trusted Certificate Service, CN=HydrantID Server CA O1"
preprod.gen3.biodatacatalyst.nhlbi.nih.gov,Yes,Yes,1,1,2025-10-31T21:53:39,2026-11-30T21:52:39,22126881609,"C=US, O=IdenTrust, OU=HydrantID Trusted Certificate Service, CN=HydrantID Server CA O1"
preprod.niddk.nih.gov,Yes,Yes,1,1,2026-04-07T16:36:50,2026-10-23T16:35:50,25616089413,"C=US, O=IdenTrust, OU=HydrantID Trusted Certificate Service, CN=HydrantID Server CA O1"
preprod.obesityresearch.nih.gov,No,Yes,1,1,2026-04-07T16:36:50,2026-10-23T16:35:50,25616089413,"C=US, O=IdenTrust, OU=HydrantID Trusted Certificate Service, CN=HydrantID Server CA O1"
preprod.openpicsure.biodatacatalyst.nhlbi.nih.gov,Yes,Yes,1,1,2026-04-21T15:54:53,2026-11-06T15:53:53,26069434517,"C=US, O=IdenTrust, OU=HydrantID Trusted Certificate Service, CN=HydrantID Server CA O1"
preprod.picsure.biodatacatalyst.nhlbi.nih.gov,No,Yes,2,1,2025-10-30T13:35:53,2027-01-29T21:05:50,22103455433;27935957382,"C=US, O=IdenTrust, OU=HydrantID Trusted Certificate Service, CN=HydrantID Server CA O1"
prevention.nih.gov,Yes,Yes,6,3,2025-10-01T16:06:45,2026-12-05T15:21:26,29382095983;29375174298;29382094135;21400154475;22230937471;29375116608,"C=US, O=IdenTrust, OU=HydrantID Trusted Certificate Service, CN=HydrantID Server CA O1;C=US, O=Let's Encrypt, CN=YR1;C=US, O=Let's Encrypt, CN=YE2"
preview.videocast.nih.gov,No,Yes,2,1,2026-01-13T14:58:34,2027-03-08T19:24:08,24228865431;23744140282,"C=US, O=IdenTrust, OU=HydrantID Trusted Certificate Service, CN=HydrantID Server CA O1"
printsafe.niaid.nih.gov,Yes,Yes,1,1,2025-09-30T16:27:29,2026-10-30T16:26:29,21377685729,"C=US, O=IdenTrust, OU=HydrantID Trusted Certificate Service, CN=HydrantID Server CA O1"
privateai-dev.niaid.nih.gov,Yes,Yes,1,1,2026-01-08T16:38:02,2027-02-07T16:37:02,23636147951,"C=US, O=IdenTrust, OU=HydrantID Trusted Certificate Service, CN=HydrantID Server CA O1"
privateai.niaid.nih.gov,Yes,Yes,1,1,2026-01-16T23:32:05,2027-02-15T23:31:05,23810385868,"C=US, O=IdenTrust, OU=HydrantID Trusted Certificate Service, CN=HydrantID Server CA O1"
probes.ncats.nih.gov,Yes,Yes,1,1,2025-12-29T14:55:39,2027-01-28T14:54:39,23437562001,"C=US, O=IdenTrust, OU=HydrantID Trusted Certificate Service, CN=HydrantID Server CA O1"
probis.nih.gov,Yes,Yes,1,1,2025-12-23T19:38:51,2027-01-22T19:37:51,23321788874,"C=US, O=IdenTrust, OU=HydrantID Trusted Certificate Service, CN=HydrantID Server CA O1"
prod-gov.opa-tools.od.nih.gov,Yes,Yes,3,1,2026-05-14T18:20:09,2027-02-25T19:18:13,26444917519;28715696537;28715676118,"C=US, O=IdenTrust, OU=HydrantID Trusted Certificate Service, CN=HydrantID Server CA O1"
prod-isearch-opa-tools.od.nih.gov,Yes,Yes,1,1,2026-08-20T16:49:29,2027-03-07T16:48:29,28864586149,"C=US, O=IdenTrust, OU=HydrantID Trusted Certificate Service, CN=HydrantID Server CA O1"
prod.itbnia-itas.cit.nih.gov,Yes,Yes,1,1,2026-06-09T14:46:23,2026-12-25T14:45:23,27025119944,"C=US, O=IdenTrust, OU=HydrantID Trusted Certificate Service, CN=HydrantID Server CA O1"
prod.nci.nih.gov,No,Yes,1,1,2026-02-18T00:00:00,2027-03-21T23:59:59,24492618420,"C=US, O=DigiCert Inc, CN=DigiCert Global G2 TLS RSA SHA256 2020 CA1"
projects-api-qa.ncats.nih.gov,Yes,Yes,1,1,2026-02-23T20:50:53,2027-03-25T20:49:53,24603737022,"C=US, O=IdenTrust, OU=HydrantID Trusted Certificate Service, CN=HydrantID Server CA O1"
projects-api.ncats.nih.gov,Yes,Yes,1,1,2026-02-23T20:50:10,2027-03-25T20:49:10,24603736382,"C=US, O=IdenTrust, OU=HydrantID Trusted Certificate Service, CN=HydrantID Server CA O1"
projects.ncats.nih.gov,Yes,Yes,1,1,2026-05-06T19:39:07,2026-11-21T19:38:07,26376595798,"C=US, O=IdenTrust, OU=HydrantID Trusted Certificate Service, CN=HydrantID Server CA O1"
protect-training.cc.nih.gov,Yes,Yes,2,2,2026-04-15T00:00:00,2027-01-16T18:32:52,25898555070;27624115588,"C=US, O=IdenTrust, OU=HydrantID Trusted Certificate Service, CN=HydrantID Server CA O1;C=US, O=DigiCert Inc, CN=DigiCert Global G2 TLS RSA SHA256 2020 CA1"
protect-training.nih.gov,No,Yes,1,1,2026-04-15T00:00:00,2026-10-30T23:59:59,25898555070,"C=US, O=DigiCert Inc, CN=DigiCert Global G2 TLS RSA SHA256 2020 CA1"
protect.cc.nih.gov,Yes,Yes,3,2,2025-09-15T15:09:58,2026-10-30T23:59:59,21036898415;25533798077;25680778729,"C=US, O=DigiCert Inc, CN=DigiCert Global G2 TLS RSA SHA256 2020 CA1;C=US, O=IdenTrust, OU=HydrantID Trusted Certificate Service, CN=HydrantID Server CA O1"
protect.nih.gov,No,Yes,1,1,2026-04-15T00:00:00,2026-10-30T23:59:59,25533798077,"C=US, O=DigiCert Inc, CN=DigiCert Global G2 TLS RSA SHA256 2020 CA1"
proteome.nih.gov,Yes,Yes,2,1,2026-07-22T19:22:55,2027-02-05T19:22:55,28161188124;28161187642,"C=US, O=GoDaddy.com, CN=GoDaddy TLS Intermediate CA DV - R1v1"
protocol-service-int.nci.nih.gov,Yes,Yes,2,1,2026-05-12T00:00:00,2026-11-25T23:59:59,26285532985;26283292867,"C=US, O=Amazon, CN=Amazon RSA 2048 M01"
protocol-service-uat.nci.nih.gov,Yes,Yes,2,1,2026-05-12T00:00:00,2026-11-25T23:59:59,26285468304;26283269707,"C=US, O=Amazon, CN=Amazon RSA 2048 M01"
protocol-service.nci.nih.gov,Yes,Yes,2,1,2026-05-12T00:00:00,2026-11-25T23:59:59,26287430489;26283292418,"C=US, O=Amazon, CN=Amazon RSA 2048 M04"
prototype-aspire-uat.ncats.nih.gov,Yes,Yes,1,1,2025-11-26T19:53:02,2026-12-26T19:52:02,22750192241,"C=US, O=IdenTrust, OU=HydrantID Trusted Certificate Service, CN=HydrantID Server CA O1"
prowl.nei.nih.gov,Yes,Yes,1,1,2025-09-19T17:30:40,2026-10-19T17:29:40,21136850814,"C=US, O=IdenTrust, OU=HydrantID Trusted Certificate Service, CN=HydrantID Server CA O1"
prsstudy.nhgri.nih.gov,No,Yes,2,2,2025-11-30T00:00:00,2027-01-09T15:55:44,22815704506;23035284816,"C=US, O=IdenTrust, OU=HydrantID Trusted Certificate Service, CN=HydrantID Server CA O1;C=US, O=Amazon, CN=Amazon RSA 2048 M04"
ps16-dev.niaid.nih.gov,Yes,Yes,2,1,2026-05-08T17:00:06,2026-12-07T16:18:08,26553991792;26393380032,"C=US, O=IdenTrust, OU=HydrantID Trusted Certificate Service, CN=HydrantID Server CA O1"
ps16-qa.niaid.nih.gov,Yes,Yes,3,1,2025-10-02T16:38:22,2026-11-06T01:02:19,21533856641;21423057584;21529084167,"C=US, O=IdenTrust, OU=HydrantID Trusted Certificate Service, CN=HydrantID Server CA O1"
ps16.niaid.nih.gov,Yes,Yes,1,1,2025-09-29T19:53:13,2026-10-29T19:52:13,21353874944,"C=US, O=IdenTrust, OU=HydrantID Trusted Certificate Service, CN=HydrantID Server CA O1"
psc.csr.nih.gov,Yes,Yes,1,1,2026-04-24T19:30:06,2026-11-09T19:29:06,26162297267,"C=US, O=IdenTrust, OU=HydrantID Trusted Certificate Service, CN=HydrantID Server CA O1"
pspp.ninds.nih.gov,Yes,Yes,1,1,2026-05-22T14:54:26,2026-12-07T14:53:26,26552358619,"C=US, O=IdenTrust, OU=HydrantID Trusted Certificate Service, CN=HydrantID Server CA O1"
ptfcehdev-acquia.niehs.nih.gov,No,Yes,3,2,2025-12-03T00:00:00,2026-12-02T23:59:59,22886422642;29284870146;29125620113,"C=US, O=Let's Encrypt, CN=YR1;C=US, O=DigiCert Inc, CN=DigiCert Global G2 TLS RSA SHA256 2020 CA1"
ptfcehs.niehs.nih.gov,Yes,Yes,5,2,2026-08-21T23:24:39,2026-11-20T03:12:56,29086045734;29195498586;29120127278;29061940531;29124694780,"C=US, O=Google Trust Services, CN=WR1;C=US, O=Google Trust Services, CN=WE1"
ptfcehsdev-acquia.niehs.nih.gov,No,Yes,3,2,2025-12-03T00:00:00,2026-12-02T23:59:59,22886422642;29284870146;29125620113,"C=US, O=Let's Encrypt, CN=YR1;C=US, O=DigiCert Inc, CN=DigiCert Global G2 TLS RSA SHA256 2020 CA1"
ptfcehstage-acquia.niehs.nih.gov,No,Yes,2,1,2026-08-27T11:29:40,2026-11-25T11:29:39,29261013928;29125620821,"C=US, O=Let's Encrypt, CN=YR2"
pttms.niaid.nih.gov,No,Yes,1,1,2026-05-29T14:29:19,2026-12-14T14:28:19,26733877863,"C=US, O=IdenTrust, OU=HydrantID Trusted Certificate Service, CN=HydrantID Server CA O1"
pttmsapi.niaid.nih.gov,No,Yes,1,1,2026-07-01T22:50:59,2027-01-16T22:49:59,27628065960,"C=US, O=IdenTrust, OU=HydrantID Trusted Certificate Service, CN=HydrantID Server CA O1"
pttmsapiqa.niaid.nih.gov,No,Yes,3,1,2025-09-27T05:50:40,2026-10-31T16:05:52,21399617213;21308483042;21400155298,"C=US, O=IdenTrust, OU=HydrantID Trusted Certificate Service, CN=HydrantID Server CA O1"
pttmsqa.niaid.nih.gov,No,Yes,1,1,2026-05-29T14:27:59,2026-12-14T14:26:59,26733855296,"C=US, O=IdenTrust, OU=HydrantID Trusted Certificate Service, CN=HydrantID Server CA O1"
pttmsservice.niaid.nih.gov,Yes,Yes,1,1,2026-07-01T22:50:59,2027-01-16T22:49:59,27628065960,"C=US, O=IdenTrust, OU=HydrantID Trusted Certificate Service, CN=HydrantID Server CA O1"
pttmsserviceqa.niaid.nih.gov,Yes,Yes,3,1,2025-09-27T05:50:40,2026-10-31T16:05:52,21399617213;21308483042;21400155298,"C=US, O=IdenTrust, OU=HydrantID Trusted Certificate Service, CN=HydrantID Server CA O1"
pubapi.ncats.nih.gov,Yes,Yes,2,1,2025-12-03T20:00:20,2027-01-02T19:59:20,26073465202;22890803281,"C=US, O=IdenTrust, OU=HydrantID Trusted Certificate Service, CN=HydrantID Server CA O1"
public-stage.cit.nih.gov,Yes,Yes,1,1,2026-03-25T20:23:20,2026-10-10T20:22:20,25219284542,"C=US, O=IdenTrust, OU=HydrantID Trusted Certificate Service, CN=HydrantID Server CA O1"
publicationclearance-qa.niaid.nih.gov,No,Yes,1,1,2026-04-28T12:38:15,2026-11-13T12:37:15,26251764462,"C=US, O=IdenTrust, OU=HydrantID Trusted Certificate Service, CN=HydrantID Server CA O1"
publicationclearance-xess-dev.niaid.nih.gov,No,Yes,1,1,2026-07-16T14:01:38,2027-01-31T14:00:38,27983954834,"C=US, O=IdenTrust, OU=HydrantID Trusted Certificate Service, CN=HydrantID Server CA O1"
publicationclearance.nih.gov,No,Yes,1,1,2026-05-07T13:46:01,2026-11-22T13:45:01,26383191444,"C=US, O=IdenTrust, OU=HydrantID Trusted Certificate Service, CN=HydrantID Server CA O1"
pubmed.ncbi.nlm.nih.gov,Yes,Yes,2,1,2026-08-28T16:13:48,2026-11-26T16:13:47,29148960591;29330739212,"C=US, O=Let's Encrypt, CN=YR2"
pubweb-dev.niaid.nih.gov,Yes,Yes,1,1,2026-08-03T19:06:58,2027-02-18T19:05:58,28501993179,"C=US, O=IdenTrust, OU=HydrantID Trusted Certificate Service, CN=HydrantID Server CA O1"
pubweb-staging.niaid.nih.gov,No,Yes,1,1,2026-08-03T19:06:58,2027-02-18T19:05:58,28501993179,"C=US, O=IdenTrust, OU=HydrantID Trusted Certificate Service, CN=HydrantID Server CA O1"
puppet-sg-dev.nci.nih.gov,Yes,Yes,2,1,2026-08-19T11:46:23,2026-11-17T11:46:22,29067282199;28990730716,"C=US, O=Let's Encrypt, CN=YR2"
pvlb8grafana01.nlm.nih.gov,Yes,Yes,4,1,2026-04-03T00:00:00,2026-10-18T23:59:59,28922636464;25366078454;28922829251;28928894122,"C=US, O=DigiCert Inc, CN=DigiCert Global G2 TLS RSA SHA256 2020 CA1"
pvlb8netgraph01.nlm.nih.gov,Yes,Yes,3,1,2026-08-12T00:00:00,2027-02-26T23:59:59,28854730083;28830516704;28770118082,"C=US, O=DigiCert Inc, CN=DigiCert Global G2 TLS RSA SHA256 2020 CA1"
pvlbssms01.nlm.nih.gov,Yes,Yes,1,1,2026-06-12T00:00:00,2026-12-27T23:59:59,27127664158,"C=US, O=DigiCert Inc, CN=DigiCert Global G2 TLS RSA SHA256 2020 CA1"
qa.evs.nci.nih.gov,No,Yes,3,1,2026-07-20T12:15:53,2026-12-17T12:17:53,29524548256;28093689045;28093704363,"C=US, O=Let's Encrypt, CN=YR1"
qa.gris.niaid.nih.gov,Yes,Yes,1,1,2026-07-28T17:32:57,2027-02-12T17:31:57,28326763069,"C=US, O=IdenTrust, OU=HydrantID Trusted Certificate Service, CN=HydrantID Server CA O1"
qa.nci.nih.gov,No,Yes,4,1,2026-07-20T12:16:05,2026-12-17T12:18:06,28093709201;28093712408;29524743199;29590469061,"C=US, O=Let's Encrypt, CN=YR1"
qa.seqr.niaid.nih.gov,Yes,Yes,1,1,2025-09-23T15:27:20,2026-10-23T15:26:20,21224497325,"C=US, O=IdenTrust, OU=HydrantID Trusted Certificate Service, CN=HydrantID Server CA O1"
radiationcalculators.cancer.gov,Yes,No,2,1,2026-07-22T15:15:16,2026-10-20T15:15:15,28157188395;28157198349,"C=US, O=Let's Encrypt, CN=YE2"
radliteext.cc.nih.gov,Yes,Yes,1,1,2025-12-15T00:00:00,2027-01-06T23:59:59,23140442648,"C=US, O=DigiCert Inc, CN=DigiCert Global G2 TLS RSA SHA256 2020 CA1"
radtechstudy.nci.nih.gov,Yes,Yes,2,1,2026-07-22T15:15:37,2026-10-20T15:15:36,28157204488;28157185297,"C=US, O=Let's Encrypt, CN=YE1"
radx-hub.ha.nih.gov,No,Yes,1,1,2026-06-09T14:41:55,2026-12-25T14:40:55,27025033695,"C=US, O=IdenTrust, OU=HydrantID Trusted Certificate Service, CN=HydrantID Server CA O1"
radx-hub.nih.gov,Yes,Yes,1,1,2026-06-09T14:41:55,2026-12-25T14:40:55,27025033695,"C=US, O=IdenTrust, OU=HydrantID Trusted Certificate Service, CN=HydrantID Server CA O1"
radx.nibib.nih.gov,Yes,Yes,1,1,2026-02-04T14:08:30,2027-03-06T14:07:30,24182081393,"C=US, O=IdenTrust, OU=HydrantID Trusted Certificate Service, CN=HydrantID Server CA O1"
radxdatahub.nih.gov,Yes,Yes,1,1,2025-10-09T14:19:59,2026-11-08T14:18:59,21601143307,"C=US, O=IdenTrust, OU=HydrantID Trusted Certificate Service, CN=HydrantID Server CA O1"
radxtest.nibib.nih.gov,Yes,Yes,1,1,2026-05-27T20:48:28,2026-12-12T20:47:28,26689840395,"C=US, O=IdenTrust, OU=HydrantID Trusted Certificate Service, CN=HydrantID Server CA O1"
rancher.niehs.nih.gov,Yes,Yes,2,1,2026-08-27T16:12:30,2026-11-25T16:12:29,29237708407;29359126703,"C=US, O=Let's Encrypt, CN=YR1"
rare.nih.gov,Yes,Yes,1,1,2026-05-04T16:31:01,2026-11-19T16:30:01,26312863070,"C=US, O=IdenTrust, OU=HydrantID Trusted Certificate Service, CN=HydrantID Server CA O1"
rarediseases-qa.ncats.nih.gov,Yes,Yes,1,1,2026-07-10T18:03:35,2027-01-25T18:02:35,27836694455,"C=US, O=IdenTrust, OU=HydrantID Trusted Certificate Service, CN=HydrantID Server CA O1"
rarediseases.info.nih.gov,Yes,Yes,2,1,2026-07-16T20:44:55,2027-02-14T19:59:05,28388501096;27992278721,"C=US, O=IdenTrust, OU=HydrantID Trusted Certificate Service, CN=HydrantID Server CA O1"
rasstg.nih.gov,Yes,Yes,1,1,2026-06-11T15:10:38,2026-12-27T15:09:38,27091090480,"C=US, O=IdenTrust, OU=HydrantID Trusted Certificate Service, CN=HydrantID Server CA O1"
rasstgb.nih.gov,No,Yes,1,1,2026-06-11T15:10:38,2026-12-27T15:09:38,27091090480,"C=US, O=IdenTrust, OU=HydrantID Trusted Certificate Service, CN=HydrantID Server CA O1"
rasstgp.nih.gov,No,Yes,1,1,2026-06-11T15:10:38,2026-12-27T15:09:38,27091090480,"C=US, O=IdenTrust, OU=HydrantID Trusted Certificate Service, CN=HydrantID Server CA O1"
rasstgpb.nih.gov,No,Yes,1,1,2026-06-11T15:10:38,2026-12-27T15:09:38,27091090480,"C=US, O=IdenTrust, OU=HydrantID Trusted Certificate Service, CN=HydrantID Server CA O1"
rcdc.od.nih.gov,Yes,Yes,1,1,2026-04-28T16:17:52,2026-11-13T16:16:52,26253282594,"C=US, O=IdenTrust, OU=HydrantID Trusted Certificate Service, CN=HydrantID Server CA O1"
rdas-prod.ncats.nih.gov,No,Yes,1,1,2025-10-02T17:22:03,2026-11-01T17:21:03,21423744766,"C=US, O=IdenTrust, OU=HydrantID Trusted Certificate Service, CN=HydrantID Server CA O1"
rdas.ncats.nih.gov,Yes,Yes,1,1,2025-10-02T17:22:03,2026-11-01T17:21:03,21423744766,"C=US, O=IdenTrust, OU=HydrantID Trusted Certificate Service, CN=HydrantID Server CA O1"
rdocdb.nimh.nih.gov,No,Yes,3,2,2025-12-11T20:08:43,2027-01-10T20:07:43,23060636338;26709251183;26754041236,"C=US, O=IdenTrust, OU=HydrantID Trusted Certificate Service, CN=HydrantID Server CA O1;C=US, O=Amazon, CN=Amazon RSA 2048 M04"
readi-qa.niaid.nih.gov,No,Yes,1,1,2026-04-28T12:38:15,2026-11-13T12:37:15,26251764462,"C=US, O=IdenTrust, OU=HydrantID Trusted Certificate Service, CN=HydrantID Server CA O1"
readi-xess-dev.niaid.nih.gov,No,Yes,1,1,2026-07-16T14:01:38,2027-01-31T14:00:38,27983954834,"C=US, O=IdenTrust, OU=HydrantID Trusted Certificate Service, CN=HydrantID Server CA O1"
readi.niaid.nih.gov,No,Yes,1,1,2026-05-07T13:46:01,2026-11-22T13:45:01,26383191444,"C=US, O=IdenTrust, OU=HydrantID Trusted Certificate Service, CN=HydrantID Server CA O1"
rec.nih.gov,Yes,Yes,1,1,2026-07-22T19:59:49,2027-02-06T19:58:49,28161801769,"C=US, O=IdenTrust, OU=HydrantID Trusted Certificate Service, CN=HydrantID Server CA O1"
receiver-test.niaid.nih.gov,Yes,Yes,1,1,2025-10-02T16:07:15,2026-11-01T16:06:15,21422530632,"C=US, O=IdenTrust, OU=HydrantID Trusted Certificate Service, CN=HydrantID Server CA O1"
receiver.niaid.nih.gov,Yes,Yes,1,1,2026-07-30T18:31:17,2027-02-14T18:30:17,28386798398,"C=US, O=IdenTrust, OU=HydrantID Trusted Certificate Service, CN=HydrantID Server CA O1"
redcap.cc.nih.gov,Yes,Yes,1,1,2026-08-04T00:00:00,2027-02-18T23:59:59,28536422112,"C=US, O=DigiCert Inc, CN=DigiCert Global G2 TLS RSA SHA256 2020 CA1"
redcap.ncats.nih.gov,Yes,Yes,1,1,2025-10-09T18:27:25,2026-11-08T18:26:25,21605759496,"C=US, O=IdenTrust, OU=HydrantID Trusted Certificate Service, CN=HydrantID Server CA O1"
redcap.nih.gov,Yes,Yes,2,1,2025-11-20T00:00:00,2026-11-19T23:59:59,22628107142;22975648265,"C=US, O=DigiCert Inc, CN=DigiCert Global G2 TLS RSA SHA256 2020 CA1"
redcap11.nih.gov,Yes,Yes,1,1,2026-06-16T00:00:00,2026-12-31T23:59:59,27242931122,"C=US, O=DigiCert Inc, CN=DigiCert Global G2 TLS RSA SHA256 2020 CA1"
redcaplink.cc.nih.gov,No,Yes,2,1,2026-05-15T00:00:00,2026-11-29T23:59:59,26351413780;26455402130,"C=US, O=DigiCert Inc, CN=DigiCert Global G2 TLS RSA SHA256 2020 CA1"
redcaplinksurvey.cc.nih.gov,No,Yes,2,1,2026-05-15T00:00:00,2026-11-29T23:59:59,26351413780;26455402130,"C=US, O=DigiCert Inc, CN=DigiCert Global G2 TLS RSA SHA256 2020 CA1"
redcapsurvey.niddk.nih.gov,Yes,Yes,2,1,2026-02-25T20:39:27,2027-03-28T15:15:23,24644047240;24658699502,"C=US, O=IdenTrust, OU=HydrantID Trusted Certificate Service, CN=HydrantID Server CA O1"
regionalseminars.od.nih.gov,Yes,Yes,1,1,2025-09-09T16:02:48,2026-10-09T16:01:48,20900923973,"C=US, O=IdenTrust, OU=HydrantID Trusted Certificate Service, CN=HydrantID Server CA O1"
registries.ncats.nih.gov,Yes,Yes,1,1,2026-01-21T21:23:16,2027-02-20T21:22:16,23905213778,"C=US, O=IdenTrust, OU=HydrantID Trusted Certificate Service, CN=HydrantID Server CA O1"
registry.ncats.nih.gov,Yes,Yes,1,1,2025-09-19T17:24:22,2026-10-19T17:23:22,21136737002,"C=US, O=IdenTrust, OU=HydrantID Trusted Certificate Service, CN=HydrantID Server CA O1"
remote.niehs.nih.gov,Yes,Yes,3,2,2025-11-13T00:00:00,2026-11-29T14:09:19,29197297684;22425909635;29196612753,"C=US, O=Let's Encrypt, CN=YR1;C=US, O=DigiCert Inc, CN=DigiCert Global G2 TLS RSA SHA256 2020 CA1"
remoteaccess.nlm.nih.gov,Yes,Yes,2,1,2026-05-21T00:00:00,2026-12-05T23:59:59,26597964483;26521628035,"C=US, O=DigiCert Inc, CN=DigiCert Global G2 TLS RSA SHA256 2020 CA1"
remoteaccesscb.nlm.nih.gov,Yes,Yes,2,1,2026-05-21T00:00:00,2026-12-05T23:59:59,26521858390;26598032262,"C=US, O=DigiCert Inc, CN=DigiCert Global G2 TLS RSA SHA256 2020 CA1"
remoteaccesspiv.nlm.nih.gov,Yes,Yes,2,1,2026-05-21T00:00:00,2026-12-05T23:59:59,26598008266;26521788943,"C=US, O=DigiCert Inc, CN=DigiCert Global G2 TLS RSA SHA256 2020 CA1"
remoteadc.niehs.nih.gov,Yes,Yes,3,2,2025-11-13T00:00:00,2026-11-23T19:03:06,29075382579;22425959122;29075336330,"C=US, O=Let's Encrypt, CN=YR1;C=US, O=DigiCert Inc, CN=DigiCert Global G2 TLS RSA SHA256 2020 CA1"
remoteithelp.niaid.nih.gov,Yes,Yes,1,1,2025-10-09T13:35:46,2026-11-08T13:34:46,21600208455,"C=US, O=IdenTrust, OU=HydrantID Trusted Certificate Service, CN=HydrantID Server CA O1"
remotepiv.niehs.nih.gov,Yes,Yes,3,2,2025-11-13T00:00:00,2026-11-23T19:18:51,29197033830;22425978490;29075549092,"C=US, O=DigiCert Inc, CN=DigiCert Global G2 TLS RSA SHA256 2020 CA1;C=US, O=Let's Encrypt, CN=YR2"
remotesupport.nlm.nih.gov,Yes,Yes,13,1,2026-06-11T00:00:00,2027-01-24T23:59:59,27807584735;27245355996;27807584003;27811478606;27834758705;27834711048;27811385793;27835529956;27807607683;27811719071;27087082710;27834711045;27812765751,"C=US, O=DigiCert Inc, CN=DigiCert Global G2 TLS RSA SHA256 2020 CA1"
renderer.ncats.nih.gov,Yes,Yes,1,1,2026-04-21T18:36:33,2026-11-06T18:35:33,26073468590,"C=US, O=IdenTrust, OU=HydrantID Trusted Certificate Service, CN=HydrantID Server CA O1"
renko.nmrf.nih.gov,Yes,Yes,1,1,2026-06-03T20:11:36,2026-12-19T20:10:36,26865065516,"C=US, O=IdenTrust, OU=HydrantID Trusted Certificate Service, CN=HydrantID Server CA O1"
reporter.nih.gov,Yes,Yes,1,1,2026-07-09T18:10:45,2027-01-24T18:09:45,27811821431,"C=US, O=IdenTrust, OU=HydrantID Trusted Certificate Service, CN=HydrantID Server CA O1"
repository.niddk.nih.gov,Yes,Yes,1,1,2026-05-13T19:31:50,2026-11-28T19:30:50,26435292994,"C=US, O=IdenTrust, OU=HydrantID Trusted Certificate Service, CN=HydrantID Server CA O1"
reqlog.niaid.nih.gov,No,Yes,1,1,2026-05-07T15:42:15,2026-11-22T15:41:15,26383830841,"C=US, O=IdenTrust, OU=HydrantID Trusted Certificate Service, CN=HydrantID Server CA O1"
research.nhgri.nih.gov,No,Yes,1,1,2026-07-30T15:20:49,2027-02-14T15:19:49,28382643329,"C=US, O=IdenTrust, OU=HydrantID Trusted Certificate Service, CN=HydrantID Server CA O1"
research.nih.gov,Yes,Yes,1,1,2026-05-04T16:31:18,2026-11-19T16:30:18,26312867738,"C=US, O=IdenTrust, OU=HydrantID Trusted Certificate Service, CN=HydrantID Server CA O1"
researchfestival.nih.gov,No,Yes,1,1,2026-06-30T00:00:00,2027-01-13T23:59:59,27586207860,"C=US, O=Amazon, CN=Amazon RSA 2048 M01"
researchtraining.nih.gov,Yes,Yes,1,1,2026-05-22T14:50:52,2026-12-07T14:49:52,26552286982,"C=US, O=IdenTrust, OU=HydrantID Trusted Certificate Service, CN=HydrantID Server CA O1"
reservations.nhlbi.nih.gov,Yes,Yes,1,1,2026-07-02T15:14:52,2027-01-17T15:13:52,27645255226,"C=US, O=IdenTrust, OU=HydrantID Trusted Certificate Service, CN=HydrantID Server CA O1"
reservedesk.niaid.nih.gov,No,Yes,2,1,2025-10-21T12:45:15,2026-11-20T12:44:15,25315440586;21884490384,"C=US, O=IdenTrust, OU=HydrantID Trusted Certificate Service, CN=HydrantID Server CA O1"
resolver.ncats.nih.gov,Yes,Yes,1,1,2026-07-06T20:59:47,2027-01-21T20:58:47,27741223319,"C=US, O=IdenTrust, OU=HydrantID Trusted Certificate Service, CN=HydrantID Server CA O1"
rest-nisar.niaid.nih.gov,No,Yes,1,1,2026-04-28T12:48:47,2026-11-13T12:47:47,26251830263,"C=US, O=IdenTrust, OU=HydrantID Trusted Certificate Service, CN=HydrantID Server CA O1"
restorepoint.od.nih.gov,Yes,Yes,1,1,2026-05-22T19:08:22,2026-12-07T19:07:22,26557321327,"C=US, O=IdenTrust, OU=HydrantID Trusted Certificate Service, CN=HydrantID Server CA O1"
rethinkingdrinking.niaaa.nih.gov,Yes,Yes,11,4,2026-07-22T11:52:38,2026-12-18T16:40:41,28152947019;28152905774;28153202675;29640874457;28153202818;29641019448;29641080947;28153200499;28152906584;28152913953;28153200120,"C=US, O=Let's Encrypt, CN=YR1;C=US, O=Let's Encrypt, CN=YE1;C=US, O=Let's Encrypt, CN=YE2;C=US, O=Let's Encrypt, CN=YR2"
retseq.nei.nih.gov,Yes,Yes,1,1,2026-04-21T22:54:51,2026-11-06T22:53:51,26078218729,"C=US, O=IdenTrust, OU=HydrantID Trusted Certificate Service, CN=HydrantID Server CA O1"
rfi.grants.nih.gov,Yes,Yes,1,1,2025-12-15T15:14:41,2027-01-14T15:13:41,23136087635,"C=US, O=IdenTrust, OU=HydrantID Trusted Certificate Service, CN=HydrantID Server CA O1"
ribs.niaid.nih.gov,No,Yes,1,1,2026-07-12T19:05:12,2027-01-27T19:04:12,27880603846,"C=US, O=IdenTrust, OU=HydrantID Trusted Certificate Service, CN=HydrantID Server CA O1"
rims-api-azure.niaid.nih.gov,Yes,Yes,3,1,2026-04-23T00:00:00,2027-02-15T23:59:59,28804926875;25708858110;25797067372,"C=US, O=DigiCert Inc, OU=www.digicert.com, CN=GeoTrust TLS RSA CA G1"
rims-api-uat.niaid.nih.gov,Yes,Yes,2,1,2026-06-08T00:00:00,2026-12-08T23:59:59,27274146941;26999104588,"C=US, O=DigiCert Inc, OU=www.digicert.com, CN=GeoTrust TLS RSA CA G1"
rims-azure.niaid.nih.gov,Yes,Yes,3,1,2026-04-24T00:00:00,2027-02-16T23:59:59,28821049776;25805855524;25750891402,"C=US, O=DigiCert Inc, OU=www.digicert.com, CN=GeoTrust TLS RSA CA G1"
rims-dev-api.niaid.nih.gov,Yes,Yes,2,1,2026-06-16T00:00:00,2026-12-16T23:59:59,27330018523;27244248439,"C=US, O=DigiCert Inc, OU=www.digicert.com, CN=GeoTrust TLS RSA CA G1"
rims-dev.niaid.nih.gov,Yes,Yes,2,1,2026-06-16T00:00:00,2026-12-16T23:59:59,27244225426;27330018672,"C=US, O=DigiCert Inc, OU=www.digicert.com, CN=GeoTrust TLS RSA CA G1"
rims-qa-api.niaid.nih.gov,Yes,Yes,1,1,2026-07-17T00:00:00,2027-01-17T23:59:59,28000878262,"C=US, O=DigiCert Inc, OU=www.digicert.com, CN=GeoTrust TLS RSA CA G1"
rims-qa.niaid.nih.gov,Yes,Yes,1,1,2026-06-29T00:00:00,2026-12-29T23:59:59,27556734169,"C=US, O=DigiCert Inc, OU=www.digicert.com, CN=GeoTrust TLS RSA CA G1"
rims-uat.niaid.nih.gov,Yes,Yes,2,1,2026-06-10T00:00:00,2026-12-10T23:59:59,27058595137;27366396918,"C=US, O=DigiCert Inc, OU=www.digicert.com, CN=GeoTrust TLS RSA CA G1"
rims.niaid.nih.gov,Yes,Yes,2,1,2026-06-22T00:00:00,2026-12-22T23:59:59,27398208705;27398178886,"C=US, O=DigiCert Inc, OU=www.digicert.com, CN=GeoTrust TLS RSA CA G1"
rml-teams-sba.nih.gov,Yes,Yes,2,1,2026-03-06T00:00:00,2027-03-06T23:59:59,24825651311;24825650698,"C=CA, O=Entrust Limited, CN=Entrust OV TLS Issuing RSA CA 2"
rml-ucc-mstcsr-a.net.nih.gov,Yes,Yes,2,1,2026-03-06T00:00:00,2027-03-06T23:59:59,24825561543;24825560835,"C=CA, O=Entrust Limited, CN=Entrust OV TLS Issuing RSA CA 2"
rmlaccess.niaid.nih.gov,No,Yes,2,1,2025-10-02T15:54:05,2026-11-07T22:14:52,21582840129;21422326154,"C=US, O=IdenTrust, OU=HydrantID Trusted Certificate Service, CN=HydrantID Server CA O1"
rmlanimals.niaid.nih.gov,No,Yes,1,1,2025-09-26T18:05:54,2026-10-26T18:04:54,21295271593,"C=US, O=IdenTrust, OU=HydrantID Trusted Certificate Service, CN=HydrantID Server CA O1"
rmlbiomed.niaid.nih.gov,Yes,Yes,1,1,2026-01-08T16:55:04,2027-02-07T16:54:04,23636411635,"C=US, O=IdenTrust, OU=HydrantID Trusted Certificate Service, CN=HydrantID Server CA O1"
rmlbufferlog.niaid.nih.gov,No,Yes,1,1,2025-09-26T18:05:54,2026-10-26T18:04:54,21295271593,"C=US, O=IdenTrust, OU=HydrantID Trusted Certificate Service, CN=HydrantID Server CA O1"
rmlflexnet.niaid.nih.gov,No,Yes,1,1,2026-06-15T18:56:15,2026-12-31T18:55:15,27212944649,"C=US, O=IdenTrust, OU=HydrantID Trusted Certificate Service, CN=HydrantID Server CA O1"
rmlhistoform.niaid.nih.gov,No,Yes,1,1,2025-09-26T18:05:54,2026-10-26T18:04:54,21295271593,"C=US, O=IdenTrust, OU=HydrantID Trusted Certificate Service, CN=HydrantID Server CA O1"
rmlkeys-qa.niaid.nih.gov,No,Yes,3,1,2025-10-02T16:38:22,2026-11-06T01:02:19,21533856641;21423057584;21529084167,"C=US, O=IdenTrust, OU=HydrantID Trusted Certificate Service, CN=HydrantID Server CA O1"
rmlkeys.niaid.nih.gov,No,Yes,1,1,2025-09-29T19:53:13,2026-10-29T19:52:13,21353874944,"C=US, O=IdenTrust, OU=HydrantID Trusted Certificate Service, CN=HydrantID Server CA O1"
rmlmedia.niaid.nih.gov,No,Yes,1,1,2025-09-26T18:05:54,2026-10-26T18:04:54,21295271593,"C=US, O=IdenTrust, OU=HydrantID Trusted Certificate Service, CN=HydrantID Server CA O1"
rmlscc.niaid.nih.gov,No,Yes,1,1,2025-09-26T18:05:54,2026-10-26T18:04:54,21295271593,"C=US, O=IdenTrust, OU=HydrantID Trusted Certificate Service, CN=HydrantID Server CA O1"
rmlstockroom.niaid.nih.gov,No,Yes,1,1,2025-09-26T18:05:54,2026-10-26T18:04:54,21295271593,"C=US, O=IdenTrust, OU=HydrantID Trusted Certificate Service, CN=HydrantID Server CA O1"
rmltraining.niaid.nih.gov,No,Yes,1,1,2025-09-26T18:05:54,2026-10-26T18:04:54,21295271593,"C=US, O=IdenTrust, OU=HydrantID Trusted Certificate Service, CN=HydrantID Server CA O1"
rmlvbcams.niaid.nih.gov,No,Yes,1,1,2025-09-26T18:05:54,2026-10-26T18:04:54,21295271593,"C=US, O=IdenTrust, OU=HydrantID Trusted Certificate Service, CN=HydrantID Server CA O1"
rnai.nih.gov,Yes,Yes,1,1,2025-10-02T17:22:47,2026-11-01T17:21:47,21423758112,"C=US, O=IdenTrust, OU=HydrantID Trusted Certificate Service, CN=HydrantID Server CA O1"
rock-vpn-pri.niaid.nih.gov,Yes,Yes,1,1,2025-11-19T16:56:09,2026-12-19T16:55:09,22595098867,"C=US, O=IdenTrust, OU=HydrantID Trusted Certificate Service, CN=HydrantID Server CA O1"
rockmaker.niehs.nih.gov,Yes,Yes,1,1,2025-12-24T00:00:00,2026-12-23T23:59:59,23340372404,"C=US, O=DigiCert Inc, CN=DigiCert Global G2 TLS RSA SHA256 2020 CA1"
ros.nia.nih.gov,Yes,Yes,2,1,2026-06-03T00:00:00,2026-12-17T23:59:59,26965874684;26845189745,"C=US, O=Amazon, CN=Amazon RSA 2048 M01"
rpaweb1.csr.nih.gov,Yes,Yes,1,1,2026-05-28T17:33:36,2026-12-13T17:32:36,26712360127,"C=US, O=IdenTrust, OU=HydrantID Trusted Certificate Service, CN=HydrantID Server CA O1"
rpcdev-el9.nhgri.nih.gov,No,Yes,1,1,2026-01-06T15:08:31,2027-02-05T15:07:31,23589540294,"C=US, O=IdenTrust, OU=HydrantID Trusted Certificate Service, CN=HydrantID Server CA O1"
rprmprod.niaid.nih.gov,Yes,Yes,3,1,2025-10-24T17:40:57,2026-11-23T19:38:30,21976059143;21976453583;21975212900,"C=US, O=IdenTrust, OU=HydrantID Trusted Certificate Service, CN=HydrantID Server CA O1"
rsb.info.nih.gov,Yes,Yes,1,1,2026-08-10T19:24:16,2027-02-25T19:23:16,28715803417,"C=US, O=IdenTrust, OU=HydrantID Trusted Certificate Service, CN=HydrantID Server CA O1"
rsbweb.nih.gov,Yes,Yes,1,1,2026-08-10T19:24:33,2027-02-25T19:23:33,28715805029,"C=US, O=IdenTrust, OU=HydrantID Trusted Certificate Service, CN=HydrantID Server CA O1"
rsc-api.ncats.nih.gov,Yes,Yes,1,1,2025-10-09T18:30:19,2026-11-08T18:29:19,21605812528,"C=US, O=IdenTrust, OU=HydrantID Trusted Certificate Service, CN=HydrantID Server CA O1"
rsc-dev.niaid.nih.gov,Yes,Yes,1,1,2026-08-03T19:03:11,2027-02-18T19:02:11,28501904600,"C=US, O=IdenTrust, OU=HydrantID Trusted Certificate Service, CN=HydrantID Server CA O1"
rsc-prod.niaid.nih.gov,No,Yes,1,1,2026-08-03T18:59:15,2027-02-18T18:58:15,28501848772,"C=US, O=IdenTrust, OU=HydrantID Trusted Certificate Service, CN=HydrantID Server CA O1"
rsc-staging.niaid.nih.gov,No,Yes,1,1,2026-08-03T19:03:11,2027-02-18T19:02:11,28501904600,"C=US, O=IdenTrust, OU=HydrantID Trusted Certificate Service, CN=HydrantID Server CA O1"
rsc.ncats.nih.gov,Yes,Yes,1,1,2025-10-09T18:29:21,2026-11-08T18:28:21,21605794099,"C=US, O=IdenTrust, OU=HydrantID Trusted Certificate Service, CN=HydrantID Server CA O1"
rsc.niaid.nih.gov,Yes,Yes,1,1,2026-08-03T18:59:15,2027-02-18T18:58:15,28501848772,"C=US, O=IdenTrust, OU=HydrantID Trusted Certificate Service, CN=HydrantID Server CA O1"
rsng.nhlbi.nih.gov,No,Yes,1,1,2026-06-12T17:23:42,2026-12-28T17:22:42,27128788628,"C=US, O=IdenTrust, OU=HydrantID Trusted Certificate Service, CN=HydrantID Server CA O1"
rstudio.niehs.nih.gov,Yes,Yes,1,1,2026-06-22T21:22:00,2027-01-07T21:21:00,27405094166,"C=US, O=IdenTrust, OU=HydrantID Trusted Certificate Service, CN=HydrantID Server CA O1"
rtblims-dev.niaid.nih.gov,Yes,Yes,1,1,2026-03-24T17:26:19,2026-10-09T17:25:19,25196707891,"C=US, O=IdenTrust, OU=HydrantID Trusted Certificate Service, CN=HydrantID Server CA O1"
rtblims-qa.niaid.nih.gov,Yes,Yes,1,1,2026-03-24T18:01:32,2026-10-09T18:00:32,25197220111,"C=US, O=IdenTrust, OU=HydrantID Trusted Certificate Service, CN=HydrantID Server CA O1"
rtblims.niaid.nih.gov,Yes,Yes,1,1,2026-05-26T19:03:28,2026-12-11T19:02:28,26662040012,"C=US, O=IdenTrust, OU=HydrantID Trusted Certificate Service, CN=HydrantID Server CA O1"
rtp104-nih-intdns-w120.net.nih.gov,Yes,Yes,1,1,2026-06-02T19:25:17,2026-12-18T19:24:17,26835484388,"C=US, O=IdenTrust, OU=HydrantID Trusted Certificate Service, CN=HydrantID Server CA O1"
s10reports.od.nih.gov,Yes,Yes,1,1,2026-04-30T19:00:06,2026-11-15T18:59:06,26272276416,"C=US, O=IdenTrust, OU=HydrantID Trusted Certificate Service, CN=HydrantID Server CA O1"
saavi.nih.gov,Yes,Yes,1,1,2025-11-17T19:28:27,2026-12-17T19:27:27,22545410386,"C=US, O=IdenTrust, OU=HydrantID Trusted Certificate Service, CN=HydrantID Server CA O1"
safetyprofiler-ctep.nci.nih.gov,Yes,Yes,1,1,2026-07-01T18:31:06,2027-01-16T18:30:06,27624060553,"C=US, O=IdenTrust, OU=HydrantID Trusted Certificate Service, CN=HydrantID Server CA O1"
safetyprofilerqa-ctep.nci.nih.gov,Yes,Yes,1,1,2026-01-28T17:06:08,2027-02-27T17:05:08,24039488527,"C=US, O=IdenTrust, OU=HydrantID Trusted Certificate Service, CN=HydrantID Server CA O1"
salud.nih.gov,No,Yes,2,1,2026-02-05T15:04:58,2027-02-15T15:47:15,24204343221;24825540855,"C=US, ST=Arizona, L=Scottsdale, O=""GoDaddy.com, Inc."", OU=http://certs.godaddy.com/repository/, CN=Go Daddy Secure Certificate Authority - G2"
salud.ors.od.nih.gov,Yes,Yes,1,1,2026-08-12T19:41:09,2027-02-27T19:40:09,28774046228,"C=US, O=IdenTrust, OU=HydrantID Trusted Certificate Service, CN=HydrantID Server CA O1"
san-2-s12.tlsprovisioning.exacttarget.com,Yes,No,2,1,2026-01-21T00:00:00,2027-02-21T23:59:59,23894495499;24013782981,"C=US, O=DigiCert Inc, CN=DigiCert Global G2 TLS RSA SHA256 2020 CA1"
san-27-s13.tlsprovisioning.exacttarget.com,Yes,No,2,1,2025-12-10T00:00:00,2027-01-07T23:59:59,23020697756;23022622195,"C=US, O=DigiCert Inc, CN=DigiCert Global G2 TLS RSA SHA256 2020 CA1"
sara.niaid.nih.gov,Yes,Yes,1,1,2026-04-28T16:48:01,2026-11-13T16:47:01,26253656830,"C=US, O=IdenTrust, OU=HydrantID Trusted Certificate Service, CN=HydrantID Server CA O1"
saragwvs-test.niaid.nih.gov,Yes,Yes,1,1,2025-10-07T16:39:59,2026-11-06T16:38:59,21551442353,"C=US, O=IdenTrust, OU=HydrantID Trusted Certificate Service, CN=HydrantID Server CA O1"
saragwvs.niaid.nih.gov,Yes,Yes,1,1,2025-10-02T16:02:53,2026-11-01T16:01:53,21422455071,"C=US, O=IdenTrust, OU=HydrantID Trusted Certificate Service, CN=HydrantID Server CA O1"
sarans-test.niaid.nih.gov,Yes,Yes,2,1,2025-10-08T16:55:09,2027-02-15T23:23:25,21577618421;23810283726,"C=US, O=IdenTrust, OU=HydrantID Trusted Certificate Service, CN=HydrantID Server CA O1"
sarans.niaid.nih.gov,Yes,Yes,1,1,2025-10-02T17:15:39,2026-11-01T17:14:39,21423641184,"C=US, O=IdenTrust, OU=HydrantID Trusted Certificate Service, CN=HydrantID Server CA O1"
sarasf-test.niaid.nih.gov,Yes,Yes,1,1,2025-10-07T16:44:00,2026-11-06T16:43:00,21551514461,"C=US, O=IdenTrust, OU=HydrantID Trusted Certificate Service, CN=HydrantID Server CA O1"
sarasf.niaid.nih.gov,Yes,Yes,1,1,2025-10-02T16:41:38,2026-11-01T16:40:38,21423105012,"C=US, O=IdenTrust, OU=HydrantID Trusted Certificate Service, CN=HydrantID Server CA O1"
sardinia.grc.nia.nih.gov,No,Yes,1,1,2026-01-29T00:00:00,2027-01-28T23:59:59,24048841990,"C=US, O=DigiCert Inc, CN=DigiCert Global G2 TLS RSA SHA256 2020 CA1"
sardinia.nia.nih.gov,No,Yes,1,1,2026-01-29T00:00:00,2027-01-28T23:59:59,24048841990,"C=US, O=DigiCert Inc, CN=DigiCert Global G2 TLS RSA SHA256 2020 CA1"
sb.biodatacatalyst.nhlbi.nih.gov,Yes,Yes,5,1,2025-10-31T22:03:46,2027-01-14T16:19:11,22890900081;22126996921;23137102742;23136344850;23041994910,"C=US, O=IdenTrust, OU=HydrantID Trusted Certificate Service, CN=HydrantID Server CA O1"
sbir.nih.gov,Yes,Yes,1,1,2026-07-08T17:57:32,2027-01-23T17:56:32,27787288873,"C=US, O=IdenTrust, OU=HydrantID Trusted Certificate Service, CN=HydrantID Server CA O1"
sbx.era.nih.gov,Yes,Yes,1,1,2026-04-28T14:45:45,2026-11-12T14:45:45,26107540592,"C=US, ST=Arizona, L=Scottsdale, O=""GoDaddy.com, Inc."", OU=http://certs.godaddy.com/repository/, CN=Go Daddy Secure Certificate Authority - G2"
scclis.cc.nih.gov,No,Yes,1,1,2025-10-27T00:00:00,2026-11-04T23:59:59,22043259528,"C=US, O=DigiCert Inc, CN=DigiCert Global G2 TLS RSA SHA256 2020 CA1"
schare-repository.nimhd.nih.gov,Yes,Yes,1,1,2025-10-28T13:59:41,2026-11-27T13:58:41,22063009860,"C=US, O=IdenTrust, OU=HydrantID Trusted Certificate Service, CN=HydrantID Server CA O1"
schare.nimhd.nih.gov,Yes,Yes,1,1,2026-04-09T13:15:44,2026-10-25T13:14:44,25693962791,"C=US, O=IdenTrust, OU=HydrantID Trusted Certificate Service, CN=HydrantID Server CA O1"
schedule.cc.nih.gov,Yes,Yes,2,1,2025-09-30T00:00:00,2026-10-23T23:59:59,21377051429;21378660190,"C=US, O=DigiCert Inc, CN=DigiCert Global G2 TLS RSA SHA256 2020 CA1"
scheduler.ors.od.nih.gov,Yes,Yes,1,1,2025-10-20T20:55:39,2026-11-19T20:54:39,21863085148,"C=US, O=IdenTrust, OU=HydrantID Trusted Certificate Service, CN=HydrantID Server CA O1"
sci-monitor.dali.hpc.ncats.nih.gov,No,Yes,1,1,2025-10-02T17:23:37,2026-11-01T17:22:37,21423773546,"C=US, O=IdenTrust, OU=HydrantID Trusted Certificate Service, CN=HydrantID Server CA O1"
sci-monitor.ncats.nih.gov,Yes,Yes,1,1,2025-10-02T17:23:37,2026-11-01T17:22:37,21423773546,"C=US, O=IdenTrust, OU=HydrantID Trusted Certificate Service, CN=HydrantID Server CA O1"
science-test.nichd.nih.gov,No,Yes,1,1,2026-08-20T20:03:28,2027-03-07T20:02:28,28865872787,"C=US, O=IdenTrust, OU=HydrantID Trusted Certificate Service, CN=HydrantID Server CA O1"
science.education.nih.gov,Yes,Yes,1,1,2026-06-17T16:33:32,2027-01-02T16:32:32,27266264619,"C=US, O=IdenTrust, OU=HydrantID Trusted Certificate Service, CN=HydrantID Server CA O1"
science.nichd.nih.gov,No,Yes,1,1,2026-08-20T20:03:47,2027-03-07T20:02:47,28865872753,"C=US, O=IdenTrust, OU=HydrantID Trusted Certificate Service, CN=HydrantID Server CA O1"
scirpt-prod.niaid.nih.gov,No,Yes,1,1,2025-09-26T17:56:34,2026-10-26T17:55:34,21295123782,"C=US, O=IdenTrust, OU=HydrantID Trusted Certificate Service, CN=HydrantID Server CA O1"
scirpt.niaid.nih.gov,No,Yes,1,1,2026-07-12T19:05:12,2027-01-27T19:04:12,27880603846,"C=US, O=IdenTrust, OU=HydrantID Trusted Certificate Service, CN=HydrantID Server CA O1"
scirptdev.niaid.nih.gov,No,Yes,1,1,2026-05-07T15:42:15,2026-11-22T15:41:15,26383830841,"C=US, O=IdenTrust, OU=HydrantID Trusted Certificate Service, CN=HydrantID Server CA O1"
scm.apim.niaid.nih.gov,No,Yes,1,1,2026-02-24T17:45:32,2027-03-26T17:44:32,24621543206,"C=US, O=IdenTrust, OU=HydrantID Trusted Certificate Service, CN=HydrantID Server CA O1"
scm.apimdev.niaid.nih.gov,No,Yes,2,1,2025-11-05T19:14:42,2026-12-05T19:14:00,22235441894;22235441438,"C=US, O=IdenTrust, OU=HydrantID Trusted Certificate Service, CN=HydrantID Server CA O1"
scm.apimqa.niaid.nih.gov,No,Yes,1,1,2026-03-27T21:23:02,2026-10-12T21:22:02,25260787414,"C=US, O=IdenTrust, OU=HydrantID Trusted Certificate Service, CN=HydrantID Server CA O1"
scm.nhlbi-apim-prod.nhlbi.nih.gov,No,Yes,1,1,2026-02-20T17:50:41,2027-03-22T17:49:41,24538331423,"C=US, O=IdenTrust, OU=HydrantID Trusted Certificate Service, CN=HydrantID Server CA O1"
scmpdfext.cc.nih.gov,Yes,Yes,2,1,2025-12-15T00:00:00,2027-01-06T23:59:59,23141308154;23140441114,"C=US, O=DigiCert Inc, CN=DigiCert Global G2 TLS RSA SHA256 2020 CA1"
scors-prod.niaid.nih.gov,No,Yes,1,1,2025-09-26T17:56:34,2026-10-26T17:55:34,21295123782,"C=US, O=IdenTrust, OU=HydrantID Trusted Certificate Service, CN=HydrantID Server CA O1"
scors.niaid.nih.gov,No,Yes,1,1,2026-07-12T19:05:12,2027-01-27T19:04:12,27880603846,"C=US, O=IdenTrust, OU=HydrantID Trusted Certificate Service, CN=HydrantID Server CA O1"
scorsdev.niaid.nih.gov,No,Yes,1,1,2026-05-07T15:42:15,2026-11-22T15:41:15,26383830841,"C=US, O=IdenTrust, OU=HydrantID Trusted Certificate Service, CN=HydrantID Server CA O1"
scorses.niaid.nih.gov,No,Yes,1,1,2026-07-12T19:05:12,2027-01-27T19:04:12,27880603846,"C=US, O=IdenTrust, OU=HydrantID Trusted Certificate Service, CN=HydrantID Server CA O1"
sdminutes.nih.gov,Yes,Yes,1,1,2026-01-21T21:19:16,2027-02-20T21:18:16,23905173345,"C=US, O=IdenTrust, OU=HydrantID Trusted Certificate Service, CN=HydrantID Server CA O1"
search.dev.repository.niddk.nih.gov,Yes,Yes,1,1,2026-07-28T19:18:47,2027-02-12T19:17:47,28328957926,"C=US, O=IdenTrust, OU=HydrantID Trusted Certificate Service, CN=HydrantID Server CA O1"
search.grants.nih.gov,Yes,Yes,1,1,2026-04-28T16:19:41,2026-11-13T16:18:41,26253313079,"C=US, O=IdenTrust, OU=HydrantID Trusted Certificate Service, CN=HydrantID Server CA O1"
search.niddk.nih.gov,Yes,Yes,1,1,2026-07-31T21:00:36,2027-02-15T20:59:36,28418079240,"C=US, O=IdenTrust, OU=HydrantID Trusted Certificate Service, CN=HydrantID Server CA O1"
search.repository.niddk.nih.gov,Yes,Yes,1,1,2026-08-18T17:48:53,2027-03-05T17:47:53,28843300410,"C=US, O=IdenTrust, OU=HydrantID Trusted Certificate Service, CN=HydrantID Server CA O1"
searchext.ncats.nih.gov,Yes,Yes,1,1,2026-04-01T17:34:51,2026-10-17T17:33:51,25315289076,"C=US, O=IdenTrust, OU=HydrantID Trusted Certificate Service, CN=HydrantID Server CA O1"
secmgrweb.nih.gov,Yes,Yes,1,1,2025-11-17T19:31:15,2026-12-17T19:30:15,22545443682,"C=US, O=IdenTrust, OU=HydrantID Trusted Certificate Service, CN=HydrantID Server CA O1"
secops.nih.gov,Yes,Yes,1,1,2025-09-16T17:25:36,2026-10-16T17:24:36,21062216447,"C=US, O=IdenTrust, OU=HydrantID Trusted Certificate Service, CN=HydrantID Server CA O1"
secretmgr.niaid.nih.gov,Yes,Yes,2,1,2026-07-23T15:37:56,2027-03-01T13:52:26,28185251162;28798080351,"C=US, O=IdenTrust, OU=HydrantID Trusted Certificate Service, CN=HydrantID Server CA O1"
secretserver.nichd.nih.gov,Yes,Yes,1,1,2026-08-13T20:03:59,2027-02-28T20:02:59,28788047325,"C=US, O=IdenTrust, OU=HydrantID Trusted Certificate Service, CN=HydrantID Server CA O1"
secureemail.nih.gov,Yes,Yes,1,1,2026-01-07T16:03:24,2027-02-06T16:02:24,23612006979,"C=US, O=IdenTrust, OU=HydrantID Trusted Certificate Service, CN=HydrantID Server CA O1"
securefoia.nih.gov,Yes,Yes,1,1,2026-08-25T10:07:46,2026-11-23T10:07:46,29182295841,"C=BE, O=GlobalSign nv-sa, CN=GlobalSign Atlas R46 DV TLS CA 2026 Q3"
security.nih.gov,Yes,Yes,1,1,2026-08-06T20:17:26,2027-02-21T20:16:26,28598513636,"C=US, O=IdenTrust, OU=HydrantID Trusted Certificate Service, CN=HydrantID Server CA O1"
sedfitsedphat.nibib.nih.gov,Yes,Yes,1,1,2026-01-09T22:19:34,2027-02-08T22:18:34,23665400837,"C=US, O=IdenTrust, OU=HydrantID Trusted Certificate Service, CN=HydrantID Server CA O1"
seed.nih.gov,Yes,Yes,1,1,2025-12-15T15:11:48,2027-01-14T15:10:48,23136036734,"C=US, O=IdenTrust, OU=HydrantID Trusted Certificate Service, CN=HydrantID Server CA O1"
seek.niehs.nih.gov,Yes,Yes,3,2,2025-11-19T00:00:00,2026-11-18T23:59:59,28713813610;28713816933;22596167826,"C=US, O=Let's Encrypt, CN=YR1;C=US, O=DigiCert Inc, CN=DigiCert Global G2 TLS RSA SHA256 2020 CA1"
segrewiki.nhgri.nih.gov,No,Yes,1,1,2025-10-15T00:00:00,2026-11-13T23:59:59,21740629482,"C=US, O=Amazon, CN=Amazon RSA 2048 M01"
sensus.niaid.nih.gov,Yes,Yes,2,1,2025-10-14T15:12:13,2026-11-19T16:08:08,21857680609;21716922692,"C=US, O=IdenTrust, OU=HydrantID Trusted Certificate Service, CN=HydrantID Server CA O1"
sensusreports.niaid.nih.gov,Yes,Yes,1,1,2026-08-21T20:44:42,2027-03-08T20:43:42,28894811808,"C=US, O=IdenTrust, OU=HydrantID Trusted Certificate Service, CN=HydrantID Server CA O1"
sentry-iam.cit.nih.gov,Yes,Yes,1,1,2025-12-12T18:33:15,2027-01-11T18:32:15,23079228408,"C=US, O=IdenTrust, OU=HydrantID Trusted Certificate Service, CN=HydrantID Server CA O1"
seqr-vip.niaid.nih.gov,No,Yes,1,1,2025-10-21T14:14:11,2026-11-20T14:13:11,21886551351,"C=US, O=IdenTrust, OU=HydrantID Trusted Certificate Service, CN=HydrantID Server CA O1"
seqr.niaid.nih.gov,Yes,Yes,1,1,2025-10-21T14:14:11,2026-11-20T14:13:11,21886551351,"C=US, O=IdenTrust, OU=HydrantID Trusted Certificate Service, CN=HydrantID Server CA O1"
sequoia.nci.nih.gov,Yes,Yes,2,1,2026-07-22T15:17:06,2026-10-20T15:17:05,28157248131;28157246836,"C=US, O=Let's Encrypt, CN=YE1"
service-dev1.nci.nih.gov,Yes,Yes,3,2,2026-07-19T12:01:17,2026-12-16T14:02:44,28064583321;28064577330;29514785191,"C=US, O=Let's Encrypt, CN=YR1;C=US, O=Let's Encrypt, CN=YR2"
service-sandbox.nci.nih.gov,No,Yes,1,1,2026-09-05T18:32:19,2026-12-04T18:32:18,29379586485,"C=US, O=Let's Encrypt, CN=YR2"
service-stage.nci.nih.gov,Yes,Yes,2,1,2026-07-22T10:00:47,2026-10-20T10:00:46,28150754700;28150740673,"C=US, O=Let's Encrypt, CN=YR1"
service-test.nci.nih.gov,Yes,Yes,2,1,2026-07-22T10:00:43,2026-10-20T10:00:42,28150745455;28150739157,"C=US, O=Let's Encrypt, CN=YR2"
serviceroadmap.cit.nih.gov,Yes,Yes,1,1,2026-05-12T18:47:02,2026-11-27T18:46:02,26425427015,"C=US, O=IdenTrust, OU=HydrantID Trusted Certificate Service, CN=HydrantID Server CA O1"
services.external.dev.era.nih.gov,Yes,Yes,1,1,2025-09-19T17:59:03,2026-10-19T17:58:03,21137315320,"C=US, O=IdenTrust, OU=HydrantID Trusted Certificate Service, CN=HydrantID Server CA O1"
services.external.era.nih.gov,Yes,Yes,1,1,2026-07-09T18:10:23,2027-01-24T18:09:23,27811818955,"C=US, O=IdenTrust, OU=HydrantID Trusted Certificate Service, CN=HydrantID Server CA O1"
services.external.sbx.era.nih.gov,Yes,Yes,1,1,2026-07-08T20:41:55,2027-01-23T20:40:55,27789852962,"C=US, O=IdenTrust, OU=HydrantID Trusted Certificate Service, CN=HydrantID Server CA O1"
services.external.stage.era.nih.gov,Yes,Yes,1,1,2025-09-16T19:54:18,2026-10-16T19:53:18,21065015780,"C=US, O=IdenTrust, OU=HydrantID Trusted Certificate Service, CN=HydrantID Server CA O1"
services.external.test.era.nih.gov,Yes,Yes,1,1,2025-09-16T19:54:45,2026-10-16T19:53:45,21065016773,"C=US, O=IdenTrust, OU=HydrantID Trusted Certificate Service, CN=HydrantID Server CA O1"
services.internal.dev.era.nih.gov,Yes,Yes,1,1,2025-09-19T17:59:06,2026-10-19T17:58:06,21137315648,"C=US, O=IdenTrust, OU=HydrantID Trusted Certificate Service, CN=HydrantID Server CA O1"
services.internal.era.nih.gov,Yes,Yes,1,1,2026-05-18T18:48:11,2026-12-03T18:47:11,26495053794,"C=US, O=IdenTrust, OU=HydrantID Trusted Certificate Service, CN=HydrantID Server CA O1"
services.internal.sbx.era.nih.gov,Yes,Yes,1,1,2026-07-08T20:41:17,2027-01-23T20:40:17,27789840431,"C=US, O=IdenTrust, OU=HydrantID Trusted Certificate Service, CN=HydrantID Server CA O1"
services.internal.stage.era.nih.gov,Yes,Yes,1,1,2026-06-22T21:23:43,2027-01-07T21:22:43,27405114337,"C=US, O=IdenTrust, OU=HydrantID Trusted Certificate Service, CN=HydrantID Server CA O1"
services.internal.test.era.nih.gov,Yes,Yes,1,1,2026-08-04T19:21:31,2027-02-19T19:20:31,28534696961,"C=US, O=IdenTrust, OU=HydrantID Trusted Certificate Service, CN=HydrantID Server CA O1"
services.internal.uat.era.nih.gov,Yes,Yes,1,1,2026-08-04T19:21:54,2027-02-19T19:20:54,28534697390,"C=US, O=IdenTrust, OU=HydrantID Trusted Certificate Service, CN=HydrantID Server CA O1"
ses2-prod.niaid.nih.gov,No,Yes,1,1,2025-09-26T17:56:34,2026-10-26T17:55:34,21295123782,"C=US, O=IdenTrust, OU=HydrantID Trusted Certificate Service, CN=HydrantID Server CA O1"
ses2dev.niaid.nih.gov,No,Yes,1,1,2026-05-07T15:42:15,2026-11-22T15:41:15,26383830841,"C=US, O=IdenTrust, OU=HydrantID Trusted Certificate Service, CN=HydrantID Server CA O1"
set-architect-api.n3c.ncats.nih.gov,Yes,Yes,1,1,2026-05-20T17:57:34,2026-12-05T17:56:34,26512561559,"C=US, O=IdenTrust, OU=HydrantID Trusted Certificate Service, CN=HydrantID Server CA O1"
set-architect.n3c.ncats.nih.gov,Yes,Yes,1,1,2026-05-15T17:13:53,2026-11-30T17:12:53,26453093189,"C=US, O=IdenTrust, OU=HydrantID Trusted Certificate Service, CN=HydrantID Server CA O1"
sexandgendercourse.od.nih.gov,Yes,Yes,7,3,2026-07-21T21:27:55,2026-12-18T09:31:37,29603943303;29603899857;28135777410;28135773184;29603626493;28135768539;28135780716,"C=US, O=Let's Encrypt, CN=YR1;C=US, O=Let's Encrypt, CN=YR2;C=US, O=Let's Encrypt, CN=YE1"
sftp.radx-hub.nih.gov,Yes,Yes,1,1,2026-06-09T14:42:23,2026-12-25T14:41:23,27025032987,"C=US, O=IdenTrust, OU=HydrantID Trusted Certificate Service, CN=HydrantID Server CA O1"
sftp.test.radx-hub.ha.nih.gov,No,Yes,1,1,2025-11-03T15:07:44,2026-12-03T15:06:44,22181208267,"C=US, O=IdenTrust, OU=HydrantID Trusted Certificate Service, CN=HydrantID Server CA O1"
sftp.test.radx-hub.nih.gov,Yes,Yes,1,1,2025-11-03T15:07:44,2026-12-03T15:06:44,22181208267,"C=US, O=IdenTrust, OU=HydrantID Trusted Certificate Service, CN=HydrantID Server CA O1"
sgeportal.od.nih.gov,Yes,Yes,1,1,2025-10-20T17:37:53,2026-11-19T17:36:53,21859339380,"C=US, O=IdenTrust, OU=HydrantID Trusted Certificate Service, CN=HydrantID Server CA O1"
sgmap.nidcr.nih.gov,Yes,Yes,1,1,2025-12-18T15:46:40,2027-01-17T15:45:40,23202675684,"C=US, O=IdenTrust, OU=HydrantID Trusted Certificate Service, CN=HydrantID Server CA O1"
share.csr.nih.gov,Yes,Yes,1,1,2026-07-22T20:23:37,2027-02-06T20:22:37,28162288240,"C=US, O=IdenTrust, OU=HydrantID Trusted Certificate Service, CN=HydrantID Server CA O1"
share.nibib.nih.gov,Yes,Yes,1,1,2026-08-18T14:53:22,2027-03-05T14:52:22,28841940269,"C=US, O=IdenTrust, OU=HydrantID Trusted Certificate Service, CN=HydrantID Server CA O1"
share.ninds.nih.gov,Yes,Yes,1,1,2026-04-07T16:22:05,2026-10-23T16:21:05,25615689421,"C=US, O=IdenTrust, OU=HydrantID Trusted Certificate Service, CN=HydrantID Server CA O1"
shared.csr.nih.gov,No,Yes,2,1,2026-01-30T17:59:56,2027-03-01T17:58:56,24082644142;28162288240,"C=US, O=IdenTrust, OU=HydrantID Trusted Certificate Service, CN=HydrantID Server CA O1"
sharepoint.niehs.nih.gov,Yes,Yes,1,1,2025-10-30T20:17:28,2026-11-29T20:16:28,22108449085,"C=US, O=IdenTrust, OU=HydrantID Trusted Certificate Service, CN=HydrantID Server CA O1"
sharestg.ninds.nih.gov,Yes,Yes,1,1,2026-05-06T20:48:42,2026-11-21T20:47:42,26376957022,"C=US, O=IdenTrust, OU=HydrantID Trusted Certificate Service, CN=HydrantID Server CA O1"
sharing.nih.gov,Yes,Yes,1,1,2025-10-30T13:28:51,2026-11-29T13:27:51,22103359211,"C=US, O=IdenTrust, OU=HydrantID Trusted Certificate Service, CN=HydrantID Server CA O1"
sharingwith.niaid.nih.gov,Yes,Yes,2,1,2026-06-12T19:05:02,2026-12-31T18:57:46,27212984661;27131010644,"C=US, O=IdenTrust, OU=HydrantID Trusted Certificate Service, CN=HydrantID Server CA O1"
sharingwithdev.niaid.nih.gov,Yes,Yes,1,1,2026-06-12T19:07:05,2026-12-28T19:06:05,27131044463,"C=US, O=IdenTrust, OU=HydrantID Trusted Certificate Service, CN=HydrantID Server CA O1"
shibauthidp.ha.nih.gov,No,Yes,1,1,2025-09-30T15:21:26,2026-10-30T15:20:26,21376440586,"C=US, O=IdenTrust, OU=HydrantID Trusted Certificate Service, CN=HydrantID Server CA O1"
shibauthidp.nih.gov,Yes,Yes,1,1,2025-09-30T15:21:26,2026-10-30T15:20:26,21376440586,"C=US, O=IdenTrust, OU=HydrantID Trusted Certificate Service, CN=HydrantID Server CA O1"
shiny.ncats.nih.gov,Yes,Yes,1,1,2026-03-31T21:04:31,2026-10-16T21:03:31,25303293425,"C=US, O=IdenTrust, OU=HydrantID Trusted Certificate Service, CN=HydrantID Server CA O1"
shm.cc.nih.gov,Yes,Yes,2,1,2026-04-24T00:00:00,2026-11-08T23:59:59,25753472420;25911687784,"C=US, O=DigiCert Inc, CN=DigiCert Global G2 TLS RSA SHA256 2020 CA1"
sicklecell.nhlbi.nih.gov,No,Yes,1,1,2026-06-12T17:23:42,2026-12-28T17:22:42,27128788628,"C=US, O=IdenTrust, OU=HydrantID Trusted Certificate Service, CN=HydrantID Server CA O1"
sigs.nih.gov,Yes,Yes,1,1,2026-01-07T15:34:51,2027-02-06T15:33:51,23611584179,"C=US, O=IdenTrust, OU=HydrantID Trusted Certificate Service, CN=HydrantID Server CA O1"
sima.niaid.nih.gov,Yes,Yes,2,1,2026-01-07T14:49:57,2027-03-07T20:22:10,23610919970;24209156368,"C=US, O=IdenTrust, OU=HydrantID Trusted Certificate Service, CN=HydrantID Server CA O1"
sioglobus-test.nhlbi.nih.gov,Yes,Yes,2,1,2026-08-31T02:47:48,2026-11-29T02:47:47,29182045268;29401067675,"C=US, O=Let's Encrypt, CN=YE2"
sioglobus.nhlbi.nih.gov,Yes,Yes,1,1,2026-08-30T01:56:18,2026-11-28T01:56:17,29156337927,"C=US, O=Let's Encrypt, CN=YR2"
sir2-prod.niaid.nih.gov,No,Yes,1,1,2025-09-26T17:56:34,2026-10-26T17:55:34,21295123782,"C=US, O=IdenTrust, OU=HydrantID Trusted Certificate Service, CN=HydrantID Server CA O1"
sir2.niaid.nih.gov,No,Yes,1,1,2026-07-12T19:05:12,2027-01-27T19:04:12,27880603846,"C=US, O=IdenTrust, OU=HydrantID Trusted Certificate Service, CN=HydrantID Server CA O1"
sir2dev.niaid.nih.gov,No,Yes,1,1,2026-05-07T15:42:15,2026-11-22T15:41:15,26383830841,"C=US, O=IdenTrust, OU=HydrantID Trusted Certificate Service, CN=HydrantID Server CA O1"
sisterstudy.niehs.nih.gov,Yes,Yes,3,2,2026-01-23T00:00:00,2027-01-22T23:59:59,23939493839;28857489893;28819372611,"C=US, O=DigiCert Inc, CN=DigiCert Global G2 TLS RSA SHA256 2020 CA1;C=US, O=Let's Encrypt, CN=YR2"
siteunavailable.od.nih.gov,Yes,Yes,1,1,2026-01-29T16:23:10,2027-02-28T16:22:10,24060910258,"C=US, O=IdenTrust, OU=HydrantID Trusted Certificate Service, CN=HydrantID Server CA O1"
skippy.nhgri.nih.gov,Yes,Yes,1,1,2026-06-30T00:00:00,2027-01-13T23:59:59,27586207860,"C=US, O=Amazon, CN=Amazon RSA 2048 M01"
skyline.niaid.nih.gov,Yes,Yes,1,1,2025-10-23T16:07:17,2026-11-22T16:06:17,21945714294,"C=US, O=IdenTrust, OU=HydrantID Trusted Certificate Service, CN=HydrantID Server CA O1"
slrp-qa.nih.gov,No,Yes,1,1,2026-04-28T12:38:15,2026-11-13T12:37:15,26251764462,"C=US, O=IdenTrust, OU=HydrantID Trusted Certificate Service, CN=HydrantID Server CA O1"
slrp-xess-dev.nih.gov,No,Yes,1,1,2026-07-16T14:01:38,2027-01-31T14:00:38,27983954834,"C=US, O=IdenTrust, OU=HydrantID Trusted Certificate Service, CN=HydrantID Server CA O1"
slrp.nih.gov,No,Yes,1,1,2026-05-07T13:46:01,2026-11-22T13:45:01,26383191444,"C=US, O=IdenTrust, OU=HydrantID Trusted Certificate Service, CN=HydrantID Server CA O1"
smart-api-qa.ncats.nih.gov,Yes,Yes,1,1,2025-11-25T21:17:12,2026-12-25T21:16:12,22731144131,"C=US, O=IdenTrust, OU=HydrantID Trusted Certificate Service, CN=HydrantID Server CA O1"
smart-api.ncats.nih.gov,Yes,Yes,1,1,2025-09-30T17:05:07,2026-10-30T17:04:07,21378372054,"C=US, O=IdenTrust, OU=HydrantID Trusted Certificate Service, CN=HydrantID Server CA O1"
smartgraph.ncats.nih.gov,Yes,Yes,1,1,2026-01-15T16:38:25,2027-02-14T16:37:25,23785705725,"C=US, O=IdenTrust, OU=HydrantID Trusted Certificate Service, CN=HydrantID Server CA O1"
smokefree.nci.nih.gov,No,Yes,3,1,2026-07-20T00:00:00,2027-02-03T23:59:59,28100502481;28321333917;28100477495,"C=US, O=DigiCert Inc, CN=DigiCert Global G2 TLS RSA SHA256 2020 CA1"
snap.nees.nih.gov,Yes,Yes,1,1,2026-05-13T19:35:08,2026-11-28T19:34:08,26435323214,"C=US, O=IdenTrust, OU=HydrantID Trusted Certificate Service, CN=HydrantID Server CA O1"
snms.nhgri.nih.gov,No,Yes,1,1,2025-10-15T00:00:00,2026-11-13T23:59:59,21740629482,"C=US, O=Amazon, CN=Amazon RSA 2048 M01"
snow.niehs.nih.gov,Yes,Yes,1,1,2026-09-01T02:39:19,2026-11-30T02:39:18,29215905441,"C=US, O=Let's Encrypt, CN=YR1"
snowdev.niehs.nih.gov,Yes,Yes,2,1,2026-07-31T21:42:07,2026-10-29T21:42:06,28420029000;28420036406,"C=US, O=Let's Encrypt, CN=YR2"
snowtest.niehs.nih.gov,Yes,Yes,2,1,2026-07-31T21:41:01,2026-10-29T21:41:00,28420013112;28420013340,"C=US, O=Let's Encrypt, CN=YR1"
snpfisher-test.nichd.nih.gov,No,Yes,1,1,2026-05-01T17:50:12,2026-11-16T17:49:12,26281987698,"C=US, O=IdenTrust, OU=HydrantID Trusted Certificate Service, CN=HydrantID Server CA O1"
snpinfo.niehs.nih.gov,No,Yes,1,1,2026-08-27T16:08:02,2026-11-25T16:08:01,29426901856,"C=US, O=Let's Encrypt, CN=YR1"
snr.niehs.nih.gov,No,Yes,4,2,2026-08-19T13:23:15,2026-11-24T09:23:36,29188860827;28992501371;28944902532;29085329173,"C=US, O=Let's Encrypt, CN=YR1;C=US, O=Let's Encrypt, CN=YR2"
soa.ha.nih.gov,Yes,Yes,1,1,2025-10-30T13:41:27,2026-11-29T13:40:27,22103520160,"C=US, O=IdenTrust, OU=HydrantID Trusted Certificate Service, CN=HydrantID Server CA O1"
soa.nih.gov,Yes,Yes,1,1,2026-01-05T15:34:47,2027-02-04T15:33:47,23568806969,"C=US, O=IdenTrust, OU=HydrantID Trusted Certificate Service, CN=HydrantID Server CA O1"
soadev.ha.nih.gov,No,Yes,2,1,2025-10-30T13:42:36,2026-12-20T15:22:35,22620474589;22103533378,"C=US, O=IdenTrust, OU=HydrantID Trusted Certificate Service, CN=HydrantID Server CA O1"
soadev.nih.gov,Yes,Yes,1,1,2025-11-20T15:23:35,2026-12-20T15:22:35,22620474589,"C=US, O=IdenTrust, OU=HydrantID Trusted Certificate Service, CN=HydrantID Server CA O1"
soamssl.nih.gov,Yes,Yes,1,1,2025-09-16T14:23:07,2026-10-16T14:22:07,21059036596,"C=US, O=IdenTrust, OU=HydrantID Trusted Certificate Service, CN=HydrantID Server CA O1"
soaprod.ninds.nih.gov,Yes,Yes,1,1,2025-09-09T16:01:16,2026-10-09T16:00:16,20900900844,"C=US, O=IdenTrust, OU=HydrantID Trusted Certificate Service, CN=HydrantID Server CA O1"
soatest.ha.nih.gov,Yes,Yes,1,1,2025-10-30T13:43:12,2026-11-29T13:42:12,22103549123,"C=US, O=IdenTrust, OU=HydrantID Trusted Certificate Service, CN=HydrantID Server CA O1"
soatest.nih.gov,Yes,Yes,1,1,2025-12-23T14:17:32,2027-01-22T14:16:32,23316855972,"C=US, O=IdenTrust, OU=HydrantID Trusted Certificate Service, CN=HydrantID Server CA O1"
solarwinds.niehs.nih.gov,Yes,Yes,2,2,2025-10-22T00:00:00,2026-11-29T21:55:55,29437176052;21918867529,"C=US, O=Let's Encrypt, CN=YR1;C=US, O=DigiCert Inc, CN=DigiCert Global G2 TLS RSA SHA256 2020 CA1"
sonarqube.niaid.nih.gov,Yes,Yes,1,1,2026-05-15T11:03:25,2026-11-30T11:02:25,26450354435,"C=US, O=IdenTrust, OU=HydrantID Trusted Certificate Service, CN=HydrantID Server CA O1"
sonarqube5.cit.nih.gov,Yes,Yes,1,1,2026-05-18T19:39:50,2026-12-03T19:38:50,26495782359,"C=US, O=IdenTrust, OU=HydrantID Trusted Certificate Service, CN=HydrantID Server CA O1"
sos.ncats.nih.gov,Yes,Yes,1,1,2026-02-20T21:25:47,2027-03-22T21:24:47,24541363366,"C=US, O=IdenTrust, OU=HydrantID Trusted Certificate Service, CN=HydrantID Server CA O1"
sourcebook.od.nih.gov,No,Yes,1,1,2026-06-30T00:00:00,2027-01-13T23:59:59,27586207860,"C=US, O=Amazon, CN=Amazon RSA 2048 M01"
spapps.nichd.nih.gov,Yes,Yes,2,1,2026-08-05T00:00:00,2027-02-19T23:59:59,28567191158;28567197959,"C=GB, O=Sectigo Limited, CN=Sectigo Public Server Authentication CA DV R36"
spapps.od.nih.gov,Yes,Yes,1,1,2026-05-12T20:26:46,2026-11-27T20:25:46,26426093064,"C=US, O=IdenTrust, OU=HydrantID Trusted Certificate Service, CN=HydrantID Server CA O1"
specializedscientificjobs-dev2.nih.gov,No,Yes,4,2,2026-07-27T09:08:44,2026-11-01T12:19:54,28288480853;28493626743;28493630848;28288479042,"C=US, O=Let's Encrypt, CN=YR1;C=US, O=Let's Encrypt, CN=YR2"
specializedscientificjobs-sandbox.nih.gov,Yes,Yes,1,1,2026-09-05T18:32:19,2026-12-04T18:32:18,29379586485,"C=US, O=Let's Encrypt, CN=YR2"
specializedscientificjobs-stage.nih.gov,No,Yes,2,1,2026-08-11T15:40:40,2026-11-09T15:40:39,28745502375;28745505480,"C=US, O=Let's Encrypt, CN=YR2"
specializedscientificjobs-test.nih.gov,Yes,Yes,4,1,2026-08-01T11:31:11,2026-11-09T15:08:57,28744710223;28435328007;28435319542;28744701004,"C=US, O=Let's Encrypt, CN=YR1"
specializedscientificjobs.nih.gov,No,Yes,4,2,2026-08-30T12:04:43,2026-12-03T13:13:54,29175662493;29379147674;29350059836;29350186721,"C=US, O=Let's Encrypt, CN=YR1;C=US, O=Let's Encrypt, CN=YR2"
specimens.globe.nih.gov,Yes,Yes,2,2,2025-11-02T00:00:00,2026-12-24T20:52:49,22151463919;22710489282,"C=US, O=IdenTrust, OU=HydrantID Trusted Certificate Service, CN=HydrantID Server CA O1;C=US, O=Amazon, CN=Amazon RSA 2048 M01"
speech.nih.gov,Yes,Yes,1,1,2025-12-04T15:00:40,2027-01-03T14:59:40,22893684819,"C=US, O=IdenTrust, OU=HydrantID Trusted Certificate Service, CN=HydrantID Server CA O1"
speechtest.nih.gov,Yes,Yes,2,1,2025-12-04T15:01:24,2027-01-21T15:01:01,23295685657;22893684701,"C=US, O=IdenTrust, OU=HydrantID Trusted Certificate Service, CN=HydrantID Server CA O1"
spin-test.niddk.nih.gov,Yes,Yes,1,1,2025-10-17T18:07:12,2026-11-16T18:06:12,21788036540,"C=US, O=IdenTrust, OU=HydrantID Trusted Certificate Service, CN=HydrantID Server CA O1"
spin.niddk.nih.gov,No,Yes,2,1,2026-08-15T12:37:10,2026-11-13T12:37:09,28862822404;28892640968,"C=US, O=Let's Encrypt, CN=YR1"
splunk.log.od.nih.gov,Yes,Yes,8,4,2026-08-19T15:13:01,2026-11-17T15:35:19,28946212934;28980135256;29006416071;29123428393;28980133177;28982801016;28953930190;29122692450,"C=US, O=Let's Encrypt, CN=YR1;C=US, O=Let's Encrypt, CN=YE2;C=US, O=Let's Encrypt, CN=YR2;C=US, O=Let's Encrypt, CN=YE1"
splunkhf02.nlm.nih.gov,Yes,Yes,1,1,2026-07-02T00:00:00,2027-01-16T23:59:59,27644257845,"C=US, O=DigiCert Inc, CN=DigiCert Global G2 TLS RSA SHA256 2020 CA1"
spotfire-dcr.niaid.nih.gov,Yes,Yes,1,1,2026-05-01T13:19:15,2026-11-16T13:18:15,26279756550,"C=US, O=IdenTrust, OU=HydrantID Trusted Certificate Service, CN=HydrantID Server CA O1"
spotfire.niaid.nih.gov,Yes,Yes,3,1,2026-04-29T19:27:23,2026-11-16T13:12:16,26264252288;26264253799;26279735333,"C=US, O=IdenTrust, OU=HydrantID Trusted Certificate Service, CN=HydrantID Server CA O1"
spotfire2.niaid.nih.gov,Yes,Yes,1,1,2026-04-28T12:41:28,2026-11-13T12:40:28,26251779648,"C=US, O=IdenTrust, OU=HydrantID Trusted Certificate Service, CN=HydrantID Server CA O1"
spotfire7.ncats.nih.gov,Yes,Yes,1,1,2026-05-08T16:47:29,2026-11-23T16:46:29,26393320134,"C=US, O=IdenTrust, OU=HydrantID Trusted Certificate Service, CN=HydrantID Server CA O1"
spreporter.od.nih.gov,Yes,Yes,1,1,2026-08-07T20:36:08,2027-02-22T20:35:08,28629699327,"C=US, O=IdenTrust, OU=HydrantID Trusted Certificate Service, CN=HydrantID Server CA O1"
sprs-stage-public.od.nih.gov,Yes,Yes,1,1,2025-09-10T17:27:50,2026-10-10T17:26:50,20926317136,"C=US, O=IdenTrust, OU=HydrantID Trusted Certificate Service, CN=HydrantID Server CA O1"
sps.nccih.nih.gov,Yes,Yes,3,2,2026-01-14T17:35:58,2027-02-13T17:34:58,26557085104;26615123150;23766444858,"C=US, O=IdenTrust, OU=HydrantID Trusted Certificate Service, CN=HydrantID Server CA O1;C=US, ST=Arizona, L=Scottsdale, O=""GoDaddy.com, Inc."", OU=http://certs.godaddy.com/repository/, CN=Go Daddy Secure Certificate Authority - G2"
sps.nih.gov,Yes,Yes,8,2,2025-10-27T00:00:00,2026-11-28T23:59:59,22042366027;22042643652;22062714398;22042382256;22040790742;22062725891;22040826407;22042661817,"C=CA, O=Entrust Limited, CN=Entrust DV TLS Issuing RSA CA 2;C=CA, O=Entrust Limited, CN=Entrust OV TLS Issuing RSA CA 2"
sqlreport.csr.nih.gov,Yes,Yes,1,1,2025-11-13T16:57:29,2026-12-13T16:56:29,22441782024,"C=US, O=IdenTrust, OU=HydrantID Trusted Certificate Service, CN=HydrantID Server CA O1"
sqt-prod.niaid.nih.gov,No,Yes,1,1,2025-09-26T17:56:34,2026-10-26T17:55:34,21295123782,"C=US, O=IdenTrust, OU=HydrantID Trusted Certificate Service, CN=HydrantID Server CA O1"
sqt.niaid.nih.gov,Yes,Yes,1,1,2026-07-12T19:05:12,2027-01-27T19:04:12,27880603846,"C=US, O=IdenTrust, OU=HydrantID Trusted Certificate Service, CN=HydrantID Server CA O1"
sqtdev.niaid.nih.gov,No,Yes,1,1,2026-05-07T15:42:15,2026-11-22T15:41:15,26383830841,"C=US, O=IdenTrust, OU=HydrantID Trusted Certificate Service, CN=HydrantID Server CA O1"
srdms.niaid.nih.gov,Yes,Yes,1,1,2026-04-07T14:03:41,2026-10-23T14:02:41,25611317473,"C=US, O=IdenTrust, OU=HydrantID Trusted Certificate Service, CN=HydrantID Server CA O1"
srdmsdev.csr.nih.gov,Yes,Yes,1,1,2026-06-02T19:16:39,2026-12-18T19:15:39,26835299746,"C=US, O=IdenTrust, OU=HydrantID Trusted Certificate Service, CN=HydrantID Server CA O1"
srdmsdevapi.csr.nih.gov,Yes,Yes,1,1,2026-06-09T14:46:40,2026-12-25T14:45:40,27025120828,"C=US, O=IdenTrust, OU=HydrantID Trusted Certificate Service, CN=HydrantID Server CA O1"
ssrs.fic.nih.gov,Yes,Yes,1,1,2025-11-03T14:55:06,2026-12-03T14:54:06,22181042168,"C=US, O=IdenTrust, OU=HydrantID Trusted Certificate Service, CN=HydrantID Server CA O1"
st-va.ncbi.nlm.nih.gov,Yes,Yes,1,1,2026-08-27T17:12:38,2026-11-25T17:12:37,29459562473,"C=US, O=Let's Encrypt, CN=YR2"
staffdirectory.nigms.nih.gov,Yes,Yes,1,1,2026-01-23T16:00:03,2027-02-22T15:59:03,23937902853,"C=US, O=IdenTrust, OU=HydrantID Trusted Certificate Service, CN=HydrantID Server CA O1"
staffdirectorystage.nigms.nih.gov,Yes,Yes,1,1,2026-06-11T15:11:26,2026-12-27T15:10:26,27091104916,"C=US, O=IdenTrust, OU=HydrantID Trusted Certificate Service, CN=HydrantID Server CA O1"
staffintranet.od.nih.gov,Yes,Yes,1,1,2026-05-22T14:50:30,2026-12-07T14:49:30,26552279934,"C=US, O=IdenTrust, OU=HydrantID Trusted Certificate Service, CN=HydrantID Server CA O1"
stafftraining.intranet.od.nih.gov,Yes,Yes,1,1,2025-10-30T13:30:34,2026-11-29T13:29:34,22103388034,"C=US, O=IdenTrust, OU=HydrantID Trusted Certificate Service, CN=HydrantID Server CA O1"
stage-acquia.niehs.nih.gov,No,Yes,2,1,2026-08-27T11:29:40,2026-11-25T11:29:39,29261013928;29125620821,"C=US, O=Let's Encrypt, CN=YR2"
stage.ags20.od.nih.gov,Yes,Yes,1,1,2025-09-25T18:19:10,2026-10-25T18:18:10,21270233581,"C=US, O=IdenTrust, OU=HydrantID Trusted Certificate Service, CN=HydrantID Server CA O1"
stage.api.od.nih.gov,Yes,Yes,1,1,2026-06-23T19:01:36,2027-01-08T19:00:36,27430164221,"C=US, O=IdenTrust, OU=HydrantID Trusted Certificate Service, CN=HydrantID Server CA O1"
stage.cloud.nih.gov,Yes,Yes,1,1,2026-08-09T00:00:00,2027-02-22T23:59:59,28674793966,"C=US, O=Amazon, CN=Amazon RSA 2048 M01"
stage.committees.od.nih.gov,Yes,Yes,1,1,2026-06-23T19:01:57,2027-01-08T19:00:57,27430166195,"C=US, O=IdenTrust, OU=HydrantID Trusted Certificate Service, CN=HydrantID Server CA O1"
stage.era.nih.gov,Yes,Yes,1,1,2026-04-28T14:37:15,2026-11-12T14:37:15,25889424496,"C=US, ST=Arizona, L=Scottsdale, O=""GoDaddy.com, Inc."", OU=http://certs.godaddy.com/repository/, CN=Go Daddy Secure Certificate Authority - G2"
stage.evs.nci.nih.gov,No,Yes,4,2,2026-07-20T12:19:43,2026-12-17T12:21:58,28093781814;28093774295;29524944516;29590865156,"C=US, O=Let's Encrypt, CN=YR1;C=US, O=Let's Encrypt, CN=YR2"
stage.extramural-intranet.nih.gov,Yes,Yes,1,1,2026-04-28T16:21:27,2026-11-13T16:20:27,26253360867,"C=US, O=IdenTrust, OU=HydrantID Trusted Certificate Service, CN=HydrantID Server CA O1"
stage.faq.od.nih.gov,Yes,Yes,1,1,2026-06-09T14:44:12,2026-12-25T14:43:12,27025083167,"C=US, O=IdenTrust, OU=HydrantID Trusted Certificate Service, CN=HydrantID Server CA O1"
stage.github.nih.gov,Yes,Yes,1,1,2026-07-05T00:00:00,2027-01-05T23:59:59,27705462892,"C=US, O=DigiCert Inc, OU=www.digicert.com, CN=GeoTrust TLS RSA CA G1"
stage.hescregapp.od.nih.gov,Yes,Yes,1,1,2026-02-11T17:29:08,2027-03-13T17:28:08,24338190650,"C=US, O=IdenTrust, OU=HydrantID Trusted Certificate Service, CN=HydrantID Server CA O1"
stage.learningcenter.nih.gov,Yes,Yes,1,1,2025-12-15T15:11:05,2027-01-14T15:10:05,23136036462,"C=US, O=IdenTrust, OU=HydrantID Trusted Certificate Service, CN=HydrantID Server CA O1"
stage.lrp.nih.gov,Yes,Yes,1,1,2026-05-22T14:52:18,2026-12-07T14:51:18,26552309700,"C=US, O=IdenTrust, OU=HydrantID Trusted Certificate Service, CN=HydrantID Server CA O1"
stage.nci.nih.gov,No,Yes,3,1,2026-07-20T12:19:55,2026-12-17T12:22:09,29524771717;28093777876;28093778149,"C=US, O=Let's Encrypt, CN=YR2"
stage.nexus.od.nih.gov,Yes,Yes,1,1,2026-04-28T16:20:31,2026-11-13T16:19:31,26253338268,"C=US, O=IdenTrust, OU=HydrantID Trusted Certificate Service, CN=HydrantID Server CA O1"
stage.portal.github.nih.gov,Yes,Yes,2,1,2026-05-19T00:00:00,2026-11-19T23:59:59,26453274644;26451876903,"C=US, O=DigiCert Inc, OU=www.digicert.com, CN=GeoTrust TLS RSA CA G1"
stage.public.csr.nih.gov,Yes,Yes,1,1,2026-08-24T13:57:23,2027-03-11T13:56:23,28993632948,"C=US, O=IdenTrust, OU=HydrantID Trusted Certificate Service, CN=HydrantID Server CA O1"
stage.publicaccess.nih.gov,Yes,Yes,1,1,2026-06-23T19:02:52,2027-01-08T19:01:52,27430190333,"C=US, O=IdenTrust, OU=HydrantID Trusted Certificate Service, CN=HydrantID Server CA O1"
stage.rcdc.od.nih.gov,Yes,Yes,1,1,2026-06-23T19:03:15,2027-01-08T19:02:15,27430193432,"C=US, O=IdenTrust, OU=HydrantID Trusted Certificate Service, CN=HydrantID Server CA O1"
stage.researchtraining.nih.gov,Yes,Yes,1,1,2026-08-07T19:23:01,2027-02-22T19:22:01,28628207367,"C=US, O=IdenTrust, OU=HydrantID Trusted Certificate Service, CN=HydrantID Server CA O1"
stage.seed.nih.gov,Yes,Yes,1,1,2025-12-15T15:09:46,2027-01-14T15:08:46,23136022070,"C=US, O=IdenTrust, OU=HydrantID Trusted Certificate Service, CN=HydrantID Server CA O1"
stage.sharing.nih.gov,Yes,Yes,1,1,2026-04-28T16:20:08,2026-11-13T16:19:08,26253332001,"C=US, O=IdenTrust, OU=HydrantID Trusted Certificate Service, CN=HydrantID Server CA O1"
stage.stafftraining.intranet.od.nih.gov,Yes,Yes,1,1,2026-06-23T19:03:47,2027-01-08T19:02:47,27430218222,"C=US, O=IdenTrust, OU=HydrantID Trusted Certificate Service, CN=HydrantID Server CA O1"
stage.stemcells.nih.gov,Yes,Yes,1,1,2026-06-23T19:02:23,2027-01-08T19:01:23,27430188927,"C=US, O=IdenTrust, OU=HydrantID Trusted Certificate Service, CN=HydrantID Server CA O1"
stage.styleguide.od.nih.gov,Yes,Yes,1,1,2026-02-11T17:38:05,2027-03-13T17:37:05,24338338451,"C=US, O=IdenTrust, OU=HydrantID Trusted Certificate Service, CN=HydrantID Server CA O1"
stagelab.nees.nih.gov,Yes,Yes,1,1,2026-03-26T15:17:18,2026-10-11T15:16:18,25235712418,"C=US, O=IdenTrust, OU=HydrantID Trusted Certificate Service, CN=HydrantID Server CA O1"
stageprd.nees.nih.gov,Yes,Yes,1,1,2026-03-26T15:18:08,2026-10-11T15:17:08,25235728759,"C=US, O=IdenTrust, OU=HydrantID Trusted Certificate Service, CN=HydrantID Server CA O1"
stageqa.nees.nih.gov,Yes,Yes,1,1,2026-03-26T15:16:16,2026-10-11T15:15:16,25235697553,"C=US, O=IdenTrust, OU=HydrantID Trusted Certificate Service, CN=HydrantID Server CA O1"
stagetestdomain.nih.gov,No,Yes,2,1,2026-02-05T15:04:58,2027-02-15T15:47:15,24204343221;24825540855,"C=US, ST=Arizona, L=Scottsdale, O=""GoDaddy.com, Inc."", OU=http://certs.godaddy.com/repository/, CN=Go Daddy Secure Certificate Authority - G2"
stagetestdomain2.nih.gov,No,Yes,2,1,2026-02-05T15:04:58,2027-02-15T15:47:15,24204343221;24825540855,"C=US, ST=Arizona, L=Scottsdale, O=""GoDaddy.com, Inc."", OU=http://certs.godaddy.com/repository/, CN=Go Daddy Secure Certificate Authority - G2"
stagetestdomain3.nih.gov,No,Yes,2,1,2026-02-05T15:04:58,2027-02-15T15:47:15,24204343221;24825540855,"C=US, ST=Arizona, L=Scottsdale, O=""GoDaddy.com, Inc."", OU=http://certs.godaddy.com/repository/, CN=Go Daddy Secure Certificate Authority - G2"
stagetestdomain4.nih.gov,No,Yes,2,1,2026-02-05T15:04:58,2027-02-15T15:47:15,24204343221;24825540855,"C=US, ST=Arizona, L=Scottsdale, O=""GoDaddy.com, Inc."", OU=http://certs.godaddy.com/repository/, CN=Go Daddy Secure Certificate Authority - G2"
stagetestdomain5.nih.gov,No,Yes,2,1,2026-02-05T15:04:58,2027-02-15T15:47:15,24204343221;24825540855,"C=US, ST=Arizona, L=Scottsdale, O=""GoDaddy.com, Inc."", OU=http://certs.godaddy.com/repository/, CN=Go Daddy Secure Certificate Authority - G2"
stagetestdomain6.nih.gov,No,Yes,2,1,2026-02-05T15:04:58,2027-02-15T15:47:15,24204343221;24825540855,"C=US, ST=Arizona, L=Scottsdale, O=""GoDaddy.com, Inc."", OU=http://certs.godaddy.com/repository/, CN=Go Daddy Secure Certificate Authority - G2"
stagetestdomain7.nih.gov,No,Yes,2,1,2026-02-05T15:04:58,2027-02-15T15:47:15,24204343221;24825540855,"C=US, ST=Arizona, L=Scottsdale, O=""GoDaddy.com, Inc."", OU=http://certs.godaddy.com/repository/, CN=Go Daddy Secure Certificate Authority - G2"
staging-is.niddk.nih.gov,No,Yes,1,1,2026-04-07T16:36:50,2026-10-23T16:35:50,25616089413,"C=US, O=IdenTrust, OU=HydrantID Trusted Certificate Service, CN=HydrantID Server CA O1"
staging.biodatacatalyst.nhlbi.nih.gov,Yes,Yes,1,1,2026-04-21T15:51:19,2026-11-06T15:50:19,26069386234,"C=US, O=IdenTrust, OU=HydrantID Trusted Certificate Service, CN=HydrantID Server CA O1"
staging.datastage.terra.bio,Yes,No,2,1,2026-08-03T08:23:20,2026-11-01T08:23:19,28487736273;28487746548,"C=US, O=Let's Encrypt, CN=YR1"
staging.finder.training.nih.gov,Yes,Yes,2,1,2026-06-30T00:00:00,2027-01-13T23:59:59,27585927279;27584712834,"C=US, O=Amazon, CN=Amazon RSA 2048 M04"
staging.gen3.biodatacatalyst.nhlbi.nih.gov,Yes,Yes,1,1,2025-10-31T21:57:00,2026-11-30T21:56:00,22126924234,"C=US, O=IdenTrust, OU=HydrantID Trusted Certificate Service, CN=HydrantID Server CA O1"
staging.nia.nih.gov,Yes,Yes,2,1,2026-05-09T00:00:00,2026-11-22T23:59:59,26194762213;26196404446,"C=US, O=Amazon, CN=Amazon RSA 2048 M01"
staging.niddk.nih.gov,No,Yes,1,1,2026-04-07T16:36:50,2026-10-23T16:35:50,25616089413,"C=US, O=IdenTrust, OU=HydrantID Trusted Certificate Service, CN=HydrantID Server CA O1"
staging.obesityresearch.nih.gov,No,Yes,1,1,2026-04-07T16:36:50,2026-10-23T16:35:50,25616089413,"C=US, O=IdenTrust, OU=HydrantID Trusted Certificate Service, CN=HydrantID Server CA O1"
staging.terra.biodatacatalyst.nhlbi.nih.gov,No,Yes,2,1,2026-08-03T08:23:20,2026-11-01T08:23:19,28487736273;28487746548,"C=US, O=Let's Encrypt, CN=YR1"
staging.training.nih.gov,Yes,Yes,1,1,2026-06-30T00:00:00,2027-01-13T23:59:59,27586961467,"C=US, O=Amazon, CN=Amazon RSA 2048 M01"
stagingmerlinapps.nlm.nih.gov,Yes,Yes,1,1,2026-04-23T18:25:20,2026-11-08T18:24:20,26131515562,"C=US, O=IdenTrust, OU=HydrantID Trusted Certificate Service, CN=HydrantID Server CA O1"
stagingpds.nih.gov,Yes,Yes,1,1,2025-11-13T13:56:19,2026-12-13T13:55:19,22440685000,"C=US, O=IdenTrust, OU=HydrantID Trusted Certificate Service, CN=HydrantID Server CA O1"
stardrop.ncats.nih.gov,Yes,Yes,1,1,2026-07-22T20:21:03,2027-02-06T20:20:03,28162237941,"C=US, O=IdenTrust, OU=HydrantID Trusted Certificate Service, CN=HydrantID Server CA O1"
station.nidb.nih.gov,Yes,Yes,1,1,2026-02-27T14:08:42,2027-03-29T14:07:42,24677853744,"C=US, O=IdenTrust, OU=HydrantID Trusted Certificate Service, CN=HydrantID Server CA O1"
status.sb.biodatacatalyst.nhlbi.nih.gov,No,Yes,2,1,2026-08-08T05:22:54,2026-11-06T05:22:53,28640906160;28640908258,"C=US, O=Let's Encrypt, CN=YR1"
stemcelldb.nih.gov,Yes,Yes,1,1,2026-04-01T17:14:43,2026-10-17T17:13:43,25315072419,"C=US, O=IdenTrust, OU=HydrantID Trusted Certificate Service, CN=HydrantID Server CA O1"
stemcells.nih.gov,Yes,Yes,1,1,2026-06-23T19:01:06,2027-01-08T19:00:06,27430148373,"C=US, O=IdenTrust, OU=HydrantID Trusted Certificate Service, CN=HydrantID Server CA O1"
step.nih.gov,Yes,Yes,1,1,2025-11-20T15:28:25,2026-12-20T15:27:25,22620559800,"C=US, O=IdenTrust, OU=HydrantID Trusted Certificate Service, CN=HydrantID Server CA O1"
steps-dev.nih.gov,Yes,Yes,2,1,2026-08-03T12:19:55,2026-11-01T12:19:54,28493626743;28493630848,"C=US, O=Let's Encrypt, CN=YR1"
steps-stage.nih.gov,No,Yes,2,1,2026-08-11T15:40:40,2026-11-09T15:40:39,28745502375;28745505480,"C=US, O=Let's Encrypt, CN=YR2"
steps-test.nih.gov,No,Yes,2,1,2026-08-11T15:08:58,2026-11-09T15:08:57,28744710223;28744701004,"C=US, O=Let's Encrypt, CN=YR1"
steps.nih.gov,No,Yes,2,1,2026-09-04T13:13:55,2026-12-03T13:13:54,29350059836;29350186721,"C=US, O=Let's Encrypt, CN=YR1"
stepup.niddk.nih.gov,Yes,Yes,2,1,2026-05-23T00:00:00,2026-11-23T23:59:59,26581591053;26572799715,"C=US, O=DigiCert Inc, OU=www.digicert.com, CN=GeoTrust TLS RSA CA G1"
stg-damcenter.niddk.nih.gov,Yes,Yes,1,1,2026-04-07T16:38:09,2026-10-23T16:37:09,25616135101,"C=US, O=IdenTrust, OU=HydrantID Trusted Certificate Service, CN=HydrantID Server CA O1"
stg-dc-lb-139ii-adc-a.net.nih.gov,Yes,Yes,1,1,2026-01-06T15:11:34,2027-02-05T15:10:34,23589584741,"C=US, O=IdenTrust, OU=HydrantID Trusted Certificate Service, CN=HydrantID Server CA O1"
stg-dc-lb-139ii-adc-b.net.nih.gov,Yes,Yes,1,1,2026-01-06T15:12:15,2027-02-05T15:11:15,23589586181,"C=US, O=IdenTrust, OU=HydrantID Trusted Certificate Service, CN=HydrantID Server CA O1"
stg-dc-lb-139ii-cloud-a.net.nih.gov,Yes,Yes,1,1,2026-08-24T13:57:34,2027-03-11T13:56:34,28993634284,"C=US, O=IdenTrust, OU=HydrantID Trusted Certificate Service, CN=HydrantID Server CA O1"
stg-dc-lb-139ii-cloud-b.net.nih.gov,Yes,Yes,1,1,2026-08-24T13:58:02,2027-03-11T13:57:02,28993639635,"C=US, O=IdenTrust, OU=HydrantID Trusted Certificate Service, CN=HydrantID Server CA O1"
stg-dc-lb-139ii-gtm-b.net.nih.gov,Yes,Yes,1,1,2026-01-06T15:09:37,2027-02-05T15:08:37,23589555297,"C=US, O=IdenTrust, OU=HydrantID Trusted Certificate Service, CN=HydrantID Server CA O1"
stg-dc-lb-139ii-ise-e.net.nih.gov,Yes,Yes,1,1,2026-06-30T18:10:55,2027-01-15T18:09:55,27598758922,"C=US, O=IdenTrust, OU=HydrantID Trusted Certificate Service, CN=HydrantID Server CA O1"
stg-dc-lb-139ii-ise-f.net.nih.gov,Yes,Yes,1,1,2026-06-30T18:11:19,2027-01-15T18:10:19,27598759111,"C=US, O=IdenTrust, OU=HydrantID Trusted Certificate Service, CN=HydrantID Server CA O1"
stg-dc-lb-139ii-share-a.net.nih.gov,Yes,Yes,1,1,2026-05-18T18:44:55,2026-12-03T18:43:55,26495029490,"C=US, O=IdenTrust, OU=HydrantID Trusted Certificate Service, CN=HydrantID Server CA O1"
stg-dc-lb-139ii-share-b.net.nih.gov,Yes,Yes,1,1,2026-05-18T18:45:15,2026-12-03T18:44:15,26495031409,"C=US, O=IdenTrust, OU=HydrantID Trusted Certificate Service, CN=HydrantID Server CA O1"
stg-dc-lb-139ii-test-a.net.nih.gov,Yes,Yes,1,1,2026-06-30T18:11:42,2027-01-15T18:10:42,27598780769,"C=US, O=IdenTrust, OU=HydrantID Trusted Certificate Service, CN=HydrantID Server CA O1"
stg-dc-lb-139ii-test-b.net.nih.gov,Yes,Yes,1,1,2026-06-30T18:12:06,2027-01-15T18:11:06,27598781893,"C=US, O=IdenTrust, OU=HydrantID Trusted Certificate Service, CN=HydrantID Server CA O1"
stg-dc-lb-139ii-uccmfwd-a.net.nih.gov,Yes,Yes,1,1,2026-08-24T13:58:41,2027-03-11T13:57:41,28993671294,"C=US, O=IdenTrust, OU=HydrantID Trusted Certificate Service, CN=HydrantID Server CA O1"
stg-gwlc-157h-a1.net.nih.gov,Yes,Yes,1,1,2026-01-27T14:01:43,2027-02-26T14:00:43,24012931387,"C=US, O=IdenTrust, OU=HydrantID Trusted Certificate Service, CN=HydrantID Server CA O1"
stg-gwlc-157h-b1.net.nih.gov,Yes,Yes,1,1,2026-02-13T15:57:31,2027-03-15T15:56:31,24385419643,"C=US, O=IdenTrust, OU=HydrantID Trusted Certificate Service, CN=HydrantID Server CA O1"
stg-ise-psn1.nih.gov,No,Yes,1,1,2026-08-18T18:10:37,2027-03-05T18:09:37,28843405365,"C=US, O=IdenTrust, OU=HydrantID Trusted Certificate Service, CN=HydrantID Server CA O1"
stg-ise-psn2.nih.gov,No,Yes,1,1,2026-08-18T18:10:37,2027-03-05T18:09:37,28843405365,"C=US, O=IdenTrust, OU=HydrantID Trusted Certificate Service, CN=HydrantID Server CA O1"
stg-ise-psn3.nih.gov,No,Yes,1,1,2026-08-18T18:10:37,2027-03-05T18:09:37,28843405365,"C=US, O=IdenTrust, OU=HydrantID Trusted Certificate Service, CN=HydrantID Server CA O1"
stg-ise-psn4.nih.gov,No,Yes,1,1,2026-08-18T18:10:37,2027-03-05T18:09:37,28843405365,"C=US, O=IdenTrust, OU=HydrantID Trusted Certificate Service, CN=HydrantID Server CA O1"
stg-ise-psn5.nih.gov,No,Yes,1,1,2026-08-18T18:10:37,2027-03-05T18:09:37,28843405365,"C=US, O=IdenTrust, OU=HydrantID Trusted Certificate Service, CN=HydrantID Server CA O1"
stg-ise-psn6.nih.gov,No,Yes,1,1,2026-08-18T18:10:37,2027-03-05T18:09:37,28843405365,"C=US, O=IdenTrust, OU=HydrantID Trusted Certificate Service, CN=HydrantID Server CA O1"
stg-ise-psn7.nih.gov,No,Yes,1,1,2026-08-18T18:10:37,2027-03-05T18:09:37,28843405365,"C=US, O=IdenTrust, OU=HydrantID Trusted Certificate Service, CN=HydrantID Server CA O1"
stg-ise-san.nih.gov,No,Yes,1,1,2026-08-18T18:10:37,2027-03-05T18:09:37,28843405365,"C=US, O=IdenTrust, OU=HydrantID Trusted Certificate Service, CN=HydrantID Server CA O1"
stg-ise-smnt.nih.gov,No,Yes,1,1,2026-08-18T18:10:37,2027-03-05T18:09:37,28843405365,"C=US, O=IdenTrust, OU=HydrantID Trusted Certificate Service, CN=HydrantID Server CA O1"
stg-medialibrary-oc.niddk.nih.gov,No,Yes,1,1,2026-04-07T16:38:09,2026-10-23T16:37:09,25616135101,"C=US, O=IdenTrust, OU=HydrantID Trusted Certificate Service, CN=HydrantID Server CA O1"
stg-medialibrary.niddk.nih.gov,No,Yes,1,1,2026-04-07T16:38:09,2026-10-23T16:37:09,25616135101,"C=US, O=IdenTrust, OU=HydrantID Trusted Certificate Service, CN=HydrantID Server CA O1"
stg-nih-dhcp-a.net.nih.gov,No,Yes,1,1,2026-06-04T18:09:23,2026-12-20T18:08:23,26891659585,"C=US, O=IdenTrust, OU=HydrantID Trusted Certificate Service, CN=HydrantID Server CA O1"
stg-nih-dhcp-b.net.nih.gov,No,Yes,1,1,2026-06-04T18:09:23,2026-12-20T18:08:23,26891659585,"C=US, O=IdenTrust, OU=HydrantID Trusted Certificate Service, CN=HydrantID Server CA O1"
stg-nih-dhcp.net.nih.gov,Yes,Yes,1,1,2026-06-04T18:09:23,2026-12-20T18:08:23,26891659585,"C=US, O=IdenTrust, OU=HydrantID Trusted Certificate Service, CN=HydrantID Server CA O1"
stg-nih-dmzdns.net.nih.gov,Yes,Yes,1,1,2026-06-02T19:21:22,2026-12-18T19:20:22,26835404829,"C=US, O=IdenTrust, OU=HydrantID Trusted Certificate Service, CN=HydrantID Server CA O1"
stg-nih-intdns2.net.nih.gov,Yes,Yes,1,1,2026-06-02T19:20:06,2026-12-18T19:19:06,26835380911,"C=US, O=IdenTrust, OU=HydrantID Trusted Certificate Service, CN=HydrantID Server CA O1"
stg-nih-ipam-a.net.nih.gov,No,Yes,1,1,2025-10-30T20:05:25,2026-11-29T20:04:25,22108317471,"C=US, O=IdenTrust, OU=HydrantID Trusted Certificate Service, CN=HydrantID Server CA O1"
stg-nih-ipam-b.net.nih.gov,No,Yes,1,1,2025-10-30T20:05:25,2026-11-29T20:04:25,22108317471,"C=US, O=IdenTrust, OU=HydrantID Trusted Certificate Service, CN=HydrantID Server CA O1"
stg-nih-ipam-mgmt-a.net.nih.gov,No,Yes,1,1,2025-10-30T20:05:25,2026-11-29T20:04:25,22108317471,"C=US, O=IdenTrust, OU=HydrantID Trusted Certificate Service, CN=HydrantID Server CA O1"
stg-nih-ipam-mgmt-b.net.nih.gov,No,Yes,1,1,2025-10-30T20:05:25,2026-11-29T20:04:25,22108317471,"C=US, O=IdenTrust, OU=HydrantID Trusted Certificate Service, CN=HydrantID Server CA O1"
stg-nih-ipam.net.nih.gov,No,Yes,1,1,2025-10-30T20:05:25,2026-11-29T20:04:25,22108317471,"C=US, O=IdenTrust, OU=HydrantID Trusted Certificate Service, CN=HydrantID Server CA O1"
stg-schare.nimhd.nih.gov,Yes,Yes,1,1,2025-09-29T18:52:02,2026-10-29T18:51:02,21352970480,"C=US, O=IdenTrust, OU=HydrantID Trusted Certificate Service, CN=HydrantID Server CA O1"
stg.nextgen.cio.egos.nih.gov,Yes,Yes,1,1,2026-08-11T20:00:55,2027-02-26T19:59:55,28750221131,"C=US, O=IdenTrust, OU=HydrantID Trusted Certificate Service, CN=HydrantID Server CA O1"
stgwkr1gw.nih.gov,No,Yes,1,1,2026-02-06T15:16:55,2027-03-08T15:15:55,24224955711,"C=US, O=IdenTrust, OU=HydrantID Trusted Certificate Service, CN=HydrantID Server CA O1"
stgwkr2gw.nih.gov,No,Yes,1,1,2026-02-06T15:16:55,2027-03-08T15:15:55,24224955711,"C=US, O=IdenTrust, OU=HydrantID Trusted Certificate Service, CN=HydrantID Server CA O1"
storage-dev.nbscloud.nih.gov,No,Yes,1,1,2025-11-04T14:12:19,2026-12-04T14:11:19,22201945315,"C=US, O=IdenTrust, OU=HydrantID Trusted Certificate Service, CN=HydrantID Server CA O1"
storage-prod.nbscloud.nih.gov,No,Yes,1,1,2025-11-13T13:58:01,2026-12-13T13:57:01,22440720608,"C=US, O=IdenTrust, OU=HydrantID Trusted Certificate Service, CN=HydrantID Server CA O1"
storefront-test.niaid.nih.gov,Yes,Yes,1,1,2026-01-09T15:51:16,2027-02-08T15:50:16,23659067529,"C=US, O=IdenTrust, OU=HydrantID Trusted Certificate Service, CN=HydrantID Server CA O1"
storefront.cc.nih.gov,Yes,Yes,2,1,2025-10-06T00:00:00,2026-11-04T23:59:59,21528734344;21529384121,"C=US, O=DigiCert Inc, CN=DigiCert Global G2 TLS RSA SHA256 2020 CA1"
storefront.niaid.nih.gov,Yes,Yes,1,1,2026-06-01T21:31:35,2026-12-17T21:30:35,26810140291,"C=US, O=IdenTrust, OU=HydrantID Trusted Certificate Service, CN=HydrantID Server CA O1"
strap.trials-dev.nci.nih.gov,No,Yes,3,1,2026-08-21T00:00:00,2027-03-07T23:59:59,28892837062;28892829113;28895027858,"C=US, O=DigiCert Inc, CN=DigiCert Global G2 TLS RSA SHA256 2020 CA1"
strap.trials-prod.nci.nih.gov,No,Yes,3,1,2026-08-21T00:00:00,2027-03-07T23:59:59,28892837062;28892829113;28895027858,"C=US, O=DigiCert Inc, CN=DigiCert Global G2 TLS RSA SHA256 2020 CA1"
strap.trials-stage.nci.nih.gov,No,Yes,3,1,2026-08-21T00:00:00,2027-03-07T23:59:59,28892837062;28892829113;28895027858,"C=US, O=DigiCert Inc, CN=DigiCert Global G2 TLS RSA SHA256 2020 CA1"
strap.trials-staging.nci.nih.gov,No,Yes,3,1,2026-08-21T00:00:00,2027-03-07T23:59:59,28892837062;28892829113;28895027858,"C=US, O=DigiCert Inc, CN=DigiCert Global G2 TLS RSA SHA256 2020 CA1"
strap.trials.nci.nih.gov,No,Yes,3,1,2026-08-21T00:00:00,2027-03-07T23:59:59,28892837062;28892829113;28895027858,"C=US, O=DigiCert Inc, CN=DigiCert Global G2 TLS RSA SHA256 2020 CA1"
strategicvisioning.nhlbi.nih.gov,No,Yes,1,1,2026-06-12T17:23:42,2026-12-28T17:22:42,27128788628,"C=US, O=IdenTrust, OU=HydrantID Trusted Certificate Service, CN=HydrantID Server CA O1"
stroke.nih.gov,Yes,Yes,1,1,2026-08-09T00:00:00,2027-02-22T23:59:59,28669281639,"C=US, O=Amazon, CN=Amazon RSA 2048 M04"
strokearch1.ninds.nih.gov,Yes,Yes,1,1,2026-05-19T17:36:47,2026-12-04T17:35:47,26503932154,"C=US, O=IdenTrust, OU=HydrantID Trusted Certificate Service, CN=HydrantID Server CA O1"
strokemst1.ninds.nih.gov,Yes,Yes,1,1,2026-05-19T17:36:32,2026-12-04T17:35:32,26503932524,"C=US, O=IdenTrust, OU=HydrantID Trusted Certificate Service, CN=HydrantID Server CA O1"
sts.nihdev.cit.nih.gov,Yes,Yes,1,1,2025-12-10T19:46:34,2027-01-09T19:45:34,23039724429,"C=US, O=IdenTrust, OU=HydrantID Trusted Certificate Service, CN=HydrantID Server CA O1"
stsstg.ha.nih.gov,No,Yes,1,1,2026-06-11T15:10:38,2026-12-27T15:09:38,27091090480,"C=US, O=IdenTrust, OU=HydrantID Trusted Certificate Service, CN=HydrantID Server CA O1"
stsstg.nih.gov,No,Yes,1,1,2026-06-11T15:10:38,2026-12-27T15:09:38,27091090480,"C=US, O=IdenTrust, OU=HydrantID Trusted Certificate Service, CN=HydrantID Server CA O1"
stsstgb.nih.gov,No,Yes,1,1,2026-06-11T15:10:38,2026-12-27T15:09:38,27091090480,"C=US, O=IdenTrust, OU=HydrantID Trusted Certificate Service, CN=HydrantID Server CA O1"
stsstgp.nih.gov,No,Yes,1,1,2026-06-11T15:10:38,2026-12-27T15:09:38,27091090480,"C=US, O=IdenTrust, OU=HydrantID Trusted Certificate Service, CN=HydrantID Server CA O1"
stsstgpb.nih.gov,No,Yes,1,1,2026-06-11T15:10:38,2026-12-27T15:09:38,27091090480,"C=US, O=IdenTrust, OU=HydrantID Trusted Certificate Service, CN=HydrantID Server CA O1"
subscription.nhlbi.nih.gov,No,Yes,2,1,2025-09-15T20:17:49,2026-12-28T17:22:42,21041778013;27128788628,"C=US, O=IdenTrust, OU=HydrantID Trusted Certificate Service, CN=HydrantID Server CA O1"
summerhealthdisparities.nimhd.nih.gov,Yes,Yes,1,1,2025-10-31T15:27:00,2026-11-30T15:26:00,22122325098,"C=US, O=IdenTrust, OU=HydrantID Trusted Certificate Service, CN=HydrantID Server CA O1"
support.ncats.nih.gov,Yes,Yes,2,1,2026-08-28T21:30:50,2026-11-26T21:30:49,29304266366;29152041361,"C=US, O=Let's Encrypt, CN=YR2"
support.niddk.nih.gov,Yes,Yes,1,1,2025-12-16T13:56:50,2027-01-15T13:55:50,23156335289,"C=US, O=IdenTrust, OU=HydrantID Trusted Certificate Service, CN=HydrantID Server CA O1"
support.ninds.nih.gov,Yes,Yes,1,1,2025-09-19T17:28:23,2026-10-19T17:27:23,21136811796,"C=US, O=IdenTrust, OU=HydrantID Trusted Certificate Service, CN=HydrantID Server CA O1"
support.nlm.nih.gov,Yes,Yes,2,1,2026-06-11T00:00:00,2026-12-26T23:59:59,27092672457;27248222271,"C=US, O=DigiCert Inc, CN=DigiCert Global G2 TLS RSA SHA256 2020 CA1"
supportdev.ncats.nih.gov,Yes,Yes,3,1,2026-07-19T19:03:17,2026-12-16T21:00:46,28072822960;29536299503;28072822483,"C=US, O=Let's Encrypt, CN=YR2"
supportdev.ninds.nih.gov,Yes,Yes,1,1,2025-09-19T17:59:55,2026-10-19T17:58:55,21137318468,"C=US, O=IdenTrust, OU=HydrantID Trusted Certificate Service, CN=HydrantID Server CA O1"
supportqa.ncats.nih.gov,Yes,Yes,2,1,2026-08-28T07:30:56,2026-11-26T07:30:55,29568746750;29388610768,"C=US, O=Let's Encrypt, CN=YR2"
syndication.nih.gov,Yes,Yes,1,1,2026-01-21T21:20:06,2027-02-20T21:19:06,23905187946,"C=US, O=IdenTrust, OU=HydrantID Trusted Certificate Service, CN=HydrantID Server CA O1"
sys006.niaid.nih.gov,No,Yes,1,1,2026-06-15T18:57:33,2026-12-31T18:56:33,27212967432,"C=US, O=IdenTrust, OU=HydrantID Trusted Certificate Service, CN=HydrantID Server CA O1"
systemexemption-qa.niaid.nih.gov,No,Yes,3,1,2025-10-02T16:38:22,2026-11-06T01:02:19,21533856641;21423057584;21529084167,"C=US, O=IdenTrust, OU=HydrantID Trusted Certificate Service, CN=HydrantID Server CA O1"
systemexemption.niaid.nih.gov,No,Yes,1,1,2025-09-29T19:53:13,2026-10-29T19:52:13,21353874944,"C=US, O=IdenTrust, OU=HydrantID Trusted Certificate Service, CN=HydrantID Server CA O1"
t1diabetes.nih.gov,Yes,Yes,2,1,2026-05-12T00:00:00,2026-11-12T23:59:59,26270860775;26271645922,"C=US, O=DigiCert Inc, OU=www.digicert.com, CN=GeoTrust TLS RSA CA G1"
tableau-uat.fnlcr.nci.nih.gov,Yes,Yes,2,1,2026-05-12T00:00:00,2026-11-25T23:59:59,26287414521;26283289142,"C=US, O=Amazon, CN=Amazon RSA 2048 M01"
tableau.fnlcr.nci.nih.gov,Yes,Yes,2,1,2026-03-30T00:00:00,2026-10-13T23:59:59,25283070542;25304032616,"C=US, O=Amazon, CN=Amazon RSA 2048 M01"
tableau.oar.nih.gov,Yes,Yes,1,1,2026-05-28T19:31:46,2026-12-13T19:30:46,26714323332,"C=US, O=IdenTrust, OU=HydrantID Trusted Certificate Service, CN=HydrantID Server CA O1"
tableau.od.nih.gov,Yes,Yes,1,1,2026-05-18T18:44:22,2026-12-03T18:43:22,26495023867,"C=US, O=IdenTrust, OU=HydrantID Trusted Certificate Service, CN=HydrantID Server CA O1"
tableaudev.niaid.nih.gov,Yes,Yes,1,1,2026-05-15T22:09:39,2026-11-30T22:08:39,26455652360,"C=US, O=IdenTrust, OU=HydrantID Trusted Certificate Service, CN=HydrantID Server CA O1"
tableauqa.niaid.nih.gov,Yes,Yes,1,1,2026-05-15T22:07:56,2026-11-30T22:06:56,26455623223,"C=US, O=IdenTrust, OU=HydrantID Trusted Certificate Service, CN=HydrantID Server CA O1"
takemethere.cc.nih.gov,Yes,Yes,2,1,2026-01-30T00:00:00,2027-02-27T23:59:59,24067382299;24068676763,"C=US, O=Amazon, CN=Amazon RSA 2048 M04"
taraskalab.nhlbi.nih.gov,No,Yes,4,2,2026-07-19T13:35:18,2026-12-16T20:14:52,29533403077;29537364063;28066322782;28066323352,"C=US, O=Let's Encrypt, CN=YR1;C=US, O=Let's Encrypt, CN=YR2"
tasks.nida.nih.gov,Yes,Yes,1,1,2026-06-05T20:49:15,2026-12-21T20:48:15,26923146039,"C=US, O=IdenTrust, OU=HydrantID Trusted Certificate Service, CN=HydrantID Server CA O1"
tbportals.niaid.nih.gov,Yes,Yes,1,1,2025-11-10T00:00:00,2026-12-08T23:59:59,22360557031,"C=US, O=Amazon, CN=Amazon RSA 2048 M01"
teamworkdev-external.niaid.nih.gov,No,Yes,1,1,2026-08-06T12:52:46,2027-02-21T12:51:46,28588929250,"C=US, O=IdenTrust, OU=HydrantID Trusted Certificate Service, CN=HydrantID Server CA O1"
teamworkdev.niaid.nih.gov,Yes,Yes,1,1,2026-08-06T12:52:46,2027-02-21T12:51:46,28588929250,"C=US, O=IdenTrust, OU=HydrantID Trusted Certificate Service, CN=HydrantID Server CA O1"
teamworkdevmysite.niaid.nih.gov,No,Yes,1,1,2026-08-06T12:52:46,2027-02-21T12:51:46,28588929250,"C=US, O=IdenTrust, OU=HydrantID Trusted Certificate Service, CN=HydrantID Server CA O1"
teamworkextqa-vip.niaid.nih.gov,No,Yes,1,1,2025-12-15T14:51:16,2027-01-14T14:50:16,23135732252,"C=US, O=IdenTrust, OU=HydrantID Trusted Certificate Service, CN=HydrantID Server CA O1"
teamworkextqa.niaid.nih.gov,No,Yes,1,1,2025-12-15T14:51:16,2027-01-14T14:50:16,23135732252,"C=US, O=IdenTrust, OU=HydrantID Trusted Certificate Service, CN=HydrantID Server CA O1"
teamworkqa-vip.niaid.nih.gov,No,Yes,1,1,2025-12-15T14:51:16,2027-01-14T14:50:16,23135732252,"C=US, O=IdenTrust, OU=HydrantID Trusted Certificate Service, CN=HydrantID Server CA O1"
teamworkqa.niaid.nih.gov,Yes,Yes,1,1,2025-12-15T14:51:16,2027-01-14T14:50:16,23135732252,"C=US, O=IdenTrust, OU=HydrantID Trusted Certificate Service, CN=HydrantID Server CA O1"
teamworkqamysite-vip.niaid.nih.gov,No,Yes,1,1,2025-12-15T14:51:16,2027-01-14T14:50:16,23135732252,"C=US, O=IdenTrust, OU=HydrantID Trusted Certificate Service, CN=HydrantID Server CA O1"
teamworkqamysite.niaid.nih.gov,No,Yes,1,1,2025-12-15T14:51:16,2027-01-14T14:50:16,23135732252,"C=US, O=IdenTrust, OU=HydrantID Trusted Certificate Service, CN=HydrantID Server CA O1"
teamworkqaoos.niaid.nih.gov,Yes,Yes,1,1,2025-12-15T15:27:26,2027-01-14T15:26:26,23136267598,"C=US, O=IdenTrust, OU=HydrantID Trusted Certificate Service, CN=HydrantID Server CA O1"
tech.nih.gov,Yes,Yes,1,1,2026-05-04T16:32:17,2026-11-19T16:31:17,26312875487,"C=US, O=IdenTrust, OU=HydrantID Trusted Certificate Service, CN=HydrantID Server CA O1"
techfinder.nhlbi.nih.gov,No,Yes,1,1,2026-06-12T17:23:42,2026-12-28T17:22:42,27128788628,"C=US, O=IdenTrust, OU=HydrantID Trusted Certificate Service, CN=HydrantID Server CA O1"
techtransfer.nih.gov,Yes,Yes,10,3,2026-07-27T15:49:32,2026-11-24T11:02:12,28296719858;28296986737;29298291417;28296984431;28296699181;29086543424;28296716483;28296995809;28297000627;28296722637,"C=US, O=Let's Encrypt, CN=YR1;C=US, O=Let's Encrypt, CN=YE2;C=US, O=Let's Encrypt, CN=YR2"
telework.od.nih.gov,Yes,Yes,3,2,2025-12-15T10:49:40,2026-12-15T10:49:40,23131925963;28401708499;28401708582,"C=US, ST=Arizona, L=Scottsdale, O=""GoDaddy.com, Inc."", OU=http://certs.godaddy.com/repository/, CN=Go Daddy Secure Certificate Authority - G2;C=US, O=Let's Encrypt, CN=YE1"
terra.biodatacatalyst.nhlbi.nih.gov,No,Yes,7,2,2025-10-30T21:38:42,2026-12-21T14:04:04,28453573208;22642398475;22109285471;28453566194;22109276665;22446825026;22539221384,"C=US, O=IdenTrust, OU=HydrantID Trusted Certificate Service, CN=HydrantID Server CA O1;C=US, O=Let's Encrypt, CN=YR2"
test-aws.nhgri.nih.gov,Yes,Yes,1,1,2026-08-21T00:00:00,2027-03-06T23:59:59,28894141203,"C=US, O=Amazon, CN=Amazon RSA 2048 M04"
test-nbdc-biobank.nida.nih.gov,Yes,Yes,1,1,2026-07-28T19:21:00,2027-02-12T19:20:00,28328976661,"C=US, O=IdenTrust, OU=HydrantID Trusted Certificate Service, CN=HydrantID Server CA O1"
test-schare.nimhd.nih.gov,Yes,Yes,2,1,2026-07-19T03:05:03,2026-10-17T03:05:02,28054527705;28054527880,"C=US, O=Let's Encrypt, CN=YR1"
test.era.nih.gov,Yes,Yes,1,1,2026-04-28T14:29:05,2026-11-12T14:29:05,25889135490,"C=US, ST=Arizona, L=Scottsdale, O=""GoDaddy.com, Inc."", OU=http://certs.godaddy.com/repository/, CN=Go Daddy Secure Certificate Authority - G2"
test.radx-hub.ha.nih.gov,No,Yes,1,1,2025-09-30T15:22:01,2026-10-30T15:21:01,21376441714,"C=US, O=IdenTrust, OU=HydrantID Trusted Certificate Service, CN=HydrantID Server CA O1"
test.radx-hub.nih.gov,Yes,Yes,1,1,2025-09-30T15:22:01,2026-10-30T15:21:01,21376441714,"C=US, O=IdenTrust, OU=HydrantID Trusted Certificate Service, CN=HydrantID Server CA O1"
test.repository.niddk.nih.gov,Yes,Yes,1,1,2026-05-13T19:36:10,2026-11-28T19:35:10,26435327521,"C=US, O=IdenTrust, OU=HydrantID Trusted Certificate Service, CN=HydrantID Server CA O1"
test.saavi.nih.gov,Yes,Yes,1,1,2025-10-17T18:00:54,2026-11-16T17:59:54,21787956242,"C=US, O=IdenTrust, OU=HydrantID Trusted Certificate Service, CN=HydrantID Server CA O1"
test.search.repository.niddk.nih.gov,Yes,Yes,1,1,2026-08-21T14:29:52,2027-03-08T14:28:52,28885595509,"C=US, O=IdenTrust, OU=HydrantID Trusted Certificate Service, CN=HydrantID Server CA O1"
test2rag.od.nih.gov,Yes,Yes,2,1,2026-06-16T00:00:00,2026-12-16T23:59:59,27328162399;27240992602,"C=US, O=DigiCert Inc, OU=www.digicert.com, CN=GeoTrust TLS RSA CA G1"
testdomain.nih.gov,No,Yes,2,1,2026-02-05T15:04:58,2027-02-15T15:47:15,24204343221;24825540855,"C=US, ST=Arizona, L=Scottsdale, O=""GoDaddy.com, Inc."", OU=http://certs.godaddy.com/repository/, CN=Go Daddy Secure Certificate Authority - G2"
testdomain2.nih.gov,No,Yes,2,1,2026-02-05T15:04:58,2027-02-15T15:47:15,24204343221;24825540855,"C=US, ST=Arizona, L=Scottsdale, O=""GoDaddy.com, Inc."", OU=http://certs.godaddy.com/repository/, CN=Go Daddy Secure Certificate Authority - G2"
testdomain3.nih.gov,No,Yes,2,1,2026-02-05T15:04:58,2027-02-15T15:47:15,24204343221;24825540855,"C=US, ST=Arizona, L=Scottsdale, O=""GoDaddy.com, Inc."", OU=http://certs.godaddy.com/repository/, CN=Go Daddy Secure Certificate Authority - G2"
testjpd.nhlbi.nih.gov,Yes,Yes,2,1,2026-01-29T19:57:23,2027-02-17T16:59:08,24471409300;24064082075,"C=US, O=IdenTrust, OU=HydrantID Trusted Certificate Service, CN=HydrantID Server CA O1"
testk2.fic.nih.gov,Yes,Yes,1,1,2025-11-04T18:07:12,2026-12-04T18:06:12,22205733230,"C=US, O=IdenTrust, OU=HydrantID Trusted Certificate Service, CN=HydrantID Server CA O1"
testspapps.nichd.nih.gov,Yes,Yes,2,1,2026-08-06T00:00:00,2027-02-20T23:59:59,28591269800;28591273642,"C=GB, O=Sectigo Limited, CN=Sectigo Public Server Authentication CA DV R36"
testssrs.fic.nih.gov,Yes,Yes,1,1,2025-11-04T18:07:39,2026-12-04T18:06:39,22205751985,"C=US, O=IdenTrust, OU=HydrantID Trusted Certificate Service, CN=HydrantID Server CA O1"
testwebservices.fic.nih.gov,Yes,Yes,1,1,2025-11-04T18:08:07,2026-12-04T18:07:07,22205751780,"C=US, O=IdenTrust, OU=HydrantID Trusted Certificate Service, CN=HydrantID Server CA O1"
text2sql.niehs.nih.gov,No,Yes,1,1,2026-08-27T16:08:02,2026-11-25T16:08:01,29426901856,"C=US, O=Let's Encrypt, CN=YR1"
tfs.niaid.nih.gov,Yes,Yes,1,1,2026-06-06T03:02:21,2026-12-22T03:01:21,26930242912,"C=US, O=IdenTrust, OU=HydrantID Trusted Certificate Service, CN=HydrantID Server CA O1"
tls.automattic.com,Yes,No,9,2,2026-08-14T18:24:26,2026-12-08T08:27:20,29504566982;28861156096;29502765412;28922992489;28857074607;29539894033;28865856210;29502839319;29515942698,"C=US, O=Let's Encrypt, CN=YE2;C=US, O=Let's Encrypt, CN=YE1"
tobacco.nci.nih.gov,Yes,Yes,1,1,2026-07-20T00:00:00,2027-02-03T23:59:59,28100661028,"C=US, O=DigiCert Inc, CN=DigiCert Global G2 TLS RSA SHA256 2020 CA1"
tobaccofree.nih.gov,Yes,Yes,1,1,2025-12-15T15:30:45,2027-01-14T15:29:45,23136313331,"C=US, O=IdenTrust, OU=HydrantID Trusted Certificate Service, CN=HydrantID Server CA O1"
tokenvault.niaid.nih.gov,Yes,Yes,1,1,2026-04-07T14:06:58,2026-10-23T14:05:58,25611425872,"C=US, O=IdenTrust, OU=HydrantID Trusted Certificate Service, CN=HydrantID Server CA O1"
toms.nih.gov,Yes,Yes,1,1,2026-07-21T18:49:50,2027-02-05T18:48:50,28131659144,"C=US, O=IdenTrust, OU=HydrantID Trusted Certificate Service, CN=HydrantID Server CA O1"
tomsstage.nih.gov,Yes,Yes,1,1,2026-06-23T19:06:06,2027-01-08T19:05:06,27430259329,"C=US, O=IdenTrust, OU=HydrantID Trusted Certificate Service, CN=HydrantID Server CA O1"
toolkit.ncats.nih.gov,Yes,Yes,1,1,2026-08-19T18:33:34,2027-03-06T18:32:34,28855529796,"C=US, O=IdenTrust, OU=HydrantID Trusted Certificate Service, CN=HydrantID Server CA O1"
tools.niehs.nih.gov,Yes,Yes,5,3,2026-02-11T00:00:00,2027-03-16T23:59:59,29441412356;29276032460;24340766066;24495427280;29360165874,"C=US, O=Let's Encrypt, CN=YR1;C=US, O=Let's Encrypt, CN=YR2;C=US, O=DigiCert Inc, CN=DigiCert Global G2 TLS RSA SHA256 2020 CA1"
tools1dev1.niehs.nih.gov,No,Yes,1,1,2025-10-17T00:00:00,2026-10-16T23:59:59,21786469075,"C=US, O=DigiCert Inc, CN=DigiCert Global G2 TLS RSA SHA256 2020 CA1"
tools1prd1.niehs.nih.gov,No,Yes,3,2,2025-11-20T00:00:00,2027-02-10T23:59:59,24340766066;22624796419;29441412356,"C=US, O=Let's Encrypt, CN=YR1;C=US, O=DigiCert Inc, CN=DigiCert Global G2 TLS RSA SHA256 2020 CA1"
tools1tst1.niehs.nih.gov,No,Yes,1,1,2025-10-17T00:00:00,2026-10-16T23:59:59,21786873851,"C=US, O=DigiCert Inc, CN=DigiCert Global G2 TLS RSA SHA256 2020 CA1"
tools2dev2.niehs.nih.gov,No,Yes,1,1,2025-10-17T00:00:00,2026-10-16T23:59:59,21786469075,"C=US, O=DigiCert Inc, CN=DigiCert Global G2 TLS RSA SHA256 2020 CA1"
tools2prd2.niehs.nih.gov,No,Yes,3,2,2025-11-20T00:00:00,2027-02-10T23:59:59,24340766066;22624796419;29441412356,"C=US, O=Let's Encrypt, CN=YR1;C=US, O=DigiCert Inc, CN=DigiCert Global G2 TLS RSA SHA256 2020 CA1"
tools2tst2.niehs.nih.gov,No,Yes,1,1,2025-10-17T00:00:00,2026-10-16T23:59:59,21786873851,"C=US, O=DigiCert Inc, CN=DigiCert Global G2 TLS RSA SHA256 2020 CA1"
tools3prd3.niehs.nih.gov,No,Yes,3,2,2025-11-20T00:00:00,2027-02-10T23:59:59,24340766066;22624796419;29441412356,"C=US, O=Let's Encrypt, CN=YR1;C=US, O=DigiCert Inc, CN=DigiCert Global G2 TLS RSA SHA256 2020 CA1"
tools4prd4.niehs.nih.gov,No,Yes,3,2,2025-11-20T00:00:00,2027-02-10T23:59:59,24340766066;22624796419;29441412356,"C=US, O=Let's Encrypt, CN=YR1;C=US, O=DigiCert Inc, CN=DigiCert Global G2 TLS RSA SHA256 2020 CA1"
topmed.nhlbi.nih.gov,Yes,Yes,1,1,2026-07-27T20:15:24,2027-02-11T20:14:24,28300800420,"C=US, O=IdenTrust, OU=HydrantID Trusted Certificate Service, CN=HydrantID Server CA O1"
tortoise.nibib.nih.gov,Yes,Yes,1,1,2025-09-30T20:29:18,2026-10-30T20:28:18,21381678109,"C=US, O=IdenTrust, OU=HydrantID Trusted Certificate Service, CN=HydrantID Server CA O1"
tower.nci.nih.gov,Yes,Yes,1,1,2026-09-18T13:26:30,2026-12-17T13:26:29,29528236809,"C=US, O=Let's Encrypt, CN=YR1"
tox21.ncats.nih.gov,Yes,Yes,1,1,2025-09-09T16:10:44,2026-10-09T16:09:44,20901086147,"C=US, O=IdenTrust, OU=HydrantID Trusted Certificate Service, CN=HydrantID Server CA O1"
traffic.nih.gov,Yes,Yes,1,1,2026-03-24T19:35:47,2026-10-09T19:34:47,25198624328,"C=US, O=IdenTrust, OU=HydrantID Trusted Certificate Service, CN=HydrantID Server CA O1"
training.cit.nih.gov,Yes,Yes,1,1,2025-12-08T15:53:39,2027-01-07T15:52:39,22982440905,"C=US, O=IdenTrust, OU=HydrantID Trusted Certificate Service, CN=HydrantID Server CA O1"
training.nih.gov,Yes,Yes,3,3,2026-06-30T00:00:00,2027-01-13T23:59:59,27584781552;29227310397;29634680313,"C=US, O=Let's Encrypt, CN=YR2;C=US, O=Amazon, CN=Amazon RSA 2048 M01;C=US, O=Let's Encrypt, CN=YE1"
trainingcenter.nih.gov,No,Yes,9,5,2025-12-15T10:49:40,2026-12-15T10:49:40,28187559076;28187305431;28187310294;23131925963;28187314781;28187567857;28187579446;28187558893;28187312614,"C=US, O=Let's Encrypt, CN=YR1;C=US, O=Let's Encrypt, CN=YR2;C=US, ST=Arizona, L=Scottsdale, O=""GoDaddy.com, Inc."", OU=http://certs.godaddy.com/repository/, CN=Go Daddy Secure Certificate Authority - G2;C=US, O=Let's Encrypt, CN=YE2;C=US, O=Let's Encrypt, CN=YE1"
travel-qa.niaid.nih.gov,No,Yes,1,1,2026-08-19T19:54:27,2027-03-06T19:53:27,28856177981,"C=US, O=IdenTrust, OU=HydrantID Trusted Certificate Service, CN=HydrantID Server CA O1"
travel-sandbox.niaid.nih.gov,No,Yes,1,1,2026-08-19T19:54:27,2027-03-06T19:53:27,28856177981,"C=US, O=IdenTrust, OU=HydrantID Trusted Certificate Service, CN=HydrantID Server CA O1"
travel.niaid.nih.gov,Yes,Yes,1,1,2025-11-13T15:14:02,2026-12-13T15:13:02,22441718622,"C=US, O=IdenTrust, OU=HydrantID Trusted Certificate Service, CN=HydrantID Server CA O1"
travelpolicychatbot.od.nih.gov,Yes,Yes,1,1,2026-06-11T15:09:56,2026-12-27T15:08:56,27091088174,"C=US, O=IdenTrust, OU=HydrantID Trusted Certificate Service, CN=HydrantID Server CA O1"
trekwiki-i-aws.nhgri.nih.gov,No,Yes,1,1,2025-10-15T00:00:00,2026-11-13T23:59:59,21740629482,"C=US, O=Amazon, CN=Amazon RSA 2048 M01"
trials-dev.nci.nih.gov,No,Yes,3,1,2026-08-21T00:00:00,2027-03-07T23:59:59,28892837062;28892829113;28895027858,"C=US, O=DigiCert Inc, CN=DigiCert Global G2 TLS RSA SHA256 2020 CA1"
trials-prod.nci.nih.gov,No,Yes,3,1,2026-08-21T00:00:00,2027-03-07T23:59:59,28892837062;28892829113;28895027858,"C=US, O=DigiCert Inc, CN=DigiCert Global G2 TLS RSA SHA256 2020 CA1"
trials-staging.nci.nih.gov,No,Yes,3,1,2026-08-21T00:00:00,2027-03-07T23:59:59,28892837062;28892829113;28895027858,"C=US, O=DigiCert Inc, CN=DigiCert Global G2 TLS RSA SHA256 2020 CA1"
trials.nci.nih.gov,Yes,Yes,3,1,2026-08-21T00:00:00,2027-03-07T23:59:59,28892837062;28892829113;28895027858,"C=US, O=DigiCert Inc, CN=DigiCert Global G2 TLS RSA SHA256 2020 CA1"
tripod.nih.gov,Yes,Yes,1,1,2026-03-24T16:11:00,2026-10-09T16:10:00,25195553229,"C=US, O=IdenTrust, OU=HydrantID Trusted Certificate Service, CN=HydrantID Server CA O1"
trnd.nih.gov,Yes,Yes,1,1,2025-10-02T17:23:37,2026-11-01T17:22:37,21423773875,"C=US, O=IdenTrust, OU=HydrantID Trusted Certificate Service, CN=HydrantID Server CA O1"
tstone.repository.niddk.nih.gov,Yes,Yes,2,1,2025-09-23T16:46:12,2027-01-16T19:45:05,23184520483;21225965504,"C=US, O=IdenTrust, OU=HydrantID Trusted Certificate Service, CN=HydrantID Server CA O1"
tube-store.ncats.nih.gov,Yes,Yes,1,1,2026-03-26T14:30:20,2026-10-11T14:29:20,25235023707,"C=US, O=IdenTrust, OU=HydrantID Trusted Certificate Service, CN=HydrantID Server CA O1"
twra-qa.niaid.nih.gov,No,Yes,3,1,2025-10-02T16:38:22,2026-11-06T01:02:19,21533856641;21423057584;21529084167,"C=US, O=IdenTrust, OU=HydrantID Trusted Certificate Service, CN=HydrantID Server CA O1"
twra-vip.niaid.nih.gov,No,Yes,1,1,2025-09-29T19:53:13,2026-10-29T19:52:13,21353874944,"C=US, O=IdenTrust, OU=HydrantID Trusted Certificate Service, CN=HydrantID Server CA O1"
twra.niaid.nih.gov,No,Yes,1,1,2025-09-29T19:53:13,2026-10-29T19:52:13,21353874944,"C=US, O=IdenTrust, OU=HydrantID Trusted Certificate Service, CN=HydrantID Server CA O1"
twraqa-vip.niaid.nih.gov,No,Yes,3,1,2025-10-02T16:38:22,2026-11-06T01:02:19,21533856641;21423057584;21529084167,"C=US, O=IdenTrust, OU=HydrantID Trusted Certificate Service, CN=HydrantID Server CA O1"
uat.era.nih.gov,Yes,Yes,1,1,2026-04-01T14:03:44,2026-10-16T14:03:44,25303601959,"C=US, ST=Arizona, L=Scottsdale, O=""GoDaddy.com, Inc."", OU=http://certs.godaddy.com/repository/, CN=Go Daddy Secure Certificate Authority - G2"
uatexploredata.nichd.nih.gov,No,Yes,2,1,2026-03-26T15:15:39,2026-10-25T20:27:51,25235691601;25705924024,"C=US, O=IdenTrust, OU=HydrantID Trusted Certificate Service, CN=HydrantID Server CA O1"
uc.nih.gov,No,Yes,6,1,2025-12-31T00:00:00,2027-02-05T23:59:59,23483690106;23481226225;23483693025;23573691198;23573689647;23481226924,"C=CA, O=Entrust Limited, CN=Entrust OV TLS Issuing RSA CA 2"
uccazlebfprd01.cit.nih.gov,Yes,Yes,1,1,2026-04-23T18:26:14,2026-11-08T18:25:14,26131537067,"C=US, O=IdenTrust, OU=HydrantID Trusted Certificate Service, CN=HydrantID Server CA O1"
uccazlebfprd02.cit.nih.gov,Yes,Yes,1,1,2026-04-23T18:26:37,2026-11-08T18:25:37,26131552232,"C=US, O=IdenTrust, OU=HydrantID Trusted Certificate Service, CN=HydrantID Server CA O1"
ucceventsupport.cit.nih.gov,Yes,Yes,1,1,2025-09-15T14:57:55,2026-10-15T14:56:55,21036693321,"C=US, O=IdenTrust, OU=HydrantID Trusted Certificate Service, CN=HydrantID Server CA O1"
uda.niddk.nih.gov,Yes,Yes,2,1,2026-05-16T00:00:00,2026-11-16T23:59:59,26513044405;26378725773,"C=US, O=DigiCert Inc, OU=www.digicert.com, CN=GeoTrust TLS RSA CA G1"
udpwiki.nhgri.nih.gov,No,Yes,1,1,2025-10-15T00:00:00,2026-11-13T23:59:59,21740629482,"C=US, O=Amazon, CN=Amazon RSA 2048 M01"
ugm-azure-dev.niaid.nih.gov,Yes,Yes,2,1,2026-06-16T00:00:00,2026-12-16T23:59:59,27230829579;27323515578,"C=US, O=DigiCert Inc, OU=www.digicert.com, CN=GeoTrust TLS RSA CA G1"
ugm-azure.niaid.nih.gov,Yes,Yes,2,1,2026-06-17T00:00:00,2026-12-17T23:59:59,27331012568;27247173449,"C=US, O=DigiCert Inc, OU=www.digicert.com, CN=GeoTrust TLS RSA CA G1"
ugm.niaid.nih.gov,Yes,Yes,3,2,2026-04-16T16:27:54,2026-12-08T23:59:59,27001827168;25932100930;27001805170,"C=US, O=IdenTrust, OU=HydrantID Trusted Certificate Service, CN=HydrantID Server CA O1;C=US, O=DigiCert Inc, OU=www.digicert.com, CN=GeoTrust TLS RSA CA G1"
uma-stage.nimhd.nih.gov,No,Yes,1,1,2026-04-08T17:03:30,2026-10-24T17:02:30,25657636018,"C=US, O=IdenTrust, OU=HydrantID Trusted Certificate Service, CN=HydrantID Server CA O1"
uma.nimhd.nih.gov,Yes,Yes,1,1,2026-04-08T17:03:30,2026-10-24T17:02:30,25657636018,"C=US, O=IdenTrust, OU=HydrantID Trusted Certificate Service, CN=HydrantID Server CA O1"
unifiedeventmanager.cit.nih.gov,Yes,Yes,1,1,2025-09-15T15:06:45,2026-10-15T15:05:45,21036836334,"C=US, O=IdenTrust, OU=HydrantID Trusted Certificate Service, CN=HydrantID Server CA O1"
unite.nih.gov,Yes,Yes,1,1,2026-01-08T16:45:07,2027-02-07T16:44:07,23636263319,"C=US, O=IdenTrust, OU=HydrantID Trusted Certificate Service, CN=HydrantID Server CA O1"
usda.nih.gov,Yes,Yes,3,1,2026-09-03T10:14:40,2026-12-02T10:26:36,29310895693;29310968689;29310575207,"C=US, O=Let's Encrypt, CN=YE2"
usphs2.cit.nih.gov,Yes,Yes,1,1,2026-01-21T21:20:43,2027-02-20T21:19:43,23905188951,"C=US, O=IdenTrust, OU=HydrantID Trusted Certificate Service, CN=HydrantID Server CA O1"
usrds-adr-api.niddk.nih.gov,Yes,Yes,5,1,2025-12-02T15:47:37,2027-01-09T21:14:15,22983569652;22894351400;22865629183;23040916420;22865662063,"C=US, O=IdenTrust, OU=HydrantID Trusted Certificate Service, CN=HydrantID Server CA O1"
usrds-adr.niddk.nih.gov,Yes,Yes,5,1,2025-12-02T15:49:55,2027-01-09T21:14:05,22865662032;23040916364;22865662136;22894351474;22983541091,"C=US, O=IdenTrust, OU=HydrantID Trusted Certificate Service, CN=HydrantID Server CA O1"
usrds-tools.niddk.nih.gov,Yes,Yes,1,1,2025-12-04T16:54:49,2027-01-03T16:53:49,22893837960,"C=US, O=IdenTrust, OU=HydrantID Trusted Certificate Service, CN=HydrantID Server CA O1"
utilities.niehs.nih.gov,No,Yes,2,2,2026-02-11T00:00:00,2027-02-10T23:59:59,24340766066;29441412356,"C=US, O=Let's Encrypt, CN=YR1;C=US, O=DigiCert Inc, CN=DigiCert Global G2 TLS RSA SHA256 2020 CA1"
utilities1prd1.niehs.nih.gov,No,Yes,3,2,2025-11-20T00:00:00,2027-02-10T23:59:59,24340766066;22624796419;29441412356,"C=US, O=Let's Encrypt, CN=YR1;C=US, O=DigiCert Inc, CN=DigiCert Global G2 TLS RSA SHA256 2020 CA1"
utilities2prd2.niehs.nih.gov,No,Yes,3,2,2025-11-20T00:00:00,2027-02-10T23:59:59,24340766066;22624796419;29441412356,"C=US, O=Let's Encrypt, CN=YR1;C=US, O=DigiCert Inc, CN=DigiCert Global G2 TLS RSA SHA256 2020 CA1"
utilities3prd3.niehs.nih.gov,No,Yes,3,2,2025-11-20T00:00:00,2027-02-10T23:59:59,24340766066;22624796419;29441412356,"C=US, O=Let's Encrypt, CN=YR1;C=US, O=DigiCert Inc, CN=DigiCert Global G2 TLS RSA SHA256 2020 CA1"
utilities4prd4.niehs.nih.gov,No,Yes,3,2,2025-11-20T00:00:00,2027-02-10T23:59:59,24340766066;22624796419;29441412356,"C=US, O=Let's Encrypt, CN=YR1;C=US, O=DigiCert Inc, CN=DigiCert Global G2 TLS RSA SHA256 2020 CA1"
vac.niaid.nih.gov,Yes,Yes,1,1,2025-10-21T12:37:06,2026-11-20T12:36:06,21884282525,"C=US, O=IdenTrust, OU=HydrantID Trusted Certificate Service, CN=HydrantID Server CA O1"
valcap.globe.nih.gov,Yes,Yes,3,2,2025-09-11T00:00:00,2027-02-25T23:59:59,20939757578;28767273530;20936686291,"C=US, O=Amazon, CN=Amazon RSA 2048 M04;C=US, O=Amazon, CN=Amazon RSA 2048 M01"
valhalla.nhgri.nih.gov,No,Yes,1,1,2026-07-30T15:20:49,2027-02-14T15:19:49,28382643329,"C=US, O=IdenTrust, OU=HydrantID Trusted Certificate Service, CN=HydrantID Server CA O1"
variantrx-int.nci.nih.gov,Yes,Yes,2,1,2026-05-14T00:00:00,2026-11-27T23:59:59,26355678269;26444752155,"C=US, O=Amazon, CN=Amazon RSA 2048 M01"
variantrx-uat.nci.nih.gov,Yes,Yes,2,1,2026-05-14T00:00:00,2026-11-27T23:59:59,26357969364;26332464697,"C=US, O=Amazon, CN=Amazon RSA 2048 M01"
variantrx.nci.nih.gov,Yes,Yes,2,1,2026-05-14T00:00:00,2026-11-27T23:59:59,26356241048;26332243109,"C=US, O=Amazon, CN=Amazon RSA 2048 M01"
vault-dev.niaid.nih.gov,Yes,Yes,1,1,2026-01-06T16:41:54,2027-02-05T16:40:54,23590916486,"C=US, O=IdenTrust, OU=HydrantID Trusted Certificate Service, CN=HydrantID Server CA O1"
vault.niaid.nih.gov,Yes,Yes,1,1,2026-08-07T18:21:11,2027-02-22T18:20:11,28626849798,"C=US, O=IdenTrust, OU=HydrantID Trusted Certificate Service, CN=HydrantID Server CA O1"
vcenter70.nci.nih.gov,Yes,Yes,1,1,2026-01-27T00:00:00,2027-02-25T23:59:59,24012077307,"C=US, O=DigiCert Inc, CN=DigiCert Global G2 TLS RSA SHA256 2020 CA1"
vcs105prod-vip.niaid.nih.gov,No,Yes,1,1,2025-09-18T16:11:45,2026-10-18T16:10:45,21111567868,"C=US, O=IdenTrust, OU=HydrantID Trusted Certificate Service, CN=HydrantID Server CA O1"
vcs105qa-vip.niaid.nih.gov,No,Yes,1,1,2025-09-10T14:31:02,2026-10-10T14:30:02,20923131087,"C=US, O=IdenTrust, OU=HydrantID Trusted Certificate Service, CN=HydrantID Server CA O1"
vdi.nih.gov,Yes,Yes,1,1,2026-06-15T19:38:42,2026-12-31T19:37:42,27213710257,"C=US, O=IdenTrust, OU=HydrantID Trusted Certificate Service, CN=HydrantID Server CA O1"
vedrms-qa.niaid.nih.gov,Yes,Yes,1,1,2025-09-10T14:31:02,2026-10-10T14:30:02,20923131087,"C=US, O=IdenTrust, OU=HydrantID Trusted Certificate Service, CN=HydrantID Server CA O1"
vedrms.niaid.nih.gov,Yes,Yes,1,1,2025-09-18T16:11:45,2026-10-18T16:10:45,21111567868,"C=US, O=IdenTrust, OU=HydrantID Trusted Certificate Service, CN=HydrantID Server CA O1"
vhicl-ims.niaid.nih.gov,No,Yes,1,1,2026-05-11T20:45:13,2026-11-26T20:44:13,26418276657,"C=US, O=IdenTrust, OU=HydrantID Trusted Certificate Service, CN=HydrantID Server CA O1"
vhicl-imsdev.niaid.nih.gov,Yes,Yes,1,1,2026-07-23T17:22:50,2027-02-07T17:21:50,28187511991,"C=US, O=IdenTrust, OU=HydrantID Trusted Certificate Service, CN=HydrantID Server CA O1"
vial-store.ncats.nih.gov,Yes,Yes,1,1,2026-03-26T14:29:10,2026-10-11T14:28:10,25235000819,"C=US, O=IdenTrust, OU=HydrantID Trusted Certificate Service, CN=HydrantID Server CA O1"
videocast-b.nih.gov,No,Yes,1,1,2026-02-06T19:25:08,2027-03-08T19:24:08,24228865431,"C=US, O=IdenTrust, OU=HydrantID Trusted Certificate Service, CN=HydrantID Server CA O1"
videocast.nih.gov,Yes,Yes,1,1,2026-02-06T19:25:08,2027-03-08T19:24:08,24228865431,"C=US, O=IdenTrust, OU=HydrantID Trusted Certificate Service, CN=HydrantID Server CA O1"
view.connect.niams.nih.gov,Yes,Yes,1,1,2025-12-11T00:00:00,2027-01-11T23:59:59,23055203950,"C=US, O=DigiCert Inc, CN=DigiCert Global G2 TLS RSA SHA256 2020 CA1"
visit.nih.gov,Yes,Yes,1,1,2025-12-09T16:18:40,2027-01-08T16:17:40,23006392494,"C=US, O=IdenTrust, OU=HydrantID Trusted Certificate Service, CN=HydrantID Server CA O1"
visitnih.nih.gov,Yes,Yes,2,1,2025-11-13T16:56:18,2027-02-21T19:31:21,22441781244;23922158428,"C=US, O=IdenTrust, OU=HydrantID Trusted Certificate Service, CN=HydrantID Server CA O1"
vitl-edms-qa.niaid.nih.gov,No,Yes,1,1,2025-09-10T14:31:02,2026-10-10T14:30:02,20923131087,"C=US, O=IdenTrust, OU=HydrantID Trusted Certificate Service, CN=HydrantID Server CA O1"
vitl-edms.niaid.nih.gov,No,Yes,1,1,2025-09-18T16:11:45,2026-10-18T16:10:45,21111567868,"C=US, O=IdenTrust, OU=HydrantID Trusted Certificate Service, CN=HydrantID Server CA O1"
vmd-xplor.cit.nih.gov,No,Yes,2,1,2026-08-15T12:37:10,2026-11-13T12:37:09,28862822404;28892640968,"C=US, O=Let's Encrypt, CN=YR1"
vmd-xplor.niddk.nih.gov,No,Yes,2,1,2026-08-15T12:37:10,2026-11-13T12:37:09,28862822404;28892640968,"C=US, O=Let's Encrypt, CN=YR1"
vmdev.od.nih.gov,Yes,Yes,1,1,2026-04-23T18:24:13,2026-11-08T18:23:13,26131487137,"C=US, O=IdenTrust, OU=HydrantID Trusted Certificate Service, CN=HydrantID Server CA O1"
voicemail.nih.gov,Yes,Yes,1,1,2026-01-12T14:44:24,2027-02-11T14:43:24,23723187160,"C=US, O=IdenTrust, OU=HydrantID Trusted Certificate Service, CN=HydrantID Server CA O1"
vpp-edms-qa.niaid.nih.gov,No,Yes,1,1,2025-09-10T14:31:02,2026-10-10T14:30:02,20923131087,"C=US, O=IdenTrust, OU=HydrantID Trusted Certificate Service, CN=HydrantID Server CA O1"
vpp-edms.niaid.nih.gov,No,Yes,1,1,2025-09-18T16:11:45,2026-10-18T16:10:45,21111567868,"C=US, O=IdenTrust, OU=HydrantID Trusted Certificate Service, CN=HydrantID Server CA O1"
vro.ncw.niaid.nih.gov,No,Yes,1,1,2026-02-24T17:47:36,2027-03-26T17:46:36,24621573310,"C=US, O=IdenTrust, OU=HydrantID Trusted Certificate Service, CN=HydrantID Server CA O1"
vro.ncwdev-intra-vip.niaid.nih.gov,No,Yes,2,1,2026-04-28T12:35:35,2026-11-21T20:11:26,26251744163;26376771518,"C=US, O=IdenTrust, OU=HydrantID Trusted Certificate Service, CN=HydrantID Server CA O1"
vro.ncwdev-intra.niaid.nih.gov,No,Yes,2,1,2026-04-28T12:35:35,2026-11-21T20:11:26,26251744163;26376771518,"C=US, O=IdenTrust, OU=HydrantID Trusted Certificate Service, CN=HydrantID Server CA O1"
vro.ncwdev-vip.niaid.nih.gov,No,Yes,2,1,2026-04-28T12:35:35,2026-11-21T20:11:26,26251744163;26376771518,"C=US, O=IdenTrust, OU=HydrantID Trusted Certificate Service, CN=HydrantID Server CA O1"
vro.ncwdev.niaid.nih.gov,No,Yes,2,1,2026-04-28T12:35:35,2026-11-21T20:11:26,26251744163;26376771518,"C=US, O=IdenTrust, OU=HydrantID Trusted Certificate Service, CN=HydrantID Server CA O1"
vro.ncwqa-intra-vip.niaid.nih.gov,No,Yes,1,1,2026-06-24T16:52:27,2027-01-09T16:51:27,27454408088,"C=US, O=IdenTrust, OU=HydrantID Trusted Certificate Service, CN=HydrantID Server CA O1"
vro.ncwqa-intra.niaid.nih.gov,No,Yes,1,1,2026-06-24T16:52:27,2027-01-09T16:51:27,27454408088,"C=US, O=IdenTrust, OU=HydrantID Trusted Certificate Service, CN=HydrantID Server CA O1"
vro.ncwqa-vip.niaid.nih.gov,No,Yes,1,1,2026-06-24T16:52:27,2027-01-09T16:51:27,27454408088,"C=US, O=IdenTrust, OU=HydrantID Trusted Certificate Service, CN=HydrantID Server CA O1"
vro.ncwqa.niaid.nih.gov,No,Yes,1,1,2026-06-24T16:52:27,2027-01-09T16:51:27,27454408088,"C=US, O=IdenTrust, OU=HydrantID Trusted Certificate Service, CN=HydrantID Server CA O1"
vroncw-vip.niaid.nih.gov,No,Yes,1,1,2026-02-24T17:47:36,2027-03-26T17:46:36,24621573310,"C=US, O=IdenTrust, OU=HydrantID Trusted Certificate Service, CN=HydrantID Server CA O1"
waivers.niaid.nih.gov,No,Yes,2,1,2025-10-02T15:54:05,2026-11-07T22:14:52,21582840129;21422326154,"C=US, O=IdenTrust, OU=HydrantID Trusted Certificate Service, CN=HydrantID Server CA O1"
wallboard.niehs.nih.gov,Yes,Yes,2,2,2026-02-18T00:00:00,2027-02-17T23:59:59,29208905397;24495791571,"C=US, O=DigiCert Inc, CN=DigiCert Global G2 TLS RSA SHA256 2020 CA1;C=US, O=Let's Encrypt, CN=YR2"
wals.od.nih.gov,No,Yes,1,1,2026-06-30T00:00:00,2027-01-13T23:59:59,27586207860,"C=US, O=Amazon, CN=Amazon RSA 2048 M01"
warden.cit.nih.gov,Yes,Yes,1,1,2025-12-04T14:58:24,2027-01-03T14:57:24,22893684926,"C=US, O=IdenTrust, OU=HydrantID Trusted Certificate Service, CN=HydrantID Server CA O1"
washuepigenome.niaid.nih.gov,Yes,Yes,1,1,2026-05-26T19:41:34,2026-12-11T19:40:34,26662663270,"C=US, O=IdenTrust, OU=HydrantID Trusted Certificate Service, CN=HydrantID Server CA O1"
wasteguide.nih.gov,Yes,Yes,1,1,2026-04-27T16:15:28,2026-11-12T16:14:28,26240809415,"C=US, O=IdenTrust, OU=HydrantID Trusted Certificate Service, CN=HydrantID Server CA O1"
watchdog.niaid.nih.gov,Yes,Yes,1,1,2026-01-08T16:50:04,2027-02-07T16:49:04,23636344418,"C=US, O=IdenTrust, OU=HydrantID Trusted Certificate Service, CN=HydrantID Server CA O1"
wayf.globe.nih.gov,Yes,Yes,1,1,2025-11-25T00:00:00,2026-12-24T23:59:59,22717472771,"C=US, O=Amazon, CN=Amazon RSA 2048 M01"
webexapp.secure.nci.nih.gov,No,Yes,2,1,2026-07-03T00:00:00,2027-02-14T23:59:59,28419113748;27656613288,"C=US, O=DigiCert Inc, CN=DigiCert Global G2 TLS RSA SHA256 2020 CA1"
webexdesk.secure.nci.nih.gov,No,Yes,2,1,2026-07-03T00:00:00,2027-02-14T23:59:59,28419113748;27656613288,"C=US, O=DigiCert Inc, CN=DigiCert Global G2 TLS RSA SHA256 2020 CA1"
webexdeskpro.secure.nci.nih.gov,No,Yes,2,1,2026-07-03T00:00:00,2027-02-14T23:59:59,28419113748;27656613288,"C=US, O=DigiCert Inc, CN=DigiCert Global G2 TLS RSA SHA256 2020 CA1"
webservice.nhlbi.nih.gov,Yes,Yes,1,1,2025-10-31T22:01:59,2026-11-30T22:00:59,22126968920,"C=US, O=IdenTrust, OU=HydrantID Trusted Certificate Service, CN=HydrantID Server CA O1"
webservices.fic.nih.gov,Yes,Yes,1,1,2025-11-03T14:56:05,2026-12-03T14:55:05,22181053349,"C=US, O=IdenTrust, OU=HydrantID Trusted Certificate Service, CN=HydrantID Server CA O1"
webservices.nimhd.nih.gov,Yes,Yes,1,1,2026-07-15T17:43:13,2027-01-30T17:42:13,27959519219,"C=US, O=IdenTrust, OU=HydrantID Trusted Certificate Service, CN=HydrantID Server CA O1"
webstats.niaid.nih.gov,Yes,Yes,1,1,2025-09-26T14:13:51,2026-10-26T14:12:51,21290946259,"C=US, O=IdenTrust, OU=HydrantID Trusted Certificate Service, CN=HydrantID Server CA O1"
wecan.nhlbi.nih.gov,No,Yes,1,1,2026-06-12T17:23:42,2026-12-28T17:22:42,27128788628,"C=US, O=IdenTrust, OU=HydrantID Trusted Certificate Service, CN=HydrantID Server CA O1"
wellnessnews.ors.nih.gov,Yes,Yes,1,1,2026-01-08T15:39:53,2027-02-07T15:38:53,23635172095,"C=US, O=IdenTrust, OU=HydrantID Trusted Certificate Service, CN=HydrantID Server CA O1"
wellstonemdcenters.nih.gov,Yes,Yes,3,1,2026-07-15T05:39:15,2026-12-18T05:00:48,27946240190;27946228563;29577699227,"C=US, O=Let's Encrypt, CN=YE1"
wfas-qa.niaid.nih.gov,No,Yes,1,1,2026-04-28T12:38:15,2026-11-13T12:37:15,26251764462,"C=US, O=IdenTrust, OU=HydrantID Trusted Certificate Service, CN=HydrantID Server CA O1"
wfas-xess-dev.niaid.nih.gov,No,Yes,1,1,2026-07-16T14:01:38,2027-01-31T14:00:38,27983954834,"C=US, O=IdenTrust, OU=HydrantID Trusted Certificate Service, CN=HydrantID Server CA O1"
wfas.nih.gov,No,Yes,1,1,2026-05-07T13:46:01,2026-11-22T13:45:01,26383191444,"C=US, O=IdenTrust, OU=HydrantID Trusted Certificate Service, CN=HydrantID Server CA O1"
whereabouts.ninds.nih.gov,Yes,Yes,1,1,2026-08-17T21:00:57,2027-03-04T20:59:57,28834672845,"C=US, O=IdenTrust, OU=HydrantID Trusted Certificate Service, CN=HydrantID Server CA O1"
whereaboutsstg.ninds.nih.gov,Yes,Yes,1,1,2026-08-17T21:01:23,2027-03-04T21:00:23,28834666154,"C=US, O=IdenTrust, OU=HydrantID Trusted Certificate Service, CN=HydrantID Server CA O1"
wiki.nidb.nih.gov,Yes,Yes,1,1,2026-02-20T21:27:17,2027-03-22T21:26:17,24541394390,"C=US, O=IdenTrust, OU=HydrantID Trusted Certificate Service, CN=HydrantID Server CA O1"
wikidev1-aws.nhgri.nih.gov,Yes,Yes,1,1,2026-07-17T00:00:00,2027-01-30T23:59:59,28002718359,"C=US, O=Amazon, CN=Amazon RSA 2048 M01"
wikidev2-i-aws.nhgri.nih.gov,Yes,Yes,1,1,2025-10-26T00:00:00,2026-11-24T23:59:59,22011886183,"C=US, O=Amazon, CN=Amazon RSA 2048 M04"
wikidev3-i-aws.nhgri.nih.gov,No,Yes,1,1,2025-10-26T00:00:00,2026-11-24T23:59:59,22011886183,"C=US, O=Amazon, CN=Amazon RSA 2048 M04"
wikidev4-i-aws.nhgri.nih.gov,No,Yes,1,1,2025-10-26T00:00:00,2026-11-24T23:59:59,22011886183,"C=US, O=Amazon, CN=Amazon RSA 2048 M04"
wikidev5-i-aws.nhgri.nih.gov,No,Yes,1,1,2025-10-26T00:00:00,2026-11-24T23:59:59,22011886183,"C=US, O=Amazon, CN=Amazon RSA 2048 M04"
wikidev6-i-aws.nhgri.nih.gov,No,Yes,1,1,2025-10-26T00:00:00,2026-11-24T23:59:59,22011886183,"C=US, O=Amazon, CN=Amazon RSA 2048 M04"
win.niddk.nih.gov,Yes,Yes,2,1,2026-05-12T00:00:00,2026-11-12T23:59:59,26270882421;26273697393,"C=US, O=DigiCert Inc, OU=www.digicert.com, CN=GeoTrust TLS RSA CA G1"
wip.nlm.nih.gov,Yes,Yes,1,1,2026-06-08T00:00:00,2026-12-23T23:59:59,26996816517,"C=US, O=DigiCert Inc, CN=DigiCert Global G2 TLS RSA SHA256 2020 CA1"
wms.niaid.nih.gov,Yes,Yes,3,1,2026-03-24T18:28:46,2027-01-24T18:30:21,25197598948;25243922385;27812203912,"C=US, O=IdenTrust, OU=HydrantID Trusted Certificate Service, CN=HydrantID Server CA O1"
wombat-azure-dev.niaid.nih.gov,Yes,Yes,2,1,2026-06-16T00:00:00,2026-12-16T23:59:59,27328833700;27242421849,"C=US, O=DigiCert Inc, OU=www.digicert.com, CN=GeoTrust TLS RSA CA G1"
wombat-qa.niaid.nih.gov,No,Yes,2,1,2026-02-24T17:43:55,2027-03-29T19:04:15,24621513524;24682297406,"C=US, O=IdenTrust, OU=HydrantID Trusted Certificate Service, CN=HydrantID Server CA O1"
wombat.niaid.nih.gov,Yes,Yes,1,1,2026-03-24T14:56:23,2026-10-09T14:55:23,25194401803,"C=US, O=IdenTrust, OU=HydrantID Trusted Certificate Service, CN=HydrantID Server CA O1"
wombat.ocio.nih.gov,Yes,Yes,1,1,2025-10-09T14:20:18,2026-11-08T14:19:18,21601145478,"C=US, O=IdenTrust, OU=HydrantID Trusted Certificate Service, CN=HydrantID Server CA O1"
worldreport.nih.gov,No,Yes,2,1,2025-12-30T20:24:50,2027-01-29T20:23:50,23461722367;25928962646,"C=US, O=IdenTrust, OU=HydrantID Trusted Certificate Service, CN=HydrantID Server CA O1"
worldreport.opa-dev.od.nih.gov,No,Yes,1,1,2026-04-28T16:22:32,2026-11-13T16:21:32,26253382252,"C=US, O=IdenTrust, OU=HydrantID Trusted Certificate Service, CN=HydrantID Server CA O1"
worldreport.opa-itools.od.nih.gov,No,Yes,2,1,2026-03-27T19:50:45,2026-11-01T14:18:28,25928962646;25259626214,"C=US, O=IdenTrust, OU=HydrantID Trusted Certificate Service, CN=HydrantID Server CA O1"
wsus.cc.nih.gov,No,Yes,1,1,2025-10-22T00:00:00,2026-10-21T23:59:59,21921475748,"C=US, O=DigiCert Inc, CN=DigiCert Global G2 TLS RSA SHA256 2020 CA1"
wtracker.ors.od.nih.gov,Yes,Yes,1,1,2025-09-30T13:48:20,2026-10-30T13:47:20,21374696017,"C=US, O=IdenTrust, OU=HydrantID Trusted Certificate Service, CN=HydrantID Server CA O1"
www.acd.od.nih.gov,No,Yes,1,1,2026-06-05T13:57:42,2026-12-21T13:56:42,26914794070,"C=US, O=IdenTrust, OU=HydrantID Trusted Certificate Service, CN=HydrantID Server CA O1"
www.adminhub.nih.gov,No,Yes,1,1,2026-01-20T19:29:17,2027-02-19T19:28:17,23886107751,"C=US, O=IdenTrust, OU=HydrantID Trusted Certificate Service, CN=HydrantID Server CA O1"
www.aghealth.nci.nih.gov,No,Yes,2,1,2026-07-22T15:02:08,2026-10-20T15:02:07,28156867087;28156871013,"C=US, O=Let's Encrypt, CN=YE2"
www.aghealth.nih.gov,No,Yes,2,1,2026-07-22T15:02:08,2026-10-20T15:02:07,28156867087;28156871013,"C=US, O=Let's Encrypt, CN=YE2"
www.agingresearchbiobank.nia.nih.gov,No,Yes,2,1,2026-07-23T03:02:01,2026-10-21T03:02:00,28171389047;28171389877,"C=US, O=Let's Encrypt, CN=YE2"
www.apisstaging.niaaa.nih.gov,No,Yes,1,1,2026-04-01T16:24:34,2026-10-16T16:24:34,25310603637,"C=US, ST=Arizona, L=Scottsdale, O=""GoDaddy.com, Inc."", OU=http://certs.godaddy.com/repository/, CN=Go Daddy Secure Certificate Authority - G2"
www.apps.nhlbi.nih.gov,No,Yes,1,1,2025-10-16T02:53:31,2026-11-15T02:52:31,21750507680,"C=US, O=IdenTrust, OU=HydrantID Trusted Certificate Service, CN=HydrantID Server CA O1"
www.apps.nida.nih.gov,No,Yes,1,1,2025-12-01T16:05:14,2026-12-01T16:05:14,22845431272,"C=US, ST=Arizona, L=Scottsdale, O=""GoDaddy.com, Inc."", OU=http://certs.godaddy.com/repository/, CN=Go Daddy Secure Certificate Authority - G2"
www.argocd-nihhubs.nih.gov,No,Yes,1,1,2026-05-21T18:23:38,2026-12-06T18:22:38,26527591750,"C=US, O=IdenTrust, OU=HydrantID Trusted Certificate Service, CN=HydrantID Server CA O1"
www.biodatacatalyst.nhlbi.nih.gov,No,Yes,1,1,2025-10-30T21:04:08,2026-11-29T21:03:08,22108926586,"C=US, O=IdenTrust, OU=HydrantID Trusted Certificate Service, CN=HydrantID Server CA O1"
www.bioethics.nih.gov,No,Yes,2,1,2026-08-06T19:06:09,2026-11-04T19:06:08,28598251499;28598259837,"C=US, O=Let's Encrypt, CN=YR1"
www.biolincc.nhlbi.nih.gov,No,Yes,2,1,2026-07-22T15:03:53,2026-10-20T15:03:52,28156916823;28156904098,"C=US, O=Let's Encrypt, CN=YE2"
www.biometry.nci.nih.gov,No,Yes,2,1,2026-07-22T15:04:14,2026-10-20T15:04:13,28156921327;28156929889,"C=US, O=Let's Encrypt, CN=YE1"
www.blsa.nih.gov,No,Yes,1,1,2026-07-14T00:00:00,2027-01-27T23:59:59,27921220989,"C=US, O=Amazon, CN=Amazon RSA 2048 M01"
www.bmri.ninds.nih.gov,No,Yes,1,1,2026-05-20T17:53:06,2026-12-05T17:52:06,26512532902,"C=US, O=IdenTrust, OU=HydrantID Trusted Certificate Service, CN=HydrantID Server CA O1"
www.buildingforall.nih.gov,No,Yes,1,1,2026-02-26T17:21:56,2027-03-28T17:20:56,24660471054,"C=US, O=IdenTrust, OU=HydrantID Trusted Certificate Service, CN=HydrantID Server CA O1"
www.c-rads.od.nih.gov,No,Yes,1,1,2026-07-10T18:03:11,2027-01-25T18:02:11,27836692661,"C=US, O=IdenTrust, OU=HydrantID Trusted Certificate Service, CN=HydrantID Server CA O1"
www.calendar.nih.gov,No,Yes,1,1,2025-10-30T20:18:46,2026-11-29T20:17:46,22108470031,"C=US, O=IdenTrust, OU=HydrantID Trusted Certificate Service, CN=HydrantID Server CA O1"
www.cancergenome.nih.gov,No,Yes,1,1,2026-02-02T19:08:01,2027-03-04T19:07:01,24143922559,"C=US, O=IdenTrust, OU=HydrantID Trusted Certificate Service, CN=HydrantID Server CA O1"
www.card.nih.gov,No,Yes,3,1,2025-09-22T00:00:00,2027-03-08T23:59:59,28957827951;21195010516;21193415778,"C=US, O=Amazon, CN=Amazon RSA 2048 M04"
www.cards.od.nih.gov,No,Yes,1,1,2026-08-07T19:19:03,2027-02-22T19:18:03,28628141168,"C=US, O=IdenTrust, OU=HydrantID Trusted Certificate Service, CN=HydrantID Server CA O1"
www.careers.nih.gov,Yes,Yes,3,2,2025-12-15T10:49:40,2026-12-15T10:49:40,28493439986;23131925963;28493428640,"C=US, ST=Arizona, L=Scottsdale, O=""GoDaddy.com, Inc."", OU=http://certs.godaddy.com/repository/, CN=Go Daddy Secure Certificate Authority - G2;C=US, O=Let's Encrypt, CN=YE1"
www.catalog.nhlbi.nih.gov,No,Yes,1,1,2025-10-02T15:10:18,2026-11-01T15:09:18,21421625686,"C=US, O=IdenTrust, OU=HydrantID Trusted Certificate Service, CN=HydrantID Server CA O1"
www.catalog.nlm.nih.gov,No,Yes,1,1,2026-06-02T00:00:00,2026-12-17T23:59:59,26826861383,"C=US, O=DigiCert Inc, CN=DigiCert Global G2 TLS RSA SHA256 2020 CA1"
www.cc.nih.gov,Yes,Yes,2,1,2026-08-06T19:06:09,2026-11-04T19:06:08,28598251499;28598259837,"C=US, O=Let's Encrypt, CN=YR1"
www.ccrhb.od.nih.gov,No,Yes,2,1,2026-07-31T21:07:08,2027-02-22T21:16:13,28418216498;28630521045,"C=US, O=IdenTrust, OU=HydrantID Trusted Certificate Service, CN=HydrantID Server CA O1"
www.cde.nih.gov,No,Yes,3,2,2026-06-09T00:00:00,2027-01-23T23:59:59,27821682673;28893266499;27025082826,"C=US, O=DigiCert Inc, CN=DigiCert Global G2 TLS RSA SHA256 2020 CA1;C=US, O=Amazon, CN=Amazon RSA 2048 M04"
www.cdp.nci.nih.gov,No,Yes,2,1,2026-07-22T15:05:04,2026-10-20T15:05:03,28156940974;28156946992,"C=US, O=Let's Encrypt, CN=YE2"
www.ceal.nih.gov,No,Yes,1,1,2025-09-18T15:06:45,2026-10-18T15:05:45,21110487102,"C=US, O=IdenTrust, OU=HydrantID Trusted Certificate Service, CN=HydrantID Server CA O1"
www.childrenandclinicalstudies.nhlbi.nih.gov,No,Yes,1,1,2026-06-12T17:23:42,2026-12-28T17:22:42,27128788628,"C=US, O=IdenTrust, OU=HydrantID Trusted Certificate Service, CN=HydrantID Server CA O1"
www.cio.egos.nih.gov,No,Yes,1,1,2026-04-03T17:24:01,2026-10-19T17:23:01,25424798006,"C=US, O=IdenTrust, OU=HydrantID Trusted Certificate Service, CN=HydrantID Server CA O1"
www.circulatingnow.nlm.nih.gov,No,Yes,2,1,2026-09-09T00:54:45,2026-12-08T00:54:44,29502839319;29502765412,"C=US, O=Let's Encrypt, CN=YE1"
www.cit.nih.gov,Yes,Yes,1,1,2025-09-23T16:07:11,2026-10-23T16:06:11,21225219695,"C=US, O=IdenTrust, OU=HydrantID Trusted Certificate Service, CN=HydrantID Server CA O1"
www.citfmpdev2.cit.nih.gov,No,Yes,1,1,2026-02-07T23:29:09,2027-03-11T23:29:09,24252405353,"C=US, ST=Arizona, L=Scottsdale, O=""GoDaddy.com, Inc."", OU=http://certs.godaddy.com/repository/, CN=Go Daddy Secure Certificate Authority - G2"
www.citvoip-exp-e1.edge.nih.gov,No,Yes,2,1,2026-05-15T00:00:00,2026-11-29T23:59:59,26369034258;26356995558,"C=CA, O=Entrust Limited, CN=Entrust OV TLS Issuing RSA CA 2"
www.citvoip-exp-e2.edge.nih.gov,No,Yes,2,1,2026-06-05T00:00:00,2026-12-20T23:59:59,26919308775;26919252877,"C=CA, O=Entrust Limited, CN=Entrust OV TLS Issuing RSA CA 2"
www.citvoip-gwexp-e.net.nih.gov,No,Yes,2,1,2026-04-07T00:00:00,2026-10-22T23:59:59,25443602764;25674922830,"C=CA, O=Entrust Limited, CN=Entrust OV TLS Issuing RSA CA 2"
www.civilworkplace.nih.gov,Yes,Yes,3,2,2025-12-15T10:49:40,2026-12-15T10:49:40,28401743191;23131925963;28401757848,"C=US, O=Let's Encrypt, CN=YE2;C=US, ST=Arizona, L=Scottsdale, O=""GoDaddy.com, Inc."", OU=http://certs.godaddy.com/repository/, CN=Go Daddy Secure Certificate Authority - G2"
www.clinical.nih.gov,No,Yes,1,1,2026-05-04T16:30:04,2026-11-19T16:29:04,26312851406,"C=US, O=IdenTrust, OU=HydrantID Trusted Certificate Service, CN=HydrantID Server CA O1"
www.cloudabs-test.od.nih.gov,No,Yes,1,1,2026-06-25T18:24:22,2027-01-10T18:23:22,27481444447,"C=US, O=IdenTrust, OU=HydrantID Trusted Certificate Service, CN=HydrantID Server CA O1"
www.cloudars.od.nih.gov,No,Yes,1,1,2026-04-15T14:33:11,2026-10-31T14:32:11,25896096556,"C=US, O=IdenTrust, OU=HydrantID Trusted Certificate Service, CN=HydrantID Server CA O1"
www.cnap.nhlbi.nih.gov,No,Yes,1,1,2025-10-16T15:01:20,2026-11-15T15:00:20,21762494268,"C=US, O=IdenTrust, OU=HydrantID Trusted Certificate Service, CN=HydrantID Server CA O1"
www.commondataelements.ninds.nih.gov,No,Yes,3,2,2026-01-14T15:24:05,2027-03-11T23:59:59,23764615427;24308602327;24307860576,"C=US, ST=Arizona, L=Scottsdale, O=""GoDaddy.com, Inc."", OU=http://certs.godaddy.com/repository/, CN=Go Daddy Secure Certificate Authority - G2;C=US, O=Amazon, CN=Amazon RSA 2048 M01"
www.commonfund.nih.gov,No,Yes,1,1,2025-11-14T20:23:26,2026-12-14T20:22:26,22471660314,"C=US, O=IdenTrust, OU=HydrantID Trusted Certificate Service, CN=HydrantID Server CA O1"
www.commuter.ors.od.nih.gov,No,Yes,2,1,2025-12-03T20:00:27,2027-01-14T21:49:10,23141837396;22890803236,"C=US, O=IdenTrust, OU=HydrantID Trusted Certificate Service, CN=HydrantID Server CA O1"
www.copd.nih.gov,No,Yes,1,1,2026-06-12T17:23:42,2026-12-28T17:22:42,27128788628,"C=US, O=IdenTrust, OU=HydrantID Trusted Certificate Service, CN=HydrantID Server CA O1"
www.crs.od.nih.gov,No,Yes,1,1,2026-04-30T18:59:31,2026-11-15T18:58:31,26272275236,"C=US, O=IdenTrust, OU=HydrantID Trusted Certificate Service, CN=HydrantID Server CA O1"
www.cru.dpcpsi.nih.gov,No,Yes,1,1,2025-12-30T15:16:30,2027-01-29T15:15:30,23457439078,"C=US, O=IdenTrust, OU=HydrantID Trusted Certificate Service, CN=HydrantID Server CA O1"
www.csosmember.nhlbi.nih.gov,No,Yes,2,1,2025-10-16T02:49:44,2026-11-15T02:51:33,21750494555;21750450232,"C=US, O=IdenTrust, OU=HydrantID Trusted Certificate Service, CN=HydrantID Server CA O1"
www.csr.nih.gov,Yes,Yes,1,1,2026-04-24T19:29:05,2026-11-09T19:28:05,26162270951,"C=US, O=IdenTrust, OU=HydrantID Trusted Certificate Service, CN=HydrantID Server CA O1"
www.custserv.nihlibrary.ors.nih.gov,No,Yes,1,1,2026-05-04T16:33:01,2026-11-19T16:32:01,26312876304,"C=US, O=IdenTrust, OU=HydrantID Trusted Certificate Service, CN=HydrantID Server CA O1"
www.data-staging.niaid.nih.gov,No,Yes,1,1,2026-02-05T15:05:07,2027-03-07T15:04:07,24204316784,"C=US, O=IdenTrust, OU=HydrantID Trusted Certificate Service, CN=HydrantID Server CA O1"
www.data.niaid.nih.gov,No,Yes,1,1,2026-02-05T15:11:25,2027-03-07T15:10:25,24204403244,"C=US, O=IdenTrust, OU=HydrantID Trusted Certificate Service, CN=HydrantID Server CA O1"
www.data.nidb.nih.gov,No,Yes,1,1,2026-08-07T19:21:19,2027-02-22T19:20:19,28628186464,"C=US, O=IdenTrust, OU=HydrantID Trusted Certificate Service, CN=HydrantID Server CA O1"
www.data.nih.gov,No,Yes,1,1,2026-05-04T16:30:22,2026-11-19T16:29:22,26312854276,"C=US, O=IdenTrust, OU=HydrantID Trusted Certificate Service, CN=HydrantID Server CA O1"
www.datascience.nih.gov,No,Yes,1,1,2026-01-20T19:28:08,2027-02-19T19:27:08,23886096067,"C=US, O=IdenTrust, OU=HydrantID Trusted Certificate Service, CN=HydrantID Server CA O1"
www.ddmseries.od.nih.gov,No,Yes,1,1,2026-01-07T15:37:06,2027-02-06T15:36:06,23611613592,"C=US, O=IdenTrust, OU=HydrantID Trusted Certificate Service, CN=HydrantID Server CA O1"
www.dev-nbdc-biobank.nida.nih.gov,No,Yes,1,1,2026-07-28T19:20:39,2027-02-12T19:19:39,28328978116,"C=US, O=IdenTrust, OU=HydrantID Trusted Certificate Service, CN=HydrantID Server CA O1"
www.dev.openpicsure.biodatacatalyst.nhlbi.nih.gov,No,Yes,1,1,2026-04-21T15:56:26,2026-11-06T15:55:26,26069466257,"C=US, O=IdenTrust, OU=HydrantID Trusted Certificate Service, CN=HydrantID Server CA O1"
www.dev.picsure.biodatacatalyst.nhlbi.nih.gov,No,Yes,2,1,2026-01-15T14:10:05,2027-02-14T14:09:05,23783489852;27985551281,"C=US, O=IdenTrust, OU=HydrantID Trusted Certificate Service, CN=HydrantID Server CA O1"
www.devdata.nidb.nih.gov,No,Yes,1,1,2025-10-31T17:36:20,2026-11-30T17:35:20,22123968042,"C=US, O=IdenTrust, OU=HydrantID Trusted Certificate Service, CN=HydrantID Server CA O1"
www.developmentalbiology.nih.gov,No,Yes,1,1,2025-12-29T14:57:01,2027-01-28T14:56:01,23437573324,"C=US, O=IdenTrust, OU=HydrantID Trusted Certificate Service, CN=HydrantID Server CA O1"
www.directorsawards.nih.gov,No,Yes,1,1,2025-12-15T10:49:40,2026-12-15T10:49:40,23131925963,"C=US, ST=Arizona, L=Scottsdale, O=""GoDaddy.com, Inc."", OU=http://certs.godaddy.com/repository/, CN=Go Daddy Secure Certificate Authority - G2"
www.dis.ors.od.nih.gov,No,Yes,1,1,2026-01-15T16:37:52,2027-02-14T16:36:52,23785706051,"C=US, O=IdenTrust, OU=HydrantID Trusted Certificate Service, CN=HydrantID Server CA O1"
www.discoverwhr.nih.gov,No,Yes,1,1,2026-07-20T00:00:00,2027-02-02T23:59:59,28081236716,"C=US, O=Amazon, CN=Amazon RSA 2048 M04"
www.dkexpc1.niddk.nih.gov,No,Yes,1,1,2026-01-17T13:33:50,2027-02-06T21:53:03,23822381688,"C=US, ST=Arizona, L=Scottsdale, O=""GoDaddy.com, Inc."", OU=http://certs.godaddy.com/repository/, CN=Go Daddy Secure Certificate Authority - G2"
www.dkexpc2.niddk.nih.gov,No,Yes,1,1,2026-01-17T13:34:34,2027-02-06T21:54:01,23822396525,"C=US, ST=Arizona, L=Scottsdale, O=""GoDaddy.com, Inc."", OU=http://certs.godaddy.com/repository/, CN=Go Daddy Secure Certificate Authority - G2"
www.dkexpe.niddk.nih.gov,No,Yes,1,1,2026-01-17T13:34:34,2027-02-06T21:52:47,23822408984,"C=US, ST=Arizona, L=Scottsdale, O=""GoDaddy.com, Inc."", OU=http://certs.godaddy.com/repository/, CN=Go Daddy Secure Certificate Authority - G2"
www.docs.ors.nih.gov,No,Yes,1,1,2025-10-23T14:15:59,2026-11-22T14:14:59,21943419970,"C=US, O=IdenTrust, OU=HydrantID Trusted Certificate Service, CN=HydrantID Server CA O1"
www.docupull.nigms.nih.gov,No,Yes,2,1,2025-10-27T22:12:04,2026-11-04T18:42:39,22048585992;22598166587,"C=US, ST=Arizona, L=Scottsdale, O=""GoDaddy.com, Inc."", OU=http://certs.godaddy.com/repository/, CN=Go Daddy Secure Certificate Authority - G2"
www.dpcpsi.nih.gov,No,Yes,1,1,2025-11-14T20:23:52,2026-12-14T20:22:52,22471673361,"C=US, O=IdenTrust, OU=HydrantID Trusted Certificate Service, CN=HydrantID Server CA O1"
www.e-protocol-test.od.nih.gov,No,Yes,1,1,2025-11-03T14:57:15,2026-12-03T14:56:15,22181066247,"C=US, O=IdenTrust, OU=HydrantID Trusted Certificate Service, CN=HydrantID Server CA O1"
www.ecamera.od.nih.gov,No,Yes,1,1,2026-04-08T17:10:52,2026-10-24T17:09:52,25657858038,"C=US, O=IdenTrust, OU=HydrantID Trusted Certificate Service, CN=HydrantID Server CA O1"
www.ecb.nih.gov,No,Yes,1,1,2025-09-23T15:59:33,2026-10-23T15:58:33,21225096334,"C=US, O=IdenTrust, OU=HydrantID Trusted Certificate Service, CN=HydrantID Server CA O1"
www.eeo.nih.gov,No,Yes,1,1,2026-01-20T19:27:36,2027-02-19T19:26:36,23886078307,"C=US, O=IdenTrust, OU=HydrantID Trusted Certificate Service, CN=HydrantID Server CA O1"
www.emis-internal.od.nih.gov,No,Yes,2,1,2026-05-06T20:16:42,2027-01-21T20:52:47,26376787885;27741142151,"C=US, O=IdenTrust, OU=HydrantID Trusted Certificate Service, CN=HydrantID Server CA O1"
www.emis-uat.od.nih.gov,No,Yes,1,1,2026-05-06T20:16:42,2026-11-21T20:15:42,26376787885,"C=US, O=IdenTrust, OU=HydrantID Trusted Certificate Service, CN=HydrantID Server CA O1"
www.emis.od.nih.gov,No,Yes,2,1,2026-05-06T20:16:42,2027-01-21T20:52:47,26376787885;27741142151,"C=US, O=IdenTrust, OU=HydrantID Trusted Certificate Service, CN=HydrantID Server CA O1"
www.eraclient.dpcpsi.nih.gov,No,Yes,1,1,2026-04-21T15:15:45,2026-11-05T15:15:45,25782540482,"C=US, ST=Arizona, L=Scottsdale, O=""GoDaddy.com, Inc."", OU=http://certs.godaddy.com/repository/, CN=Go Daddy Secure Certificate Authority - G2"
www.ethics.od.nih.gov,No,Yes,1,1,2025-10-30T20:24:48,2026-11-29T20:23:48,22108527228,"C=US, O=IdenTrust, OU=HydrantID Trusted Certificate Service, CN=HydrantID Server CA O1"
www.ethicstraining.od.nih.gov,No,Yes,1,1,2026-08-07T19:19:40,2027-02-22T19:18:40,28628142663,"C=US, O=IdenTrust, OU=HydrantID Trusted Certificate Service, CN=HydrantID Server CA O1"
www.excessproductcatalog.od.nih.gov,No,Yes,2,1,2025-10-07T15:20:53,2027-02-12T20:27:15,21550013350;28330336639,"C=US, O=IdenTrust, OU=HydrantID Trusted Certificate Service, CN=HydrantID Server CA O1"
www.execsec.od.nih.gov,No,Yes,1,1,2026-07-06T20:46:05,2027-01-21T20:45:05,27741039300,"C=US, O=IdenTrust, OU=HydrantID Trusted Certificate Service, CN=HydrantID Server CA O1"
www.extoos.ninds.nih.gov,No,Yes,1,1,2025-10-21T16:15:34,2026-11-20T16:14:34,21889137626,"C=US, O=IdenTrust, OU=HydrantID Trusted Certificate Service, CN=HydrantID Server CA O1"
www.extstage.niehs.nih.gov,No,Yes,2,1,2026-08-27T11:29:40,2026-11-25T11:29:39,29261013928;29125620821,"C=US, O=Let's Encrypt, CN=YR2"
www.facdb.od.nih.gov,No,Yes,2,1,2025-10-30T20:13:10,2026-11-30T15:29:48,22108401873;22122383051,"C=US, O=IdenTrust, OU=HydrantID Trusted Certificate Service, CN=HydrantID Server CA O1"
www.fic.nih.gov,No,Yes,1,1,2026-05-12T18:45:47,2026-11-27T18:44:47,26425423529,"C=US, O=IdenTrust, OU=HydrantID Trusted Certificate Service, CN=HydrantID Server CA O1"
www.files.nccih.nih.gov,No,Yes,4,3,2026-07-28T00:00:00,2027-02-11T23:59:59,28324557177;28323340714;28323487869;28323488739,"C=US, O=DigiCert Inc, CN=DigiCert Global G2 TLS RSA SHA256 2020 CA1;C=US, O=Amazon, CN=Amazon RSA 2048 M04;C=US, O=Amazon, CN=Amazon RSA 2048 M01"
www.gen3.biodatacatalyst.nhlbi.nih.gov,No,Yes,1,1,2025-10-31T21:17:00,2026-11-30T21:16:00,22126493043,"C=US, O=IdenTrust, OU=HydrantID Trusted Certificate Service, CN=HydrantID Server CA O1"
www.globalhealth.nhlbi.nih.gov,No,Yes,1,1,2026-06-12T17:23:42,2026-12-28T17:22:42,27128788628,"C=US, O=IdenTrust, OU=HydrantID Trusted Certificate Service, CN=HydrantID Server CA O1"
www.grants.nih.gov,No,Yes,1,1,2025-11-19T19:54:37,2026-12-19T19:53:37,22598690134,"C=US, O=IdenTrust, OU=HydrantID Trusted Certificate Service, CN=HydrantID Server CA O1"
www.grantsapi.od.nih.gov,No,Yes,1,1,2025-09-29T17:44:01,2026-10-29T17:43:01,21351864789,"C=US, O=IdenTrust, OU=HydrantID Trusted Certificate Service, CN=HydrantID Server CA O1"
www.grantsdash-era.nhlbi.nih.gov,No,Yes,1,1,2025-11-03T13:51:07,2026-12-03T13:50:07,22180198499,"C=US, O=IdenTrust, OU=HydrantID Trusted Certificate Service, CN=HydrantID Server CA O1"
www.grantsdash-stage-era.nhlbi.nih.gov,No,Yes,1,1,2025-11-03T14:04:18,2026-12-03T14:03:18,22180382589,"C=US, O=IdenTrust, OU=HydrantID Trusted Certificate Service, CN=HydrantID Server CA O1"
www.grantservice-era.nhlbi.nih.gov,No,Yes,1,1,2026-01-28T20:44:14,2027-02-27T20:43:14,24042756160,"C=US, O=IdenTrust, OU=HydrantID Trusted Certificate Service, CN=HydrantID Server CA O1"
www.grantservice-stage-era.nhlbi.nih.gov,No,Yes,1,1,2026-01-28T21:10:08,2027-02-27T21:09:08,24043121672,"C=US, O=IdenTrust, OU=HydrantID Trusted Certificate Service, CN=HydrantID Server CA O1"
www.grasp.nhlbi.nih.gov,No,Yes,3,1,2025-10-16T02:44:07,2027-02-04T21:49:43,21750364592;21750416666;23574220208,"C=US, O=IdenTrust, OU=HydrantID Trusted Certificate Service, CN=HydrantID Server CA O1"
www.handls.nih.gov,No,Yes,2,1,2026-01-27T00:00:00,2027-02-27T23:59:59,24019391545;24018365376,"C=US, O=DigiCert Inc, CN=DigiCert Global G2 TLS RSA SHA256 2020 CA1"
www.hdpulse.nimhd.nih.gov,No,Yes,2,1,2026-07-23T03:07:13,2026-10-21T03:07:12,28171488342;28171488648,"C=US, O=Let's Encrypt, CN=YE2"
www.health.nih.gov,No,Yes,3,2,2026-02-05T15:04:58,2027-02-15T15:47:15,24204343221;26312855236;24825540855,"C=US, O=IdenTrust, OU=HydrantID Trusted Certificate Service, CN=HydrantID Server CA O1;C=US, ST=Arizona, L=Scottsdale, O=""GoDaddy.com, Inc."", OU=http://certs.godaddy.com/repository/, CN=Go Daddy Secure Certificate Authority - G2"
www.healthyeating.nhlbi.nih.gov,No,Yes,3,1,2025-10-16T02:48:19,2027-02-14T19:57:00,21750495185;21750433171;23788492224,"C=US, O=IdenTrust, OU=HydrantID Trusted Certificate Service, CN=HydrantID Server CA O1"
www.helix.od.nih.gov,No,Yes,1,1,2025-10-16T18:47:50,2026-11-15T18:46:50,21766258182,"C=US, O=IdenTrust, OU=HydrantID Trusted Certificate Service, CN=HydrantID Server CA O1"
www.hivinfo.nih.gov,No,Yes,1,1,2026-05-12T18:44:10,2026-11-27T18:43:10,26425408041,"C=US, O=IdenTrust, OU=HydrantID Trusted Certificate Service, CN=HydrantID Server CA O1"
www.hr.nih.gov,Yes,Yes,4,3,2025-12-15T10:49:40,2027-02-19T19:28:45,28382497013;23886108182;23131925963;28382503860,"C=US, O=IdenTrust, OU=HydrantID Trusted Certificate Service, CN=HydrantID Server CA O1;C=US, O=Let's Encrypt, CN=YE2;C=US, ST=Arizona, L=Scottsdale, O=""GoDaddy.com, Inc."", OU=http://certs.godaddy.com/repository/, CN=Go Daddy Secure Certificate Authority - G2"
www.hr.od.nih.gov,Yes,Yes,3,2,2025-12-15T10:49:40,2026-12-15T10:49:40,28612863193;23131925963;28612869557,"C=US, ST=Arizona, L=Scottsdale, O=""GoDaddy.com, Inc."", OU=http://certs.godaddy.com/repository/, CN=Go Daddy Secure Certificate Authority - G2;C=US, O=Let's Encrypt, CN=YE1"
www.i2ews.nci.nih.gov,No,Yes,2,1,2026-08-03T00:00:00,2027-02-17T23:59:59,28498009430;28499041741,"C=US, O=DigiCert Inc, CN=DigiCert Global G2 TLS RSA SHA256 2020 CA1"
www.ibc-rms.od.nih.gov,No,Yes,1,1,2025-10-30T20:15:03,2026-11-29T20:14:03,22108427581,"C=US, O=IdenTrust, OU=HydrantID Trusted Certificate Service, CN=HydrantID Server CA O1"
www.icite.od.nih.gov,No,Yes,1,1,2025-09-19T15:53:31,2026-10-19T15:52:31,21135222673,"C=US, O=IdenTrust, OU=HydrantID Trusted Certificate Service, CN=HydrantID Server CA O1"
www.ids.nhlbi.nih.gov,No,Yes,3,1,2025-10-16T02:34:05,2027-02-13T21:43:07,21750255286;21750199454;23769969360,"C=US, O=IdenTrust, OU=HydrantID Trusted Certificate Service, CN=HydrantID Server CA O1"
www.imagwiki.nibib.nih.gov,No,Yes,1,1,2025-09-30T20:27:14,2026-10-30T20:26:14,21381645961,"C=US, O=IdenTrust, OU=HydrantID Trusted Certificate Service, CN=HydrantID Server CA O1"
www.imeel.ninds.nih.gov,No,Yes,1,1,2026-01-27T13:59:59,2027-02-26T13:58:59,24012900382,"C=US, O=IdenTrust, OU=HydrantID Trusted Certificate Service, CN=HydrantID Server CA O1"
www.imputation.biodatacatalyst.nhlbi.nih.gov,No,Yes,2,1,2026-02-05T00:00:00,2027-03-06T23:59:59,24193698460;24192688833,"C=US, O=Amazon, CN=Amazon RSA 2048 M01"
www.indexcat.nlm.nih.gov,Yes,Yes,3,2,2026-07-08T00:00:00,2027-03-08T23:59:59,27787241041;28942303657;28940075399,"C=US, O=DigiCert Inc, CN=DigiCert Global G2 TLS RSA SHA256 2020 CA1;C=US, O=Amazon, CN=Amazon RSA 2048 M01"
www.infocenter.nimh.nih.gov,No,Yes,1,1,2025-12-19T19:18:30,2027-01-18T19:17:30,23221230518,"C=US, O=IdenTrust, OU=HydrantID Trusted Certificate Service, CN=HydrantID Server CA O1"
www.infoquality.osp.od.nih.gov,No,Yes,1,1,2026-08-07T20:36:05,2027-02-22T20:35:05,28629699216,"C=US, O=IdenTrust, OU=HydrantID Trusted Certificate Service, CN=HydrantID Server CA O1"
www.intrahr.od.nih.gov,No,Yes,1,1,2025-12-15T10:49:40,2026-12-15T10:49:40,23131925963,"C=US, ST=Arizona, L=Scottsdale, O=""GoDaddy.com, Inc."", OU=http://certs.godaddy.com/repository/, CN=Go Daddy Secure Certificate Authority - G2"
www.intramural.nih.gov,No,Yes,1,1,2026-05-14T18:23:19,2026-11-29T18:22:19,26444935969,"C=US, O=IdenTrust, OU=HydrantID Trusted Certificate Service, CN=HydrantID Server CA O1"
www.intranet.nihlibrary.nih.gov,No,Yes,1,1,2026-05-12T20:24:59,2026-11-27T20:23:59,26426075133,"C=US, O=IdenTrust, OU=HydrantID Trusted Certificate Service, CN=HydrantID Server CA O1"
www.irep.nci.nih.gov,No,Yes,4,1,2026-07-22T15:10:40,2026-10-20T15:15:15,28157081512;28157188395;28157074943;28157198349,"C=US, O=Let's Encrypt, CN=YE2"
www.ireport.nih.gov,No,Yes,1,1,2026-03-31T14:17:28,2026-10-16T14:16:28,25297139470,"C=US, O=IdenTrust, OU=HydrantID Trusted Certificate Service, CN=HydrantID Server CA O1"
www.itcpp.od.nih.gov,No,Yes,1,1,2026-04-30T18:59:10,2026-11-15T18:58:10,26272272727,"C=US, O=IdenTrust, OU=HydrantID Trusted Certificate Service, CN=HydrantID Server CA O1"
www.itools.od.nih.gov,No,Yes,1,1,2025-12-30T20:25:21,2027-01-29T20:24:21,23461738923,"C=US, O=IdenTrust, OU=HydrantID Trusted Certificate Service, CN=HydrantID Server CA O1"
www.itpwsdev.nia.nih.gov,No,Yes,3,1,2025-11-17T11:04:44,2026-11-24T20:45:38,22868676920;22535846812;23003505660,"C=US, ST=Arizona, L=Scottsdale, O=""GoDaddy.com, Inc."", OU=http://certs.godaddy.com/repository/, CN=Go Daddy Secure Certificate Authority - G2"
www.itpwsprod.nia.nih.gov,No,Yes,2,1,2025-11-17T11:05:15,2026-11-24T21:16:38,22535848052;22643887211,"C=US, ST=Arizona, L=Scottsdale, O=""GoDaddy.com, Inc."", OU=http://certs.godaddy.com/repository/, CN=Go Daddy Secure Certificate Authority - G2"
www.jamfdist.niehs.nih.gov,No,Yes,1,1,2026-02-18T00:00:00,2027-03-21T23:59:59,24495575349,"C=US, O=DigiCert Inc, CN=DigiCert Global G2 TLS RSA SHA256 2020 CA1"
www.jamfdps.niehs.nih.gov,No,Yes,1,1,2026-02-18T00:00:00,2027-03-21T23:59:59,24495620134,"C=US, O=DigiCert Inc, CN=DigiCert Global G2 TLS RSA SHA256 2020 CA1"
www.jamfpro.niehs.nih.gov,No,Yes,1,1,2026-02-18T00:00:00,2027-03-21T23:59:59,24495602276,"C=US, O=DigiCert Inc, CN=DigiCert Global G2 TLS RSA SHA256 2020 CA1"
www.jobs.nih.gov,Yes,Yes,3,2,2025-12-15T10:49:40,2026-12-15T10:49:40,28512535680;23131925963;28512535625,"C=US, O=Let's Encrypt, CN=YE2;C=US, ST=Arizona, L=Scottsdale, O=""GoDaddy.com, Inc."", OU=http://certs.godaddy.com/repository/, CN=Go Daddy Secure Certificate Authority - G2"
www.joinastudy.niehs.nih.gov,Yes,Yes,5,2,2026-08-21T10:20:21,2026-11-19T13:11:15,29137942934;29099835321;29142842187;29061427216;29050904031,"C=US, O=Google Trust Services, CN=WR1;C=US, O=Google Trust Services, CN=WE1"
www.lobos.nih.gov,Yes,Yes,2,1,2025-12-23T18:48:33,2027-01-26T19:17:47,23403778522;23321037962,"C=US, O=IdenTrust, OU=HydrantID Trusted Certificate Service, CN=HydrantID Server CA O1"
www.lrp.nih.gov,Yes,Yes,2,1,2026-08-07T19:21:57,2027-02-22T19:21:17,28628208819;28628187263,"C=US, O=IdenTrust, OU=HydrantID Trusted Certificate Service, CN=HydrantID Server CA O1"
www.mandatorytraining.nih.gov,No,Yes,1,1,2025-12-15T10:49:40,2026-12-15T10:49:40,23131925963,"C=US, ST=Arizona, L=Scottsdale, O=""GoDaddy.com, Inc."", OU=http://certs.godaddy.com/repository/, CN=Go Daddy Secure Certificate Authority - G2"
www.mdm.ors.od.nih.gov,No,Yes,1,1,2026-01-15T16:37:11,2027-02-14T16:36:11,23785691082,"C=US, O=IdenTrust, OU=HydrantID Trusted Certificate Service, CN=HydrantID Server CA O1"
www.mdphd.gpp.nih.gov,No,Yes,1,1,2025-09-26T17:18:32,2026-10-26T17:17:32,21294432588,"C=US, O=IdenTrust, OU=HydrantID Trusted Certificate Service, CN=HydrantID Server CA O1"
www.medicineonscreen.nlm.nih.gov,No,Yes,2,1,2026-08-14T18:24:26,2026-11-12T18:24:25,28857074607;28922992489,"C=US, O=Let's Encrypt, CN=YE2"
www.megcore.nih.gov,No,Yes,2,1,2026-07-22T19:22:53,2027-02-05T19:22:53,28161157081;28161187515,"C=US, O=GoDaddy.com, CN=GoDaddy TLS Intermediate CA DV - R1v1"
www.metabolomics-sig.nih.gov,No,Yes,2,1,2026-07-23T03:07:39,2026-10-21T03:07:38,28171485260;28171529657,"C=US, O=Let's Encrypt, CN=YE1"
www.mregs.nih.gov,No,Yes,2,1,2026-07-29T11:50:08,2026-10-27T11:50:07,28350453747;28350442253,"C=US, O=Let's Encrypt, CN=YR1"
www.mriatlases.nih.gov,No,Yes,1,1,2026-07-17T18:52:17,2027-02-01T18:51:17,28018985626,"C=US, O=IdenTrust, OU=HydrantID Trusted Certificate Service, CN=HydrantID Server CA O1"
www.mspp.nhlbi.nih.gov,No,Yes,1,1,2025-10-31T21:47:37,2026-11-30T21:46:37,22126827393,"C=US, O=IdenTrust, OU=HydrantID Trusted Certificate Service, CN=HydrantID Server CA O1"
www.mwr.obssr.od.nih.gov,No,Yes,1,1,2025-12-30T15:16:04,2027-01-29T15:15:04,23457439546,"C=US, O=IdenTrust, OU=HydrantID Trusted Certificate Service, CN=HydrantID Server CA O1"
www.nbdc-biobank.nida.nih.gov,No,Yes,1,1,2026-07-28T19:21:24,2027-02-12T19:20:24,28329004407,"C=US, O=IdenTrust, OU=HydrantID Trusted Certificate Service, CN=HydrantID Server CA O1"
www.ncai-reach.nhlbi.nih.gov,No,Yes,2,1,2025-11-03T21:06:40,2026-11-03T21:06:41,22186413752;22186434150,"C=US, O=IdenTrust, OU=HydrantID Trusted Certificate Service, CN=HydrantID Server CA O1"
www.ncai.nhlbi.nih.gov,No,Yes,2,1,2025-11-03T21:06:40,2026-11-03T21:06:41,22186413752;22186434150,"C=US, O=IdenTrust, OU=HydrantID Trusted Certificate Service, CN=HydrantID Server CA O1"
www.ncats.nih.gov,No,Yes,1,1,2025-09-09T16:07:09,2026-10-09T16:06:09,20901007200,"C=US, O=IdenTrust, OU=HydrantID Trusted Certificate Service, CN=HydrantID Server CA O1"
www.nccam.nih.gov,No,Yes,4,3,2026-07-28T00:00:00,2027-02-11T23:59:59,28324557177;28323340714;28323487869;28323488739,"C=US, O=DigiCert Inc, CN=DigiCert Global G2 TLS RSA SHA256 2020 CA1;C=US, O=Amazon, CN=Amazon RSA 2048 M04;C=US, O=Amazon, CN=Amazon RSA 2048 M01"
www.nccih.nih.gov,No,Yes,4,3,2026-07-28T00:00:00,2027-02-11T23:59:59,28324557177;28323340714;28323487869;28323488739,"C=US, O=DigiCert Inc, CN=DigiCert Global G2 TLS RSA SHA256 2020 CA1;C=US, O=Amazon, CN=Amazon RSA 2048 M04;C=US, O=Amazon, CN=Amazon RSA 2048 M01"
www.ndep.nih.gov,Yes,Yes,2,1,2026-05-12T00:00:00,2026-11-12T23:59:59,26270943185;26368738205,"C=US, O=DigiCert Inc, OU=www.digicert.com, CN=GeoTrust TLS RSA CA G1"
www.nees.nih.gov,No,Yes,1,1,2025-12-11T16:11:10,2027-01-10T16:10:10,23057047524,"C=US, O=IdenTrust, OU=HydrantID Trusted Certificate Service, CN=HydrantID Server CA O1"
www.nei.nih.gov,Yes,Yes,2,1,2026-05-22T00:00:00,2026-11-22T23:59:59,26603440600;26538704939,"C=US, O=DigiCert Inc, OU=www.digicert.com, CN=GeoTrust TLS RSA CA G1"
www.nems.nih.gov,No,Yes,1,1,2026-04-27T16:16:19,2026-11-12T16:15:19,26240836259,"C=US, O=IdenTrust, OU=HydrantID Trusted Certificate Service, CN=HydrantID Server CA O1"
www.neurobiobank.nih.gov,No,Yes,1,1,2026-03-31T14:16:45,2026-10-16T14:15:45,25297136988,"C=US, O=IdenTrust, OU=HydrantID Trusted Certificate Service, CN=HydrantID Server CA O1"
www.news2use.ors.nih.gov,No,Yes,1,1,2026-01-08T15:40:34,2027-02-07T15:39:34,23635183200,"C=US, O=IdenTrust, OU=HydrantID Trusted Certificate Service, CN=HydrantID Server CA O1"
www.nextgen.cio.egos.nih.gov,No,Yes,1,1,2026-08-18T14:54:59,2027-03-05T14:53:59,28841950878,"C=US, O=IdenTrust, OU=HydrantID Trusted Certificate Service, CN=HydrantID Server CA O1"
www.nhlbi-apim-prod.nhlbi.nih.gov,No,Yes,1,1,2026-02-20T17:50:41,2027-03-22T17:49:41,24538331423,"C=US, O=IdenTrust, OU=HydrantID Trusted Certificate Service, CN=HydrantID Server CA O1"
www.nhlbi.nih.gov,Yes,Yes,1,1,2026-06-12T17:23:42,2026-12-28T17:22:42,27128788628,"C=US, O=IdenTrust, OU=HydrantID Trusted Certificate Service, CN=HydrantID Server CA O1"
www.nhlbijira.nhlbi.nih.gov,No,Yes,1,1,2025-12-15T16:26:08,2027-01-14T16:25:08,23137203263,"C=US, O=IdenTrust, OU=HydrantID Trusted Certificate Service, CN=HydrantID Server CA O1"
www.nia.nih.gov,No,Yes,2,1,2026-06-03T00:00:00,2026-12-17T23:59:59,26843032611;27066974716,"C=US, O=Amazon, CN=Amazon RSA 2048 M01"
www.niaid.nih.gov,Yes,Yes,1,1,2026-08-03T18:57:31,2027-02-18T18:56:31,28501832980,"C=US, O=IdenTrust, OU=HydrantID Trusted Certificate Service, CN=HydrantID Server CA O1"
www.niams.nih.gov,No,Yes,2,1,2025-09-15T16:46:38,2026-10-15T16:45:38,21039962687;21038505050,"C=US, O=IdenTrust, OU=HydrantID Trusted Certificate Service, CN=HydrantID Server CA O1"
www.nibib.nih.gov,Yes,Yes,1,1,2025-12-01T15:11:00,2026-12-31T15:10:00,22844706860,"C=US, O=IdenTrust, OU=HydrantID Trusted Certificate Service, CN=HydrantID Server CA O1"
www.nidb.nih.gov,No,Yes,1,1,2025-12-04T14:54:24,2027-01-03T14:53:24,22893684816,"C=US, O=IdenTrust, OU=HydrantID Trusted Certificate Service, CN=HydrantID Server CA O1"
www.nidbd.od.nih.gov,No,Yes,1,1,2026-07-28T19:22:09,2027-02-12T19:21:09,28329004977,"C=US, O=IdenTrust, OU=HydrantID Trusted Certificate Service, CN=HydrantID Server CA O1"
www.nidbt.od.nih.gov,No,Yes,1,1,2026-06-25T18:45:32,2027-01-10T18:44:32,27481805772,"C=US, O=IdenTrust, OU=HydrantID Trusted Certificate Service, CN=HydrantID Server CA O1"
www.nidbv.od.nih.gov,No,Yes,1,1,2026-08-05T15:49:01,2027-02-20T15:48:01,28561926001,"C=US, O=IdenTrust, OU=HydrantID Trusted Certificate Service, CN=HydrantID Server CA O1"
www.nidcd.nih.gov,No,Yes,14,2,2026-04-24T00:00:00,2026-12-30T23:59:59,25741916890;27206004264;26033125026;26033127587;26033123459;25741913096;25741918759;25741888996;26033126705;26033121949;25741950867;27206062781;25741954141;26033137305,"C=GB, O=Sectigo Limited, CN=Sectigo Public Server Authentication CA DV R36;C=CA, O=Entrust Limited, CN=Entrust OV TLS Issuing RSA CA 2"
www.niddk.nih.gov,No,Yes,1,1,2025-11-17T19:35:43,2026-12-17T19:34:43,22545523494,"C=US, O=IdenTrust, OU=HydrantID Trusted Certificate Service, CN=HydrantID Server CA O1"
www.niehs.nih.gov,Yes,Yes,4,2,2026-08-15T09:32:14,2026-11-13T11:45:50,28928007560;28891689390;28946765187;28891687164,"C=US, O=Google Trust Services, CN=WR1;C=US, O=Google Trust Services, CN=WE1"
www.nigms.nih.gov,No,Yes,1,1,2026-04-02T19:04:43,2026-10-18T19:03:43,25368747657,"C=US, O=IdenTrust, OU=HydrantID Trusted Certificate Service, CN=HydrantID Server CA O1"
www.nih.gov,Yes,Yes,2,1,2026-02-05T15:04:58,2027-02-15T15:47:15,24204343221;24825540855,"C=US, ST=Arizona, L=Scottsdale, O=""GoDaddy.com, Inc."", OU=http://certs.godaddy.com/repository/, CN=Go Daddy Secure Certificate Authority - G2"
www.nihbpss.olao.od.nih.gov,No,Yes,2,1,2025-10-17T21:19:50,2026-11-20T15:47:52,21888582787;21790534122,"C=US, O=IdenTrust, OU=HydrantID Trusted Certificate Service, CN=HydrantID Server CA O1"
www.nihcats.olao.od.nih.gov,No,Yes,1,1,2025-10-30T20:13:53,2026-11-29T20:12:53,22108413466,"C=US, O=IdenTrust, OU=HydrantID Trusted Certificate Service, CN=HydrantID Server CA O1"
www.nihlibrary.nih.gov,No,Yes,1,1,2026-04-17T17:57:28,2026-11-02T17:56:28,25966679845,"C=US, O=IdenTrust, OU=HydrantID Trusted Certificate Service, CN=HydrantID Server CA O1"
www.nihlibrary.ors.nih.gov,No,Yes,1,1,2026-07-31T21:08:58,2027-02-15T21:07:58,28418256127,"C=US, O=IdenTrust, OU=HydrantID Trusted Certificate Service, CN=HydrantID Server CA O1"
www.nihmobile.nih.gov,No,Yes,1,1,2026-05-13T19:31:17,2026-11-28T19:30:17,26435292160,"C=US, O=IdenTrust, OU=HydrantID Trusted Certificate Service, CN=HydrantID Server CA O1"
www.nihnimhdir.nimh.nih.gov,No,Yes,2,1,2026-07-22T19:22:51,2027-02-05T19:22:51,28161158602;28161187392,"C=US, O=GoDaddy.com, CN=GoDaddy TLS Intermediate CA DV - R1v1"
www.nimh-sql.nih.gov,No,Yes,2,1,2026-07-22T19:22:49,2027-02-05T19:22:49,28161172326;28161157282,"C=US, O=GoDaddy.com, CN=GoDaddy TLS Intermediate CA DV - R1v1"
www.nimhapple.nimh.nih.gov,No,Yes,2,1,2026-07-22T19:22:51,2027-02-05T19:22:51,28161188104;28161158957,"C=US, O=GoDaddy.com, CN=GoDaddy TLS Intermediate CA DV - R1v1"
www.nimhappledev.nimh.nih.gov,No,Yes,2,1,2026-07-22T19:22:54,2027-02-05T19:22:54,28161187664;28161187645,"C=US, O=GoDaddy.com, CN=GoDaddy TLS Intermediate CA DV - R1v1"
www.nimhd.nih.gov,No,Yes,1,1,2025-11-24T21:28:32,2026-12-24T21:27:32,22710938833,"C=US, O=IdenTrust, OU=HydrantID Trusted Certificate Service, CN=HydrantID Server CA O1"
www.nimhfm19.nimh.nih.gov,No,Yes,2,1,2026-07-22T19:22:54,2027-02-05T19:22:54,28161187100;28161188110,"C=US, O=GoDaddy.com, CN=GoDaddy TLS Intermediate CA DV - R1v1"
www.nimhjamfdmz.nimh.nih.gov,No,Yes,4,1,2026-07-22T19:22:57,2027-02-14T18:04:35,28161189488;28414539069;28161188211;28414540424,"C=US, O=GoDaddy.com, CN=GoDaddy TLS Intermediate CA DV - R1v1"
www.nimhlbcfmps.nih.gov,No,Yes,1,1,2026-01-17T18:47:19,2027-02-18T18:47:19,23826480329,"C=US, ST=Arizona, L=Scottsdale, O=""GoDaddy.com, Inc."", OU=http://certs.godaddy.com/repository/, CN=Go Daddy Secure Certificate Authority - G2"
www.nimhsatelliteserver.nimh.nih.gov,No,Yes,2,1,2026-07-22T19:22:51,2027-02-05T19:22:51,28161158108;28161187394,"C=US, O=GoDaddy.com, CN=GoDaddy TLS Intermediate CA DV - R1v1"
www.nisc.nih.gov,No,Yes,1,1,2026-06-30T00:00:00,2027-01-13T23:59:59,27586207860,"C=US, O=Amazon, CN=Amazon RSA 2048 M01"
www.nitaac.nih.gov,No,Yes,1,1,2026-04-29T14:29:47,2026-11-14T14:28:47,26262464737,"C=US, O=IdenTrust, OU=HydrantID Trusted Certificate Service, CN=HydrantID Server CA O1"
www.nkdep.nih.gov,Yes,Yes,2,1,2026-05-13T00:00:00,2026-11-13T23:59:59,26475956235;26307328472,"C=US, O=DigiCert Inc, OU=www.digicert.com, CN=GeoTrust TLS RSA CA G1"
www.nmri.niddk.nih.gov,Yes,Yes,2,1,2026-05-12T00:00:00,2026-11-12T23:59:59,26420632742;26368663209,"C=US, O=DigiCert Inc, OU=www.digicert.com, CN=GeoTrust TLS RSA CA G1"
www.noisyplanet.nidcd.nih.gov,No,Yes,18,2,2026-04-24T00:00:00,2026-12-30T23:59:59,25741916890;27206004264;26033125026;26033127587;27205505964;26033123459;27205754316;27205471267;25741918759;25741913096;25741888996;26033137305;26033126705;26033121949;25741950867;27206062781;25741954141;27205767627,"C=GB, O=Sectigo Limited, CN=Sectigo Public Server Authentication CA DV R36;C=CA, O=Entrust Limited, CN=Entrust OV TLS Issuing RSA CA 2"
www.ns11.niehs.nih.gov,No,Yes,1,1,2026-02-18T00:00:00,2027-03-21T23:59:59,24495562988,"C=US, O=DigiCert Inc, CN=DigiCert Global G2 TLS RSA SHA256 2020 CA1"
www.nvistasweb.ors.nih.gov,No,Yes,1,1,2026-04-27T16:15:05,2026-11-12T16:14:05,26240808191,"C=US, O=IdenTrust, OU=HydrantID Trusted Certificate Service, CN=HydrantID Server CA O1"
www.oalm.od.nih.gov,No,Yes,1,1,2025-10-01T16:09:14,2026-10-31T16:08:14,21400187038,"C=US, O=IdenTrust, OU=HydrantID Trusted Certificate Service, CN=HydrantID Server CA O1"
www.oamp.hbcu.od.nih.gov,No,Yes,1,1,2026-07-17T20:53:34,2027-02-01T20:52:34,28021468566,"C=US, O=IdenTrust, OU=HydrantID Trusted Certificate Service, CN=HydrantID Server CA O1"
www.oamp.od.nih.gov,No,Yes,1,1,2025-10-01T16:09:08,2026-10-31T16:08:08,21400186890,"C=US, O=IdenTrust, OU=HydrantID Trusted Certificate Service, CN=HydrantID Server CA O1"
www.oar.nih.gov,No,Yes,1,1,2025-09-19T15:50:41,2026-10-19T15:49:41,21135167857,"C=US, O=IdenTrust, OU=HydrantID Trusted Certificate Service, CN=HydrantID Server CA O1"
www.obesityresearch.nih.gov,No,Yes,1,1,2025-11-17T19:35:13,2026-12-17T19:34:13,22545508610,"C=US, O=IdenTrust, OU=HydrantID Trusted Certificate Service, CN=HydrantID Server CA O1"
www.obssr-dev.od.nih.gov,No,Yes,1,1,2026-05-07T19:34:40,2026-11-22T19:33:40,26385381485,"C=US, O=IdenTrust, OU=HydrantID Trusted Certificate Service, CN=HydrantID Server CA O1"
www.obssr.od.nih.gov,No,Yes,2,1,2025-11-04T15:39:41,2026-12-04T18:09:44,22205819105;22203236435,"C=US, O=IdenTrust, OU=HydrantID Trusted Certificate Service, CN=HydrantID Server CA O1"
www.ocr.od.nih.gov,No,Yes,1,1,2026-06-05T13:57:11,2026-12-21T13:56:11,26914795396,"C=US, O=IdenTrust, OU=HydrantID Trusted Certificate Service, CN=HydrantID Server CA O1"
www.ocreco.od.nih.gov,No,Yes,1,1,2026-06-05T13:57:11,2026-12-21T13:56:11,26914795396,"C=US, O=IdenTrust, OU=HydrantID Trusted Certificate Service, CN=HydrantID Server CA O1"
www.odeo.od.nih.gov,No,Yes,1,1,2026-02-18T15:34:23,2027-03-20T15:33:23,24492944188,"C=US, O=IdenTrust, OU=HydrantID Trusted Certificate Service, CN=HydrantID Server CA O1"
www.odnmrhsatapp1.od.nih.gov,No,Yes,2,1,2026-05-08T20:55:32,2026-12-25T15:48:57,26394405886;27026345167,"C=US, O=IdenTrust, OU=HydrantID Trusted Certificate Service, CN=HydrantID Server CA O1"
www.odp-tools.od.nih.gov,No,Yes,1,1,2025-09-18T18:59:15,2026-10-18T18:58:15,21114330950,"C=US, O=IdenTrust, OU=HydrantID Trusted Certificate Service, CN=HydrantID Server CA O1"
www.odsadmin.od.nih.gov,No,Yes,1,1,2026-01-29T16:24:49,2027-02-28T16:23:49,24060930135,"C=US, O=IdenTrust, OU=HydrantID Trusted Certificate Service, CN=HydrantID Server CA O1"
www.odsrmst.od.nih.gov,No,Yes,1,1,2026-02-18T15:31:15,2027-03-20T15:30:15,24492892980,"C=US, O=IdenTrust, OU=HydrantID Trusted Certificate Service, CN=HydrantID Server CA O1"
www.odsrmstadmin.od.nih.gov,No,Yes,1,1,2026-02-18T15:32:13,2027-03-20T15:31:13,24492907673,"C=US, O=IdenTrust, OU=HydrantID Trusted Certificate Service, CN=HydrantID Server CA O1"
www.ofacp.nih.gov,No,Yes,1,1,2026-06-25T18:40:14,2027-01-10T18:39:14,27481717357,"C=US, O=IdenTrust, OU=HydrantID Trusted Certificate Service, CN=HydrantID Server CA O1"
www.ofacp.od.nih.gov,No,Yes,1,1,2026-06-25T18:40:14,2027-01-10T18:39:14,27481717357,"C=US, O=IdenTrust, OU=HydrantID Trusted Certificate Service, CN=HydrantID Server CA O1"
www.ohrp.cit.nih.gov,No,Yes,1,1,2025-09-24T15:22:00,2026-10-24T15:21:00,21248891659,"C=US, O=IdenTrust, OU=HydrantID Trusted Certificate Service, CN=HydrantID Server CA O1"
www.ohsrp.helpdesk.nih.gov,No,Yes,1,1,2026-02-06T15:33:15,2027-03-08T15:32:15,24225228492,"C=US, O=IdenTrust, OU=HydrantID Trusted Certificate Service, CN=HydrantID Server CA O1"
www.oirdb.od.nih.gov,No,Yes,1,1,2025-09-24T20:24:17,2026-10-24T20:23:17,21253535552,"C=US, O=IdenTrust, OU=HydrantID Trusted Certificate Service, CN=HydrantID Server CA O1"
www.oirdev.od.nih.gov,No,Yes,1,1,2025-10-31T15:16:53,2026-11-30T15:15:53,22122191075,"C=US, O=IdenTrust, OU=HydrantID Trusted Certificate Service, CN=HydrantID Server CA O1"
www.olao.od.nih.gov,No,Yes,1,1,2025-09-09T21:10:58,2026-10-09T21:09:58,20906644303,"C=US, O=IdenTrust, OU=HydrantID Trusted Certificate Service, CN=HydrantID Server CA O1"
www.oma1.od.nih.gov,No,Yes,1,1,2026-08-07T19:20:18,2027-02-22T19:19:18,28628159992,"C=US, O=IdenTrust, OU=HydrantID Trusted Certificate Service, CN=HydrantID Server CA O1"
www.ombuds.nih.gov,No,Yes,1,1,2025-10-01T16:07:58,2026-10-31T16:06:58,21400169987,"C=US, O=IdenTrust, OU=HydrantID Trusted Certificate Service, CN=HydrantID Server CA O1"
www.onesearch.nihlibrary.ors.nih.gov,No,Yes,1,1,2026-02-20T21:26:38,2027-03-22T21:25:38,24541380449,"C=US, O=IdenTrust, OU=HydrantID Trusted Certificate Service, CN=HydrantID Server CA O1"
www.openpicsure.biodatacatalyst.nhlbi.nih.gov,No,Yes,1,1,2026-04-21T15:49:01,2026-11-06T15:48:01,26069341943,"C=US, O=IdenTrust, OU=HydrantID Trusted Certificate Service, CN=HydrantID Server CA O1"
www.orf.od.nih.gov,No,Yes,1,1,2026-04-27T16:15:53,2026-11-12T16:14:53,26240828268,"C=US, O=IdenTrust, OU=HydrantID Trusted Certificate Service, CN=HydrantID Server CA O1"
www.orfweb.od.nih.gov,No,Yes,1,1,2026-05-12T20:26:03,2026-11-27T20:25:03,26426089974,"C=US, O=IdenTrust, OU=HydrantID Trusted Certificate Service, CN=HydrantID Server CA O1"
www.orip.nih.gov,No,Yes,1,1,2026-06-25T18:45:02,2027-01-10T18:44:02,27481787684,"C=US, O=IdenTrust, OU=HydrantID Trusted Certificate Service, CN=HydrantID Server CA O1"
www.orsdev-opm2bits.ors.nih.gov,No,Yes,2,1,2026-03-30T15:24:01,2026-10-18T19:03:05,25283982281;25368730331,"C=US, O=IdenTrust, OU=HydrantID Trusted Certificate Service, CN=HydrantID Server CA O1"
www.orsweb.od.nih.gov,No,Yes,1,1,2026-05-12T20:26:25,2026-11-27T20:25:25,26426092620,"C=US, O=IdenTrust, OU=HydrantID Trusted Certificate Service, CN=HydrantID Server CA O1"
www.osp-test.od.nih.gov,No,Yes,1,1,2026-04-20T15:57:33,2026-11-05T15:56:33,26041902728,"C=US, O=IdenTrust, OU=HydrantID Trusted Certificate Service, CN=HydrantID Server CA O1"
www.osp.od.nih.gov,No,Yes,1,1,2026-05-04T16:34:15,2026-11-19T16:33:15,26312889609,"C=US, O=IdenTrust, OU=HydrantID Trusted Certificate Service, CN=HydrantID Server CA O1"
www.ott.nih.gov,No,Yes,3,2,2026-08-13T14:14:06,2027-02-28T14:13:06,28784702101;29086543424;29298291417,"C=US, O=Let's Encrypt, CN=YR1;C=US, O=IdenTrust, OU=HydrantID Trusted Certificate Service, CN=HydrantID Server CA O1"
www.oxcam.gpp.nih.gov,No,Yes,1,1,2025-09-26T13:49:28,2026-10-26T13:48:28,21290560302,"C=US, O=IdenTrust, OU=HydrantID Trusted Certificate Service, CN=HydrantID Server CA O1"
www.pain.ninds.nih.gov,No,Yes,1,1,2025-09-19T17:39:48,2026-10-19T17:38:48,21137007309,"C=US, O=IdenTrust, OU=HydrantID Trusted Certificate Service, CN=HydrantID Server CA O1"
www.partnersinresearch-test.od.nih.gov,No,Yes,1,1,2026-04-20T15:57:33,2026-11-05T15:56:33,26041902728,"C=US, O=IdenTrust, OU=HydrantID Trusted Certificate Service, CN=HydrantID Server CA O1"
www.partnersinresearch.nih.gov,No,Yes,1,1,2026-05-04T16:34:15,2026-11-19T16:33:15,26312889609,"C=US, O=IdenTrust, OU=HydrantID Trusted Certificate Service, CN=HydrantID Server CA O1"
www.pathstudy.nih.gov,No,Yes,1,1,2026-02-09T00:00:00,2027-03-09T23:59:59,24294455022,"C=US, O=DigiCert Inc, CN=DigiCert Global G2 TLS RSA SHA256 2020 CA1"
www.permitreview.orf.od.nih.gov,No,Yes,1,1,2025-10-20T17:35:06,2026-11-19T17:34:06,21859285344,"C=US, O=IdenTrust, OU=HydrantID Trusted Certificate Service, CN=HydrantID Server CA O1"
www.permitreviewportal.orf.od.nih.gov,No,Yes,1,1,2026-05-08T19:41:14,2026-11-23T19:40:14,26394207760,"C=US, O=IdenTrust, OU=HydrantID Trusted Certificate Service, CN=HydrantID Server CA O1"
www.picsure.biodatacatalyst.nhlbi.nih.gov,No,Yes,2,1,2025-10-30T21:31:57,2027-01-29T21:05:50,27935957382;22109208184,"C=US, O=IdenTrust, OU=HydrantID Trusted Certificate Service, CN=HydrantID Server CA O1"
www.policymanual.nih.gov,No,Yes,1,1,2025-09-24T20:24:35,2026-10-24T20:23:35,21253536468,"C=US, O=IdenTrust, OU=HydrantID Trusted Certificate Service, CN=HydrantID Server CA O1"
www.powerapps.nhlbi.nih.gov,No,Yes,1,1,2025-10-31T21:50:37,2026-11-30T21:49:37,22126861766,"C=US, O=IdenTrust, OU=HydrantID Trusted Certificate Service, CN=HydrantID Server CA O1"
www.predev.openpicsure.biodatacatalyst.nhlbi.nih.gov,No,Yes,1,1,2026-04-21T15:53:33,2026-11-06T15:52:33,26069414071,"C=US, O=IdenTrust, OU=HydrantID Trusted Certificate Service, CN=HydrantID Server CA O1"
www.predev.picsure.biodatacatalyst.nhlbi.nih.gov,No,Yes,1,1,2026-01-15T13:59:36,2027-02-14T13:58:36,23783352034,"C=US, O=IdenTrust, OU=HydrantID Trusted Certificate Service, CN=HydrantID Server CA O1"
www.preprod.gen3.biodatacatalyst.nhlbi.nih.gov,No,Yes,1,1,2025-10-31T21:53:39,2026-11-30T21:52:39,22126881609,"C=US, O=IdenTrust, OU=HydrantID Trusted Certificate Service, CN=HydrantID Server CA O1"
www.preprod.openpicsure.biodatacatalyst.nhlbi.nih.gov,No,Yes,1,1,2026-04-21T15:54:53,2026-11-06T15:53:53,26069434517,"C=US, O=IdenTrust, OU=HydrantID Trusted Certificate Service, CN=HydrantID Server CA O1"
www.preprod.picsure.biodatacatalyst.nhlbi.nih.gov,No,Yes,1,1,2025-10-30T13:35:53,2026-11-29T13:34:53,22103455433,"C=US, O=IdenTrust, OU=HydrantID Trusted Certificate Service, CN=HydrantID Server CA O1"
www.prevention.nih.gov,No,Yes,1,1,2025-10-01T16:06:45,2026-10-31T16:05:45,21400154475,"C=US, O=IdenTrust, OU=HydrantID Trusted Certificate Service, CN=HydrantID Server CA O1"
www.preview.videocast.nih.gov,No,Yes,1,1,2026-01-13T14:58:34,2027-02-12T14:57:34,23744140282,"C=US, O=IdenTrust, OU=HydrantID Trusted Certificate Service, CN=HydrantID Server CA O1"
www.profiles.nlm.nih.gov,Yes,Yes,1,1,2025-10-19T00:00:00,2026-11-17T23:59:59,21820920441,"C=US, O=Amazon, CN=Amazon RSA 2048 M04"
www.projects-api-qa.ncats.nih.gov,No,Yes,1,1,2026-02-23T20:50:53,2027-03-25T20:49:53,24603737022,"C=US, O=IdenTrust, OU=HydrantID Trusted Certificate Service, CN=HydrantID Server CA O1"
www.proteome.nih.gov,No,Yes,2,1,2026-07-22T19:22:55,2027-02-05T19:22:55,28161188124;28161187642,"C=US, O=GoDaddy.com, CN=GoDaddy TLS Intermediate CA DV - R1v1"
www.ptfcehs.niehs.nih.gov,Yes,Yes,5,2,2026-08-22T08:19:36,2026-11-20T13:09:02,28954965812;29008804331;29078693465;29073547047;29077670094,"C=US, O=Google Trust Services, CN=WR1;C=US, O=Google Trust Services, CN=WE1"
www.radtechstudy.nci.nih.gov,No,Yes,2,1,2026-07-22T15:15:37,2026-10-20T15:15:36,28157204488;28157185297,"C=US, O=Let's Encrypt, CN=YE1"
www.radxdatahub.nih.gov,No,Yes,1,1,2025-10-09T14:19:59,2026-11-08T14:18:59,21601143307,"C=US, O=IdenTrust, OU=HydrantID Trusted Certificate Service, CN=HydrantID Server CA O1"
www.rare.nih.gov,No,Yes,1,1,2026-05-04T16:31:01,2026-11-19T16:30:01,26312863070,"C=US, O=IdenTrust, OU=HydrantID Trusted Certificate Service, CN=HydrantID Server CA O1"
www.rarediseases.info.nih.gov,No,Yes,1,1,2026-07-30T20:00:05,2027-02-14T19:59:05,28388501096,"C=US, O=IdenTrust, OU=HydrantID Trusted Certificate Service, CN=HydrantID Server CA O1"
www.regionalseminars.od.nih.gov,No,Yes,1,1,2025-09-09T16:02:48,2026-10-09T16:01:48,20900923973,"C=US, O=IdenTrust, OU=HydrantID Trusted Certificate Service, CN=HydrantID Server CA O1"
www.reporter.nih.gov,No,Yes,1,1,2026-07-09T18:10:45,2027-01-24T18:09:45,27811821431,"C=US, O=IdenTrust, OU=HydrantID Trusted Certificate Service, CN=HydrantID Server CA O1"
www.repository.niddk.nih.gov,No,Yes,1,1,2026-05-13T19:31:50,2026-11-28T19:30:50,26435292994,"C=US, O=IdenTrust, OU=HydrantID Trusted Certificate Service, CN=HydrantID Server CA O1"
www.research.nih.gov,No,Yes,1,1,2026-05-04T16:31:18,2026-11-19T16:30:18,26312867738,"C=US, O=IdenTrust, OU=HydrantID Trusted Certificate Service, CN=HydrantID Server CA O1"
www.restorepoint.od.nih.gov,No,Yes,1,1,2026-05-22T19:08:22,2026-12-07T19:07:22,26557321327,"C=US, O=IdenTrust, OU=HydrantID Trusted Certificate Service, CN=HydrantID Server CA O1"
www.rnai.nih.gov,No,Yes,1,1,2025-10-02T17:22:47,2026-11-01T17:21:47,21423758112,"C=US, O=IdenTrust, OU=HydrantID Trusted Certificate Service, CN=HydrantID Server CA O1"
www.s10reports.od.nih.gov,No,Yes,1,1,2026-04-30T19:00:06,2026-11-15T18:59:06,26272276416,"C=US, O=IdenTrust, OU=HydrantID Trusted Certificate Service, CN=HydrantID Server CA O1"
www.safetytraining.nih.gov,Yes,Yes,1,1,2025-10-06T13:32:54,2026-11-05T13:31:54,21521735718,"C=US, O=IdenTrust, OU=HydrantID Trusted Certificate Service, CN=HydrantID Server CA O1"
www.salud.ors.od.nih.gov,No,Yes,1,1,2026-08-12T19:41:09,2027-02-27T19:40:09,28774046228,"C=US, O=IdenTrust, OU=HydrantID Trusted Certificate Service, CN=HydrantID Server CA O1"
www.scheduler.ors.od.nih.gov,No,Yes,1,1,2025-10-20T20:55:39,2026-11-19T20:54:39,21863085148,"C=US, O=IdenTrust, OU=HydrantID Trusted Certificate Service, CN=HydrantID Server CA O1"
www.science.education.nih.gov,No,Yes,1,1,2026-06-17T16:33:32,2027-01-02T16:32:32,27266264619,"C=US, O=IdenTrust, OU=HydrantID Trusted Certificate Service, CN=HydrantID Server CA O1"
www.security.nih.gov,No,Yes,1,1,2026-08-06T20:17:26,2027-02-21T20:16:26,28598513636,"C=US, O=IdenTrust, OU=HydrantID Trusted Certificate Service, CN=HydrantID Server CA O1"
www.sedfitsedphat.nibib.nih.gov,No,Yes,1,1,2026-01-09T22:19:34,2027-02-08T22:18:34,23665400837,"C=US, O=IdenTrust, OU=HydrantID Trusted Certificate Service, CN=HydrantID Server CA O1"
www.services.external.era.nih.gov,No,Yes,1,1,2026-07-09T18:10:23,2027-01-24T18:09:23,27811818955,"C=US, O=IdenTrust, OU=HydrantID Trusted Certificate Service, CN=HydrantID Server CA O1"
www.services.external.sbx.era.nih.gov,No,Yes,1,1,2026-07-08T20:41:55,2027-01-23T20:40:55,27789852962,"C=US, O=IdenTrust, OU=HydrantID Trusted Certificate Service, CN=HydrantID Server CA O1"
www.services.external.stage.era.nih.gov,No,Yes,1,1,2025-09-16T19:54:18,2026-10-16T19:53:18,21065015780,"C=US, O=IdenTrust, OU=HydrantID Trusted Certificate Service, CN=HydrantID Server CA O1"
www.services.external.test.era.nih.gov,No,Yes,1,1,2025-09-16T19:54:45,2026-10-16T19:53:45,21065016773,"C=US, O=IdenTrust, OU=HydrantID Trusted Certificate Service, CN=HydrantID Server CA O1"
www.services.internal.era.nih.gov,No,Yes,1,1,2026-05-18T18:48:11,2026-12-03T18:47:11,26495053794,"C=US, O=IdenTrust, OU=HydrantID Trusted Certificate Service, CN=HydrantID Server CA O1"
www.services.internal.sbx.era.nih.gov,No,Yes,1,1,2026-07-08T20:41:17,2027-01-23T20:40:17,27789840431,"C=US, O=IdenTrust, OU=HydrantID Trusted Certificate Service, CN=HydrantID Server CA O1"
www.services.internal.stage.era.nih.gov,No,Yes,1,1,2026-06-22T21:23:43,2027-01-07T21:22:43,27405114337,"C=US, O=IdenTrust, OU=HydrantID Trusted Certificate Service, CN=HydrantID Server CA O1"
www.services.internal.test.era.nih.gov,No,Yes,1,1,2026-08-04T19:21:31,2027-02-19T19:20:31,28534696961,"C=US, O=IdenTrust, OU=HydrantID Trusted Certificate Service, CN=HydrantID Server CA O1"
www.services.internal.uat.era.nih.gov,No,Yes,1,1,2026-08-04T19:21:54,2027-02-19T19:20:54,28534697390,"C=US, O=IdenTrust, OU=HydrantID Trusted Certificate Service, CN=HydrantID Server CA O1"
www.sgeportal.od.nih.gov,No,Yes,1,1,2025-10-20T17:37:53,2026-11-19T17:36:53,21859339380,"C=US, O=IdenTrust, OU=HydrantID Trusted Certificate Service, CN=HydrantID Server CA O1"
www.sisterstudy.niehs.nih.gov,No,Yes,3,2,2026-01-23T00:00:00,2027-01-22T23:59:59,23939493839;28857489893;28819372611,"C=US, O=DigiCert Inc, CN=DigiCert Global G2 TLS RSA SHA256 2020 CA1;C=US, O=Let's Encrypt, CN=YR2"
www.siteunavailable.od.nih.gov,No,Yes,1,1,2026-01-29T16:23:10,2027-02-28T16:22:10,24060910258,"C=US, O=IdenTrust, OU=HydrantID Trusted Certificate Service, CN=HydrantID Server CA O1"
www.smart-api.ncats.nih.gov,No,Yes,1,1,2025-09-30T17:05:07,2026-10-30T17:04:07,21378372054,"C=US, O=IdenTrust, OU=HydrantID Trusted Certificate Service, CN=HydrantID Server CA O1"
www.smokefree.gov,Yes,No,3,1,2026-07-20T00:00:00,2027-02-03T23:59:59,28100502481;28321333917;28100477495,"C=US, O=DigiCert Inc, CN=DigiCert Global G2 TLS RSA SHA256 2020 CA1"
www.spapps.od.nih.gov,No,Yes,1,1,2026-05-12T20:26:46,2026-11-27T20:25:46,26426093064,"C=US, O=IdenTrust, OU=HydrantID Trusted Certificate Service, CN=HydrantID Server CA O1"
www.spreporter.od.nih.gov,No,Yes,1,1,2026-08-07T20:36:08,2027-02-22T20:35:08,28629699327,"C=US, O=IdenTrust, OU=HydrantID Trusted Certificate Service, CN=HydrantID Server CA O1"
www.sprs-stage-public.od.nih.gov,No,Yes,1,1,2025-09-10T17:27:50,2026-10-10T17:26:50,20926317136,"C=US, O=IdenTrust, OU=HydrantID Trusted Certificate Service, CN=HydrantID Server CA O1"
www.sps.nccih.nih.gov,No,Yes,2,1,2026-05-22T17:35:20,2026-12-06T18:21:45,26557085104;26615123150,"C=US, ST=Arizona, L=Scottsdale, O=""GoDaddy.com, Inc."", OU=http://certs.godaddy.com/repository/, CN=Go Daddy Secure Certificate Authority - G2"
www.stage.ags20.od.nih.gov,No,Yes,1,1,2025-09-25T18:19:10,2026-10-25T18:18:10,21270233581,"C=US, O=IdenTrust, OU=HydrantID Trusted Certificate Service, CN=HydrantID Server CA O1"
www.staging.biodatacatalyst.nhlbi.nih.gov,No,Yes,1,1,2026-04-21T15:51:19,2026-11-06T15:50:19,26069386234,"C=US, O=IdenTrust, OU=HydrantID Trusted Certificate Service, CN=HydrantID Server CA O1"
www.staging.gen3.biodatacatalyst.nhlbi.nih.gov,No,Yes,1,1,2025-10-31T21:57:00,2026-11-30T21:56:00,22126924234,"C=US, O=IdenTrust, OU=HydrantID Trusted Certificate Service, CN=HydrantID Server CA O1"
www.station.nidb.nih.gov,No,Yes,1,1,2026-02-27T14:08:42,2027-03-29T14:07:42,24677853744,"C=US, O=IdenTrust, OU=HydrantID Trusted Certificate Service, CN=HydrantID Server CA O1"
www.stg.nextgen.cio.egos.nih.gov,No,Yes,1,1,2026-08-11T20:00:55,2027-02-26T19:59:55,28750221131,"C=US, O=IdenTrust, OU=HydrantID Trusted Certificate Service, CN=HydrantID Server CA O1"
www.support.ninds.nih.gov,No,Yes,1,1,2025-09-19T17:28:23,2026-10-19T17:27:23,21136811796,"C=US, O=IdenTrust, OU=HydrantID Trusted Certificate Service, CN=HydrantID Server CA O1"
www.supportdev.ninds.nih.gov,No,Yes,1,1,2025-09-19T17:59:55,2026-10-19T17:58:55,21137318468,"C=US, O=IdenTrust, OU=HydrantID Trusted Certificate Service, CN=HydrantID Server CA O1"
www.t1diabetes.nih.gov,Yes,Yes,2,1,2026-05-12T00:00:00,2026-11-12T23:59:59,26285039408;26270977718,"C=US, O=DigiCert Inc, OU=www.digicert.com, CN=GeoTrust TLS RSA CA G1"
www.tableau.oar.nih.gov,No,Yes,1,1,2026-05-28T19:31:46,2026-12-13T19:30:46,26714323332,"C=US, O=IdenTrust, OU=HydrantID Trusted Certificate Service, CN=HydrantID Server CA O1"
www.tableau.od.nih.gov,No,Yes,1,1,2026-05-18T18:44:22,2026-12-03T18:43:22,26495023867,"C=US, O=IdenTrust, OU=HydrantID Trusted Certificate Service, CN=HydrantID Server CA O1"
www.takemethere.cc.nih.gov,No,Yes,2,1,2026-01-30T00:00:00,2027-02-27T23:59:59,24067382299;24068676763,"C=US, O=Amazon, CN=Amazon RSA 2048 M04"
www.tech.nih.gov,No,Yes,1,1,2026-05-04T16:32:17,2026-11-19T16:31:17,26312875487,"C=US, O=IdenTrust, OU=HydrantID Trusted Certificate Service, CN=HydrantID Server CA O1"
www.techtransfer.nih.gov,No,Yes,2,1,2026-08-26T11:02:13,2026-11-24T11:02:12,29086543424;29298291417,"C=US, O=Let's Encrypt, CN=YR1"
www.test-nbdc-biobank.nida.nih.gov,No,Yes,1,1,2026-07-28T19:21:00,2027-02-12T19:20:00,28328976661,"C=US, O=IdenTrust, OU=HydrantID Trusted Certificate Service, CN=HydrantID Server CA O1"
www.test.repository.niddk.nih.gov,No,Yes,1,1,2026-05-13T19:36:10,2026-11-28T19:35:10,26435327521,"C=US, O=IdenTrust, OU=HydrantID Trusted Certificate Service, CN=HydrantID Server CA O1"
www.tobacco.nci.nih.gov,No,Yes,1,1,2026-07-20T00:00:00,2027-02-03T23:59:59,28100661028,"C=US, O=DigiCert Inc, CN=DigiCert Global G2 TLS RSA SHA256 2020 CA1"
www.topmed.nhlbi.nih.gov,No,Yes,1,1,2026-07-27T20:15:24,2027-02-11T20:14:24,28300800420,"C=US, O=IdenTrust, OU=HydrantID Trusted Certificate Service, CN=HydrantID Server CA O1"
www.tortoise.nibib.nih.gov,No,Yes,1,1,2025-09-30T20:29:18,2026-10-30T20:28:18,21381678109,"C=US, O=IdenTrust, OU=HydrantID Trusted Certificate Service, CN=HydrantID Server CA O1"
www.tox21.ncats.nih.gov,No,Yes,1,1,2025-09-09T16:10:44,2026-10-09T16:09:44,20901086147,"C=US, O=IdenTrust, OU=HydrantID Trusted Certificate Service, CN=HydrantID Server CA O1"
www.traffic.nih.gov,No,Yes,1,1,2026-03-24T19:35:47,2026-10-09T19:34:47,25198624328,"C=US, O=IdenTrust, OU=HydrantID Trusted Certificate Service, CN=HydrantID Server CA O1"
www.training.nih.gov,No,Yes,1,1,2026-06-30T00:00:00,2027-01-13T23:59:59,27584781552,"C=US, O=Amazon, CN=Amazon RSA 2048 M01"
www.trainingcenter.nih.gov,Yes,Yes,3,2,2025-12-15T10:49:40,2026-12-15T10:49:40,23131925963;28401731282;28401725507,"C=US, O=Let's Encrypt, CN=YE2;C=US, ST=Arizona, L=Scottsdale, O=""GoDaddy.com, Inc."", OU=http://certs.godaddy.com/repository/, CN=Go Daddy Secure Certificate Authority - G2"
www.travelpolicychatbot.od.nih.gov,No,Yes,1,1,2026-06-11T15:09:56,2026-12-27T15:08:56,27091088174,"C=US, O=IdenTrust, OU=HydrantID Trusted Certificate Service, CN=HydrantID Server CA O1"
www.trnd.nih.gov,No,Yes,1,1,2025-10-02T17:23:37,2026-11-01T17:22:37,21423773875,"C=US, O=IdenTrust, OU=HydrantID Trusted Certificate Service, CN=HydrantID Server CA O1"
www.uda.niddk.nih.gov,Yes,Yes,2,1,2026-05-13T00:00:00,2026-11-13T23:59:59,26307398191;26476076136,"C=US, O=DigiCert Inc, OU=www.digicert.com, CN=GeoTrust TLS RSA CA G1"
www.videocast.nih.gov,No,Yes,1,1,2026-02-06T19:25:08,2027-03-08T19:24:08,24228865431,"C=US, O=IdenTrust, OU=HydrantID Trusted Certificate Service, CN=HydrantID Server CA O1"
www.visit.nih.gov,No,Yes,1,1,2025-12-09T16:18:40,2027-01-08T16:17:40,23006392494,"C=US, O=IdenTrust, OU=HydrantID Trusted Certificate Service, CN=HydrantID Server CA O1"
www.visitnih.nih.gov,No,Yes,2,1,2025-11-13T16:56:18,2027-02-21T19:31:21,22441781244;23922158428,"C=US, O=IdenTrust, OU=HydrantID Trusted Certificate Service, CN=HydrantID Server CA O1"
www.vmdev.od.nih.gov,No,Yes,1,1,2026-04-23T18:24:13,2026-11-08T18:23:13,26131487137,"C=US, O=IdenTrust, OU=HydrantID Trusted Certificate Service, CN=HydrantID Server CA O1"
www.wasteguide.nih.gov,No,Yes,1,1,2026-04-27T16:15:28,2026-11-12T16:14:28,26240809415,"C=US, O=IdenTrust, OU=HydrantID Trusted Certificate Service, CN=HydrantID Server CA O1"
www.webservice.nhlbi.nih.gov,No,Yes,1,1,2025-10-31T22:01:59,2026-11-30T22:00:59,22126968920,"C=US, O=IdenTrust, OU=HydrantID Trusted Certificate Service, CN=HydrantID Server CA O1"
www.webworkspace.nei.nih.gov,Yes,Yes,2,1,2026-05-15T00:00:00,2026-11-15T23:59:59,26362013580;26479085904,"C=US, O=DigiCert Inc, OU=www.digicert.com, CN=GeoTrust TLS RSA CA G1"
www.wellnessnews.ors.nih.gov,No,Yes,1,1,2026-01-08T15:39:53,2027-02-07T15:38:53,23635172095,"C=US, O=IdenTrust, OU=HydrantID Trusted Certificate Service, CN=HydrantID Server CA O1"
www.wellstonemdcenters.nih.gov,Yes,Yes,2,1,2026-07-22T05:15:49,2026-10-20T05:15:48,28144863234;28144954004,"C=US, O=Let's Encrypt, CN=YE2"
www.wiki.nidb.nih.gov,No,Yes,1,1,2026-02-20T21:27:17,2027-03-22T21:26:17,24541394390,"C=US, O=IdenTrust, OU=HydrantID Trusted Certificate Service, CN=HydrantID Server CA O1"
www.win.niddk.nih.gov,Yes,Yes,2,1,2026-05-16T00:00:00,2026-11-16T23:59:59,26380029502;26378729284,"C=US, O=DigiCert Inc, OU=www.digicert.com, CN=GeoTrust TLS RSA CA G1"
www.wip.nlm.nih.gov,No,Yes,1,1,2026-02-04T00:00:00,2027-03-04T23:59:59,24171221548,"C=US, O=Amazon, CN=Amazon RSA 2048 M01"
www.worldreport.nih.gov,No,Yes,1,1,2025-12-30T20:24:50,2027-01-29T20:23:50,23461722367,"C=US, O=IdenTrust, OU=HydrantID Trusted Certificate Service, CN=HydrantID Server CA O1"
www.wtracker.ors.od.nih.gov,No,Yes,1,1,2025-09-30T13:48:20,2026-10-30T13:47:20,21374696017,"C=US, O=IdenTrust, OU=HydrantID Trusted Certificate Service, CN=HydrantID Server CA O1"
www2.cc.nih.gov,Yes,Yes,1,1,2026-04-03T00:00:00,2026-10-18T23:59:59,25379678560,"C=US, O=DigiCert Inc, CN=DigiCert Global G2 TLS RSA SHA256 2020 CA1"
www2.niddk.nih.gov,Yes,Yes,2,1,2026-05-12T00:00:00,2026-11-12T23:59:59,26271000963;26273836091,"C=US, O=DigiCert Inc, OU=www.digicert.com, CN=GeoTrust TLS RSA CA G1"
www2.training.nih.gov,Yes,Yes,1,1,2025-10-30T20:06:02,2026-11-29T20:05:02,22108317795,"C=US, O=IdenTrust, OU=HydrantID Trusted Certificate Service, CN=HydrantID Server CA O1"
wwwstage.nigms.nih.gov,Yes,Yes,1,1,2026-01-12T14:45:30,2027-02-11T14:44:30,23723204432,"C=US, O=IdenTrust, OU=HydrantID Trusted Certificate Service, CN=HydrantID Server CA O1"
xen.cc.nih.gov,Yes,Yes,2,1,2026-02-05T00:00:00,2027-03-03T23:59:59,24209633750;24210130002,"C=US, O=DigiCert Inc, CN=DigiCert Global G2 TLS RSA SHA256 2020 CA1"
xess-dev.niaid.nih.gov,Yes,Yes,1,1,2026-07-16T14:01:38,2027-01-31T14:00:38,27983954834,"C=US, O=IdenTrust, OU=HydrantID Trusted Certificate Service, CN=HydrantID Server CA O1"
zoo.nhgri.nih.gov,No,Yes,2,2,2026-02-19T18:50:19,2027-03-21T18:49:19,24517599114;27586207860,"C=US, O=IdenTrust, OU=HydrantID Trusted Certificate Service, CN=HydrantID Server CA O1;C=US, O=Amazon, CN=Amazon RSA 2048 M01"
zulia-icode.opa-tools.od.nih.gov,No,Yes,3,1,2026-08-10T19:18:45,2027-03-07T16:48:29,28715696537;28715676118;28864586149,"C=US, O=IdenTrust, OU=HydrantID Trusted Certificate Service, CN=HydrantID Server CA O1"
zulia.opa-analytics.od.nih.gov,No,Yes,1,1,2026-07-31T21:05:42,2027-02-15T21:04:42,28418193006,"C=US, O=IdenTrust, OU=HydrantID Trusted Certificate Service, CN=HydrantID Server CA O1"
zulia.opa-dev-traefik.od.nih.gov,No,Yes,1,1,2026-04-06T18:29:24,2026-10-22T18:28:24,25572363849,"C=US, O=IdenTrust, OU=HydrantID Trusted Certificate Service, CN=HydrantID Server CA O1"
zulia.opa-dev.od.nih.gov,No,Yes,1,1,2026-04-28T16:22:32,2026-11-13T16:21:32,26253382252,"C=US, O=IdenTrust, OU=HydrantID Trusted Certificate Service, CN=HydrantID Server CA O1"
zulia.opa-itools-traefik.od.nih.gov,No,Yes,1,1,2026-02-26T17:21:44,2027-03-28T17:20:44,24660471480,"C=US, O=IdenTrust, OU=HydrantID Trusted Certificate Service, CN=HydrantID Server CA O1"
zulia.opa-itools.od.nih.gov,No,Yes,3,1,2025-10-16T16:08:53,2026-11-15T16:07:53,21763591559;25928962646;25259626214,"C=US, O=IdenTrust, OU=HydrantID Trusted Certificate Service, CN=HydrantID Server CA O1"
zulia.opa-tools.od.nih.gov,No,Yes,4,1,2026-05-14T18:20:09,2027-03-07T16:48:29,26444917519;28715696537;28715676118;28864586149,"C=US, O=IdenTrust, OU=HydrantID Trusted Certificate Service, CN=HydrantID Server CA O1"
