domain,seen_in_common_name,seen_in_name_value,certificate_count,issuer_count,earliest_seen,latest_expiry,certificate_ids,issuers
24pwgisap002.nv.doe.gov,Yes,Yes,2,1,2025-10-03T00:00:00,2026-11-02T23:59:59,21433809862;21433829932,"C=CA, O=Entrust Limited, CN=Entrust DV TLS Issuing RSA CA 2"
24pwgisws001.nv.doe.gov,Yes,Yes,4,1,2025-09-26T00:00:00,2026-11-02T23:59:59,21433831213;21295218083;21433849796;21295236718,"C=CA, O=Entrust Limited, CN=Entrust DV TLS Issuing RSA CA 2"
24pwsgisap002.nv.doe.gov,Yes,Yes,2,1,2025-09-26T00:00:00,2026-10-26T23:59:59,21295271684;21295252236,"C=CA, O=Entrust Limited, CN=Entrust DV TLS Issuing RSA CA 2"
2ringapp.doe.gov,Yes,Yes,2,1,2026-01-21T00:00:00,2027-01-21T23:59:59,23901040598;23901040768,"C=CA, O=Entrust Limited, CN=Entrust OV TLS Issuing RSA CA 2"
AVAEASAPPPR02.doe.gov,Yes,Yes,2,1,2026-03-11T00:00:00,2027-03-11T23:59:59,24926342137;24926342075,"C=CA, O=Entrust Limited, CN=Entrust OV TLS Issuing RSA CA 2"
AutoDiscover.cns.doe.gov,No,Yes,1,1,2026-09-21T00:00:00,2027-04-07T23:59:59,29534387607,"C=US, O=DigiCert Inc, CN=DigiCert Global G2 TLS RSA SHA256 2020 CA1"
AutoDiscover.gtm.cns.doe.gov,No,Yes,1,1,2026-09-21T00:00:00,2027-04-07T23:59:59,29534387607,"C=US, O=DigiCert Inc, CN=DigiCert Global G2 TLS RSA SHA256 2020 CA1"
AutoDiscover.gtm.onenet.cns.doe.gov,No,Yes,1,1,2026-09-21T00:00:00,2027-04-07T23:59:59,29534387607,"C=US, O=DigiCert Inc, CN=DigiCert Global G2 TLS RSA SHA256 2020 CA1"
AutoDiscover.lex.doe.gov,No,Yes,2,1,2025-12-03T00:00:00,2026-12-03T23:59:59,22888644798;22888681608,"C=CA, O=Entrust Limited, CN=Entrust OV TLS Issuing RSA CA 2"
AutoDiscover.onenet.cns.doe.gov,No,Yes,1,1,2026-09-21T00:00:00,2027-04-07T23:59:59,29534387607,"C=US, O=DigiCert Inc, CN=DigiCert Global G2 TLS RSA SHA256 2020 CA1"
AutoDiscover.upo.doe.gov,No,Yes,1,1,2026-09-21T00:00:00,2027-04-07T23:59:59,29534387607,"C=US, O=DigiCert Inc, CN=DigiCert Global G2 TLS RSA SHA256 2020 CA1"
AutoDiscover.y12.doe.gov,No,Yes,1,1,2026-09-21T00:00:00,2027-04-07T23:59:59,29534387607,"C=US, O=DigiCert Inc, CN=DigiCert Global G2 TLS RSA SHA256 2020 CA1"
AutoDiscover.y12nsc.doe.gov,No,Yes,1,1,2026-09-21T00:00:00,2027-04-07T23:59:59,29534387607,"C=US, O=DigiCert Inc, CN=DigiCert Global G2 TLS RSA SHA256 2020 CA1"
AutoDiscover.yfo.doe.gov,No,Yes,1,1,2026-09-21T00:00:00,2027-04-07T23:59:59,29534387607,"C=US, O=DigiCert Inc, CN=DigiCert Global G2 TLS RSA SHA256 2020 CA1"
Dy12pnbdr-vpn01aASA.onenet.cns.doe.gov,No,Yes,2,1,2026-09-16T00:00:00,2027-04-02T23:59:59,29437227641;29444739978,"C=US, O=DigiCert Inc, CN=DigiCert Global G2 TLS RSA SHA256 2020 CA1"
Dy12pnbdr-vpn02aASA.onenet.cns.doe.gov,No,Yes,2,1,2025-10-08T00:00:00,2027-04-09T23:59:59,21575630101;29544776412,"C=US, O=DigiCert Inc, CN=DigiCert Global G2 TLS RSA SHA256 2020 CA1"
EdgeCluster.oem.doe.gov,No,Yes,2,1,2026-08-06T00:00:00,2027-02-20T23:59:59,28594310676;28594311979,"C=GB, O=Sectigo Limited, CN=Sectigo Public Server Authentication CA OV R36"
FTP2.NETL.DOE.GOV,Yes,Yes,2,1,2026-04-17T00:00:00,2026-11-01T23:59:59,25943928151;25577667601,"C=CA, O=Entrust Limited, CN=Entrust OV TLS Issuing RSA CA 2"
HQ-EXPRESSE.oem.doe.gov,No,Yes,2,1,2026-08-06T00:00:00,2027-02-20T23:59:59,28594310676;28594311979,"C=GB, O=Sectigo Limited, CN=Sectigo Public Server Authentication CA OV R36"
NAP9-EXPRESSE.oem.doe.gov,No,Yes,2,1,2026-08-06T00:00:00,2027-02-20T23:59:59,28594310676;28594311979,"C=GB, O=Sectigo Limited, CN=Sectigo Public Server Authentication CA OV R36"
Prod65-OneID1.admin.netl.doe.gov,Yes,Yes,2,1,2025-10-02T00:00:00,2026-11-02T23:59:59,21425705309;21425693285,"C=CA, O=Entrust Limited, CN=Entrust OV TLS Issuing RSA CA 2"
VPN-PTXGFE.cns.doe.gov,Yes,Yes,1,1,2026-07-23T00:00:00,2027-02-06T23:59:59,28189490217,"C=US, O=DigiCert Inc, CN=DigiCert Global G2 TLS RSA SHA256 2020 CA1"
abq-wlc-9800.net.doe.gov,No,Yes,2,1,2026-06-18T00:00:00,2027-01-02T23:59:59,27298428742;27298426632,"C=CA, O=Entrust Limited, CN=Entrust OV TLS Issuing RSA CA 2"
abq.doe.gov,Yes,Yes,4,1,2026-08-03T00:00:00,2027-02-17T23:59:59,28502847125;28498787456;28498787641;28502847070,"C=CA, O=Entrust Limited, CN=Entrust OV TLS Issuing RSA CA 2"
accounts.empact.pars.doe.gov,Yes,Yes,8,4,2026-08-09T04:41:00,2026-11-07T05:38:09,28668226927;28669355635;28669348529;28669332677;28668224489;28668232274;28669342964;28668220246,"C=US, O=Let's Encrypt, CN=YR1;C=US, O=Let's Encrypt, CN=YR2;C=US, O=Let's Encrypt, CN=YE1;C=US, O=Let's Encrypt, CN=YE2"
accounts.walt.pars.doe.gov,Yes,Yes,8,2,2026-08-06T05:26:08,2026-11-04T07:16:56,28583470431;28583292363;28583808855;28580906116;28580901253;28580908421;28580901250;28583471276,"C=US, O=Let's Encrypt, CN=YR1;C=US, O=Let's Encrypt, CN=YE2"
acn.abq.doe.gov,Yes,Yes,2,1,2026-07-17T00:00:00,2027-01-31T23:59:59,28009785078;28009785215,"C=CA, O=Entrust Limited, CN=Entrust OV TLS Issuing RSA CA 2"
adfs.moabem.doe.gov,Yes,Yes,5,1,2025-10-21T00:00:00,2027-04-10T23:59:59,21889932596;29030054406;21889940845;29566804724;29030047637,"C=CA, O=Entrust Limited, CN=Entrust OV TLS Issuing RSA CA 2"
adfs.ntc.doe.gov,Yes,Yes,2,1,2025-12-08T00:00:00,2027-01-08T23:59:59,22980955027;22980954743,"C=CA, O=Entrust Limited, CN=Entrust DV TLS Issuing RSA CA 2"
adfs2.moabem.doe.gov,No,Yes,2,1,2026-08-25T00:00:00,2027-03-11T23:59:59,29030047637;29030054406,"C=CA, O=Entrust Limited, CN=Entrust OV TLS Issuing RSA CA 2"
agreement-library.kcnsc.doe.gov,No,Yes,1,1,2025-11-20T00:00:00,2026-11-15T23:59:59,22604800303,"C=US, O=DigiCert Inc, CN=DigiCert Global G2 TLS RSA SHA256 2020 CA1"
aims.doe.gov,Yes,Yes,2,1,2026-06-23T00:00:00,2027-01-07T23:59:59,27428665059;27428662597,"C=CA, O=Entrust Limited, CN=Entrust OV TLS Issuing RSA CA 2"
airo.doe.gov,Yes,Yes,2,1,2026-01-22T00:00:00,2027-01-22T23:59:59,23918702625;23918703165,"C=CA, O=Entrust Limited, CN=Entrust OV TLS Issuing RSA CA 2"
ais.ijc3.doe.gov,Yes,Yes,2,1,2026-06-15T00:00:00,2026-12-30T23:59:59,27208403050;27208330066,"C=CA, O=Entrust Limited, CN=Entrust OV TLS Issuing RSA CA 2"
aitoolbox-dev.doe.gov,Yes,Yes,6,1,2026-02-20T00:00:00,2027-03-04T23:59:59,24602583489;24537782954;24602584265;24784729210;24784729123;24537782636,"C=CA, O=Entrust Limited, CN=Entrust OV TLS Issuing RSA CA 2"
aitoolbox.doe.gov,Yes,Yes,2,1,2026-03-11T00:00:00,2027-03-11T23:59:59,24923436622;24923436089,"C=CA, O=Entrust Limited, CN=Entrust OV TLS Issuing RSA CA 2"
alsdestatus.powerschool.com,Yes,No,1,1,2026-08-26T23:24:33,2026-11-24T23:24:32,29402035435,"C=US, O=Let's Encrypt, CN=YR2"
and.nv.doe.gov,Yes,Yes,4,1,2025-10-16T00:00:00,2026-11-05T23:59:59,21768671090;21768686805;21769143048;21769154973,"C=CA, O=Entrust Limited, CN=Entrust OV TLS Issuing RSA CA 2"
anyconnect.nv.doe.gov,No,Yes,2,1,2025-11-06T00:00:00,2026-12-07T23:59:59,22268480528;22268496825,"C=CA, O=Entrust Limited, CN=Entrust OV TLS Issuing RSA CA 2"
aohrsaappss01.doe.gov,Yes,Yes,2,1,2026-04-10T00:00:00,2026-10-25T23:59:59,25487690537;25799288989,"C=CA, O=Entrust Limited, CN=Entrust OV TLS Issuing RSA CA 2"
ap.doe.gov,No,Yes,16,2,2025-11-13T00:00:00,2027-01-15T23:59:59,25748694027;26291166544;22440734909;27625339320;27624827032;27598736521;27625103730;22440750570;26291185785;27598718025;27625102683;27599047624;27624828593;27599044845;27625341383;26035485471,"C=US, O=""InCommon, LLC"", CN=InCommon RSA OV SSL CA 3;C=US, O=Internet2, CN=InCommon RSA Server CA 2"
api.aitoolbox-dev.doe.gov,No,Yes,2,1,2026-03-04T00:00:00,2027-03-04T23:59:59,24784729210;24784729123,"C=CA, O=Entrust Limited, CN=Entrust OV TLS Issuing RSA CA 2"
api.joulix.doe.gov,No,Yes,2,1,2026-04-23T00:00:00,2026-11-07T23:59:59,26024195129;25711532576,"C=CA, O=Entrust Limited, CN=Entrust OV TLS Issuing RSA CA 2"
arcgis.netl.doe.gov,Yes,Yes,2,1,2026-06-18T00:00:00,2027-01-02T23:59:59,27297073992;27297082377,"C=GB, O=Sectigo Limited, CN=Sectigo Public Server Authentication CA OV R36"
arlsord.nv.doe.gov,Yes,Yes,2,1,2026-09-17T00:00:00,2027-04-03T23:59:59,29478810497;29442655790,"C=GB, O=Sectigo Limited, CN=Sectigo Public Server Authentication CA OV R36"
arpa-e-impacts.doe.gov,Yes,Yes,6,1,2025-12-17T00:00:00,2026-12-17T23:59:59,25279362102;23181449968;25276852943;23181418884;25426289014;25619850438,"C=CA, O=Entrust Limited, CN=Entrust OV TLS Issuing RSA CA 2"
arpaedev.doe.gov,Yes,Yes,4,1,2026-07-01T00:00:00,2027-03-17T23:59:59,27620288953;29201025709;27620288036;29201019959,"C=CA, O=Entrust Limited, CN=Entrust OV TLS Issuing RSA CA 2"
artifactory.doe.gov,Yes,Yes,2,1,2026-09-18T00:00:00,2027-04-04T23:59:59,29486563939;29444462120,"C=CA, O=Entrust Limited, CN=Entrust OV TLS Issuing RSA CA 2"
artifactory.naerm.doe.gov,No,Yes,2,1,2026-05-21T00:00:00,2026-12-05T23:59:59,26529871425;26529834648,"C=CA, O=Entrust Limited, CN=Entrust OV TLS Issuing RSA CA 2"
aruba-guest-mgt.kcnsc.doe.gov,No,Yes,2,1,2026-04-16T00:00:00,2026-11-25T23:59:59,25629407380;26262751875,"C=US, O=DigiCert Inc, CN=DigiCert Global G2 TLS RSA SHA256 2020 CA1"
aruba-guest.kcnsc.doe.gov,No,Yes,2,1,2026-04-16T00:00:00,2026-11-25T23:59:59,25629407380;26262751875,"C=US, O=DigiCert Inc, CN=DigiCert Global G2 TLS RSA SHA256 2020 CA1"
aruba-guest.kcp.com,Yes,No,2,1,2026-04-16T00:00:00,2026-11-25T23:59:59,25629407380;26262751875,"C=US, O=DigiCert Inc, CN=DigiCert Global G2 TLS RSA SHA256 2020 CA1"
aruba-guest1-mgt.kcnsc.doe.gov,No,Yes,2,1,2026-04-16T00:00:00,2026-11-25T23:59:59,25629407380;26262751875,"C=US, O=DigiCert Inc, CN=DigiCert Global G2 TLS RSA SHA256 2020 CA1"
aruba-guest1.kcnsc.doe.gov,No,Yes,2,1,2026-04-16T00:00:00,2026-11-25T23:59:59,25629407380;26262751875,"C=US, O=DigiCert Inc, CN=DigiCert Global G2 TLS RSA SHA256 2020 CA1"
aruba-guest2-mgt.kcnsc.doe.gov,No,Yes,2,1,2026-04-16T00:00:00,2026-11-25T23:59:59,25629407380;26262751875,"C=US, O=DigiCert Inc, CN=DigiCert Global G2 TLS RSA SHA256 2020 CA1"
aruba-guest2.kcnsc.doe.gov,No,Yes,2,1,2026-04-16T00:00:00,2026-11-25T23:59:59,25629407380;26262751875,"C=US, O=DigiCert Inc, CN=DigiCert Global G2 TLS RSA SHA256 2020 CA1"
ascr-discovery.science.doe.gov,Yes,Yes,8,2,2026-07-10T08:52:49,2026-10-08T09:14:13,27828183287;27827768277;27827771919;27827762790;27828175676;27828169128;27828183177;27827770312,"C=US, O=Let's Encrypt, CN=YR2;C=US, O=Let's Encrypt, CN=YE2"
ashprdappvir517.eia.doe.gov,Yes,Yes,4,1,2026-04-21T00:00:00,2026-11-11T23:59:59,25851901994;25637949022;25998270698;26070582500,"C=CA, O=Entrust Limited, CN=Entrust OV TLS Issuing RSA CA 2"
ashprdappvir518.eia.doe.gov,Yes,Yes,2,1,2025-12-30T00:00:00,2027-01-30T23:59:59,23458766453;23458765965,"C=CA, O=Entrust Limited, CN=Entrust OV TLS Issuing RSA CA 2"
assets.github.doe.gov,No,Yes,2,1,2026-07-30T00:00:00,2027-02-13T23:59:59,28386874173;28386873601,"C=CA, O=Entrust Limited, CN=Entrust OV TLS Issuing RSA CA 2"
ats.doe.gov,Yes,Yes,2,1,2026-03-12T00:00:00,2027-03-12T23:59:59,24942320170;24942337190,"C=CA, O=Entrust Limited, CN=Entrust OV TLS Issuing RSA CA 2"
atts-test.doe.gov,No,Yes,2,1,2026-02-23T00:00:00,2027-02-23T23:59:59,24602944546;24602944077,"C=CA, O=Entrust Limited, CN=Entrust OV TLS Issuing RSA CA 2"
atts.doe.gov,No,Yes,2,1,2026-02-23T00:00:00,2027-02-23T23:59:59,24602083891;24602082783,"C=CA, O=Entrust Limited, CN=Entrust OV TLS Issuing RSA CA 2"
au-devops.doe.gov,Yes,Yes,4,1,2026-08-11T00:00:00,2027-03-03T23:59:59,28831808566;28740489930;28793636963;28740471843,"C=CA, O=Entrust Limited, CN=Entrust OV TLS Issuing RSA CA 2"
au-piv-registration.doe.gov,No,Yes,2,1,2026-08-11T00:00:00,2027-02-25T23:59:59,28741310686;28741283017,"C=CA, O=Entrust Limited, CN=Entrust OV TLS Issuing RSA CA 2"
au.doe.gov,Yes,Yes,2,1,2026-02-23T00:00:00,2027-02-23T23:59:59,24600447213;24600448781,"C=CA, O=Entrust Limited, CN=Entrust OV TLS Issuing RSA CA 2"
aulogin-test.doe.gov,No,Yes,2,1,2026-06-22T00:00:00,2027-01-06T23:59:59,27402080950;27402079307,"C=CA, O=Entrust Limited, CN=Entrust OV TLS Issuing RSA CA 2"
aulogin.doe.gov,No,Yes,2,1,2026-08-11T00:00:00,2027-02-25T23:59:59,28741310686;28741283017,"C=CA, O=Entrust Limited, CN=Entrust OV TLS Issuing RSA CA 2"
autodiscover.cbfo.doe.gov,No,Yes,4,1,2026-06-09T00:00:00,2026-12-24T23:59:59,27026272510;27026321407;27024908451;27024866021,"C=GB, O=Sectigo Limited, CN=Sectigo Public Server Authentication CA OV R36"
autodiscover.em-la.doe.gov,No,Yes,2,1,2026-06-30T00:00:00,2027-01-14T23:59:59,27591429766;27591431817,"C=CA, O=Entrust Limited, CN=Entrust OV TLS Issuing RSA CA 2"
autodiscover.kcnsc.doe.gov,No,Yes,1,1,2025-11-06T00:00:00,2026-12-04T23:59:59,22257558045,"C=US, O=DigiCert Inc, CN=DigiCert Global G2 TLS RSA SHA256 2020 CA1"
autodiscover.kcp.com,Yes,No,1,1,2025-11-06T00:00:00,2026-12-04T23:59:59,22257558045,"C=US, O=DigiCert Inc, CN=DigiCert Global G2 TLS RSA SHA256 2020 CA1"
autodiscover.moabem.doe.gov,No,Yes,2,1,2026-08-25T00:00:00,2027-03-11T23:59:59,29030047637;29030054406,"C=CA, O=Entrust Limited, CN=Entrust OV TLS Issuing RSA CA 2"
autodiscover.osc.doe.gov,No,Yes,2,1,2026-05-28T00:00:00,2026-12-12T23:59:59,26693396595;26693359928,"C=GB, O=Sectigo Limited, CN=Sectigo Public Server Authentication CA OV R36"
autodiscover.pantex.doe.gov,No,Yes,2,1,2026-04-27T00:00:00,2026-11-11T23:59:59,26069954865;25849723223,"C=CA, O=Entrust Limited, CN=Entrust OV TLS Issuing RSA CA 2"
autodiscover.pfo.doe.gov,No,Yes,2,1,2026-04-27T00:00:00,2026-11-11T23:59:59,26069954865;25849723223,"C=CA, O=Entrust Limited, CN=Entrust OV TLS Issuing RSA CA 2"
autodiscover.science.doe.gov,No,Yes,2,1,2026-05-28T00:00:00,2026-12-12T23:59:59,26693396595;26693359928,"C=GB, O=Sectigo Limited, CN=Sectigo Public Server Authentication CA OV R36"
autodiscover.sepa.doe.gov,No,Yes,2,1,2025-12-03T00:00:00,2027-01-03T23:59:59,22888454903;22888454253,"C=CA, O=Entrust Limited, CN=Entrust DV TLS Issuing RSA CA 2"
autodiscover.wipp.doe.gov,No,Yes,4,1,2026-07-16T00:00:00,2027-02-06T23:59:59,27994510849;28190443412;28190452040;27994510793,"C=GB, O=Sectigo Limited, CN=Sectigo Public Server Authentication CA OV R36"
avacmsappde01.doe.gov,No,Yes,4,1,2026-07-01T00:00:00,2027-03-17T23:59:59,27620288953;29201025709;27620288036;29201019959,"C=CA, O=Entrust Limited, CN=Entrust OV TLS Issuing RSA CA 2"
avacmsapppr01.doe.gov,Yes,Yes,2,1,2025-10-29T00:00:00,2026-10-29T23:59:59,22088627276;22088642251,"C=CA, O=Entrust Limited, CN=Entrust OV TLS Issuing RSA CA 2"
avacmsdbepr01.doe.gov,Yes,Yes,2,1,2025-10-29T00:00:00,2026-10-29T23:59:59,22088627103;22088612413,"C=CA, O=Entrust Limited, CN=Entrust OV TLS Issuing RSA CA 2"
avaeasapppr02.doe.gov,Yes,Yes,4,1,2025-12-23T00:00:00,2027-03-11T23:59:59,23320590738;23320612577;24928646796;24928651388,"C=CA, O=Entrust Limited, CN=Entrust OV TLS Issuing RSA CA 2"
avaeasappte01.doe.gov,Yes,Yes,2,1,2026-04-09T00:00:00,2026-10-24T23:59:59,25769775939;25473154522,"C=CA, O=Entrust Limited, CN=Entrust OV TLS Issuing RSA CA 2"
avaeieapppr01.doe.gov,Yes,Yes,2,1,2026-07-25T00:00:00,2027-02-08T23:59:59,28246023818;28246024476,"C=CA, O=Entrust Limited, CN=Entrust OV TLS Issuing RSA CA 2"
avaeieappte01.doe.gov,Yes,Yes,2,1,2026-07-22T00:00:00,2027-02-05T23:59:59,28157335156;28157328637,"C=CA, O=Entrust Limited, CN=Entrust OV TLS Issuing RSA CA 2"
avaeisapppr01.doe.gov,Yes,Yes,2,1,2026-07-25T00:00:00,2027-02-08T23:59:59,28246327464;28246327068,"C=CA, O=Entrust Limited, CN=Entrust OV TLS Issuing RSA CA 2"
avaengwebde01.energygov.doe.gov,No,Yes,8,1,2025-10-28T00:00:00,2027-03-04T23:59:59,24787946865;24782902929;24782886786;22063241731;24782901107;24782886472;22063254653;24787945870,"C=CA, O=Entrust Limited, CN=Entrust OV TLS Issuing RSA CA 2"
avaengwebpr18.ahe.doe.gov,No,Yes,8,1,2025-10-28T00:00:00,2027-03-04T23:59:59,24787946865;24782902929;24782886786;22063241731;24782901107;24782886472;22063254653;24787945870,"C=CA, O=Entrust Limited, CN=Entrust OV TLS Issuing RSA CA 2"
avaengwebpr19.ahe.doe.gov,No,Yes,8,1,2025-10-28T00:00:00,2027-03-04T23:59:59,24787946865;24782902929;24782886786;22063241731;24782901107;24782886472;22063254653;24787945870,"C=CA, O=Entrust Limited, CN=Entrust OV TLS Issuing RSA CA 2"
avaengwebst29.energygov.doe.gov,No,Yes,8,1,2025-10-28T00:00:00,2027-03-04T23:59:59,24787946865;24782902929;24782886786;22063241731;24782901107;24782886472;22063254653;24787945870,"C=CA, O=Entrust Limited, CN=Entrust OV TLS Issuing RSA CA 2"
avanepapppr02.doe.gov,Yes,Yes,4,1,2025-11-12T00:00:00,2027-01-28T23:59:59,22413843829;22413827695;24041691181;24041694362,"C=CA, O=Entrust Limited, CN=Entrust OV TLS Issuing RSA CA 2"
avaraswebde01.tis.eh.doe.gov,No,Yes,4,1,2026-05-07T00:00:00,2026-12-03T23:59:59,26466557694;26466517190;26154536792;26185046351,"C=CA, O=Entrust Limited, CN=Entrust OV TLS Issuing RSA CA 2"
avaraswebpr01.tis.eh.doe.gov,No,Yes,2,1,2026-05-07T00:00:00,2026-11-21T23:59:59,26185047548;26154540263,"C=CA, O=Entrust Limited, CN=Entrust OV TLS Issuing RSA CA 2"
avardswebt01.tis.eh.doe.gov,No,Yes,2,1,2026-06-22T00:00:00,2027-01-06T23:59:59,27402080950;27402079307,"C=CA, O=Entrust Limited, CN=Entrust OV TLS Issuing RSA CA 2"
avardswebt02.tis.eh.doe.gov,No,Yes,2,1,2026-06-22T00:00:00,2027-01-06T23:59:59,27402080950;27402079307,"C=CA, O=Entrust Limited, CN=Entrust OV TLS Issuing RSA CA 2"
avardswebt03.tis.eh.doe.gov,No,Yes,2,1,2026-06-22T00:00:00,2027-01-06T23:59:59,27402080950;27402079307,"C=CA, O=Entrust Limited, CN=Entrust OV TLS Issuing RSA CA 2"
avardswebt04.tis.eh.doe.gov,No,Yes,2,1,2026-06-22T00:00:00,2027-01-06T23:59:59,27402080950;27402079307,"C=CA, O=Entrust Limited, CN=Entrust OV TLS Issuing RSA CA 2"
avarsaappss01.doe.gov,Yes,Yes,2,1,2026-04-10T00:00:00,2026-10-25T23:59:59,25487691736;25799292055,"C=CA, O=Entrust Limited, CN=Entrust OV TLS Issuing RSA CA 2"
avatars.github.doe.gov,No,Yes,2,1,2026-07-30T00:00:00,2027-02-13T23:59:59,28386874173;28386873601,"C=CA, O=Entrust Limited, CN=Entrust OV TLS Issuing RSA CA 2"
avawpsappte01.imtest.doe.gov,Yes,Yes,2,1,2026-08-07T00:00:00,2027-02-21T23:59:59,28620883363;28620884758,"C=CA, O=Entrust Limited, CN=Entrust OV TLS Issuing RSA CA 2"
aws.juce.nnsa.doe.gov,Yes,Yes,37,2,2025-09-18T00:00:00,2027-04-09T23:59:59,28390314207;28021245201;27813707426;25342874181;24185696259;26267885399;28536796366;29231268096;25954350434;28540556378;21581239131;26916484317;26313177350;28390328402;23940405326;27402936681;28134296634;24474935187;29442576964;28475354712;29442374537;28334659605;26808897553;23939371099;25460200556;26664811980;22088265407;29215890330;29084310228;28475322979;21791357768;22091284819;29311144657;21114471835;28755562647;26808047126;29563542697,"C=US, O=Amazon, CN=Amazon RSA 2048 M04;C=US, O=Amazon, CN=Amazon RSA 2048 M01"
aws.kcnsc.doe.gov,Yes,Yes,33,2,2025-09-24T00:00:00,2027-03-30T23:59:59,22373458501;24370251369;22724897966;28331232231;23299873828;28166408738;23202675510;29361920132;22348046386;21254221004;26915072860;23299733981;22391169039;28224489212;22345575885;21273250981;22846934104;24370251239;26068895662;26076169806;23297559857;22712949477;26069353956;26443937536;26070167139;23298903144;27903786471;21549955169;22566557765;29358999483;21290946678;27936088420;29426305267,"C=US, O=Amazon, CN=Amazon RSA 2048 M04;C=US, O=Amazon, CN=Amazon RSA 2048 M01"
aws.sb.juce.nnsa.doe.gov,Yes,Yes,3,2,2026-03-27T00:00:00,2027-03-12T23:59:59,25260058252;29065309580;28790945118,"C=US, O=Amazon, CN=Amazon RSA 2048 M04;C=US, O=Amazon, CN=Amazon RSA 2048 M01"
azure.juce.nnsa.doe.gov,Yes,Yes,1,1,2026-07-13T00:00:00,2027-01-08T23:59:59,27902183444,"C=US, O=DigiCert Inc, CN=DigiCert Global G2 TLS RSA SHA256 2020 CA1"
azure.sb.juce.nnsa.doe.gov,No,Yes,3,1,2026-05-28T00:00:00,2027-01-08T23:59:59,27902183444;26736965160;26712308155,"C=US, O=DigiCert Inc, CN=DigiCert Global G2 TLS RSA SHA256 2020 CA1"
bbsc-dev.ee.doe.gov,Yes,Yes,2,1,2026-05-18T00:00:00,2026-12-02T23:59:59,26443366910;26443544220,"C=CA, O=Entrust Limited, CN=Entrust OV TLS Issuing RSA CA 2"
bbsc-stage.ee.doe.gov,Yes,Yes,2,1,2025-11-10T00:00:00,2026-11-15T23:59:59,22364111243;22364093396,"C=CA, O=Entrust Limited, CN=Entrust OV TLS Issuing RSA CA 2"
bm.lm.doe.gov,Yes,Yes,2,1,2025-12-01T00:00:00,2026-12-16T23:59:59,22841681553;22841666801,"C=GB, O=Sectigo Limited, CN=Sectigo Public Server Authentication CA OV R36"
boehome.nv.doe.gov,Yes,Yes,2,1,2026-06-04T00:00:00,2026-12-19T23:59:59,26888943486;26888876390,"C=CA, O=Entrust Limited, CN=Entrust OV TLS Issuing RSA CA 2"
bolt-int.ee.doe.gov,Yes,Yes,2,1,2025-11-19T00:00:00,2026-11-19T23:59:59,22594740940;22594763185,"C=CA, O=Entrust Limited, CN=Entrust OV TLS Issuing RSA CA 2"
boltapp.ee.doe.gov,Yes,Yes,2,1,2025-11-19T00:00:00,2026-11-19T23:59:59,22599449659;22599468461,"C=CA, O=Entrust Limited, CN=Entrust OV TLS Issuing RSA CA 2"
c2db.doe.gov,Yes,Yes,2,1,2026-04-10T00:00:00,2026-10-25T23:59:59,25486075065;25796769074,"C=CA, O=Entrust Limited, CN=Entrust OV TLS Issuing RSA CA 2"
c2m2.doe.gov,Yes,Yes,2,1,2026-05-17T00:00:00,2026-12-01T23:59:59,26408195116;26408219381,"C=CA, O=Entrust Limited, CN=Entrust OV TLS Issuing RSA CA 2"
cairs-test.doe.gov,No,Yes,2,1,2026-06-22T00:00:00,2027-01-06T23:59:59,27402080950;27402079307,"C=CA, O=Entrust Limited, CN=Entrust OV TLS Issuing RSA CA 2"
cairs.doe.gov,No,Yes,2,1,2026-08-11T00:00:00,2027-02-25T23:59:59,28741310686;28741283017,"C=CA, O=Entrust Limited, CN=Entrust OV TLS Issuing RSA CA 2"
cairstrain.doe.gov,No,Yes,2,1,2026-08-11T00:00:00,2027-02-25T23:59:59,28741310686;28741283017,"C=CA, O=Entrust Limited, CN=Entrust OV TLS Issuing RSA CA 2"
cats-test.doe.gov,No,Yes,2,1,2026-02-23T00:00:00,2027-02-23T23:59:59,24602944546;24602944077,"C=CA, O=Entrust Limited, CN=Entrust OV TLS Issuing RSA CA 2"
cats.doe.gov,No,Yes,2,1,2026-02-23T00:00:00,2027-02-23T23:59:59,24602083891;24602082783,"C=CA, O=Entrust Limited, CN=Entrust OV TLS Issuing RSA CA 2"
cats3-test.doe.gov,No,Yes,2,1,2026-02-23T00:00:00,2027-02-23T23:59:59,24602944546;24602944077,"C=CA, O=Entrust Limited, CN=Entrust OV TLS Issuing RSA CA 2"
cats3.doe.gov,No,Yes,2,1,2026-02-23T00:00:00,2027-02-23T23:59:59,24602083891;24602082783,"C=CA, O=Entrust Limited, CN=Entrust OV TLS Issuing RSA CA 2"
cawwt01.lm.doe.gov,Yes,Yes,2,1,2026-08-11T00:00:00,2027-02-25T23:59:59,28745156938;28745156850,"C=GB, O=Sectigo Limited, CN=Sectigo Public Server Authentication CA OV R36"
ccar-ea-test.doe.gov,Yes,Yes,2,1,2026-05-15T00:00:00,2026-11-29T23:59:59,26369471973;26358158936,"C=CA, O=Entrust Limited, CN=Entrust OV TLS Issuing RSA CA 2"
ccar-ea.doe.gov,Yes,Yes,2,1,2026-06-10T00:00:00,2026-12-25T23:59:59,27055232135;27055619279,"C=CA, O=Entrust Limited, CN=Entrust OV TLS Issuing RSA CA 2"
cdm.hq.doe.gov,Yes,Yes,2,1,2026-02-02T00:00:00,2027-02-02T23:59:59,24141200553;24141198056,"C=CA, O=Entrust Limited, CN=Entrust OV TLS Issuing RSA CA 2"
cdn.lm.doe.gov,Yes,Yes,2,1,2025-09-22T00:00:00,2026-10-10T23:59:59,21199129648;21199129390,"C=GB, O=Sectigo Limited, CN=Sectigo Public Server Authentication CA OV R36"
ceq.doe.gov,No,Yes,2,1,2026-08-11T00:00:00,2027-02-25T23:59:59,28740492974;28740489840,"C=CA, O=Entrust Limited, CN=Entrust OV TLS Issuing RSA CA 2"
certauth.adfs.moabem.doe.gov,No,Yes,2,1,2026-08-25T00:00:00,2027-03-11T23:59:59,29030047637;29030054406,"C=CA, O=Entrust Limited, CN=Entrust OV TLS Issuing RSA CA 2"
certauth.adfs.ntc.doe.gov,No,Yes,2,1,2025-12-08T00:00:00,2027-01-08T23:59:59,22980955027;22980954743,"C=CA, O=Entrust Limited, CN=Entrust DV TLS Issuing RSA CA 2"
certauth.fs.cbfo.doe.gov,No,Yes,2,1,2026-08-20T00:00:00,2027-03-06T23:59:59,28864144821;28868816449,"C=CA, O=Entrust Limited, CN=Entrust OV TLS Issuing RSA CA 2"
certauth.fs.doe.gov,No,Yes,4,1,2026-02-12T00:00:00,2027-02-12T23:59:59,25891335313;24359000692;25540223853;24358999339,"C=CA, O=Entrust Limited, CN=Entrust OV TLS Issuing RSA CA 2"
certauth.fs.emcbc.doe.gov,No,Yes,2,1,2026-01-05T00:00:00,2026-12-27T23:59:59,23567789269;23567772457,"C=CA, O=Entrust Limited, CN=Entrust OV TLS Issuing RSA CA 2"
certauth.fs.lex.doe.gov,No,Yes,2,1,2026-03-11T00:00:00,2027-04-10T23:59:59,24923607903;24923607280,"C=CA, O=Entrust Limited, CN=Entrust OV TLS Issuing RSA CA 2"
certauth.fs.wipp.doe.gov,No,Yes,2,1,2026-07-13T00:00:00,2027-01-27T23:59:59,27908075525;27908078707,"C=GB, O=Sectigo Limited, CN=Sectigo Public Server Authentication CA OV R36"
certauth.lm.doe.gov,No,Yes,3,1,2025-11-13T00:00:00,2027-04-10T23:59:59,22439433105;29561406792;22439413007,"C=GB, O=Sectigo Limited, CN=Sectigo Public Server Authentication CA OV R36"
cftest.doe.gov,Yes,Yes,2,2,2026-09-01T23:08:19,2026-12-01T00:08:25,29547649522;29547660122,"C=US, O=Google Trust Services, CN=WE1;C=US, O=Google Trust Services, CN=WR1"
cirkle-40-test.nest.doe.gov,Yes,Yes,3,1,2026-08-18T00:00:00,2027-02-21T23:59:59,28865136051;28825684281;28866946961,"C=US, O=DigiCert Inc, OU=www.digicert.com, CN=GeoTrust TLS RSA CA G1"
cirkle-40.nest.doe.gov,Yes,Yes,1,1,2026-08-25T00:00:00,2027-02-25T23:59:59,29022920386,"C=US, O=DigiCert Inc, OU=www.digicert.com, CN=GeoTrust TLS RSA CA G1"
cirkle-test.nest.doe.gov,Yes,Yes,1,1,2026-07-14T00:00:00,2027-01-14T23:59:59,27925741598,"C=US, O=DigiCert Inc, OU=www.digicert.com, CN=GeoTrust TLS RSA CA G1"
cirkle.nest.doe.gov,Yes,Yes,1,1,2026-07-07T00:00:00,2027-01-07T23:59:59,27759379261,"C=US, O=DigiCert Inc, OU=www.digicert.com, CN=GeoTrust TLS RSA CA G1"
citrix-test.netl.doe.gov,Yes,Yes,2,1,2025-10-31T00:00:00,2026-12-01T23:59:59,22121982269;22122010098,"C=CA, O=Entrust Limited, CN=Entrust OV TLS Issuing RSA CA 2"
citrix-testcb.netl.doe.gov,Yes,Yes,2,1,2025-10-31T00:00:00,2026-12-01T23:59:59,22122101103;22122113441,"C=CA, O=Entrust Limited, CN=Entrust OV TLS Issuing RSA CA 2"
citrix-testsc.netl.doe.gov,Yes,Yes,2,1,2025-10-31T00:00:00,2026-12-01T23:59:59,22122151569;22122164272,"C=CA, O=Entrust Limited, CN=Entrust DV TLS Issuing RSA CA 2"
citrix-y12.cns.doe.gov,Yes,Yes,1,1,2026-09-01T00:00:00,2027-03-18T23:59:59,29208829889,"C=US, O=DigiCert Inc, CN=DigiCert Global G2 TLS RSA SHA256 2020 CA1"
citrixalb-cb.netl.doe.gov,Yes,Yes,2,1,2025-10-31T00:00:00,2026-12-01T23:59:59,22121345135;22121317709,"C=CA, O=Entrust Limited, CN=Entrust OV TLS Issuing RSA CA 2"
citrixalb-rs.netl.doe.gov,Yes,Yes,2,1,2025-10-31T00:00:00,2026-12-01T23:59:59,22121371471;22121345836,"C=CA, O=Entrust Limited, CN=Entrust OV TLS Issuing RSA CA 2"
citrixalb-sc.netl.doe.gov,Yes,Yes,2,1,2025-10-31T00:00:00,2026-12-01T23:59:59,22121411053;22121398847,"C=CA, O=Entrust Limited, CN=Entrust OV TLS Issuing RSA CA 2"
citrixmgn-cb.netl.doe.gov,Yes,Yes,2,1,2025-10-31T00:00:00,2026-12-01T23:59:59,22121425692;22121437452,"C=CA, O=Entrust Limited, CN=Entrust OV TLS Issuing RSA CA 2"
citrixmgn-rs.netl.doe.gov,Yes,Yes,2,1,2025-10-31T00:00:00,2026-12-01T23:59:59,22121452487;22121462345,"C=CA, O=Entrust Limited, CN=Entrust OV TLS Issuing RSA CA 2"
citrixmgn-sc.netl.doe.gov,Yes,Yes,2,1,2025-10-31T00:00:00,2026-12-01T23:59:59,22121500445;22121488142,"C=CA, O=Entrust Limited, CN=Entrust OV TLS Issuing RSA CA 2"
citrixpgh-cb.netl.doe.gov,Yes,Yes,2,1,2025-10-31T00:00:00,2026-12-01T23:59:59,22121601230;22121588088,"C=CA, O=Entrust Limited, CN=Entrust OV TLS Issuing RSA CA 2"
citrixpgh-rs.netl.doe.gov,Yes,Yes,2,1,2025-10-31T00:00:00,2026-12-01T23:59:59,22121666220;22121654339,"C=CA, O=Entrust Limited, CN=Entrust OV TLS Issuing RSA CA 2"
citrixpgh-sc.netl.doe.gov,Yes,Yes,2,1,2025-10-31T00:00:00,2026-12-01T23:59:59,22121843719;22121833278,"C=CA, O=Entrust Limited, CN=Entrust DV TLS Issuing RSA CA 2"
clerk.empact.pars.doe.gov,Yes,Yes,8,2,2026-08-10T04:34:03,2026-11-08T09:10:25,28696230776;28702527204;28702525286;28702526561;28696230647;28696224391;28696219851;28702525879,"C=US, O=Let's Encrypt, CN=YR1;C=US, O=Let's Encrypt, CN=YE2"
clerk.walt.pars.doe.gov,Yes,Yes,1,1,2026-09-02T06:17:31,2026-12-01T06:17:30,29282803959,"C=US, O=Let's Encrypt, CN=YR1"
cmp.doe.gov,Yes,Yes,1,1,2026-09-24T00:00:00,2027-04-10T23:59:59,29566308206,"C=CA, O=Entrust Limited, CN=Entrust OV TLS Issuing RSA CA 2"
cms.doe.gov,Yes,Yes,8,1,2025-10-28T00:00:00,2027-03-04T23:59:59,24787946865;24782902929;24782886786;22063241731;24782901107;24782886472;22063254653;24787945870,"C=CA, O=Entrust Limited, CN=Entrust OV TLS Issuing RSA CA 2"
cms00.doe.gov,No,Yes,2,1,2026-09-06T00:00:00,2027-03-23T23:59:59,29269156860;29259452879,"C=CA, O=Entrust Limited, CN=Entrust OV TLS Issuing RSA CA 2"
cns.doe.gov,No,Yes,1,1,2026-09-21T00:00:00,2027-04-07T23:59:59,29534387607,"C=US, O=DigiCert Inc, CN=DigiCert Global G2 TLS RSA SHA256 2020 CA1"
cnsegds.y12.doe.gov,Yes,Yes,1,1,2026-04-08T00:00:00,2026-10-23T23:59:59,25434257909,"C=US, O=DigiCert Inc, CN=DigiCert Global G2 TLS RSA SHA256 2020 CA1"
codeload.github.doe.gov,No,Yes,2,1,2026-07-30T00:00:00,2027-02-13T23:59:59,28386874173;28386873601,"C=CA, O=Entrust Limited, CN=Entrust OV TLS Issuing RSA CA 2"
confluence.naerm.doe.gov,No,Yes,2,1,2026-05-21T00:00:00,2026-12-05T23:59:59,26529871425;26529834648,"C=CA, O=Entrust Limited, CN=Entrust OV TLS Issuing RSA CA 2"
containers.github.doe.gov,No,Yes,2,1,2026-07-30T00:00:00,2027-02-13T23:59:59,28386874173;28386873601,"C=CA, O=Entrust Limited, CN=Entrust OV TLS Issuing RSA CA 2"
cpci.doe.gov,Yes,Yes,2,1,2026-03-12T00:00:00,2027-03-12T23:59:59,24942398481;24942382636,"C=CA, O=Entrust Limited, CN=Entrust OV TLS Issuing RSA CA 2"
cpcidata.doe.gov,Yes,Yes,2,1,2026-03-12T00:00:00,2027-03-12T23:59:59,24942368140;24942372176,"C=CA, O=Entrust Limited, CN=Entrust OV TLS Issuing RSA CA 2"
cps.ee.doe.gov,Yes,Yes,2,1,2026-06-17T00:00:00,2027-01-01T23:59:59,27261130595;27261130885,"C=GB, O=Sectigo Limited, CN=Sectigo Public Server Authentication CA OV R36"
cpsweb.ee.doe.gov,Yes,Yes,2,1,2026-07-02T00:00:00,2027-01-16T23:59:59,27647221018;27647210123,"C=GB, O=Sectigo Limited, CN=Sectigo Public Server Authentication CA OV R36"
csc-doeQA.ee.doe.gov,Yes,Yes,2,1,2026-01-16T00:00:00,2027-01-22T23:59:59,23806426946;23806427221,"C=CA, O=Entrust Limited, CN=Entrust OV TLS Issuing RSA CA 2"
csc.ee.doe.gov,Yes,Yes,2,1,2026-01-02T00:00:00,2027-01-06T23:59:59,23513409533;23513409437,"C=CA, O=Entrust Limited, CN=Entrust OV TLS Issuing RSA CA 2"
cscapi-doeQA.ee.doe.gov,Yes,Yes,2,1,2026-01-16T00:00:00,2027-01-22T23:59:59,23806393869;23806394122,"C=CA, O=Entrust Limited, CN=Entrust OV TLS Issuing RSA CA 2"
cssm.doe.gov,Yes,Yes,2,1,2026-01-26T00:00:00,2027-01-26T23:59:59,23997864535;23997862272,"C=CA, O=Entrust Limited, CN=Entrust OV TLS Issuing RSA CA 2"
cstart-sec-apps.nnsa.doe.gov,Yes,Yes,2,1,2026-08-31T00:00:00,2027-03-17T23:59:59,29194150035;29194149866,"C=CA, O=Entrust Limited, CN=Entrust OV TLS Issuing RSA CA 2"
cstart-sec-apps.nnsa.doe.gov.nn.ornl.gov,No,Yes,14,1,2026-06-16T00:00:00,2027-01-15T23:59:59,27241869173;27240914864;27625339320;27624827032;27240873382;27241905936;27598736521;27625103730;27598718025;27625102683;27599047624;27624828593;27599044845;27625341383,"C=US, O=""InCommon, LLC"", CN=InCommon RSA OV SSL CA 3"
cstart-sec.nnsa.doe.gov,Yes,Yes,1,1,2025-12-02T00:00:00,2026-12-04T23:59:59,22861201048,"C=US, O=DigiCert Inc, CN=DigiCert Global G2 TLS RSA SHA256 2020 CA1"
cstart-sec.nnsa.doe.gov.ornl.gov,No,Yes,14,1,2026-06-16T00:00:00,2027-01-15T23:59:59,27241869173;27240914864;27625339320;27624827032;27240873382;27241905936;27598736521;27625103730;27598718025;27625102683;27599047624;27624828593;27599044845;27625341383,"C=US, O=""InCommon, LLC"", CN=InCommon RSA OV SSL CA 3"
ctsedwweb.ee.doe.gov,Yes,Yes,2,1,2026-06-18T00:00:00,2027-01-02T23:59:59,27291510740;27291510246,"C=GB, O=Sectigo Limited, CN=Sectigo Public Server Authentication CA OV R36"
cvcs.doe.gov,Yes,Yes,2,1,2026-03-12T00:00:00,2027-03-12T23:59:59,24942382913;24942383503,"C=CA, O=Entrust Limited, CN=Entrust OV TLS Issuing RSA CA 2"
cyberroleguide-dev.nest.doe.gov,Yes,Yes,2,1,2026-09-17T00:00:00,2027-03-17T23:59:59,29457091558;29449514876,"C=US, O=DigiCert Inc, OU=www.digicert.com, CN=GeoTrust TLS RSA CA G1"
cyberroleguide.nest.doe.gov,Yes,Yes,1,1,2026-09-17T00:00:00,2027-03-17T23:59:59,29477392761,"C=US, O=DigiCert Inc, OU=www.digicert.com, CN=GeoTrust TLS RSA CA G1"
damal.doe.gov,Yes,Yes,2,1,2026-05-11T00:00:00,2026-11-25T23:59:59,26258844401;26258876103,"C=CA, O=Entrust Limited, CN=Entrust OV TLS Issuing RSA CA 2"
dashboards.doe.gov,No,Yes,2,1,2026-08-11T00:00:00,2027-02-25T23:59:59,28741310686;28741283017,"C=CA, O=Entrust Limited, CN=Entrust OV TLS Issuing RSA CA 2"
data.doe.gov,No,Yes,2,1,2026-08-11T00:00:00,2027-02-25T23:59:59,28741310686;28741283017,"C=CA, O=Entrust Limited, CN=Entrust OV TLS Issuing RSA CA 2"
den-cm1.net.doe.gov,No,Yes,4,1,2026-05-30T00:00:00,2026-12-14T23:59:59,26761385661;26761360215;26761209337;26761181856,"C=CA, O=Entrust Limited, CN=Entrust OV TLS Issuing RSA CA 2"
depot-lite.nsdd.doe.gov,Yes,Yes,2,1,2026-08-19T00:00:00,2027-03-05T23:59:59,28855863939;28836872561,"C=CA, O=Entrust Limited, CN=Entrust OV TLS Issuing RSA CA 2"
depot-lite.nsdd.doe.gov.ornl.gov,No,Yes,14,1,2026-06-16T00:00:00,2027-01-15T23:59:59,27241869173;27240914864;27625339320;27624827032;27240873382;27241905936;27598736521;27625103730;27598718025;27625102683;27599047624;27624828593;27599044845;27625341383,"C=US, O=""InCommon, LLC"", CN=InCommon RSA OV SSL CA 3"
depot.nsdd.doe.gov,Yes,Yes,1,1,2026-05-19T00:00:00,2026-12-03T23:59:59,26474409517,"C=US, O=DigiCert Inc, CN=DigiCert Global G2 TLS RSA SHA256 2020 CA1"
desktop.y12.doe.gov,No,Yes,1,1,2026-09-01T00:00:00,2027-03-18T23:59:59,29208332034,"C=US, O=DigiCert Inc, CN=DigiCert Global G2 TLS RSA SHA256 2020 CA1"
desktopsupport.doe.gov,Yes,Yes,4,1,2026-01-06T00:00:00,2027-03-20T23:59:59,23590426555;29244242337;23590427840;29244242933,"C=CA, O=Entrust Limited, CN=Entrust OV TLS Issuing RSA CA 2"
dev.arcgis.netl.doe.gov,Yes,Yes,4,2,2025-10-09T00:00:00,2027-01-08T23:59:59,27455364218;21603993972;21604013079;27455363655,"C=CA, O=Entrust Limited, CN=Entrust OV TLS Issuing RSA CA 2;C=GB, O=Sectigo Limited, CN=Sectigo Public Server Authentication CA OV R36"
dev.na.doe.gov,Yes,Yes,2,1,2026-04-29T00:00:00,2026-11-13T23:59:59,26096641520;25912441988,"C=CA, O=Entrust Limited, CN=Entrust OV TLS Issuing RSA CA 2"
dev.nest.doe.gov,Yes,Yes,1,1,2026-02-26T21:00:26,2027-03-19T14:03:35,24663364061,"C=US, ST=Arizona, L=Scottsdale, O=""GoDaddy.com, Inc."", OU=http://certs.godaddy.com/repository/, CN=Go Daddy Secure Certificate Authority - G2"
devcust1sp.gcp-sandbox.juce.nnsa.doe.gov,Yes,Yes,2,1,2026-08-21T18:40:12,2026-11-19T19:36:08,28964737586;29032007657,"C=US, O=Google Trust Services, CN=WR3"
devspots.doe.gov,Yes,Yes,2,1,2026-08-10T00:00:00,2027-02-24T23:59:59,28709519486;28709513233,"C=CA, O=Entrust Limited, CN=Entrust OV TLS Issuing RSA CA 2"
dial-in.moabem.doe.gov,No,Yes,2,1,2026-08-25T00:00:00,2027-03-11T23:59:59,29030047637;29030054406,"C=CA, O=Entrust Limited, CN=Entrust OV TLS Issuing RSA CA 2"
directives.doe.gov,Yes,Yes,1,1,2026-09-02T00:42:26,2026-12-01T01:42:23,29551005818,"C=US, O=Google Trust Services, CN=WE1"
directives.nnsa-dev.doe.gov,Yes,Yes,5,3,2025-09-30T00:00:00,2027-02-10T23:59:59,21376593202;28300600912;28300600139;21382713325;21528222060,"C=US, O=Amazon, CN=Amazon RSA 2048 M04;C=CA, O=Entrust Limited, CN=Entrust OV TLS Issuing RSA CA 2;C=US, O=Amazon, CN=Amazon RSA 2048 M01"
directives.nnsa-hotfix.doe.gov,No,Yes,3,2,2025-09-30T00:00:00,2026-10-29T23:59:59,21528222060;21382713325;21376593202,"C=US, O=Amazon, CN=Amazon RSA 2048 M04;C=US, O=Amazon, CN=Amazon RSA 2048 M01"
directives.nnsa-preprod.doe.gov,No,Yes,3,2,2025-09-30T00:00:00,2026-10-29T23:59:59,21528222060;21382713325;21376593202,"C=US, O=Amazon, CN=Amazon RSA 2048 M04;C=US, O=Amazon, CN=Amazon RSA 2048 M01"
directives.nnsa-test.doe.gov,Yes,Yes,7,3,2025-09-30T00:00:00,2027-04-01T23:59:59,21528189386;21376593202;29435207048;29430051557;21382713325;21528207818;21528222060,"C=US, O=Amazon, CN=Amazon RSA 2048 M04;C=CA, O=Entrust Limited, CN=Entrust OV TLS Issuing RSA CA 2;C=US, O=Amazon, CN=Amazon RSA 2048 M01"
directives.nnsa.doe.gov,Yes,Yes,7,3,2025-09-30T00:00:00,2027-01-12T23:59:59,21376593202;21382713325;23725044253;21528222060;23725042805;23610905760;23610903268,"C=US, O=Amazon, CN=Amazon RSA 2048 M04;C=CA, O=Entrust Limited, CN=Entrust OV TLS Issuing RSA CA 2;C=US, O=Amazon, CN=Amazon RSA 2048 M01"
dmasrs-test.doe.gov,Yes,Yes,2,1,2026-02-23T00:00:00,2027-02-23T23:59:59,24602944546;24602944077,"C=CA, O=Entrust Limited, CN=Entrust OV TLS Issuing RSA CA 2"
dmasrs.doe.gov,Yes,Yes,2,1,2026-02-23T00:00:00,2027-02-23T23:59:59,24602083891;24602082783,"C=CA, O=Entrust Limited, CN=Entrust OV TLS Issuing RSA CA 2"
dms.wv.doe.gov,No,Yes,5,1,2025-10-20T00:00:00,2027-04-10T23:59:59,29565195263;21853632224;21855398384;21853619035;21855364934,"C=CA, O=Entrust Limited, CN=Entrust OV TLS Issuing RSA CA 2"
docker.github.doe.gov,No,Yes,2,1,2026-07-30T00:00:00,2027-02-13T23:59:59,28386874173;28386873601,"C=CA, O=Entrust Limited, CN=Entrust OV TLS Issuing RSA CA 2"
doe.gov,No,Yes,51,8,2026-01-09T00:00:00,2027-04-04T23:59:59,29486563939;27954081530;26761769027;28922085141;23939550791;29467819048;28954831135;27931006964;28152356033;23660192966;29259452879;28960189735;26761827300;26761813437;29080072747;26521488282;24682641470;23939547504;28919031943;24164556693;26761209337;26761588468;28740489840;28922084440;26521445260;23660192798;24164552125;27931007753;28943679148;28564157993;28925157074;28985666026;29444462120;26761181856;28152347125;28657440214;24163088286;28740492974;24165584561;28657437873;28564158285;26761745058;28989826124;24163089389;24165589380;26769400941;27954082844;26761614087;24682641480;26769374482;29269156860,"C=GB, O=Sectigo Limited, CN=Sectigo Public Server Authentication CA DV R36;C=US, O=Google Trust Services, CN=WE1;C=US, O=Google Trust Services, CN=WR1;C=CA, O=Entrust Limited, CN=Entrust OV TLS Issuing RSA CA 2;C=US, O=Let's Encrypt, CN=YE2;C=US, O=Let's Encrypt, CN=YR2;C=US, O=Let's Encrypt, CN=YE1;C=CA, O=Entrust Limited, CN=Entrust DV TLS Issuing RSA CA 2"
doe411.energy.gov,Yes,No,6,1,2026-03-11T00:00:00,2027-03-28T23:59:59,24929037618;24925853880;24929037654;29355010616;29355018470;24925853798,"C=CA, O=Entrust Limited, CN=Entrust OV TLS Issuing RSA CA 2"
doeca.ee.doe.gov,Yes,Yes,2,1,2026-03-04T00:00:00,2027-03-08T23:59:59,24780622564;24780621359,"C=CA, O=Entrust Limited, CN=Entrust OV TLS Issuing RSA CA 2"
doeopexshare.doe.gov,No,Yes,2,1,2026-08-11T00:00:00,2027-02-25T23:59:59,28741310686;28741283017,"C=CA, O=Entrust Limited, CN=Entrust OV TLS Issuing RSA CA 2"
doewac.ee.doe.gov,Yes,Yes,2,1,2026-02-09T00:00:00,2027-02-13T23:59:59,24289949281;24289949857,"C=CA, O=Entrust Limited, CN=Entrust OV TLS Issuing RSA CA 2"
eagle-i-test.doe.gov,Yes,Yes,4,1,2026-07-18T11:23:35,2026-11-06T11:57:53,28648322604;28038137865;28038151873;28648321914,"C=US, O=Let's Encrypt, CN=YR1"
eagle-i.doe.gov,Yes,Yes,2,1,2026-08-06T11:36:15,2026-11-04T11:36:14,28588507714;28588504682,"C=US, O=Let's Encrypt, CN=YR1"
eams.doe.gov,Yes,Yes,2,1,2025-11-04T00:00:00,2026-11-04T23:59:59,22206679179;22206653324,"C=CA, O=Entrust Limited, CN=Entrust OV TLS Issuing RSA CA 2"
ecap.doe.gov,Yes,Yes,2,1,2026-08-31T00:00:00,2027-03-17T23:59:59,29195377451;29195378912,"C=CA, O=Entrust Limited, CN=Entrust OV TLS Issuing RSA CA 2"
ecco.doe.gov,Yes,Yes,2,1,2026-07-06T00:00:00,2027-01-20T23:59:59,27734648625;27734651185,"C=CA, O=Entrust Limited, CN=Entrust OV TLS Issuing RSA CA 2"
ecomm.lm.doe.gov,Yes,Yes,2,1,2025-09-18T00:00:00,2026-10-10T23:59:59,21112524577;21112523732,"C=GB, O=Sectigo Limited, CN=Sectigo Public Server Authentication CA OV R36"
ecp.doe.gov,Yes,Yes,2,1,2026-05-07T00:00:00,2026-11-21T23:59:59,26185047548;26154540263,"C=CA, O=Entrust Limited, CN=Entrust OV TLS Issuing RSA CA 2"
ecppublic.doe.gov,No,Yes,2,1,2026-05-07T00:00:00,2026-11-21T23:59:59,26185047548;26154540263,"C=CA, O=Entrust Limited, CN=Entrust OV TLS Issuing RSA CA 2"
ecppublictest.doe.gov,No,Yes,4,1,2026-05-07T00:00:00,2026-12-03T23:59:59,26466557694;26466517190;26154536792;26185046351,"C=CA, O=Entrust Limited, CN=Entrust OV TLS Issuing RSA CA 2"
ecptest.doe.gov,Yes,Yes,4,1,2026-05-07T00:00:00,2026-12-03T23:59:59,26466557694;26466517190;26154536792;26185046351,"C=CA, O=Entrust Limited, CN=Entrust OV TLS Issuing RSA CA 2"
edf.doe.gov,Yes,Yes,2,1,2026-05-06T00:00:00,2026-11-20T23:59:59,26172278828;26127890386,"C=CA, O=Entrust Limited, CN=Entrust OV TLS Issuing RSA CA 2"
edgecluster.oem.doe.gov,No,Yes,2,1,2026-08-06T00:00:00,2027-02-20T23:59:59,28593114830;28593111854,"C=GB, O=Sectigo Limited, CN=Sectigo Public Server Authentication CA OV R36"
edissaccess.doe.gov,Yes,Yes,2,1,2026-03-11T00:00:00,2027-03-11T23:59:59,24927976338;24927976708,"C=CA, O=Entrust Limited, CN=Entrust OV TLS Issuing RSA CA 2"
edx.netl.doe.gov,Yes,Yes,1,1,2026-07-13T21:06:31,2026-10-11T22:02:25,27909191924,"C=US, O=Google Trust Services, CN=WR3"
edxs-ai.arcgis.netl.doe.gov,Yes,Yes,2,1,2026-06-23T00:00:00,2027-01-07T23:59:59,27429778989;27429781640,"C=GB, O=Sectigo Limited, CN=Sectigo Public Server Authentication CA OV R36"
edxspatial.arcgis.netl.doe.gov,Yes,Yes,1,1,2026-07-11T00:00:00,2027-01-24T23:59:59,27845520949,"C=US, O=Amazon, CN=Amazon RSA 2048 M01"
eeftp.ee.doe.gov,Yes,Yes,2,1,2026-05-21T00:00:00,2026-12-05T23:59:59,26516515031;26516574916,"C=GB, O=Sectigo Limited, CN=Sectigo Public Server Authentication CA OV R36"
eeops.y12.doe.gov,Yes,Yes,1,1,2025-10-21T00:00:00,2026-10-20T23:59:59,21885353392,"C=US, O=DigiCert Inc, CN=DigiCert Global G2 TLS RSA SHA256 2020 CA1"
eere-intranet.ee.doe.gov,Yes,Yes,2,1,2026-06-18T00:00:00,2027-01-02T23:59:59,27291310067;27291310425,"C=GB, O=Sectigo Limited, CN=Sectigo Public Server Authentication CA OV R36"
eere-intranet2.ee.doe.gov,Yes,Yes,2,1,2026-07-08T00:00:00,2027-01-22T23:59:59,27781452776;27781449740,"C=GB, O=Sectigo Limited, CN=Sectigo Public Server Authentication CA OV R36"
eere-pmc-hq.ee.doe.gov,Yes,Yes,2,1,2026-04-28T00:00:00,2026-11-12T23:59:59,25879052338;26081019936,"C=GB, O=Sectigo Limited, CN=Sectigo Public Server Authentication CA OV R36"
eeredca.ee.doe.gov,Yes,Yes,2,1,2025-10-15T00:00:00,2026-10-24T23:59:59,21736417615;21736453053,"C=CA, O=Entrust Limited, CN=Entrust OV TLS Issuing RSA CA 2"
eeredcapowerbi.ee.doe.gov,Yes,Yes,2,1,2026-04-13T00:00:00,2026-10-28T23:59:59,25853125615;25522683404,"C=GB, O=Sectigo Limited, CN=Sectigo Public Server Authentication CA OV R36"
eeredevdca.ee.doe.gov,Yes,Yes,2,1,2026-01-02T00:00:00,2027-01-06T23:59:59,23513332031;23513333165,"C=CA, O=Entrust Limited, CN=Entrust OV TLS Issuing RSA CA 2"
eeredevdcapowerbi.ee.doe.gov,Yes,Yes,2,1,2026-04-09T00:00:00,2026-10-24T23:59:59,25462933716;25771143380,"C=GB, O=Sectigo Limited, CN=Sectigo Public Server Authentication CA OV R36"
eeredocman-doeQA.ee.doe.gov,Yes,Yes,2,1,2026-01-16T00:00:00,2027-01-22T23:59:59,23806364444;23806364879,"C=CA, O=Entrust Limited, CN=Entrust OV TLS Issuing RSA CA 2"
eeredocman-doetest.ee.doe.gov,Yes,Yes,2,1,2026-06-02T00:00:00,2026-12-17T23:59:59,26833759337;26833804217,"C=GB, O=Sectigo Limited, CN=Sectigo Public Server Authentication CA OV R36"
eeredocman.ee.doe.gov,Yes,Yes,2,1,2026-06-17T00:00:00,2027-01-01T23:59:59,27267488723;27267491458,"C=GB, O=Sectigo Limited, CN=Sectigo Public Server Authentication CA OV R36"
eeredocmanapi-doeQA.ee.doe.gov,Yes,Yes,2,1,2026-01-16T00:00:00,2027-01-22T23:59:59,23806349536;23806350074,"C=CA, O=Entrust Limited, CN=Entrust OV TLS Issuing RSA CA 2"
eeredocmanapi.ee.doe.gov,Yes,Yes,2,1,2026-09-10T00:00:00,2027-03-27T23:59:59,29334592784;29334592939,"C=CA, O=Entrust Limited, CN=Entrust OV TLS Issuing RSA CA 2"
eerelabplanning-doetest.ee.doe.gov,Yes,Yes,2,1,2025-09-29T00:00:00,2026-10-10T23:59:59,21347720509;21347705056,"C=CA, O=Entrust Limited, CN=Entrust OV TLS Issuing RSA CA 2"
eerelabplanning2-doeQA.ee.doe.gov,Yes,Yes,2,1,2026-01-16T00:00:00,2027-01-22T23:59:59,23806319667;23806320423,"C=CA, O=Entrust Limited, CN=Entrust OV TLS Issuing RSA CA 2"
eerelabplanning2-doetest.ee.doe.gov,Yes,Yes,2,1,2025-09-29T00:00:00,2026-10-10T23:59:59,21347760137;21347745288,"C=CA, O=Entrust Limited, CN=Entrust OV TLS Issuing RSA CA 2"
eerelabplanning2.ee.doe.gov,Yes,Yes,2,1,2026-09-23T00:00:00,2027-04-09T23:59:59,29543162552;29543135118,"C=CA, O=Entrust Limited, CN=Entrust OV TLS Issuing RSA CA 2"
eerelabplanning2api-doeQA.ee.doe.gov,Yes,Yes,2,1,2026-01-16T00:00:00,2027-01-22T23:59:59,23806290503;23806291299,"C=CA, O=Entrust Limited, CN=Entrust OV TLS Issuing RSA CA 2"
eerelabplanning2api.ee.doe.gov,Yes,Yes,2,1,2026-09-10T00:00:00,2027-03-27T23:59:59,29334610812;29334610462,"C=CA, O=Entrust Limited, CN=Entrust OV TLS Issuing RSA CA 2"
eeremfareg3.ee.doe.gov,Yes,Yes,2,1,2026-03-31T00:00:00,2026-10-15T23:59:59,25293134922;25293135766,"C=GB, O=Sectigo Limited, CN=Sectigo Public Server Authentication CA OV R36"
eereprojects-doetest.ee.doe.gov,Yes,Yes,2,1,2025-09-29T00:00:00,2026-10-10T23:59:59,21347776979;21347793071,"C=CA, O=Entrust Limited, CN=Entrust DV TLS Issuing RSA CA 2"
eereprojects.ee.doe.gov,Yes,Yes,2,1,2026-07-02T00:00:00,2027-01-16T23:59:59,27645771689;27645770340,"C=GB, O=Sectigo Limited, CN=Sectigo Public Server Authentication CA OV R36"
eereqadca.ee.doe.gov,Yes,Yes,2,1,2025-10-15T00:00:00,2026-10-26T23:59:59,21736487589;21736468715,"C=CA, O=Entrust Limited, CN=Entrust OV TLS Issuing RSA CA 2"
eereqadcapowerbi.ee.doe.gov,Yes,Yes,2,1,2026-04-13T00:00:00,2026-10-28T23:59:59,25853572826;25522836396,"C=GB, O=Sectigo Limited, CN=Sectigo Public Server Authentication CA OV R36"
eeresq.ee.doe.gov,Yes,Yes,2,1,2026-09-08T00:00:00,2027-03-25T23:59:59,29295366009;29295365674,"C=CA, O=Entrust Limited, CN=Entrust OV TLS Issuing RSA CA 2"
eeresystemhelp.ee.doe.gov,Yes,Yes,2,1,2026-07-06T00:00:00,2027-01-20T23:59:59,27737399666;27737395233,"C=GB, O=Sectigo Limited, CN=Sectigo Public Server Authentication CA OV R36"
eeresystemknowledge.ee.doe.gov,Yes,Yes,2,1,2025-12-15T00:00:00,2026-12-20T23:59:59,23134147320;23134162845,"C=CA, O=Entrust Limited, CN=Entrust OV TLS Issuing RSA CA 2"
egtn-pkigds-05.doe.gov,No,Yes,12,1,2026-03-11T00:00:00,2027-03-28T23:59:59,24929037618;24925904171;24929037654;24925853880;24929050864;29355039607;24925904472;29355039603;29355010616;24929052008;29355018470;24925853798,"C=CA, O=Entrust Limited, CN=Entrust OV TLS Issuing RSA CA 2"
egtn-pkigds-06.doe.gov,No,Yes,12,1,2026-03-11T00:00:00,2027-03-28T23:59:59,24929037618;24929037654;29355036431;24925853880;24929068681;24925921256;29355036179;24929068685;29355010616;29355018470;24925853798;24925920796,"C=CA, O=Entrust Limited, CN=Entrust OV TLS Issuing RSA CA 2"
egtn-pkigds-08.doe.gov,No,Yes,12,1,2026-03-11T00:00:00,2027-03-28T23:59:59,24929037618;24925904171;24929037654;24925853880;24929050864;29355039607;24925904472;29355039603;29355010616;24929052008;29355018470;24925853798,"C=CA, O=Entrust Limited, CN=Entrust OV TLS Issuing RSA CA 2"
egtn-pkigds-09.doe.gov,No,Yes,12,1,2026-03-11T00:00:00,2027-03-28T23:59:59,24929037618;24929037654;29355036431;24925853880;24929068681;24925921256;29355036179;24929068685;29355010616;29355018470;24925853798;24925920796,"C=CA, O=Entrust Limited, CN=Entrust OV TLS Issuing RSA CA 2"
egtn-pkigds-doe-05.doe.gov,No,Yes,6,1,2026-03-11T00:00:00,2027-03-28T23:59:59,24929037618;24925853880;24929037654;29355010616;29355018470;24925853798,"C=CA, O=Entrust Limited, CN=Entrust OV TLS Issuing RSA CA 2"
egtn-pkigds-doe-06.doe.gov,No,Yes,6,1,2026-03-11T00:00:00,2027-03-28T23:59:59,24929037618;24925853880;24929037654;29355010616;29355018470;24925853798,"C=CA, O=Entrust Limited, CN=Entrust OV TLS Issuing RSA CA 2"
egtn-pkigds-doe-08.doe.gov,No,Yes,6,1,2026-03-11T00:00:00,2027-03-28T23:59:59,24929037618;24925853880;24929037654;29355010616;29355018470;24925853798,"C=CA, O=Entrust Limited, CN=Entrust OV TLS Issuing RSA CA 2"
egtn-pkigds-doe-09.doe.gov,No,Yes,6,1,2026-03-11T00:00:00,2027-03-28T23:59:59,24929037618;24925853880;24929037654;29355010616;29355018470;24925853798,"C=CA, O=Entrust Limited, CN=Entrust OV TLS Issuing RSA CA 2"
egtn-pkigds-int-06.doe.gov,No,Yes,6,1,2026-03-11T00:00:00,2027-03-28T23:59:59,29355036431;24929068681;24925921256;29355036179;24929068685;24925920796,"C=CA, O=Entrust Limited, CN=Entrust OV TLS Issuing RSA CA 2"
egtn-pkigds-int-09.doe.gov,No,Yes,6,1,2026-03-11T00:00:00,2027-03-28T23:59:59,29355036431;24929068681;24925921256;29355036179;24929068685;24925920796,"C=CA, O=Entrust Limited, CN=Entrust OV TLS Issuing RSA CA 2"
egtn-pkigds-staging-05.doe.gov,No,Yes,6,1,2026-03-11T00:00:00,2027-03-28T23:59:59,24925904171;24929050864;29355039607;24925904472;29355039603;24929052008,"C=CA, O=Entrust Limited, CN=Entrust OV TLS Issuing RSA CA 2"
egtn-pkigds-staging-08.doe.gov,No,Yes,6,1,2026-03-11T00:00:00,2027-03-28T23:59:59,24925904171;24929050864;29355039607;24925904472;29355039603;24929052008,"C=CA, O=Entrust Limited, CN=Entrust OV TLS Issuing RSA CA 2"
ehss-dashboards.doe.gov,Yes,Yes,4,1,2026-04-01T00:00:00,2027-04-07T23:59:59,25304074110;29505667058;29494836212;25311952136,"C=CA, O=Entrust Limited, CN=Entrust OV TLS Issuing RSA CA 2"
ehssdev.doe.gov,Yes,Yes,4,1,2026-08-11T00:00:00,2027-03-05T23:59:59,28857615136;28740548420;28838066972;28740542172,"C=CA, O=Entrust Limited, CN=Entrust OV TLS Issuing RSA CA 2"
ehssservice-dmas-beta.doe.gov,No,Yes,2,1,2026-02-23T00:00:00,2027-02-23T23:59:59,24602944546;24602944077,"C=CA, O=Entrust Limited, CN=Entrust OV TLS Issuing RSA CA 2"
ehssservice-dmas.doe.gov,No,Yes,2,1,2026-02-23T00:00:00,2027-02-23T23:59:59,24602083891;24602082783,"C=CA, O=Entrust Limited, CN=Entrust OV TLS Issuing RSA CA 2"
ehssservices-test.doe.gov,No,Yes,2,1,2026-06-22T00:00:00,2027-01-06T23:59:59,27402080950;27402079307,"C=CA, O=Entrust Limited, CN=Entrust OV TLS Issuing RSA CA 2"
eia.doe.gov,Yes,Yes,1,1,2026-07-22T00:00:00,2027-02-04T23:59:59,28144668520,"C=US, O=Amazon, CN=Amazon RSA 2048 M04"
eidp-hq.doe.gov,Yes,Yes,2,1,2026-08-14T00:00:00,2027-02-28T23:59:59,28792095818;28800283118,"C=CA, O=Entrust Limited, CN=Entrust OV TLS Issuing RSA CA 2"
eidp1.doe.gov,No,Yes,2,1,2026-08-14T00:00:00,2027-02-28T23:59:59,28792095818;28800283118,"C=CA, O=Entrust Limited, CN=Entrust OV TLS Issuing RSA CA 2"
eidp1dev.doe.gov,Yes,Yes,2,1,2025-10-20T00:00:00,2026-10-20T23:59:59,21860051877;21860028978,"C=CA, O=Entrust Limited, CN=Entrust OV TLS Issuing RSA CA 2"
eidphqdev.doe.gov,Yes,Yes,2,1,2026-07-21T00:00:00,2027-02-04T23:59:59,28127696681;28127698473,"C=CA, O=Entrust Limited, CN=Entrust OV TLS Issuing RSA CA 2"
elecidc12c.eia.doe.gov,Yes,Yes,6,1,2025-10-15T00:00:00,2027-03-12T23:59:59,24293789265;24312511972;24312512607;24293791296;21741918563;21741881813,"C=CA, O=Entrust Limited, CN=Entrust OV TLS Issuing RSA CA 2"
em.doe.gov,Yes,Yes,2,1,2026-08-13T00:00:00,2027-02-27T23:59:59,28774636402;28785248633,"C=CA, O=Entrust Limited, CN=Entrust OV TLS Issuing RSA CA 2"
embudget.doe.gov,Yes,Yes,2,1,2026-03-03T00:00:00,2027-03-03T23:59:59,24761334472;24761334937,"C=CA, O=Entrust Limited, CN=Entrust OV TLS Issuing RSA CA 2"
emcbc.doe.gov,Yes,Yes,6,1,2026-05-27T00:00:00,2027-01-01T23:59:59,26686457268;26686777746;27268641537;26686803390;27268645876;26686432351,"C=CA, O=Entrust Limited, CN=Entrust OV TLS Issuing RSA CA 2"
emrgi.emcbc.doe.gov,Yes,Yes,2,1,2026-07-18T00:00:00,2027-01-24T23:59:59,28207941471;28028256025,"C=US, O=DigiCert Inc, OU=www.digicert.com, CN=GeoTrust TLS RSA CA G1"
emtraxdev.osc.doe.gov,Yes,Yes,1,1,2026-09-24T00:00:00,2027-04-10T23:59:59,29561687504,"C=GB, O=Sectigo Limited, CN=Sectigo Public Server Authentication CA OV R36"
energy.gov,Yes,No,2,1,2026-05-21T00:00:00,2026-12-05T23:59:59,26521488282;26521445260,"C=CA, O=Entrust Limited, CN=Entrust OV TLS Issuing RSA CA 2"
engdev3.eia.doe.gov,Yes,Yes,2,1,2026-07-28T00:00:00,2027-02-11T23:59:59,28322489477;28322491005,"C=CA, O=Entrust Limited, CN=Entrust OV TLS Issuing RSA CA 2"
engineeringroleguide-dev.nest.doe.gov,Yes,Yes,2,1,2026-09-17T00:00:00,2027-03-17T23:59:59,29442505352;29442574120,"C=US, O=DigiCert Inc, OU=www.digicert.com, CN=GeoTrust TLS RSA CA G1"
engineeringroleguide.nest.doe.gov,Yes,Yes,2,1,2026-09-17T00:00:00,2027-03-17T23:59:59,29457516515;29477404221,"C=US, O=DigiCert Inc, OU=www.digicert.com, CN=GeoTrust TLS RSA CA G1"
enterpriseregistration.cbfo.doe.gov,No,Yes,2,1,2026-08-20T00:00:00,2027-03-06T23:59:59,28864144821;28868816449,"C=CA, O=Entrust Limited, CN=Entrust OV TLS Issuing RSA CA 2"
enterpriseregistration.emcbc.doe.gov,No,Yes,2,1,2026-01-05T00:00:00,2026-12-27T23:59:59,23567789269;23567772457,"C=CA, O=Entrust Limited, CN=Entrust OV TLS Issuing RSA CA 2"
enterpriseregistration.fs.lex.doe.gov,No,Yes,2,1,2026-03-11T00:00:00,2027-04-10T23:59:59,24923607903;24923607280,"C=CA, O=Entrust Limited, CN=Entrust OV TLS Issuing RSA CA 2"
enterpriseregistration.lm.doe.gov,No,Yes,3,1,2025-11-13T00:00:00,2027-04-10T23:59:59,22439433105;29561406792;22439413007,"C=GB, O=Sectigo Limited, CN=Sectigo Public Server Authentication CA OV R36"
enterpriseregistration.moabem.doe.gov,No,Yes,2,1,2026-08-25T00:00:00,2027-03-11T23:59:59,29030047637;29030054406,"C=CA, O=Entrust Limited, CN=Entrust OV TLS Issuing RSA CA 2"
enterpriseregistration.ntc.doe.gov,No,Yes,2,1,2025-12-08T00:00:00,2027-01-08T23:59:59,22980955027;22980954743,"C=CA, O=Entrust Limited, CN=Entrust DV TLS Issuing RSA CA 2"
eoreview-test.doe.gov,No,Yes,2,1,2026-02-23T00:00:00,2027-02-23T23:59:59,24602944546;24602944077,"C=CA, O=Entrust Limited, CN=Entrust OV TLS Issuing RSA CA 2"
eoreview.doe.gov,No,Yes,2,1,2026-02-23T00:00:00,2027-02-23T23:59:59,24602083891;24602082783,"C=CA, O=Entrust Limited, CN=Entrust OV TLS Issuing RSA CA 2"
epicdoeomtroubleshoot.ee.doe.gov,Yes,Yes,2,1,2026-04-02T00:00:00,2026-10-17T23:59:59,25373406945;25336929092,"C=GB, O=Sectigo Limited, CN=Sectigo Public Server Authentication CA OV R36"
epicdoetraining.ee.doe.gov,Yes,Yes,2,1,2026-04-07T00:00:00,2026-10-22T23:59:59,25440242900;25663464125,"C=GB, O=Sectigo Limited, CN=Sectigo Public Server Authentication CA OV R36"
epicdoeuat.ee.doe.gov,Yes,Yes,2,1,2025-12-08T00:00:00,2026-12-11T23:59:59,22979282716;22979262122,"C=CA, O=Entrust Limited, CN=Entrust OV TLS Issuing RSA CA 2"
epicexuat.ee.doe.gov,Yes,Yes,2,1,2025-12-08T00:00:00,2026-12-11T23:59:59,22979457955;22979442222,"C=CA, O=Entrust Limited, CN=Entrust OV TLS Issuing RSA CA 2"
epictfs2.ee.doe.gov,Yes,Yes,2,1,2025-12-08T00:00:00,2026-12-11T23:59:59,22981032025;22981047229,"C=CA, O=Entrust Limited, CN=Entrust OV TLS Issuing RSA CA 2"
epicuatapp.ee.doe.gov,Yes,Yes,2,1,2025-12-08T00:00:00,2026-12-11T23:59:59,22980473426;22980454854,"C=CA, O=Entrust Limited, CN=Entrust OV TLS Issuing RSA CA 2"
epoado.doe.gov,Yes,Yes,2,1,2026-07-28T00:00:00,2027-02-11T23:59:59,28319668630;28319660823,"C=CA, O=Entrust Limited, CN=Entrust OV TLS Issuing RSA CA 2"
eprr.em-la.doe.gov,Yes,Yes,2,1,2026-09-02T00:00:00,2027-03-19T23:59:59,29232011958;29232011427,"C=CA, O=Entrust Limited, CN=Entrust OV TLS Issuing RSA CA 2"
ermavepointfnc.doe.gov,Yes,Yes,2,1,2026-06-26T00:00:00,2027-01-10T23:59:59,27501846848;27501845171,"C=CA, O=Entrust Limited, CN=Entrust OV TLS Issuing RSA CA 2"
esp-tool.nsdd.doe.gov,Yes,Yes,1,1,2026-01-22T00:00:00,2027-01-21T23:59:59,23921836565,"C=US, O=DigiCert Inc, CN=DigiCert Global G2 TLS RSA SHA256 2020 CA1"
etac.doe.gov,Yes,Yes,2,1,2026-03-01T00:00:00,2027-03-01T23:59:59,24719684566;24719684693,"C=CA, O=Entrust Limited, CN=Entrust OV TLS Issuing RSA CA 2"
eumserver.ee.doe.gov,Yes,Yes,4,1,2025-10-23T00:00:00,2026-10-28T23:59:59,21945455756;21945437443;22065791321;22065777813,"C=CA, O=Entrust Limited, CN=Entrust OV TLS Issuing RSA CA 2"
exdoewac.ee.doe.gov,Yes,Yes,2,1,2026-05-07T00:00:00,2026-11-21T23:59:59,26181992386;26146402296,"C=GB, O=Sectigo Limited, CN=Sectigo Public Server Authentication CA OV R36"
expc.doe.gov,No,Yes,4,1,2026-08-23T00:00:00,2027-03-09T23:59:59,28940459359;28941065027;28940458895;28941079934,"C=CA, O=Entrust Limited, CN=Entrust OV TLS Issuing RSA CA 2"
expc1.doe.gov,Yes,Yes,4,1,2026-08-23T00:00:00,2027-03-09T23:59:59,28940459359;28941065027;28940458895;28941079934,"C=CA, O=Entrust Limited, CN=Entrust OV TLS Issuing RSA CA 2"
expc2.doe.gov,No,Yes,4,1,2026-08-23T00:00:00,2027-03-09T23:59:59,28940459359;28941065027;28940458895;28941079934,"C=CA, O=Entrust Limited, CN=Entrust OV TLS Issuing RSA CA 2"
expe.doe.gov,No,Yes,6,1,2026-02-27T00:00:00,2027-02-27T23:59:59,24682883823;24682641470;24682939863;24682885098;24682641480;24682940155,"C=CA, O=Entrust Limited, CN=Entrust OV TLS Issuing RSA CA 2"
expe1.doe.gov,Yes,Yes,6,1,2026-02-27T00:00:00,2027-02-27T23:59:59,24682883823;24682641470;24682939863;24682885098;24682641480;24682940155,"C=CA, O=Entrust Limited, CN=Entrust OV TLS Issuing RSA CA 2"
expe2.doe.gov,No,Yes,6,1,2026-02-27T00:00:00,2027-02-27T23:59:59,24682883823;24682641470;24682939863;24682885098;24682641480;24682940155,"C=CA, O=Entrust Limited, CN=Entrust OV TLS Issuing RSA CA 2"
ext.bmss.kcnsc.doe.gov,Yes,Yes,1,1,2026-09-03T00:00:00,2027-03-06T23:59:59,29234451047,"C=US, O=DigiCert Inc, CN=DigiCert Global G2 TLS RSA SHA256 2020 CA1"
ext.em-la.doe.gov,No,Yes,4,1,2026-08-11T00:00:00,2027-03-19T23:59:59,29232011958;28744533549;28744531000;29232011427,"C=CA, O=Entrust Limited, CN=Entrust OV TLS Issuing RSA CA 2"
ext.supplier.kcnsc.doe.gov,Yes,Yes,1,1,2025-11-04T00:00:00,2026-12-05T23:59:59,22205551483,"C=US, O=DigiCert Inc, CN=DigiCert Global G2 TLS RSA SHA256 2020 CA1"
extac02.moabem.doe.gov,No,Yes,2,1,2026-08-25T00:00:00,2027-03-11T23:59:59,29030047637;29030054406,"C=CA, O=Entrust Limited, CN=Entrust OV TLS Issuing RSA CA 2"
fe.doe.gov,Yes,Yes,2,1,2026-04-29T00:00:00,2026-11-13T23:59:59,26097258042;25913845937,"C=CA, O=Entrust Limited, CN=Entrust OV TLS Issuing RSA CA 2"
feature.sandbox.cms.doe.gov,No,Yes,2,1,2025-10-28T00:00:00,2026-10-28T23:59:59,22063241731;22063254653,"C=CA, O=Entrust Limited, CN=Entrust OV TLS Issuing RSA CA 2"
federation.lm.doe.gov,Yes,Yes,2,1,2026-09-24T00:00:00,2027-04-10T23:59:59,29561408776;29561417125,"C=GB, O=Sectigo Limited, CN=Sectigo Public Server Authentication CA OV R36"
fernald-cawwt.lm.doe.gov,Yes,Yes,2,1,2026-04-01T00:00:00,2026-10-16T23:59:59,25310713882;25309134958,"C=GB, O=Sectigo Limited, CN=Sectigo Public Server Authentication CA OV R36"
file.doe.gov,Yes,Yes,4,2,2026-08-18T11:51:24,2026-11-16T15:21:03,29037064309;29017068043;29020125922;28947225868,"C=US, O=Google Trust Services, CN=WE1;C=US, O=Google Trust Services, CN=WR1"
files-download.jgi.doe.gov,Yes,Yes,2,1,2026-01-12T00:00:00,2027-01-12T23:59:59,23726040591;23726040431,"C=US, O=Internet2, CN=InCommon RSA Server CA 2"
fims.doe.gov,Yes,Yes,2,1,2026-02-07T00:00:00,2027-03-07T23:59:59,24233228870;24232774248,"C=US, O=Amazon, CN=Amazon RSA 2048 M04"
fne.doe.gov,Yes,Yes,10,5,2025-10-15T00:00:00,2026-12-19T18:50:30,22066255211;22066267764;21740880644;29512841320;28719794142;28719049349;28183863887;21740893902;28719801840;28719051045,"C=US, O=SSL Corporation, CN=Cloudflare TLS Issuing RSA CA 4;C=CA, O=Entrust Limited, CN=Entrust OV TLS Issuing RSA CA 2;C=US, O=Let's Encrypt, CN=YE2;C=US, O=Let's Encrypt, CN=YE1;C=US, O=SSL Corporation, CN=Cloudflare TLS Issuing ECC CA 4"
fnv.ee.doe.gov,Yes,Yes,2,1,2026-03-05T00:00:00,2027-03-12T23:59:59,24798374926;24798374774,"C=CA, O=Entrust Limited, CN=Entrust OV TLS Issuing RSA CA 2"
fnvinternal.ee.doe.gov,Yes,Yes,2,1,2026-03-11T00:00:00,2027-03-18T23:59:59,24923637227;24923637392,"C=CA, O=Entrust Limited, CN=Entrust OV TLS Issuing RSA CA 2"
foia.doe.gov,Yes,Yes,2,1,2026-01-22T00:00:00,2027-01-22T23:59:59,23921369105;23921382714,"C=CA, O=Entrust Limited, CN=Entrust OV TLS Issuing RSA CA 2"
for-ccx.net.doe.gov,Yes,Yes,2,1,2026-01-26T00:00:00,2027-01-26T23:59:59,23997611027;23997613098,"C=CA, O=Entrust Limited, CN=Entrust OV TLS Issuing RSA CA 2"
for-cer.doe.gov,No,Yes,4,1,2026-05-30T00:00:00,2026-12-15T23:59:59,26761813437;26769374482;26769400941;26761827300,"C=CA, O=Entrust Limited, CN=Entrust OV TLS Issuing RSA CA 2"
for-cer.net.doe.gov,No,Yes,4,1,2026-05-30T00:00:00,2026-12-15T23:59:59,26761813437;26769374482;26769400941;26761827300,"C=CA, O=Entrust Limited, CN=Entrust OV TLS Issuing RSA CA 2"
for-cm1.net.doe.gov,No,Yes,4,1,2026-05-30T00:00:00,2026-12-14T23:59:59,26761385661;26761360215;26761209337;26761181856,"C=CA, O=Entrust Limited, CN=Entrust OV TLS Issuing RSA CA 2"
for-cuc.net.doe.gov,No,Yes,2,1,2026-05-30T00:00:00,2026-12-14T23:59:59,26761745058;26761769027,"C=CA, O=Entrust Limited, CN=Entrust OV TLS Issuing RSA CA 2"
for-cup.doe.gov,No,Yes,4,1,2026-05-30T00:00:00,2026-12-14T23:59:59,26761614087;26761588468;26761209337;26761181856,"C=CA, O=Entrust Limited, CN=Entrust OV TLS Issuing RSA CA 2"
fp-test.doe.gov,No,Yes,2,1,2026-06-22T00:00:00,2027-01-06T23:59:59,27402080950;27402079307,"C=CA, O=Entrust Limited, CN=Entrust OV TLS Issuing RSA CA 2"
fp.doe.gov,No,Yes,2,1,2026-08-11T00:00:00,2027-02-25T23:59:59,28741310686;28741283017,"C=CA, O=Entrust Limited, CN=Entrust OV TLS Issuing RSA CA 2"
fs.bolt-int.ee.doe.gov,Yes,Yes,2,1,2026-05-20T00:00:00,2026-12-04T23:59:59,26494227020;26494332474,"C=GB, O=Sectigo Limited, CN=Sectigo Public Server Authentication CA OV R36"
fs.cbfo.doe.gov,Yes,Yes,2,1,2026-08-20T00:00:00,2027-03-06T23:59:59,28864144821;28868816449,"C=CA, O=Entrust Limited, CN=Entrust OV TLS Issuing RSA CA 2"
fs.doe.gov,Yes,Yes,4,1,2026-02-12T00:00:00,2027-02-12T23:59:59,25891335313;24359000692;25540223853;24358999339,"C=CA, O=Entrust Limited, CN=Entrust OV TLS Issuing RSA CA 2"
fs.emcbc.doe.gov,Yes,Yes,2,1,2026-01-05T00:00:00,2026-12-27T23:59:59,23567789269;23567772457,"C=CA, O=Entrust Limited, CN=Entrust OV TLS Issuing RSA CA 2"
fs.lex.doe.gov,No,Yes,2,1,2026-03-11T00:00:00,2027-04-10T23:59:59,24923607903;24923607280,"C=CA, O=Entrust Limited, CN=Entrust OV TLS Issuing RSA CA 2"
fs.lm.doe.gov,Yes,Yes,3,1,2025-11-13T00:00:00,2027-04-10T23:59:59,22439433105;29561406792;22439413007,"C=GB, O=Sectigo Limited, CN=Sectigo Public Server Authentication CA OV R36"
fs.pppo.gov,Yes,No,2,1,2026-03-11T00:00:00,2027-04-10T23:59:59,24923607903;24923607280,"C=CA, O=Entrust Limited, CN=Entrust OV TLS Issuing RSA CA 2"
fs.wipp.doe.gov,Yes,Yes,2,1,2026-07-13T00:00:00,2027-01-27T23:59:59,27908075525;27908078707,"C=GB, O=Sectigo Limited, CN=Sectigo Public Server Authentication CA OV R36"
fs1.net.doe.gov,No,Yes,2,1,2026-07-02T00:00:00,2027-01-16T23:59:59,27646875676;27646879122,"C=CA, O=Entrust Limited, CN=Entrust OV TLS Issuing RSA CA 2"
fs2.net.doe.gov,No,Yes,2,1,2026-07-02T00:00:00,2027-01-16T23:59:59,27646875676;27646879122,"C=CA, O=Entrust Limited, CN=Entrust OV TLS Issuing RSA CA 2"
fs3.net.doe.gov,No,Yes,2,1,2026-07-02T00:00:00,2027-01-16T23:59:59,27646875676;27646879122,"C=CA, O=Entrust Limited, CN=Entrust OV TLS Issuing RSA CA 2"
fsem.net.doe.gov,Yes,Yes,2,1,2026-07-02T00:00:00,2027-01-16T23:59:59,27646875676;27646879122,"C=CA, O=Entrust Limited, CN=Entrust OV TLS Issuing RSA CA 2"
fvts.nv.doe.gov,Yes,Yes,2,1,2026-07-02T00:00:00,2027-01-16T23:59:59,27632283702;27632282379,"C=CA, O=Entrust Limited, CN=Entrust OV TLS Issuing RSA CA 2"
fx.abq.doe.gov,Yes,Yes,2,1,2026-08-04T00:00:00,2027-02-18T23:59:59,28525136933;28525127330,"C=CA, O=Entrust Limited, CN=Entrust OV TLS Issuing RSA CA 2"
g2.doe.gov,Yes,Yes,3,2,2025-11-05T00:00:00,2027-03-22T18:02:45,29263858026;22228053075;29239513051,"C=US, O=Internet2, CN=InCommon Intermediate CA - DVG2C;C=US, O=DigiCert Inc, CN=DigiCert Global G2 TLS RSA SHA256 2020 CA1"
gateway-y12.cns.doe.gov,Yes,Yes,1,1,2026-09-01T00:00:00,2027-03-18T23:59:59,29208332034,"C=US, O=DigiCert Inc, CN=DigiCert Global G2 TLS RSA SHA256 2020 CA1"
gcp.sb.juce.nnsa.doe.gov,Yes,Yes,5,1,2026-09-03T19:46:48,2026-12-16T14:51:06,29254875006;29251637002;29473370483;29515930002;29511322953,"C=US, O=Google Trust Services, CN=WR3"
gcpdev.edx.netl.doe.gov,Yes,Yes,1,1,2026-07-24T12:01:12,2026-10-22T12:57:07,28211869504,"C=US, O=Google Trust Services, CN=WR3"
gdts-test.doe.gov,No,Yes,2,1,2026-02-23T00:00:00,2027-02-23T23:59:59,24602944546;24602944077,"C=CA, O=Entrust Limited, CN=Entrust OV TLS Issuing RSA CA 2"
gdts.doe.gov,No,Yes,2,1,2026-02-23T00:00:00,2027-02-23T23:59:59,24602083891;24602082783,"C=CA, O=Entrust Limited, CN=Entrust OV TLS Issuing RSA CA 2"
gems.lm.doe.gov,Yes,Yes,2,1,2025-09-22T00:00:00,2026-10-11T23:59:59,21199154778;21199154294,"C=GB, O=Sectigo Limited, CN=Sectigo Public Server Authentication CA OV R36"
genome-downloads.jgi.doe.gov,Yes,Yes,2,1,2026-01-12T00:00:00,2027-01-12T23:59:59,23726043795;23726043471,"C=US, O=Internet2, CN=InCommon RSA Server CA 2"
gist.github.doe.gov,No,Yes,2,1,2026-07-30T00:00:00,2027-02-13T23:59:59,28386874173;28386873601,"C=CA, O=Entrust Limited, CN=Entrust OV TLS Issuing RSA CA 2"
github.doe.gov,Yes,Yes,2,1,2026-07-30T00:00:00,2027-02-13T23:59:59,28386874173;28386873601,"C=CA, O=Entrust Limited, CN=Entrust OV TLS Issuing RSA CA 2"
gitlab-pages.naerm.doe.gov,No,Yes,1,1,2026-06-01T00:00:00,2026-12-15T23:59:59,26808549493,"C=US, O=Amazon, CN=Amazon RSA 2048 M01"
gitlab.naerm.doe.gov,No,Yes,2,1,2026-05-21T00:00:00,2026-12-05T23:59:59,26529871425;26529834648,"C=CA, O=Entrust Limited, CN=Entrust OV TLS Issuing RSA CA 2"
gitlab.netl.doe.gov,Yes,Yes,2,1,2025-11-26T00:00:00,2026-12-27T23:59:59,22747727057;22747739871,"C=CA, O=Entrust Limited, CN=Entrust OV TLS Issuing RSA CA 2"
gmlc.doe.gov,Yes,Yes,2,1,2026-06-03T00:00:00,2026-12-18T23:59:59,26858563109;26858584339,"C=CA, O=Entrust Limited, CN=Entrust OV TLS Issuing RSA CA 2"
gnet-teams-doeQA.ee.doe.gov,Yes,Yes,2,1,2026-01-16T00:00:00,2027-01-22T23:59:59,23806262931;23806261197,"C=CA, O=Entrust Limited, CN=Entrust OV TLS Issuing RSA CA 2"
gnet-teams.ee.doe.gov,Yes,Yes,2,1,2026-06-17T00:00:00,2027-01-01T23:59:59,27267516792;27267514007,"C=GB, O=Sectigo Limited, CN=Sectigo Public Server Authentication CA OV R36"
gnet-teamsapi-doeQA.ee.doe.gov,Yes,Yes,2,1,2026-01-16T00:00:00,2027-01-22T23:59:59,23806233922;23806232954,"C=CA, O=Entrust Limited, CN=Entrust OV TLS Issuing RSA CA 2"
gnet-teamsapi.ee.doe.gov,Yes,Yes,2,1,2026-09-10T00:00:00,2027-03-27T23:59:59,29334624478;29334623204,"C=CA, O=Entrust Limited, CN=Entrust OV TLS Issuing RSA CA 2"
gtaescgp01.ahe.doe.gov,No,Yes,2,1,2026-04-06T00:00:00,2026-10-21T23:59:59,25426289014;25619850438,"C=CA, O=Entrust Limited, CN=Entrust OV TLS Issuing RSA CA 2"
gtaescgp01.doe.gov,No,Yes,2,1,2026-04-06T00:00:00,2026-10-21T23:59:59,25426289014;25619850438,"C=CA, O=Entrust Limited, CN=Entrust OV TLS Issuing RSA CA 2"
gtaescgp02.ahe.doe.gov,Yes,Yes,4,1,2025-12-17T00:00:00,2026-12-17T23:59:59,23181418884;25276852943;25279362102;23181449968,"C=CA, O=Entrust Limited, CN=Entrust OV TLS Issuing RSA CA 2"
gtcfsepp01.doe.gov,Yes,Yes,2,1,2026-06-01T00:00:00,2026-12-16T23:59:59,26808344673;26808314822,"C=CA, O=Entrust Limited, CN=Entrust OV TLS Issuing RSA CA 2"
gtcfstwp01.doe.gov,Yes,Yes,4,1,2026-05-27T00:00:00,2026-12-11T23:59:59,26688159752;26681445478;26681415808;26688139950,"C=CA, O=Entrust Limited, CN=Entrust OV TLS Issuing RSA CA 2"
gtcfstwq01.doe.gov,Yes,Yes,4,1,2026-05-27T00:00:00,2026-12-11T23:59:59,26681438779;26686469834;26681455924;26686440433,"C=CA, O=Entrust Limited, CN=Entrust OV TLS Issuing RSA CA 2"
gtibwebp01.doe.gov,Yes,Yes,2,1,2026-01-06T00:00:00,2027-01-06T23:59:59,23590797793;23590795778,"C=CA, O=Entrust Limited, CN=Entrust OV TLS Issuing RSA CA 2"
gtn-ccp.doe.gov,Yes,Yes,2,1,2026-08-08T00:00:00,2027-02-22T23:59:59,28657440214;28657437873,"C=CA, O=Entrust Limited, CN=Entrust OV TLS Issuing RSA CA 2"
gtn-cer.doe.gov,No,Yes,4,1,2026-05-30T00:00:00,2026-12-15T23:59:59,26761813437;26769374482;26769400941;26761827300,"C=CA, O=Entrust Limited, CN=Entrust OV TLS Issuing RSA CA 2"
gtn-cer.net.doe.gov,Yes,Yes,4,1,2026-05-30T00:00:00,2026-12-15T23:59:59,26761813437;26769374482;26769400941;26761827300,"C=CA, O=Entrust Limited, CN=Entrust OV TLS Issuing RSA CA 2"
gtn-cm1.net.doe.gov,No,Yes,4,1,2026-05-30T00:00:00,2026-12-14T23:59:59,26761385661;26761360215;26761209337;26761181856,"C=CA, O=Entrust Limited, CN=Entrust OV TLS Issuing RSA CA 2"
gtn-cmp.net.doe.gov,Yes,Yes,4,1,2026-05-30T00:00:00,2026-12-14T23:59:59,26761385661;26761360215;26761209337;26761181856,"C=CA, O=Entrust Limited, CN=Entrust OV TLS Issuing RSA CA 2"
gtn-cuc.net.doe.gov,Yes,Yes,2,1,2026-05-30T00:00:00,2026-12-14T23:59:59,26761745058;26761769027,"C=CA, O=Entrust Limited, CN=Entrust OV TLS Issuing RSA CA 2"
gtn-cup.doe.gov,No,Yes,4,1,2026-05-30T00:00:00,2026-12-14T23:59:59,26761614087;26761588468;26761209337;26761181856,"C=CA, O=Entrust Limited, CN=Entrust OV TLS Issuing RSA CA 2"
gtn-wlc-9800.net.doe.gov,Yes,Yes,2,1,2026-06-18T00:00:00,2027-01-02T23:59:59,27298428742;27298426632,"C=CA, O=Entrust Limited, CN=Entrust OV TLS Issuing RSA CA 2"
gtsfoasd01.ahe.doe.gov,Yes,Yes,10,1,2025-10-07T00:00:00,2027-03-19T23:59:59,28744531108;29214841816;21549710499;21549698398;29230301111;29212598356;28744537455;24739006493;24739005765;29230669404,"C=CA, O=Entrust Limited, CN=Entrust OV TLS Issuing RSA CA 2"
gtsfoasp01.ahe.doe.gov,Yes,Yes,4,1,2025-10-09T00:00:00,2027-03-02T23:59:59,21606628486;21606613948;24739006445;24739005741,"C=CA, O=Entrust Limited, CN=Entrust OV TLS Issuing RSA CA 2"
guest.kcnsc.doe.gov,No,Yes,2,1,2026-04-16T00:00:00,2026-11-25T23:59:59,25629407380;26262751875,"C=US, O=DigiCert Inc, CN=DigiCert Global G2 TLS RSA SHA256 2020 CA1"
guestportal-1.doe.gov,No,Yes,2,1,2025-10-09T00:00:00,2026-10-09T23:59:59,21601660947;21601659140,"C=CA, O=Entrust Limited, CN=Entrust OV TLS Issuing RSA CA 2"
guestportal-2.doe.gov,No,Yes,2,1,2025-10-09T00:00:00,2026-10-09T23:59:59,21601660947;21601659140,"C=CA, O=Entrust Limited, CN=Entrust OV TLS Issuing RSA CA 2"
guestportal.doe.gov,Yes,Yes,2,1,2025-10-09T00:00:00,2026-10-09T23:59:59,21601660947;21601659140,"C=CA, O=Entrust Limited, CN=Entrust OV TLS Issuing RSA CA 2"
gumbo.spr.doe.gov,Yes,Yes,1,1,2025-10-22T11:09:59,2026-11-21T11:08:59,21912751785,"C=US, O=IdenTrust, OU=HydrantID Trusted Certificate Service, CN=HydrantID Server CA O1"
haztrak.nv.doe.gov,Yes,Yes,2,1,2025-10-21T00:00:00,2026-11-05T23:59:59,21891845073;21891874814,"C=CA, O=Entrust Limited, CN=Entrust OV TLS Issuing RSA CA 2"
hce.hq.doe.gov,Yes,Yes,2,1,2026-06-17T00:00:00,2027-01-01T23:59:59,27261451347;27261448908,"C=CA, O=Entrust Limited, CN=Entrust OV TLS Issuing RSA CA 2"
hellolm.lm.doe.gov,Yes,Yes,2,1,2025-10-14T00:00:00,2026-10-22T23:59:59,21716594555;21716612085,"C=GB, O=Sectigo Limited, CN=Sectigo Public Server Authentication CA OV R36"
hgeo.doe.gov,Yes,Yes,2,1,2026-01-27T00:00:00,2027-01-27T23:59:59,24013017874;24013019973,"C=CA, O=Entrust Limited, CN=Entrust OV TLS Issuing RSA CA 2"
horizon.cbfo.doe.gov,Yes,Yes,2,1,2026-07-28T00:00:00,2027-02-11T23:59:59,28323193858;28323197801,"C=CA, O=Entrust Limited, CN=Entrust OV TLS Issuing RSA CA 2"
horizon2.cbfo.doe.gov,Yes,Yes,8,1,2025-11-04T00:00:00,2027-02-17T23:59:59,27954759643;22207349043;22236244370;22236256657;22207400970;27954758193;28504954537;28504944026,"C=CA, O=Entrust Limited, CN=Entrust DV TLS Issuing RSA CA 2"
hpc.netl.doe.gov,Yes,Yes,2,1,2025-11-26T00:00:00,2026-12-27T23:59:59,22745975576;22745958507,"C=CA, O=Entrust Limited, CN=Entrust OV TLS Issuing RSA CA 2"
hq-expresse.oem.doe.gov,No,Yes,2,1,2026-08-06T00:00:00,2027-02-20T23:59:59,28593114830;28593111854,"C=GB, O=Sectigo Limited, CN=Sectigo Public Server Authentication CA OV R36"
hqss.em.doe.gov,Yes,Yes,2,1,2026-02-13T00:00:00,2027-03-16T23:59:59,24387439306;24387439171,"C=CA, O=Entrust Limited, CN=Entrust OV TLS Issuing RSA CA 2"
hrp.doe.gov,Yes,Yes,2,1,2025-12-30T00:00:00,2027-01-07T23:59:59,23460935443;23463929890,"C=US, O=DigiCert Inc, CN=DigiCert Global G2 TLS RSA SHA256 2020 CA1"
hybrid.cbfo.doe.gov,No,Yes,10,2,2025-10-24T00:00:00,2026-12-24T23:59:59,22103867883;27026272510;27026321407;27024908451;22085322836;22103879922;21968245004;22085307129;21968266106;27024866021,"C=CA, O=Entrust Limited, CN=Entrust OV TLS Issuing RSA CA 2;C=GB, O=Sectigo Limited, CN=Sectigo Public Server Authentication CA OV R36"
hybrid.cns.doe.gov,No,Yes,1,1,2026-09-21T00:00:00,2027-04-07T23:59:59,29534387607,"C=US, O=DigiCert Inc, CN=DigiCert Global G2 TLS RSA SHA256 2020 CA1"
hybrid.nv.doe.gov,No,Yes,2,1,2025-11-06T00:00:00,2026-12-07T23:59:59,22268480528;22268496825,"C=CA, O=Entrust Limited, CN=Entrust OV TLS Issuing RSA CA 2"
hybrid.wipp.doe.gov,Yes,Yes,4,1,2026-07-16T00:00:00,2027-02-06T23:59:59,27994510849;28190443412;28190452040;27994510793,"C=GB, O=Sectigo Limited, CN=Sectigo Public Server Authentication CA OV R36"
hybrid.wipp.ws,Yes,No,2,1,2026-07-16T00:00:00,2027-01-30T23:59:59,27994510849;27994510793,"C=GB, O=Sectigo Limited, CN=Sectigo Public Server Authentication CA OV R36"
hybrid.y12nsc.doe.gov,No,Yes,1,1,2026-09-21T00:00:00,2027-04-07T23:59:59,29534387607,"C=US, O=DigiCert Inc, CN=DigiCert Global G2 TLS RSA SHA256 2020 CA1"
icon.nv.doe.gov,Yes,Yes,2,1,2026-05-07T00:00:00,2026-11-21T23:59:59,26153780651;26184921297,"C=CA, O=Entrust Limited, CN=Entrust OV TLS Issuing RSA CA 2"
iconds.nv.doe.gov,Yes,Yes,2,1,2026-09-23T00:00:00,2027-04-09T23:59:59,29544555087;29544702126,"C=GB, O=Sectigo Limited, CN=Sectigo Public Server Authentication CA OV R36"
icpfax.icp.doe.gov,Yes,Yes,5,1,2026-09-23T00:00:00,2027-04-09T23:59:59,29561031016;29542876879;29542728219;29542729910;29542707413,"C=CA, O=Entrust Limited, CN=Entrust OV TLS Issuing RSA CA 2"
icpfs.icp.doe.gov,Yes,Yes,5,1,2026-07-27T00:00:00,2027-04-09T23:59:59,29542728219;28296561635;29542729910;28296562193;29542707413,"C=CA, O=Entrust Limited, CN=Entrust OV TLS Issuing RSA CA 2"
icpt.doe.gov,Yes,Yes,2,1,2026-05-12T00:00:00,2026-11-26T23:59:59,26410069758;26287233405,"C=US, O=DigiCert Inc, CN=DigiCert Global G2 TLS RSA SHA256 2020 CA1"
id-ise-1.id.doe.gov,Yes,Yes,2,1,2026-01-08T00:00:00,2027-02-08T23:59:59,23638666203;23638664491,"C=CA, O=Entrust Limited, CN=Entrust OV TLS Issuing RSA CA 2"
id-ise-2.id.doe.gov,Yes,Yes,2,1,2026-01-08T00:00:00,2027-02-08T23:59:59,23638956433;23638956943,"C=CA, O=Entrust Limited, CN=Entrust OV TLS Issuing RSA CA 2"
idsso.id.doe.gov,Yes,Yes,2,1,2026-08-24T00:00:00,2027-03-10T23:59:59,28993586734;28993592799,"C=CA, O=Entrust Limited, CN=Entrust OV TLS Issuing RSA CA 2"
ignite.doe.gov,Yes,Yes,4,1,2026-03-12T00:00:00,2027-03-12T23:59:59,25540800045;24944380019;24944379335;25892421475,"C=CA, O=Entrust Limited, CN=Entrust OV TLS Issuing RSA CA 2"
igteammate.doe.gov,Yes,Yes,2,1,2025-11-07T00:00:00,2026-11-07T23:59:59,22287619668;22287594249,"C=CA, O=Entrust Limited, CN=Entrust OV TLS Issuing RSA CA 2"
igtm.doe.gov,Yes,Yes,2,1,2026-02-19T00:00:00,2027-02-19T23:59:59,24514343165;24514342225,"C=CA, O=Entrust Limited, CN=Entrust OV TLS Issuing RSA CA 2"
ijc3.doe.gov,Yes,Yes,2,1,2025-11-03T00:00:00,2026-11-03T23:59:59,22181774818;22181758578,"C=CA, O=Entrust Limited, CN=Entrust OV TLS Issuing RSA CA 2"
intranet.oe.doe.gov,Yes,Yes,4,1,2025-12-01T00:00:00,2026-12-05T23:59:59,22848052420;22906087251;22848066896;22906065094,"C=CA, O=Entrust Limited, CN=Entrust OV TLS Issuing RSA CA 2"
ipabs-is.baja.em.doe.gov,No,Yes,2,1,2026-08-13T00:00:00,2027-02-27T23:59:59,28774636402;28785248633,"C=CA, O=Entrust Limited, CN=Entrust OV TLS Issuing RSA CA 2"
irtx.spr.doe.gov,Yes,Yes,1,1,2026-09-14T11:20:36,2027-04-01T11:19:36,29419078226,"C=US, O=IdenTrust, OU=HydrantID Trusted Certificate Service, CN=HydrantID Server CA O1"
isemon.net.doe.gov,Yes,Yes,4,1,2025-10-16T00:00:00,2027-04-03T23:59:59,21764237914;29462204372;21764237224;29448917917,"C=CA, O=Entrust Limited, CN=Entrust OV TLS Issuing RSA CA 2"
isemon1.net.doe.gov,No,Yes,8,2,2025-10-16T00:00:00,2027-04-03T23:59:59,29462204372;27966919030;27835808341;21764237914;27835806770;21764237224;27966911517;29448917917,"C=CA, O=Entrust Limited, CN=Entrust OV TLS Issuing RSA CA 2;C=CA, O=Entrust Limited, CN=Entrust DV TLS Issuing RSA CA 2"
isemon2.net.doe.gov,No,Yes,8,2,2025-10-16T00:00:00,2027-04-03T23:59:59,29462204372;27966919030;27835808341;21764237914;27835806770;21764237224;27966911517;29448917917,"C=CA, O=Entrust Limited, CN=Entrust OV TLS Issuing RSA CA 2;C=CA, O=Entrust Limited, CN=Entrust DV TLS Issuing RSA CA 2"
isepsn1.net.doe.gov,No,Yes,8,2,2025-10-16T00:00:00,2027-04-03T23:59:59,29462204372;27966919030;27835808341;21764237914;27835806770;21764237224;27966911517;29448917917,"C=CA, O=Entrust Limited, CN=Entrust OV TLS Issuing RSA CA 2;C=CA, O=Entrust Limited, CN=Entrust DV TLS Issuing RSA CA 2"
isepsn2.net.doe.gov,No,Yes,8,2,2025-10-16T00:00:00,2027-04-03T23:59:59,29462204372;27966919030;27835808341;21764237914;27835806770;21764237224;27966911517;29448917917,"C=CA, O=Entrust Limited, CN=Entrust OV TLS Issuing RSA CA 2;C=CA, O=Entrust Limited, CN=Entrust DV TLS Issuing RSA CA 2"
issues-test.jgi.doe.gov,Yes,Yes,2,1,2025-10-21T00:00:00,2026-10-21T23:59:59,21866956608;21866920561,"C=US, O=Internet2, CN=InCommon RSA Server CA 2"
issues.jgi.doe.gov,Yes,Yes,2,1,2025-10-21T00:00:00,2026-10-21T23:59:59,21866891757;21866920310,"C=US, O=Internet2, CN=InCommon RSA Server CA 2"
itcontacts.kcnsc.doe.gov,No,Yes,1,1,2025-10-02T00:00:00,2026-10-09T23:59:59,21424527736,"C=US, O=DigiCert Inc, CN=DigiCert Global G2 TLS RSA SHA256 2020 CA1"
itcontacts.kcp.com,Yes,No,1,1,2025-10-02T00:00:00,2026-10-09T23:59:59,21424527736,"C=US, O=DigiCert Inc, CN=DigiCert Global G2 TLS RSA SHA256 2020 CA1"
jag.doe.gov,Yes,Yes,2,1,2025-11-18T00:00:00,2026-11-18T23:59:59,22566201184;22566184260,"C=CA, O=Entrust Limited, CN=Entrust OV TLS Issuing RSA CA 2"
jamo-ro.jgi.doe.gov,Yes,Yes,2,1,2026-03-25T00:00:00,2026-10-09T23:59:59,25221271598;25221290071,"C=US, O=Internet2, CN=InCommon RSA Server CA 2"
jaws-docs.jgi.doe.gov,Yes,Yes,5,2,2026-08-28T13:25:29,2026-11-26T13:54:03,29519599659;29491632732;29340858347;29147380322;29341014504,"C=US, O=Let's Encrypt, CN=YR2;C=US, O=Let's Encrypt, CN=YE1"
jgi.doe.gov,Yes,Yes,10,5,2026-01-22T00:00:00,2027-02-22T23:59:59,23924837861;28857520811;28203364512;29102503020;29009340939;23924630271;28854107448;28203364170;29039940675;29067754768,"C=US, O=Google Trust Services, CN=WE1;C=GB, O=Sectigo Limited, CN=Sectigo Public Server Authentication CA DV R36;C=US, O=DigiCert Inc, CN=DigiCert Global G2 TLS RSA SHA256 2020 CA1;C=US, O=Google Trust Services, CN=WR1;C=US, O=Let's Encrypt, CN=YR1"
jira.naerm.doe.gov,No,Yes,2,1,2026-05-21T00:00:00,2026-12-05T23:59:59,26529871425;26529834648,"C=CA, O=Entrust Limited, CN=Entrust OV TLS Issuing RSA CA 2"
jira.nnsa.kcnsc.doe.gov,Yes,Yes,1,1,2026-02-11T00:00:00,2027-03-14T23:59:59,24333238284,"C=US, O=DigiCert Inc, CN=DigiCert Global G2 TLS RSA SHA256 2020 CA1"
jobs.y12.doe.gov,No,Yes,1,1,2025-10-13T00:00:00,2026-10-13T23:59:59,21695526545,"C=US, O=DigiCert Inc, CN=DigiCert Global G2 TLS RSA SHA256 2020 CA1"
join.juce.nnsa.doe.gov,Yes,Yes,1,1,2026-07-15T00:00:00,2027-01-29T23:59:59,27965789184,"C=US, O=DigiCert Inc, CN=DigiCert Global G2 TLS RSA SHA256 2020 CA1"
join.video.netl.doe.gov,No,Yes,2,1,2026-05-18T00:00:00,2026-12-02T23:59:59,26444943202;26444979809,"C=GB, O=Sectigo Limited, CN=Sectigo Public Server Authentication CA OV R36"
joulix.doe.gov,Yes,Yes,2,1,2026-04-23T00:00:00,2026-11-07T23:59:59,26024195129;25711532576,"C=CA, O=Entrust Limited, CN=Entrust OV TLS Issuing RSA CA 2"
json.pars.doe.gov,Yes,Yes,4,1,2026-04-14T00:00:00,2027-02-26T23:59:59,25587744395;25516304095;29043865129;29043854059,"C=US, O=DigiCert Inc, OU=www.digicert.com, CN=GeoTrust TLS RSA CA G1"
kcnsc.doe.gov,No,Yes,6,1,2026-03-31T00:00:00,2027-04-10T23:59:59,25299099550;25558115163;25293494857;25300875458;29576994245;25443938375,"C=US, O=DigiCert Inc, CN=DigiCert Global G2 TLS RSA SHA256 2020 CA1"
kion.netl.doe.gov,Yes,Yes,1,1,2026-01-23T00:00:00,2027-02-21T23:59:59,23926444239,"C=US, O=Amazon, CN=Amazon RSA 2048 M01"
kmsosonarqube.ee.doe.gov,Yes,Yes,2,1,2026-09-08T00:00:00,2027-03-25T23:59:59,29295396872;29294407775,"C=CA, O=Entrust Limited, CN=Entrust OV TLS Issuing RSA CA 2"
labplanningreporting.ee.doe.gov,Yes,Yes,2,1,2026-03-10T00:00:00,2027-03-10T23:59:59,24896331368;24896331397,"C=CA, O=Entrust Limited, CN=Entrust OV TLS Issuing RSA CA 2"
lessonslearned.doe.gov,No,Yes,2,1,2026-08-11T00:00:00,2027-02-25T23:59:59,28741310686;28741283017,"C=CA, O=Entrust Limited, CN=Entrust OV TLS Issuing RSA CA 2"
lex-mail.lex.doe.gov,No,Yes,2,1,2025-12-03T00:00:00,2026-12-03T23:59:59,22888644798;22888681608,"C=CA, O=Entrust Limited, CN=Entrust OV TLS Issuing RSA CA 2"
lex.doe.gov,No,Yes,2,1,2025-12-03T00:00:00,2026-12-03T23:59:59,22888644798;22888681608,"C=CA, O=Entrust Limited, CN=Entrust OV TLS Issuing RSA CA 2"
lfts.moabem.doe.gov,No,Yes,2,1,2026-08-25T00:00:00,2027-03-11T23:59:59,29030047637;29030054406,"C=CA, O=Entrust Limited, CN=Entrust OV TLS Issuing RSA CA 2"
library.jgi.doe.gov,Yes,Yes,2,1,2026-05-18T00:00:00,2026-12-02T23:59:59,26443010939;26442976999,"C=US, O=""InCommon, LLC"", CN=InCommon RSA OV SSL CA 3"
listserv.netl.doe.gov,Yes,Yes,2,1,2026-05-26T00:00:00,2026-12-10T23:59:59,26654904887;26654887557,"C=GB, O=Sectigo Limited, CN=Sectigo Public Server Authentication CA OV R36"
lm.doe.gov,Yes,Yes,2,1,2026-07-31T00:00:00,2026-10-29T23:59:59,28404709843;28404709348,"C=GB, O=Sectigo Limited, CN=Sectigo Public Server Authentication CA DV R36"
lmdocsonline.lm.doe.gov,Yes,Yes,2,1,2025-12-01T00:00:00,2026-12-03T23:59:59,22846047601;22846027999,"C=GB, O=Sectigo Limited, CN=Sectigo Public Server Authentication CA OV R36"
lmpublicsearch.lm.doe.gov,Yes,Yes,4,1,2025-12-01T00:00:00,2026-12-27T23:59:59,22846028903;27130666476;27127314484;22846047587,"C=GB, O=Sectigo Limited, CN=Sectigo Public Server Authentication CA OV R36"
log2.lm.doe.gov,Yes,Yes,2,1,2025-10-07T00:00:00,2026-10-23T23:59:59,21549933850;21549954461,"C=GB, O=Sectigo Limited, CN=Sectigo Public Server Authentication CA OV R36"
login.pars.doe.gov,No,Yes,2,1,2026-06-22T00:00:00,2027-01-06T23:59:59,27397820701;27397817661,"C=CA, O=Entrust Limited, CN=Entrust OV TLS Issuing RSA CA 2"
lp.nv.doe.gov,Yes,Yes,4,1,2026-02-02T00:00:00,2027-03-04T23:59:59,27763803557;24142476064;24142475596;27763801380,"C=CA, O=Entrust Limited, CN=Entrust OV TLS Issuing RSA CA 2"
lvariant-explorer.jgi.doe.gov,Yes,Yes,2,1,2026-02-23T00:00:00,2027-02-23T23:59:59,24604193348;24604208905,"C=US, O=Internet2, CN=InCommon RSA Server CA 2"
lyncdiscover.moabem.doe.gov,No,Yes,2,1,2026-08-25T00:00:00,2027-03-11T23:59:59,29030047637;29030054406,"C=CA, O=Entrust Limited, CN=Entrust OV TLS Issuing RSA CA 2"
m1.moabem.doe.gov,No,Yes,2,1,2026-08-25T00:00:00,2027-03-11T23:59:59,29030047637;29030054406,"C=CA, O=Entrust Limited, CN=Entrust OV TLS Issuing RSA CA 2"
m4m.nv.doe.gov,Yes,Yes,2,1,2025-12-09T00:00:00,2027-01-09T23:59:59,23006883506;23006884813,"C=CA, O=Entrust Limited, CN=Entrust OV TLS Issuing RSA CA 2"
mail.cbfo.doe.gov,Yes,Yes,10,2,2025-10-24T00:00:00,2026-12-24T23:59:59,22103867883;27026272510;27026321407;27024908451;22085322836;22103879922;21968245004;22085307129;21968266106;27024866021,"C=CA, O=Entrust Limited, CN=Entrust OV TLS Issuing RSA CA 2;C=GB, O=Sectigo Limited, CN=Sectigo Public Server Authentication CA OV R36"
mail.em-la.doe.gov,Yes,Yes,2,1,2026-06-30T00:00:00,2027-01-14T23:59:59,27591429766;27591431817,"C=CA, O=Entrust Limited, CN=Entrust OV TLS Issuing RSA CA 2"
mail.lex.doe.gov,No,Yes,2,1,2025-12-03T00:00:00,2026-12-03T23:59:59,22888644798;22888681608,"C=CA, O=Entrust Limited, CN=Entrust OV TLS Issuing RSA CA 2"
mail.moabem.doe.gov,No,Yes,2,1,2026-08-25T00:00:00,2027-03-11T23:59:59,29030047637;29030054406,"C=CA, O=Entrust Limited, CN=Entrust OV TLS Issuing RSA CA 2"
mail.ntc.doe.gov,Yes,Yes,2,1,2026-02-03T00:00:00,2027-03-06T23:59:59,24163773162;24163773397,"C=CA, O=Entrust Limited, CN=Entrust OV TLS Issuing RSA CA 2"
mail.nv.doe.gov,Yes,Yes,2,1,2025-11-06T00:00:00,2026-12-07T23:59:59,22268480528;22268496825,"C=CA, O=Entrust Limited, CN=Entrust OV TLS Issuing RSA CA 2"
mail.osc.doe.gov,No,Yes,2,1,2026-05-28T00:00:00,2026-12-12T23:59:59,26693396595;26693359928,"C=GB, O=Sectigo Limited, CN=Sectigo Public Server Authentication CA OV R36"
mail.pantex.doe.gov,Yes,Yes,4,1,2026-04-27T00:00:00,2026-11-11T23:59:59,26069954865;25849498045;25849723223;26069892053,"C=CA, O=Entrust Limited, CN=Entrust OV TLS Issuing RSA CA 2"
mail.pppo.gov,Yes,No,2,1,2025-12-03T00:00:00,2026-12-03T23:59:59,22888644798;22888681608,"C=CA, O=Entrust Limited, CN=Entrust OV TLS Issuing RSA CA 2"
mail.science.doe.gov,No,Yes,2,1,2026-05-28T00:00:00,2026-12-12T23:59:59,26693396595;26693359928,"C=GB, O=Sectigo Limited, CN=Sectigo Public Server Authentication CA OV R36"
mail.spr.doe.gov,Yes,Yes,1,1,2025-11-03T19:19:06,2026-12-03T19:18:06,22184187472,"C=US, O=IdenTrust, OU=HydrantID Trusted Certificate Service, CN=HydrantID Server CA O1"
mail.wipp.doe.gov,No,Yes,4,1,2026-07-16T00:00:00,2027-02-06T23:59:59,27994510849;28190443412;28190452040;27994510793,"C=GB, O=Sectigo Limited, CN=Sectigo Public Server Authentication CA OV R36"
mail1-east.oem.doe.gov,No,Yes,4,1,2026-08-05T00:00:00,2027-02-19T23:59:59,28567611058;28568838525;28568811957;28567612168,"C=GB, O=Sectigo Limited, CN=Sectigo Public Server Authentication CA OV R36"
mail1-west.oem.doe.gov,Yes,Yes,4,1,2026-08-05T00:00:00,2027-02-19T23:59:59,28567611058;28568838525;28568811957;28567612168,"C=GB, O=Sectigo Limited, CN=Sectigo Public Server Authentication CA OV R36"
mail2-east.oem.doe.gov,No,Yes,4,1,2026-08-05T00:00:00,2027-02-19T23:59:59,28567611058;28568838525;28568811957;28567612168,"C=GB, O=Sectigo Limited, CN=Sectigo Public Server Authentication CA OV R36"
mail2-west.oem.doe.gov,No,Yes,4,1,2026-08-05T00:00:00,2027-02-19T23:59:59,28567611058;28568838525;28568811957;28567612168,"C=GB, O=Sectigo Limited, CN=Sectigo Public Server Authentication CA OV R36"
marctest2.gcp.sb.juce.nnsa.doe.gov,Yes,Yes,1,1,2026-09-17T14:24:21,2026-12-16T15:16:57,29517480910,"C=US, O=Google Trust Services, CN=WR3"
mattermost.pars.doe.gov,Yes,Yes,3,2,2026-07-11T19:39:44,2026-12-09T08:25:04,29564628010;27860717456;27860720540,"C=US, O=Let's Encrypt, CN=YE1;C=US, O=Let's Encrypt, CN=YE2"
maven.github.doe.gov,No,Yes,2,1,2026-07-30T00:00:00,2027-02-13T23:59:59,28386874173;28386873601,"C=CA, O=Entrust Limited, CN=Entrust OV TLS Issuing RSA CA 2"
media.github.doe.gov,No,Yes,2,1,2026-07-30T00:00:00,2027-02-13T23:59:59,28386874173;28386873601,"C=CA, O=Entrust Limited, CN=Entrust OV TLS Issuing RSA CA 2"
medsafe.doe.gov,Yes,Yes,1,1,2025-12-30T00:00:00,2027-01-05T23:59:59,23456284091,"C=US, O=DigiCert Inc, CN=DigiCert Global G2 TLS RSA SHA256 2020 CA1"
medsafe.doe.gov.ornl.gov,No,Yes,14,1,2026-06-16T00:00:00,2027-01-15T23:59:59,27241869173;27240914864;27625339320;27624827032;27240873382;27241905936;27598736521;27625103730;27598718025;27625102683;27599047624;27624828593;27599044845;27625341383,"C=US, O=""InCommon, LLC"", CN=InCommon RSA OV SSL CA 3"
meet.moabem.doe.gov,No,Yes,2,1,2026-08-25T00:00:00,2027-03-11T23:59:59,29030047637;29030054406,"C=CA, O=Entrust Limited, CN=Entrust OV TLS Issuing RSA CA 2"
meeting.oem.doe.gov,Yes,Yes,4,1,2026-08-06T00:00:00,2027-02-20T23:59:59,28593114830;28594310676;28593111854;28594311979,"C=GB, O=Sectigo Limited, CN=Sectigo Public Server Authentication CA OV R36"
meetingeast.oem.doe.gov,No,Yes,4,1,2026-08-06T00:00:00,2027-02-20T23:59:59,28593114830;28594310676;28593111854;28594311979,"C=GB, O=Sectigo Limited, CN=Sectigo Public Server Authentication CA OV R36"
meetingwest.oem.doe.gov,No,Yes,4,1,2026-08-06T00:00:00,2027-02-20T23:59:59,28593114830;28594310676;28593111854;28594311979,"C=GB, O=Sectigo Limited, CN=Sectigo Public Server Authentication CA OV R36"
meetme.doe.gov,No,Yes,2,1,2026-09-06T00:00:00,2027-03-23T23:59:59,29269156860;29259452879,"C=CA, O=Entrust Limited, CN=Entrust OV TLS Issuing RSA CA 2"
mfix.netl.doe.gov,Yes,Yes,2,1,2025-11-26T00:00:00,2026-12-27T23:59:59,22746059279;22746044588,"C=CA, O=Entrust Limited, CN=Entrust OV TLS Issuing RSA CA 2"
mgn-expwy.video.netl.doe.gov,Yes,Yes,2,1,2026-05-18T00:00:00,2026-12-02T23:59:59,26444943202;26444979809,"C=GB, O=Sectigo Limited, CN=Sectigo Public Server Authentication CA OV R36"
microbiomes-dev.jgi.doe.gov,Yes,Yes,2,1,2026-01-21T00:00:00,2027-01-21T23:59:59,23902536239;23902536019,"C=US, O=Internet2, CN=InCommon RSA Server CA 2"
microbiomes.jgi.doe.gov,Yes,Yes,2,1,2026-01-21T00:00:00,2027-01-21T23:59:59,23902001028;23902000702,"C=US, O=Internet2, CN=InCommon RSA Server CA 2"
mipp.em.doe.gov,Yes,Yes,2,1,2026-02-18T00:00:00,2027-03-21T23:59:59,24496668434;24496669382,"C=CA, O=Entrust Limited, CN=Entrust OV TLS Issuing RSA CA 2"
ml.netl.doe.gov,Yes,Yes,2,1,2025-11-26T00:00:00,2026-12-27T23:59:59,22746314622;22746328824,"C=CA, O=Entrust Limited, CN=Entrust OV TLS Issuing RSA CA 2"
mms.nn.ornl.gov,Yes,No,14,1,2026-06-16T00:00:00,2027-01-15T23:59:59,27241869173;27240914864;27625339320;27624827032;27240873382;27241905936;27598736521;27625103730;27598718025;27625102683;27599047624;27624828593;27599044845;27625341383,"C=US, O=""InCommon, LLC"", CN=InCommon RSA OV SSL CA 3"
moabem.doe.gov,Yes,Yes,2,1,2026-08-25T00:00:00,2027-03-11T23:59:59,29030047637;29030054406,"C=CA, O=Entrust Limited, CN=Entrust OV TLS Issuing RSA CA 2"
mobile.pantex.doe.gov,Yes,Yes,4,1,2026-09-11T00:00:00,2027-03-28T23:59:59,29361680119;29361680592;29361830817;29361830794,"C=CA, O=Entrust Limited, CN=Entrust OV TLS Issuing RSA CA 2"
mobile.pxy12.doe.gov,Yes,Yes,2,1,2025-11-05T00:00:00,2026-11-04T23:59:59,22233756386;22235164310,"C=US, O=DigiCert Inc, CN=DigiCert Global G2 TLS RSA SHA256 2020 CA1"
mobilegateway.pxy12.doe.gov,Yes,Yes,1,1,2025-10-07T00:00:00,2026-10-06T23:59:59,21554554220,"C=US, O=DigiCert Inc, CN=DigiCert Global G2 TLS RSA SHA256 2020 CA1"
mobilemail.pantex.doe.gov,Yes,Yes,2,1,2026-09-11T00:00:00,2027-03-28T23:59:59,29362597416;29362597810,"C=CA, O=Entrust Limited, CN=Entrust OV TLS Issuing RSA CA 2"
mobiletunnel.pantex.doe.gov,Yes,Yes,2,1,2026-09-11T00:00:00,2027-03-28T23:59:59,29362757373;29362762782,"C=CA, O=Entrust Limited, CN=Entrust OV TLS Issuing RSA CA 2"
mrs.cns.doe.gov,No,Yes,1,1,2026-09-21T00:00:00,2027-04-07T23:59:59,29534387607,"C=US, O=DigiCert Inc, CN=DigiCert Global G2 TLS RSA SHA256 2020 CA1"
mrs.y12nsc.doe.gov,No,Yes,1,1,2026-09-21T00:00:00,2027-04-07T23:59:59,29534387607,"C=US, O=DigiCert Inc, CN=DigiCert Global G2 TLS RSA SHA256 2020 CA1"
mrs1.pantex.doe.gov,No,Yes,2,1,2026-04-27T00:00:00,2026-11-11T23:59:59,26069954865;25849723223,"C=CA, O=Entrust Limited, CN=Entrust OV TLS Issuing RSA CA 2"
mrs1.y12nsc.doe.gov,No,Yes,1,1,2026-09-21T00:00:00,2027-04-07T23:59:59,29534387607,"C=US, O=DigiCert Inc, CN=DigiCert Global G2 TLS RSA SHA256 2020 CA1"
mrs2.pantex.doe.gov,No,Yes,2,1,2026-04-27T00:00:00,2026-11-11T23:59:59,26069954865;25849723223,"C=CA, O=Entrust Limited, CN=Entrust OV TLS Issuing RSA CA 2"
mrs2.y12nsc.doe.gov,No,Yes,1,1,2026-09-21T00:00:00,2027-04-07T23:59:59,29534387607,"C=US, O=DigiCert Inc, CN=DigiCert Global G2 TLS RSA SHA256 2020 CA1"
mrs3.pantex.doe.gov,No,Yes,2,1,2026-04-27T00:00:00,2026-11-11T23:59:59,26069954865;25849723223,"C=CA, O=Entrust Limited, CN=Entrust OV TLS Issuing RSA CA 2"
mrs3.y12nsc.doe.gov,No,Yes,1,1,2026-09-21T00:00:00,2027-04-07T23:59:59,29534387607,"C=US, O=DigiCert Inc, CN=DigiCert Global G2 TLS RSA SHA256 2020 CA1"
mrs4.y12nsc.doe.gov,No,Yes,1,1,2026-09-21T00:00:00,2027-04-07T23:59:59,29534387607,"C=US, O=DigiCert Inc, CN=DigiCert Global G2 TLS RSA SHA256 2020 CA1"
msts.sites.nv.doe.gov,Yes,Yes,4,2,2025-09-06T00:00:00,2027-04-09T23:59:59,29544927564;20819246492;29544923971;20819246309,"C=CA, O=Entrust Limited, CN=Entrust DV TLS Issuing RSA CA 2;C=GB, O=Sectigo Limited, CN=Sectigo Public Server Authentication CA OV R36"
mta1.y12.doe.gov,Yes,Yes,1,1,2026-09-17T00:00:00,2027-04-03T23:59:59,29455510429,"C=US, O=DigiCert Inc, CN=DigiCert Global G2 TLS RSA SHA256 2020 CA1"
mta2.y12.doe.gov,No,Yes,1,1,2026-09-17T00:00:00,2027-04-03T23:59:59,29455510429,"C=US, O=DigiCert Inc, CN=DigiCert Global G2 TLS RSA SHA256 2020 CA1"
mta3.y12.doe.gov,No,Yes,1,1,2026-09-17T00:00:00,2027-04-03T23:59:59,29455510429,"C=US, O=DigiCert Inc, CN=DigiCert Global G2 TLS RSA SHA256 2020 CA1"
mti01.y12.doe.gov,Yes,Yes,1,1,2026-06-02T00:00:00,2026-12-17T23:59:59,26834188480,"C=US, O=DigiCert Inc, CN=DigiCert Global G2 TLS RSA SHA256 2020 CA1"
mxrelay.nv.doe.gov,No,Yes,2,1,2025-11-06T00:00:00,2026-12-07T23:59:59,22268480528;22268496825,"C=CA, O=Entrust Limited, CN=Entrust OV TLS Issuing RSA CA 2"
myspr-stage.spr.doe.gov,Yes,Yes,1,1,2026-02-02T19:50:43,2027-03-04T19:49:43,24144478285,"C=US, O=IdenTrust, OU=HydrantID Trusted Certificate Service, CN=HydrantID Server CA O1"
myspr-test.spr.doe.gov,Yes,Yes,1,1,2025-10-07T21:24:12,2026-11-06T21:23:12,21556215826,"C=US, O=IdenTrust, OU=HydrantID Trusted Certificate Service, CN=HydrantID Server CA O1"
myspr.spr.doe.gov,Yes,Yes,1,1,2025-11-03T03:02:40,2026-12-03T03:01:40,22171195417,"C=US, O=IdenTrust, OU=HydrantID Trusted Certificate Service, CN=HydrantID Server CA O1"
mytce.spr.doe.gov,No,Yes,1,1,2026-09-21T11:50:40,2027-04-08T11:49:40,29530018660,"C=US, O=IdenTrust, OU=HydrantID Trusted Certificate Service, CN=HydrantID Server CA O1"
n3b-aw-cons.em-la.doe.gov,Yes,Yes,2,1,2026-07-06T00:00:00,2027-01-20T23:59:59,27735371705;27735374443,"C=CA, O=Entrust Limited, CN=Entrust OV TLS Issuing RSA CA 2"
n3b-aw-ds.em-la.doe.gov,Yes,Yes,2,1,2026-07-06T00:00:00,2027-01-20T23:59:59,27735391006;27735392776,"C=CA, O=Entrust Limited, CN=Entrust OV TLS Issuing RSA CA 2"
n3b-aw-idm.em-la.doe.gov,Yes,Yes,2,1,2026-07-06T00:00:00,2027-01-20T23:59:59,27735390944;27735393741,"C=CA, O=Entrust Limited, CN=Entrust OV TLS Issuing RSA CA 2"
n3b-aw-uage.em-la.doe.gov,Yes,Yes,2,1,2026-07-06T00:00:00,2027-01-20T23:59:59,27735374619;27735371611,"C=CA, O=Entrust Limited, CN=Entrust OV TLS Issuing RSA CA 2"
n3b-aw-uagr.em-la.doe.gov,Yes,Yes,2,1,2026-07-06T00:00:00,2027-01-20T23:59:59,27735374860;27735371576,"C=CA, O=Entrust Limited, CN=Entrust OV TLS Issuing RSA CA 2"
n3b-horizon-02.em-la.doe.gov,Yes,Yes,4,1,2026-05-20T00:00:00,2026-12-18T23:59:59,26864493635;26500492469;26864473027;26500462827,"C=CA, O=Entrust Limited, CN=Entrust OV TLS Issuing RSA CA 2"
n3b-horizon.em-la.doe.gov,Yes,Yes,2,1,2026-02-25T00:00:00,2027-02-25T23:59:59,24637465395;24637465324,"C=CA, O=Entrust Limited, CN=Entrust OV TLS Issuing RSA CA 2"
na.doe.gov,Yes,Yes,2,1,2026-04-29T00:00:00,2026-11-13T23:59:59,25912420173;26096629600,"C=CA, O=Entrust Limited, CN=Entrust OV TLS Issuing RSA CA 2"
naerm.doe.gov,Yes,Yes,5,3,2026-05-21T00:00:00,2027-02-26T23:59:59,26929233748;26529871425;26529834648;28781738663;26808549493,"C=CA, O=Entrust Limited, CN=Entrust OV TLS Issuing RSA CA 2;C=US, O=Amazon, CN=Amazon RSA 2048 M04;C=US, O=Amazon, CN=Amazon RSA 2048 M01"
nap9-expresse.oem.doe.gov,No,Yes,2,1,2026-08-06T00:00:00,2027-02-20T23:59:59,28593114830;28593111854,"C=GB, O=Sectigo Limited, CN=Sectigo Public Server Authentication CA OV R36"
nea-uat.doe.gov,Yes,Yes,2,1,2026-09-11T00:00:00,2027-03-28T23:59:59,29361920887;29361921238,"C=CA, O=Entrust Limited, CN=Entrust OV TLS Issuing RSA CA 2"
neo.doe.gov,Yes,Yes,2,1,2026-03-03T00:00:00,2027-03-03T23:59:59,24761779380;24761780106,"C=CA, O=Entrust Limited, CN=Entrust OV TLS Issuing RSA CA 2"
nepa-dev.doe.gov,No,Yes,2,1,2026-01-28T00:00:00,2027-01-28T23:59:59,24041691181;24041694362,"C=CA, O=Entrust Limited, CN=Entrust OV TLS Issuing RSA CA 2"
nerds.naerm.doe.gov,No,Yes,2,1,2026-05-21T00:00:00,2026-12-05T23:59:59,26529871425;26529834648,"C=CA, O=Entrust Limited, CN=Entrust OV TLS Issuing RSA CA 2"
nest.doe.gov,Yes,Yes,1,1,2026-02-11T15:09:54,2027-02-11T15:09:54,24335687664,"C=US, ST=Arizona, L=Scottsdale, O=""GoDaddy.com, Inc."", OU=http://certs.godaddy.com/repository/, CN=Go Daddy Secure Certificate Authority - G2"
net.doe.gov,No,Yes,22,2,2026-01-23T00:00:00,2027-02-03T23:59:59,26761360215;27954081530;26761769027;23939550791;23997613098;26761827300;26761813437;23939547504;24164556693;26761209337;23997611027;24164552125;26761181856;24163088286;24165584561;24163089389;26761745058;24165589380;26761385661;26769400941;27954082844;26769374482,"C=CA, O=Entrust Limited, CN=Entrust OV TLS Issuing RSA CA 2;C=CA, O=Entrust Limited, CN=Entrust DV TLS Issuing RSA CA 2"
netl.doe.gov,No,Yes,4,2,2025-10-22T00:00:00,2026-12-02T23:59:59,21912927162;26444943202;26444979809;21912903862,"C=CA, O=Entrust Limited, CN=Entrust OV TLS Issuing RSA CA 2;C=GB, O=Sectigo Limited, CN=Sectigo Public Server Authentication CA OV R36"
netops2rub1.net.doe.gov,No,Yes,2,1,2026-01-21T00:00:00,2027-01-21T23:59:59,23901040598;23901040768,"C=CA, O=Entrust Limited, CN=Entrust OV TLS Issuing RSA CA 2"
netops2rub2.net.doe.gov,No,Yes,2,1,2026-01-21T00:00:00,2027-01-21T23:59:59,23901040598;23901040768,"C=CA, O=Entrust Limited, CN=Entrust OV TLS Issuing RSA CA 2"
netops2rub3.net.doe.gov,No,Yes,2,1,2026-01-21T00:00:00,2027-01-21T23:59:59,23901040598;23901040768,"C=CA, O=Entrust Limited, CN=Entrust OV TLS Issuing RSA CA 2"
new.ap.doe.gov,No,Yes,14,1,2026-06-16T00:00:00,2027-01-15T23:59:59,27241869173;27240914864;27625339320;27624827032;27240873382;27241905936;27598736521;27625103730;27598718025;27625102683;27599047624;27624828593;27599044845;27625341383,"C=US, O=""InCommon, LLC"", CN=InCommon RSA OV SSL CA 3"
newsletter.pars.doe.gov,Yes,Yes,2,1,2026-07-30T10:52:28,2026-10-28T10:52:27,28378150012;28378146186,"C=US, O=Let's Encrypt, CN=YE1"
nipcevents.doe.gov,Yes,Yes,2,1,2026-05-22T00:00:00,2026-12-06T23:59:59,26553171147;26553213210,"C=CA, O=Entrust Limited, CN=Entrust OV TLS Issuing RSA CA 2"
nlv-ecmop1-ws.nv.doe.gov,Yes,Yes,2,1,2026-04-16T00:00:00,2026-10-31T23:59:59,25931221283;25567947673,"C=CA, O=Entrust Limited, CN=Entrust OV TLS Issuing RSA CA 2"
nlv-maxp2-ws.nv.doe.gov,Yes,Yes,2,1,2026-03-23T00:00:00,2026-10-07T23:59:59,25173641355;25173622373,"C=CA, O=Entrust Limited, CN=Entrust OV TLS Issuing RSA CA 2"
nlv-nac1-apl.nv.doe.gov,Yes,Yes,2,1,2025-11-12T00:00:00,2026-12-13T23:59:59,22416668336;22416680764,"C=CA, O=Entrust Limited, CN=Entrust OV TLS Issuing RSA CA 2"
nlv-nac2-apl.nv.doe.gov,Yes,Yes,2,1,2025-11-12T00:00:00,2026-12-13T23:59:59,22416710281;22416695458,"C=CA, O=Entrust Limited, CN=Entrust OV TLS Issuing RSA CA 2"
nlv-obiprd3-lx.nv.doe.gov,Yes,Yes,4,1,2026-04-20T00:00:00,2026-11-05T23:59:59,25644537125;25987221423;26000837093;25612621382,"C=CA, O=Entrust Limited, CN=Entrust OV TLS Issuing RSA CA 2"
nnaccess.doe.gov,Yes,Yes,2,1,2026-09-16T00:00:00,2027-04-02T23:59:59,29459593747;29438082990,"C=CA, O=Entrust Limited, CN=Entrust OV TLS Issuing RSA CA 2"
nncams.doe.gov,Yes,Yes,2,1,2026-09-16T00:00:00,2027-04-02T23:59:59,29460290102;29458112915,"C=CA, O=Entrust Limited, CN=Entrust OV TLS Issuing RSA CA 2"
nncamsauthenticator.doe.gov,Yes,Yes,2,1,2026-06-30T00:00:00,2027-01-14T23:59:59,27592623655;27592623971,"C=CA, O=Entrust Limited, CN=Entrust OV TLS Issuing RSA CA 2"
nncamslrn.doe.gov,Yes,Yes,1,1,2026-05-05T00:00:00,2026-11-19T23:59:59,26089903235,"C=US, O=DigiCert Inc, CN=DigiCert Global G2 TLS RSA SHA256 2020 CA1"
nndocs.nn.doe.gov,Yes,Yes,2,1,2026-09-23T00:00:00,2027-04-09T23:59:59,29541509966;29541509120,"C=CA, O=Entrust Limited, CN=Entrust OV TLS Issuing RSA CA 2"
nndocsdev.nn.doe.gov,Yes,Yes,2,1,2026-05-26T00:00:00,2026-12-10T23:59:59,26660837610;26660863286,"C=CA, O=Entrust Limited, CN=Entrust OV TLS Issuing RSA CA 2"
nnss-gis.nv.doe.gov,Yes,Yes,2,1,2025-09-26T00:00:00,2026-10-26T23:59:59,21295306421;21295289124,"C=CA, O=Entrust Limited, CN=Entrust DV TLS Issuing RSA CA 2"
nola.spr.doe.gov,Yes,Yes,2,1,2026-09-14T11:16:29,2027-04-01T11:16:16,29419041625;29419050331,"C=US, O=IdenTrust, OU=HydrantID Trusted Certificate Service, CN=HydrantID Server CA O1"
notebooks.github.doe.gov,No,Yes,2,1,2026-07-30T00:00:00,2027-02-13T23:59:59,28386874173;28386873601,"C=CA, O=Entrust Limited, CN=Entrust OV TLS Issuing RSA CA 2"
npm.github.doe.gov,No,Yes,2,1,2026-07-30T00:00:00,2027-02-13T23:59:59,28386874173;28386873601,"C=CA, O=Entrust Limited, CN=Entrust OV TLS Issuing RSA CA 2"
nsc.doe.gov,No,Yes,3,1,2026-03-31T00:00:00,2026-10-15T23:59:59,25299099550;25293494857;25300875458,"C=US, O=DigiCert Inc, CN=DigiCert Global G2 TLS RSA SHA256 2020 CA1"
nsewqms.doe.gov,Yes,Yes,2,1,2026-09-03T00:00:00,2027-03-20T23:59:59,29247754000;29247753006,"C=CA, O=Entrust Limited, CN=Entrust OV TLS Issuing RSA CA 2"
ntc.doe.gov,Yes,Yes,8,2,2026-02-04T00:00:00,2027-03-16T23:59:59,24383899114;24186615016;24471487668;24383529036;24383529531;24383897015;24471486393;24186614753,"C=CA, O=Entrust Limited, CN=Entrust OV TLS Issuing RSA CA 2;C=GB, O=Sectigo Limited, CN=Sectigo Public Server Authentication CA OV R36"
ntsweb.nv.doe.gov,Yes,Yes,2,1,2026-06-01T00:00:00,2026-12-16T23:59:59,26804243543;26804265479,"C=CA, O=Entrust Limited, CN=Entrust OV TLS Issuing RSA CA 2"
nuget.github.doe.gov,No,Yes,2,1,2026-07-30T00:00:00,2027-02-13T23:59:59,28386874173;28386873601,"C=CA, O=Entrust Limited, CN=Entrust OV TLS Issuing RSA CA 2"
nv.doe.gov,Yes,Yes,2,1,2026-08-24T00:00:00,2026-11-22T23:59:59,28997776152;29184334293,"C=GB, O=Sectigo Limited, CN=Sectigo Public Server Authentication CA DV R36"
nwdacs.doe.gov,Yes,Yes,2,1,2026-06-22T00:00:00,2027-01-06T23:59:59,27398423495;27398425418,"C=CA, O=Entrust Limited, CN=Entrust OV TLS Issuing RSA CA 2"
nwm.doe.gov,Yes,Yes,1,1,2026-01-14T19:36:57,2027-02-11T07:32:54,23768002604,"C=US, ST=Arizona, L=Scottsdale, O=""GoDaddy.com, Inc."", OU=http://certs.godaddy.com/repository/, CN=Go Daddy Secure Certificate Authority - G2"
olympus.doe.gov,Yes,Yes,2,1,2026-02-09T00:00:00,2027-02-09T23:59:59,24289100902;24289101697,"C=CA, O=Entrust Limited, CN=Entrust OV TLS Issuing RSA CA 2"
oneenrollment-beta.doe.gov,No,Yes,2,1,2026-04-07T00:00:00,2026-10-22T23:59:59,25682510192;25445627266,"C=CA, O=Entrust Limited, CN=Entrust OV TLS Issuing RSA CA 2"
oneenrollment.doe.gov,Yes,Yes,2,1,2026-04-07T00:00:00,2026-10-22T23:59:59,25682510192;25445627266,"C=CA, O=Entrust Limited, CN=Entrust OV TLS Issuing RSA CA 2"
onekeyenrollmentest.doe.gov,No,Yes,2,1,2026-07-22T00:00:00,2027-02-05T23:59:59,28157335156;28157328637,"C=CA, O=Entrust Limited, CN=Entrust OV TLS Issuing RSA CA 2"
onenerollment-trng.doe.gov,No,Yes,2,1,2026-04-07T00:00:00,2026-10-22T23:59:59,25682510192;25445627266,"C=CA, O=Entrust Limited, CN=Entrust OV TLS Issuing RSA CA 2"
onenet.cns.doe.gov,No,Yes,1,1,2026-09-21T00:00:00,2027-04-07T23:59:59,29534387607,"C=US, O=DigiCert Inc, CN=DigiCert Global G2 TLS RSA SHA256 2020 CA1"
opextest.doe.gov,No,Yes,2,1,2026-06-22T00:00:00,2027-01-06T23:59:59,27402080950;27402079307,"C=CA, O=Entrust Limited, CN=Entrust OV TLS Issuing RSA CA 2"
opmdb.doe.gov,Yes,Yes,2,1,2026-08-11T00:00:00,2027-02-25T23:59:59,28749147900;28749142177,"C=CA, O=Entrust Limited, CN=Entrust OV TLS Issuing RSA CA 2"
opsroleguide-dev.nest.doe.gov,Yes,Yes,1,1,2026-09-17T00:00:00,2027-03-17T23:59:59,29477260833,"C=US, O=DigiCert Inc, OU=www.digicert.com, CN=GeoTrust TLS RSA CA G1"
opsroleguide.nest.doe.gov,Yes,Yes,1,1,2026-09-17T00:00:00,2027-03-17T23:59:59,29477414245,"C=US, O=DigiCert Inc, OU=www.digicert.com, CN=GeoTrust TLS RSA CA G1"
or-wifi.science.doe.gov,Yes,Yes,4,1,2026-08-19T00:00:00,2027-03-05T23:59:59,28816055564;28830293378;28848030739;28848031140,"C=GB, O=Sectigo Limited, CN=Sectigo Public Server Authentication CA OV R36"
orcc.doe.gov,Yes,Yes,2,2,2026-09-08T19:05:00,2027-04-03T15:52:57,29295448925;29448905327,"C=US, O=SSL Corporation, CN=SSL.com TLS Issuing RSA CA R1;C=US, ST=Texas, L=Houston, O=SSL Corporation, CN=SSL.com RSA SSL subCA"
orcclab.doe.gov,Yes,Yes,1,1,2026-09-08T11:58:16,2027-03-25T11:58:16,29289252398,"C=US, O=SSL Corporation, CN=SSL.com TLS Issuing RSA CA R1"
orps-test.doe.gov,No,Yes,2,1,2026-06-22T00:00:00,2027-01-06T23:59:59,27402080950;27402079307,"C=CA, O=Entrust Limited, CN=Entrust OV TLS Issuing RSA CA 2"
orps.doe.gov,No,Yes,2,1,2026-08-11T00:00:00,2027-02-25T23:59:59,28741310686;28741283017,"C=CA, O=Entrust Limited, CN=Entrust OV TLS Issuing RSA CA 2"
orpspublic-test.doe.gov,No,Yes,2,1,2026-06-22T00:00:00,2027-01-06T23:59:59,27402080950;27402079307,"C=CA, O=Entrust Limited, CN=Entrust OV TLS Issuing RSA CA 2"
ost-liaison.doe.gov,Yes,Yes,2,1,2026-05-14T00:00:00,2026-11-07T23:59:59,26329034307;26535386780,"C=US, O=DigiCert Inc, CN=DigiCert Global G2 TLS RSA SHA256 2020 CA1"
ost-rfid-01.doe.gov,Yes,Yes,2,1,2026-09-04T00:00:00,2027-03-21T23:59:59,29257151489;29239540637,"C=CA, O=Entrust Limited, CN=Entrust OV TLS Issuing RSA CA 2"
ost-web.doe.gov,Yes,Yes,2,1,2026-09-02T00:00:00,2027-03-25T23:59:59,29296267881;29232626185,"C=US, O=DigiCert Inc, CN=DigiCert Global G2 TLS RSA SHA256 2020 CA1"
outlook.cns.doe.gov,Yes,Yes,1,1,2026-09-21T00:00:00,2027-04-07T23:59:59,29534387607,"C=US, O=DigiCert Inc, CN=DigiCert Global G2 TLS RSA SHA256 2020 CA1"
outlook.gtm.cns.doe.gov,No,Yes,1,1,2026-09-21T00:00:00,2027-04-07T23:59:59,29534387607,"C=US, O=DigiCert Inc, CN=DigiCert Global G2 TLS RSA SHA256 2020 CA1"
outlook.onenet.cns.doe.gov,No,Yes,1,1,2026-09-21T00:00:00,2027-04-07T23:59:59,29534387607,"C=US, O=DigiCert Inc, CN=DigiCert Global G2 TLS RSA SHA256 2020 CA1"
pad-mail.lex.doe.gov,No,Yes,2,1,2025-12-03T00:00:00,2026-12-03T23:59:59,22888644798;22888681608,"C=CA, O=Entrust Limited, CN=Entrust OV TLS Issuing RSA CA 2"
pages.github.doe.gov,No,Yes,2,1,2026-07-30T00:00:00,2027-02-13T23:59:59,28386874173;28386873601,"C=CA, O=Entrust Limited, CN=Entrust OV TLS Issuing RSA CA 2"
pantex.doe.gov,Yes,Yes,4,2,2026-08-13T00:00:00,2027-02-27T23:59:59,29468306920;29427323430;28780864241;28785840834,"C=GB, O=Sectigo Limited, CN=Sectigo Public Server Authentication CA DV R36;C=CA, O=Entrust Limited, CN=Entrust OV TLS Issuing RSA CA 2"
pantex.energy.gov,Yes,No,2,1,2026-08-13T00:00:00,2027-02-27T23:59:59,28785840834;28780864241,"C=CA, O=Entrust Limited, CN=Entrust OV TLS Issuing RSA CA 2"
pars.doe.gov,Yes,Yes,2,1,2026-06-22T00:00:00,2027-01-06T23:59:59,27397820701;27397817661,"C=CA, O=Entrust Limited, CN=Entrust OV TLS Issuing RSA CA 2"
passport.azdev.kcnsc.doe.gov,Yes,Yes,2,1,2026-07-29T20:07:41,2027-02-12T20:07:41,28359469148;28359469839,"C=US, O=GoDaddy.com, CN=GoDaddy TLS Intermediate CA DV - R1v1"
pbt-test.doe.gov,No,Yes,2,1,2026-02-23T00:00:00,2027-02-23T23:59:59,24602944546;24602944077,"C=CA, O=Entrust Limited, CN=Entrust OV TLS Issuing RSA CA 2"
pbt.doe.gov,No,Yes,2,1,2026-02-23T00:00:00,2027-02-23T23:59:59,24602083891;24602082783,"C=CA, O=Entrust Limited, CN=Entrust OV TLS Issuing RSA CA 2"
pcard.emcbc.doe.gov,Yes,Yes,2,1,2026-05-28T00:00:00,2026-11-28T23:59:59,26705963115;26749767629,"C=US, O=DigiCert Inc, OU=www.digicert.com, CN=GeoTrust TLS RSA CA G1"
pcportal.doe.gov,No,Yes,2,1,2026-08-11T00:00:00,2027-02-25T23:59:59,28741310686;28741283017,"C=CA, O=Entrust Limited, CN=Entrust OV TLS Issuing RSA CA 2"
penguin-test.doe.gov,Yes,Yes,2,1,2026-07-22T04:07:34,2026-10-20T04:07:33,28143600108;28143567005,"C=US, O=Let's Encrypt, CN=YR2"
penguin.doe.gov,Yes,Yes,2,1,2026-07-27T09:05:58,2026-10-25T09:05:57,28288434473;28288427979,"C=US, O=Let's Encrypt, CN=YR1"
pgh-expwy.video.netl.doe.gov,No,Yes,2,1,2026-05-18T00:00:00,2026-12-02T23:59:59,26444943202;26444979809,"C=GB, O=Sectigo Limited, CN=Sectigo Public Server Authentication CA OV R36"
phsbudgettool.nest.doe.gov,Yes,Yes,1,1,2026-08-18T00:00:00,2027-02-18T23:59:59,28825369355,"C=US, O=DigiCert Inc, OU=www.digicert.com, CN=GeoTrust TLS RSA CA G1"
pinellas.lm.doe.gov,Yes,Yes,2,1,2025-10-07T00:00:00,2026-10-07T23:59:59,21552287559;21552252044,"C=GB, O=Sectigo Limited, CN=Sectigo Public Server Authentication CA OV R36"
pir.doe.gov,No,Yes,2,1,2026-08-11T00:00:00,2027-02-25T23:59:59,28740492974;28740489840,"C=CA, O=Entrust Limited, CN=Entrust OV TLS Issuing RSA CA 2"
pirdev.doe.gov,No,Yes,2,1,2026-08-19T00:00:00,2027-03-05T23:59:59,28857615136;28838066972,"C=CA, O=Entrust Limited, CN=Entrust OV TLS Issuing RSA CA 2"
pivreg.nn.doe.gov,Yes,Yes,1,1,2026-09-16T00:00:00,2027-04-02T23:59:59,29452418297,"C=CA, O=Entrust Limited, CN=Entrust OV TLS Issuing RSA CA 2"
pmb-perf.ee.doe.gov,Yes,Yes,2,1,2026-05-26T00:00:00,2026-12-10T23:59:59,26657939475;26657907200,"C=GB, O=Sectigo Limited, CN=Sectigo Public Server Authentication CA OV R36"
pmb-perfweb.ee.doe.gov,Yes,Yes,2,1,2026-04-22T00:00:00,2026-11-06T23:59:59,26010438106;25670914514,"C=GB, O=Sectigo Limited, CN=Sectigo Public Server Authentication CA OV R36"
pmb-staged.ee.doe.gov,Yes,Yes,2,1,2025-11-28T00:00:00,2026-12-09T23:59:59,22789992075;22789976907,"C=CA, O=Entrust Limited, CN=Entrust OV TLS Issuing RSA CA 2"
pmb-test-app.ee.doe.gov,Yes,Yes,2,1,2026-09-04T00:00:00,2027-03-21T23:59:59,29239488444;29257325227,"C=CA, O=Entrust Limited, CN=Entrust OV TLS Issuing RSA CA 2"
pmb-test.ee.doe.gov,Yes,Yes,2,1,2025-11-28T00:00:00,2026-12-08T23:59:59,22788917531;22788903567,"C=CA, O=Entrust Limited, CN=Entrust OV TLS Issuing RSA CA 2"
pmb-testweb.ee.doe.gov,Yes,Yes,2,1,2026-06-17T00:00:00,2027-01-01T23:59:59,27264089265;27264085695,"C=GB, O=Sectigo Limited, CN=Sectigo Public Server Authentication CA OV R36"
pmbperf-app.ee.doe.gov,Yes,Yes,2,1,2026-05-14T00:00:00,2026-11-28T23:59:59,26352748078;26327006799,"C=GB, O=Sectigo Limited, CN=Sectigo Public Server Authentication CA OV R36"
pmbridge-app.ee.doe.gov,Yes,Yes,2,1,2026-09-10T00:00:00,2027-03-27T23:59:59,29333892991;29333891595,"C=CA, O=Entrust Limited, CN=Entrust OV TLS Issuing RSA CA 2"
pmbridge-labplanning.ee.doe.gov,Yes,Yes,2,1,2026-08-12T00:00:00,2027-02-26T23:59:59,28774308742;28772964284,"C=CA, O=Entrust Limited, CN=Entrust OV TLS Issuing RSA CA 2"
pmbridge.ee.doe.gov,Yes,Yes,2,1,2025-09-29T00:00:00,2026-10-08T23:59:59,21351623990;21351592748,"C=CA, O=Entrust Limited, CN=Entrust OV TLS Issuing RSA CA 2"
pmbridgeweb.ee.doe.gov,Yes,Yes,2,1,2026-06-16T00:00:00,2026-12-31T23:59:59,27233524226;27233475144,"C=GB, O=Sectigo Limited, CN=Sectigo Public Server Authentication CA OV R36"
pmcstageexternal.ee.doe.gov,Yes,Yes,2,1,2026-01-14T00:00:00,2027-01-19T23:59:59,23767266449;23767267141,"C=CA, O=Entrust Limited, CN=Entrust OV TLS Issuing RSA CA 2"
pmcstageinternal.ee.doe.gov,Yes,Yes,2,1,2026-01-14T00:00:00,2027-01-19T23:59:59,23767225299;23767223998,"C=CA, O=Entrust Limited, CN=Entrust OV TLS Issuing RSA CA 2"
pme-dev.doe.gov,Yes,Yes,2,1,2026-06-12T00:00:00,2026-12-27T23:59:59,27131157063;27128210901,"C=CA, O=Entrust Limited, CN=Entrust OV TLS Issuing RSA CA 2"
pme-qa.doe.gov,Yes,Yes,2,1,2026-09-02T00:00:00,2027-03-19T23:59:59,29232012682;29231180860,"C=CA, O=Entrust Limited, CN=Entrust OV TLS Issuing RSA CA 2"
pme.doe.gov,Yes,Yes,2,1,2026-09-02T00:00:00,2027-03-19T23:59:59,29233247114;29233247012,"C=CA, O=Entrust Limited, CN=Entrust OV TLS Issuing RSA CA 2"
pmos-ed-dev.jgi.doe.gov,No,Yes,2,1,2026-01-07T00:00:00,2027-01-07T23:59:59,23616094774;23616113974,"C=US, O=Internet2, CN=InCommon RSA Server CA 2"
pmos-ed-dev.jgi.lbl.gov,Yes,No,2,1,2026-01-07T00:00:00,2027-01-07T23:59:59,23616094774;23616113974,"C=US, O=Internet2, CN=InCommon RSA Server CA 2"
pmta.nv.doe.gov,Yes,Yes,4,2,2025-09-30T00:00:00,2026-11-09T23:59:59,21630768087;21382327680;21382344016;21630781153,"C=CA, O=Entrust Limited, CN=Entrust OV TLS Issuing RSA CA 2;C=CA, O=Entrust Limited, CN=Entrust DV TLS Issuing RSA CA 2"
pmts-apm.nn.doe.gov,Yes,Yes,1,1,2026-02-24T00:00:00,2027-03-25T23:59:59,24617876834,"C=US, O=DigiCert Inc, CN=DigiCert Global G2 TLS RSA SHA256 2020 CA1"
pmts-apm.nn.doe.gov.ornl.gov,No,Yes,14,1,2026-06-16T00:00:00,2027-01-15T23:59:59,27241869173;27240914864;27625339320;27624827032;27240873382;27241905936;27598736521;27625103730;27598718025;27625102683;27599047624;27624828593;27599044845;27625341383,"C=US, O=""InCommon, LLC"", CN=InCommon RSA OV SSL CA 3"
po.doe.gov,Yes,Yes,2,1,2026-04-30T00:00:00,2026-11-14T23:59:59,26108005495;25947898150,"C=CA, O=Entrust Limited, CN=Entrust OV TLS Issuing RSA CA 2"
por-mail.lex.doe.gov,No,Yes,2,1,2025-12-03T00:00:00,2026-12-03T23:59:59,22888644798;22888681608,"C=CA, O=Entrust Limited, CN=Entrust OV TLS Issuing RSA CA 2"
prdwac.ee.doe.gov,Yes,Yes,2,1,2026-04-16T00:00:00,2026-10-31T23:59:59,25565407751;25927770841,"C=GB, O=Sectigo Limited, CN=Sectigo Public Server Authentication CA OV R36"
prl-test.doe.gov,No,Yes,2,1,2026-02-23T00:00:00,2027-02-23T23:59:59,24602944546;24602944077,"C=CA, O=Entrust Limited, CN=Entrust OV TLS Issuing RSA CA 2"
prl.doe.gov,No,Yes,2,1,2026-02-23T00:00:00,2027-02-23T23:59:59,24602083891;24602082783,"C=CA, O=Entrust Limited, CN=Entrust OV TLS Issuing RSA CA 2"
prod.arcgis.netl.doe.gov,Yes,Yes,2,1,2025-11-03T00:00:00,2026-12-04T23:59:59,22183841897;22183829273,"C=CA, O=Entrust Limited, CN=Entrust OV TLS Issuing RSA CA 2"
proofpoint.doe.gov,Yes,Yes,4,1,2026-04-14T00:00:00,2026-10-29T23:59:59,25540334477;25891688463;25891625208;25540353911,"C=CA, O=Entrust Limited, CN=Entrust OV TLS Issuing RSA CA 2"
prospero-dev.jgi.doe.gov,Yes,Yes,2,1,2025-10-27T00:00:00,2026-10-27T23:59:59,22047126251;22047137886,"C=US, O=Internet2, CN=InCommon RSA Server CA 2"
prospero-espint.jgi.doe.gov,No,Yes,2,1,2025-10-27T00:00:00,2026-10-27T23:59:59,22047126251;22047137886,"C=US, O=Internet2, CN=InCommon RSA Server CA 2"
prospero-espprd.jgi.doe.gov,No,Yes,2,1,2025-10-27T00:00:00,2026-10-27T23:59:59,22046776873;22046765981,"C=US, O=Internet2, CN=InCommon RSA Server CA 2"
prospero-int.jgi.doe.gov,No,Yes,2,1,2025-10-27T00:00:00,2026-10-27T23:59:59,22047126251;22047137886,"C=US, O=Internet2, CN=InCommon RSA Server CA 2"
prospero-mon.jgi.doe.gov,Yes,Yes,2,1,2025-10-27T00:00:00,2026-10-27T23:59:59,22047337784;22047350733,"C=US, O=Internet2, CN=InCommon RSA Server CA 2"
prospero-uat.jgi.doe.gov,No,Yes,2,1,2025-10-27T00:00:00,2026-10-27T23:59:59,22047126251;22047137886,"C=US, O=Internet2, CN=InCommon RSA Server CA 2"
prospero.jgi.doe.gov,Yes,Yes,2,1,2025-10-27T00:00:00,2026-10-27T23:59:59,22046776873;22046765981,"C=US, O=Internet2, CN=InCommon RSA Server CA 2"
proxy.doe.gov,Yes,Yes,2,1,2026-01-06T00:00:00,2027-01-06T23:59:59,23592163777;23592163293,"C=CA, O=Entrust Limited, CN=Entrust OV TLS Issuing RSA CA 2"
psdbadmin.doe.gov,Yes,Yes,2,1,2026-03-12T00:00:00,2027-03-12T23:59:59,24942354613;24942354639,"C=CA, O=Entrust Limited, CN=Entrust OV TLS Issuing RSA CA 2"
pts.ee.doe.gov,Yes,Yes,2,1,2026-06-18T00:00:00,2027-01-02T23:59:59,27292693774;27292694763,"C=GB, O=Sectigo Limited, CN=Sectigo Public Server Authentication CA OV R36"
publicdata.doe.gov,No,Yes,4,1,2026-06-22T00:00:00,2027-02-25T23:59:59,27402080950;27402079307;28741310686;28741283017,"C=CA, O=Entrust Limited, CN=Entrust OV TLS Issuing RSA CA 2"
pwm.spr.doe.gov,Yes,Yes,1,1,2025-10-22T15:23:39,2026-11-21T15:22:39,21917572766,"C=US, O=IdenTrust, OU=HydrantID Trusted Certificate Service, CN=HydrantID Server CA O1"
qagrc.doe.gov,Yes,Yes,2,1,2026-09-10T00:00:00,2027-03-27T23:59:59,29336113608;29336112436,"C=CA, O=Entrust Limited, CN=Entrust OV TLS Issuing RSA CA 2"
quanta.doe.gov,Yes,Yes,4,1,2026-06-24T00:00:00,2027-01-09T23:59:59,27458377839;27477990381;27458379324;27477988431,"C=CA, O=Entrust Limited, CN=Entrust OV TLS Issuing RSA CA 2"
ra-alb.netl.doe.gov,Yes,Yes,2,1,2026-01-12T00:00:00,2027-02-12T23:59:59,23726040432;23726040058,"C=CA, O=Entrust Limited, CN=Entrust OV TLS Issuing RSA CA 2"
ra-mgn.netl.doe.gov,Yes,Yes,6,2,2026-01-12T00:00:00,2027-03-19T23:59:59,29230253140;23726010940;23726097063;23726012379;29231873471;23726099270,"C=CA, O=Entrust Limited, CN=Entrust OV TLS Issuing RSA CA 2;C=CA, O=Entrust Limited, CN=Entrust DV TLS Issuing RSA CA 2"
ra-pgh.netl.doe.gov,Yes,Yes,4,1,2026-01-12T00:00:00,2027-03-19T23:59:59,23725998357;23725998012;29230270242;29231922618,"C=CA, O=Entrust Limited, CN=Entrust OV TLS Issuing RSA CA 2"
ra.moabem.doe.gov,No,Yes,2,1,2026-08-25T00:00:00,2027-03-11T23:59:59,29030047637;29030054406,"C=CA, O=Entrust Limited, CN=Entrust OV TLS Issuing RSA CA 2"
rains.doe.gov,Yes,Yes,2,1,2026-09-23T00:00:00,2027-04-09T23:59:59,29541512599;29541517233,"C=CA, O=Entrust Limited, CN=Entrust OV TLS Issuing RSA CA 2"
rams.nv.doe.gov,Yes,Yes,2,1,2025-11-05T00:00:00,2026-12-05T23:59:59,22213905865;22213926398,"C=CA, O=Entrust Limited, CN=Entrust OV TLS Issuing RSA CA 2"
raw.github.doe.gov,No,Yes,2,1,2026-07-30T00:00:00,2027-02-13T23:59:59,28386874173;28386873601,"C=CA, O=Entrust Limited, CN=Entrust OV TLS Issuing RSA CA 2"
rds-prod.doe.gov,Yes,Yes,2,1,2026-08-11T00:00:00,2027-02-25T23:59:59,28741310686;28741283017,"C=CA, O=Entrust Limited, CN=Entrust OV TLS Issuing RSA CA 2"
rds-test.doe.gov,Yes,Yes,2,1,2026-06-22T00:00:00,2027-01-06T23:59:59,27402080950;27402079307,"C=CA, O=Entrust Limited, CN=Entrust OV TLS Issuing RSA CA 2"
redstraw.doe.gov,Yes,Yes,2,1,2026-08-19T00:00:00,2027-03-05T23:59:59,28836878467;28855869756,"C=CA, O=Entrust Limited, CN=Entrust OV TLS Issuing RSA CA 2"
registration-test.doe.gov,No,Yes,2,1,2026-06-22T00:00:00,2027-01-06T23:59:59,27402080950;27402079307,"C=CA, O=Entrust Limited, CN=Entrust OV TLS Issuing RSA CA 2"
registration.doe.gov,No,Yes,2,1,2026-08-11T00:00:00,2027-02-25T23:59:59,28741310686;28741283017,"C=CA, O=Entrust Limited, CN=Entrust OV TLS Issuing RSA CA 2"
registry.gitlab.netl.doe.gov,Yes,Yes,4,1,2025-11-26T00:00:00,2027-01-08T23:59:59,22978941130;22746410643;22978940685;22746392537,"C=CA, O=Entrust Limited, CN=Entrust OV TLS Issuing RSA CA 2"
registry.mfix.netl.doe.gov,Yes,Yes,2,1,2025-11-26T00:00:00,2026-12-27T23:59:59,22745725994;22745710693,"C=CA, O=Entrust Limited, CN=Entrust OV TLS Issuing RSA CA 2"
regulations.doe.gov,No,Yes,4,2,2026-08-30T19:45:08,2026-11-30T22:40:57,29172988730;29247028883;29503823922;29172988960,"C=US, O=Let's Encrypt, CN=YR2;C=US, O=Let's Encrypt, CN=YE1"
relay.cns.doe.gov,No,Yes,1,1,2026-09-21T00:00:00,2027-04-07T23:59:59,29534387607,"C=US, O=DigiCert Inc, CN=DigiCert Global G2 TLS RSA SHA256 2020 CA1"
relay.onenet.cns.doe.gov,No,Yes,1,1,2026-09-21T00:00:00,2027-04-07T23:59:59,29534387607,"C=US, O=DigiCert Inc, CN=DigiCert Global G2 TLS RSA SHA256 2020 CA1"
remote.doe.gov,Yes,Yes,2,1,2025-10-21T00:00:00,2026-10-21T23:59:59,21891329735;21891375488,"C=CA, O=Entrust Limited, CN=Entrust OV TLS Issuing RSA CA 2"
remote.moabem.doe.gov,No,Yes,2,1,2026-08-25T00:00:00,2027-03-11T23:59:59,29030047637;29030054406,"C=CA, O=Entrust Limited, CN=Entrust OV TLS Issuing RSA CA 2"
remote2.moabem.doe.gov,No,Yes,2,1,2026-08-25T00:00:00,2027-03-11T23:59:59,29030047637;29030054406,"C=CA, O=Entrust Limited, CN=Entrust OV TLS Issuing RSA CA 2"
reportspw1.doe.gov,Yes,Yes,2,1,2026-08-28T00:00:00,2027-03-14T23:59:59,29113799482;29113800580,"C=CA, O=Entrust Limited, CN=Entrust OV TLS Issuing RSA CA 2"
reportspw1test.doe.gov,Yes,Yes,2,1,2026-08-28T00:00:00,2027-03-14T23:59:59,29113799602;29113798182,"C=CA, O=Entrust Limited, CN=Entrust OV TLS Issuing RSA CA 2"
resources.y12.doe.gov,Yes,Yes,1,1,2025-10-08T00:00:00,2026-10-07T23:59:59,21573894103,"C=US, O=DigiCert Inc, CN=DigiCert Global G2 TLS RSA SHA256 2020 CA1"
responseline.doe.gov,No,Yes,2,1,2026-08-11T00:00:00,2027-02-25T23:59:59,28741310686;28741283017,"C=CA, O=Entrust Limited, CN=Entrust OV TLS Issuing RSA CA 2"
rl-test.doe.gov,No,Yes,2,1,2026-06-22T00:00:00,2027-01-06T23:59:59,27402080950;27402079307,"C=CA, O=Entrust Limited, CN=Entrust OV TLS Issuing RSA CA 2"
rsrt-test.doe.gov,No,Yes,2,1,2026-06-22T00:00:00,2027-01-06T23:59:59,27402080950;27402079307,"C=CA, O=Entrust Limited, CN=Entrust OV TLS Issuing RSA CA 2"
rsrt.doe.gov,No,Yes,2,1,2026-08-11T00:00:00,2027-02-25T23:59:59,28741310686;28741283017,"C=CA, O=Entrust Limited, CN=Entrust OV TLS Issuing RSA CA 2"
rstlm.lm.doe.gov,Yes,Yes,2,1,2026-05-04T00:00:00,2026-11-18T23:59:59,26062757330;26144068091,"C=GB, O=Sectigo Limited, CN=Sectigo Public Server Authentication CA OV R36"
rubygems.github.doe.gov,No,Yes,2,1,2026-07-30T00:00:00,2027-02-13T23:59:59,28386874173;28386873601,"C=CA, O=Entrust Limited, CN=Entrust OV TLS Issuing RSA CA 2"
safecs.onenet.cns.doe.gov,No,Yes,2,1,2025-10-07T00:00:00,2026-10-21T23:59:59,21917910726;21556517763,"C=US, O=DigiCert Inc, CN=DigiCert Global G2 TLS RSA SHA256 2020 CA1"
safecs.pxy12.doe.gov,Yes,Yes,2,1,2025-10-07T00:00:00,2026-10-21T23:59:59,21917910726;21556517763,"C=US, O=DigiCert Inc, CN=DigiCert Global G2 TLS RSA SHA256 2020 CA1"
safer.doe.gov,Yes,Yes,2,1,2026-04-14T00:00:00,2026-10-29T23:59:59,25540815639;25892443789,"C=CA, O=Entrust Limited, CN=Entrust OV TLS Issuing RSA CA 2"
safer.nnsa.doe.gov,Yes,Yes,4,1,2026-02-13T00:00:00,2027-02-13T23:59:59,24390681092;27762953262;27762955020;24390660896,"C=CA, O=Entrust Limited, CN=Entrust OV TLS Issuing RSA CA 2"
sandbox.arcgis.netl.doe.gov,No,Yes,2,1,2025-10-09T00:00:00,2026-11-09T23:59:59,21604013079;21603993972,"C=CA, O=Entrust Limited, CN=Entrust OV TLS Issuing RSA CA 2"
sandbox.cms.doe.gov,No,Yes,8,1,2025-10-28T00:00:00,2027-03-04T23:59:59,24787946865;24782902929;24782886786;22063241731;24782901107;24782886472;22063254653;24787945870,"C=CA, O=Entrust Limited, CN=Entrust OV TLS Issuing RSA CA 2"
sandlot-dev.nest.doe.gov,Yes,Yes,3,1,2026-05-31T00:00:00,2027-03-22T23:59:59,26827181433;26773452610;29537847492,"C=US, O=DigiCert Inc, OU=www.digicert.com, CN=GeoTrust TLS RSA CA G1"
sbaws.kcnsc.doe.gov,Yes,Yes,5,2,2026-05-04T00:00:00,2027-02-05T23:59:59,28101776232;28187658414;28131863081;26046300399;27652240016,"C=US, O=Amazon, CN=Amazon RSA 2048 M04;C=US, O=Amazon, CN=Amazon RSA 2048 M01"
sbis-test.doe.gov,No,Yes,2,1,2026-06-22T00:00:00,2027-01-06T23:59:59,27402080950;27402079307,"C=CA, O=Entrust Limited, CN=Entrust OV TLS Issuing RSA CA 2"
sbis.doe.gov,No,Yes,2,1,2026-08-11T00:00:00,2027-02-25T23:59:59,28741310686;28741283017,"C=CA, O=Entrust Limited, CN=Entrust OV TLS Issuing RSA CA 2"
science.doe.gov,Yes,Yes,5,2,2026-05-28T00:00:00,2026-12-26T23:59:59,27097065793;26693359928;28890009861;28984579733;26693396595,"C=GB, O=Sectigo Limited, CN=Sectigo Public Server Authentication CA DV R36;C=GB, O=Sectigo Limited, CN=Sectigo Public Server Authentication CA OV R36"
scmc-enrollment.kcnsc.doe.gov,No,Yes,1,1,2025-11-20T00:00:00,2026-11-15T23:59:59,22604800303,"C=US, O=DigiCert Inc, CN=DigiCert Global G2 TLS RSA SHA256 2020 CA1"
scmcportal.energy.gov,Yes,No,1,1,2025-11-20T00:00:00,2026-11-15T23:59:59,22604800303,"C=US, O=DigiCert Inc, CN=DigiCert Global G2 TLS RSA SHA256 2020 CA1"
scorecard.spr.doe.gov,Yes,Yes,1,1,2026-08-11T17:28:56,2027-02-26T17:27:56,28746738058,"C=US, O=IdenTrust, OU=HydrantID Trusted Certificate Service, CN=HydrantID Server CA O1"
secure-bc.lm.doe.gov,Yes,Yes,2,1,2025-10-07T00:00:00,2026-10-07T23:59:59,21547332174;21547349918,"C=GB, O=Sectigo Limited, CN=Sectigo Public Server Authentication CA OV R36"
secure-east.lm.doe.gov,Yes,Yes,2,1,2025-10-07T00:00:00,2026-10-07T23:59:59,21551532885;21551514812,"C=GB, O=Sectigo Limited, CN=Sectigo Public Server Authentication CA OV R36"
secure-east.netl.doe.gov,Yes,Yes,6,1,2026-08-24T00:00:00,2027-03-20T23:59:59,29000130728;29240118580;29230954468;29233344559;29247320900;29000130727,"C=CA, O=Entrust Limited, CN=Entrust OV TLS Issuing RSA CA 2"
secure-gj.lm.doe.gov,Yes,Yes,2,1,2025-10-07T00:00:00,2026-10-07T23:59:59,21551515199;21551495158,"C=GB, O=Sectigo Limited, CN=Sectigo Public Server Authentication CA OV R36"
secure-pgh.netl.doe.gov,Yes,Yes,6,1,2026-08-24T00:00:00,2027-03-20T23:59:59,29246990416;28999692370;29233295829;29233295153;28999686657;29246990669,"C=CA, O=Entrust Limited, CN=Entrust OV TLS Issuing RSA CA 2"
secure-west.lm.doe.gov,Yes,Yes,2,1,2025-10-07T00:00:00,2026-10-07T23:59:59,21551495143;21551477543,"C=GB, O=Sectigo Limited, CN=Sectigo Public Server Authentication CA OV R36"
secure-west.netl.doe.gov,Yes,Yes,6,1,2026-08-24T00:00:00,2027-03-20T23:59:59,29000089602;29247243208;29233319704;29233320047;29000089336;29247243505,"C=CA, O=Entrust Limited, CN=Entrust OV TLS Issuing RSA CA 2"
sentry2.lm.doe.gov,Yes,Yes,2,1,2025-10-29T00:00:00,2026-10-29T23:59:59,22085338170;22085354255,"C=GB, O=Sectigo Limited, CN=Sectigo Public Server Authentication CA OV R36"
sepa.doe.gov,No,Yes,2,1,2025-12-03T00:00:00,2027-01-03T23:59:59,22888454903;22888454253,"C=CA, O=Entrust Limited, CN=Entrust DV TLS Issuing RSA CA 2"
sert-test.doe.gov,No,Yes,2,1,2026-06-22T00:00:00,2027-01-06T23:59:59,27402080950;27402079307,"C=CA, O=Entrust Limited, CN=Entrust OV TLS Issuing RSA CA 2"
sert-training.doe.gov,No,Yes,2,1,2026-08-11T00:00:00,2027-02-25T23:59:59,28741310686;28741283017,"C=CA, O=Entrust Limited, CN=Entrust OV TLS Issuing RSA CA 2"
sert.doe.gov,No,Yes,2,1,2026-08-11T00:00:00,2027-02-25T23:59:59,28741310686;28741283017,"C=CA, O=Entrust Limited, CN=Entrust OV TLS Issuing RSA CA 2"
setmyrsapin.doe.gov,Yes,Yes,6,1,2025-11-08T00:00:00,2027-03-12T23:59:59,24926147767;24946270992;24946271431;22320350036;24926151177;22320332559,"C=CA, O=Entrust Limited, CN=Entrust OV TLS Issuing RSA CA 2"
sfb1.moabem.doe.gov,No,Yes,2,1,2026-08-25T00:00:00,2027-03-11T23:59:59,29030047637;29030054406,"C=CA, O=Entrust Limited, CN=Entrust OV TLS Issuing RSA CA 2"
sgmaina.ee.doe.gov,Yes,Yes,2,1,2026-06-17T00:00:00,2027-01-01T23:59:59,27261172756;27261174193,"C=GB, O=Sectigo Limited, CN=Sectigo Public Server Authentication CA OV R36"
shiprock.lm.doe.gov,Yes,Yes,2,1,2026-02-19T00:00:00,2027-02-19T23:59:59,24511105244;24511103927,"C=GB, O=Sectigo Limited, CN=Sectigo Public Server Authentication CA OV R36"
signon.eia.doe.gov,Yes,Yes,4,1,2025-10-14T00:00:00,2027-03-26T23:59:59,21713772940;21713756001;29311148954;29311148611,"C=CA, O=Entrust Limited, CN=Entrust OV TLS Issuing RSA CA 2"
singlecell.jgi.doe.gov,Yes,Yes,2,1,2025-11-14T00:00:00,2026-11-14T23:59:59,22457849433;22457864243,"C=US, O=Internet2, CN=InCommon RSA Server CA 2"
sipexternal.moabem.doe.gov,No,Yes,2,1,2026-08-25T00:00:00,2027-03-11T23:59:59,29030047637;29030054406,"C=CA, O=Entrust Limited, CN=Entrust OV TLS Issuing RSA CA 2"
slack.github.doe.gov,No,Yes,2,1,2026-07-30T00:00:00,2027-02-13T23:59:59,28386874173;28386873601,"C=CA, O=Entrust Limited, CN=Entrust OV TLS Issuing RSA CA 2"
smtp.nv.doe.gov,Yes,Yes,2,1,2025-11-07T00:00:00,2026-12-08T23:59:59,22288599416;22288578568,"C=CA, O=Entrust Limited, CN=Entrust OV TLS Issuing RSA CA 2"
smtp1.moabem.doe.gov,No,Yes,2,1,2026-08-25T00:00:00,2027-03-11T23:59:59,29030047637;29030054406,"C=CA, O=Entrust Limited, CN=Entrust OV TLS Issuing RSA CA 2"
smtpin-east.oem.doe.gov,No,Yes,4,1,2026-08-05T00:00:00,2027-02-19T23:59:59,28567611058;28568838525;28568811957;28567612168,"C=GB, O=Sectigo Limited, CN=Sectigo Public Server Authentication CA OV R36"
smtpin-nap9.oem.doe.gov,No,Yes,4,1,2026-08-05T00:00:00,2027-02-19T23:59:59,28567611058;28568838525;28568811957;28567612168,"C=GB, O=Sectigo Limited, CN=Sectigo Public Server Authentication CA OV R36"
snaapp-dev.hq.doe.gov,Yes,Yes,2,1,2026-04-07T00:00:00,2026-10-22T23:59:59,25688208271;25446881818,"C=CA, O=Entrust Limited, CN=Entrust OV TLS Issuing RSA CA 2"
soars-bar-1.lm.doe.gov,Yes,Yes,2,1,2026-09-02T00:00:00,2027-03-19T23:59:59,29229701831;29229928135,"C=GB, O=Sectigo Limited, CN=Sectigo Public Server Authentication CA OV R36"
soars-blu-1.lm.doe.gov,Yes,Yes,2,1,2026-09-02T00:00:00,2027-03-19T23:59:59,29229931355;29229717192,"C=GB, O=Sectigo Limited, CN=Sectigo Public Server Authentication CA OV R36"
soars-edg-1.lm.doe.gov,Yes,Yes,2,1,2026-07-15T00:00:00,2027-01-29T23:59:59,27955069314;27955066391,"C=GB, O=Sectigo Limited, CN=Sectigo Public Server Authentication CA OV R36"
soars-lkv-1.lm.doe.gov,Yes,Yes,2,1,2026-09-02T00:00:00,2027-03-19T23:59:59,29229949107;29229949573,"C=GB, O=Sectigo Limited, CN=Sectigo Public Server Authentication CA OV R36"
soars-mnd-1.lm.doe.gov,Yes,Yes,2,1,2026-09-02T00:00:00,2027-03-19T23:59:59,29229947330;29229947338,"C=GB, O=Sectigo Limited, CN=Sectigo Public Server Authentication CA OV R36"
soars-rfs-1.lm.doe.gov,Yes,Yes,2,1,2026-09-02T00:00:00,2027-03-19T23:59:59,29229949231;29229736756,"C=GB, O=Sectigo Limited, CN=Sectigo Public Server Authentication CA OV R36"
soars-rfs-2.lm.doe.gov,Yes,Yes,2,1,2026-09-02T00:00:00,2027-03-19T23:59:59,29229953182;29229953194,"C=GB, O=Sectigo Limited, CN=Sectigo Public Server Authentication CA OV R36"
soars-rfs-3.lm.doe.gov,Yes,Yes,2,1,2026-09-02T00:00:00,2027-03-19T23:59:59,29229736433;29229956720,"C=GB, O=Sectigo Limited, CN=Sectigo Public Server Authentication CA OV R36"
soars-sbs-1.lm.doe.gov,Yes,Yes,2,1,2026-09-03T00:00:00,2027-03-20T23:59:59,29242571214;29242569346,"C=GB, O=Sectigo Limited, CN=Sectigo Public Server Authentication CA OV R36"
soars-tub-1.lm.doe.gov,Yes,Yes,2,1,2026-09-02T00:00:00,2027-03-19T23:59:59,29229943773;29229942757,"C=GB, O=Sectigo Limited, CN=Sectigo Public Server Authentication CA OV R36"
soars-tub-2.lm.doe.gov,Yes,Yes,2,1,2026-09-02T00:00:00,2027-03-19T23:59:59,29229539912;29229946107,"C=GB, O=Sectigo Limited, CN=Sectigo Public Server Authentication CA OV R36"
soars-wel-1.lm.doe.gov,Yes,Yes,2,1,2026-09-02T00:00:00,2027-03-19T23:59:59,29229935895;29229717034,"C=GB, O=Sectigo Limited, CN=Sectigo Public Server Authentication CA OV R36"
soars-wel-2.lm.doe.gov,Yes,Yes,2,1,2026-09-02T00:00:00,2027-03-19T23:59:59,29229937520;29229939084,"C=GB, O=Sectigo Limited, CN=Sectigo Public Server Authentication CA OV R36"
soars.lm.doe.gov,Yes,Yes,4,1,2025-09-22T00:00:00,2026-10-10T23:59:59,21248703726;21199032214;21248687165;21199031805,"C=GB, O=Sectigo Limited, CN=Sectigo Public Server Authentication CA OV R36"
soc.doe.gov,Yes,Yes,4,1,2026-09-22T00:00:00,2027-04-08T23:59:59,29549775698;29519128021;29518811671;29520085729,"C=CA, O=Entrust Limited, CN=Entrust OV TLS Issuing RSA CA 2"
sord.nv.doe.gov,Yes,Yes,2,1,2026-02-11T00:00:00,2027-03-13T23:59:59,24340660088;24340660106,"C=CA, O=Entrust Limited, CN=Entrust OV TLS Issuing RSA CA 2"
sparta.ee.doe.gov,Yes,Yes,2,1,2026-04-13T00:00:00,2026-10-28T23:59:59,25528777878;25867430106,"C=CA, O=Entrust Limited, CN=Entrust OV TLS Issuing RSA CA 2"
sponsor-guest.pantex.com,Yes,No,2,1,2026-09-11T00:00:00,2027-03-28T23:59:59,29361103039;29361102976,"C=CA, O=Entrust Limited, CN=Entrust OV TLS Issuing RSA CA 2"
sponsor-y12-guest.onenet.cns.doe.gov,No,Yes,1,1,2026-04-01T00:00:00,2026-10-16T23:59:59,25303986654,"C=US, O=DigiCert Inc, CN=DigiCert Global G2 TLS RSA SHA256 2020 CA1"
spots.doe.gov,Yes,Yes,2,1,2026-03-03T00:00:00,2027-03-03T23:59:59,24763828426;24763828351,"C=CA, O=Entrust Limited, CN=Entrust OV TLS Issuing RSA CA 2"
spr-ise-a.spr.doe.gov,Yes,Yes,1,1,2026-06-15T13:25:30,2026-12-31T13:24:30,27206665515,"C=US, O=IdenTrust, OU=HydrantID Trusted Certificate Service, CN=HydrantID Server CA O1"
spr-ise-b.spr.doe.gov,Yes,Yes,1,1,2026-01-20T14:42:35,2027-02-19T14:41:35,23881921045,"C=US, O=IdenTrust, OU=HydrantID Trusted Certificate Service, CN=HydrantID Server CA O1"
spr-ise-t.spr.doe.gov,Yes,Yes,1,1,2026-09-14T11:38:36,2027-04-01T11:37:36,29419226446,"C=US, O=IdenTrust, OU=HydrantID Trusted Certificate Service, CN=HydrantID Server CA O1"
spr-sp19-oos1-p.spr.doe.gov,Yes,Yes,1,1,2026-03-05T21:49:16,2027-04-04T21:48:16,24806596960,"C=US, O=IdenTrust, OU=HydrantID Trusted Certificate Service, CN=HydrantID Server CA O1"
spr-sp19-oos1-t.spr.doe.gov,Yes,Yes,1,1,2026-03-05T21:43:44,2027-04-04T21:42:44,24806595544,"C=US, O=IdenTrust, OU=HydrantID Trusted Certificate Service, CN=HydrantID Server CA O1"
spr-sp19-oos2-p.spr.doe.gov,Yes,Yes,1,1,2026-03-05T21:56:37,2027-04-04T21:55:37,24806599478,"C=US, O=IdenTrust, OU=HydrantID Trusted Certificate Service, CN=HydrantID Server CA O1"
spr-sw-mgmt.spr.doe.gov,Yes,Yes,1,1,2025-11-25T16:18:58,2026-12-25T16:17:58,22726771549,"C=US, O=IdenTrust, OU=HydrantID Trusted Certificate Service, CN=HydrantID Server CA O1"
sprwwwtest.spr.doe.gov,Yes,Yes,1,1,2026-01-28T14:16:38,2027-02-27T14:15:38,24036489017,"C=US, O=IdenTrust, OU=HydrantID Trusted Certificate Service, CN=HydrantID Server CA O1"
ssims-auth-tn1.doe.gov,Yes,Yes,2,1,2026-07-28T00:00:00,2027-02-11T23:59:59,28323989266;28323988777,"C=CA, O=Entrust Limited, CN=Entrust OV TLS Issuing RSA CA 2"
ssims-auth-tn2.doe.gov,Yes,Yes,2,1,2026-07-28T00:00:00,2027-02-11T23:59:59,28323989501;28323988778,"C=CA, O=Entrust Limited, CN=Entrust OV TLS Issuing RSA CA 2"
ssimsalpha.doe.gov,Yes,Yes,2,1,2026-01-12T00:00:00,2027-01-12T23:59:59,23727717148;23727720344,"C=CA, O=Entrust Limited, CN=Entrust OV TLS Issuing RSA CA 2"
ssimstraining.doe.gov,Yes,Yes,2,1,2026-08-19T00:00:00,2027-03-05T23:59:59,28834790327;28857610717,"C=CA, O=Entrust Limited, CN=Entrust OV TLS Issuing RSA CA 2"
sso.cns.doe.gov,Yes,Yes,2,1,2025-10-13T00:00:00,2026-10-13T23:59:59,21691819320;21714349879,"C=US, O=DigiCert Inc, CN=DigiCert Global G2 TLS RSA SHA256 2020 CA1"
sso.pantex.doe.gov,Yes,Yes,2,1,2026-07-22T00:00:00,2027-02-05T23:59:59,28158655425;28158663281,"C=CA, O=Entrust Limited, CN=Entrust OV TLS Issuing RSA CA 2"
sso1.pantex.doe.gov,No,Yes,2,1,2026-07-22T00:00:00,2027-02-05T23:59:59,28158655425;28158663281,"C=CA, O=Entrust Limited, CN=Entrust OV TLS Issuing RSA CA 2"
sso2.cns.doe.gov,No,Yes,2,1,2025-10-13T00:00:00,2026-10-13T23:59:59,21691819320;21714349879,"C=US, O=DigiCert Inc, CN=DigiCert Global G2 TLS RSA SHA256 2020 CA1"
sso2.pantex.doe.gov,No,Yes,2,1,2026-07-22T00:00:00,2027-02-05T23:59:59,28158655425;28158663281,"C=CA, O=Entrust Limited, CN=Entrust OV TLS Issuing RSA CA 2"
stage-eere-intranet2.ee.doe.gov,Yes,Yes,2,1,2025-10-28T00:00:00,2026-10-30T23:59:59,22062365432;22062338151,"C=CA, O=Entrust Limited, CN=Entrust OV TLS Issuing RSA CA 2"
stage.abq.doe.gov,Yes,Yes,2,1,2026-08-03T00:00:00,2027-02-17T23:59:59,28498757335;28498760611,"C=CA, O=Entrust Limited, CN=Entrust OV TLS Issuing RSA CA 2"
stage.na.doe.gov,Yes,Yes,2,1,2026-04-29T00:00:00,2026-11-13T23:59:59,25912440907;26096638108,"C=CA, O=Entrust Limited, CN=Entrust OV TLS Issuing RSA CA 2"
staging.arcgis.netl.doe.gov,Yes,Yes,2,1,2026-07-28T00:00:00,2027-02-11T23:59:59,28328765143;28328762962,"C=GB, O=Sectigo Limited, CN=Sectigo Public Server Authentication CA OV R36"
stagingca-doeQA.ee.doe.gov,Yes,Yes,2,1,2026-01-16T00:00:00,2027-01-22T23:59:59,23806188969;23806189417,"C=CA, O=Entrust Limited, CN=Entrust OV TLS Issuing RSA CA 2"
standards.doe.gov,Yes,Yes,1,1,2026-09-02T08:47:41,2026-12-01T09:47:37,29568196198,"C=US, O=Google Trust Services, CN=WR1"
starsio.doe.gov,Yes,Yes,2,1,2026-01-06T00:00:00,2027-01-06T23:59:59,23595538742;23595538951,"C=CA, O=Entrust Limited, CN=Entrust OV TLS Issuing RSA CA 2"
status.pars.doe.gov,No,Yes,1,1,2026-08-26T23:24:33,2026-11-24T23:24:32,29402035435,"C=US, O=Let's Encrypt, CN=YR2"
storefront.cns.doe.gov,No,Yes,1,1,2026-09-01T00:00:00,2027-03-18T23:59:59,29208829889,"C=US, O=DigiCert Inc, CN=DigiCert Global G2 TLS RSA SHA256 2020 CA1"
strpsp4.doe.gov,Yes,Yes,2,1,2025-11-25T00:00:00,2026-12-27T23:59:59,22748532935;22726032939,"C=US, O=DigiCert Inc, CN=DigiCert Global G2 TLS RSA SHA256 2020 CA1"
sts.lm.doe.gov,Yes,Yes,2,1,2026-09-24T00:00:00,2027-04-10T23:59:59,29561414879;29564988978,"C=GB, O=Sectigo Limited, CN=Sectigo Public Server Authentication CA OV R36"
sts.sepa.doe.gov,Yes,Yes,2,1,2025-12-03T00:00:00,2027-01-03T23:59:59,22888454903;22888454253,"C=CA, O=Entrust Limited, CN=Entrust DV TLS Issuing RSA CA 2"
supplier.kcnsc.doe.gov,Yes,Yes,2,1,2026-05-26T00:00:00,2027-01-22T23:59:59,27785417190;26656414508,"C=US, O=DigiCert Inc, CN=DigiCert Global G2 TLS RSA SHA256 2020 CA1"
support.pars.doe.gov,Yes,Yes,6,2,2026-07-18T20:24:16,2026-12-14T23:03:43,28048262645;29499562321;28047893326;28048259204;28047889531;28049512566,"C=US, O=Google Trust Services, CN=WE1;C=US, O=Google Trust Services, CN=WR1"
sustainabilitydashboard-test.doe.gov,Yes,Yes,2,1,2026-02-17T00:00:00,2027-02-17T23:59:59,24472226297;24472227406,"C=CA, O=Entrust Limited, CN=Entrust OV TLS Issuing RSA CA 2"
sustainabilitydashboard.doe.gov,Yes,Yes,2,1,2026-03-24T00:00:00,2026-10-08T23:59:59,25192759119;25192748220,"C=CA, O=Entrust Limited, CN=Entrust OV TLS Issuing RSA CA 2"
systemdocumentation-dev.nest.doe.gov,Yes,Yes,2,1,2026-09-16T00:00:00,2027-03-16T23:59:59,29438858617;29448393933,"C=US, O=DigiCert Inc, OU=www.digicert.com, CN=GeoTrust TLS RSA CA G1"
systemdocumentation.nest.doe.gov,Yes,Yes,2,1,2026-09-17T00:00:00,2027-03-17T23:59:59,29442579895;29457176720,"C=US, O=DigiCert Inc, OU=www.digicert.com, CN=GeoTrust TLS RSA CA G1"
tak-dev.nest.doe.gov,Yes,Yes,1,1,2025-12-03T19:30:25,2026-12-03T19:30:25,22890622043,"C=US, ST=Arizona, L=Scottsdale, O=""GoDaddy.com, Inc."", OU=http://certs.godaddy.com/repository/, CN=Go Daddy Secure Certificate Authority - G2"
tak-test.nest.doe.gov,Yes,Yes,1,1,2025-12-03T19:31:08,2026-12-03T19:31:08,22890632356,"C=US, ST=Arizona, L=Scottsdale, O=""GoDaddy.com, Inc."", OU=http://certs.godaddy.com/repository/, CN=Go Daddy Secure Certificate Authority - G2"
tak.doe.gov,Yes,Yes,2,1,2026-01-06T00:00:00,2027-01-06T23:59:59,23589625945;23589627180,"C=CA, O=Entrust Limited, CN=Entrust OV TLS Issuing RSA CA 2"
tak.nest.doe.gov,Yes,Yes,2,1,2026-07-01T18:44:45,2027-01-15T18:44:45,27624315871;27624306268,"C=US, O=GoDaddy.com, CN=GoDaddy TLS Intermediate CA DV - R1v1"
takauth.nest.doe.gov,Yes,Yes,2,1,2026-07-01T18:46:25,2027-01-15T18:46:25,27624372361;27624336400,"C=US, O=GoDaddy.com, CN=GoDaddy TLS Intermediate CA DV - R1v1"
tce.spr.doe.gov,No,Yes,2,1,2026-04-07T13:12:41,2027-04-08T11:49:40,25609738774;29530018660,"C=US, O=IdenTrust, OU=HydrantID Trusted Certificate Service, CN=HydrantID Server CA O1"
tce3.spr.doe.gov,Yes,Yes,1,1,2026-04-20T11:24:00,2026-11-05T11:23:00,26036403097,"C=US, O=IdenTrust, OU=HydrantID Trusted Certificate Service, CN=HydrantID Server CA O1"
tceint.spr.doe.gov,Yes,Yes,1,1,2026-06-11T18:12:46,2026-12-27T18:11:46,27095654826,"C=US, O=IdenTrust, OU=HydrantID Trusted Certificate Service, CN=HydrantID Server CA O1"
tcev.spr.doe.gov,Yes,Yes,2,1,2025-09-08T14:46:00,2027-04-08T11:49:40,20876128325;29530018660,"C=US, O=IdenTrust, OU=HydrantID Trusted Certificate Service, CN=HydrantID Server CA O1"
teams.github.doe.gov,No,Yes,2,1,2026-07-30T00:00:00,2027-02-13T23:59:59,28386874173;28386873601,"C=CA, O=Entrust Limited, CN=Entrust OV TLS Issuing RSA CA 2"
teleport.sandbox.doe.gov,Yes,Yes,2,1,2026-08-21T00:00:00,2027-03-07T23:59:59,28888188799;28888225438,"C=CA, O=Entrust Limited, CN=Entrust OV TLS Issuing RSA CA 2"
testca-doetest.ee.doe.gov,Yes,Yes,2,1,2025-09-29T00:00:00,2026-10-08T23:59:59,21351473975;21351467357,"C=CA, O=Entrust Limited, CN=Entrust OV TLS Issuing RSA CA 2"
testcert001.doe.gov,Yes,Yes,102,1,2026-03-22T00:00:00,2027-01-23T23:59:59,25358285401;26040736555;26869771365;26111129799;27331898335;26980108823;25302290232;25222567730;26062434555;26296108165;26812986369;25594504644;27487042660;27381025376;26927407070;25395007328;26241168190;26190460461;25803334579;26016923244;25615479605;25141996828;25432782761;26241129280;26927298782;25935585818;27108580278;25275145203;26718753508;25843948921;27814806694;27104267471;25534899966;26563046116;27814808646;25345495225;25761034605;27036040980;25898353139;25959869619;27218864058;27435698678;25482191150;26718775621;25517021173;25743124079;27381024837;26088045517;26562996670;26338327790;26767277518;26134152028;27275451494;27165779869;26296074222;25180902402;25687636450;25827527019;26395958477;26395906472;25894775314;25571660187;27165739860;25262064081;27487042184;26451576650;26767300223;25141964982;27533482891;25263352734;25544407554;25990394282;26451515953;27218773487;25462521563;25262136179;26667276270;26360977388;25640499771;26813025930;26616458753;26129417358;26980154922;26018822290;27533482338;27435696390;26074980090;25222599400;26616498931;25180915802;26149666322;27036119448;27331901126;25304335367;25967515525;26504865420;26199739074;26174948342;26869569498;27275447951;26504900015;26667320066,"C=CA, O=Entrust Limited, CN=Entrust OV TLS Issuing RSA CA 2"
testvdi.kcnsc.doe.gov,Yes,Yes,1,1,2026-07-27T00:00:00,2027-02-09T23:59:59,28294408137,"C=US, O=DigiCert Inc, CN=DigiCert Global G2 TLS RSA SHA256 2020 CA1"
tnl.lm.doe.gov,Yes,Yes,2,1,2026-07-30T00:00:00,2027-02-13T23:59:59,28377401355;28377401327,"C=GB, O=Sectigo Limited, CN=Sectigo Public Server Authentication CA OV R36"
transport.cbfo.doe.gov,No,Yes,4,1,2026-06-09T00:00:00,2026-12-24T23:59:59,27026272510;27026321407;27024908451;27024866021,"C=GB, O=Sectigo Limited, CN=Sectigo Public Server Authentication CA OV R36"
transport.wipp.doe.gov,No,Yes,4,1,2026-07-16T00:00:00,2027-02-06T23:59:59,27994510849;28190443412;28190452040;27994510793,"C=GB, O=Sectigo Limited, CN=Sectigo Public Server Authentication CA OV R36"
tuba-city.lm.doe.gov,Yes,Yes,2,1,2026-08-27T00:00:00,2027-03-13T23:59:59,29083670469;29083671285,"C=GB, O=Sectigo Limited, CN=Sectigo Public Server Authentication CA OV R36"
ucorteams1.orcc.doe.gov,Yes,Yes,1,1,2026-05-27T15:34:59,2026-12-11T15:34:59,26684131579,"C=US, ST=Texas, L=Houston, O=SSL Corporation, CN=SSL.com RSA SSL subCA"
uploads.github.doe.gov,No,Yes,2,1,2026-07-30T00:00:00,2027-02-13T23:59:59,28386874173;28386873601,"C=CA, O=Entrust Limited, CN=Entrust OV TLS Issuing RSA CA 2"
upo.doe.gov,No,Yes,1,1,2026-09-21T00:00:00,2027-04-07T23:59:59,29534387607,"C=US, O=DigiCert Inc, CN=DigiCert Global G2 TLS RSA SHA256 2020 CA1"
uptxpa-isepsn01.onenet.cns.doe.gov,No,Yes,2,1,2026-09-11T00:00:00,2027-03-28T23:59:59,29361103039;29361102976,"C=CA, O=Entrust Limited, CN=Entrust OV TLS Issuing RSA CA 2"
us-ukvisits.doe.gov,Yes,Yes,2,1,2026-03-12T00:00:00,2027-03-12T23:59:59,24942338130;24942336563,"C=CA, O=Entrust Limited, CN=Entrust OV TLS Issuing RSA CA 2"
userroleguide-dev.nest.doe.gov,Yes,Yes,1,1,2026-09-17T00:00:00,2027-03-17T23:59:59,29477344197,"C=US, O=DigiCert Inc, OU=www.digicert.com, CN=GeoTrust TLS RSA CA G1"
userroleguide.nest.doe.gov,Yes,Yes,2,1,2026-09-17T00:00:00,2027-03-17T23:59:59,29457194304;29442590451,"C=US, O=DigiCert Inc, OU=www.digicert.com, CN=GeoTrust TLS RSA CA G1"
ussims-auth-p1.doe.gov,Yes,Yes,2,1,2026-02-23T00:00:00,2027-02-23T23:59:59,24599718236;24599717747,"C=CA, O=Entrust Limited, CN=Entrust OV TLS Issuing RSA CA 2"
ussims.doe.gov,Yes,Yes,2,1,2026-08-19T00:00:00,2027-03-05T23:59:59,28857614832;28834789948,"C=CA, O=Entrust Limited, CN=Entrust OV TLS Issuing RSA CA 2"
uy12pa-isepanDMZCaptive.onenet.cns.doe.gov,Yes,Yes,1,1,2026-04-01T00:00:00,2026-10-16T23:59:59,25303986654,"C=US, O=DigiCert Inc, CN=DigiCert Global G2 TLS RSA SHA256 2020 CA1"
vadbweb.doe.gov,Yes,Yes,2,1,2026-03-12T00:00:00,2027-03-12T23:59:59,24942306752;24942305634,"C=CA, O=Entrust Limited, CN=Entrust OV TLS Issuing RSA CA 2"
variant-explorer.jgi.doe.gov,Yes,Yes,2,1,2026-02-24T00:00:00,2027-02-24T23:59:59,24622985987;24622985886,"C=US, O=Internet2, CN=InCommon RSA Server CA 2"
vass.y12.doe.gov,Yes,Yes,1,1,2025-10-13T00:00:00,2026-10-13T23:59:59,21695526545,"C=US, O=DigiCert Inc, CN=DigiCert Global G2 TLS RSA SHA256 2020 CA1"
vdi.doe.gov,Yes,Yes,2,1,2026-06-12T00:00:00,2026-12-27T23:59:59,27124886169;27129279529,"C=CA, O=Entrust Limited, CN=Entrust OV TLS Issuing RSA CA 2"
vdi.kcnsc.doe.gov,Yes,Yes,1,1,2026-08-13T00:00:00,2027-02-27T23:59:59,28774729052,"C=US, O=DigiCert Inc, CN=DigiCert Global G2 TLS RSA SHA256 2020 CA1"
vdidoei.kcnsc.doe.gov,Yes,Yes,1,1,2025-11-20T00:00:00,2026-11-19T23:59:59,22617781404,"C=US, O=DigiCert Inc, CN=DigiCert Global G2 TLS RSA SHA256 2020 CA1"
venonat.jgi.doe.gov,Yes,Yes,2,1,2025-10-27T00:00:00,2026-10-27T23:59:59,22047654994;22047639877,"C=US, O=Internet2, CN=InCommon RSA Server CA 2"
vgw.doe.gov,Yes,Yes,6,1,2026-06-27T00:00:00,2027-01-11T23:59:59,27526742837;27526745571;27525182140;27525520477;27525185065;27525522446,"C=CA, O=Entrust Limited, CN=Entrust OV TLS Issuing RSA CA 2"
vgw1.doe.gov,No,Yes,6,1,2026-06-27T00:00:00,2027-01-11T23:59:59,27526742837;27526745571;27525182140;27525520477;27525185065;27525522446,"C=CA, O=Entrust Limited, CN=Entrust OV TLS Issuing RSA CA 2"
vgw2.doe.gov,No,Yes,6,1,2026-06-27T00:00:00,2027-01-11T23:59:59,27526742837;27526745571;27525182140;27525520477;27525185065;27525522446,"C=CA, O=Entrust Limited, CN=Entrust OV TLS Issuing RSA CA 2"
video.doe.gov,Yes,Yes,2,1,2026-02-27T00:00:00,2027-02-27T23:59:59,24684155752;24684156127,"C=CA, O=Entrust Limited, CN=Entrust DV TLS Issuing RSA CA 2"
viewscreen.github.doe.gov,No,Yes,2,1,2026-07-30T00:00:00,2027-02-13T23:59:59,28386874173;28386873601,"C=CA, O=Entrust Limited, CN=Entrust OV TLS Issuing RSA CA 2"
visit.pantex.doe.gov,Yes,Yes,2,1,2025-10-01T00:00:00,2026-11-01T23:59:59,21401781894;21401767575,"C=CA, O=Entrust Limited, CN=Entrust DV TLS Issuing RSA CA 2"
visit.y12.doe.gov,Yes,Yes,1,1,2026-09-10T00:00:00,2027-03-27T23:59:59,29333317291,"C=US, O=DigiCert Inc, CN=DigiCert Global G2 TLS RSA SHA256 2020 CA1"
visitor.y12.doe.gov,No,Yes,1,1,2025-10-13T00:00:00,2026-10-13T23:59:59,21695526545,"C=US, O=DigiCert Inc, CN=DigiCert Global G2 TLS RSA SHA256 2020 CA1"
vm.doe.gov,No,Yes,2,1,2026-05-30T00:00:00,2026-12-14T23:59:59,26761745058;26761769027,"C=CA, O=Entrust Limited, CN=Entrust OV TLS Issuing RSA CA 2"
vpms-01.doe.gov,Yes,Yes,2,1,2026-08-19T00:00:00,2027-03-05T23:59:59,28855867987;28830869910,"C=CA, O=Entrust Limited, CN=Entrust OV TLS Issuing RSA CA 2"
vpn-ptx-cac-gfe.pantex.doe.gov,No,Yes,4,1,2025-09-18T00:00:00,2027-03-12T23:59:59,21116085780;29058094921;21116085717;29058091345,"C=CA, O=Entrust Limited, CN=Entrust OV TLS Issuing RSA CA 2"
vpn-y12gfe.cns.doe.gov,Yes,Yes,2,1,2026-09-16T00:00:00,2027-04-02T23:59:59,29437227641;29444739978,"C=US, O=DigiCert Inc, CN=DigiCert Global G2 TLS RSA SHA256 2020 CA1"
vpn-y12nongfe.cns.doe.gov,Yes,Yes,2,1,2025-10-08T00:00:00,2027-04-09T23:59:59,21575630101;29544776412,"C=US, O=DigiCert Inc, CN=DigiCert Global G2 TLS RSA SHA256 2020 CA1"
vpn.em-la.doe.gov,Yes,Yes,2,1,2026-06-23T00:00:00,2027-01-07T23:59:59,27428272882;27428267869,"C=CA, O=Entrust Limited, CN=Entrust OV TLS Issuing RSA CA 2"
vpn.moabem.doe.gov,No,Yes,2,1,2026-08-25T00:00:00,2027-03-11T23:59:59,29030047637;29030054406,"C=CA, O=Entrust Limited, CN=Entrust OV TLS Issuing RSA CA 2"
vpn.oem.doe.gov,Yes,Yes,2,1,2026-09-14T00:00:00,2027-03-31T23:59:59,29421714052;29421714665,"C=GB, O=Sectigo Limited, CN=Sectigo Public Server Authentication CA OV R36"
vpn.pantex.doe.gov,Yes,Yes,4,2,2026-08-26T00:00:00,2027-03-13T23:59:59,29083710045;29058094921;29083708403;29058091345,"C=CA, O=Entrust Limited, CN=Entrust OV TLS Issuing ECC CA 2;C=CA, O=Entrust Limited, CN=Entrust OV TLS Issuing RSA CA 2"
vpn.sepa.doe.gov,Yes,Yes,2,1,2026-02-11T00:00:00,2027-02-13T23:59:59,24339339330;24339341921,"C=CA, O=Entrust Limited, CN=Entrust DV TLS Issuing RSA CA 2"
vpne.sepa.doe.gov,No,Yes,2,1,2026-02-11T00:00:00,2027-02-13T23:59:59,24339339330;24339341921,"C=CA, O=Entrust Limited, CN=Entrust DV TLS Issuing RSA CA 2"
vpnw.sepa.doe.gov,No,Yes,2,1,2026-02-11T00:00:00,2027-02-13T23:59:59,24339339330;24339341921,"C=CA, O=Entrust Limited, CN=Entrust DV TLS Issuing RSA CA 2"
vsp.lm.doe.gov,Yes,Yes,2,1,2025-10-30T00:00:00,2026-10-30T23:59:59,22100916108;22100930647,"C=GB, O=Sectigo Limited, CN=Sectigo Public Server Authentication CA OV R36"
vstfs.ee.doe.gov,Yes,Yes,2,1,2026-02-13T00:00:00,2027-02-19T23:59:59,24381674695;24381673869,"C=CA, O=Entrust Limited, CN=Entrust OV TLS Issuing RSA CA 2"
vueproxy.netl.doe.gov,Yes,Yes,2,1,2026-06-04T00:00:00,2026-12-19T23:59:59,26889764636;26889860338,"C=GB, O=Sectigo Limited, CN=Sectigo Public Server Authentication CA OV R36"
wdacs.doe.gov,Yes,Yes,2,1,2026-03-12T00:00:00,2027-03-12T23:59:59,24942305763;24942305567,"C=CA, O=Entrust Limited, CN=Entrust OV TLS Issuing RSA CA 2"
webapps.eia.doe.gov,Yes,Yes,2,1,2025-10-16T00:00:00,2026-11-16T23:59:59,21766857285;21766885777,"C=CA, O=Entrust Limited, CN=Entrust OV TLS Issuing RSA CA 2"
webeoc.doe.gov,Yes,Yes,8,1,2026-08-10T00:00:00,2027-03-17T23:59:59,28772818355;28836874707;28855863928;29201026932;29201020269;28709518731;28774095863;28709513067,"C=CA, O=Entrust Limited, CN=Entrust OV TLS Issuing RSA CA 2"
webeocnp.nv.doe.gov,Yes,Yes,2,1,2025-10-06T00:00:00,2026-10-06T23:59:59,21527428519;21527423884,"C=CA, O=Entrust Limited, CN=Entrust OV TLS Issuing RSA CA 2"
webmail.cbfo.doe.gov,No,Yes,4,1,2026-06-09T00:00:00,2026-12-24T23:59:59,27026272510;27026321407;27024908451;27024866021,"C=GB, O=Sectigo Limited, CN=Sectigo Public Server Authentication CA OV R36"
webmail.osc.doe.gov,No,Yes,2,1,2026-05-28T00:00:00,2026-12-12T23:59:59,26693396595;26693359928,"C=GB, O=Sectigo Limited, CN=Sectigo Public Server Authentication CA OV R36"
wg-01.doe.gov,Yes,Yes,2,1,2026-02-20T00:00:00,2027-02-20T23:59:59,24536039759;24536038293,"C=CA, O=Entrust Limited, CN=Entrust OV TLS Issuing RSA CA 2"
wildcard.cms.doe.gov,No,Yes,8,1,2025-10-28T00:00:00,2027-03-04T23:59:59,24787946865;24782902929;24782886786;22063241731;24782901107;24782886472;22063254653;24787945870,"C=CA, O=Entrust Limited, CN=Entrust OV TLS Issuing RSA CA 2"
wipp.doe.gov,Yes,Yes,2,1,2026-07-07T00:00:00,2026-10-05T23:59:59,27765749724;27765757471,"C=GB, O=Sectigo Limited, CN=Sectigo Public Server Authentication CA DV R36"
workflow-test.spr.doe.gov,Yes,Yes,2,1,2025-10-07T21:20:13,2026-11-06T21:19:13,25535611166;21556156889,"C=US, O=IdenTrust, OU=HydrantID Trusted Certificate Service, CN=HydrantID Server CA O1"
workflow.spr.doe.gov,Yes,Yes,1,1,2026-04-06T00:38:33,2026-10-22T00:37:33,25535857714,"C=US, O=IdenTrust, OU=HydrantID Trusted Certificate Service, CN=HydrantID Server CA O1"
ws-access-dev.jgi.doe.gov,Yes,Yes,2,1,2025-11-14T00:00:00,2026-11-14T23:59:59,22453884190;22453871479,"C=US, O=Internet2, CN=InCommon RSA Server CA 2"
ws-access-int.jgi.doe.gov,Yes,Yes,2,1,2025-11-14T00:00:00,2026-11-14T23:59:59,22453871177;22453901762,"C=US, O=Internet2, CN=InCommon RSA Server CA 2"
ws-access-test.jgi.doe.gov,Yes,Yes,4,1,2025-11-14T00:00:00,2027-01-03T23:59:59,23525043325;23525043075;22453887209;22453901665,"C=US, O=Internet2, CN=InCommon RSA Server CA 2"
ws-access.jgi.doe.gov,Yes,Yes,2,1,2025-11-14T00:00:00,2026-11-14T23:59:59,22453883915;22453901802,"C=US, O=Internet2, CN=InCommon RSA Server CA 2"
ws1portal.y12nsc.doe.gov,Yes,Yes,4,1,2025-10-07T00:00:00,2027-04-01T23:59:59,21554630248;29436117587;29484833459;29432237356,"C=US, O=DigiCert Inc, CN=DigiCert Global G2 TLS RSA SHA256 2020 CA1"
wvphaseonestudies.emcbc.doe.gov,Yes,Yes,2,1,2026-02-09T00:00:00,2027-02-09T23:59:59,24287947101;24287947990,"C=CA, O=Entrust Limited, CN=Entrust OV TLS Issuing RSA CA 2"
www.FTP2.netl.doe.gov,Yes,Yes,2,1,2026-04-13T00:00:00,2026-10-28T23:59:59,25525612439;25858507588,"C=CA, O=Entrust Limited, CN=Entrust OV TLS Issuing RSA CA 2"
www.aitoolbox-dev.doe.gov,No,Yes,4,1,2026-02-23T00:00:00,2027-03-04T23:59:59,24602584265;24602583489;24784729210;24784729123,"C=CA, O=Entrust Limited, CN=Entrust OV TLS Issuing RSA CA 2"
www.aitoolbox.doe.gov,No,Yes,2,1,2026-03-11T00:00:00,2027-03-11T23:59:59,24923436622;24923436089,"C=CA, O=Entrust Limited, CN=Entrust OV TLS Issuing RSA CA 2"
www.aphelper.doe.gov,Yes,Yes,2,1,2026-04-08T00:00:00,2026-10-23T23:59:59,25506910302;25446290843,"C=US, O=DigiCert Inc, CN=DigiCert Global G2 TLS RSA SHA256 2020 CA1"
www.api.aitoolbox-dev.doe.gov,No,Yes,2,1,2026-03-04T00:00:00,2027-03-04T23:59:59,24784729210;24784729123,"C=CA, O=Entrust Limited, CN=Entrust OV TLS Issuing RSA CA 2"
www.arcgis.netl.doe.gov,No,Yes,2,1,2026-06-18T00:00:00,2027-01-02T23:59:59,27297073992;27297082377,"C=GB, O=Sectigo Limited, CN=Sectigo Public Server Authentication CA OV R36"
www.arlsord.nv.doe.gov,No,Yes,2,1,2026-09-17T00:00:00,2027-04-03T23:59:59,29478810497;29442655790,"C=GB, O=Sectigo Limited, CN=Sectigo Public Server Authentication CA OV R36"
www.bbsc-dev.ee.doe.gov,No,Yes,2,1,2026-05-18T00:00:00,2026-12-02T23:59:59,26443366910;26443544220,"C=CA, O=Entrust Limited, CN=Entrust OV TLS Issuing RSA CA 2"
www.bbsc-stage.ee.doe.gov,No,Yes,2,1,2025-11-10T00:00:00,2026-11-15T23:59:59,22364111243;22364093396,"C=CA, O=Entrust Limited, CN=Entrust OV TLS Issuing RSA CA 2"
www.bm.lm.doe.gov,No,Yes,2,1,2025-12-01T00:00:00,2026-12-16T23:59:59,22841681553;22841666801,"C=GB, O=Sectigo Limited, CN=Sectigo Public Server Authentication CA OV R36"
www.cawwt01.lm.doe.gov,No,Yes,2,1,2026-08-11T00:00:00,2027-02-25T23:59:59,28745156938;28745156850,"C=GB, O=Sectigo Limited, CN=Sectigo Public Server Authentication CA OV R36"
www.cdn.lm.doe.gov,No,Yes,2,1,2025-09-22T00:00:00,2026-10-10T23:59:59,21199129648;21199129390,"C=GB, O=Sectigo Limited, CN=Sectigo Public Server Authentication CA OV R36"
www.citrix-test.netl.doe.gov,No,Yes,2,1,2025-10-31T00:00:00,2026-12-01T23:59:59,22121982269;22122010098,"C=CA, O=Entrust Limited, CN=Entrust OV TLS Issuing RSA CA 2"
www.citrix-testcb.netl.doe.gov,No,Yes,2,1,2025-10-31T00:00:00,2026-12-01T23:59:59,22122101103;22122113441,"C=CA, O=Entrust Limited, CN=Entrust OV TLS Issuing RSA CA 2"
www.citrix-testsc.netl.doe.gov,No,Yes,2,1,2025-10-31T00:00:00,2026-12-01T23:59:59,22122151569;22122164272,"C=CA, O=Entrust Limited, CN=Entrust DV TLS Issuing RSA CA 2"
www.citrixalb-cb.netl.doe.gov,No,Yes,2,1,2025-10-31T00:00:00,2026-12-01T23:59:59,22121345135;22121317709,"C=CA, O=Entrust Limited, CN=Entrust OV TLS Issuing RSA CA 2"
www.citrixalb-rs.netl.doe.gov,No,Yes,2,1,2025-10-31T00:00:00,2026-12-01T23:59:59,22121371471;22121345836,"C=CA, O=Entrust Limited, CN=Entrust OV TLS Issuing RSA CA 2"
www.citrixalb-sc.netl.doe.gov,No,Yes,2,1,2025-10-31T00:00:00,2026-12-01T23:59:59,22121411053;22121398847,"C=CA, O=Entrust Limited, CN=Entrust OV TLS Issuing RSA CA 2"
www.citrixmgn-cb.netl.doe.gov,No,Yes,2,1,2025-10-31T00:00:00,2026-12-01T23:59:59,22121425692;22121437452,"C=CA, O=Entrust Limited, CN=Entrust OV TLS Issuing RSA CA 2"
www.citrixmgn-rs.netl.doe.gov,No,Yes,2,1,2025-10-31T00:00:00,2026-12-01T23:59:59,22121452487;22121462345,"C=CA, O=Entrust Limited, CN=Entrust OV TLS Issuing RSA CA 2"
www.citrixmgn-sc.netl.doe.gov,No,Yes,2,1,2025-10-31T00:00:00,2026-12-01T23:59:59,22121500445;22121488142,"C=CA, O=Entrust Limited, CN=Entrust OV TLS Issuing RSA CA 2"
www.citrixpgh-cb.netl.doe.gov,No,Yes,2,1,2025-10-31T00:00:00,2026-12-01T23:59:59,22121601230;22121588088,"C=CA, O=Entrust Limited, CN=Entrust OV TLS Issuing RSA CA 2"
www.citrixpgh-rs.netl.doe.gov,No,Yes,2,1,2025-10-31T00:00:00,2026-12-01T23:59:59,22121666220;22121654339,"C=CA, O=Entrust Limited, CN=Entrust OV TLS Issuing RSA CA 2"
www.citrixpgh-sc.netl.doe.gov,No,Yes,2,1,2025-10-31T00:00:00,2026-12-01T23:59:59,22121843719;22121833278,"C=CA, O=Entrust Limited, CN=Entrust DV TLS Issuing RSA CA 2"
www.cps.ee.doe.gov,No,Yes,2,1,2026-06-17T00:00:00,2027-01-01T23:59:59,27261130595;27261130885,"C=GB, O=Sectigo Limited, CN=Sectigo Public Server Authentication CA OV R36"
www.cpsweb.ee.doe.gov,No,Yes,2,1,2026-07-02T00:00:00,2027-01-16T23:59:59,27647221018;27647210123,"C=GB, O=Sectigo Limited, CN=Sectigo Public Server Authentication CA OV R36"
www.ctsedwweb.ee.doe.gov,No,Yes,2,1,2026-06-18T00:00:00,2027-01-02T23:59:59,27291510740;27291510246,"C=GB, O=Sectigo Limited, CN=Sectigo Public Server Authentication CA OV R36"
www.dev.arcgis.netl.doe.gov,No,Yes,2,1,2026-06-24T00:00:00,2027-01-08T23:59:59,27455364218;27455363655,"C=GB, O=Sectigo Limited, CN=Sectigo Public Server Authentication CA OV R36"
www.directives.doe.gov,Yes,Yes,1,1,2026-09-01T23:11:59,2026-12-01T00:09:32,29558662736,"C=US, O=Google Trust Services, CN=WR1"
www.dmasrs-test.doe.gov,No,Yes,2,1,2026-02-23T00:00:00,2027-02-23T23:59:59,24602944546;24602944077,"C=CA, O=Entrust Limited, CN=Entrust OV TLS Issuing RSA CA 2"
www.dms.wv.doe.gov,Yes,Yes,5,1,2025-10-20T00:00:00,2027-04-10T23:59:59,29565195263;21855398384;21854249724;21854266305;21855364934,"C=CA, O=Entrust Limited, CN=Entrust OV TLS Issuing RSA CA 2"
www.doeca.ee.doe.gov,No,Yes,2,1,2026-03-04T00:00:00,2027-03-08T23:59:59,24780622564;24780621359,"C=CA, O=Entrust Limited, CN=Entrust OV TLS Issuing RSA CA 2"
www.doedigitalarchive.doe.gov,No,Yes,2,1,2026-05-21T00:00:00,2026-12-05T23:59:59,26521488282;26521445260,"C=CA, O=Entrust Limited, CN=Entrust OV TLS Issuing RSA CA 2"
www.eams.doe.gov,No,Yes,2,1,2025-11-04T00:00:00,2026-11-04T23:59:59,22206679179;22206653324,"C=CA, O=Entrust Limited, CN=Entrust OV TLS Issuing RSA CA 2"
www.ecomm.lm.doe.gov,No,Yes,2,1,2025-09-18T00:00:00,2026-10-10T23:59:59,21112524577;21112523732,"C=GB, O=Sectigo Limited, CN=Sectigo Public Server Authentication CA OV R36"
www.edxs-ai.arcgis.netl.doe.gov,No,Yes,2,1,2026-06-23T00:00:00,2027-01-07T23:59:59,27429778989;27429781640,"C=GB, O=Sectigo Limited, CN=Sectigo Public Server Authentication CA OV R36"
www.eeftp.ee.doe.gov,No,Yes,2,1,2026-05-21T00:00:00,2026-12-05T23:59:59,26516515031;26516574916,"C=GB, O=Sectigo Limited, CN=Sectigo Public Server Authentication CA OV R36"
www.eere-intranet.ee.doe.gov,No,Yes,2,1,2026-06-18T00:00:00,2027-01-02T23:59:59,27291310067;27291310425,"C=GB, O=Sectigo Limited, CN=Sectigo Public Server Authentication CA OV R36"
www.eere-intranet2.ee.doe.gov,No,Yes,2,1,2026-07-08T00:00:00,2027-01-22T23:59:59,27781452776;27781449740,"C=GB, O=Sectigo Limited, CN=Sectigo Public Server Authentication CA OV R36"
www.eere-pmc-hq.ee.doe.gov,No,Yes,2,1,2026-04-28T00:00:00,2026-11-12T23:59:59,25879052338;26081019936,"C=GB, O=Sectigo Limited, CN=Sectigo Public Server Authentication CA OV R36"
www.eeredcapowerbi.ee.doe.gov,No,Yes,2,1,2026-04-13T00:00:00,2026-10-28T23:59:59,25853125615;25522683404,"C=GB, O=Sectigo Limited, CN=Sectigo Public Server Authentication CA OV R36"
www.eeredevdcapowerbi.ee.doe.gov,No,Yes,2,1,2026-04-09T00:00:00,2026-10-24T23:59:59,25462933716;25771143380,"C=GB, O=Sectigo Limited, CN=Sectigo Public Server Authentication CA OV R36"
www.eeredocman-doetest.ee.doe.gov,No,Yes,2,1,2026-06-02T00:00:00,2026-12-17T23:59:59,26833759337;26833804217,"C=GB, O=Sectigo Limited, CN=Sectigo Public Server Authentication CA OV R36"
www.eeredocman.ee.doe.gov,No,Yes,2,1,2026-06-17T00:00:00,2027-01-01T23:59:59,27267488723;27267491458,"C=GB, O=Sectigo Limited, CN=Sectigo Public Server Authentication CA OV R36"
www.eeremfareg3.ee.doe.gov,No,Yes,2,1,2026-03-31T00:00:00,2026-10-15T23:59:59,25293134922;25293135766,"C=GB, O=Sectigo Limited, CN=Sectigo Public Server Authentication CA OV R36"
www.eereprojects.ee.doe.gov,No,Yes,2,1,2026-07-02T00:00:00,2027-01-16T23:59:59,27645771689;27645770340,"C=GB, O=Sectigo Limited, CN=Sectigo Public Server Authentication CA OV R36"
www.eereqadcapowerbi.ee.doe.gov,No,Yes,2,1,2026-04-13T00:00:00,2026-10-28T23:59:59,25853572826;25522836396,"C=GB, O=Sectigo Limited, CN=Sectigo Public Server Authentication CA OV R36"
www.eeresystemhelp.ee.doe.gov,No,Yes,2,1,2026-07-06T00:00:00,2027-01-20T23:59:59,27737399666;27737395233,"C=GB, O=Sectigo Limited, CN=Sectigo Public Server Authentication CA OV R36"
www.em.doe.gov,No,Yes,2,1,2026-05-21T00:00:00,2026-12-05T23:59:59,26521488282;26521445260,"C=CA, O=Entrust Limited, CN=Entrust OV TLS Issuing RSA CA 2"
www.embudget.doe.gov,No,Yes,2,1,2026-03-03T00:00:00,2027-03-03T23:59:59,24761334472;24761334937,"C=CA, O=Entrust Limited, CN=Entrust OV TLS Issuing RSA CA 2"
www.emcbc.doe.gov,No,Yes,2,1,2026-05-27T00:00:00,2026-12-11T23:59:59,26686777746;26686803390,"C=CA, O=Entrust Limited, CN=Entrust OV TLS Issuing RSA CA 2"
www.emtraxdev.osc.doe.gov,No,Yes,1,1,2026-09-24T00:00:00,2027-04-10T23:59:59,29561687504,"C=GB, O=Sectigo Limited, CN=Sectigo Public Server Authentication CA OV R36"
www.epicdoeomtroubleshoot.ee.doe.gov,No,Yes,2,1,2026-04-02T00:00:00,2026-10-17T23:59:59,25373406945;25336929092,"C=GB, O=Sectigo Limited, CN=Sectigo Public Server Authentication CA OV R36"
www.epicdoetraining.ee.doe.gov,No,Yes,2,1,2026-04-07T00:00:00,2026-10-22T23:59:59,25440242900;25663464125,"C=GB, O=Sectigo Limited, CN=Sectigo Public Server Authentication CA OV R36"
www.epicdoeuat.ee.doe.gov,No,Yes,2,1,2025-12-08T00:00:00,2026-12-11T23:59:59,22979282716;22979262122,"C=CA, O=Entrust Limited, CN=Entrust OV TLS Issuing RSA CA 2"
www.epicexuat.ee.doe.gov,No,Yes,2,1,2025-12-08T00:00:00,2026-12-11T23:59:59,22979457955;22979442222,"C=CA, O=Entrust Limited, CN=Entrust OV TLS Issuing RSA CA 2"
www.epictfs2.ee.doe.gov,No,Yes,2,1,2025-12-08T00:00:00,2026-12-11T23:59:59,22981032025;22981047229,"C=CA, O=Entrust Limited, CN=Entrust OV TLS Issuing RSA CA 2"
www.epicuatapp.ee.doe.gov,No,Yes,2,1,2025-12-08T00:00:00,2026-12-11T23:59:59,22980473426;22980454854,"C=CA, O=Entrust Limited, CN=Entrust OV TLS Issuing RSA CA 2"
www.exdoewac.ee.doe.gov,No,Yes,2,1,2026-05-07T00:00:00,2026-11-21T23:59:59,26181992386;26146402296,"C=GB, O=Sectigo Limited, CN=Sectigo Public Server Authentication CA OV R36"
www.expc2.doe.gov,No,Yes,2,1,2026-08-23T00:00:00,2027-03-09T23:59:59,28941065027;28941079934,"C=CA, O=Entrust Limited, CN=Entrust OV TLS Issuing RSA CA 2"
www.ext.bmss.kcnsc.doe.gov,No,Yes,1,1,2026-09-03T00:00:00,2027-03-06T23:59:59,29234451047,"C=US, O=DigiCert Inc, CN=DigiCert Global G2 TLS RSA SHA256 2020 CA1"
www.federation.lm.doe.gov,No,Yes,2,1,2026-09-24T00:00:00,2027-04-10T23:59:59,29561408776;29561417125,"C=GB, O=Sectigo Limited, CN=Sectigo Public Server Authentication CA OV R36"
www.fernald-cawwt.lm.doe.gov,No,Yes,2,1,2026-04-01T00:00:00,2026-10-16T23:59:59,25310713882;25309134958,"C=GB, O=Sectigo Limited, CN=Sectigo Public Server Authentication CA OV R36"
www.fims.doe.gov,No,Yes,2,1,2026-02-07T00:00:00,2027-03-07T23:59:59,24233228870;24232774248,"C=US, O=Amazon, CN=Amazon RSA 2048 M04"
www.fs.bolt-int.ee.doe.gov,No,Yes,2,1,2026-05-20T00:00:00,2026-12-04T23:59:59,26494227020;26494332474,"C=GB, O=Sectigo Limited, CN=Sectigo Public Server Authentication CA OV R36"
www.fs.cbfo.doe.gov,No,Yes,2,1,2026-08-20T00:00:00,2027-03-06T23:59:59,28864144821;28868816449,"C=CA, O=Entrust Limited, CN=Entrust OV TLS Issuing RSA CA 2"
www.fs.emcbc.doe.gov,No,Yes,2,1,2026-01-05T00:00:00,2026-12-27T23:59:59,23567789269;23567772457,"C=CA, O=Entrust Limited, CN=Entrust OV TLS Issuing RSA CA 2"
www.gateway-y12.cns.doe.gov,No,Yes,1,1,2026-09-01T00:00:00,2027-03-18T23:59:59,29208332034,"C=US, O=DigiCert Inc, CN=DigiCert Global G2 TLS RSA SHA256 2020 CA1"
www.gems.lm.doe.gov,No,Yes,2,1,2025-09-22T00:00:00,2026-10-11T23:59:59,21199154778;21199154294,"C=GB, O=Sectigo Limited, CN=Sectigo Public Server Authentication CA OV R36"
www.gmlc.doe.gov,No,Yes,2,1,2026-06-03T00:00:00,2026-12-18T23:59:59,26858563109;26858584339,"C=CA, O=Entrust Limited, CN=Entrust OV TLS Issuing RSA CA 2"
www.gnet-teams.ee.doe.gov,No,Yes,2,1,2026-06-17T00:00:00,2027-01-01T23:59:59,27267516792;27267514007,"C=GB, O=Sectigo Limited, CN=Sectigo Public Server Authentication CA OV R36"
www.gtn-ccp.doe.gov,No,Yes,2,1,2026-08-08T00:00:00,2027-02-22T23:59:59,28657440214;28657437873,"C=CA, O=Entrust Limited, CN=Entrust OV TLS Issuing RSA CA 2"
www.gtn-wlc-9800.net.doe.gov,No,Yes,2,1,2026-06-18T00:00:00,2027-01-02T23:59:59,27298428742;27298426632,"C=CA, O=Entrust Limited, CN=Entrust OV TLS Issuing RSA CA 2"
www.hellolm.lm.doe.gov,No,Yes,2,1,2025-10-14T00:00:00,2026-10-22T23:59:59,21716594555;21716612085,"C=GB, O=Sectigo Limited, CN=Sectigo Public Server Authentication CA OV R36"
www.horizon2.cbfo.doe.gov,No,Yes,8,1,2025-11-04T00:00:00,2027-02-17T23:59:59,27954759643;22207349043;22236244370;22236256657;22207400970;27954758193;28504954537;28504944026,"C=CA, O=Entrust Limited, CN=Entrust DV TLS Issuing RSA CA 2"
www.hybrid.cbfo.doe.gov,No,Yes,4,1,2025-10-24T00:00:00,2026-10-29T23:59:59,22085307129;21968266106;22085322836;21968245004,"C=CA, O=Entrust Limited, CN=Entrust OV TLS Issuing RSA CA 2"
www.iconds.nv.doe.gov,No,Yes,2,1,2026-09-23T00:00:00,2027-04-09T23:59:59,29544555087;29544702126,"C=GB, O=Sectigo Limited, CN=Sectigo Public Server Authentication CA OV R36"
www.icpt.doe.gov,No,Yes,2,1,2026-05-12T00:00:00,2026-11-26T23:59:59,26410069758;26287233405,"C=US, O=DigiCert Inc, CN=DigiCert Global G2 TLS RSA SHA256 2020 CA1"
www.idsso.id.doe.gov,No,Yes,2,1,2026-08-24T00:00:00,2027-03-10T23:59:59,28993586734;28993592799,"C=CA, O=Entrust Limited, CN=Entrust OV TLS Issuing RSA CA 2"
www.jgi.doe.gov,No,Yes,2,1,2026-08-15T07:53:06,2026-11-13T07:53:05,28857520811;28854107448,"C=US, O=Let's Encrypt, CN=YR1"
www.join.juce.nnsa.doe.gov,No,Yes,1,1,2026-07-15T00:00:00,2027-01-29T23:59:59,27965789184,"C=US, O=DigiCert Inc, CN=DigiCert Global G2 TLS RSA SHA256 2020 CA1"
www.kcnsc.doe.gov,Yes,Yes,3,1,2026-04-08T00:00:00,2027-04-10T23:59:59,29576994245;25558115163;25443938375,"C=US, O=DigiCert Inc, CN=DigiCert Global G2 TLS RSA SHA256 2020 CA1"
www.listserv.netl.doe.gov,No,Yes,2,1,2026-05-26T00:00:00,2026-12-10T23:59:59,26654904887;26654887557,"C=GB, O=Sectigo Limited, CN=Sectigo Public Server Authentication CA OV R36"
www.lmdocsonline.lm.doe.gov,No,Yes,2,1,2025-12-01T00:00:00,2026-12-03T23:59:59,22846047601;22846027999,"C=GB, O=Sectigo Limited, CN=Sectigo Public Server Authentication CA OV R36"
www.lmpublicsearch.lm.doe.gov,No,Yes,4,1,2025-12-01T00:00:00,2026-12-27T23:59:59,22846028903;27130666476;27127314484;22846047587,"C=GB, O=Sectigo Limited, CN=Sectigo Public Server Authentication CA OV R36"
www.log2.lm.doe.gov,No,Yes,2,1,2025-10-07T00:00:00,2026-10-23T23:59:59,21549933850;21549954461,"C=GB, O=Sectigo Limited, CN=Sectigo Public Server Authentication CA OV R36"
www.mail.spr.doe.gov,No,Yes,1,1,2025-11-03T19:19:06,2026-12-03T19:18:06,22184187472,"C=US, O=IdenTrust, OU=HydrantID Trusted Certificate Service, CN=HydrantID Server CA O1"
www.ml.netl.doe.gov,No,Yes,2,1,2025-11-26T00:00:00,2026-12-27T23:59:59,22746314622;22746328824,"C=CA, O=Entrust Limited, CN=Entrust OV TLS Issuing RSA CA 2"
www.msts.sites.nv.doe.gov,No,Yes,2,1,2026-09-23T00:00:00,2027-04-09T23:59:59,29544927564;29544923971,"C=GB, O=Sectigo Limited, CN=Sectigo Public Server Authentication CA OV R36"
www.naerm.doe.gov,No,Yes,2,1,2026-05-21T00:00:00,2026-12-05T23:59:59,26529871425;26529834648,"C=CA, O=Entrust Limited, CN=Entrust OV TLS Issuing RSA CA 2"
www.netl.doe.gov,No,Yes,2,1,2025-10-22T00:00:00,2026-11-22T23:59:59,21912927162;21912903862,"C=CA, O=Entrust Limited, CN=Entrust OV TLS Issuing RSA CA 2"
www.nnsacrm.doe.gov,Yes,Yes,2,1,2026-07-07T00:00:00,2027-01-21T23:59:59,27759793671;27759796059,"C=CA, O=Entrust Limited, CN=Entrust OV TLS Issuing RSA CA 2"
www.oha.doe.gov,No,Yes,2,1,2026-05-21T00:00:00,2026-12-05T23:59:59,26521488282;26521445260,"C=CA, O=Entrust Limited, CN=Entrust OV TLS Issuing RSA CA 2"
www.oneenrollment.doe.gov,No,Yes,2,1,2026-04-07T00:00:00,2026-10-22T23:59:59,25682510192;25445627266,"C=CA, O=Entrust Limited, CN=Entrust OV TLS Issuing RSA CA 2"
www.or-wifi.science.doe.gov,No,Yes,4,1,2026-08-19T00:00:00,2027-03-05T23:59:59,28816055564;28830293378;28848030739;28848031140,"C=GB, O=Sectigo Limited, CN=Sectigo Public Server Authentication CA OV R36"
www.pantex.doe.gov,No,Yes,2,1,2026-08-13T00:00:00,2027-02-27T23:59:59,28785840834;28780864241,"C=CA, O=Entrust Limited, CN=Entrust OV TLS Issuing RSA CA 2"
www.pinellas.lm.doe.gov,No,Yes,2,1,2025-10-07T00:00:00,2026-10-07T23:59:59,21552287559;21552252044,"C=GB, O=Sectigo Limited, CN=Sectigo Public Server Authentication CA OV R36"
www.pmb-perf.ee.doe.gov,No,Yes,2,1,2026-05-26T00:00:00,2026-12-10T23:59:59,26657939475;26657907200,"C=GB, O=Sectigo Limited, CN=Sectigo Public Server Authentication CA OV R36"
www.pmb-perfweb.ee.doe.gov,No,Yes,2,1,2026-04-22T00:00:00,2026-11-06T23:59:59,26010438106;25670914514,"C=GB, O=Sectigo Limited, CN=Sectigo Public Server Authentication CA OV R36"
www.pmb-testweb.ee.doe.gov,No,Yes,2,1,2026-06-17T00:00:00,2027-01-01T23:59:59,27264089265;27264085695,"C=GB, O=Sectigo Limited, CN=Sectigo Public Server Authentication CA OV R36"
www.pmbperf-app.ee.doe.gov,No,Yes,2,1,2026-05-14T00:00:00,2026-11-28T23:59:59,26352748078;26327006799,"C=GB, O=Sectigo Limited, CN=Sectigo Public Server Authentication CA OV R36"
www.pmbridge.ee.doe.gov,No,Yes,2,1,2025-09-29T00:00:00,2026-10-08T23:59:59,21351623990;21351592748,"C=CA, O=Entrust Limited, CN=Entrust OV TLS Issuing RSA CA 2"
www.pmbridgeweb.ee.doe.gov,No,Yes,2,1,2026-06-16T00:00:00,2026-12-31T23:59:59,27233524226;27233475144,"C=GB, O=Sectigo Limited, CN=Sectigo Public Server Authentication CA OV R36"
www.pmcstageexternal.ee.doe.gov,No,Yes,2,1,2026-01-14T00:00:00,2027-01-19T23:59:59,23767266449;23767267141,"C=CA, O=Entrust Limited, CN=Entrust OV TLS Issuing RSA CA 2"
www.pmcstageinternal.ee.doe.gov,No,Yes,2,1,2026-01-14T00:00:00,2027-01-19T23:59:59,23767225299;23767223998,"C=CA, O=Entrust Limited, CN=Entrust OV TLS Issuing RSA CA 2"
www.prdwac.ee.doe.gov,No,Yes,2,1,2026-04-16T00:00:00,2026-10-31T23:59:59,25565407751;25927770841,"C=GB, O=Sectigo Limited, CN=Sectigo Public Server Authentication CA OV R36"
www.pts.ee.doe.gov,No,Yes,2,1,2026-06-18T00:00:00,2027-01-02T23:59:59,27292693774;27292694763,"C=GB, O=Sectigo Limited, CN=Sectigo Public Server Authentication CA OV R36"
www.pwm.spr.doe.gov,No,Yes,1,1,2025-10-22T15:23:39,2026-11-21T15:22:39,21917572766,"C=US, O=IdenTrust, OU=HydrantID Trusted Certificate Service, CN=HydrantID Server CA O1"
www.regulations.doe.gov,Yes,Yes,4,2,2026-08-30T19:45:08,2026-11-30T22:40:57,29172988730;29247028883;29503823922;29172988960,"C=US, O=Let's Encrypt, CN=YR2;C=US, O=Let's Encrypt, CN=YE1"
www.rstlm.lm.doe.gov,No,Yes,2,1,2026-05-04T00:00:00,2026-11-18T23:59:59,26062757330;26144068091,"C=GB, O=Sectigo Limited, CN=Sectigo Public Server Authentication CA OV R36"
www.science.doe.gov,No,Yes,5,2,2026-05-21T00:00:00,2026-12-26T23:59:59,26521488282;27097065793;26693359928;26693396595;26521445260,"C=CA, O=Entrust Limited, CN=Entrust OV TLS Issuing RSA CA 2;C=GB, O=Sectigo Limited, CN=Sectigo Public Server Authentication CA OV R36"
www.secure-bc.lm.doe.gov,No,Yes,2,1,2025-10-07T00:00:00,2026-10-07T23:59:59,21547332174;21547349918,"C=GB, O=Sectigo Limited, CN=Sectigo Public Server Authentication CA OV R36"
www.secure-east.lm.doe.gov,No,Yes,2,1,2025-10-07T00:00:00,2026-10-07T23:59:59,21551532885;21551514812,"C=GB, O=Sectigo Limited, CN=Sectigo Public Server Authentication CA OV R36"
www.secure-gj.lm.doe.gov,No,Yes,2,1,2025-10-07T00:00:00,2026-10-07T23:59:59,21551515199;21551495158,"C=GB, O=Sectigo Limited, CN=Sectigo Public Server Authentication CA OV R36"
www.secure-west.lm.doe.gov,No,Yes,2,1,2025-10-07T00:00:00,2026-10-07T23:59:59,21551495143;21551477543,"C=GB, O=Sectigo Limited, CN=Sectigo Public Server Authentication CA OV R36"
www.sentry2.lm.doe.gov,No,Yes,2,1,2025-10-29T00:00:00,2026-10-29T23:59:59,22085338170;22085354255,"C=GB, O=Sectigo Limited, CN=Sectigo Public Server Authentication CA OV R36"
www.sepa.doe.gov,No,Yes,2,1,2025-12-03T00:00:00,2027-01-03T23:59:59,22888454903;22888454253,"C=CA, O=Entrust Limited, CN=Entrust DV TLS Issuing RSA CA 2"
www.sgmaina.ee.doe.gov,No,Yes,2,1,2026-06-17T00:00:00,2027-01-01T23:59:59,27261172756;27261174193,"C=GB, O=Sectigo Limited, CN=Sectigo Public Server Authentication CA OV R36"
www.shiprock.lm.doe.gov,No,Yes,2,1,2026-02-19T00:00:00,2027-02-19T23:59:59,24511105244;24511103927,"C=GB, O=Sectigo Limited, CN=Sectigo Public Server Authentication CA OV R36"
www.smallbusiness.doe.gov,No,Yes,2,1,2026-05-21T00:00:00,2026-12-05T23:59:59,26521488282;26521445260,"C=CA, O=Entrust Limited, CN=Entrust OV TLS Issuing RSA CA 2"
www.soars-bar-1.lm.doe.gov,No,Yes,2,1,2026-09-02T00:00:00,2027-03-19T23:59:59,29229701831;29229928135,"C=GB, O=Sectigo Limited, CN=Sectigo Public Server Authentication CA OV R36"
www.soars-blu-1.lm.doe.gov,No,Yes,2,1,2026-09-02T00:00:00,2027-03-19T23:59:59,29229931355;29229717192,"C=GB, O=Sectigo Limited, CN=Sectigo Public Server Authentication CA OV R36"
www.soars-edg-1.lm.doe.gov,No,Yes,2,1,2026-07-15T00:00:00,2027-01-29T23:59:59,27955069314;27955066391,"C=GB, O=Sectigo Limited, CN=Sectigo Public Server Authentication CA OV R36"
www.soars-lkv-1.lm.doe.gov,No,Yes,2,1,2026-09-02T00:00:00,2027-03-19T23:59:59,29229949107;29229949573,"C=GB, O=Sectigo Limited, CN=Sectigo Public Server Authentication CA OV R36"
www.soars-mnd-1.lm.doe.gov,No,Yes,2,1,2026-09-02T00:00:00,2027-03-19T23:59:59,29229947330;29229947338,"C=GB, O=Sectigo Limited, CN=Sectigo Public Server Authentication CA OV R36"
www.soars-rfs-1.lm.doe.gov,No,Yes,2,1,2026-09-02T00:00:00,2027-03-19T23:59:59,29229949231;29229736756,"C=GB, O=Sectigo Limited, CN=Sectigo Public Server Authentication CA OV R36"
www.soars-rfs-2.lm.doe.gov,No,Yes,2,1,2026-09-02T00:00:00,2027-03-19T23:59:59,29229953182;29229953194,"C=GB, O=Sectigo Limited, CN=Sectigo Public Server Authentication CA OV R36"
www.soars-rfs-3.lm.doe.gov,No,Yes,2,1,2026-09-02T00:00:00,2027-03-19T23:59:59,29229736433;29229956720,"C=GB, O=Sectigo Limited, CN=Sectigo Public Server Authentication CA OV R36"
www.soars-sbs-1.lm.doe.gov,No,Yes,2,1,2026-09-03T00:00:00,2027-03-20T23:59:59,29242571214;29242569346,"C=GB, O=Sectigo Limited, CN=Sectigo Public Server Authentication CA OV R36"
www.soars-tub-1.lm.doe.gov,No,Yes,2,1,2026-09-02T00:00:00,2027-03-19T23:59:59,29229943773;29229942757,"C=GB, O=Sectigo Limited, CN=Sectigo Public Server Authentication CA OV R36"
www.soars-tub-2.lm.doe.gov,No,Yes,2,1,2026-09-02T00:00:00,2027-03-19T23:59:59,29229539912;29229946107,"C=GB, O=Sectigo Limited, CN=Sectigo Public Server Authentication CA OV R36"
www.soars-wel-1.lm.doe.gov,No,Yes,2,1,2026-09-02T00:00:00,2027-03-19T23:59:59,29229935895;29229717034,"C=GB, O=Sectigo Limited, CN=Sectigo Public Server Authentication CA OV R36"
www.soars-wel-2.lm.doe.gov,No,Yes,2,1,2026-09-02T00:00:00,2027-03-19T23:59:59,29229937520;29229939084,"C=GB, O=Sectigo Limited, CN=Sectigo Public Server Authentication CA OV R36"
www.soars.lm.doe.gov,No,Yes,4,1,2025-09-22T00:00:00,2026-10-10T23:59:59,21248703726;21199032214;21248687165;21199031805,"C=GB, O=Sectigo Limited, CN=Sectigo Public Server Authentication CA OV R36"
www.sord.nv.doe.gov,No,Yes,2,1,2026-02-11T00:00:00,2027-03-13T23:59:59,24340660088;24340660106,"C=CA, O=Entrust Limited, CN=Entrust OV TLS Issuing RSA CA 2"
www.spr.doe.gov,Yes,Yes,1,1,2026-04-07T13:25:37,2026-10-23T13:24:37,25610120393,"C=US, O=IdenTrust, OU=HydrantID Trusted Certificate Service, CN=HydrantID Server CA O1"
www.sso.pantex.doe.gov,No,Yes,2,1,2026-07-22T00:00:00,2027-02-05T23:59:59,28158655425;28158663281,"C=CA, O=Entrust Limited, CN=Entrust OV TLS Issuing RSA CA 2"
www.stage-eere-intranet2.ee.doe.gov,No,Yes,2,1,2025-10-28T00:00:00,2026-10-30T23:59:59,22062365432;22062338151,"C=CA, O=Entrust Limited, CN=Entrust OV TLS Issuing RSA CA 2"
www.staging.arcgis.netl.doe.gov,No,Yes,2,1,2026-07-28T00:00:00,2027-02-11T23:59:59,28328765143;28328762962,"C=GB, O=Sectigo Limited, CN=Sectigo Public Server Authentication CA OV R36"
www.standards.doe.gov,Yes,Yes,3,2,2026-09-02T01:40:43,2026-12-01T04:41:50,29553265684;29557294209;29510611588,"C=US, O=Google Trust Services, CN=WE1;C=US, O=Google Trust Services, CN=WR1"
www.starsio.doe.gov,No,Yes,2,1,2026-01-06T00:00:00,2027-01-06T23:59:59,23595538742;23595538951,"C=CA, O=Entrust Limited, CN=Entrust OV TLS Issuing RSA CA 2"
www.sts.lm.doe.gov,No,Yes,2,1,2026-09-24T00:00:00,2027-04-10T23:59:59,29561414879;29564988978,"C=GB, O=Sectigo Limited, CN=Sectigo Public Server Authentication CA OV R36"
www.tak-dev.nest.doe.gov,No,Yes,1,1,2025-12-03T19:30:25,2026-12-03T19:30:25,22890622043,"C=US, ST=Arizona, L=Scottsdale, O=""GoDaddy.com, Inc."", OU=http://certs.godaddy.com/repository/, CN=Go Daddy Secure Certificate Authority - G2"
www.tak-test.nest.doe.gov,No,Yes,1,1,2025-12-03T19:31:08,2026-12-03T19:31:08,22890632356,"C=US, ST=Arizona, L=Scottsdale, O=""GoDaddy.com, Inc."", OU=http://certs.godaddy.com/repository/, CN=Go Daddy Secure Certificate Authority - G2"
www.tak.nest.doe.gov,No,Yes,2,1,2026-07-01T18:44:45,2027-01-15T18:44:45,27624315871;27624306268,"C=US, O=GoDaddy.com, CN=GoDaddy TLS Intermediate CA DV - R1v1"
www.takauth.nest.doe.gov,No,Yes,2,1,2026-07-01T18:46:25,2027-01-15T18:46:25,27624372361;27624336400,"C=US, O=GoDaddy.com, CN=GoDaddy TLS Intermediate CA DV - R1v1"
www.tnl.lm.doe.gov,No,Yes,2,1,2026-07-30T00:00:00,2027-02-13T23:59:59,28377401355;28377401327,"C=GB, O=Sectigo Limited, CN=Sectigo Public Server Authentication CA OV R36"
www.tuba-city.lm.doe.gov,No,Yes,2,1,2026-08-27T00:00:00,2027-03-13T23:59:59,29083670469;29083671285,"C=GB, O=Sectigo Limited, CN=Sectigo Public Server Authentication CA OV R36"
www.vdidoei.kcnsc.doe.gov,No,Yes,1,1,2025-11-20T00:00:00,2026-11-19T23:59:59,22617781404,"C=US, O=DigiCert Inc, CN=DigiCert Global G2 TLS RSA SHA256 2020 CA1"
www.vm.doe.gov,No,Yes,2,1,2026-05-30T00:00:00,2026-12-14T23:59:59,26761745058;26761769027,"C=CA, O=Entrust Limited, CN=Entrust OV TLS Issuing RSA CA 2"
www.vsp.lm.doe.gov,No,Yes,2,1,2025-10-30T00:00:00,2026-10-30T23:59:59,22100916108;22100930647,"C=GB, O=Sectigo Limited, CN=Sectigo Public Server Authentication CA OV R36"
www.vstfs.ee.doe.gov,No,Yes,2,1,2026-02-13T00:00:00,2027-02-19T23:59:59,24381674695;24381673869,"C=CA, O=Entrust Limited, CN=Entrust OV TLS Issuing RSA CA 2"
www.vueproxy.netl.doe.gov,No,Yes,2,1,2026-06-04T00:00:00,2026-12-19T23:59:59,26889764636;26889860338,"C=GB, O=Sectigo Limited, CN=Sectigo Public Server Authentication CA OV R36"
www.wvphaseonestudies.emcbc.doe.gov,No,Yes,2,1,2026-02-09T00:00:00,2027-02-09T23:59:59,24287947101;24287947990,"C=CA, O=Entrust Limited, CN=Entrust OV TLS Issuing RSA CA 2"
www.y12.doe.gov,Yes,Yes,1,1,2025-10-09T00:00:00,2026-10-08T23:59:59,21604096267,"C=US, O=DigiCert Inc, CN=DigiCert Global G2 TLS RSA SHA256 2020 CA1"
wwwtest.spr.doe.gov,Yes,Yes,1,1,2026-01-28T14:21:16,2027-02-27T14:20:16,24036566207,"C=US, O=IdenTrust, OU=HydrantID Trusted Certificate Service, CN=HydrantID Server CA O1"
xcgs-test.doe.gov,No,Yes,2,1,2026-02-23T00:00:00,2027-02-23T23:59:59,24602944546;24602944077,"C=CA, O=Entrust Limited, CN=Entrust OV TLS Issuing RSA CA 2"
xcgs.doe.gov,No,Yes,2,1,2026-02-23T00:00:00,2027-02-23T23:59:59,24602083891;24602082783,"C=CA, O=Entrust Limited, CN=Entrust OV TLS Issuing RSA CA 2"
y12.doe.gov,No,Yes,1,1,2026-09-21T00:00:00,2027-04-07T23:59:59,29534387607,"C=US, O=DigiCert Inc, CN=DigiCert Global G2 TLS RSA SHA256 2020 CA1"
y12nsc.doe.gov,No,Yes,1,1,2026-09-21T00:00:00,2027-04-07T23:59:59,29534387607,"C=US, O=DigiCert Inc, CN=DigiCert Global G2 TLS RSA SHA256 2020 CA1"
y12relay.cns.doe.gov,No,Yes,1,1,2026-09-21T00:00:00,2027-04-07T23:59:59,29534387607,"C=US, O=DigiCert Inc, CN=DigiCert Global G2 TLS RSA SHA256 2020 CA1"
y12relay.onenet.cns.doe.gov,No,Yes,1,1,2026-09-21T00:00:00,2027-04-07T23:59:59,29534387607,"C=US, O=DigiCert Inc, CN=DigiCert Global G2 TLS RSA SHA256 2020 CA1"
yfo.doe.gov,No,Yes,1,1,2026-09-21T00:00:00,2027-04-07T23:59:59,29534387607,"C=US, O=DigiCert Inc, CN=DigiCert Global G2 TLS RSA SHA256 2020 CA1"
zgtftmdbepr01.doe.gov,Yes,Yes,2,1,2026-02-25T00:00:00,2027-02-25T23:59:59,24637465523;24637465764,"C=CA, O=Entrust Limited, CN=Entrust OV TLS Issuing RSA CA 2"
zgthcmdbepr01.doe.gov,Yes,Yes,2,1,2026-02-20T00:00:00,2027-02-20T23:59:59,24539747429;24539749368,"C=CA, O=Entrust Limited, CN=Entrust OV TLS Issuing RSA CA 2"
zgtoemdbenp01.doe.gov,Yes,Yes,4,1,2025-11-26T00:00:00,2027-02-23T23:59:59,24604639275;22750732543;24604639429;22750746345,"C=CA, O=Entrust Limited, CN=Entrust OV TLS Issuing RSA CA 2"
zgvftmdbede01.doe.gov,Yes,Yes,2,1,2026-02-25T00:00:00,2027-02-25T23:59:59,24637478648;24637478221,"C=CA, O=Entrust Limited, CN=Entrust OV TLS Issuing RSA CA 2"
zgvftmdbepr01.doe.gov,Yes,Yes,2,1,2026-02-25T00:00:00,2027-02-25T23:59:59,24637478282;24637478250,"C=CA, O=Entrust Limited, CN=Entrust OV TLS Issuing RSA CA 2"
zgvftmdbeqa01.doe.gov,Yes,Yes,2,1,2026-02-25T00:00:00,2027-02-25T23:59:59,24637466055;24637465885,"C=CA, O=Entrust Limited, CN=Entrust OV TLS Issuing RSA CA 2"
zgvgrcappqa02.doe.gov,No,Yes,2,1,2026-09-10T00:00:00,2027-03-27T23:59:59,29336113608;29336112436,"C=CA, O=Entrust Limited, CN=Entrust OV TLS Issuing RSA CA 2"
zgvhcmdbede01.doe.gov,Yes,Yes,2,1,2026-02-17T00:00:00,2027-02-17T23:59:59,24473825732;24473827186,"C=CA, O=Entrust Limited, CN=Entrust OV TLS Issuing RSA CA 2"
zgvhcmdbepr01.doe.gov,Yes,Yes,2,1,2026-02-18T00:00:00,2027-02-18T23:59:59,24495946922;24495964358,"C=CA, O=Entrust Limited, CN=Entrust OV TLS Issuing RSA CA 2"
zgvhcmdbeqa01.doe.gov,Yes,Yes,2,1,2026-02-19T00:00:00,2027-02-19T23:59:59,24518844765;24518845214,"C=CA, O=Entrust Limited, CN=Entrust OV TLS Issuing RSA CA 2"
zgvhcmdbesb01.doe.gov,Yes,Yes,2,1,2026-02-19T00:00:00,2027-02-19T23:59:59,24518780348;24518780412,"C=CA, O=Entrust Limited, CN=Entrust OV TLS Issuing RSA CA 2"
zgvoemdbecs01.doe.gov,Yes,Yes,6,1,2025-11-13T00:00:00,2027-01-15T23:59:59,22463392471;22446253049;23789593428;23789594587;22446287675;22463406744,"C=CA, O=Entrust Limited, CN=Entrust OV TLS Issuing RSA CA 2"
zgvscmdspcs01.doe.gov,Yes,Yes,2,1,2026-08-06T00:00:00,2027-02-20T23:59:59,28591218453;28591216130,"C=CA, O=Entrust Limited, CN=Entrust OV TLS Issuing RSA CA 2"
