domain,seen_in_common_name,seen_in_name_value,certificate_count,issuer_count,earliest_seen,latest_expiry,certificate_ids,issuers
4site-cloud.dhs.gov,Yes,Yes,3,2,2026-08-18T17:05:54,2026-11-16T17:10:13,28888043555;28888045452;29149361443,"C=US, O=SSL Corporation, CN=Cloudflare TLS Issuing RSA CA 3;C=US, O=SSL Corporation, CN=Cloudflare TLS Issuing ECC CA 3"
ACCESS.DHS.GOV,No,Yes,1,1,2026-08-04T00:00:00,2027-02-18T23:59:59,28536663684,"C=US, O=DigiCert Inc, CN=DigiCert Global G2 TLS RSA SHA256 2020 CA1"
ACCESS2.DHS.GOV,No,Yes,1,1,2026-08-04T00:00:00,2027-02-18T23:59:59,28536663684,"C=US, O=DigiCert Inc, CN=DigiCert Global G2 TLS RSA SHA256 2020 CA1"
API.DHS.GOV,No,Yes,1,1,2026-08-04T00:00:00,2027-02-18T23:59:59,28536663684,"C=US, O=DigiCert Inc, CN=DigiCert Global G2 TLS RSA SHA256 2020 CA1"
API2.DHS.GOV,No,Yes,1,1,2026-08-04T00:00:00,2027-02-18T23:59:59,28536663684,"C=US, O=DigiCert Inc, CN=DigiCert Global G2 TLS RSA SHA256 2020 CA1"
AWTLR.DHS.GOV,Yes,Yes,1,1,2026-08-04T00:00:00,2027-02-18T23:59:59,28536663684,"C=US, O=DigiCert Inc, CN=DigiCert Global G2 TLS RSA SHA256 2020 CA1"
AWTLR2.DHS.GOV,No,Yes,1,1,2026-08-04T00:00:00,2027-02-18T23:59:59,28536663684,"C=US, O=DigiCert Inc, CN=DigiCert Global G2 TLS RSA SHA256 2020 CA1"
AWTLR3.DHS.GOV,No,Yes,1,1,2026-08-04T00:00:00,2027-02-18T23:59:59,28536663684,"C=US, O=DigiCert Inc, CN=DigiCert Global G2 TLS RSA SHA256 2020 CA1"
Autodiscover.cdpemail.dhs.gov,No,Yes,1,1,2025-12-15T00:00:00,2026-12-17T23:59:59,23123408421,"C=US, O=DigiCert Inc, CN=DigiCert Global G2 TLS RSA SHA256 2020 CA1"
Continuedpresence.dhs.gov,No,Yes,1,1,2026-08-13T00:00:00,2027-02-27T23:59:59,28786506456,"C=US, O=DigiCert Inc, CN=DigiCert Global G2 TLS RSA SHA256 2020 CA1"
HQPEXIPMGR.meeting.dhs.gov,No,Yes,3,1,2025-10-14T00:00:00,2026-10-28T23:59:59,21717392248;22234770898;21917521490,"C=US, O=DigiCert Inc, CN=DigiCert Global G2 TLS RSA SHA256 2020 CA1"
Hybrid.cdpemail.dhs.gov,No,Yes,1,1,2025-12-15T00:00:00,2026-12-17T23:59:59,23123408421,"C=US, O=DigiCert Inc, CN=DigiCert Global G2 TLS RSA SHA256 2020 CA1"
MDM.DHS.GOV,Yes,Yes,1,1,2026-08-21T00:00:00,2027-03-07T23:59:59,28893118701,"C=US, O=DigiCert Inc, CN=DigiCert EV RSA CA G2"
MDM2.DHS.GOV,No,Yes,1,1,2026-08-21T00:00:00,2027-03-07T23:59:59,28893118701,"C=US, O=DigiCert Inc, CN=DigiCert EV RSA CA G2"
Migration.dhs.gov,No,Yes,1,1,2026-08-23T00:00:00,2027-03-09T23:59:59,28972023331,"C=US, O=DigiCert Inc, CN=DigiCert EV RSA CA G2"
NDES.cdpemail.dhs.gov,No,Yes,1,1,2025-09-22T00:00:00,2026-09-28T23:59:59,21204978009,"C=US, O=DigiCert Inc, CN=DigiCert Global G2 TLS RSA SHA256 2020 CA1"
PENSENS.ice.dhs.gov,Yes,Yes,1,1,2026-03-31T00:00:00,2026-10-15T23:59:59,25301927562,"C=US, O=DigiCert Inc, CN=DigiCert Global G2 TLS RSA SHA256 2020 CA1"
PREPRODMDM.DHS.GOV,No,Yes,1,1,2026-08-21T00:00:00,2027-03-07T23:59:59,28893118701,"C=US, O=DigiCert Inc, CN=DigiCert EV RSA CA G2"
PTS-PSO.FPS.DHS.GOV,Yes,Yes,1,1,2026-04-08T00:00:00,2026-10-23T23:59:59,25446682137,"C=US, O=DigiCert Inc, CN=DigiCert Global G2 TLS RSA SHA256 2020 CA1"
PTS1-PSO.FPS.DHS.GOV,Yes,Yes,1,1,2026-03-30T00:00:00,2026-10-14T23:59:59,25280720558,"C=US, O=DigiCert Inc, CN=DigiCert Global G2 TLS RSA SHA256 2020 CA1"
PTS2-PSO.FPS.DHS.GOV,Yes,Yes,1,1,2026-04-23T00:00:00,2026-11-07T23:59:59,25714858204,"C=US, O=DigiCert Inc, CN=DigiCert Global G2 TLS RSA SHA256 2020 CA1"
PTS3-PSO.FPS.DHS.GOV,Yes,Yes,2,1,2026-01-26T00:00:00,2027-02-12T23:59:59,24968598500;23990070327,"C=US, O=DigiCert Inc, CN=DigiCert Global G2 TLS RSA SHA256 2020 CA1"
Pcts.dhs.gov,No,Yes,1,1,2026-08-13T00:00:00,2027-02-27T23:59:59,28786506456,"C=US, O=DigiCert Inc, CN=DigiCert Global G2 TLS RSA SHA256 2020 CA1"
Pexip.meeting.dhs.gov,No,Yes,3,1,2025-10-14T00:00:00,2026-10-28T23:59:59,21717392248;22234770898;21917521490,"C=US, O=DigiCert Inc, CN=DigiCert Global G2 TLS RSA SHA256 2020 CA1"
Printerlogic.hq.dhs.gov,Yes,Yes,2,1,2026-01-13T00:00:00,2027-01-13T23:59:59,23745663223;23745384625,"C=US, O=DigiCert Inc, CN=DigiCert Global G2 TLS RSA SHA256 2020 CA1"
STS.FLETC.DHS.GOV,Yes,Yes,1,1,2025-11-20T00:00:00,2026-12-21T23:59:59,22621802252,"C=US, O=DigiCert Inc, CN=DigiCert EV RSA CA G2"
UATACCESS.DHS.GOV,No,Yes,1,1,2026-08-04T00:00:00,2027-02-18T23:59:59,28536663684,"C=US, O=DigiCert Inc, CN=DigiCert Global G2 TLS RSA SHA256 2020 CA1"
UATAPI.DHS.GOV,No,Yes,1,1,2026-08-04T00:00:00,2027-02-18T23:59:59,28536663684,"C=US, O=DigiCert Inc, CN=DigiCert Global G2 TLS RSA SHA256 2020 CA1"
UATAWTLR.DHS.GOV,No,Yes,1,1,2026-08-04T00:00:00,2027-02-18T23:59:59,28536663684,"C=US, O=DigiCert Inc, CN=DigiCert Global G2 TLS RSA SHA256 2020 CA1"
a1iprexi004.irmnet.ds2.dhs.gov,No,Yes,1,1,2025-12-08T14:58:08,2026-12-08T14:58:08,22981506140,"C=US, ST=Arizona, L=Scottsdale, O=""GoDaddy.com, Inc."", OU=http://certs.godaddy.com/repository/, CN=Go Daddy Secure Certificate Authority - G2"
a1iprexi005.irmnet.ds2.dhs.gov,No,Yes,1,1,2025-12-08T14:58:08,2026-12-08T14:58:08,22981506140,"C=US, ST=Arizona, L=Scottsdale, O=""GoDaddy.com, Inc."", OU=http://certs.godaddy.com/repository/, CN=Go Daddy Secure Certificate Authority - G2"
a1iprexi006.irmnet.ds2.dhs.gov,No,Yes,4,1,2025-12-08T14:58:08,2026-12-10T13:31:56,22981506140;23031624578;22985252154;23031543199,"C=US, ST=Arizona, L=Scottsdale, O=""GoDaddy.com, Inc."", OU=http://certs.godaddy.com/repository/, CN=Go Daddy Secure Certificate Authority - G2"
a1iprexi007.irmnet.ds2.dhs.gov,No,Yes,4,1,2025-12-08T14:58:08,2026-12-10T13:31:56,22981506140;23031624578;22985252154;23031543199,"C=US, ST=Arizona, L=Scottsdale, O=""GoDaddy.com, Inc."", OU=http://certs.godaddy.com/repository/, CN=Go Daddy Secure Certificate Authority - G2"
a1iprexi008.irmnet.ds2.dhs.gov,No,Yes,4,1,2025-12-08T14:58:08,2026-12-10T13:31:56,22981506140;23031624578;22985252154;23031543199,"C=US, ST=Arizona, L=Scottsdale, O=""GoDaddy.com, Inc."", OU=http://certs.godaddy.com/repository/, CN=Go Daddy Secure Certificate Authority - G2"
aap-eda.uscis.dhs.gov,Yes,Yes,8,2,2026-07-22T20:35:15,2026-10-20T20:48:13,28163878159;28163643803;28163655124;28163649122;28163878823;28163880114;28163652231;28163879750,"C=US, O=Let's Encrypt, CN=YR1;C=US, O=Let's Encrypt, CN=YE1"
account.biowatchportal.dhs.gov,No,Yes,16,2,2026-02-24T00:00:00,2027-03-20T23:59:59,29248468121;28143000764;29248469436;29248474903;29248491431;24619835048;29248496253;29248474930;28143002165;24619836448;29248495629;29248466220;29248491903;29248499977;29248465826;29248500511,"C=GB, O=Sectigo Limited, CN=Sectigo Public Server Authentication CA DV R36;C=CA, O=Entrust Limited, CN=Entrust EV TLS Issuing RSA CA 2"
acdms1-authorizedsignatory-stg.tsa.dhs.gov,Yes,Yes,2,1,2026-06-08T00:00:00,2026-12-23T23:59:59,27001457195;27001398496,"C=CA, O=Entrust Limited, CN=Entrust OV TLS Issuing RSA CA 2"
acdms1-authorizedsignatory-uat.tsa.dhs.gov,Yes,Yes,2,1,2026-06-08T00:00:00,2026-12-23T23:59:59,27001397301;27001456380,"C=CA, O=Entrust Limited, CN=Entrust OV TLS Issuing RSA CA 2"
acdms1-authorizedsignatory.tsa.dhs.gov,Yes,Yes,2,1,2026-06-08T00:00:00,2026-12-23T23:59:59,27001455549;27001366433,"C=CA, O=Entrust Limited, CN=Entrust OV TLS Issuing RSA CA 2"
acdms1-bcws-companion-stg.tsa.dhs.gov,Yes,Yes,2,1,2026-06-08T00:00:00,2026-12-23T23:59:59,27001344297;27001191560,"C=CA, O=Entrust Limited, CN=Entrust OV TLS Issuing RSA CA 2"
acdms1-bcws-companion-uat.tsa.dhs.gov,Yes,Yes,2,1,2026-06-08T00:00:00,2026-12-23T23:59:59,27001336570;27001159498,"C=CA, O=Entrust Limited, CN=Entrust OV TLS Issuing RSA CA 2"
acdms1-bcws-companion.tsa.dhs.gov,Yes,Yes,2,1,2026-06-08T00:00:00,2026-12-23T23:59:59,27001074990;27001280661,"C=CA, O=Entrust Limited, CN=Entrust OV TLS Issuing RSA CA 2"
acdms1-bcws-stg.tsa.dhs.gov,Yes,Yes,2,1,2026-06-08T00:00:00,2026-12-23T23:59:59,27001385589;27001241283,"C=CA, O=Entrust Limited, CN=Entrust OV TLS Issuing RSA CA 2"
acdms1-bcws-uat.tsa.dhs.gov,Yes,Yes,2,1,2026-06-08T00:00:00,2026-12-23T23:59:59,27001218843;27001356589,"C=CA, O=Entrust Limited, CN=Entrust OV TLS Issuing RSA CA 2"
acdms1-bcws.tsa.dhs.gov,Yes,Yes,2,1,2026-06-08T00:00:00,2026-12-23T23:59:59,27001191160;27001348711,"C=CA, O=Entrust Limited, CN=Entrust OV TLS Issuing RSA CA 2"
acdms1-clearinghouse-uat.tsa.dhs.gov,No,Yes,4,1,2026-06-08T00:00:00,2026-12-24T23:59:59,27001424786;27029398766;27029411412;27001467678,"C=CA, O=Entrust Limited, CN=Entrust OV TLS Issuing RSA CA 2"
acdms1-clearinghouse.tsa.dhs.gov,No,Yes,4,1,2026-06-08T00:00:00,2026-12-24T23:59:59,27001457733;27029427711;27001425696;27029401216,"C=CA, O=Entrust Limited, CN=Entrust OV TLS Issuing RSA CA 2"
acdms1-pacs-api-service-stg.tsa.dhs.gov,Yes,Yes,2,1,2026-06-08T00:00:00,2026-12-23T23:59:59,27001497445;27001544526,"C=CA, O=Entrust Limited, CN=Entrust OV TLS Issuing RSA CA 2"
acdms1-pacs-api-service-uat.tsa.dhs.gov,Yes,Yes,2,1,2026-06-08T00:00:00,2026-12-23T23:59:59,27001482017;27001513697,"C=CA, O=Entrust Limited, CN=Entrust OV TLS Issuing RSA CA 2"
acdms1-pacs-api-service.tsa.dhs.gov,Yes,Yes,2,1,2026-06-08T00:00:00,2026-12-23T23:59:59,27001478282;27001513501,"C=CA, O=Entrust Limited, CN=Entrust OV TLS Issuing RSA CA 2"
acdms1-preenrollment-stg.tsa.dhs.gov,Yes,Yes,2,1,2026-06-08T00:00:00,2026-12-23T23:59:59,27001416352;27001290280,"C=CA, O=Entrust Limited, CN=Entrust OV TLS Issuing RSA CA 2"
acdms1-preenrollment-uat.tsa.dhs.gov,Yes,Yes,2,1,2026-06-08T00:00:00,2026-12-23T23:59:59,27001286304;27001408120,"C=CA, O=Entrust Limited, CN=Entrust OV TLS Issuing RSA CA 2"
acdms1-preenrollment.tsa.dhs.gov,Yes,Yes,2,1,2026-06-08T00:00:00,2026-12-23T23:59:59,27001240127;27001379849,"C=CA, O=Entrust Limited, CN=Entrust OV TLS Issuing RSA CA 2"
acdms1-stg.tsa.dhs.gov,Yes,Yes,4,1,2026-06-09T00:00:00,2026-12-24T23:59:59,27029032879;27030203014;27030165261;27029102354,"C=CA, O=Entrust Limited, CN=Entrust OV TLS Issuing RSA CA 2"
acdms1-uat.tsa.dhs.gov,Yes,Yes,4,1,2026-06-09T00:00:00,2026-12-24T23:59:59,27029398766;27030144051;27029411412;27030160665,"C=CA, O=Entrust Limited, CN=Entrust OV TLS Issuing RSA CA 2"
acdms1.tsa.dhs.gov,Yes,Yes,4,1,2026-06-09T00:00:00,2026-12-24T23:59:59,27029427711;27030156978;27030106026;27029401216,"C=CA, O=Entrust Limited, CN=Entrust OV TLS Issuing RSA CA 2"
acdms2.tsa.dhs.gov,Yes,Yes,2,1,2026-01-29T00:00:00,2027-03-01T23:59:59,24062617969;24062616839,"C=CA, O=Entrust Limited, CN=Entrust OV TLS Issuing RSA CA 2"
ace.cbp.dhs.gov,No,Yes,27,3,2026-04-18T00:00:00,2027-03-25T23:59:59,28558825009;28350086258;27933743634;29293564950;28495833979;26916527129;29442667731;27397153120;26157198216;28837743987;28799232251;28356771661;28350768012;25562446938;29304041244;28350138323;27483798157;28796100160;28799248623;26916504600;27483761151;28558764200;29304057979;28857124349;28350034131;25562479521;28356729871,"C=US, O=DigiCert Inc, CN=DigiCert Global G3 TLS ECC SHA384 2020 CA1;C=GB, O=Sectigo Limited, CN=Sectigo Public Server Authentication CA OV R36;C=US, O=DigiCert Inc, CN=DigiCert Global G2 TLS RSA SHA256 2020 CA1"
ace.crt.tnc.ace.cbp.dhs.gov,Yes,Yes,4,1,2025-09-29T00:00:00,2027-03-31T23:59:59,21352444826;29420993094;21352473290;29420992934,"C=GB, O=Sectigo Limited, CN=Sectigo Public Server Authentication CA OV R36"
acm.dhs.gov,Yes,Yes,26,2,2026-04-18T00:00:00,2027-03-25T23:59:59,28558825009;28350086258;27933743634;29293564950;28495833979;26916527129;29442667731;27397153120;26157198216;28799232251;28356771661;28350768012;25562446938;29423116922;29304041244;28350138323;27483798157;28796100160;28799248623;26916504600;27483761151;28558764200;29304057979;28350034131;25562479521;28356729871,"C=US, O=DigiCert Inc, CN=DigiCert Global G3 TLS ECC SHA384 2020 CA1;C=US, O=DigiCert Inc, CN=DigiCert Global G2 TLS RSA SHA256 2020 CA1"
adams.usss.dhs.gov,Yes,Yes,1,1,2026-06-11T12:51:25,2026-12-27T12:51:25,27087764077,"C=BE, O=GlobalSign nv-sa, CN=GlobalSign RSA OV SSL CA 2018"
adfs.cbp.dhs.gov,Yes,Yes,2,1,2026-04-24T00:00:00,2026-11-08T23:59:59,25743471303;26033681515,"C=GB, O=Sectigo Limited, CN=Sectigo Public Server Authentication CA OV R36"
adfs.fema.dhs.gov,Yes,Yes,1,1,2026-07-29T00:00:00,2027-02-12T23:59:59,28358837412,"C=US, O=DigiCert Inc, CN=DigiCert EV RSA CA G2"
adfs.hq.dhs.gov,Yes,Yes,2,1,2026-01-05T00:00:00,2027-01-08T23:59:59,23595219449;23571510320,"C=US, O=DigiCert Inc, CN=DigiCert Global G2 TLS RSA SHA256 2020 CA1"
adfs.ice.dhs.gov,Yes,Yes,2,1,2025-12-08T16:55:33,2026-12-10T16:21:57,22983473529;23035949492,"C=US, ST=Arizona, L=Scottsdale, O=""GoDaddy.com, Inc."", OU=http://certs.godaddy.com/repository/, CN=Go Daddy Secure Certificate Authority - G2"
admin.fts.tsa.dhs.gov,No,Yes,2,1,2026-06-11T00:00:00,2026-12-26T23:59:59,27097588030;27101082411,"C=GB, O=Sectigo Limited, CN=Sectigo Public Server Authentication CA OV R36"
agent.cbp.dhs.gov,No,Yes,4,1,2025-10-07T00:00:00,2027-04-04T23:59:59,29429625914;21550377170;29445328532;21550352980,"C=GB, O=Sectigo Limited, CN=Sectigo Public Server Authentication CA OV R36"
ai.bp.dhs.gov,No,Yes,4,1,2025-10-07T00:00:00,2027-04-04T23:59:59,29429625914;21550377170;29445328532;21550352980,"C=GB, O=Sectigo Limited, CN=Sectigo Public Server Authentication CA OV R36"
akamai-ds.dhs.gov,No,Yes,25,2,2026-04-18T00:00:00,2027-03-25T23:59:59,28558825009;28350086258;27933743634;29293564950;28495833979;26916527129;29442667731;27397153120;26157198216;28799232251;28356771661;28350768012;25562446938;29304041244;28350138323;27483798157;28796100160;28799248623;26916504600;27483761151;28558764200;29304057979;28350034131;25562479521;28356729871,"C=US, O=DigiCert Inc, CN=DigiCert Global G3 TLS ECC SHA384 2020 CA1;C=US, O=DigiCert Inc, CN=DigiCert Global G2 TLS RSA SHA256 2020 CA1"
akamai-wcms.dhs.gov,No,Yes,2,2,2026-07-18T00:00:00,2027-02-01T23:59:59,28025350782;28025943412,"C=US, O=DigiCert Inc, CN=DigiCert Global G3 TLS ECC SHA384 2020 CA1;C=US, O=DigiCert Inc, CN=DigiCert Global G2 TLS RSA SHA256 2020 CA1"
amoc-access1.amoc.cbp.dhs.gov,Yes,Yes,2,1,2026-04-28T00:00:00,2026-11-12T23:59:59,25882208097;26082057507,"C=GB, O=Sectigo Limited, CN=Sectigo Public Server Authentication CA OV R36"
amoc-access2.amoc.cbp.dhs.gov,Yes,Yes,2,1,2026-04-28T00:00:00,2026-11-12T23:59:59,26082068246;25882209267,"C=GB, O=Sectigo Limited, CN=Sectigo Public Server Authentication CA OV R36"
amocunitrac.cbp.dhs.gov,Yes,Yes,11,5,2026-06-25T00:00:00,2027-01-09T23:59:59,27839548494;28446160559;28446169983;29328687050;27839542426;28446163733;27465731316;28446167517;29306658253;27465732727;29305717319,"C=US, O=Let's Encrypt, CN=YE1;C=US, O=Google Trust Services, CN=WE1;C=GB, O=Sectigo Limited, CN=Sectigo Public Server Authentication CA OV R36;C=US, O=Let's Encrypt, CN=YR1;C=US, O=Google Trust Services, CN=WR1"
amowave.cbp.dhs.gov,Yes,Yes,2,1,2026-03-20T00:00:00,2026-12-18T23:59:59,28626163051;25113434970,"C=US, O=DigiCert Inc, CN=DigiCert Global G2 TLS RSA SHA256 2020 CA1"
analytics-uip.cbp.dhs.gov,Yes,Yes,2,1,2026-08-13T00:00:00,2027-02-27T23:59:59,28784627904;28780085637,"C=GB, O=Sectigo Limited, CN=Sectigo Public Server Authentication CA OV R36"
analytics.uscis.dhs.gov,Yes,Yes,1,1,2025-11-14T00:00:00,2026-11-13T23:59:59,22467228173,"C=US, O=DigiCert Inc, CN=DigiCert Global G2 TLS RSA SHA256 2020 CA1"
apex.sandbox-g110f.dhs.gov,No,Yes,2,2,2026-08-27T17:34:28,2026-11-25T18:34:35,29241879021;29241879094,"C=US, O=Google Trust Services, CN=WR1;C=US, O=Google Trust Services, CN=WE1"
apfs-cloud.dhs.gov,Yes,Yes,2,2,2025-10-14T00:00:00,2027-03-30T23:59:59,29423019031;21716052547,"C=US, O=Amazon, CN=Amazon RSA 2048 M01;C=US, O=Amazon, CN=Amazon RSA 2048 M04"
apfs-era.dhs.gov,Yes,Yes,1,1,2026-09-22T00:05:44,2026-12-21T00:11:50,29510591032,"C=US, O=SSL Corporation, CN=Cloudflare TLS Issuing ECC CA 3"
api-cuascop-dev.cbp.dhs.gov,Yes,Yes,6,1,2026-03-20T00:00:00,2026-10-04T23:59:59,25121499564;25121484652;25121434636;25121397484;25121435488;25121380062,"C=GB, O=Sectigo Limited, CN=Sectigo Public Server Authentication CA OV R36"
api-cuascop.cbp.dhs.gov,Yes,Yes,2,1,2026-04-14T00:00:00,2026-10-29T23:59:59,25598991486;25539497998,"C=GB, O=Sectigo Limited, CN=Sectigo Public Server Authentication CA OV R36"
api-dev.dtect.dhs.gov,No,Yes,6,2,2026-02-24T00:00:00,2027-03-20T23:59:59,29248095637;24619835048;24619836448;28143335356;28143337979;29248096089,"C=GB, O=Sectigo Limited, CN=Sectigo Public Server Authentication CA DV R36;C=CA, O=Entrust Limited, CN=Entrust EV TLS Issuing RSA CA 2"
api-devl.cbp.dhs.gov,Yes,Yes,10,3,2026-08-02T17:12:08,2027-03-17T23:59:59,28467138372;28467182053;29204100603;29203849162;28467498770;28467152874;28467514447;28467180109;28467542847;28467514768,"C=GB, O=Sectigo Limited, CN=Sectigo Public Server Authentication CA OV R36;C=US, O=SSL Corporation, CN=Cloudflare TLS Issuing RSA CA 3;C=US, O=SSL Corporation, CN=Cloudflare TLS Issuing ECC CA 3"
api-ng.cbp.dhs.gov,Yes,Yes,2,1,2026-09-08T00:00:00,2027-03-25T23:59:59,29294694979;29294695047,"C=GB, O=Sectigo Limited, CN=Sectigo Public Server Authentication CA OV R36"
api-preprod.acdms2.tsa.dhs.gov,Yes,Yes,2,1,2026-05-28T00:00:00,2026-12-12T23:59:59,26709989888;26710023063,"C=GB, O=Sectigo Limited, CN=Sectigo Public Server Authentication CA OV R36"
api-sandbox.dtect.dhs.gov,No,Yes,6,2,2026-02-24T00:00:00,2027-03-20T23:59:59,29248095637;24619835048;29003798129;29003795263;24619836448;29248096089,"C=GB, O=Sectigo Limited, CN=Sectigo Public Server Authentication CA DV R36;C=CA, O=Entrust Limited, CN=Entrust EV TLS Issuing RSA CA 2"
api-sat.cbp.dhs.gov,Yes,Yes,11,3,2026-08-02T17:33:32,2027-03-17T23:59:59,28467672851;28467940797;28467669842;28467640337;28468012625;29203855665;28467940571;28467983115;28467639328;28467539364;29204101013,"C=GB, O=Sectigo Limited, CN=Sectigo Public Server Authentication CA OV R36;C=US, O=SSL Corporation, CN=Cloudflare TLS Issuing RSA CA 3;C=US, O=SSL Corporation, CN=Cloudflare TLS Issuing ECC CA 3"
api-staging.acdms2.tsa.dhs.gov,Yes,Yes,2,1,2025-09-30T00:00:00,2026-10-31T23:59:59,21380496643;21380464114,"C=CA, O=Entrust Limited, CN=Entrust OV TLS Issuing RSA CA 2"
api-test.dtect.dhs.gov,No,Yes,6,2,2026-02-24T00:00:00,2027-03-20T23:59:59,29248095637;28143274450;24619835048;24619836448;28143276662;29248096089,"C=GB, O=Sectigo Limited, CN=Sectigo Public Server Authentication CA DV R36;C=CA, O=Entrust Limited, CN=Entrust EV TLS Issuing RSA CA 2"
api.acdms2.tsa.dhs.gov,Yes,Yes,2,1,2026-01-29T00:00:00,2027-03-01T23:59:59,24062781668;24062782309,"C=CA, O=Entrust Limited, CN=Entrust OV TLS Issuing RSA CA 2"
api.cbp.dhs.gov,Yes,Yes,4,1,2025-10-07T00:00:00,2027-04-04T23:59:59,29429625914;21550377170;29445328532;21550352980,"C=GB, O=Sectigo Limited, CN=Sectigo Public Server Authentication CA OV R36"
api.dtect.dhs.gov,No,Yes,6,2,2026-02-24T00:00:00,2027-03-20T23:59:59,29248095637;24619835048;28143299097;28143304397;24619836448;29248096089,"C=GB, O=Sectigo Limited, CN=Sectigo Public Server Authentication CA DV R36;C=CA, O=Entrust Limited, CN=Entrust EV TLS Issuing RSA CA 2"
api.hkma.st.dhs.gov,No,Yes,2,1,2026-08-12T14:27:04,2027-02-26T14:27:04,28770846372;28770845466,"C=US, O=GoDaddy.com, CN=GoDaddy TLS Intermediate CA EV - R1v1"
api.myjournal-cbp.dhs.gov,No,Yes,1,1,2026-08-27T00:00:00,2027-03-13T23:59:59,29088429189,"C=US, O=DigiCert Inc, CN=DigiCert EV RSA CA G2"
api.myjournal-fletc.dhs.gov,No,Yes,1,1,2026-08-27T00:00:00,2027-03-13T23:59:59,29090789059,"C=US, O=DigiCert Inc, CN=DigiCert EV RSA CA G2"
api.myjournal-hq.dhs.gov,No,Yes,1,1,2026-08-27T00:00:00,2027-03-13T23:59:59,29090789257,"C=US, O=DigiCert Inc, CN=DigiCert EV RSA CA G2"
api.myjournal-uscis.dhs.gov,No,Yes,1,1,2026-08-27T00:00:00,2027-03-13T23:59:59,29090789479,"C=US, O=DigiCert Inc, CN=DigiCert EV RSA CA G2"
api.op.cuascop.st.dhs.gov,Yes,Yes,5,2,2026-07-23T18:24:56,2026-10-21T19:38:26,28191721825;28190434935;28197755971;28190836384;28190480948,"C=US, O=Google Trust Services, CN=WR1;C=US, O=Google Trust Services, CN=WE1"
api.techflow-guru.tsa.dhs.gov,No,Yes,2,1,2026-09-04T00:00:00,2027-03-21T23:59:59,29256186052;29256185768,"C=GB, O=Sectigo Limited, CN=Sectigo Public Server Authentication CA OV R36"
apiqa.techflow-guru.tsa.dhs.gov,No,Yes,2,1,2026-07-06T00:00:00,2027-01-20T23:59:59,27737422783;27737417687,"C=CA, O=Entrust Limited, CN=Entrust OV TLS Issuing RSA CA 2"
apis.cdp.ctas.dhs.gov,No,Yes,2,1,2025-09-24T00:00:00,2026-09-30T23:59:59,21544296190;21253314307,"C=US, O=DigiCert Inc, CN=DigiCert Global G2 TLS RSA SHA256 2020 CA1"
apis.ctas.dhs.gov,No,Yes,2,1,2025-09-24T00:00:00,2026-09-30T23:59:59,21544296190;21253314307,"C=US, O=DigiCert Inc, CN=DigiCert Global G2 TLS RSA SHA256 2020 CA1"
apistaging.techflow-guru.tsa.dhs.gov,No,Yes,2,1,2026-07-06T00:00:00,2027-01-20T23:59:59,27737422783;27737417687,"C=CA, O=Entrust Limited, CN=Entrust OV TLS Issuing RSA CA 2"
app.sandbox-g110f.dhs.gov,No,Yes,2,2,2026-07-25T20:39:53,2026-10-23T21:39:59,28247958011;28247964374,"C=US, O=Google Trust Services, CN=WR1;C=US, O=Google Trust Services, CN=WE1"
apps-d.tsa.dhs.gov,No,Yes,2,1,2026-07-22T00:00:00,2027-02-05T23:59:59,28158562689;28158565095,"C=CA, O=Entrust Limited, CN=Entrust OV TLS Issuing RSA CA 2"
apps-ite.tsa.dhs.gov,Yes,Yes,2,1,2026-02-03T00:00:00,2027-03-06T23:59:59,24165086131;24165084377,"C=CA, O=Entrust Limited, CN=Entrust OV TLS Issuing RSA CA 2"
apps-l.tsa.dhs.gov,No,Yes,2,1,2026-07-22T00:00:00,2027-02-05T23:59:59,28158562689;28158565095,"C=CA, O=Entrust Limited, CN=Entrust OV TLS Issuing RSA CA 2"
apps-s.tsa.dhs.gov,No,Yes,2,1,2026-07-22T00:00:00,2027-02-05T23:59:59,28158562689;28158565095,"C=CA, O=Entrust Limited, CN=Entrust OV TLS Issuing RSA CA 2"
apps.cbp.dhs.gov,No,Yes,2,1,2026-07-07T00:00:00,2027-01-21T23:59:59,27763088537;27763088040,"C=GB, O=Sectigo Limited, CN=Sectigo Public Server Authentication CA OV R36"
apps.tsa.dhs.gov,Yes,Yes,2,1,2026-07-22T00:00:00,2027-02-05T23:59:59,28158562689;28158565095,"C=CA, O=Entrust Limited, CN=Entrust OV TLS Issuing RSA CA 2"
asop-vq.tsa.dhs.gov,No,Yes,2,1,2026-07-16T00:00:00,2027-01-30T23:59:59,27991974680;27991972616,"C=CA, O=Entrust Limited, CN=Entrust OV TLS Issuing RSA CA 2"
asop.tsa.dhs.gov,No,Yes,2,1,2026-07-16T00:00:00,2027-01-30T23:59:59,27991974680;27991972616,"C=CA, O=Entrust Limited, CN=Entrust OV TLS Issuing RSA CA 2"
asopstg.tsa.dhs.gov,No,Yes,2,1,2026-07-16T00:00:00,2027-01-30T23:59:59,27991974680;27991972616,"C=CA, O=Entrust Limited, CN=Entrust OV TLS Issuing RSA CA 2"
associates.tsa.dhs.gov,No,Yes,2,1,2026-08-12T00:00:00,2027-02-26T23:59:59,28771192441;28770931542,"C=CA, O=Entrust Limited, CN=Entrust OV TLS Issuing RSA CA 2"
aternity-docker-nonprod.uscis.dhs.gov,Yes,Yes,4,3,2026-08-13T23:51:07,2026-12-05T02:56:56,29388157239;28851947287;28807465147;29388170593,"C=US, O=Google Trust Services, CN=WR1;C=US, O=Let's Encrypt, CN=YR1;C=US, O=Google Trust Services, CN=WE1"
athoc.uscis.dhs.gov,Yes,Yes,3,1,2026-02-12T00:00:00,2027-03-15T23:59:59,24499047727;24390107626;24363655249,"C=US, O=DigiCert Inc, CN=DigiCert Global G2 TLS RSA SHA256 2020 CA1"
atlas-ext.cisa.dhs.gov,Yes,Yes,8,2,2026-07-07T19:27:29,2026-12-03T21:31:47,29351303222;29266447505;29266445621;27765021423;27765041320;29266321266;27765344745;27765366064,"C=US, O=Google Trust Services, CN=WR1;C=US, O=Google Trust Services, CN=WE1"
auth-test.tsa.dhs.gov,No,Yes,2,1,2026-05-13T00:00:00,2026-11-27T23:59:59,26321248094;26316537086,"C=GB, O=Sectigo Limited, CN=Sectigo Public Server Authentication CA OV R36"
auth.myhsin.dhs.gov,No,Yes,1,1,2026-08-11T00:00:00,2027-02-25T23:59:59,28739179350,"C=US, O=DigiCert Inc, CN=DigiCert Global G2 TLS RSA SHA256 2020 CA1"
auth.myjournal-cbp.dhs.gov,No,Yes,1,1,2026-08-27T00:00:00,2027-03-13T23:59:59,29088429189,"C=US, O=DigiCert Inc, CN=DigiCert EV RSA CA G2"
auth.myjournal-fletc.dhs.gov,No,Yes,1,1,2026-08-27T00:00:00,2027-03-13T23:59:59,29090789059,"C=US, O=DigiCert Inc, CN=DigiCert EV RSA CA G2"
auth.myjournal-hq.dhs.gov,No,Yes,1,1,2026-08-27T00:00:00,2027-03-13T23:59:59,29090789257,"C=US, O=DigiCert Inc, CN=DigiCert EV RSA CA G2"
auth.myjournal-uscis.dhs.gov,No,Yes,1,1,2026-08-27T00:00:00,2027-03-13T23:59:59,29090789479,"C=US, O=DigiCert Inc, CN=DigiCert EV RSA CA G2"
auth.tsa.dhs.gov,No,Yes,2,1,2026-05-13T00:00:00,2026-11-27T23:59:59,26321932151;26316671729,"C=GB, O=Sectigo Limited, CN=Sectigo Public Server Authentication CA OV R36"
authenticate.afi.cbp.dhs.gov,No,Yes,2,1,2026-07-07T00:00:00,2027-01-21T23:59:59,27763088537;27763088040,"C=GB, O=Sectigo Limited, CN=Sectigo Public Server Authentication CA OV R36"
authid-test.tsa.dhs.gov,Yes,Yes,2,1,2026-05-13T00:00:00,2026-11-27T23:59:59,26321248094;26316537086,"C=GB, O=Sectigo Limited, CN=Sectigo Public Server Authentication CA OV R36"
authid.tsa.dhs.gov,Yes,Yes,2,1,2026-05-13T00:00:00,2026-11-27T23:59:59,26321932151;26316671729,"C=GB, O=Sectigo Limited, CN=Sectigo Public Server Authentication CA OV R36"
authportal.fema.dhs.gov,Yes,Yes,2,1,2025-09-23T00:00:00,2026-10-24T23:59:59,21220808717;21220825394,"C=CA, O=Entrust Limited, CN=Entrust EV TLS Issuing RSA CA 2"
authportalext.fema.dhs.gov,No,Yes,2,1,2025-09-23T00:00:00,2026-10-24T23:59:59,21220808717;21220825394,"C=CA, O=Entrust Limited, CN=Entrust EV TLS Issuing RSA CA 2"
autodiscover.associates.fps.dhs.gov,No,Yes,4,1,2025-12-08T14:58:08,2026-12-10T13:31:56,22981506140;23031624578;22985252154;23031543199,"C=US, ST=Arizona, L=Scottsdale, O=""GoDaddy.com, Inc."", OU=http://certs.godaddy.com/repository/, CN=Go Daddy Secure Certificate Authority - G2"
autodiscover.associates.ice.dhs.gov,No,Yes,4,1,2025-12-08T14:58:08,2026-12-10T13:31:56,22981506140;23031624578;22985252154;23031543199,"C=US, ST=Arizona, L=Scottsdale, O=""GoDaddy.com, Inc."", OU=http://certs.godaddy.com/repository/, CN=Go Daddy Secure Certificate Authority - G2"
autodiscover.associates.tsa.dhs.gov,No,Yes,2,1,2026-07-14T00:00:00,2027-01-28T23:59:59,27934723190;27934733051,"C=CA, O=Entrust Limited, CN=Entrust OV TLS Issuing RSA CA 2"
autodiscover.eop.tsa.dhs.gov,No,Yes,2,1,2026-07-14T00:00:00,2027-01-28T23:59:59,27934723190;27934733051,"C=CA, O=Entrust Limited, CN=Entrust OV TLS Issuing RSA CA 2"
autodiscover.fo.tsa.dhs.gov,No,Yes,2,1,2026-07-14T00:00:00,2027-01-28T23:59:59,27934723190;27934733051,"C=CA, O=Entrust Limited, CN=Entrust OV TLS Issuing RSA CA 2"
autodiscover.fps.dhs.gov,No,Yes,4,1,2025-12-08T14:58:08,2026-12-10T13:31:56,22981506140;23031624578;22985252154;23031543199,"C=US, ST=Arizona, L=Scottsdale, O=""GoDaddy.com, Inc."", OU=http://certs.godaddy.com/repository/, CN=Go Daddy Secure Certificate Authority - G2"
autodiscover.ice.dhs.gov,No,Yes,4,1,2025-12-08T14:58:08,2026-12-10T13:31:56,22981506140;23031624578;22985252154;23031543199,"C=US, ST=Arizona, L=Scottsdale, O=""GoDaddy.com, Inc."", OU=http://certs.godaddy.com/repository/, CN=Go Daddy Secure Certificate Authority - G2"
autodiscover.irmnet.ds2.dhs.gov,No,Yes,4,1,2025-12-08T14:58:08,2026-12-10T13:31:56,22981506140;23031624578;22985252154;23031543199,"C=US, ST=Arizona, L=Scottsdale, O=""GoDaddy.com, Inc."", OU=http://certs.godaddy.com/repository/, CN=Go Daddy Secure Certificate Authority - G2"
autodiscover.tsa.dhs.gov,No,Yes,2,1,2026-07-14T00:00:00,2027-01-28T23:59:59,27934723190;27934733051,"C=CA, O=Entrust Limited, CN=Entrust OV TLS Issuing RSA CA 2"
automation-wcms.dhs.gov,No,Yes,6,1,2025-12-15T00:00:00,2026-12-16T23:59:59,28134734297;23135749947;23136892758;28358455704;28301334213;28301367950,"C=US, O=DigiCert Inc, OU=www.digicert.com, CN=GeoTrust TLS RSA CA G1"
av-wcms.dhs.gov,No,Yes,6,1,2025-12-15T00:00:00,2026-12-16T23:59:59,28134734297;23135749947;23136892758;28358455704;28301334213;28301367950,"C=US, O=DigiCert Inc, OU=www.digicert.com, CN=GeoTrust TLS RSA CA G1"
awgateway.uscis.dhs.gov,Yes,Yes,1,1,2026-02-13T00:00:00,2027-02-12T23:59:59,24385628626,"C=US, O=DigiCert Inc, CN=DigiCert Global G2 TLS RSA SHA256 2020 CA1"
b2b.cbp.dhs.gov,No,Yes,4,1,2025-10-07T00:00:00,2027-04-04T23:59:59,29429625914;21550377170;29445328532;21550352980,"C=GB, O=Sectigo Limited, CN=Sectigo Public Server Authentication CA OV R36"
baa.dhs.gov,No,Yes,4,2,2025-09-19T21:07:41,2027-03-20T17:57:33,29255304940;29236731954;21140393401;22523796775,"C=US, O=GoDaddy.com, CN=GoDaddy TLS Intermediate CA EV - R1v1;C=US, ST=Arizona, L=Scottsdale, O=""GoDaddy.com, Inc."", OU=http://certs.godaddy.com/repository/, CN=Go Daddy Secure Certificate Authority - G2"
bd21.cwmd.dhs.gov,No,Yes,2,1,2026-02-24T00:00:00,2027-02-24T23:59:59,24619835048;24619836448,"C=GB, O=Sectigo Limited, CN=Sectigo Public Server Authentication CA DV R36"
bdsp.cbp.dhs.gov,Yes,Yes,2,1,2026-06-10T00:00:00,2026-12-25T23:59:59,27053173900;27053092425,"C=GB, O=Sectigo Limited, CN=Sectigo Public Server Authentication CA OV R36"
bigdataanalyticspub-sb.uscis.dhs.gov,Yes,Yes,3,1,2026-01-26T00:00:00,2027-01-25T23:59:59,24927279937;23998083607;24187652090,"C=US, O=DigiCert Inc, CN=DigiCert Global G2 TLS RSA SHA256 2020 CA1"
bigpipe.cbp.dhs.gov,No,Yes,27,3,2025-12-04T00:00:00,2027-03-25T23:59:59,28558825009;28350086258;27933743634;29293564950;28495833979;26916527129;29442667731;27397153120;26157198216;22893888570;28799232251;28356771661;28350768012;25562446938;29304041244;28350138323;27483798157;28796100160;28799248623;26916504600;27483761151;28558764200;29304057979;22893888621;28350034131;25562479521;28356729871,"C=US, O=DigiCert Inc, CN=DigiCert Global G3 TLS ECC SHA384 2020 CA1;C=GB, O=Sectigo Limited, CN=Sectigo Public Server Authentication CA OV R36;C=US, O=DigiCert Inc, CN=DigiCert Global G2 TLS RSA SHA256 2020 CA1"
bigpipeapp.cbp.dhs.gov,Yes,Yes,2,1,2026-08-06T00:00:00,2027-02-20T23:59:59,28591844576;28591836135,"C=GB, O=Sectigo Limited, CN=Sectigo Public Server Authentication CA OV R36"
biometrics.cbp.dhs.gov,Yes,Yes,2,1,2026-08-03T00:00:00,2027-02-17T23:59:59,28495150884;28495156280,"C=GB, O=Sectigo Limited, CN=Sectigo Public Server Authentication CA OV R36"
biosigma.cwmd.dhs.gov,No,Yes,2,1,2026-02-24T00:00:00,2027-02-24T23:59:59,24619835048;24619836448,"C=GB, O=Sectigo Limited, CN=Sectigo Public Server Authentication CA DV R36"
biowatchportal.dhs.gov,No,Yes,16,2,2026-02-24T00:00:00,2027-03-20T23:59:59,29248468121;28143000764;29248469436;29248474903;29248491431;24619835048;29248496253;29248474930;28143002165;24619836448;29248495629;29248466220;29248491903;29248499977;29248465826;29248500511,"C=GB, O=Sectigo Limited, CN=Sectigo Public Server Authentication CA DV R36;C=CA, O=Entrust Limited, CN=Entrust EV TLS Issuing RSA CA 2"
bridge.sandbox-g110f.dhs.gov,No,Yes,3,2,2026-07-25T19:19:00,2026-12-21T20:37:16,29525249951;28246464996;28246445165,"C=US, O=Google Trust Services, CN=WR1;C=US, O=Google Trust Services, CN=WE1"
broker-preview.cbp.dhs.gov,Yes,Yes,2,1,2026-06-16T00:00:00,2026-12-31T23:59:59,27239567200;27239602444,"C=GB, O=Sectigo Limited, CN=Sectigo Public Server Authentication CA OV R36"
broker.cbp.dhs.gov,Yes,Yes,2,1,2026-06-16T00:00:00,2026-12-31T23:59:59,27239601059;27239566307,"C=GB, O=Sectigo Limited, CN=Sectigo Public Server Authentication CA OV R36"
broker2-preview.cbp.dhs.gov,No,Yes,2,1,2026-06-16T00:00:00,2026-12-31T23:59:59,27239567200;27239602444,"C=GB, O=Sectigo Limited, CN=Sectigo Public Server Authentication CA OV R36"
broker2.cbp.dhs.gov,No,Yes,2,1,2026-06-16T00:00:00,2026-12-31T23:59:59,27239601059;27239566307,"C=GB, O=Sectigo Limited, CN=Sectigo Public Server Authentication CA OV R36"
bsve.dhs.gov,Yes,Yes,6,1,2025-12-24T00:00:00,2027-01-24T23:59:59,23341389169;23341945232;23342390607;23341944516;23341390020;23342389285,"C=CA, O=Entrust Limited, CN=Entrust DV TLS Issuing RSA CA 2"
bw1.biowatchportal.dhs.gov,No,Yes,16,2,2026-02-24T00:00:00,2027-03-20T23:59:59,29248468121;29248469436;29248474903;29248491431;24619835048;29248496253;29248474930;24619836448;28142893135;29248495629;28142897898;29248466220;29248491903;29248499977;29248465826;29248500511,"C=GB, O=Sectigo Limited, CN=Sectigo Public Server Authentication CA DV R36;C=CA, O=Entrust Limited, CN=Entrust EV TLS Issuing RSA CA 2"
bw2.biowatchportal.dhs.gov,No,Yes,16,2,2026-02-24T00:00:00,2027-03-20T23:59:59,29248468121;29248469436;29248474903;29248491431;24619835048;29248496253;29248474930;24619836448;28142893135;29248495629;28142897898;29248466220;29248491903;29248499977;29248465826;29248500511,"C=GB, O=Sectigo Limited, CN=Sectigo Public Server Authentication CA DV R36;C=CA, O=Entrust Limited, CN=Entrust EV TLS Issuing RSA CA 2"
bw3.biowatchportal.dhs.gov,No,Yes,16,2,2026-02-24T00:00:00,2027-03-20T23:59:59,29248468121;29248469436;29248474903;29248491431;24619835048;29248496253;29248474930;24619836448;28142893135;29248495629;28142897898;29248466220;29248491903;29248499977;29248465826;29248500511,"C=GB, O=Sectigo Limited, CN=Sectigo Public Server Authentication CA DV R36;C=CA, O=Entrust Limited, CN=Entrust EV TLS Issuing RSA CA 2"
bw4.biowatchportal.dhs.gov,No,Yes,16,2,2026-02-24T00:00:00,2027-03-20T23:59:59,29248468121;29248469436;29248474903;29248491431;24619835048;29248496253;29248474930;24619836448;28142893135;29248495629;28142897898;29248466220;29248491903;29248499977;29248465826;29248500511,"C=GB, O=Sectigo Limited, CN=Sectigo Public Server Authentication CA DV R36;C=CA, O=Entrust Limited, CN=Entrust EV TLS Issuing RSA CA 2"
bw5.biowatchportal.dhs.gov,No,Yes,16,2,2026-02-24T00:00:00,2027-03-20T23:59:59,29248468121;29248469436;29248474903;29248491431;24619835048;29248496253;29248474930;24619836448;28142893135;29248495629;28142897898;29248466220;29248491903;29248499977;29248465826;29248500511,"C=GB, O=Sectigo Limited, CN=Sectigo Public Server Authentication CA DV R36;C=CA, O=Entrust Limited, CN=Entrust EV TLS Issuing RSA CA 2"
bw6.biowatch-int.dhs.gov,Yes,Yes,5,2,2026-02-24T00:00:00,2027-02-24T23:59:59,28143407374;24619835048;24619836448;29319671287;28143407805,"C=GB, O=Sectigo Limited, CN=Sectigo Public Server Authentication CA DV R36;C=CA, O=Entrust Limited, CN=Entrust EV TLS Issuing RSA CA 2"
caadi-7001-uat.dhs.gov,Yes,Yes,7,2,2026-07-25T00:00:00,2027-03-13T23:59:59,28958806542;28224634433;29093468010;28224799316;28835462722;28774375760;28835430188,"C=US, O=DigiCert Inc, CN=DigiCert Global G3 TLS ECC SHA384 2020 CA1;C=US, O=DigiCert Inc, CN=DigiCert Global G2 TLS RSA SHA256 2020 CA1"
caadi-7001.dhs.gov,Yes,Yes,7,2,2026-07-25T00:00:00,2027-03-13T23:59:59,28958806542;29093466243;28224634433;28224799316;28835462722;28774375760;28835430188,"C=US, O=DigiCert Inc, CN=DigiCert Global G3 TLS ECC SHA384 2020 CA1;C=US, O=DigiCert Inc, CN=DigiCert Global G2 TLS RSA SHA256 2020 CA1"
camits-a.cbp.dhs.gov,No,Yes,2,1,2026-01-27T00:00:00,2027-01-27T23:59:59,24019745541;24019750967,"C=GB, O=Sectigo Limited, CN=Sectigo Public Server Authentication CA OV R36"
camits.cbp.dhs.gov,Yes,Yes,2,1,2026-01-27T00:00:00,2027-01-27T23:59:59,24019745541;24019750967,"C=GB, O=Sectigo Limited, CN=Sectigo Public Server Authentication CA OV R36"
cap-my.uscis.dhs.gov,No,Yes,2,1,2025-12-18T00:00:00,2027-01-18T23:59:59,24145937108;23203289024,"C=US, O=DigiCert Inc, CN=DigiCert Global G2 TLS RSA SHA256 2020 CA1"
capsis-dev.dhs.gov,Yes,Yes,2,1,2026-07-08T11:22:20,2026-10-06T11:22:19,27781486554;27781499054,"C=US, O=Let's Encrypt, CN=YE2"
capsis.dhs.gov,No,Yes,25,2,2026-04-18T00:00:00,2027-03-25T23:59:59,28558825009;28350086258;27933743634;29293564950;28495833979;26916527129;29442667731;27397153120;26157198216;28799232251;28356771661;28350768012;25562446938;29304041244;28350138323;27483798157;28796100160;28799248623;26916504600;27483761151;28558764200;29304057979;28350034131;25562479521;28356729871,"C=US, O=DigiCert Inc, CN=DigiCert Global G3 TLS ECC SHA384 2020 CA1;C=US, O=DigiCert Inc, CN=DigiCert Global G2 TLS RSA SHA256 2020 CA1"
casm.cisa.dhs.gov,Yes,Yes,4,2,2026-08-01T23:49:45,2026-10-31T01:13:54,28449311293;28448892389;28448892682;28449329746,"C=US, O=Google Trust Services, CN=WR1;C=US, O=Google Trust Services, CN=WE1"
casm.dhs.gov,No,Yes,2,2,2026-06-20T00:00:00,2027-01-04T23:59:59,27331852353;27331919937,"C=US, O=DigiCert Inc, CN=DigiCert Global G3 TLS ECC SHA384 2020 CA1;C=US, O=DigiCert Inc, CN=DigiCert Global G2 TLS RSA SHA256 2020 CA1"
cbp-bigpipe-dev.sat.cbp.dhs.gov,Yes,Yes,2,1,2026-06-25T00:00:00,2027-01-09T23:59:59,27477577068;27477596907,"C=GB, O=Sectigo Limited, CN=Sectigo Public Server Authentication CA OV R36"
cbp-bigpipe.cbp.dhs.gov,No,Yes,24,3,2026-06-04T00:00:00,2027-03-25T23:59:59,26884714444;28558825009;28350086258;27933743634;29293564950;28495833979;26916527129;29442667731;27397153120;28799232251;28356771661;28350768012;29304041244;28350138323;27483798157;28796100160;28799248623;26884756714;26916504600;27483761151;28558764200;29304057979;28350034131;28356729871,"C=US, O=DigiCert Inc, CN=DigiCert Global G3 TLS ECC SHA384 2020 CA1;C=GB, O=Sectigo Limited, CN=Sectigo Public Server Authentication CA OV R36;C=US, O=DigiCert Inc, CN=DigiCert Global G2 TLS RSA SHA256 2020 CA1"
cbp-guest.cbp.dhs.gov,Yes,Yes,4,1,2025-10-08T00:00:00,2027-03-25T23:59:59,29287583300;29292135495;21571321936;21571298852,"C=GB, O=Sectigo Limited, CN=Sectigo Public Server Authentication CA OV R36"
cbp-naa-bigpipe.cbp.dhs.gov,Yes,Yes,4,3,2026-09-08T00:00:00,2027-03-25T23:59:59,29442667731;29304057979;29304041244;29345407474,"C=US, O=DigiCert Inc, CN=DigiCert Global G3 TLS ECC SHA384 2020 CA1;C=US, O=SSL Corporation, CN=Cloudflare TLS Issuing RSA CA 3;C=US, O=DigiCert Inc, CN=DigiCert Global G2 TLS RSA SHA256 2020 CA1"
cbp.dhs.gov,No,Yes,19,2,2026-02-09T00:00:00,2027-02-08T23:59:59,28292263730;26827910261;26827891567;28150820500;29434558352;28298558306;24274179177;28292223364;25339704212;28150757359;25311199298;25522372638;26827912771;24805020696;25313011763;24274056928;25865556717;28298620541;28298507564,"C=US, O=DigiCert Inc, CN=DigiCert Global G3 TLS ECC SHA384 2020 CA1;C=US, O=DigiCert Inc, CN=DigiCert Global G2 TLS RSA SHA256 2020 CA1"
cbpbusinessconnection-sat1.cbp.dhs.gov,No,Yes,25,2,2026-04-18T00:00:00,2027-03-25T23:59:59,28558825009;28350086258;27933743634;29293564950;28495833979;26916527129;29442667731;27397153120;26157198216;28799232251;28356771661;28350768012;25562446938;29304041244;28350138323;27483798157;28796100160;28799248623;26916504600;27483761151;28558764200;29304057979;28350034131;25562479521;28356729871,"C=US, O=DigiCert Inc, CN=DigiCert Global G3 TLS ECC SHA384 2020 CA1;C=US, O=DigiCert Inc, CN=DigiCert Global G2 TLS RSA SHA256 2020 CA1"
cbpbusinessconnection.cbp.dhs.gov,No,Yes,25,2,2026-04-18T00:00:00,2027-03-25T23:59:59,28558825009;28350086258;27933743634;29293564950;28495833979;26916527129;29442667731;27397153120;26157198216;28799232251;28356771661;28350768012;25562446938;29304041244;28350138323;27483798157;28796100160;28799248623;26916504600;27483761151;28558764200;29304057979;28350034131;25562479521;28356729871,"C=US, O=DigiCert Inc, CN=DigiCert Global G3 TLS ECC SHA384 2020 CA1;C=US, O=DigiCert Inc, CN=DigiCert Global G2 TLS RSA SHA256 2020 CA1"
cbph-sat.cbp.dhs.gov,Yes,Yes,2,1,2025-10-27T00:00:00,2026-10-27T23:59:59,22040848578;22040863912,"C=GB, O=Sectigo Limited, CN=Sectigo Public Server Authentication CA OV R36"
cbph.cbp.dhs.gov,Yes,Yes,2,1,2025-10-27T00:00:00,2026-10-27T23:59:59,22040863995;22040848495,"C=GB, O=Sectigo Limited, CN=Sectigo Public Server Authentication CA OV R36"
cbplink-cert.cbp.dhs.gov,Yes,Yes,9,3,2026-04-14T00:00:00,2027-04-08T23:59:59,25538891805;28958806542;28224634433;28224799316;28835462722;28774375760;25887864415;28835430188;29518051370,"C=US, O=DigiCert Inc, CN=DigiCert Global G3 TLS ECC SHA384 2020 CA1;C=GB, O=Sectigo Limited, CN=Sectigo Public Server Authentication CA OV R36;C=US, O=DigiCert Inc, CN=DigiCert Global G2 TLS RSA SHA256 2020 CA1"
cbplink.cbp.dhs.gov,Yes,Yes,9,3,2026-04-15T00:00:00,2027-04-08T23:59:59,28958806542;28224634433;25554765530;28224799316;28835462722;28774375760;29518049868;25913617955;28835430188,"C=US, O=DigiCert Inc, CN=DigiCert Global G3 TLS ECC SHA384 2020 CA1;C=GB, O=Sectigo Limited, CN=Sectigo Public Server Authentication CA OV R36;C=US, O=DigiCert Inc, CN=DigiCert Global G2 TLS RSA SHA256 2020 CA1"
cbpmdm-uat.cbp.dhs.gov,Yes,Yes,10,3,2026-04-21T00:00:00,2026-11-05T23:59:59,28465226976;28464970176;28465252922;28464935675;25638607665;25998455729;28464937450;28465215742;28465249763;28464955144,"C=GB, O=Sectigo Limited, CN=Sectigo Public Server Authentication CA EV R36;C=US, O=SSL Corporation, CN=Cloudflare TLS Issuing RSA CA 3;C=US, O=SSL Corporation, CN=Cloudflare TLS Issuing ECC CA 3"
cbpmdm.cbp.dhs.gov,Yes,Yes,6,3,2026-07-09T17:51:04,2027-02-10T23:59:59,27811691808;27811695045;28292996372;28293002449;27811661925;27811661946,"C=US, O=SSL Corporation, CN=Cloudflare TLS Issuing ECC CA 3;C=US, O=SSL Corporation, CN=Cloudflare TLS Issuing RSA CA 3;C=GB, O=Sectigo Limited, CN=Sectigo Public Server Authentication CA EV R36"
cbpuag-uat.cbp.dhs.gov,Yes,Yes,10,3,2026-04-21T00:00:00,2026-11-05T23:59:59,28465948043;28465997517;28466440042;28465996850;25998456602;28466391799;25638607850;28465948781;28466394342;28466541770,"C=GB, O=Sectigo Limited, CN=Sectigo Public Server Authentication CA EV R36;C=US, O=SSL Corporation, CN=Cloudflare TLS Issuing RSA CA 3;C=US, O=SSL Corporation, CN=Cloudflare TLS Issuing ECC CA 3"
cbpuag.cbp.dhs.gov,Yes,Yes,6,3,2026-07-09T18:35:54,2027-02-10T23:59:59,27812486487;28293001425;27812487587;28292996023;27812475995;27812464019,"C=US, O=SSL Corporation, CN=Cloudflare TLS Issuing ECC CA 3;C=US, O=SSL Corporation, CN=Cloudflare TLS Issuing RSA CA 3;C=GB, O=Sectigo Limited, CN=Sectigo Public Server Authentication CA EV R36"
cbpvisitor.cbp.dhs.gov,Yes,Yes,2,1,2026-08-10T00:00:00,2027-02-24T23:59:59,28709328137;28709322899,"C=GB, O=Sectigo Limited, CN=Sectigo Public Server Authentication CA OV R36"
cbpvisitors.cbp.dhs.gov,Yes,Yes,6,3,2026-08-11T00:00:00,2027-02-25T23:59:59,29191744000;29191743999;28740207732;28979499899;28740208945;28979505156,"C=GB, O=Sectigo Limited, CN=Sectigo Public Server Authentication CA OV R36;C=US, O=SSL Corporation, CN=Cloudflare TLS Issuing RSA CA 3;C=US, O=SSL Corporation, CN=Cloudflare TLS Issuing ECC CA 3"
cdm.cisa.dhs.gov,Yes,Yes,8,2,2026-07-17T21:37:08,2026-12-14T00:34:10,29429958223;28023378206;29430798790;28023351572;29430046277;28023578698;29430102992;28023579811,"C=US, O=Google Trust Services, CN=WR1;C=US, O=Google Trust Services, CN=WE1"
cdp.ctas.dhs.gov,No,Yes,2,1,2025-09-24T00:00:00,2026-09-30T23:59:59,21544296190;21253314307,"C=US, O=DigiCert Inc, CN=DigiCert Global G2 TLS RSA SHA256 2020 CA1"
cdp.dhs.gov,Yes,Yes,2,1,2025-09-24T00:00:00,2026-09-30T23:59:59,21544296190;21253314307,"C=US, O=DigiCert Inc, CN=DigiCert Global G2 TLS RSA SHA256 2020 CA1"
cdpemail.dhs.gov,Yes,Yes,1,1,2025-12-15T00:00:00,2026-12-17T23:59:59,23123408421,"C=US, O=DigiCert Inc, CN=DigiCert Global G2 TLS RSA SHA256 2020 CA1"
cdr.biowatchportal.dhs.gov,No,Yes,16,2,2026-02-24T00:00:00,2027-03-20T23:59:59,29248468121;28143000764;29248469436;29248474903;29248491431;24619835048;29248496253;29248474930;28143002165;24619836448;29248495629;29248466220;29248491903;29248499977;29248465826;29248500511,"C=GB, O=Sectigo Limited, CN=Sectigo Public Server Authentication CA DV R36;C=CA, O=Entrust Limited, CN=Entrust EV TLS Issuing RSA CA 2"
certauth.adfs.hq.dhs.gov,No,Yes,2,1,2026-01-05T00:00:00,2027-01-08T23:59:59,23595219449;23571510320,"C=US, O=DigiCert Inc, CN=DigiCert Global G2 TLS RSA SHA256 2020 CA1"
certauth.adfs.ice.dhs.gov,No,Yes,2,1,2025-12-08T16:55:33,2026-12-10T16:21:57,22983473529;23035949492,"C=US, ST=Arizona, L=Scottsdale, O=""GoDaddy.com, Inc."", OU=http://certs.godaddy.com/repository/, CN=Go Daddy Secure Certificate Authority - G2"
certauth.fs.cdpemail.dhs.gov,No,Yes,1,1,2025-09-22T00:00:00,2026-09-28T23:59:59,21204978009,"C=US, O=DigiCert Inc, CN=DigiCert Global G2 TLS RSA SHA256 2020 CA1"
certauth.fs.ice.dhs.gov,No,Yes,2,1,2025-12-08T16:55:33,2026-12-10T16:21:57,22983473529;23035949492,"C=US, ST=Arizona, L=Scottsdale, O=""GoDaddy.com, Inc."", OU=http://certs.godaddy.com/repository/, CN=Go Daddy Secure Certificate Authority - G2"
certauth.sts.fletc.dhs.gov,No,Yes,1,1,2025-11-20T00:00:00,2026-12-21T23:59:59,22621802252,"C=US, O=DigiCert Inc, CN=DigiCert EV RSA CA G2"
certauth.sts.hssedi.dhs.gov,No,Yes,4,1,2025-12-01T00:00:00,2026-12-05T23:59:59,22906087894;22848296347;22848281064;22906109391,"C=GB, O=Sectigo Limited, CN=Sectigo Public Server Authentication CA OV R36"
certauth.sts.st.dhs.gov,No,Yes,5,2,2026-01-20T22:31:29,2027-03-26T19:02:14,28857638841;24060641093;23888467974;29315811541;29315811789,"C=US, O=GoDaddy.com, CN=GoDaddy TLS Intermediate CA EV - R1v1;C=US, ST=Arizona, L=Scottsdale, O=""GoDaddy.com, Inc."", OU=http://certs.godaddy.com/repository/, CN=Go Daddy Secure Certificate Authority - G2"
cfohrestapi.dhs.gov,Yes,Yes,1,1,2026-07-08T00:00:00,2027-01-22T23:59:59,27786955533,"C=US, O=DigiCert Inc, CN=DigiCert Global G2 TLS RSA SHA256 2020 CA1"
checkin.ice.gov,Yes,No,1,1,2026-08-13T00:00:00,2027-02-27T23:59:59,28786506456,"C=US, O=DigiCert Inc, CN=DigiCert Global G2 TLS RSA SHA256 2020 CA1"
cis2-core.apps.k8s.uscis.dhs.gov,No,Yes,3,1,2026-01-28T00:00:00,2027-02-11T23:59:59,24035946413;24035928215;24144181194,"C=US, O=DigiCert Inc, CN=DigiCert Global G2 TLS RSA SHA256 2020 CA1"
cis2.apps.k8s.uscis.dhs.gov,Yes,Yes,2,1,2026-01-28T00:00:00,2027-02-11T23:59:59,24035928215;24144181194,"C=US, O=DigiCert Inc, CN=DigiCert Global G2 TLS RSA SHA256 2020 CA1"
cisa-partner-dev.cisa.dhs.gov,Yes,Yes,1,1,2026-01-23T00:00:00,2027-02-23T23:59:59,23940986623,"C=US, O=DigiCert Inc, CN=DigiCert Global G2 TLS RSA SHA256 2020 CA1"
cisa.dhs.gov,Yes,Yes,5,2,2026-07-26T16:11:37,2026-10-24T17:24:53,28269112763;28269353032;28269357460;28506219980;28269111095,"C=US, O=Google Trust Services, CN=WR1;C=US, O=Google Trust Services, CN=WE1"
cisasnow-swimlane-dev.hq.dhs.gov,Yes,Yes,4,2,2026-07-29T23:20:23,2026-10-27T23:28:12,28363288466;28363285358;28363309607;28363309452,"C=US, O=SSL Corporation, CN=Cloudflare TLS Issuing RSA CA 3;C=US, O=SSL Corporation, CN=Cloudflare TLS Issuing ECC CA 3"
cisasnow-swimlane-prod.hq.dhs.gov,Yes,Yes,8,2,2026-07-29T22:38:58,2026-10-27T22:58:18,28362604358;28362802692;28362773139;28362774924;28362803150;28362568328;28362585857;28362606355,"C=US, O=SSL Corporation, CN=Cloudflare TLS Issuing RSA CA 3;C=US, O=SSL Corporation, CN=Cloudflare TLS Issuing ECC CA 3"
cisomb.dhs.gov,No,Yes,16,1,2025-10-21T00:00:00,2027-03-11T23:59:59,21885448362;29007657589;28224716222;28298214900;28134836837;28349364787;28321147708;28321110926;29060126245;29024652865;28134987148;29457528286;28359262931;27962609909;28660997090;21974683208,"C=US, O=DigiCert Inc, OU=www.digicert.com, CN=GeoTrust TLS RSA CA G1"
clearenrollment.tsa.dhs.gov,Yes,Yes,2,1,2026-07-10T00:00:00,2027-01-24T23:59:59,27839383438;27839381506,"C=CA, O=Entrust Limited, CN=Entrust OV TLS Issuing RSA CA 2"
clearenrollmentuat.tsa.dhs.gov,Yes,Yes,2,1,2026-07-10T00:00:00,2027-01-24T23:59:59,27839435787;27839438456,"C=CA, O=Entrust Limited, CN=Entrust OV TLS Issuing RSA CA 2"
click.cbp.dhs.gov,Yes,Yes,4,1,2026-05-27T00:00:00,2026-12-11T23:59:59,26686515577;26686563937;26686593455;26686535974,"C=GB, O=Sectigo Limited, CN=Sectigo Public Server Authentication CA OV R36"
code.dhs.gov,No,Yes,2,2,2026-01-04T00:00:00,2027-01-05T23:59:59,23539608971;23539476833,"C=US, O=DigiCert Inc, CN=DigiCert Global G3 TLS ECC SHA384 2020 CA1;C=US, O=DigiCert Inc, CN=DigiCert Global G2 TLS RSA SHA256 2020 CA1"
collector.hq.dhs.gov,Yes,Yes,1,1,2026-09-14T00:00:00,2027-03-12T23:59:59,29422783158,"C=US, O=DigiCert Inc, CN=DigiCert Global G2 TLS RSA SHA256 2020 CA1"
collector.tsa.dhs.gov,Yes,Yes,2,1,2026-08-27T00:00:00,2027-03-13T23:59:59,29087342595;29087341932,"C=CA, O=Entrust Limited, CN=Entrust OV TLS Issuing RSA CA 2"
congressionalinquiry.uscis.dhs.gov,Yes,Yes,2,1,2026-01-21T00:00:00,2027-03-05T23:59:59,23900170943;24140376681,"C=US, O=DigiCert Inc, CN=DigiCert Global G2 TLS RSA SHA256 2020 CA1"
connect.cisa.dhs.gov,Yes,Yes,8,4,2026-08-16T00:00:00,2026-12-13T08:21:19,29444198594;28916671028;28886079820;29039809276;29037532675;28916670739;29452858415;29066970833,"C=US, O=Google Trust Services, CN=WR1;C=GB, O=Sectigo Limited, CN=Sectigo Public Server Authentication CA DV E36;C=GB, O=Sectigo Limited, CN=Sectigo Public Server Authentication CA DV R36;C=US, O=Google Trust Services, CN=WE1"
courses.dhs.gov,No,Yes,9,1,2025-10-21T00:00:00,2026-10-23T23:59:59,21885448362;28224716222;28298214900;28134836837;28321147708;28321110926;28134987148;27962609909;21974683208,"C=US, O=DigiCert Inc, OU=www.digicert.com, CN=GeoTrust TLS RSA CA G1"
cranberry-api.dhs.gov,Yes,Yes,1,1,2026-08-27T00:00:00,2027-03-13T23:59:59,29093466242,"C=US, O=DigiCert Inc, CN=DigiCert Global G2 TLS RSA SHA256 2020 CA1"
cranberry-stg-api.dhs.gov,No,Yes,1,1,2026-08-27T00:00:00,2027-03-13T23:59:59,29093466242,"C=US, O=DigiCert Inc, CN=DigiCert Global G2 TLS RSA SHA256 2020 CA1"
crsoretirement.dhs.gov,Yes,Yes,2,1,2026-07-22T11:22:30,2026-10-20T11:22:29,28152313275;28152306362,"C=US, O=Let's Encrypt, CN=YE2"
crsosymposium.dhs.gov,Yes,Yes,3,1,2026-07-07T11:30:31,2026-12-04T11:30:46,27756662297;27756655664;29371873107,"C=US, O=Let's Encrypt, CN=YE1"
csi-rt-sat.cbp.dhs.gov,No,Yes,6,2,2026-07-25T00:00:00,2027-03-03T23:59:59,28958806542;28224634433;28224799316;28835462722;28774375760;28835430188,"C=US, O=DigiCert Inc, CN=DigiCert Global G3 TLS ECC SHA384 2020 CA1;C=US, O=DigiCert Inc, CN=DigiCert Global G2 TLS RSA SHA256 2020 CA1"
csi-rt.cbp.dhs.gov,No,Yes,6,2,2026-07-25T00:00:00,2027-03-03T23:59:59,28958806542;28224634433;28224799316;28835462722;28774375760;28835430188,"C=US, O=DigiCert Inc, CN=DigiCert Global G3 TLS ECC SHA384 2020 CA1;C=US, O=DigiCert Inc, CN=DigiCert Global G2 TLS RSA SHA256 2020 CA1"
csi-rt2.cbp.dhs.gov,No,Yes,6,2,2026-07-25T00:00:00,2027-03-03T23:59:59,28958806542;28224634433;28224799316;28835462722;28774375760;28835430188,"C=US, O=DigiCert Inc, CN=DigiCert Global G3 TLS ECC SHA384 2020 CA1;C=US, O=DigiCert Inc, CN=DigiCert Global G2 TLS RSA SHA256 2020 CA1"
ctas.dhs.gov,No,Yes,2,1,2025-09-24T00:00:00,2026-09-30T23:59:59,21544296190;21253314307,"C=US, O=DigiCert Inc, CN=DigiCert Global G2 TLS RSA SHA256 2020 CA1"
cwsapps.tsa.dhs.gov,Yes,Yes,2,1,2026-07-16T00:00:00,2027-01-30T23:59:59,27992541278;27992541152,"C=CA, O=Entrust Limited, CN=Entrust OV TLS Issuing RSA CA 2"
dac1-bcws-companion-uat.tsa.dhs.gov,Yes,Yes,1,1,2025-08-28T19:23:40,2026-09-28T04:00:00,20637333290,"C=US, O=SSL Corporation, CN=Entrust OV TLS Issuing RSA CA 1"
dac1-bcws-companion.tsa.dhs.gov,Yes,Yes,1,1,2025-08-28T19:20:57,2026-09-28T04:00:00,20637279324,"C=US, O=SSL Corporation, CN=Entrust OV TLS Issuing RSA CA 1"
dac1-bcws-staging.tsa.dhs.gov,Yes,Yes,1,1,2025-08-28T19:16:50,2026-09-28T04:00:00,20637204119,"C=US, O=SSL Corporation, CN=Entrust OV TLS Issuing RSA CA 1"
dac1-bcws-uat.tsa.dhs.gov,Yes,Yes,1,1,2025-08-28T19:18:44,2026-09-28T04:00:00,20637244719,"C=US, O=SSL Corporation, CN=Entrust OV TLS Issuing RSA CA 1"
dac1-bcws.tsa.dhs.gov,Yes,Yes,1,1,2025-08-28T19:14:20,2026-09-28T04:00:00,20637162239,"C=US, O=SSL Corporation, CN=Entrust OV TLS Issuing RSA CA 1"
dac1-staging.tsa.dhs.gov,Yes,Yes,1,1,2025-08-28T19:10:15,2026-09-28T04:00:00,20637087766,"C=US, O=SSL Corporation, CN=Entrust OV TLS Issuing RSA CA 1"
dac1-stagingws.tsa.dhs.gov,Yes,Yes,1,1,2025-08-28T19:30:39,2026-09-28T04:00:00,20637414516,"C=US, O=SSL Corporation, CN=Entrust OV TLS Issuing RSA CA 1"
dac1-uat.tsa.dhs.gov,Yes,Yes,1,1,2025-08-28T19:04:05,2026-09-28T04:00:00,20636985154,"C=US, O=SSL Corporation, CN=Entrust OV TLS Issuing RSA CA 1"
dac1.tsa.dhs.gov,Yes,Yes,2,1,2026-06-05T00:00:00,2026-12-20T23:59:59,26923100392;26923134593,"C=CA, O=Entrust Limited, CN=Entrust OV TLS Issuing RSA CA 2"
dac3.tsa.dhs.gov,Yes,Yes,2,1,2026-06-03T00:00:00,2026-12-18T23:59:59,26862190230;26862145723,"C=CA, O=Entrust Limited, CN=Entrust OV TLS Issuing RSA CA 2"
dashboard.gateucses.cwmd.dhs.gov,No,Yes,2,1,2026-03-24T00:00:00,2027-03-09T23:59:59,28988038449;25185400255,"C=US, O=Amazon, CN=Amazon RSA 2048 M01"
data.dcats.dhs.gov,No,Yes,6,2,2026-02-24T00:00:00,2027-03-20T23:59:59,29003845427;29248394586;24619835048;29003849728;24619836448;29248393994,"C=GB, O=Sectigo Limited, CN=Sectigo Public Server Authentication CA DV R36;C=CA, O=Entrust Limited, CN=Entrust EV TLS Issuing RSA CA 2"
data.dev1dcats.dhs.gov,Yes,Yes,17,6,2026-02-24T00:00:00,2027-03-20T23:59:59,29248303544;24619835048;28050910824;28551561010;29453797869;28551558179;24619836448;29248260048;29458425474;25235258093;25235271049;29452733822;28551560209;29248302533;28050910983;29248259523;28551576282,"C=US, O=Let's Encrypt, CN=YR2;C=CA, O=Entrust Limited, CN=Entrust EV TLS Issuing RSA CA 2;C=US, O=Let's Encrypt, CN=YE1;C=US, O=Google Trust Services, CN=WE1;C=GB, O=Sectigo Limited, CN=Sectigo Public Server Authentication CA DV R36;C=US, O=Google Trust Services, CN=WR1"
data.dev2dcats.dhs.gov,Yes,Yes,14,6,2026-02-24T00:00:00,2027-03-20T23:59:59,28045732746;28675760357;28045745716;28675770960;29445256675;29248110416;24619835048;29248110904;28675762217;25235551879;24619836448;29444345019;28675772324;25235556477,"C=US, O=Let's Encrypt, CN=YE2;C=CA, O=Entrust Limited, CN=Entrust EV TLS Issuing RSA CA 2;C=US, O=Google Trust Services, CN=WE1;C=US, O=Let's Encrypt, CN=YR1;C=GB, O=Sectigo Limited, CN=Sectigo Public Server Authentication CA DV R36;C=US, O=Google Trust Services, CN=WR1"
data.devdcats.dhs.gov,No,Yes,8,2,2026-02-24T00:00:00,2027-03-20T23:59:59,24619835048;29003817305;24619836448;29003813284;29248106082;29248103316;29248106509;29248104547,"C=GB, O=Sectigo Limited, CN=Sectigo Public Server Authentication CA DV R36;C=CA, O=Entrust Limited, CN=Entrust EV TLS Issuing RSA CA 2"
dc1-smtp.irmnet.ds2.dhs.gov,No,Yes,4,1,2025-12-08T14:58:08,2026-12-10T13:31:56,22981506140;23031624578;22985252154;23031543199,"C=US, ST=Arizona, L=Scottsdale, O=""GoDaddy.com, Inc."", OU=http://certs.godaddy.com/repository/, CN=Go Daddy Secure Certificate Authority - G2"
dc2-smtp.irmnet.ds2.dhs.gov,No,Yes,4,1,2025-12-08T14:58:08,2026-12-10T13:31:56,22981506140;23031624578;22985252154;23031543199,"C=US, ST=Arizona, L=Scottsdale, O=""GoDaddy.com, Inc."", OU=http://certs.godaddy.com/repository/, CN=Go Daddy Secure Certificate Authority - G2"
dcap1ee-0301-01.hq.dhs.gov,No,Yes,4,1,2025-12-03T00:00:00,2026-12-03T23:59:59,22885276456;23170488161;23170504392;23171489493,"C=US, O=DigiCert Inc, CN=DigiCert Global G2 TLS RSA SHA256 2020 CA1"
dcap1ee-0301-02.hq.dhs.gov,No,Yes,4,1,2025-12-03T00:00:00,2026-12-03T23:59:59,22885276456;23170488161;23170504392;23171489493,"C=US, O=DigiCert Inc, CN=DigiCert Global G2 TLS RSA SHA256 2020 CA1"
dcap1ee-0301.hq.dhs.gov,Yes,Yes,4,1,2025-12-03T00:00:00,2026-12-03T23:59:59,22885276456;23170488161;23170504392;23171489493,"C=US, O=DigiCert Inc, CN=DigiCert Global G2 TLS RSA SHA256 2020 CA1"
dcats.dhs.gov,No,Yes,6,2,2026-02-24T00:00:00,2027-03-20T23:59:59,29003845427;29248394586;24619835048;29003849728;24619836448;29248393994,"C=GB, O=Sectigo Limited, CN=Sectigo Public Server Authentication CA DV R36;C=CA, O=Entrust Limited, CN=Entrust EV TLS Issuing RSA CA 2"
debunked.dhs.gov,No,Yes,25,2,2026-04-18T00:00:00,2027-03-25T23:59:59,28558825009;28350086258;27933743634;29293564950;28495833979;26916527129;29442667731;27397153120;26157198216;28799232251;28356771661;28350768012;25562446938;29304041244;28350138323;27483798157;28796100160;28799248623;26916504600;27483761151;28558764200;29304057979;28350034131;25562479521;28356729871,"C=US, O=DigiCert Inc, CN=DigiCert Global G3 TLS ECC SHA384 2020 CA1;C=US, O=DigiCert Inc, CN=DigiCert Global G2 TLS RSA SHA256 2020 CA1"
decoy-service.cisa.dhs.gov,Yes,Yes,1,1,2026-06-25T00:00:00,2027-01-09T23:59:59,27477407012,"C=US, O=DigiCert Inc, CN=DigiCert Global G2 TLS RSA SHA256 2020 CA1"
demo-dev.dtect.dhs.gov,No,Yes,6,2,2026-02-24T00:00:00,2027-03-20T23:59:59,29248095637;24619835048;24619836448;28143335356;28143337979;29248096089,"C=GB, O=Sectigo Limited, CN=Sectigo Public Server Authentication CA DV R36;C=CA, O=Entrust Limited, CN=Entrust EV TLS Issuing RSA CA 2"
demo-sandbox.dtect.dhs.gov,No,Yes,6,2,2026-02-24T00:00:00,2027-03-20T23:59:59,29248095637;24619835048;29003798129;29003795263;24619836448;29248096089,"C=GB, O=Sectigo Limited, CN=Sectigo Public Server Authentication CA DV R36;C=CA, O=Entrust Limited, CN=Entrust EV TLS Issuing RSA CA 2"
demo-test.dtect.dhs.gov,No,Yes,6,2,2026-02-24T00:00:00,2027-03-24T23:59:59,28143274450;24619835048;29282552269;24619836448;28143276662;29282551993,"C=GB, O=Sectigo Limited, CN=Sectigo Public Server Authentication CA DV R36;C=CA, O=Entrust Limited, CN=Entrust EV TLS Issuing RSA CA 2"
demo.dtect.dhs.gov,No,Yes,6,2,2026-02-24T00:00:00,2027-03-20T23:59:59,29248095637;24619835048;28143299097;28143304397;24619836448;29248096089,"C=GB, O=Sectigo Limited, CN=Sectigo Public Server Authentication CA DV R36;C=CA, O=Entrust Limited, CN=Entrust EV TLS Issuing RSA CA 2"
denver.okta.tsa.dhs.gov,Yes,Yes,2,1,2026-07-09T00:00:00,2027-01-23T23:59:59,27813092793;27813095157,"C=CA, O=Entrust Limited, CN=Entrust OV TLS Issuing RSA CA 2"
detections.raptor.isrnet.cbp.dhs.gov,Yes,Yes,4,2,2026-08-01T15:35:33,2026-10-30T15:43:58,28438932560;28438932954;28438910167;28438910212,"C=US, O=SSL Corporation, CN=Cloudflare TLS Issuing RSA CA 3;C=US, O=SSL Corporation, CN=Cloudflare TLS Issuing ECC CA 3"
dev-c-e.cbp.dhs.gov,No,Yes,7,3,2025-10-16T00:00:00,2027-03-03T23:59:59,28093534466;21764980333;28824310907;27923158966;21765046825;28824341910;27923162692,"C=US, O=DigiCert Inc, CN=DigiCert Global G3 TLS ECC SHA384 2020 CA1;C=GB, O=Sectigo Limited, CN=Sectigo Public Server Authentication CA OV R36;C=US, O=DigiCert Inc, CN=DigiCert Global G2 TLS RSA SHA256 2020 CA1"
dev-cdp.ctas.dhs.gov,No,Yes,2,1,2025-09-24T00:00:00,2026-09-30T23:59:59,21544296190;21253314307,"C=US, O=DigiCert Inc, CN=DigiCert Global G2 TLS RSA SHA256 2020 CA1"
dev-ctas.dhs.gov,No,Yes,2,1,2025-09-24T00:00:00,2026-09-30T23:59:59,21544296190;21253314307,"C=US, O=DigiCert Inc, CN=DigiCert Global G2 TLS RSA SHA256 2020 CA1"
dev-my.uscis.dhs.gov,No,Yes,2,1,2025-12-18T00:00:00,2027-01-18T23:59:59,24145937108;23203289024,"C=US, O=DigiCert Inc, CN=DigiCert Global G2 TLS RSA SHA256 2020 CA1"
dev.biometrics.cbp.dhs.gov,Yes,Yes,2,1,2026-08-03T00:00:00,2027-02-17T23:59:59,28495150585;28495155284,"C=GB, O=Sectigo Limited, CN=Sectigo Public Server Authentication CA OV R36"
dev.dtect.dhs.gov,No,Yes,6,2,2026-02-24T00:00:00,2027-03-24T23:59:59,24619835048;29282552269;24619836448;28143335356;28143337979;29282551993,"C=GB, O=Sectigo Limited, CN=Sectigo Public Server Authentication CA DV R36;C=CA, O=Entrust Limited, CN=Entrust EV TLS Issuing RSA CA 2"
dev.st.dhs.gov,Yes,Yes,8,4,2026-07-23T04:46:46,2026-11-11T15:02:54,28819375055;28823731776;28821067581;28175890641;28177751214;28174119822;28806377670;28177114555,"C=US, O=Google Trust Services, CN=WR1;C=US, O=Let's Encrypt, CN=YR2;C=US, O=Let's Encrypt, CN=YE1;C=US, O=Google Trust Services, CN=WE1"
dev1dcats.dhs.gov,No,Yes,8,2,2026-02-24T00:00:00,2027-03-20T23:59:59,29248303544;24619835048;24619836448;29248260048;25235258093;25235271049;29248302533;29248259523,"C=GB, O=Sectigo Limited, CN=Sectigo Public Server Authentication CA DV R36;C=CA, O=Entrust Limited, CN=Entrust EV TLS Issuing RSA CA 2"
dev2dcats.dhs.gov,No,Yes,6,2,2026-02-24T00:00:00,2027-03-20T23:59:59,29248110416;24619835048;29248110904;25235551879;24619836448;25235556477,"C=GB, O=Sectigo Limited, CN=Sectigo Public Server Authentication CA DV R36;C=CA, O=Entrust Limited, CN=Entrust EV TLS Issuing RSA CA 2"
devdcats.dhs.gov,No,Yes,8,2,2026-02-24T00:00:00,2027-03-20T23:59:59,24619835048;29003817305;24619836448;29003813284;29248106082;29248103316;29248106509;29248104547,"C=GB, O=Sectigo Limited, CN=Sectigo Public Server Authentication CA DV R36;C=CA, O=Entrust Limited, CN=Entrust EV TLS Issuing RSA CA 2"
developer.mapi.ctas.dhs.gov,No,Yes,2,1,2025-09-24T00:00:00,2026-09-30T23:59:59,21544296190;21253314307,"C=US, O=DigiCert Inc, CN=DigiCert Global G2 TLS RSA SHA256 2020 CA1"
devextsoa.fsms.dhs.gov,Yes,Yes,4,2,2026-07-22T21:24:24,2026-10-20T22:38:05,28164725960;28164936468;28164670538;28164983295,"C=US, O=Google Trust Services, CN=WR1;C=US, O=Google Trust Services, CN=WE1"
device.cbp.dhs.gov,No,Yes,4,1,2025-10-07T00:00:00,2027-04-04T23:59:59,29429625914;21550377170;29445328532;21550352980,"C=GB, O=Sectigo Limited, CN=Sectigo Public Server Authentication CA OV R36"
dhs-hq-ndes.dhs.gov,Yes,Yes,1,1,2026-05-07T00:00:00,2026-11-21T23:59:59,26160869158,"C=US, O=DigiCert Inc, CN=DigiCert Global G2 TLS RSA SHA256 2020 CA1"
dhs-hq-npe-ndes.dhs.gov,No,Yes,1,1,2026-05-07T00:00:00,2026-11-21T23:59:59,26160869158,"C=US, O=DigiCert Inc, CN=DigiCert Global G2 TLS RSA SHA256 2020 CA1"
dhs.gov,No,Yes,26,3,2025-10-16T00:00:00,2027-03-11T23:59:59,21885448362;29007657589;29060126245;29024652865;21974683208;28224716222;23539476833;21764980333;28321147708;21765046825;28298214900;28349364787;28025943412;28093534466;28824310907;27962609909;28134836837;28413115079;28321110926;23539608971;28134987148;29457528286;28359262931;28025350782;28660997090;28824341910,"C=US, O=DigiCert Inc, OU=www.digicert.com, CN=GeoTrust TLS RSA CA G1;C=US, O=DigiCert Inc, CN=DigiCert Global G3 TLS ECC SHA384 2020 CA1;C=US, O=DigiCert Inc, CN=DigiCert Global G2 TLS RSA SHA256 2020 CA1"
dhsauthportal.dhs.gov,Yes,Yes,4,1,2026-07-16T01:03:31,2026-11-14T01:03:30,27969471675;27969460430;28877009730;28877068637,"C=US, O=Let's Encrypt, CN=YR1"
dhsauthportaldev.dhs.gov,Yes,Yes,4,1,2026-07-27T01:03:15,2026-11-25T01:03:14,28279061608;29115305306;29520850585;28279068319,"C=US, O=Let's Encrypt, CN=YR1"
dhsauthportalext.dhs.gov,Yes,Yes,4,2,2026-07-16T01:02:59,2026-11-14T01:02:58,27969469095;27969466647;28877008472;28874885700,"C=US, O=Let's Encrypt, CN=YR1;C=US, O=Let's Encrypt, CN=YR2"
dhsauthportalextnonprod.dhs.gov,Yes,Yes,4,2,2026-07-16T01:02:59,2026-11-14T01:02:58,28870704721;28870722380;27969467375;27969463576,"C=US, O=Let's Encrypt, CN=YR1;C=US, O=Let's Encrypt, CN=YR2"
dhsauthportalintnonprod.dhs.gov,Yes,Yes,4,2,2026-07-15T01:03:00,2026-11-13T01:02:59,28866246440;27941268503;27941266297;28850248372,"C=US, O=Let's Encrypt, CN=YR1;C=US, O=Let's Encrypt, CN=YR2"
dhscube.dhs.gov,No,Yes,25,2,2026-04-18T00:00:00,2027-03-25T23:59:59,28558825009;28350086258;27933743634;29293564950;28495833979;26916527129;29442667731;27397153120;26157198216;28799232251;28356771661;28350768012;25562446938;29304041244;28350138323;27483798157;28796100160;28799248623;26916504600;27483761151;28558764200;29304057979;28350034131;25562479521;28356729871,"C=US, O=DigiCert Inc, CN=DigiCert Global G3 TLS ECC SHA384 2020 CA1;C=US, O=DigiCert Inc, CN=DigiCert Global G2 TLS RSA SHA256 2020 CA1"
dhsiddev.dhs.gov,Yes,Yes,1,1,2026-09-15T00:00:00,2027-04-01T23:59:59,29433391944,"C=US, O=DigiCert Inc, CN=DigiCert Global G2 TLS RSA SHA256 2020 CA1"
dhsidtest.dhs.gov,Yes,Yes,2,1,2026-09-17T00:00:00,2027-04-03T23:59:59,29473265962;29441435541,"C=US, O=DigiCert Inc, CN=DigiCert Global G2 TLS RSA SHA256 2020 CA1"
dhspens.hq.dhs.gov,Yes,Yes,4,2,2026-07-05T18:36:39,2026-10-03T18:44:24,27714548266;27714530584;27714548408;27714531358,"C=US, O=SSL Corporation, CN=Cloudflare TLS Issuing RSA CA 3;C=US, O=SSL Corporation, CN=Cloudflare TLS Issuing ECC CA 3"
dhsprecheck.dhs.gov,No,Yes,6,1,2025-12-15T00:00:00,2026-12-16T23:59:59,28134734297;23135749947;23136892758;28358455704;28301334213;28301367950,"C=US, O=DigiCert Inc, OU=www.digicert.com, CN=GeoTrust TLS RSA CA G1"
docs.crossfeed.cyber.dhs.gov,Yes,Yes,1,1,2026-08-27T17:18:50,2026-11-25T17:18:49,29447253498,"C=US, O=Let's Encrypt, CN=YR1"
dp-int-exvip1.cbp.dhs.gov,Yes,Yes,4,1,2025-10-06T00:00:00,2027-03-26T23:59:59,29311224674;21526957985;29311216577;21526976253,"C=GB, O=Sectigo Limited, CN=Sectigo Public Server Authentication CA OV R36"
dso.cisa.dhs.gov,Yes,Yes,4,2,2026-08-18T14:05:05,2026-11-16T15:17:50,28886925120;29040399500;29040087161;29020074025,"C=US, O=Google Trust Services, CN=WR1;C=US, O=Google Trust Services, CN=WE1"
dss.dhs.gov,Yes,Yes,2,1,2026-09-07T00:00:00,2027-03-28T23:59:59,29268988922;29356954830,"C=US, O=DigiCert Inc, CN=DigiCert Global G2 TLS RSA SHA256 2020 CA1"
dtect.dhs.gov,No,Yes,6,2,2026-02-24T00:00:00,2027-03-20T23:59:59,29248095637;24619835048;28143299097;28143304397;24619836448;29248096089,"C=GB, O=Sectigo Limited, CN=Sectigo Public Server Authentication CA DV R36;C=CA, O=Entrust Limited, CN=Entrust EV TLS Issuing RSA CA 2"
dtops-internal.cbp.dhs.gov,No,Yes,2,1,2026-07-16T00:00:00,2027-01-30T23:59:59,27990794479;27990791978,"C=GB, O=Sectigo Limited, CN=Sectigo Public Server Authentication CA OV R36"
dtops.cbp.dhs.gov,No,Yes,27,3,2026-04-18T00:00:00,2027-03-25T23:59:59,28558825009;28350086258;27933743634;29293564950;28495833979;26916527129;29442667731;27397153120;26157198216;28799232251;28356771661;28350768012;25562446938;29304041244;27990794479;28350138323;27483798157;28796100160;28799248623;26916504600;27483761151;28558764200;29304057979;28350034131;25562479521;27990791978;28356729871,"C=US, O=DigiCert Inc, CN=DigiCert Global G3 TLS ECC SHA384 2020 CA1;C=GB, O=Sectigo Limited, CN=Sectigo Public Server Authentication CA OV R36;C=US, O=DigiCert Inc, CN=DigiCert Global G2 TLS RSA SHA256 2020 CA1"
dv035b9f09d34a1e594.cbp.dhs.gov,Yes,Yes,4,1,2026-01-21T00:00:00,2027-01-21T23:59:59,23898983140;23899389566;23899389959;23898984494,"C=GB, O=Sectigo Limited, CN=Sectigo Public Server Authentication CA OV R36"
e-safe.cbp.dhs.gov,No,Yes,16,1,2025-10-21T00:00:00,2027-03-11T23:59:59,21885448362;29007657589;28224716222;28298214900;28134836837;28349364787;28321147708;28321110926;29060126245;29024652865;28134987148;29457528286;28359262931;27962609909;28660997090;21974683208,"C=US, O=DigiCert Inc, OU=www.digicert.com, CN=GeoTrust TLS RSA CA G1"
e.cbp.dhs.gov,No,Yes,7,3,2025-10-16T00:00:00,2027-03-03T23:59:59,28093531386;28093534466;21764980333;28824310907;28093533550;28824341910;21765046825,"C=US, O=DigiCert Inc, CN=DigiCert Global G3 TLS ECC SHA384 2020 CA1;C=GB, O=Sectigo Limited, CN=Sectigo Public Server Authentication CA OV R36;C=US, O=DigiCert Inc, CN=DigiCert Global G2 TLS RSA SHA256 2020 CA1"
eaas.dhs.gov,Yes,Yes,1,1,2026-08-23T00:00:00,2027-03-09T23:59:59,28972023331,"C=US, O=DigiCert Inc, CN=DigiCert EV RSA CA G2"
eadfs.tsa.dhs.gov,Yes,Yes,2,1,2026-06-25T00:00:00,2027-01-09T23:59:59,27476240372;27476238685,"C=CA, O=Entrust Limited, CN=Entrust OV TLS Issuing RSA CA 2"
eapis.cbp.dhs.gov,No,Yes,27,3,2026-04-18T00:00:00,2027-03-25T23:59:59,28558825009;28350086258;27933743634;29293564950;28495833979;26916527129;29442667731;27397153120;26157198216;28799232251;28356771661;28350768012;25562446938;29304041244;28350138323;28770548605;28770343844;28796100160;27483798157;28799248623;26916504600;27483761151;28558764200;29304057979;28350034131;25562479521;28356729871,"C=US, O=DigiCert Inc, CN=DigiCert Global G3 TLS ECC SHA384 2020 CA1;C=GB, O=Sectigo Limited, CN=Sectigo Public Server Authentication CA OV R36;C=US, O=DigiCert Inc, CN=DigiCert Global G2 TLS RSA SHA256 2020 CA1"
eapisws.cbp.dhs.gov,No,Yes,27,3,2025-10-29T00:00:00,2027-03-25T23:59:59,28558825009;28350086258;27933743634;29293564950;28495833979;26916527129;29442667731;27397153120;26157198216;22089840196;28799232251;28356771661;28350768012;25562446938;29304041244;28350138323;22089852128;27483798157;28796100160;28799248623;26916504600;27483761151;28558764200;29304057979;28350034131;25562479521;28356729871,"C=US, O=DigiCert Inc, CN=DigiCert Global G3 TLS ECC SHA384 2020 CA1;C=GB, O=Sectigo Limited, CN=Sectigo Public Server Authentication CA OV R36;C=US, O=DigiCert Inc, CN=DigiCert Global G2 TLS RSA SHA256 2020 CA1"
earth.dhs.gov,Yes,Yes,1,1,2026-09-07T00:00:00,2027-03-24T23:59:59,29269779436,"C=US, O=DigiCert Inc, CN=DigiCert Global G2 TLS RSA SHA256 2020 CA1"
ebid.tsa.dhs.gov,Yes,Yes,4,1,2026-04-06T00:00:00,2027-04-03T23:59:59,25620060131;29441505783;29464365239;25426331185,"C=CA, O=Entrust Limited, CN=Entrust OV TLS Issuing RSA CA 2"
ecats-dev.cbp.dhs.gov,Yes,Yes,2,1,2026-02-17T00:00:00,2027-02-17T23:59:59,24467182417;24467180397,"C=GB, O=Sectigo Limited, CN=Sectigo Public Server Authentication CA OV R36"
edit-dhsprecheck.dhs.gov,No,Yes,6,1,2025-12-15T00:00:00,2026-12-16T23:59:59,28134734297;23135749947;23136892758;28358455704;28301334213;28301367950,"C=US, O=DigiCert Inc, OU=www.digicert.com, CN=GeoTrust TLS RSA CA G1"
edit-go.dhs.gov,No,Yes,2,2,2026-07-18T00:00:00,2027-02-01T23:59:59,28025350782;28025943412,"C=US, O=DigiCert Inc, CN=DigiCert Global G3 TLS ECC SHA384 2020 CA1;C=US, O=DigiCert Inc, CN=DigiCert Global G2 TLS RSA SHA256 2020 CA1"
edit-media.dhs.gov,No,Yes,5,1,2025-10-30T00:00:00,2027-03-19T23:59:59,22108504452;27765274771;28297863046;29217158459;24470737158,"C=US, O=DigiCert Inc, OU=www.digicert.com, CN=GeoTrust TLS RSA CA G1"
edit-ohss.dhs.gov,No,Yes,2,2,2026-07-18T00:00:00,2027-02-01T23:59:59,28025350782;28025943412,"C=US, O=DigiCert Inc, CN=DigiCert Global G3 TLS ECC SHA384 2020 CA1;C=US, O=DigiCert Inc, CN=DigiCert Global G2 TLS RSA SHA256 2020 CA1"
edit-oig.dhs.gov,No,Yes,5,1,2025-10-30T00:00:00,2027-03-19T23:59:59,22108504452;27765274771;28297863046;29217158459;24470737158,"C=US, O=DigiCert Inc, OU=www.digicert.com, CN=GeoTrust TLS RSA CA G1"
edit-preview-go.dhs.gov,No,Yes,2,2,2026-07-18T00:00:00,2027-02-01T23:59:59,28025350782;28025943412,"C=US, O=DigiCert Inc, CN=DigiCert Global G3 TLS ECC SHA384 2020 CA1;C=US, O=DigiCert Inc, CN=DigiCert Global G2 TLS RSA SHA256 2020 CA1"
edit-preview-media.dhs.gov,No,Yes,6,1,2025-12-15T00:00:00,2026-12-16T23:59:59,28134734297;23135749947;23136892758;28358455704;28301334213;28301367950,"C=US, O=DigiCert Inc, OU=www.digicert.com, CN=GeoTrust TLS RSA CA G1"
edit-preview-ohss.dhs.gov,No,Yes,2,2,2026-07-18T00:00:00,2027-02-01T23:59:59,28025350782;28025943412,"C=US, O=DigiCert Inc, CN=DigiCert Global G3 TLS ECC SHA384 2020 CA1;C=US, O=DigiCert Inc, CN=DigiCert Global G2 TLS RSA SHA256 2020 CA1"
edit-preview.dhs.gov,No,Yes,5,1,2025-10-30T00:00:00,2027-03-19T23:59:59,22108504452;27765274771;28297863046;29217158459;24470737158,"C=US, O=DigiCert Inc, OU=www.digicert.com, CN=GeoTrust TLS RSA CA G1"
edit-preview.dhsprecheck.dhs.gov,No,Yes,6,1,2025-12-15T00:00:00,2026-12-16T23:59:59,28134734297;23135749947;23136892758;28358455704;28301334213;28301367950,"C=US, O=DigiCert Inc, OU=www.digicert.com, CN=GeoTrust TLS RSA CA G1"
edit-staging-dhsprecheck.dhs.gov,No,Yes,6,1,2025-12-15T00:00:00,2026-12-16T23:59:59,28134734297;23135749947;23136892758;28358455704;28301334213;28301367950,"C=US, O=DigiCert Inc, OU=www.digicert.com, CN=GeoTrust TLS RSA CA G1"
edit-staging-go.dhs.gov,No,Yes,2,2,2026-07-18T00:00:00,2027-02-01T23:59:59,28025350782;28025943412,"C=US, O=DigiCert Inc, CN=DigiCert Global G3 TLS ECC SHA384 2020 CA1;C=US, O=DigiCert Inc, CN=DigiCert Global G2 TLS RSA SHA256 2020 CA1"
edit-staging-media.dhs.gov,No,Yes,5,1,2025-10-30T00:00:00,2027-03-19T23:59:59,22108504452;27765274771;28297863046;29217158459;24470737158,"C=US, O=DigiCert Inc, OU=www.digicert.com, CN=GeoTrust TLS RSA CA G1"
edit-staging-ohss.dhs.gov,No,Yes,2,2,2026-07-18T00:00:00,2027-02-01T23:59:59,28025350782;28025943412,"C=US, O=DigiCert Inc, CN=DigiCert Global G3 TLS ECC SHA384 2020 CA1;C=US, O=DigiCert Inc, CN=DigiCert Global G2 TLS RSA SHA256 2020 CA1"
edit-staging-oig.dhs.gov,No,Yes,5,1,2025-10-30T00:00:00,2027-03-19T23:59:59,22108504452;27765274771;28297863046;29217158459;24470737158,"C=US, O=DigiCert Inc, OU=www.digicert.com, CN=GeoTrust TLS RSA CA G1"
edit-staging-studyinthestates.dhs.gov,No,Yes,5,1,2025-10-30T00:00:00,2027-03-19T23:59:59,22108504452;27765274771;28297863046;29217158459;24470737158,"C=US, O=DigiCert Inc, OU=www.digicert.com, CN=GeoTrust TLS RSA CA G1"
edit-staging.dhs.gov,No,Yes,5,1,2025-10-30T00:00:00,2027-03-19T23:59:59,22108504452;27765274771;28297863046;29217158459;24470737158,"C=US, O=DigiCert Inc, OU=www.digicert.com, CN=GeoTrust TLS RSA CA G1"
edit-staging.hsin.dhs.gov,No,Yes,2,2,2026-07-18T00:00:00,2027-02-01T23:59:59,28025350782;28025943412,"C=US, O=DigiCert Inc, CN=DigiCert Global G3 TLS ECC SHA384 2020 CA1;C=US, O=DigiCert Inc, CN=DigiCert Global G2 TLS RSA SHA256 2020 CA1"
edit-studyinthestates.dhs.gov,No,Yes,5,1,2025-10-30T00:00:00,2027-03-19T23:59:59,22108504452;27765274771;28297863046;29217158459;24470737158,"C=US, O=DigiCert Inc, OU=www.digicert.com, CN=GeoTrust TLS RSA CA G1"
edit-testint-dhsprecheck.dhs.gov,No,Yes,6,1,2025-12-15T00:00:00,2026-12-16T23:59:59,28134734297;23135749947;23136892758;28358455704;28301334213;28301367950,"C=US, O=DigiCert Inc, OU=www.digicert.com, CN=GeoTrust TLS RSA CA G1"
edit-testint-go.dhs.gov,No,Yes,2,2,2026-07-18T00:00:00,2027-02-01T23:59:59,28025350782;28025943412,"C=US, O=DigiCert Inc, CN=DigiCert Global G3 TLS ECC SHA384 2020 CA1;C=US, O=DigiCert Inc, CN=DigiCert Global G2 TLS RSA SHA256 2020 CA1"
edit-testint-media.dhs.gov,No,Yes,5,1,2025-10-30T00:00:00,2027-03-19T23:59:59,22108504452;27765274771;28297863046;29217158459;24470737158,"C=US, O=DigiCert Inc, OU=www.digicert.com, CN=GeoTrust TLS RSA CA G1"
edit-testint-ohss.dhs.gov,No,Yes,2,2,2026-07-18T00:00:00,2027-02-01T23:59:59,28025350782;28025943412,"C=US, O=DigiCert Inc, CN=DigiCert Global G3 TLS ECC SHA384 2020 CA1;C=US, O=DigiCert Inc, CN=DigiCert Global G2 TLS RSA SHA256 2020 CA1"
edit-testint-oig.dhs.gov,No,Yes,5,1,2025-10-30T00:00:00,2027-03-19T23:59:59,22108504452;27765274771;28297863046;29217158459;24470737158,"C=US, O=DigiCert Inc, OU=www.digicert.com, CN=GeoTrust TLS RSA CA G1"
edit-testint-studyinthestates.dhs.gov,No,Yes,6,1,2025-12-15T00:00:00,2026-12-16T23:59:59,28134734297;23135749947;23136892758;28358455704;28301334213;28301367950,"C=US, O=DigiCert Inc, OU=www.digicert.com, CN=GeoTrust TLS RSA CA G1"
edit-testint.dhs.gov,No,Yes,6,1,2025-12-15T00:00:00,2026-12-16T23:59:59,28134734297;23135749947;23136892758;28358455704;28301334213;28301367950,"C=US, O=DigiCert Inc, OU=www.digicert.com, CN=GeoTrust TLS RSA CA G1"
edit-testint.hsin.dhs.gov,No,Yes,2,2,2026-07-18T00:00:00,2027-02-01T23:59:59,28025350782;28025943412,"C=US, O=DigiCert Inc, CN=DigiCert Global G3 TLS ECC SHA384 2020 CA1;C=US, O=DigiCert Inc, CN=DigiCert Global G2 TLS RSA SHA256 2020 CA1"
edit-testintd8.dhs.gov,No,Yes,6,1,2025-12-15T00:00:00,2026-12-16T23:59:59,28134734297;23135749947;23136892758;28358455704;28301334213;28301367950,"C=US, O=DigiCert Inc, OU=www.digicert.com, CN=GeoTrust TLS RSA CA G1"
edit-wcms-preview.dhs.gov,No,Yes,6,1,2025-12-15T00:00:00,2026-12-16T23:59:59,28134734297;23135749947;23136892758;28358455704;28301334213;28301367950,"C=US, O=DigiCert Inc, OU=www.digicert.com, CN=GeoTrust TLS RSA CA G1"
edit-wcms-staging.dhs.gov,No,Yes,6,1,2025-12-15T00:00:00,2026-12-16T23:59:59,28134734297;23135749947;23136892758;28358455704;28301334213;28301367950,"C=US, O=DigiCert Inc, OU=www.digicert.com, CN=GeoTrust TLS RSA CA G1"
edit-wcms-testint.dhs.gov,Yes,Yes,5,1,2025-10-30T00:00:00,2027-03-19T23:59:59,22108504452;27765274771;28297863046;29217158459;24470737158,"C=US, O=DigiCert Inc, OU=www.digicert.com, CN=GeoTrust TLS RSA CA G1"
edit.dhs.gov,Yes,Yes,2,2,2026-07-18T00:00:00,2027-02-01T23:59:59,28025350782;28025943412,"C=US, O=DigiCert Inc, CN=DigiCert Global G3 TLS ECC SHA384 2020 CA1;C=US, O=DigiCert Inc, CN=DigiCert Global G2 TLS RSA SHA256 2020 CA1"
edit.hsin.dhs.gov,No,Yes,2,2,2026-07-18T00:00:00,2027-02-01T23:59:59,28025350782;28025943412,"C=US, O=DigiCert Inc, CN=DigiCert Global G3 TLS ECC SHA384 2020 CA1;C=US, O=DigiCert Inc, CN=DigiCert Global G2 TLS RSA SHA256 2020 CA1"
edit.preview-oig.dhs.gov,No,Yes,6,1,2025-12-15T00:00:00,2026-12-16T23:59:59,28134734297;23135749947;23136892758;28358455704;28301334213;28301367950,"C=US, O=DigiCert Inc, OU=www.digicert.com, CN=GeoTrust TLS RSA CA G1"
edit.preview-studyinthestates.dhs.gov,No,Yes,6,1,2025-12-15T00:00:00,2026-12-16T23:59:59,28134734297;23135749947;23136892758;28358455704;28301334213;28301367950,"C=US, O=DigiCert Inc, OU=www.digicert.com, CN=GeoTrust TLS RSA CA G1"
edit.staging1.dhs.gov,Yes,Yes,6,1,2025-12-15T00:00:00,2026-12-16T23:59:59,28134734297;23135749947;23136892758;28358455704;28301334213;28301367950,"C=US, O=DigiCert Inc, OU=www.digicert.com, CN=GeoTrust TLS RSA CA G1"
egate-aj.vcs.tsa.dhs.gov,No,Yes,2,1,2026-05-07T00:00:00,2026-11-21T23:59:59,26185643182;26158224664,"C=CA, O=Entrust Limited, CN=Entrust OV TLS Issuing RSA CA 2"
egate-atl.tsa.dhs.gov,Yes,Yes,2,1,2026-07-23T00:00:00,2027-02-06T23:59:59,28182539734;28182535816,"C=CA, O=Entrust Limited, CN=Entrust OV TLS Issuing RSA CA 2"
egate-cs.vcs.tsa.dhs.gov,No,Yes,2,1,2026-05-07T00:00:00,2026-11-21T23:59:59,26185643182;26158224664,"C=CA, O=Entrust Limited, CN=Entrust OV TLS Issuing RSA CA 2"
egate-ewr.tsa.dhs.gov,Yes,Yes,4,1,2026-07-23T00:00:00,2027-02-19T23:59:59,28182352636;28563854862;28563834783;28182349624,"C=CA, O=Entrust Limited, CN=Entrust OV TLS Issuing RSA CA 2"
egate-tst-aj.vcs.tsa.dhs.gov,No,Yes,2,1,2026-05-07T00:00:00,2026-11-21T23:59:59,26159029486;26185782398,"C=CA, O=Entrust Limited, CN=Entrust OV TLS Issuing RSA CA 2"
egate-tst-cs.vcs.tsa.dhs.gov,No,Yes,2,1,2026-05-07T00:00:00,2026-11-21T23:59:59,26159029486;26185782398,"C=CA, O=Entrust Limited, CN=Entrust OV TLS Issuing RSA CA 2"
egate-tst.vcs.tsa.dhs.gov,No,Yes,4,1,2026-05-07T00:00:00,2027-02-03T23:59:59,28104033797;26185782398;26159029486;28104029152,"C=CA, O=Entrust Limited, CN=Entrust OV TLS Issuing RSA CA 2"
egate.vcs.tsa.dhs.gov,No,Yes,4,1,2026-05-07T00:00:00,2027-02-04T23:59:59,26185643182;28128095878;28128099473;26158224664,"C=CA, O=Entrust Limited, CN=Entrust OV TLS Issuing RSA CA 2"
elis-doc.prod.uscis.dhs.gov,Yes,Yes,2,1,2025-10-10T00:00:00,2027-04-03T23:59:59,21628751646;29455929386,"C=US, O=DigiCert Inc, CN=DigiCert Global G2 TLS RSA SHA256 2020 CA1"
elis-doc.staging.uscis.dhs.gov,Yes,Yes,2,1,2025-10-10T00:00:00,2027-04-03T23:59:59,29456294832;21628782776,"C=US, O=DigiCert Inc, CN=DigiCert Global G2 TLS RSA SHA256 2020 CA1"
elis-doc.test.uscis.dhs.gov,Yes,Yes,2,1,2025-10-10T00:00:00,2027-04-03T23:59:59,21628840245;29474967990,"C=US, O=DigiCert Inc, CN=DigiCert Global G2 TLS RSA SHA256 2020 CA1"
elis-payment-pr.apps.ocp.uscis.dhs.gov,No,Yes,1,1,2026-08-28T00:00:00,2027-03-14T23:59:59,29114020181,"C=US, O=DigiCert Inc, CN=DigiCert Global G2 TLS RSA SHA256 2020 CA1"
elis-push-event-dm.k8s.elis.uscis.dhs.gov,No,Yes,1,1,2026-02-24T00:00:00,2027-03-16T23:59:59,24618727335,"C=US, O=DigiCert Inc, CN=DigiCert Global G2 TLS RSA SHA256 2020 CA1"
elis-push-event-dt.k8s.elis.nonprod.uscis.dhs.gov,No,Yes,1,1,2025-11-05T00:00:00,2026-11-24T23:59:59,22233333055,"C=US, O=DigiCert Inc, CN=DigiCert Global G2 TLS RSA SHA256 2020 CA1"
elis-push-event-pe.k8s.elis.uscis.dhs.gov,No,Yes,1,1,2026-02-24T00:00:00,2027-03-16T23:59:59,24618727335,"C=US, O=DigiCert Inc, CN=DigiCert Global G2 TLS RSA SHA256 2020 CA1"
elis-push-event-pp.k8s.elis.uscis.dhs.gov,No,Yes,1,1,2026-02-24T00:00:00,2027-03-16T23:59:59,24618727335,"C=US, O=DigiCert Inc, CN=DigiCert Global G2 TLS RSA SHA256 2020 CA1"
elis-push-event-prod.k8s.elis.uscis.dhs.gov,Yes,Yes,1,1,2026-02-24T00:00:00,2027-03-16T23:59:59,24618727335,"C=US, O=DigiCert Inc, CN=DigiCert Global G2 TLS RSA SHA256 2020 CA1"
elis-push-event-pt.k8s.elis.nonprod.uscis.dhs.gov,No,Yes,1,1,2025-11-05T00:00:00,2026-11-24T23:59:59,22233333055,"C=US, O=DigiCert Inc, CN=DigiCert Global G2 TLS RSA SHA256 2020 CA1"
elis-push-event-sky.k8s.elis.nonprod.uscis.dhs.gov,No,Yes,1,1,2025-11-05T00:00:00,2026-11-24T23:59:59,22233333055,"C=US, O=DigiCert Inc, CN=DigiCert Global G2 TLS RSA SHA256 2020 CA1"
elis-push-event-smktest.k8s.elis.nonprod.uscis.dhs.gov,Yes,Yes,1,1,2025-11-05T00:00:00,2026-11-24T23:59:59,22233333055,"C=US, O=DigiCert Inc, CN=DigiCert Global G2 TLS RSA SHA256 2020 CA1"
elis-push-event-trn.k8s.elis.nonprod.uscis.dhs.gov,No,Yes,1,1,2025-11-05T00:00:00,2026-11-24T23:59:59,22233333055,"C=US, O=DigiCert Inc, CN=DigiCert Global G2 TLS RSA SHA256 2020 CA1"
elis-push-event-trn2.k8s.elis.nonprod.uscis.dhs.gov,No,Yes,1,1,2025-11-05T00:00:00,2026-11-24T23:59:59,22233333055,"C=US, O=DigiCert Inc, CN=DigiCert Global G2 TLS RSA SHA256 2020 CA1"
email.tsa.dhs.gov,No,Yes,2,1,2026-07-14T00:00:00,2027-01-28T23:59:59,27934723190;27934733051,"C=CA, O=Entrust Limited, CN=Entrust OV TLS Issuing RSA CA 2"
emailtest.tsa.dhs.gov,Yes,Yes,2,1,2026-08-04T00:00:00,2027-02-18T23:59:59,28531193259;28531197238,"C=CA, O=Entrust Limited, CN=Entrust OV TLS Issuing RSA CA 2"
ems.tsa.dhs.gov,Yes,Yes,2,1,2025-09-10T00:00:00,2026-10-11T23:59:59,20923345847;20923343743,"C=CA, O=Entrust Limited, CN=Entrust OV TLS Issuing RSA CA 2"
enclave.hssedi.dhs.gov,Yes,Yes,2,1,2026-08-26T00:00:00,2027-03-12T23:59:59,29051291655;29051294616,"C=GB, O=Sectigo Limited, CN=Sectigo Public Server Authentication CA OV R36"
enclaveldap.hssedi.dhs.gov,No,Yes,2,1,2026-08-26T00:00:00,2027-03-12T23:59:59,29051291655;29051294616,"C=GB, O=Sectigo Limited, CN=Sectigo Public Server Authentication CA OV R36"
enclavepiv.hssedi.dhs.gov,No,Yes,2,1,2026-08-26T00:00:00,2027-03-12T23:59:59,29051291655;29051294616,"C=GB, O=Sectigo Limited, CN=Sectigo Public Server Authentication CA OV R36"
encounters-sat.cbp.dhs.gov,Yes,Yes,2,1,2026-09-08T00:00:00,2027-03-25T23:59:59,29293479900;29290649301,"C=GB, O=Sectigo Limited, CN=Sectigo Public Server Authentication CA OV R36"
encounters.cbp.dhs.gov,Yes,Yes,4,1,2025-09-29T00:00:00,2027-03-25T23:59:59,29293475626;21348442934;21348426158;29290636836,"C=GB, O=Sectigo Limited, CN=Sectigo Public Server Authentication CA OV R36"
engage.dhs.gov,No,Yes,25,2,2026-04-18T00:00:00,2027-03-25T23:59:59,28558825009;28350086258;27933743634;29293564950;28495833979;26916527129;29442667731;27397153120;26157198216;28799232251;28356771661;28350768012;25562446938;29304041244;28350138323;27483798157;28796100160;28799248623;26916504600;27483761151;28558764200;29304057979;28350034131;25562479521;28356729871,"C=US, O=DigiCert Inc, CN=DigiCert Global G3 TLS ECC SHA384 2020 CA1;C=US, O=DigiCert Inc, CN=DigiCert Global G2 TLS RSA SHA256 2020 CA1"
enterpriseregistration.fletc.dhs.gov,No,Yes,1,1,2025-11-20T00:00:00,2026-12-21T23:59:59,22621802252,"C=US, O=DigiCert Inc, CN=DigiCert EV RSA CA G2"
enterpriseregistration.hssedi.dhs.gov,No,Yes,4,1,2025-12-01T00:00:00,2026-12-05T23:59:59,22906087894;22848296347;22848281064;22906109391,"C=GB, O=Sectigo Limited, CN=Sectigo Public Server Authentication CA OV R36"
enterpriseregistration.st.dhs.gov,No,Yes,5,2,2026-01-20T22:31:29,2027-03-26T19:02:14,28857638841;24060641093;23888467974;29315811541;29315811789,"C=US, O=GoDaddy.com, CN=GoDaddy TLS Intermediate CA EV - R1v1;C=US, ST=Arizona, L=Scottsdale, O=""GoDaddy.com, Inc."", OU=http://certs.godaddy.com/repository/, CN=Go Daddy Secure Certificate Authority - G2"
entitlement.cbp.dhs.gov,No,Yes,2,1,2026-07-07T00:00:00,2027-01-21T23:59:59,27763088537;27763088040,"C=GB, O=Sectigo Limited, CN=Sectigo Public Server Authentication CA OV R36"
epet-dev.cbp.dhs.gov,No,Yes,8,3,2026-06-02T00:00:00,2027-03-03T23:59:59,28958806542;26830596736;28224634433;28224799316;28835462722;28774375760;28835430188;26830550976,"C=US, O=DigiCert Inc, CN=DigiCert Global G3 TLS ECC SHA384 2020 CA1;C=GB, O=Sectigo Limited, CN=Sectigo Public Server Authentication CA OV R36;C=US, O=DigiCert Inc, CN=DigiCert Global G2 TLS RSA SHA256 2020 CA1"
epet.cbp.dhs.gov,No,Yes,8,3,2026-06-29T00:00:00,2027-03-03T23:59:59,28958806542;27575098726;28224634433;27575099713;28224799316;28835462722;28774375760;28835430188,"C=US, O=DigiCert Inc, CN=DigiCert Global G3 TLS ECC SHA384 2020 CA1;C=GB, O=Sectigo Limited, CN=Sectigo Public Server Authentication CA OV R36;C=US, O=DigiCert Inc, CN=DigiCert Global G2 TLS RSA SHA256 2020 CA1"
eqa-actiq-c1-01.cis1.cisr.uscis.dhs.gov,Yes,Yes,1,1,2025-12-03T00:00:00,2026-12-02T23:59:59,22888262020,"C=US, O=DigiCert Inc, CN=DigiCert Global G2 TLS RSA SHA256 2020 CA1"
eqa-uc-exp-e-m.uscis.dhs.gov,No,Yes,1,1,2026-05-11T00:00:00,2026-11-25T23:59:59,26253476875,"C=US, O=DigiCert Inc, CN=DigiCert Global G2 TLS RSA SHA256 2020 CA1"
eqa-uc-exp-e-s01.uscis.dhs.gov,No,Yes,1,1,2026-05-11T00:00:00,2026-11-25T23:59:59,26253476875,"C=US, O=DigiCert Inc, CN=DigiCert Global G2 TLS RSA SHA256 2020 CA1"
eqs-uc-exp-e-s01.uscis.dhs.gov,No,Yes,1,1,2026-05-11T00:00:00,2026-11-25T23:59:59,26253476875,"C=US, O=DigiCert Inc, CN=DigiCert Global G2 TLS RSA SHA256 2020 CA1"
eqs-uc-exp-e-s02.uscis.dhs.gov,No,Yes,1,1,2026-05-11T00:00:00,2026-11-25T23:59:59,26253476875,"C=US, O=DigiCert Inc, CN=DigiCert Global G2 TLS RSA SHA256 2020 CA1"
esafe.cbp.dhs.gov,No,Yes,2,1,2025-10-21T00:00:00,2026-10-23T23:59:59,21885448362;21974683208,"C=US, O=DigiCert Inc, OU=www.digicert.com, CN=GeoTrust TLS RSA CA G1"
esecureflight-obt.tsa.dhs.gov,Yes,Yes,2,1,2026-05-05T00:00:00,2026-11-19T23:59:59,26098315237;26159580076,"C=GB, O=Sectigo Limited, CN=Sectigo Public Server Authentication CA OV R36"
esecureflight.tsa.dhs.gov,Yes,Yes,2,1,2026-05-05T00:00:00,2026-11-19T23:59:59,26097795888;26159327515,"C=CA, O=Entrust Limited, CN=Entrust OV TLS Issuing RSA CA 2"
esfs.dhs.gov,No,Yes,25,2,2026-04-18T00:00:00,2027-03-25T23:59:59,28558825009;28350086258;27933743634;29293564950;28495833979;26916527129;29442667731;27397153120;26157198216;28799232251;28356771661;28350768012;25562446938;29304041244;28350138323;27483798157;28796100160;28799248623;26916504600;27483761151;28558764200;29304057979;28350034131;25562479521;28356729871,"C=US, O=DigiCert Inc, CN=DigiCert Global G3 TLS ECC SHA384 2020 CA1;C=US, O=DigiCert Inc, CN=DigiCert Global G2 TLS RSA SHA256 2020 CA1"
esfstest.dhs.gov,No,Yes,25,2,2026-04-18T00:00:00,2027-03-25T23:59:59,28558825009;28350086258;27933743634;29293564950;28495833979;26916527129;29442667731;27397153120;26157198216;28799232251;28356771661;28350768012;25562446938;29304041244;28350138323;27483798157;28796100160;28799248623;26916504600;27483761151;28558764200;29304057979;28350034131;25562479521;28356729871,"C=US, O=DigiCert Inc, CN=DigiCert Global G3 TLS ECC SHA384 2020 CA1;C=US, O=DigiCert Inc, CN=DigiCert Global G2 TLS RSA SHA256 2020 CA1"
esta-internal.cbp.dhs.gov,No,Yes,2,1,2026-06-29T00:00:00,2027-01-13T23:59:59,27570849114;27570851116,"C=GB, O=Sectigo Limited, CN=Sectigo Public Server Authentication CA OV R36"
esta.cbp.dhs.gov,No,Yes,27,3,2026-04-18T00:00:00,2027-03-25T23:59:59,28558825009;28350086258;27933743634;29293564950;28495833979;26916527129;29442667731;27397153120;27570849114;27570851116;26157198216;28799232251;28356771661;28350768012;25562446938;29304041244;28350138323;27483798157;28796100160;28799248623;26916504600;27483761151;28558764200;29304057979;28350034131;25562479521;28356729871,"C=US, O=DigiCert Inc, CN=DigiCert Global G3 TLS ECC SHA384 2020 CA1;C=GB, O=Sectigo Limited, CN=Sectigo Public Server Authentication CA OV R36;C=US, O=DigiCert Inc, CN=DigiCert Global G2 TLS RSA SHA256 2020 CA1"
etas-t.tsa.dhs.gov,Yes,Yes,2,1,2026-07-01T00:00:00,2027-01-15T23:59:59,27626294127;27626291935,"C=CA, O=Entrust Limited, CN=Entrust OV TLS Issuing RSA CA 2"
etasx.tsa.dhs.gov,Yes,Yes,2,1,2026-04-23T00:00:00,2026-11-07T23:59:59,26023154261;25707850568,"C=CA, O=Entrust Limited, CN=Entrust OV TLS Issuing RSA CA 2"
eum.cisa.dhs.gov,Yes,Yes,1,1,2025-11-13T00:00:00,2026-11-20T23:59:59,22442281972,"C=US, O=DigiCert Inc, CN=DigiCert Global G2 TLS RSA SHA256 2020 CA1"
exis.tsa.dhs.gov,Yes,Yes,2,1,2026-07-01T00:00:00,2027-01-15T23:59:59,27626660107;27626657219,"C=CA, O=Entrust Limited, CN=Entrust OV TLS Issuing RSA CA 2"
exisadfs.tsa.dhs.gov,Yes,Yes,2,1,2026-07-01T00:00:00,2027-01-15T23:59:59,27626739679;27626736545,"C=CA, O=Entrust Limited, CN=Entrust OV TLS Issuing RSA CA 2"
expedge01.ice.dhs.gov,Yes,Yes,1,1,2025-11-21T00:00:00,2026-12-22T23:59:59,22641339367,"C=US, O=DigiCert Inc, CN=DigiCert Global G2 TLS RSA SHA256 2020 CA1"
expedge02.ice.dhs.gov,Yes,Yes,1,1,2025-11-21T00:00:00,2026-12-22T23:59:59,22641339838,"C=US, O=DigiCert Inc, CN=DigiCert Global G2 TLS RSA SHA256 2020 CA1"
ext.cbp.dhs.gov,Yes,Yes,2,1,2026-07-31T00:00:00,2027-02-14T23:59:59,28405459120;28405419303,"C=GB, O=Sectigo Limited, CN=Sectigo Public Server Authentication CA OV R36"
extranet.tsa.dhs.gov,Yes,Yes,2,1,2026-08-21T00:00:00,2027-03-07T23:59:59,28884940409;28884891647,"C=CA, O=Entrust Limited, CN=Entrust OV TLS Issuing RSA CA 2"
extsoa.fsms.dhs.gov,Yes,Yes,4,2,2026-06-30T18:59:45,2026-11-26T20:14:27,27600698294;29410416722;27600679703;29406448699,"C=US, O=Google Trust Services, CN=WR1;C=US, O=Google Trust Services, CN=WE1"
failbackcasdc1.irmnet.ds2.dhs.gov,No,Yes,4,1,2025-12-08T14:58:08,2026-12-10T13:31:56,22981506140;23031624578;22985252154;23031543199,"C=US, ST=Arizona, L=Scottsdale, O=""GoDaddy.com, Inc."", OU=http://certs.godaddy.com/repository/, CN=Go Daddy Secure Certificate Authority - G2"
failbackcasdc2.irmnet.ds2.dhs.gov,No,Yes,4,1,2025-12-08T14:58:08,2026-12-10T13:31:56,22981506140;23031624578;22985252154;23031543199,"C=US, ST=Arizona, L=Scottsdale, O=""GoDaddy.com, Inc."", OU=http://certs.godaddy.com/repository/, CN=Go Daddy Secure Certificate Authority - G2"
femacmg.fema.dhs.gov,Yes,Yes,2,1,2026-08-14T00:00:00,2027-02-28T23:59:59,29026559858;28800482298,"C=US, O=DigiCert Inc, CN=DigiCert EV RSA CA G2"
ffdo-vq.tsa.dhs.gov,No,Yes,2,1,2026-07-16T00:00:00,2027-01-30T23:59:59,27991974680;27991972616,"C=CA, O=Entrust Limited, CN=Entrust OV TLS Issuing RSA CA 2"
ffdo.tsa.dhs.gov,No,Yes,2,1,2026-07-16T00:00:00,2027-01-30T23:59:59,27991974680;27991972616,"C=CA, O=Entrust Limited, CN=Entrust OV TLS Issuing RSA CA 2"
ffdostg.tsa.dhs.gov,No,Yes,2,1,2026-07-16T00:00:00,2027-01-30T23:59:59,27991974680;27991972616,"C=CA, O=Entrust Limited, CN=Entrust OV TLS Issuing RSA CA 2"
fincen105.cbp.dhs.gov,No,Yes,27,3,2026-04-18T00:00:00,2027-03-25T23:59:59,28558825009;28350086258;27933743634;29293564950;28495833979;26916527129;29442667731;27397143190;27397153120;26157198216;28799232251;28356771661;28350768012;25562446938;29304041244;27397154802;28350138323;27483798157;28796100160;28799248623;26916504600;27483761151;28558764200;29304057979;28350034131;25562479521;28356729871,"C=US, O=DigiCert Inc, CN=DigiCert Global G3 TLS ECC SHA384 2020 CA1;C=GB, O=Sectigo Limited, CN=Sectigo Public Server Authentication CA OV R36;C=US, O=DigiCert Inc, CN=DigiCert Global G2 TLS RSA SHA256 2020 CA1"
fireeye-cm-dc1.tsa.dhs.gov,No,Yes,2,1,2026-06-04T00:00:00,2026-12-19T23:59:59,26891636723;26891694026,"C=CA, O=Entrust Limited, CN=Entrust OV TLS Issuing RSA CA 2"
fireeye-cm-hq.tsa.dhs.gov,No,Yes,2,1,2026-06-04T00:00:00,2026-12-19T23:59:59,26891636723;26891694026,"C=CA, O=Entrust Limited, CN=Entrust OV TLS Issuing RSA CA 2"
fireeye-cm.tsa.dhs.gov,Yes,Yes,2,1,2026-06-04T00:00:00,2026-12-19T23:59:59,26891636723;26891694026,"C=CA, O=Entrust Limited, CN=Entrust OV TLS Issuing RSA CA 2"
fletc-gp.dhs.gov,Yes,Yes,12,4,2026-07-15T15:41:50,2026-11-13T01:48:36,27958352461;27958357109;28850448400;27958292506;27958356616;27958306209;28894488630;28926840059;27958410802;27958355979;28891232768;27958413704,"C=US, O=Google Trust Services, CN=WR1;C=US, O=Let's Encrypt, CN=YR1;C=US, O=Let's Encrypt, CN=YE1;C=US, O=Google Trust Services, CN=WE1"
fnwg-dp-internet05.cbp.dhs.gov,Yes,Yes,4,1,2025-10-06T00:00:00,2027-03-26T23:59:59,29311224567;21526958951;29311224514;21526976178,"C=GB, O=Sectigo Limited, CN=Sectigo Public Server Authentication CA OV R36"
fnwg-dp-internet06.cbp.dhs.gov,Yes,Yes,4,1,2025-10-06T00:00:00,2027-03-26T23:59:59,21526959000;29311224396;29311224056;21526976354,"C=GB, O=Sectigo Limited, CN=Sectigo Public Server Authentication CA OV R36"
foia-dev.oig.dhs.gov,No,Yes,7,2,2026-05-21T00:00:00,2027-03-03T23:59:59,28958806542;28224634433;26521823909;28224799316;28835462722;28774375760;28835430188,"C=US, O=DigiCert Inc, CN=DigiCert Global G3 TLS ECC SHA384 2020 CA1;C=US, O=DigiCert Inc, CN=DigiCert Global G2 TLS RSA SHA256 2020 CA1"
foia.oig.dhs.gov,No,Yes,7,2,2026-05-20T00:00:00,2027-03-03T23:59:59,28958806542;26491188639;28224634433;28224799316;28835462722;28774375760;28835430188,"C=US, O=DigiCert Inc, CN=DigiCert Global G3 TLS ECC SHA384 2020 CA1;C=US, O=DigiCert Inc, CN=DigiCert Global G2 TLS RSA SHA256 2020 CA1"
fpr-aj.tsa.dhs.gov,No,Yes,4,1,2026-05-06T00:00:00,2026-12-24T23:59:59,26169363465;26122077986;27025709598;27025663894,"C=CA, O=Entrust Limited, CN=Entrust OV TLS Issuing RSA CA 2"
fpr-cs.tsa.dhs.gov,No,Yes,4,1,2026-05-06T00:00:00,2026-12-24T23:59:59,26169363465;26122077986;27025709598;27025663894,"C=CA, O=Entrust Limited, CN=Entrust OV TLS Issuing RSA CA 2"
fpr.tsa.dhs.gov,Yes,Yes,4,1,2026-05-06T00:00:00,2026-12-24T23:59:59,26169363465;26122077986;27025709598;27025663894,"C=CA, O=Entrust Limited, CN=Entrust OV TLS Issuing RSA CA 2"
fps.dhs.gov,Yes,Yes,1,1,2025-11-18T00:00:00,2026-12-19T23:59:59,22572095342,"C=US, O=DigiCert Inc, CN=DigiCert Global G2 TLS RSA SHA256 2020 CA1"
fpspub.dhs.gov,Yes,Yes,4,1,2026-07-02T00:05:50,2026-11-29T02:00:57,27630276977;29399814109;29181054276;27630281699,"C=US, O=Let's Encrypt, CN=YR2"
fpspubdev.dhs.gov,Yes,Yes,3,1,2026-07-10T07:38:01,2026-12-07T09:36:03,27826484391;27826472880;29491715570,"C=US, O=Let's Encrypt, CN=YR1"
fpspubstaging.dhs.gov,Yes,Yes,1,1,2026-08-29T01:05:50,2026-11-27T01:05:49,29364552253,"C=US, O=Let's Encrypt, CN=YR1"
fpspubtest.dhs.gov,Yes,Yes,3,1,2026-07-10T07:37:49,2026-12-07T09:35:54,29491708510;27826483549;27826470119,"C=US, O=Let's Encrypt, CN=YR1"
frtf.dhs.gov,Yes,Yes,2,1,2026-08-22T11:25:12,2026-11-20T11:25:11,29118311334;29329482670,"C=US, O=Let's Encrypt, CN=YE1"
fs.cdpemail.dhs.gov,No,Yes,2,1,2025-09-22T00:00:00,2026-12-17T23:59:59,23123408421;21204978009,"C=US, O=DigiCert Inc, CN=DigiCert Global G2 TLS RSA SHA256 2020 CA1"
fs.ice.dhs.gov,No,Yes,2,1,2025-12-08T16:55:33,2026-12-10T16:21:57,22983473529;23035949492,"C=US, ST=Arizona, L=Scottsdale, O=""GoDaddy.com, Inc."", OU=http://certs.godaddy.com/repository/, CN=Go Daddy Secure Certificate Authority - G2"
fts.tsa.dhs.gov,Yes,Yes,2,1,2026-06-11T00:00:00,2026-12-26T23:59:59,27097588030;27101082411,"C=GB, O=Sectigo Limited, CN=Sectigo Public Server Authentication CA OV R36"
fw1a.denver.tsa.dhs.gov,Yes,Yes,10,6,2025-11-13T00:00:00,2026-12-14T23:59:59,22441786705;28762507902;22441796179;28762516803;28759228473;22442041054;22441994567;28759228655;28623573690;28623545126,"C=CA, O=Entrust Limited, CN=Entrust OV TLS Issuing RSA CA 2;C=US, O=Google Trust Services, CN=WE1;C=GB, O=Sectigo Limited, CN=Sectigo Public Server Authentication CA DV E36;C=GB, O=Sectigo Limited, CN=Sectigo Public Server Authentication CA DV R36;C=CA, O=Entrust Limited, CN=Entrust DV TLS Issuing RSA CA 2;C=US, O=Google Trust Services, CN=WR1"
fw1b.denver.tsa.dhs.gov,Yes,Yes,7,5,2025-11-13T00:00:00,2026-12-14T23:59:59,22441786705;28617206146;28618203297;22441796179;29339342291;22442041054;22441994567,"C=CA, O=Entrust Limited, CN=Entrust OV TLS Issuing RSA CA 2;C=US, O=Google Trust Services, CN=WE1;C=GB, O=Sectigo Limited, CN=Sectigo Public Server Authentication CA DV R36;C=CA, O=Entrust Limited, CN=Entrust DV TLS Issuing RSA CA 2;C=US, O=Google Trust Services, CN=WR1"
g-cnmi-eta.cbp.dhs.gov,No,Yes,8,3,2026-07-24T00:00:00,2027-03-03T23:59:59,28216816031;28958806542;28224634433;28224799316;28835462722;28774375760;28835430188;28216818263,"C=US, O=DigiCert Inc, CN=DigiCert Global G3 TLS ECC SHA384 2020 CA1;C=GB, O=Sectigo Limited, CN=Sectigo Public Server Authentication CA OV R36;C=US, O=DigiCert Inc, CN=DigiCert Global G2 TLS RSA SHA256 2020 CA1"
gateu1.cwmd.dhs.gov,No,Yes,2,1,2026-02-24T00:00:00,2027-02-24T23:59:59,24619835048;24619836448,"C=GB, O=Sectigo Limited, CN=Sectigo Public Server Authentication CA DV R36"
gateucses.cwmd.dhs.gov,Yes,Yes,2,1,2026-03-24T00:00:00,2027-03-09T23:59:59,28988038449;25185400255,"C=US, O=Amazon, CN=Amazon RSA 2048 M01"
gateway-preprod.acdms2.tsa.dhs.gov,Yes,Yes,2,1,2026-01-29T00:00:00,2027-03-01T23:59:59,24063158085;24063139396,"C=CA, O=Entrust Limited, CN=Entrust OV TLS Issuing RSA CA 2"
gateway-staging.acdms2.tsa.dhs.gov,Yes,Yes,2,1,2025-09-30T00:00:00,2026-10-31T23:59:59,21379429832;21379451482,"C=CA, O=Entrust Limited, CN=Entrust OV TLS Issuing RSA CA 2"
gateway.acdms2.tsa.dhs.gov,Yes,Yes,2,1,2026-01-29T00:00:00,2027-03-01T23:59:59,24063003298;24063002303,"C=CA, O=Entrust Limited, CN=Entrust OV TLS Issuing RSA CA 2"
genealogy.uscis.dhs.gov,Yes,Yes,2,1,2026-01-09T00:00:00,2027-02-09T23:59:59,23662299301;28856453855,"C=US, O=DigiCert Inc, CN=DigiCert EV RSA CA G2"
geo-dev.dtect.dhs.gov,No,Yes,6,2,2026-02-24T00:00:00,2027-03-24T23:59:59,24619835048;29282552269;24619836448;28143335356;28143337979;29282551993,"C=GB, O=Sectigo Limited, CN=Sectigo Public Server Authentication CA DV R36;C=CA, O=Entrust Limited, CN=Entrust EV TLS Issuing RSA CA 2"
geo-sandbox.dtect.dhs.gov,No,Yes,6,2,2026-02-24T00:00:00,2027-03-24T23:59:59,24619835048;29282552269;29003798129;29003795263;24619836448;29282551993,"C=GB, O=Sectigo Limited, CN=Sectigo Public Server Authentication CA DV R36;C=CA, O=Entrust Limited, CN=Entrust EV TLS Issuing RSA CA 2"
geo-test.dtect.dhs.gov,No,Yes,6,2,2026-02-24T00:00:00,2027-03-24T23:59:59,28143274450;24619835048;29282552269;24619836448;28143276662;29282551993,"C=GB, O=Sectigo Limited, CN=Sectigo Public Server Authentication CA DV R36;C=CA, O=Entrust Limited, CN=Entrust EV TLS Issuing RSA CA 2"
geo.dtect.dhs.gov,No,Yes,6,2,2026-02-24T00:00:00,2027-03-24T23:59:59,24619835048;28143299097;29282552269;28143304397;24619836448;29282551993,"C=GB, O=Sectigo Limited, CN=Sectigo Public Server Authentication CA DV R36;C=CA, O=Entrust Limited, CN=Entrust EV TLS Issuing RSA CA 2"
gigamon-fm.tsa.dhs.gov,Yes,Yes,2,1,2026-06-04T00:00:00,2026-12-19T23:59:59,26891268785;26891314814,"C=CA, O=Entrust Limited, CN=Entrust OV TLS Issuing RSA CA 2"
gii-api.dhs.gov,Yes,Yes,3,2,2026-07-02T20:54:21,2026-11-28T22:13:49,27651845660;27651861669;29421217851,"C=US, O=Google Trust Services, CN=WR1;C=US, O=Google Trust Services, CN=WE1"
gii.dhs.gov,Yes,Yes,1,1,2026-08-20T00:00:00,2027-03-06T23:59:59,28866709045,"C=US, O=DigiCert Inc, CN=DigiCert Global G2 TLS RSA SHA256 2020 CA1"
giitest-api.dhs.gov,Yes,Yes,4,2,2026-07-14T20:07:59,2026-10-12T21:25:57,27936001524;27936011623;27936287657;27936280651,"C=US, O=Google Trust Services, CN=WR1;C=US, O=Google Trust Services, CN=WE1"
giitest.dhs.gov,Yes,Yes,3,1,2025-08-28T00:00:00,2027-03-06T23:59:59,29025776055;20627792927;28866707480,"C=US, O=DigiCert Inc, CN=DigiCert Global G2 TLS RSA SHA256 2020 CA1"
go.dhs.gov,No,Yes,25,2,2026-04-18T00:00:00,2027-03-25T23:59:59,28558825009;28350086258;27933743634;29293564950;28495833979;26916527129;29442667731;27397153120;26157198216;28799232251;28356771661;28350768012;25562446938;29304041244;28350138323;27483798157;28796100160;28799248623;26916504600;27483761151;28558764200;29304057979;28350034131;25562479521;28356729871,"C=US, O=DigiCert Inc, CN=DigiCert Global G3 TLS ECC SHA384 2020 CA1;C=US, O=DigiCert Inc, CN=DigiCert Global G2 TLS RSA SHA256 2020 CA1"
govtauat.dhs.gov,Yes,Yes,6,4,2026-08-08T17:49:51,2026-11-23T00:27:44,29197795728;28655159782;29293518444;28655149472;28655161031;28655147151,"C=US, O=Let's Encrypt, CN=YE2;C=US, O=Google Trust Services, CN=WR1;C=US, O=Let's Encrypt, CN=YR1;C=US, O=Google Trust Services, CN=WE1"
gp.cbp.dhs.gov,Yes,Yes,2,1,2026-02-17T00:00:00,2027-02-17T23:59:59,24467182119;24467179763,"C=GB, O=Sectigo Limited, CN=Sectigo Public Server Authentication CA OV R36"
gp11.cbp.dhs.gov,No,Yes,2,1,2026-02-17T00:00:00,2027-02-17T23:59:59,24467182119;24467179763,"C=GB, O=Sectigo Limited, CN=Sectigo Public Server Authentication CA OV R36"
gp12.cbp.dhs.gov,No,Yes,2,1,2026-02-17T00:00:00,2027-02-17T23:59:59,24467182119;24467179763,"C=GB, O=Sectigo Limited, CN=Sectigo Public Server Authentication CA OV R36"
gp21.cbp.dhs.gov,No,Yes,2,1,2026-02-17T00:00:00,2027-02-17T23:59:59,24467182119;24467179763,"C=GB, O=Sectigo Limited, CN=Sectigo Public Server Authentication CA OV R36"
gp22.cbp.dhs.gov,No,Yes,2,1,2026-02-17T00:00:00,2027-02-17T23:59:59,24467182119;24467179763,"C=GB, O=Sectigo Limited, CN=Sectigo Public Server Authentication CA OV R36"
gpt.cbp.dhs.gov,No,Yes,4,1,2025-10-07T00:00:00,2027-04-04T23:59:59,29429625914;21550377170;29445328532;21550352980,"C=GB, O=Sectigo Limited, CN=Sectigo Public Server Authentication CA OV R36"
gpubtableau-01.uscis.dhs.gov,No,Yes,2,1,2026-02-04T00:00:00,2027-01-25T23:59:59,24927279937;24187652090,"C=US, O=DigiCert Inc, CN=DigiCert Global G2 TLS RSA SHA256 2020 CA1"
guac.env0.cool.cyber.dhs.gov,Yes,Yes,2,1,2026-08-19T10:48:14,2026-11-17T10:48:13,28942610299;28942610429,"C=US, O=Let's Encrypt, CN=YR2"
guac.env0.dev-a.cool.cyber.dhs.gov,Yes,Yes,2,1,2026-08-11T13:11:05,2026-11-09T13:11:04,28741865872;28741857068,"C=US, O=Let's Encrypt, CN=YR1"
guac.env0.staging-a.cool.cyber.dhs.gov,Yes,Yes,2,1,2026-07-22T10:56:36,2026-10-20T10:56:35,28151759685;28151764092,"C=US, O=Let's Encrypt, CN=YR1"
guac.env1.cool.cyber.dhs.gov,Yes,Yes,2,1,2026-08-19T10:50:18,2026-11-17T10:50:17,28978184302;29113185955,"C=US, O=Let's Encrypt, CN=YR2"
guac.env1.dev-a.cool.cyber.dhs.gov,Yes,Yes,2,1,2026-08-11T13:12:20,2026-11-09T13:12:19,28741901630;28741888783,"C=US, O=Let's Encrypt, CN=YR1"
guac.env1.staging-a.cool.cyber.dhs.gov,Yes,Yes,2,1,2026-07-22T10:57:14,2026-10-20T10:57:13,28151767316;28151775676,"C=US, O=Let's Encrypt, CN=YR1"
guac.env10.cool.cyber.dhs.gov,Yes,Yes,2,1,2026-08-19T11:08:01,2026-11-17T11:08:00,28950465945;28974462246,"C=US, O=Let's Encrypt, CN=YR2"
guac.env10.staging-a.cool.cyber.dhs.gov,Yes,Yes,2,1,2026-07-22T11:03:10,2026-10-20T11:03:09,28151878917;28151871955,"C=US, O=Let's Encrypt, CN=YR1"
guac.env100.cool.cyber.dhs.gov,Yes,Yes,2,1,2026-08-19T14:12:14,2026-11-17T14:12:13,29120443091;28978670198,"C=US, O=Let's Encrypt, CN=YR2"
guac.env11.cool.cyber.dhs.gov,Yes,Yes,2,1,2026-08-19T11:09:57,2026-11-17T11:09:56,28975618284;29113803949,"C=US, O=Let's Encrypt, CN=YR1"
guac.env11.staging-a.cool.cyber.dhs.gov,Yes,Yes,2,1,2026-07-22T11:03:52,2026-10-20T11:03:51,28151896664;28151890485,"C=US, O=Let's Encrypt, CN=YR2"
guac.env12.cool.cyber.dhs.gov,Yes,Yes,2,1,2026-08-19T11:12:01,2026-11-17T11:12:00,28974581022;28942967256,"C=US, O=Let's Encrypt, CN=YR1"
guac.env12.staging-a.cool.cyber.dhs.gov,Yes,Yes,2,1,2026-07-22T11:04:35,2026-10-20T11:04:34,28151892670;28151901951,"C=US, O=Let's Encrypt, CN=YR2"
guac.env13.cool.cyber.dhs.gov,Yes,Yes,2,1,2026-08-19T11:13:55,2026-11-17T11:13:54,29113931113;28978575352,"C=US, O=Let's Encrypt, CN=YR2"
guac.env13.staging-a.cool.cyber.dhs.gov,Yes,Yes,2,1,2026-07-22T11:05:14,2026-10-20T11:05:13,28151916660;28151918147,"C=US, O=Let's Encrypt, CN=YR1"
guac.env14.cool.cyber.dhs.gov,Yes,Yes,2,1,2026-08-19T11:15:58,2026-11-17T11:15:57,28990190169;29000547326,"C=US, O=Let's Encrypt, CN=YR1"
guac.env14.staging-a.cool.cyber.dhs.gov,Yes,Yes,2,1,2026-07-22T11:05:54,2026-10-20T11:05:53,28151938802;28151933660,"C=US, O=Let's Encrypt, CN=YR1"
guac.env15.cool.cyber.dhs.gov,Yes,Yes,2,1,2026-08-19T11:17:53,2026-11-17T11:17:52,28950589183;28943082008,"C=US, O=Let's Encrypt, CN=YR2"
guac.env15.staging-a.cool.cyber.dhs.gov,Yes,Yes,2,1,2026-07-22T11:06:36,2026-10-20T11:06:35,28151948896;28151961474,"C=US, O=Let's Encrypt, CN=YR2"
guac.env16.cool.cyber.dhs.gov,Yes,Yes,2,1,2026-08-19T11:20:02,2026-11-17T11:20:01,28974748293;28950621077,"C=US, O=Let's Encrypt, CN=YR2"
guac.env16.staging-a.cool.cyber.dhs.gov,Yes,Yes,2,1,2026-07-22T11:07:15,2026-10-20T11:07:14,28151963735;28151965772,"C=US, O=Let's Encrypt, CN=YR1"
guac.env17.cool.cyber.dhs.gov,Yes,Yes,2,1,2026-08-19T11:22:01,2026-11-17T11:22:00,29114152546;28978727387,"C=US, O=Let's Encrypt, CN=YR1"
guac.env17.staging-a.cool.cyber.dhs.gov,Yes,Yes,2,1,2026-07-22T11:07:54,2026-10-20T11:07:53,28151985571;28151979109,"C=US, O=Let's Encrypt, CN=YR1"
guac.env18.cool.cyber.dhs.gov,Yes,Yes,2,1,2026-08-19T11:23:55,2026-11-17T11:23:54,28978739655;29114197300,"C=US, O=Let's Encrypt, CN=YR1"
guac.env18.staging-a.cool.cyber.dhs.gov,Yes,Yes,2,1,2026-07-22T11:08:34,2026-10-20T11:08:33,28152000271;28151994802,"C=US, O=Let's Encrypt, CN=YR2"
guac.env19.cool.cyber.dhs.gov,Yes,Yes,2,1,2026-08-19T11:25:53,2026-11-17T11:25:52,29114204805;28975931851,"C=US, O=Let's Encrypt, CN=YR2"
guac.env19.staging-a.cool.cyber.dhs.gov,Yes,Yes,2,1,2026-07-22T11:09:14,2026-10-20T11:09:13,28152010310;28152015116,"C=US, O=Let's Encrypt, CN=YR1"
guac.env2.cool.cyber.dhs.gov,Yes,Yes,2,1,2026-08-19T10:52:18,2026-11-17T10:52:17,28950271399;28975350190,"C=US, O=Let's Encrypt, CN=YR2"
guac.env2.dev-a.cool.cyber.dhs.gov,Yes,Yes,2,1,2026-08-11T13:13:30,2026-11-09T13:13:29,28741931766;28741926339,"C=US, O=Let's Encrypt, CN=YR1"
guac.env2.staging-a.cool.cyber.dhs.gov,Yes,Yes,2,1,2026-07-22T10:57:54,2026-10-20T10:57:53,28151788184;28151781747,"C=US, O=Let's Encrypt, CN=YR2"
guac.env20.cool.cyber.dhs.gov,Yes,Yes,2,1,2026-08-19T11:27:53,2026-11-17T11:27:52,28974965408;28978815571,"C=US, O=Let's Encrypt, CN=YR1"
guac.env20.staging-a.cool.cyber.dhs.gov,Yes,Yes,2,1,2026-07-22T11:09:54,2026-10-20T11:09:53,28152003406;28152017146,"C=US, O=Let's Encrypt, CN=YR2"
guac.env21.cool.cyber.dhs.gov,Yes,Yes,2,1,2026-08-19T11:31:03,2026-11-17T11:31:02,28943266942;29114344454,"C=US, O=Let's Encrypt, CN=YR1"
guac.env22.cool.cyber.dhs.gov,Yes,Yes,2,1,2026-08-19T11:32:57,2026-11-17T11:32:56,29114391993;28978913866,"C=US, O=Let's Encrypt, CN=YR1"
guac.env23.cool.cyber.dhs.gov,Yes,Yes,2,1,2026-08-19T11:34:57,2026-11-17T11:34:56,28990552397;29037030637,"C=US, O=Let's Encrypt, CN=YR1"
guac.env24.cool.cyber.dhs.gov,Yes,Yes,2,1,2026-08-19T11:36:54,2026-11-17T11:36:53,28976095990;29114476980,"C=US, O=Let's Encrypt, CN=YR2"
guac.env25.cool.cyber.dhs.gov,Yes,Yes,2,1,2026-08-19T11:38:49,2026-11-17T11:38:48,28943365571;28943365360,"C=US, O=Let's Encrypt, CN=YR1"
guac.env26.cool.cyber.dhs.gov,Yes,Yes,2,1,2026-08-19T11:40:43,2026-11-17T11:40:42,29013059358;28943392703,"C=US, O=Let's Encrypt, CN=YR2"
guac.env27.cool.cyber.dhs.gov,Yes,Yes,2,1,2026-08-19T11:42:44,2026-11-17T11:42:43,28950944735;28950965682,"C=US, O=Let's Encrypt, CN=YR1"
guac.env28.cool.cyber.dhs.gov,Yes,Yes,2,1,2026-08-19T11:44:40,2026-11-17T11:44:39,28943464374;28943458187,"C=US, O=Let's Encrypt, CN=YR1"
guac.env29.cool.cyber.dhs.gov,Yes,Yes,2,1,2026-08-19T11:46:37,2026-11-17T11:46:36,28976266020;29114781494,"C=US, O=Let's Encrypt, CN=YR1"
guac.env3.cool.cyber.dhs.gov,Yes,Yes,2,1,2026-08-19T10:54:14,2026-11-17T10:54:13,29000190467;28974246242,"C=US, O=Let's Encrypt, CN=YR2"
guac.env3.dev-a.cool.cyber.dhs.gov,Yes,Yes,2,1,2026-08-11T13:14:39,2026-11-09T13:14:38,28741961614;28741946303,"C=US, O=Let's Encrypt, CN=YR2"
guac.env3.staging-a.cool.cyber.dhs.gov,Yes,Yes,2,1,2026-07-22T10:58:37,2026-10-20T10:58:36,28151795596;28151790298,"C=US, O=Let's Encrypt, CN=YR2"
guac.env30.cool.cyber.dhs.gov,Yes,Yes,2,1,2026-08-19T11:48:35,2026-11-17T11:48:34,29114834866;28990752316,"C=US, O=Let's Encrypt, CN=YR1"
guac.env31.cool.cyber.dhs.gov,Yes,Yes,2,1,2026-08-19T11:50:28,2026-11-17T11:50:27,28943546923;28943549261,"C=US, O=Let's Encrypt, CN=YR1"
guac.env32.cool.cyber.dhs.gov,Yes,Yes,2,1,2026-08-19T11:52:22,2026-11-17T11:52:21,28951105381;28975427210,"C=US, O=Let's Encrypt, CN=YR2"
guac.env33.cool.cyber.dhs.gov,Yes,Yes,2,1,2026-08-19T11:54:16,2026-11-17T11:54:15,28943633846;28975476589,"C=US, O=Let's Encrypt, CN=YR1"
guac.env34.cool.cyber.dhs.gov,Yes,Yes,2,1,2026-08-19T11:56:12,2026-11-17T11:56:11,28951146599;28976400226,"C=US, O=Let's Encrypt, CN=YR2"
guac.env35.cool.cyber.dhs.gov,Yes,Yes,2,1,2026-08-19T11:58:05,2026-11-17T11:58:04,28943640755;28943634823,"C=US, O=Let's Encrypt, CN=YR2"
guac.env36.cool.cyber.dhs.gov,Yes,Yes,2,1,2026-08-19T12:00:00,2026-11-17T11:59:59,29115115710;28951172697,"C=US, O=Let's Encrypt, CN=YR2"
guac.env37.cool.cyber.dhs.gov,Yes,Yes,2,1,2026-08-19T12:01:55,2026-11-17T12:01:54,28990999017;29001336075,"C=US, O=Let's Encrypt, CN=YR2"
guac.env38.cool.cyber.dhs.gov,Yes,Yes,2,1,2026-08-19T12:03:53,2026-11-17T12:03:52,28951238528;28975654706,"C=US, O=Let's Encrypt, CN=YR2"
guac.env39.cool.cyber.dhs.gov,Yes,Yes,2,1,2026-08-19T12:05:50,2026-11-17T12:05:49,29115276079;28979547561,"C=US, O=Let's Encrypt, CN=YR1"
guac.env4.cool.cyber.dhs.gov,Yes,Yes,2,1,2026-08-19T10:56:10,2026-11-17T10:56:09,28974268878;28950306032,"C=US, O=Let's Encrypt, CN=YR2"
guac.env4.dev-a.cool.cyber.dhs.gov,Yes,Yes,2,1,2026-08-11T13:15:59,2026-11-09T13:15:58,28741984334;28741978435,"C=US, O=Let's Encrypt, CN=YR2"
guac.env4.staging-a.cool.cyber.dhs.gov,Yes,Yes,2,1,2026-08-11T12:45:13,2026-11-09T12:45:12,28741268042;28741259687,"C=US, O=Let's Encrypt, CN=YR1"
guac.env40.cool.cyber.dhs.gov,Yes,Yes,2,1,2026-08-19T12:07:45,2026-11-17T12:07:44,28979581120;29115357923,"C=US, O=Let's Encrypt, CN=YR2"
guac.env41.cool.cyber.dhs.gov,Yes,Yes,2,1,2026-08-19T12:11:00,2026-11-17T12:10:59,29115455996;28951347583,"C=US, O=Let's Encrypt, CN=YR2"
guac.env42.cool.cyber.dhs.gov,Yes,Yes,2,1,2026-08-19T12:12:56,2026-11-17T12:12:55,28975933666;28951382530,"C=US, O=Let's Encrypt, CN=YR2"
guac.env43.cool.cyber.dhs.gov,Yes,Yes,2,1,2026-08-19T12:14:52,2026-11-17T12:14:51,28975965923;28943892093,"C=US, O=Let's Encrypt, CN=YR2"
guac.env44.cool.cyber.dhs.gov,Yes,Yes,2,1,2026-08-19T12:16:52,2026-11-17T12:16:51,28943915472;28976020456,"C=US, O=Let's Encrypt, CN=YR2"
guac.env45.cool.cyber.dhs.gov,Yes,Yes,2,1,2026-08-19T12:18:49,2026-11-17T12:18:48,29115784861;28976721465,"C=US, O=Let's Encrypt, CN=YR1"
guac.env46.cool.cyber.dhs.gov,Yes,Yes,2,1,2026-08-19T12:20:46,2026-11-17T12:20:45,28976774974;29115835686,"C=US, O=Let's Encrypt, CN=YR2"
guac.env47.cool.cyber.dhs.gov,Yes,Yes,2,1,2026-08-19T12:22:42,2026-11-17T12:22:41,28976820638;29115898530,"C=US, O=Let's Encrypt, CN=YR2"
guac.env48.cool.cyber.dhs.gov,Yes,Yes,2,1,2026-08-19T12:24:39,2026-11-17T12:24:38,29115971732;28976870445,"C=US, O=Let's Encrypt, CN=YR1"
guac.env49.cool.cyber.dhs.gov,Yes,Yes,2,1,2026-08-19T12:26:38,2026-11-17T12:26:37,28976290002;28944078329,"C=US, O=Let's Encrypt, CN=YR1"
guac.env5.cool.cyber.dhs.gov,Yes,Yes,2,1,2026-08-19T10:58:08,2026-11-17T10:58:07,28989871832;29012302776,"C=US, O=Let's Encrypt, CN=YR1"
guac.env5.dev-a.cool.cyber.dhs.gov,Yes,Yes,2,1,2026-08-11T13:17:22,2026-11-09T13:17:21,28742006485;28742007245,"C=US, O=Let's Encrypt, CN=YR1"
guac.env5.staging-a.cool.cyber.dhs.gov,Yes,Yes,2,1,2026-07-22T10:59:50,2026-10-20T10:59:49,28151821863;28151822512,"C=US, O=Let's Encrypt, CN=YR2"
guac.env50.cool.cyber.dhs.gov,Yes,Yes,2,1,2026-08-19T12:28:32,2026-11-17T12:28:31,29116101279;28976954013,"C=US, O=Let's Encrypt, CN=YR1"
guac.env51.cool.cyber.dhs.gov,Yes,Yes,2,1,2026-08-19T12:30:32,2026-11-17T12:30:31,28980016258;29001855631,"C=US, O=Let's Encrypt, CN=YR2"
guac.env52.cool.cyber.dhs.gov,Yes,Yes,2,1,2026-08-19T12:32:30,2026-11-17T12:32:29,28980044364;29116229229,"C=US, O=Let's Encrypt, CN=YR1"
guac.env53.cool.cyber.dhs.gov,Yes,Yes,2,1,2026-08-19T12:34:24,2026-11-17T12:34:23,28951697649;28976464264,"C=US, O=Let's Encrypt, CN=YR1"
guac.env54.cool.cyber.dhs.gov,Yes,Yes,2,1,2026-08-19T12:36:15,2026-11-17T12:36:14,28977037165;29116315795,"C=US, O=Let's Encrypt, CN=YR2"
guac.env55.cool.cyber.dhs.gov,Yes,Yes,2,1,2026-08-19T12:38:16,2026-11-17T12:38:15,28944249496;28944249365,"C=US, O=Let's Encrypt, CN=YR1"
guac.env56.cool.cyber.dhs.gov,Yes,Yes,2,1,2026-08-19T12:40:16,2026-11-17T12:40:15,28951792750;28944284127,"C=US, O=Let's Encrypt, CN=YR2"
guac.env57.cool.cyber.dhs.gov,Yes,Yes,2,1,2026-08-19T12:42:09,2026-11-17T12:42:08,28976785282;28976670759,"C=US, O=Let's Encrypt, CN=YR2"
guac.env58.cool.cyber.dhs.gov,Yes,Yes,2,1,2026-08-19T12:44:06,2026-11-17T12:44:05,28944340349;28976739980,"C=US, O=Let's Encrypt, CN=YR1"
guac.env59.cool.cyber.dhs.gov,Yes,Yes,2,1,2026-08-19T12:46:07,2026-11-17T12:46:06,28976818329;28951874281,"C=US, O=Let's Encrypt, CN=YR2"
guac.env6.cool.cyber.dhs.gov,Yes,Yes,2,1,2026-08-19T11:00:05,2026-11-17T11:00:04,28950361617;28942792373,"C=US, O=Let's Encrypt, CN=YR1"
guac.env6.dev-a.cool.cyber.dhs.gov,Yes,Yes,2,1,2026-08-11T13:18:39,2026-11-09T13:18:38,28742043247;28742038158,"C=US, O=Let's Encrypt, CN=YR1"
guac.env6.staging-a.cool.cyber.dhs.gov,Yes,Yes,2,1,2026-07-22T11:00:31,2026-10-20T11:00:30,28151830996;28151825817,"C=US, O=Let's Encrypt, CN=YR2"
guac.env60.cool.cyber.dhs.gov,Yes,Yes,2,1,2026-08-19T12:48:00,2026-11-17T12:47:59,28977290839;29117023001,"C=US, O=Let's Encrypt, CN=YR2"
guac.env61.cool.cyber.dhs.gov,Yes,Yes,2,1,2026-08-19T12:50:24,2026-11-17T12:50:23,28951925153;28944420237,"C=US, O=Let's Encrypt, CN=YR2"
guac.env62.cool.cyber.dhs.gov,Yes,Yes,2,1,2026-08-19T12:52:20,2026-11-17T12:52:19,29117291871;28977361620,"C=US, O=Let's Encrypt, CN=YR2"
guac.env63.cool.cyber.dhs.gov,Yes,Yes,2,1,2026-08-19T12:54:33,2026-11-17T12:54:32,28977093910;28951979027,"C=US, O=Let's Encrypt, CN=YR2"
guac.env64.cool.cyber.dhs.gov,Yes,Yes,2,1,2026-08-19T12:56:28,2026-11-17T12:56:27,29002326578;28952007379,"C=US, O=Let's Encrypt, CN=YR1"
guac.env65.cool.cyber.dhs.gov,Yes,Yes,2,1,2026-08-19T12:58:22,2026-11-17T12:58:21,29002323112;28952043345,"C=US, O=Let's Encrypt, CN=YR1"
guac.env66.cool.cyber.dhs.gov,Yes,Yes,2,1,2026-08-19T13:00:16,2026-11-17T13:00:15,28977262831;29117745351,"C=US, O=Let's Encrypt, CN=YR2"
guac.env67.cool.cyber.dhs.gov,Yes,Yes,2,1,2026-08-19T13:02:11,2026-11-17T13:02:10,28944587063;28952111646,"C=US, O=Let's Encrypt, CN=YR2"
guac.env68.cool.cyber.dhs.gov,Yes,Yes,2,1,2026-08-19T13:04:09,2026-11-17T13:04:08,29117918236;28977558002,"C=US, O=Let's Encrypt, CN=YR2"
guac.env69.cool.cyber.dhs.gov,Yes,Yes,2,1,2026-08-19T13:06:03,2026-11-17T13:06:02,28980691955;29118059875,"C=US, O=Let's Encrypt, CN=YR2"
guac.env7.cool.cyber.dhs.gov,Yes,Yes,2,1,2026-08-19T11:01:59,2026-11-17T11:01:58,28975501207;29113600811,"C=US, O=Let's Encrypt, CN=YR2"
guac.env7.dev-a.cool.cyber.dhs.gov,Yes,Yes,2,1,2026-08-11T13:19:54,2026-11-09T13:19:53,28742073811;28742075904,"C=US, O=Let's Encrypt, CN=YR1"
guac.env7.staging-a.cool.cyber.dhs.gov,Yes,Yes,2,1,2026-07-22T11:01:10,2026-10-20T11:01:09,28151838714;28151842951,"C=US, O=Let's Encrypt, CN=YR1"
guac.env70.cool.cyber.dhs.gov,Yes,Yes,2,1,2026-08-19T13:07:58,2026-11-17T13:07:57,29118177992;28980729085,"C=US, O=Let's Encrypt, CN=YR2"
guac.env71.cool.cyber.dhs.gov,Yes,Yes,2,1,2026-08-19T13:09:57,2026-11-17T13:09:56,28952240089;28944694460,"C=US, O=Let's Encrypt, CN=YR2"
guac.env72.cool.cyber.dhs.gov,Yes,Yes,2,1,2026-08-19T13:15:37,2026-11-17T13:15:36,28944798310;29002571094,"C=US, O=Let's Encrypt, CN=YR1"
guac.env73.cool.cyber.dhs.gov,Yes,Yes,2,1,2026-08-19T13:17:37,2026-11-17T13:17:36,28992387691;29002609825,"C=US, O=Let's Encrypt, CN=YR2"
guac.env74.cool.cyber.dhs.gov,Yes,Yes,2,1,2026-08-19T13:19:40,2026-11-17T13:19:39,29118609125;28980944548,"C=US, O=Let's Encrypt, CN=YR1"
guac.env75.cool.cyber.dhs.gov,Yes,Yes,2,1,2026-08-19T13:21:41,2026-11-17T13:21:40,28944882066;28944881644,"C=US, O=Let's Encrypt, CN=YR1"
guac.env76.cool.cyber.dhs.gov,Yes,Yes,2,1,2026-08-19T13:23:41,2026-11-17T13:23:40,28981020990;29118746820,"C=US, O=Let's Encrypt, CN=YR2"
guac.env77.cool.cyber.dhs.gov,Yes,Yes,2,1,2026-08-19T13:25:33,2026-11-17T13:25:32,29118799813;28977925207,"C=US, O=Let's Encrypt, CN=YR2"
guac.env78.cool.cyber.dhs.gov,Yes,Yes,2,1,2026-08-19T13:27:39,2026-11-17T13:27:38,28992571582;28944952539,"C=US, O=Let's Encrypt, CN=YR1"
guac.env79.cool.cyber.dhs.gov,Yes,Yes,2,1,2026-08-19T13:29:33,2026-11-17T13:29:32,28952570842;28992611740,"C=US, O=Let's Encrypt, CN=YR1"
guac.env8.cool.cyber.dhs.gov,Yes,Yes,2,1,2026-08-19T11:04:00,2026-11-17T11:03:59,28975526506;29000343398,"C=US, O=Let's Encrypt, CN=YR2"
guac.env8.dev-a.cool.cyber.dhs.gov,Yes,Yes,2,1,2026-08-11T13:20:53,2026-11-09T13:20:52,28742090527;28742090301,"C=US, O=Let's Encrypt, CN=YR2"
guac.env8.staging-a.cool.cyber.dhs.gov,Yes,Yes,2,1,2026-07-22T11:01:49,2026-10-20T11:01:48,28151857146;28151851785,"C=US, O=Let's Encrypt, CN=YR1"
guac.env80.cool.cyber.dhs.gov,Yes,Yes,2,1,2026-08-19T13:31:34,2026-11-17T13:31:33,28952559731;28944992690,"C=US, O=Let's Encrypt, CN=YR1"
guac.env81.cool.cyber.dhs.gov,Yes,Yes,2,1,2026-08-19T13:34:57,2026-11-17T13:34:56,28952616209;28992674884,"C=US, O=Let's Encrypt, CN=YR2"
guac.env82.cool.cyber.dhs.gov,Yes,Yes,2,1,2026-08-19T13:36:51,2026-11-17T13:36:50,28978212995;29014994237,"C=US, O=Let's Encrypt, CN=YR1"
guac.env83.cool.cyber.dhs.gov,Yes,Yes,2,1,2026-08-19T13:38:44,2026-11-17T13:38:43,28952662923;28978287134,"C=US, O=Let's Encrypt, CN=YR1"
guac.env84.cool.cyber.dhs.gov,Yes,Yes,2,1,2026-08-19T13:40:38,2026-11-17T13:40:37,28978339052;28992763217,"C=US, O=Let's Encrypt, CN=YR1"
guac.env85.cool.cyber.dhs.gov,Yes,Yes,2,1,2026-08-19T13:43:07,2026-11-17T13:43:06,28945153497;28945150591,"C=US, O=Let's Encrypt, CN=YR2"
guac.env86.cool.cyber.dhs.gov,Yes,Yes,2,1,2026-08-19T13:44:59,2026-11-17T13:44:58,29119557835;28978261018,"C=US, O=Let's Encrypt, CN=YR1"
guac.env87.cool.cyber.dhs.gov,Yes,Yes,2,1,2026-08-19T13:46:51,2026-11-17T13:46:50,29119623031;28992850081,"C=US, O=Let's Encrypt, CN=YR2"
guac.env88.cool.cyber.dhs.gov,Yes,Yes,2,1,2026-08-19T13:48:49,2026-11-17T13:48:48,28992886436;29003141109,"C=US, O=Let's Encrypt, CN=YR2"
guac.env89.cool.cyber.dhs.gov,Yes,Yes,2,1,2026-08-19T13:50:40,2026-11-17T13:50:39,28978360959;29119782110,"C=US, O=Let's Encrypt, CN=YR2"
guac.env9.cool.cyber.dhs.gov,Yes,Yes,2,1,2026-08-19T11:06:00,2026-11-17T11:05:59,28990006050;28974408689,"C=US, O=Let's Encrypt, CN=YR2"
guac.env9.dev-a.cool.cyber.dhs.gov,Yes,Yes,2,1,2026-08-11T13:21:53,2026-11-09T13:21:52,28742117717;28742112307,"C=US, O=Let's Encrypt, CN=YR1"
guac.env9.staging-a.cool.cyber.dhs.gov,Yes,Yes,2,1,2026-07-22T11:02:29,2026-10-20T11:02:28,28151865078;28151852556,"C=US, O=Let's Encrypt, CN=YR2"
guac.env90.cool.cyber.dhs.gov,Yes,Yes,2,1,2026-08-19T13:52:29,2026-11-17T13:52:28,28978394518;29015181162,"C=US, O=Let's Encrypt, CN=YR1"
guac.env91.cool.cyber.dhs.gov,Yes,Yes,2,1,2026-08-19T13:54:23,2026-11-17T13:54:22,28978431878;29119920819,"C=US, O=Let's Encrypt, CN=YR2"
guac.env92.cool.cyber.dhs.gov,Yes,Yes,2,1,2026-08-19T13:56:26,2026-11-17T13:56:25,28952909408;29003263197,"C=US, O=Let's Encrypt, CN=YR1"
guac.env93.cool.cyber.dhs.gov,Yes,Yes,2,1,2026-08-19T13:58:21,2026-11-17T13:58:20,28992986797;29039527597,"C=US, O=Let's Encrypt, CN=YR1"
guac.env94.cool.cyber.dhs.gov,Yes,Yes,2,1,2026-08-19T14:00:21,2026-11-17T14:00:20,28978518896;28945367726,"C=US, O=Let's Encrypt, CN=YR1"
guac.env95.cool.cyber.dhs.gov,Yes,Yes,2,1,2026-08-19T14:02:15,2026-11-17T14:02:14,29120138923;28978528654,"C=US, O=Let's Encrypt, CN=YR2"
guac.env96.cool.cyber.dhs.gov,Yes,Yes,2,1,2026-08-19T14:04:13,2026-11-17T14:04:12,28981713328;28978971093,"C=US, O=Let's Encrypt, CN=YR1"
guac.env97.cool.cyber.dhs.gov,Yes,Yes,2,1,2026-08-19T14:06:08,2026-11-17T14:06:07,28945411132;28945431750,"C=US, O=Let's Encrypt, CN=YR1"
guac.env98.cool.cyber.dhs.gov,Yes,Yes,2,1,2026-08-19T14:08:11,2026-11-17T14:08:10,28945467887;28978618973,"C=US, O=Let's Encrypt, CN=YR2"
guac.env99.cool.cyber.dhs.gov,Yes,Yes,2,1,2026-08-19T14:10:10,2026-11-17T14:10:09,29039832885;28953095227,"C=US, O=Let's Encrypt, CN=YR1"
guest.fletc.dhs.gov,Yes,Yes,2,1,2026-06-11T00:00:00,2026-12-26T23:59:59,27096087793;27094038531,"C=US, O=DigiCert Inc, CN=DigiCert Global G2 TLS RSA SHA256 2020 CA1"
guest.st.dhs.gov,No,Yes,2,1,2026-09-09T19:02:14,2027-03-26T19:02:14,29315811541;29315811789,"C=US, O=GoDaddy.com, CN=GoDaddy TLS Intermediate CA EV - R1v1"
guestportal.uscis.dhs.gov,Yes,Yes,4,1,2025-11-05T00:00:00,2027-03-27T23:59:59,29448791577;29335261000;22232763747;29446214372,"C=US, O=DigiCert Inc, CN=DigiCert Global G2 TLS RSA SHA256 2020 CA1"
havip.amowave.cbp.dhs.gov,No,Yes,2,1,2026-03-20T00:00:00,2026-12-18T23:59:59,28626163051;25113434970,"C=US, O=DigiCert Inc, CN=DigiCert Global G2 TLS RSA SHA256 2020 CA1"
havip2.amowave.cbp.dhs.gov,No,Yes,2,1,2026-03-20T00:00:00,2026-12-18T23:59:59,28626163051;25113434970,"C=US, O=DigiCert Inc, CN=DigiCert Global G2 TLS RSA SHA256 2020 CA1"
hcec.tsa.dhs.gov,Yes,Yes,2,1,2026-06-26T00:00:00,2027-01-10T23:59:59,27505035613;27505033008,"C=CA, O=Entrust Limited, CN=Entrust OV TLS Issuing RSA CA 2"
hkma.st.dhs.gov,Yes,Yes,2,1,2026-08-12T14:27:04,2027-02-26T14:27:04,28770846372;28770845466,"C=US, O=GoDaddy.com, CN=GoDaddy TLS Intermediate CA EV - R1v1"
hotline.oig.dhs.gov,No,Yes,7,2,2026-05-12T00:00:00,2027-03-03T23:59:59,28958806542;28224634433;28224799316;26425995260;28835462722;28774375760;28835430188,"C=US, O=DigiCert Inc, CN=DigiCert Global G3 TLS ECC SHA384 2020 CA1;C=US, O=DigiCert Inc, CN=DigiCert Global G2 TLS RSA SHA256 2020 CA1"
hq-gp.dhs.gov,Yes,Yes,8,4,2026-07-16T10:51:08,2026-12-12T14:19:36,27981391756;29400274291;28145102219;29401502955;28145102805;28145123822;28145123585;27981384986,"C=US, O=Let's Encrypt, CN=YE2;C=US, O=Google Trust Services, CN=WR1;C=US, O=Let's Encrypt, CN=YR1;C=US, O=Google Trust Services, CN=WE1"
hq-icap.dhs.gov,Yes,Yes,7,4,2026-07-14T00:51:24,2026-12-10T02:35:29,27913335862;29354430181;29155030120;29120118319;27913317868;29354942464;29355159398,"C=US, O=Google Trust Services, CN=WR1;C=US, O=Let's Encrypt, CN=YR2;C=US, O=Let's Encrypt, CN=YE1;C=US, O=Google Trust Services, CN=WE1"
hq.dhs.gov,No,Yes,2,1,2025-12-17T00:00:00,2026-12-03T23:59:59,23170488161;23171489493,"C=US, O=DigiCert Inc, CN=DigiCert Global G2 TLS RSA SHA256 2020 CA1"
hqpexipcon1.meeting.dhs.gov,No,Yes,3,1,2025-10-14T00:00:00,2026-10-28T23:59:59,21717392248;22234770898;21917521490,"C=US, O=DigiCert Inc, CN=DigiCert Global G2 TLS RSA SHA256 2020 CA1"
hqpexipcon2.meeting.dhs.gov,No,Yes,3,1,2025-10-14T00:00:00,2026-10-28T23:59:59,21717392248;22234770898;21917521490,"C=US, O=DigiCert Inc, CN=DigiCert Global G2 TLS RSA SHA256 2020 CA1"
hqpexipcon3.meeting.dhs.gov,No,Yes,3,1,2025-10-14T00:00:00,2026-10-28T23:59:59,21717392248;22234770898;21917521490,"C=US, O=DigiCert Inc, CN=DigiCert Global G2 TLS RSA SHA256 2020 CA1"
hsi.dhs.gov,No,Yes,6,2,2026-07-25T00:00:00,2027-03-03T23:59:59,28958806542;28224634433;28224799316;28835462722;28774375760;28835430188,"C=US, O=DigiCert Inc, CN=DigiCert Global G3 TLS ECC SHA384 2020 CA1;C=US, O=DigiCert Inc, CN=DigiCert Global G2 TLS RSA SHA256 2020 CA1"
hsin.dhs.gov,No,Yes,6,2,2025-12-28T00:00:00,2027-02-08T23:59:59,28567785804;23407564939;24468746892;28239752893;29196549822;28739390507,"C=US, O=DigiCert Inc, OU=www.digicert.com, CN=GeoTrust TLS RSA CA G1;C=US, O=DigiCert Inc, CN=DigiCert Global G2 TLS RSA SHA256 2020 CA1"
hsin.hsinuat.dhs.gov,No,Yes,5,1,2025-12-28T00:00:00,2027-01-05T23:59:59,28567785804;23407564939;24468746892;29196549822;28739390507,"C=US, O=DigiCert Inc, OU=www.digicert.com, CN=GeoTrust TLS RSA CA G1"
hsinuat.dhs.gov,Yes,Yes,7,5,2025-10-23T00:00:00,2026-11-21T11:08:22,28708450365;28708503657;29123851335;21939547132;28708503170;28708457407;29104345905,"C=US, O=DigiCert Inc, CN=DigiCert Global G2 TLS RSA SHA256 2020 CA1;C=US, O=Let's Encrypt, CN=YE2;C=US, O=Google Trust Services, CN=WE1;C=US, O=Let's Encrypt, CN=YR1;C=US, O=Google Trust Services, CN=WR1"
hssedi-adds-vm1.hssedi.dhs.gov,No,Yes,2,1,2026-07-29T00:00:00,2027-02-12T23:59:59,28355183764;28355191188,"C=GB, O=Sectigo Limited, CN=Sectigo Public Server Authentication CA OV R36"
hssedi-adds-vm2.hssedi.dhs.gov,No,Yes,2,1,2026-07-29T00:00:00,2027-02-12T23:59:59,28355183764;28355191188,"C=GB, O=Sectigo Limited, CN=Sectigo Public Server Authentication CA OV R36"
hssedi.dhs.gov,Yes,Yes,2,1,2026-07-29T00:00:00,2026-10-27T23:59:59,28355149477;28355147667,"C=GB, O=Sectigo Limited, CN=Sectigo Public Server Authentication CA DV R36"
hsupp.st.dhs.gov,Yes,Yes,1,1,2025-12-26T20:07:47,2026-12-12T19:42:17,23385961953,"C=US, ST=Arizona, L=Scottsdale, O=""GoDaddy.com, Inc."", OU=http://certs.godaddy.com/repository/, CN=Go Daddy Secure Certificate Authority - G2"
hybrid.dhs.gov,No,Yes,1,1,2026-08-23T00:00:00,2027-03-09T23:59:59,28972023331,"C=US, O=DigiCert Inc, CN=DigiCert EV RSA CA G2"
hybrid.ice.dhs.gov,Yes,Yes,4,1,2025-12-08T14:58:08,2026-12-10T13:31:56,22981506140;23031624578;22985252154;23031543199,"C=US, ST=Arizona, L=Scottsdale, O=""GoDaddy.com, Inc."", OU=http://certs.godaddy.com/repository/, CN=Go Daddy Secure Certificate Authority - G2"
hybrid.tsa.dhs.gov,Yes,Yes,2,1,2026-07-14T00:00:00,2027-01-28T23:59:59,27934723190;27934733051,"C=CA, O=Entrust Limited, CN=Entrust OV TLS Issuing RSA CA 2"
hybrid1.dhs.gov,No,Yes,1,1,2026-08-23T00:00:00,2027-03-09T23:59:59,28972023331,"C=US, O=DigiCert Inc, CN=DigiCert EV RSA CA G2"
hybrid2.tsa.dhs.gov,No,Yes,2,1,2026-07-14T00:00:00,2027-01-28T23:59:59,27934723190;27934733051,"C=CA, O=Entrust Limited, CN=Entrust OV TLS Issuing RSA CA 2"
i736-tmp.cbp.dhs.gov,No,Yes,2,1,2026-04-15T00:00:00,2026-10-30T23:59:59,25551545524;25908790221,"C=GB, O=Sectigo Limited, CN=Sectigo Public Server Authentication CA OV R36"
i736.cbp.dhs.gov,No,Yes,2,1,2026-04-15T00:00:00,2026-10-30T23:59:59,25551545524;25908790221,"C=GB, O=Sectigo Limited, CN=Sectigo Public Server Authentication CA OV R36"
i94-tmp.cbp.dhs.gov,No,Yes,2,1,2026-04-15T00:00:00,2026-10-30T23:59:59,25551545524;25908790221,"C=GB, O=Sectigo Limited, CN=Sectigo Public Server Authentication CA OV R36"
i94.cbp.dhs.gov,No,Yes,18,2,2025-10-21T00:00:00,2027-03-11T23:59:59,21885448362;29007657589;28224716222;28298214900;28134836837;28349364787;28321147708;28321110926;29060126245;29024652865;28134987148;29457528286;28359262931;25551545524;25908790221;27962609909;28660997090;21974683208,"C=US, O=DigiCert Inc, OU=www.digicert.com, CN=GeoTrust TLS RSA CA G1;C=GB, O=Sectigo Limited, CN=Sectigo Public Server Authentication CA OV R36"
iac.tsa.dhs.gov,Yes,Yes,2,1,2026-05-20T00:00:00,2026-12-04T23:59:59,26494630756;26494438106,"C=GB, O=Sectigo Limited, CN=Sectigo Public Server Authentication CA OV R36"
iap.tsa.dhs.gov,Yes,Yes,2,1,2026-08-19T00:00:00,2027-03-05T23:59:59,28838807919;28858610116,"C=CA, O=Entrust Limited, CN=Entrust OV TLS Issuing RSA CA 2"
icam.myhsin.hsinuat.dhs.gov,Yes,Yes,1,1,2025-12-22T00:00:00,2026-12-21T23:59:59,23295997082,"C=US, O=DigiCert Inc, CN=DigiCert Global G2 TLS RSA SHA256 2020 CA1"
ice-gp.dhs.gov,Yes,Yes,6,4,2026-08-04T07:39:55,2026-11-12T11:07:55,28520381457;28520399492;28520473846;28520338770;28858374920;28858372897,"C=US, O=Let's Encrypt, CN=YE2;C=US, O=Google Trust Services, CN=WR1;C=US, O=Let's Encrypt, CN=YR2;C=US, O=Google Trust Services, CN=WE1"
ice-gp1-dartts.dhs.gov,Yes,Yes,2,1,2025-12-16T00:00:00,2026-12-16T23:59:59,23161772759;23161750941,"C=CA, O=Entrust Limited, CN=Entrust DV TLS Issuing RSA CA 2"
ice-gp2-dartts.dhs.gov,Yes,Yes,2,1,2025-12-16T00:00:00,2026-12-16T23:59:59,23161790066;23161810879,"C=CA, O=Entrust Limited, CN=Entrust DV TLS Issuing RSA CA 2"
icecasdc1.irmnet.ds2.dhs.gov,No,Yes,4,1,2025-12-08T14:58:08,2026-12-10T13:31:56,22981506140;23031624578;22985252154;23031543199,"C=US, ST=Arizona, L=Scottsdale, O=""GoDaddy.com, Inc."", OU=http://certs.godaddy.com/repository/, CN=Go Daddy Secure Certificate Authority - G2"
icecasdc2.irmnet.ds2.dhs.gov,No,Yes,4,1,2025-12-08T14:58:08,2026-12-10T13:31:56,22981506140;23031624578;22985252154;23031543199,"C=US, ST=Arizona, L=Scottsdale, O=""GoDaddy.com, Inc."", OU=http://certs.godaddy.com/repository/, CN=Go Daddy Secure Certificate Authority - G2"
icemail.ice.dhs.gov,No,Yes,4,1,2025-12-08T14:58:08,2026-12-10T13:31:56,22981506140;23031624578;22985252154;23031543199,"C=US, ST=Arizona, L=Scottsdale, O=""GoDaddy.com, Inc."", OU=http://certs.godaddy.com/repository/, CN=Go Daddy Secure Certificate Authority - G2"
icemail.irmnet.ds2.dhs.gov,No,Yes,4,1,2025-12-08T14:58:08,2026-12-10T13:31:56,22981506140;23031624578;22985252154;23031543199,"C=US, ST=Arizona, L=Scottsdale, O=""GoDaddy.com, Inc."", OU=http://certs.godaddy.com/repository/, CN=Go Daddy Secure Certificate Authority - G2"
ictp-sat.cbp.dhs.gov,No,Yes,8,3,2026-07-25T00:00:00,2027-03-03T23:59:59,28958806542;28780090237;28224634433;28224799316;28784632126;28835462722;28774375760;28835430188,"C=US, O=DigiCert Inc, CN=DigiCert Global G3 TLS ECC SHA384 2020 CA1;C=GB, O=Sectigo Limited, CN=Sectigo Public Server Authentication CA OV R36;C=US, O=DigiCert Inc, CN=DigiCert Global G2 TLS RSA SHA256 2020 CA1"
ictp.cbp.dhs.gov,No,Yes,8,3,2026-07-25T00:00:00,2027-03-03T23:59:59,28958806542;28224634433;28224799316;28835462722;28774375760;28780088623;28835430188;28784629734,"C=US, O=DigiCert Inc, CN=DigiCert Global G3 TLS ECC SHA384 2020 CA1;C=GB, O=Sectigo Limited, CN=Sectigo Public Server Authentication CA OV R36;C=US, O=DigiCert Inc, CN=DigiCert Global G2 TLS RSA SHA256 2020 CA1"
identity-portal-api.dhs.gov,No,Yes,2,1,2026-05-20T00:00:00,2026-12-04T23:59:59,26500787177;26504400951,"C=US, O=DigiCert Inc, CN=DigiCert Global G2 TLS RSA SHA256 2020 CA1"
identity-portal-dev-api.dhs.gov,No,Yes,2,1,2026-05-20T00:00:00,2026-12-04T23:59:59,26500787177;26504400951,"C=US, O=DigiCert Inc, CN=DigiCert Global G2 TLS RSA SHA256 2020 CA1"
identity-portal-dev.dhs.gov,No,Yes,2,1,2026-05-20T00:00:00,2026-12-04T23:59:59,26500787177;26504400951,"C=US, O=DigiCert Inc, CN=DigiCert Global G2 TLS RSA SHA256 2020 CA1"
identity-portal-stg-api.dhs.gov,No,Yes,2,1,2026-05-20T00:00:00,2026-12-04T23:59:59,26500787177;26504400951,"C=US, O=DigiCert Inc, CN=DigiCert Global G2 TLS RSA SHA256 2020 CA1"
identity-portal-stg.dhs.gov,No,Yes,2,1,2026-05-20T00:00:00,2026-12-04T23:59:59,26500787177;26504400951,"C=US, O=DigiCert Inc, CN=DigiCert Global G2 TLS RSA SHA256 2020 CA1"
identity-portal.dhs.gov,Yes,Yes,2,1,2026-05-20T00:00:00,2026-12-04T23:59:59,26500787177;26504400951,"C=US, O=DigiCert Inc, CN=DigiCert Global G2 TLS RSA SHA256 2020 CA1"
immvets.dhs.gov,Yes,Yes,3,1,2025-10-14T00:00:00,2027-03-04T23:59:59,21721066499;28842019664;22523883239,"C=US, O=DigiCert Inc, CN=DigiCert EV RSA CA G2"
incontrol.denver.tsa.dhs.gov,Yes,Yes,6,5,2026-07-10T00:00:00,2027-01-24T23:59:59,28605815150;28594474678;27839547492;28061747470;27839549681;28061745607,"C=US, O=SSL Corporation, CN=Cloudflare TLS Issuing ECC CA 4;C=CA, O=Entrust Limited, CN=Entrust OV TLS Issuing RSA CA 2;C=US, O=SSL Corporation, CN=Cloudflare TLS Issuing RSA CA 4;C=US, O=Google Trust Services, CN=WE1;C=US, O=Google Trust Services, CN=WR1"
ingestion-logstash.claw.cisa.dhs.gov,Yes,Yes,2,2,2025-10-23T00:00:00,2026-12-12T23:59:59,26737384887;21941554260,"C=US, O=Amazon, CN=Amazon RSA 2048 M01;C=US, O=Amazon, CN=Amazon RSA 2048 M04"
ingestion.myjournal-cbp.dhs.gov,No,Yes,1,1,2026-08-27T00:00:00,2027-03-13T23:59:59,29088429189,"C=US, O=DigiCert Inc, CN=DigiCert EV RSA CA G2"
ingestion.myjournal-fletc.dhs.gov,No,Yes,1,1,2026-08-27T00:00:00,2027-03-13T23:59:59,29090789059,"C=US, O=DigiCert Inc, CN=DigiCert EV RSA CA G2"
ingestion.myjournal-hq.dhs.gov,No,Yes,1,1,2026-08-27T00:00:00,2027-03-13T23:59:59,29090789257,"C=US, O=DigiCert Inc, CN=DigiCert EV RSA CA G2"
ingestion.myjournal-uscis.dhs.gov,No,Yes,1,1,2026-08-27T00:00:00,2027-03-13T23:59:59,29090789479,"C=US, O=DigiCert Inc, CN=DigiCert EV RSA CA G2"
insight.dhs.gov,Yes,Yes,2,1,2026-01-13T00:00:00,2027-01-12T23:59:59,23905549685;23746703678,"C=US, O=DigiCert Inc, CN=DigiCert Global G2 TLS RSA SHA256 2020 CA1"
intranet.cdp.dhs.gov,No,Yes,2,1,2025-09-24T00:00:00,2026-09-30T23:59:59,21544296190;21253314307,"C=US, O=DigiCert Inc, CN=DigiCert Global G2 TLS RSA SHA256 2020 CA1"
iotstormcloud.cbp.dhs.gov,Yes,Yes,2,1,2025-12-04T00:00:00,2026-12-04T23:59:59,22894812886;22894805656,"C=GB, O=Sectigo Limited, CN=Sectigo Public Server Authentication CA OV R36"
isccompliance-staging.dhs.gov,No,Yes,11,2,2026-02-09T00:00:00,2027-02-08T23:59:59,26827910261;24274179177;26827912771;24805020696;26827891567;25313011763;24274056928;25339704212;25311199298;25865556717;25522372638,"C=US, O=DigiCert Inc, CN=DigiCert Global G3 TLS ECC SHA384 2020 CA1;C=US, O=DigiCert Inc, CN=DigiCert Global G2 TLS RSA SHA256 2020 CA1"
isccompliance.dhs.gov,No,Yes,11,2,2026-02-09T00:00:00,2027-02-08T23:59:59,26827910261;24274179177;26827912771;24805020696;26827891567;25313011763;24274056928;25339704212;25311199298;25865556717;25522372638,"C=US, O=DigiCert Inc, CN=DigiCert Global G3 TLS ECC SHA384 2020 CA1;C=US, O=DigiCert Inc, CN=DigiCert Global G2 TLS RSA SHA256 2020 CA1"
isrnet.cbp.dhs.gov,Yes,Yes,8,2,2026-07-27T18:45:04,2026-10-25T19:10:01,28299606433;28299624333;28299290633;28299327467;28299648770;28299652692;28299289978;28299327095,"C=US, O=SSL Corporation, CN=Cloudflare TLS Issuing RSA CA 3;C=US, O=SSL Corporation, CN=Cloudflare TLS Issuing ECC CA 3"
itdsservices2.cbp.dhs.gov,Yes,Yes,4,1,2026-03-18T00:00:00,2026-10-10T23:59:59,25240975809;25071754740;25071774409;25240985381,"C=GB, O=Sectigo Limited, CN=Sectigo Public Server Authentication CA OV R36"
itdsservicescert-extranet.cbp.dhs.gov,No,Yes,4,1,2026-04-17T00:00:00,2026-11-01T23:59:59,25581315711;25948436550;25579335072;25946081195,"C=GB, O=Sectigo Limited, CN=Sectigo Public Server Authentication CA OV R36"
itdsservicescert.cbp.dhs.gov,No,Yes,10,3,2026-04-17T00:00:00,2027-03-03T23:59:59,25581315711;28958806542;25948436550;28224634433;25579335072;28224799316;28835462722;28774375760;25946081195;28835430188,"C=US, O=DigiCert Inc, CN=DigiCert Global G3 TLS ECC SHA384 2020 CA1;C=GB, O=Sectigo Limited, CN=Sectigo Public Server Authentication CA OV R36;C=US, O=DigiCert Inc, CN=DigiCert Global G2 TLS RSA SHA256 2020 CA1"
itdsservicescerteast.cbp.dhs.gov,No,Yes,4,1,2026-04-17T00:00:00,2026-11-01T23:59:59,25581315711;25948436550;25579335072;25946081195,"C=GB, O=Sectigo Limited, CN=Sectigo Public Server Authentication CA OV R36"
itdsservicescertwest.cbp.dhs.gov,No,Yes,4,1,2026-04-17T00:00:00,2026-11-01T23:59:59,25581315711;25948436550;25579335072;25946081195,"C=GB, O=Sectigo Limited, CN=Sectigo Public Server Authentication CA OV R36"
itdsservicesprod-extranet.cbp.dhs.gov,No,Yes,2,1,2026-04-24T00:00:00,2026-11-08T23:59:59,25747443305;26035026314,"C=GB, O=Sectigo Limited, CN=Sectigo Public Server Authentication CA OV R36"
itdsservicesprod.cbp.dhs.gov,No,Yes,8,3,2026-04-24T00:00:00,2027-03-03T23:59:59,28958806542;28224634433;26035026314;28224799316;25747443305;28835462722;28774375760;28835430188,"C=US, O=DigiCert Inc, CN=DigiCert Global G3 TLS ECC SHA384 2020 CA1;C=GB, O=Sectigo Limited, CN=Sectigo Public Server Authentication CA OV R36;C=US, O=DigiCert Inc, CN=DigiCert Global G2 TLS RSA SHA256 2020 CA1"
itdsservicesprodeast.cbp.dhs.gov,No,Yes,2,1,2026-04-24T00:00:00,2026-11-08T23:59:59,25747443305;26035026314,"C=GB, O=Sectigo Limited, CN=Sectigo Public Server Authentication CA OV R36"
itdsservicesprodwest.cbp.dhs.gov,No,Yes,2,1,2026-04-24T00:00:00,2026-11-08T23:59:59,25747443305;26035026314,"C=GB, O=Sectigo Limited, CN=Sectigo Public Server Authentication CA OV R36"
iuatextsoa.fsms.dhs.gov,Yes,Yes,4,2,2026-08-03T15:09:41,2026-11-01T16:20:47,28499320197;28498911969;28501107519;28500649688,"C=US, O=Google Trust Services, CN=WR1;C=US, O=Google Trust Services, CN=WE1"
ivs-api-test.tsa.dhs.gov,No,Yes,2,1,2026-07-20T00:00:00,2027-02-03T23:59:59,28104033797;28104029152,"C=CA, O=Entrust Limited, CN=Entrust OV TLS Issuing RSA CA 2"
ivs-api-test.vcs.tsa.dhs.gov,Yes,Yes,2,1,2026-07-20T00:00:00,2027-02-03T23:59:59,28104033797;28104029152,"C=CA, O=Entrust Limited, CN=Entrust OV TLS Issuing RSA CA 2"
ivs-api.tsa.dhs.gov,No,Yes,2,1,2026-07-21T00:00:00,2027-02-04T23:59:59,28128095878;28128099473,"C=CA, O=Entrust Limited, CN=Entrust OV TLS Issuing RSA CA 2"
ivs-api.vcs.tsa.dhs.gov,Yes,Yes,2,1,2026-07-21T00:00:00,2027-02-04T23:59:59,28128095878;28128099473,"C=CA, O=Entrust Limited, CN=Entrust OV TLS Issuing RSA CA 2"
jamfhq.dhs.gov,Yes,Yes,1,1,2026-07-13T00:00:00,2027-01-26T23:59:59,27885146315,"C=US, O=Amazon, CN=Amazon RSA 2048 M01"
jamfuat.dhs.gov,Yes,Yes,1,1,2025-12-22T00:00:00,2027-01-20T23:59:59,23294902297,"C=US, O=Amazon, CN=Amazon RSA 2048 M04"
join.tsa.dhs.gov,No,Yes,2,1,2026-08-12T00:00:00,2027-02-26T23:59:59,28771192441;28770931542,"C=CA, O=Entrust Limited, CN=Entrust OV TLS Issuing RSA CA 2"
kckvvcs001.tsa.dhs.gov,No,Yes,2,1,2026-08-12T00:00:00,2027-02-26T23:59:59,28771192441;28770931542,"C=CA, O=Entrust Limited, CN=Entrust OV TLS Issuing RSA CA 2"
kit-sat.cbp.dhs.gov,No,Yes,8,3,2026-04-02T00:00:00,2027-03-03T23:59:59,28958806542;25359327837;28224634433;28224799316;28835462722;25373452722;28774375760;28835430188,"C=US, O=DigiCert Inc, CN=DigiCert Global G3 TLS ECC SHA384 2020 CA1;C=GB, O=Sectigo Limited, CN=Sectigo Public Server Authentication CA OV R36;C=US, O=DigiCert Inc, CN=DigiCert Global G2 TLS RSA SHA256 2020 CA1"
kit.cbp.dhs.gov,No,Yes,8,3,2026-04-23T00:00:00,2027-03-03T23:59:59,28958806542;28224634433;28224799316;26023326067;28835462722;28774375760;25708539237;28835430188,"C=US, O=DigiCert Inc, CN=DigiCert Global G3 TLS ECC SHA384 2020 CA1;C=GB, O=Sectigo Limited, CN=Sectigo Public Server Authentication CA OV R36;C=US, O=DigiCert Inc, CN=DigiCert Global G2 TLS RSA SHA256 2020 CA1"
lab-my.uscis.dhs.gov,No,Yes,2,1,2025-12-18T00:00:00,2027-01-18T23:59:59,24145937108;23203289024,"C=US, O=DigiCert Inc, CN=DigiCert Global G2 TLS RSA SHA256 2020 CA1"
lab.cisa.dhs.gov,Yes,Yes,4,2,2026-07-23T16:52:57,2026-10-21T18:00:57,28188342523;28197916513;28190838337;28190042694,"C=US, O=Google Trust Services, CN=WR1;C=US, O=Google Trust Services, CN=WE1"
lb.cisa.dhs.gov,No,Yes,5,2,2026-07-26T16:11:37,2026-10-24T17:24:53,28269112763;28269353032;28269357460;28506219980;28269111095,"C=US, O=Google Trust Services, CN=WR1;C=US, O=Google Trust Services, CN=WE1"
lbi-lsc.cbp.dhs.gov,Yes,Yes,2,1,2025-11-03T00:00:00,2026-11-03T23:59:59,22183499208;22183484462,"C=GB, O=Sectigo Limited, CN=Sectigo Public Server Authentication CA OV R36"
ldap-s.hssedi.dhs.gov,Yes,Yes,2,1,2026-07-29T00:00:00,2027-02-12T23:59:59,28355183764;28355191188,"C=GB, O=Sectigo Limited, CN=Sectigo Public Server Authentication CA OV R36"
learn-act1.dhs.gov,No,Yes,1,1,2026-08-11T00:00:00,2027-02-25T23:59:59,28738818138,"C=US, O=DigiCert Inc, CN=DigiCert Global G2 TLS RSA SHA256 2020 CA1"
learn-act2.dhs.gov,No,Yes,1,1,2026-08-11T00:00:00,2027-02-25T23:59:59,28738818138,"C=US, O=DigiCert Inc, CN=DigiCert Global G2 TLS RSA SHA256 2020 CA1"
learn.dhs.gov,No,Yes,6,2,2025-12-28T00:00:00,2027-02-25T23:59:59,28567785804;23407564939;24468746892;28738818138;29196549822;28739390507,"C=US, O=DigiCert Inc, OU=www.digicert.com, CN=GeoTrust TLS RSA CA G1;C=US, O=DigiCert Inc, CN=DigiCert Global G2 TLS RSA SHA256 2020 CA1"
learn.hsinuat.dhs.gov,No,Yes,5,1,2025-12-28T00:00:00,2027-01-05T23:59:59,28567785804;23407564939;24468746892;29196549822;28739390507,"C=US, O=DigiCert Inc, OU=www.digicert.com, CN=GeoTrust TLS RSA CA G1"
learn1.dhs.gov,Yes,Yes,1,1,2026-08-11T00:00:00,2027-02-25T23:59:59,28738965661,"C=US, O=DigiCert Inc, CN=DigiCert Global G2 TLS RSA SHA256 2020 CA1"
learn2.dhs.gov,No,Yes,1,1,2026-08-11T00:00:00,2027-02-25T23:59:59,28738965661,"C=US, O=DigiCert Inc, CN=DigiCert Global G2 TLS RSA SHA256 2020 CA1"
learn3.dhs.gov,No,Yes,1,1,2026-08-11T00:00:00,2027-02-25T23:59:59,28738965661,"C=US, O=DigiCert Inc, CN=DigiCert Global G2 TLS RSA SHA256 2020 CA1"
learn4.dhs.gov,No,Yes,1,1,2026-08-11T00:00:00,2027-02-25T23:59:59,28738965661,"C=US, O=DigiCert Inc, CN=DigiCert Global G2 TLS RSA SHA256 2020 CA1"
ledger-api.dhs.gov,Yes,Yes,2,1,2026-05-20T00:00:00,2026-12-04T23:59:59,26589500645;26500852224,"C=US, O=DigiCert Inc, CN=DigiCert Global G2 TLS RSA SHA256 2020 CA1"
ledger-dev-api.dhs.gov,No,Yes,2,1,2026-05-20T00:00:00,2026-12-04T23:59:59,26589500645;26500852224,"C=US, O=DigiCert Inc, CN=DigiCert Global G2 TLS RSA SHA256 2020 CA1"
ledger-dev.dhs.gov,Yes,Yes,2,1,2026-04-17T00:00:00,2026-11-01T23:59:59,25968169358;25735399170,"C=US, O=DigiCert Inc, CN=DigiCert Global G2 TLS RSA SHA256 2020 CA1"
ledger-stage-api.dhs.gov,No,Yes,2,1,2026-05-20T00:00:00,2026-12-04T23:59:59,26589500645;26500852224,"C=US, O=DigiCert Inc, CN=DigiCert Global G2 TLS RSA SHA256 2020 CA1"
ledger-stage.dhs.gov,Yes,Yes,2,1,2026-04-17T00:00:00,2026-11-01T23:59:59,25735362216;25560265160,"C=US, O=DigiCert Inc, CN=DigiCert Global G2 TLS RSA SHA256 2020 CA1"
ledger.dhs.gov,Yes,Yes,2,1,2026-04-17T00:00:00,2026-11-01T23:59:59,25560277702;25662966886,"C=US, O=DigiCert Inc, CN=DigiCert Global G2 TLS RSA SHA256 2020 CA1"
leofa-pass.tsa.dhs.gov,Yes,Yes,2,1,2026-05-28T00:00:00,2026-12-12T23:59:59,26707128843;26707045160,"C=CA, O=Entrust Limited, CN=Entrust OV TLS Issuing RSA CA 2"
lgce.tsa.dhs.gov,Yes,Yes,2,1,2026-05-20T00:00:00,2026-12-04T23:59:59,26498765601;26498814019,"C=CA, O=Entrust Limited, CN=Entrust OV TLS Issuing RSA CA 2"
lgw01.tsa.dhs.gov,No,Yes,2,1,2026-04-28T00:00:00,2026-11-12T23:59:59,25885045705;26083354196,"C=CA, O=Entrust Limited, CN=Entrust OV TLS Issuing RSA CA 2"
lgw02.tsa.dhs.gov,No,Yes,2,1,2026-04-28T00:00:00,2026-11-12T23:59:59,25885045705;26083354196,"C=CA, O=Entrust Limited, CN=Entrust OV TLS Issuing RSA CA 2"
lgw03.tsa.dhs.gov,No,Yes,2,1,2026-04-28T00:00:00,2026-11-12T23:59:59,25885045705;26083354196,"C=CA, O=Entrust Limited, CN=Entrust OV TLS Issuing RSA CA 2"
lgw04.tsa.dhs.gov,No,Yes,2,1,2026-04-28T00:00:00,2026-11-12T23:59:59,25885045705;26083354196,"C=CA, O=Entrust Limited, CN=Entrust OV TLS Issuing RSA CA 2"
lgw05.tsa.dhs.gov,No,Yes,2,1,2026-04-28T00:00:00,2026-11-12T23:59:59,25885045705;26083354196,"C=CA, O=Entrust Limited, CN=Entrust OV TLS Issuing RSA CA 2"
lgw06.tsa.dhs.gov,No,Yes,2,1,2026-04-28T00:00:00,2026-11-12T23:59:59,25885045705;26083354196,"C=CA, O=Entrust Limited, CN=Entrust OV TLS Issuing RSA CA 2"
lgw07.tsa.dhs.gov,No,Yes,2,1,2026-04-28T00:00:00,2026-11-12T23:59:59,25885045705;26083354196,"C=CA, O=Entrust Limited, CN=Entrust OV TLS Issuing RSA CA 2"
lgw08.tsa.dhs.gov,No,Yes,2,1,2026-04-28T00:00:00,2026-11-12T23:59:59,25885045705;26083354196,"C=CA, O=Entrust Limited, CN=Entrust OV TLS Issuing RSA CA 2"
logging-wcms.dhs.gov,No,Yes,6,1,2025-12-15T00:00:00,2026-12-16T23:59:59,28134734297;23135749947;23136892758;28358455704;28301334213;28301367950,"C=US, O=DigiCert Inc, OU=www.digicert.com, CN=GeoTrust TLS RSA CA G1"
login-dev.uscis.dhs.gov,Yes,Yes,1,1,2025-12-19T00:00:00,2027-01-19T23:59:59,23215774934,"C=US, O=DigiCert Inc, CN=DigiCert Global G2 TLS RSA SHA256 2020 CA1"
login-preprod.uscis.dhs.gov,Yes,Yes,2,1,2025-12-19T00:00:00,2027-01-19T23:59:59,23215822746;23731116813,"C=US, O=DigiCert Inc, CN=DigiCert Global G2 TLS RSA SHA256 2020 CA1"
login-preview.cbp.dhs.gov,No,Yes,2,1,2026-06-16T00:00:00,2026-12-31T23:59:59,27239586417;27239654004,"C=GB, O=Sectigo Limited, CN=Sectigo Public Server Authentication CA OV R36"
login-test.uscis.dhs.gov,Yes,Yes,1,1,2025-12-19T00:00:00,2027-01-19T23:59:59,23215851990,"C=US, O=DigiCert Inc, CN=DigiCert Global G2 TLS RSA SHA256 2020 CA1"
login.cbp.dhs.gov,Yes,Yes,2,1,2026-06-16T00:00:00,2026-12-31T23:59:59,27239586417;27239654004,"C=GB, O=Sectigo Limited, CN=Sectigo Public Server Authentication CA OV R36"
login.ctas.dhs.gov,No,Yes,2,1,2025-09-24T00:00:00,2026-09-30T23:59:59,21544296190;21253314307,"C=US, O=DigiCert Inc, CN=DigiCert Global G2 TLS RSA SHA256 2020 CA1"
login.uscis.dhs.gov,Yes,Yes,2,1,2025-12-19T00:00:00,2027-01-19T23:59:59,23215751725;23731067607,"C=US, O=DigiCert Inc, CN=DigiCert Global G2 TLS RSA SHA256 2020 CA1"
login2-preview.cbp.dhs.gov,No,Yes,2,1,2026-06-16T00:00:00,2026-12-31T23:59:59,27239586417;27239654004,"C=GB, O=Sectigo Limited, CN=Sectigo Public Server Authentication CA OV R36"
login2.cbp.dhs.gov,No,Yes,2,1,2026-06-16T00:00:00,2026-12-31T23:59:59,27239586417;27239654004,"C=GB, O=Sectigo Limited, CN=Sectigo Public Server Authentication CA OV R36"
macmdm-test.tsa.dhs.gov,Yes,Yes,2,1,2025-09-04T00:00:00,2026-10-05T23:59:59,20791041844;20791041522,"C=CA, O=Entrust Limited, CN=Entrust OV TLS Issuing RSA CA 2"
macmdm.tsa.dhs.gov,Yes,Yes,2,1,2026-07-27T00:00:00,2027-02-10T23:59:59,28298191134;28298188546,"C=CA, O=Entrust Limited, CN=Entrust OV TLS Issuing RSA CA 2"
maestro-dev.dhs.gov,No,Yes,2,2,2026-01-04T00:00:00,2027-01-05T23:59:59,23539608971;23539476833,"C=US, O=DigiCert Inc, CN=DigiCert Global G3 TLS ECC SHA384 2020 CA1;C=US, O=DigiCert Inc, CN=DigiCert Global G2 TLS RSA SHA256 2020 CA1"
maestro-staging.dhs.gov,No,Yes,2,2,2026-01-04T00:00:00,2027-01-05T23:59:59,23539608971;23539476833,"C=US, O=DigiCert Inc, CN=DigiCert Global G3 TLS ECC SHA384 2020 CA1;C=US, O=DigiCert Inc, CN=DigiCert Global G2 TLS RSA SHA256 2020 CA1"
maestro.dhs.gov,No,Yes,2,2,2026-01-04T00:00:00,2027-01-05T23:59:59,23539608971;23539476833,"C=US, O=DigiCert Inc, CN=DigiCert Global G3 TLS ECC SHA384 2020 CA1;C=US, O=DigiCert Inc, CN=DigiCert Global G2 TLS RSA SHA256 2020 CA1"
magicinfo.tsa.dhs.gov,Yes,Yes,4,2,2025-10-30T00:00:00,2026-12-11T23:59:59,22361162420;22361141863;22094201189;22094188339,"C=CA, O=Entrust Limited, CN=Entrust OV TLS Issuing RSA CA 2;C=CA, O=Entrust Limited, CN=Entrust DV TLS Issuing RSA CA 2"
mail.lgce.tsa.dhs.gov,No,Yes,2,1,2026-05-20T00:00:00,2026-12-04T23:59:59,26498765601;26498814019,"C=CA, O=Entrust Limited, CN=Entrust OV TLS Issuing RSA CA 2"
mail1.lgce.tsa.dhs.gov,No,Yes,2,1,2026-05-20T00:00:00,2026-12-04T23:59:59,26498765601;26498814019,"C=CA, O=Entrust Limited, CN=Entrust OV TLS Issuing RSA CA 2"
mail2.lgce.tsa.dhs.gov,No,Yes,2,1,2026-05-20T00:00:00,2026-12-04T23:59:59,26498765601;26498814019,"C=CA, O=Entrust Limited, CN=Entrust OV TLS Issuing RSA CA 2"
mail3.lgce.tsa.dhs.gov,No,Yes,2,1,2026-05-20T00:00:00,2026-12-04T23:59:59,26498765601;26498814019,"C=CA, O=Entrust Limited, CN=Entrust OV TLS Issuing RSA CA 2"
mail4.lgce.tsa.dhs.gov,No,Yes,2,1,2026-05-20T00:00:00,2026-12-04T23:59:59,26498765601;26498814019,"C=CA, O=Entrust Limited, CN=Entrust OV TLS Issuing RSA CA 2"
mapi.ctas.dhs.gov,No,Yes,2,1,2025-09-24T00:00:00,2026-09-30T23:59:59,21544296190;21253314307,"C=US, O=DigiCert Inc, CN=DigiCert Global G2 TLS RSA SHA256 2020 CA1"
mclpr.cbp.dhs.gov,Yes,Yes,2,1,2025-11-03T00:00:00,2026-11-03T23:59:59,22183499400;22183483973,"C=GB, O=Sectigo Limited, CN=Sectigo Public Server Authentication CA OV R36"
mclprtest.cbp.dhs.gov,Yes,Yes,12,3,2025-10-21T00:00:00,2026-12-14T20:32:27,28046399758;28046221221;21883144359;21883081557;28046490519;28046213049;28046211722;28046509646;28046222275;28046490657;29497921396;28046504638,"C=GB, O=Sectigo Limited, CN=Sectigo Public Server Authentication CA OV R36;C=US, O=SSL Corporation, CN=Cloudflare TLS Issuing RSA CA 3;C=US, O=SSL Corporation, CN=Cloudflare TLS Issuing ECC CA 3"
mcp.cbp.dhs.gov,No,Yes,4,1,2025-10-07T00:00:00,2027-04-04T23:59:59,29429625914;21550377170;29445328532;21550352980,"C=GB, O=Sectigo Limited, CN=Sectigo Public Server Authentication CA OV R36"
media.dhs.gov,No,Yes,16,1,2025-10-21T00:00:00,2027-03-11T23:59:59,21885448362;29007657589;28224716222;28298214900;28134836837;28349364787;28321147708;28321110926;29060126245;29024652865;28134987148;29457528286;28359262931;27962609909;28660997090;21974683208,"C=US, O=DigiCert Inc, OU=www.digicert.com, CN=GeoTrust TLS RSA CA G1"
meeting.dhs.gov,Yes,Yes,3,1,2025-10-14T00:00:00,2026-10-28T23:59:59,21717392248;22234770898;21917521490,"C=US, O=DigiCert Inc, CN=DigiCert Global G2 TLS RSA SHA256 2020 CA1"
meetme.fema.dhs.gov,No,Yes,1,1,2026-06-24T00:00:00,2027-01-08T23:59:59,27453689571,"C=US, O=DigiCert Inc, CN=DigiCert EV RSA CA G2"
midas.uscis.dhs.gov,Yes,Yes,2,1,2026-01-09T00:00:00,2027-02-09T23:59:59,23662268752;28857972559,"C=US, O=DigiCert Inc, CN=DigiCert EV RSA CA G2"
mobile-api.cbp.dhs.gov,No,Yes,4,1,2025-10-07T00:00:00,2027-04-04T23:59:59,29429625914;21550377170;29445328532;21550352980,"C=GB, O=Sectigo Limited, CN=Sectigo Public Server Authentication CA OV R36"
mobile-cert.cbp.dhs.gov,No,Yes,27,3,2026-04-18T00:00:00,2027-03-25T23:59:59,28558825009;28350086258;27933743634;29293564950;28495833979;26916527129;29442667731;27397153120;26157198216;28799232251;28356771661;28350768012;25562446938;26684585068;29304041244;28350138323;27483798157;28796100160;28799248623;26916504600;27483761151;28558764200;26684661373;29304057979;28350034131;25562479521;28356729871,"C=US, O=DigiCert Inc, CN=DigiCert Global G3 TLS ECC SHA384 2020 CA1;C=GB, O=Sectigo Limited, CN=Sectigo Public Server Authentication CA OV R36;C=US, O=DigiCert Inc, CN=DigiCert Global G2 TLS RSA SHA256 2020 CA1"
mobile.cbp.dhs.gov,No,Yes,27,3,2026-04-18T00:00:00,2027-03-25T23:59:59,28558825009;28350086258;27933743634;29293564950;28495833979;26916527129;29442667731;27397153120;26157198216;28799232251;28356771661;28350768012;25562446938;26860141855;29304041244;28350138323;27483798157;28796100160;28799248623;26860117049;26916504600;27483761151;28558764200;29304057979;28350034131;25562479521;28356729871,"C=US, O=DigiCert Inc, CN=DigiCert Global G3 TLS ECC SHA384 2020 CA1;C=GB, O=Sectigo Limited, CN=Sectigo Public Server Authentication CA OV R36;C=US, O=DigiCert Inc, CN=DigiCert Global G2 TLS RSA SHA256 2020 CA1"
mobile.myhsin.dhs.gov,No,Yes,1,1,2026-08-11T00:00:00,2027-02-25T23:59:59,28739179350,"C=US, O=DigiCert Inc, CN=DigiCert Global G2 TLS RSA SHA256 2020 CA1"
mrctpat-test.cbp.dhs.gov,No,Yes,6,4,2026-03-09T00:00:00,2027-03-09T23:59:59,25254127401;28624924302;25254094799;28624918182;24878938691;24878939805,"C=US, O=DigiCert Inc, CN=DigiCert Global G3 TLS ECC SHA384 2020 CA1;C=GB, O=Sectigo Limited, CN=Sectigo Public Server Authentication CA OV R36;C=US, O=Let's Encrypt, CN=YR2;C=US, O=DigiCert Inc, CN=DigiCert Global G2 TLS RSA SHA256 2020 CA1"
mrctpat.cbp.dhs.gov,Yes,Yes,8,4,2026-03-18T00:00:00,2027-04-04T23:59:59,25254127401;29462264978;28624924302;25254094799;28624918182;25067057514;29458353302;25067072536,"C=US, O=DigiCert Inc, CN=DigiCert Global G3 TLS ECC SHA384 2020 CA1;C=GB, O=Sectigo Limited, CN=Sectigo Public Server Authentication CA OV R36;C=US, O=Let's Encrypt, CN=YR2;C=US, O=DigiCert Inc, CN=DigiCert Global G2 TLS RSA SHA256 2020 CA1"
mrsctpat.cbp.dhs.gov,No,Yes,4,1,2026-03-18T00:00:00,2027-04-04T23:59:59,25067072536;29458353302;29462264978;25067057514,"C=GB, O=Sectigo Limited, CN=Sectigo Public Server Authentication CA OV R36"
mtpi-d.tsa.dhs.gov,Yes,Yes,2,1,2026-07-01T00:00:00,2027-01-15T23:59:59,27622224950;27622223834,"C=CA, O=Entrust Limited, CN=Entrust OV TLS Issuing RSA CA 2"
mtpi-s.tsa.dhs.gov,Yes,Yes,2,1,2026-07-01T00:00:00,2027-01-15T23:59:59,27622904282;27622904538,"C=CA, O=Entrust Limited, CN=Entrust OV TLS Issuing RSA CA 2"
mtpi.tsa.dhs.gov,Yes,Yes,2,1,2026-07-01T00:00:00,2027-01-15T23:59:59,27623063567;27623062550,"C=CA, O=Entrust Limited, CN=Entrust OV TLS Issuing RSA CA 2"
myaccess-dev.uscis.dhs.gov,Yes,Yes,1,1,2026-01-02T00:00:00,2027-01-29T23:59:59,23516374142,"C=US, O=DigiCert Inc, CN=DigiCert Global G2 TLS RSA SHA256 2020 CA1"
myaccess-preprod.uscis.dhs.gov,Yes,Yes,2,1,2026-01-02T00:00:00,2027-01-29T23:59:59,23887862633;23516317478,"C=US, O=DigiCert Inc, CN=DigiCert Global G2 TLS RSA SHA256 2020 CA1"
myaccess-test.uscis.dhs.gov,Yes,Yes,1,1,2026-01-02T00:00:00,2027-01-29T23:59:59,23516345129,"C=US, O=DigiCert Inc, CN=DigiCert Global G2 TLS RSA SHA256 2020 CA1"
myaccess.uscis.dhs.gov,Yes,Yes,2,1,2026-01-02T00:00:00,2027-01-29T23:59:59,23516290865;23887939383,"C=US, O=DigiCert Inc, CN=DigiCert Global G2 TLS RSA SHA256 2020 CA1"
mycdr.biowatchportal.dhs.gov,No,Yes,16,2,2026-02-24T00:00:00,2027-03-20T23:59:59,29248468121;28143000764;29248469436;29248474903;29248491431;24619835048;29248496253;29248474930;28143002165;24619836448;29248495629;29248466220;29248491903;29248499977;29248465826;29248500511,"C=GB, O=Sectigo Limited, CN=Sectigo Public Server Authentication CA DV R36;C=CA, O=Entrust Limited, CN=Entrust EV TLS Issuing RSA CA 2"
myhsin.dhs.gov,Yes,Yes,1,1,2026-08-11T00:00:00,2027-02-25T23:59:59,28739179350,"C=US, O=DigiCert Inc, CN=DigiCert Global G2 TLS RSA SHA256 2020 CA1"
myjournal-cbp.dhs.gov,Yes,Yes,1,1,2026-08-27T00:00:00,2027-03-13T23:59:59,29088429189,"C=US, O=DigiCert Inc, CN=DigiCert EV RSA CA G2"
myjournal-fletc.dhs.gov,Yes,Yes,1,1,2026-08-27T00:00:00,2027-03-13T23:59:59,29090789059,"C=US, O=DigiCert Inc, CN=DigiCert EV RSA CA G2"
myjournal-hq.dhs.gov,Yes,Yes,1,1,2026-08-27T00:00:00,2027-03-13T23:59:59,29090789257,"C=US, O=DigiCert Inc, CN=DigiCert EV RSA CA G2"
myjournal-uscis.dhs.gov,Yes,Yes,1,1,2026-08-27T00:00:00,2027-03-13T23:59:59,29090789479,"C=US, O=DigiCert Inc, CN=DigiCert EV RSA CA G2"
myoido.dhs.gov,No,Yes,13,2,2026-04-18T00:00:00,2027-02-12T23:59:59,27483761151;28350138323;28350086258;27933743634;27483798157;28350768012;26916527129;26916504600;25562446938;25562479521;28350034131;27397153120;26157198216,"C=US, O=DigiCert Inc, CN=DigiCert Global G3 TLS ECC SHA384 2020 CA1;C=US, O=DigiCert Inc, CN=DigiCert Global G2 TLS RSA SHA256 2020 CA1"
nadfs.tsa.dhs.gov,Yes,Yes,2,1,2026-06-25T00:00:00,2027-01-09T23:59:59,27476475185;27476474251,"C=CA, O=Entrust Limited, CN=Entrust OV TLS Issuing RSA CA 2"
nccad.dhs.gov,No,Yes,11,2,2026-02-09T00:00:00,2027-02-08T23:59:59,26827910261;24274179177;26827912771;24805020696;26827891567;25313011763;24274056928;25339704212;25311199298;25865556717;25522372638,"C=US, O=DigiCert Inc, CN=DigiCert Global G3 TLS ECC SHA384 2020 CA1;C=US, O=DigiCert Inc, CN=DigiCert Global G2 TLS RSA SHA256 2020 CA1"
nessus-wcms.dhs.gov,No,Yes,6,1,2025-12-15T00:00:00,2026-12-16T23:59:59,28134734297;23135749947;23136892758;28358455704;28301334213;28301367950,"C=US, O=DigiCert Inc, OU=www.digicert.com, CN=GeoTrust TLS RSA CA G1"
new.hsin.dhs.gov,No,Yes,1,1,2026-08-31T00:00:00,2027-01-05T23:59:59,29196549822,"C=US, O=DigiCert Inc, OU=www.digicert.com, CN=GeoTrust TLS RSA CA G1"
ngpat.secureskies.tsa.dhs.gov,No,Yes,4,2,2025-08-29T18:20:55,2027-03-12T23:59:59,29054982952;20660524363;28531204868;29054981858,"C=CA, O=Entrust Limited, CN=Entrust OV TLS Issuing RSA CA 2;C=US, O=SSL Corporation, CN=Entrust OV TLS Issuing RSA CA 1"
ngpdbg.secureskies.tsa.dhs.gov,No,Yes,4,2,2025-08-29T18:20:55,2027-03-12T23:59:59,29054982952;20660524363;28531204868;29054981858,"C=CA, O=Entrust Limited, CN=Entrust OV TLS Issuing RSA CA 2;C=US, O=SSL Corporation, CN=Entrust OV TLS Issuing RSA CA 1"
ngplb.secureskies.tsa.dhs.gov,No,Yes,4,2,2025-08-29T18:20:55,2027-03-12T23:59:59,29054982952;20660524363;28531204868;29054981858,"C=CA, O=Entrust Limited, CN=Entrust OV TLS Issuing RSA CA 2;C=US, O=SSL Corporation, CN=Entrust OV TLS Issuing RSA CA 1"
ngportal.secureskies.tsa.dhs.gov,Yes,Yes,4,2,2025-08-29T18:20:55,2027-03-12T23:59:59,29054982952;20660524363;28531204868;29054981858,"C=CA, O=Entrust Limited, CN=Entrust OV TLS Issuing RSA CA 2;C=US, O=SSL Corporation, CN=Entrust OV TLS Issuing RSA CA 1"
ngpqa1.secureskies.tsa.dhs.gov,No,Yes,4,2,2025-08-29T18:20:55,2027-03-12T23:59:59,29054982952;20660524363;28531204868;29054981858,"C=CA, O=Entrust Limited, CN=Entrust OV TLS Issuing RSA CA 2;C=US, O=SSL Corporation, CN=Entrust OV TLS Issuing RSA CA 1"
ngpqa2.secureskies.tsa.dhs.gov,No,Yes,4,2,2025-08-29T18:20:55,2027-03-12T23:59:59,29054982952;20660524363;28531204868;29054981858,"C=CA, O=Entrust Limited, CN=Entrust OV TLS Issuing RSA CA 2;C=US, O=SSL Corporation, CN=Entrust OV TLS Issuing RSA CA 1"
nonprod-my.uscis.dhs.gov,Yes,Yes,2,1,2025-12-18T00:00:00,2027-01-18T23:59:59,24145937108;23203289024,"C=US, O=DigiCert Inc, CN=DigiCert Global G2 TLS RSA SHA256 2020 CA1"
oauth-dev.uscis.dhs.gov,Yes,Yes,1,1,2026-09-17T00:00:00,2027-04-03T23:59:59,29442624679,"C=US, O=DigiCert Inc, CN=DigiCert Global G2 TLS RSA SHA256 2020 CA1"
oauth-preprod.uscis.dhs.gov,Yes,Yes,1,1,2026-09-17T00:00:00,2027-04-03T23:59:59,29441871447,"C=US, O=DigiCert Inc, CN=DigiCert Global G2 TLS RSA SHA256 2020 CA1"
oauth-test.uscis.dhs.gov,Yes,Yes,1,1,2026-09-17T00:00:00,2027-04-03T23:59:59,29449570406,"C=US, O=DigiCert Inc, CN=DigiCert Global G2 TLS RSA SHA256 2020 CA1"
oauth.uscis.dhs.gov,Yes,Yes,1,1,2026-09-17T00:00:00,2027-04-03T23:59:59,29452949118,"C=US, O=DigiCert Inc, CN=DigiCert Global G2 TLS RSA SHA256 2020 CA1"
obim-oci.dhs.gov,Yes,Yes,1,1,2026-08-27T00:00:00,2027-03-13T23:59:59,29093468009,"C=US, O=DigiCert Inc, CN=DigiCert Global G2 TLS RSA SHA256 2020 CA1"
ocso1.dhs.gov,Yes,Yes,1,1,2026-07-28T00:00:00,2027-02-11T23:59:59,28330849152,"C=US, O=DigiCert Inc, CN=DigiCert Global G2 TLS RSA SHA256 2020 CA1"
ohss.dhs.gov,No,Yes,6,2,2026-07-25T00:00:00,2027-03-03T23:59:59,28958806542;28224634433;28224799316;28835462722;28774375760;28835430188,"C=US, O=DigiCert Inc, CN=DigiCert Global G3 TLS ECC SHA384 2020 CA1;C=US, O=DigiCert Inc, CN=DigiCert Global G2 TLS RSA SHA256 2020 CA1"
oig.dhs.gov,No,Yes,19,2,2026-02-09T00:00:00,2027-02-08T23:59:59,28292263730;26827910261;26827891567;28150820500;29434558352;28298558306;24274179177;28292223364;25339704212;28150757359;25311199298;25522372638;26827912771;24805020696;25313011763;24274056928;25865556717;28298620541;28298507564,"C=US, O=DigiCert Inc, CN=DigiCert Global G3 TLS ECC SHA384 2020 CA1;C=US, O=DigiCert Inc, CN=DigiCert Global G2 TLS RSA SHA256 2020 CA1"
oip.dhs.gov,Yes,Yes,4,2,2025-09-19T21:07:41,2027-03-20T17:57:33,29255304940;29236731954;21140393401;22523796775,"C=US, O=GoDaddy.com, CN=GoDaddy TLS Intermediate CA EV - R1v1;C=US, ST=Arizona, L=Scottsdale, O=""GoDaddy.com, Inc."", OU=http://certs.godaddy.com/repository/, CN=Go Daddy Secure Certificate Authority - G2"
okta.cbp.dhs.gov,Yes,Yes,2,1,2026-06-16T00:00:00,2026-12-31T23:59:59,27239586809;27239659397,"C=GB, O=Sectigo Limited, CN=Sectigo Public Server Authentication CA EV R36"
openweb.cbp.dhs.gov,No,Yes,4,1,2025-10-07T00:00:00,2027-04-04T23:59:59,29429625914;21550377170;29445328532;21550352980,"C=GB, O=Sectigo Limited, CN=Sectigo Public Server Authentication CA OV R36"
origin-cbplink.cbp.dhs.gov,Yes,Yes,6,4,2026-07-19T18:04:13,2026-11-02T21:23:04,28538443939;28071846097;28538435616;28538439867;28538451493;28071844315,"C=US, O=Google Trust Services, CN=WR1;C=US, O=Let's Encrypt, CN=YR1;C=US, O=Let's Encrypt, CN=YE1;C=US, O=Google Trust Services, CN=WE1"
origin-cdm.cisa.dhs.gov,Yes,Yes,6,4,2026-07-24T19:17:43,2026-11-06T19:18:10,28220188600;28656718702;28656713917;28656714571;28656711367;28220199100,"C=US, O=Let's Encrypt, CN=YE2;C=US, O=Let's Encrypt, CN=YR1;C=US, O=Google Trust Services, CN=WR1;C=US, O=Google Trust Services, CN=WE1"
origin-save-stage.apps.k8s-ext.uscis.dhs.gov,Yes,Yes,6,4,2026-07-27T08:59:44,2026-11-12T12:01:46,28852082284;28288354657;28288334251;28835624157;28901518983;28855364227,"C=US, O=Google Trust Services, CN=WR1;C=US, O=Let's Encrypt, CN=YR1;C=US, O=Let's Encrypt, CN=YE1;C=US, O=Google Trust Services, CN=WE1"
origin-statecitizenshiplists.uscis.dhs.gov,No,Yes,3,1,2026-06-08T00:00:00,2026-12-23T23:59:59,26998928395;27025980743;27049524880,"C=US, O=DigiCert Inc, CN=DigiCert Global G2 TLS RSA SHA256 2020 CA1"
outlook.tsa.dhs.gov,No,Yes,2,1,2026-07-14T00:00:00,2027-01-28T23:59:59,27934723190;27934733051,"C=CA, O=Entrust Limited, CN=Entrust OV TLS Issuing RSA CA 2"
pages-ce-maestro.dhs.gov,No,Yes,2,2,2026-01-04T00:00:00,2027-01-05T23:59:59,23539608971;23539476833,"C=US, O=DigiCert Inc, CN=DigiCert Global G3 TLS ECC SHA384 2020 CA1;C=US, O=DigiCert Inc, CN=DigiCert Global G2 TLS RSA SHA256 2020 CA1"
pages-maestro-dev.dhs.gov,No,Yes,2,2,2026-01-04T00:00:00,2027-01-05T23:59:59,23539608971;23539476833,"C=US, O=DigiCert Inc, CN=DigiCert Global G3 TLS ECC SHA384 2020 CA1;C=US, O=DigiCert Inc, CN=DigiCert Global G2 TLS RSA SHA256 2020 CA1"
pages-maestro-staging.dhs.gov,No,Yes,2,2,2026-01-04T00:00:00,2027-01-05T23:59:59,23539608971;23539476833,"C=US, O=DigiCert Inc, CN=DigiCert Global G3 TLS ECC SHA384 2020 CA1;C=US, O=DigiCert Inc, CN=DigiCert Global G2 TLS RSA SHA256 2020 CA1"
pages-maestro.dhs.gov,No,Yes,2,2,2026-01-04T00:00:00,2027-01-05T23:59:59,23539608971;23539476833,"C=US, O=DigiCert Inc, CN=DigiCert Global G3 TLS ECC SHA384 2020 CA1;C=US, O=DigiCert Inc, CN=DigiCert Global G2 TLS RSA SHA256 2020 CA1"
path.dhs.gov,Yes,Yes,2,1,2026-06-09T00:00:00,2026-12-24T23:59:59,27033884117;27218392905,"C=US, O=DigiCert Inc, CN=DigiCert Global G2 TLS RSA SHA256 2020 CA1"
pd0724b40cd12e27d9a.cbp.dhs.gov,Yes,Yes,2,1,2026-02-02T00:00:00,2027-02-02T23:59:59,24140622841;24140619749,"C=GB, O=Sectigo Limited, CN=Sectigo Public Server Authentication CA OV R36"
pexip-teamsconn.meeting.dhs.gov,No,Yes,3,1,2025-10-14T00:00:00,2026-10-28T23:59:59,21717392248;22234770898;21917521490,"C=US, O=DigiCert Inc, CN=DigiCert Global G2 TLS RSA SHA256 2020 CA1"
pfdps.tsa.dhs.gov,Yes,Yes,2,1,2026-05-11T00:00:00,2026-11-25T23:59:59,26259138694;26259172398,"C=GB, O=Sectigo Limited, CN=Sectigo Public Server Authentication CA OV R36"
pipe-api-test.tsa.dhs.gov,No,Yes,2,1,2026-07-20T00:00:00,2027-02-03T23:59:59,28104033797;28104029152,"C=CA, O=Entrust Limited, CN=Entrust OV TLS Issuing RSA CA 2"
pipe-api.pipe.tsa.dhs.gov,No,Yes,2,1,2026-07-21T00:00:00,2027-02-04T23:59:59,28128095878;28128099473,"C=CA, O=Entrust Limited, CN=Entrust OV TLS Issuing RSA CA 2"
pipe-api.tsa.dhs.gov,No,Yes,2,1,2026-07-21T00:00:00,2027-02-04T23:59:59,28128095878;28128099473,"C=CA, O=Entrust Limited, CN=Entrust OV TLS Issuing RSA CA 2"
pns.tsa.dhs.gov,Yes,Yes,6,1,2025-09-16T00:00:00,2026-10-18T23:59:59,21091917619;21089387746;21062042588;21091918064;21062042409;21089387785,"C=CA, O=Entrust Limited, CN=Entrust OV TLS Issuing RSA CA 2"
precheck.medallia.tsa.dhs.gov,Yes,Yes,2,1,2026-01-06T00:00:00,2027-02-06T23:59:59,23590429115;23590426233,"C=CA, O=Entrust Limited, CN=Entrust OV TLS Issuing RSA CA 2"
preprod-my.uscis.dhs.gov,Yes,Yes,2,1,2026-02-11T00:00:00,2027-02-10T23:59:59,24604867019;24341492391,"C=US, O=DigiCert Inc, CN=DigiCert Global G2 TLS RSA SHA256 2020 CA1"
preprod-tsaprecheckbytelos.tsa.dhs.gov,Yes,Yes,2,1,2026-06-22T00:00:00,2027-01-06T23:59:59,27404617833;27404616035,"C=CA, O=Entrust Limited, CN=Entrust OV TLS Issuing RSA CA 2"
preprod.acdms2.tsa.dhs.gov,Yes,Yes,2,1,2026-01-29T00:00:00,2027-03-01T23:59:59,24063594981;24063594919,"C=CA, O=Entrust Limited, CN=Entrust OV TLS Issuing RSA CA 2"
preview-go.dhs.gov,No,Yes,25,2,2026-04-18T00:00:00,2027-03-25T23:59:59,28558825009;28350086258;27933743634;29293564950;28495833979;26916527129;29442667731;27397153120;26157198216;28799232251;28356771661;28350768012;25562446938;29304041244;28350138323;27483798157;28796100160;28799248623;26916504600;27483761151;28558764200;29304057979;28350034131;25562479521;28356729871,"C=US, O=DigiCert Inc, CN=DigiCert Global G3 TLS ECC SHA384 2020 CA1;C=US, O=DigiCert Inc, CN=DigiCert Global G2 TLS RSA SHA256 2020 CA1"
preview-media.dhs.gov,No,Yes,19,2,2026-02-09T00:00:00,2027-02-08T23:59:59,28292263730;26827910261;26827891567;28150820500;29434558352;28298558306;24274179177;28292223364;25339704212;28150757359;25311199298;25522372638;26827912771;24805020696;25313011763;24274056928;25865556717;28298620541;28298507564,"C=US, O=DigiCert Inc, CN=DigiCert Global G3 TLS ECC SHA384 2020 CA1;C=US, O=DigiCert Inc, CN=DigiCert Global G2 TLS RSA SHA256 2020 CA1"
preview-ohss.dhs.gov,No,Yes,6,2,2026-07-25T00:00:00,2027-03-03T23:59:59,28958806542;28224634433;28224799316;28835462722;28774375760;28835430188,"C=US, O=DigiCert Inc, CN=DigiCert Global G3 TLS ECC SHA384 2020 CA1;C=US, O=DigiCert Inc, CN=DigiCert Global G2 TLS RSA SHA256 2020 CA1"
preview-oig.dhs.gov,No,Yes,16,1,2025-10-21T00:00:00,2027-03-11T23:59:59,21885448362;29007657589;28224716222;28298214900;28134836837;28349364787;28321147708;28321110926;29060126245;29024652865;28134987148;29457528286;28359262931;27962609909;28660997090;21974683208,"C=US, O=DigiCert Inc, OU=www.digicert.com, CN=GeoTrust TLS RSA CA G1"
preview-studyinthestates.dhs.gov,No,Yes,5,1,2025-12-28T00:00:00,2027-01-05T23:59:59,28567785804;23407564939;24468746892;29196549822;28739390507,"C=US, O=DigiCert Inc, OU=www.digicert.com, CN=GeoTrust TLS RSA CA G1"
preview.dhs.gov,Yes,Yes,5,1,2025-12-28T00:00:00,2027-01-05T23:59:59,28567785804;23407564939;24468746892;29196549822;28739390507,"C=US, O=DigiCert Inc, OU=www.digicert.com, CN=GeoTrust TLS RSA CA G1"
preview.dhsprecheck.dhs.gov,No,Yes,16,1,2025-10-21T00:00:00,2027-03-11T23:59:59,21885448362;29007657589;28224716222;28298214900;28134836837;28349364787;28321147708;28321110926;29060126245;29024652865;28134987148;29457528286;28359262931;27962609909;28660997090;21974683208,"C=US, O=DigiCert Inc, OU=www.digicert.com, CN=GeoTrust TLS RSA CA G1"
preview.hsin.dhs.gov,No,Yes,5,1,2025-12-28T00:00:00,2027-01-05T23:59:59,28567785804;23407564939;24468746892;29196549822;28739390507,"C=US, O=DigiCert Inc, OU=www.digicert.com, CN=GeoTrust TLS RSA CA G1"
prism.dhs.gov,Yes,Yes,9,4,2026-07-31T19:16:06,2026-10-29T20:26:43,28417170634;28417183058;28417175401;28417221333;28489336210;28417243872;28417452237;28417185416;28417483213,"C=US, O=Google Trust Services, CN=WR1;C=US, O=Let's Encrypt, CN=YR2;C=US, O=Let's Encrypt, CN=YE1;C=US, O=Google Trust Services, CN=WE1"
proxy.lasso.uscis.dhs.gov,Yes,Yes,1,1,2026-08-03T00:00:00,2027-02-17T23:59:59,28501189613,"C=US, O=DigiCert Inc, CN=DigiCert Global G2 TLS RSA SHA256 2020 CA1"
prxa1.amowave.cbp.dhs.gov,No,Yes,2,1,2026-03-20T00:00:00,2026-12-18T23:59:59,28626163051;25113434970,"C=US, O=DigiCert Inc, CN=DigiCert Global G2 TLS RSA SHA256 2020 CA1"
prxa2.amowave.cbp.dhs.gov,No,Yes,2,1,2026-03-20T00:00:00,2026-12-18T23:59:59,28626163051;25113434970,"C=US, O=DigiCert Inc, CN=DigiCert Global G2 TLS RSA SHA256 2020 CA1"
prxb1.amowave.cbp.dhs.gov,No,Yes,2,1,2026-03-20T00:00:00,2026-12-18T23:59:59,28626163051;25113434970,"C=US, O=DigiCert Inc, CN=DigiCert Global G2 TLS RSA SHA256 2020 CA1"
prxb2.amowave.cbp.dhs.gov,No,Yes,2,1,2026-03-20T00:00:00,2026-12-18T23:59:59,28626163051;25113434970,"C=US, O=DigiCert Inc, CN=DigiCert Global G2 TLS RSA SHA256 2020 CA1"
pts3-pso.fps.dhs.gov,Yes,Yes,10,4,2026-07-09T22:51:27,2026-12-06T02:47:01,29293590994;27817510346;27817506958;28445864107;28445859059;29292841833;29292842153;29293603646;28445864198;28445857497,"C=US, O=Let's Encrypt, CN=YE2;C=US, O=Google Trust Services, CN=WR1;C=US, O=Let's Encrypt, CN=YR2;C=US, O=Google Trust Services, CN=WE1"
ptstextsoa.fsms.dhs.gov,Yes,Yes,5,2,2026-08-03T14:49:23,2026-11-01T16:02:41,28500421544;29019580703;28500405716;28500901693;28497665901,"C=US, O=Google Trust Services, CN=WR1;C=US, O=Google Trust Services, CN=WE1"
puatextsoa.fsms.dhs.gov,Yes,Yes,5,2,2026-08-03T15:07:32,2026-11-01T16:18:55,28504423410;28499267414;28504626346;29027707052;28504423978,"C=US, O=Google Trust Services, CN=WR1;C=US, O=Google Trust Services, CN=WE1"
pub.hsupp.st.dhs.gov,No,Yes,1,1,2025-12-26T20:07:47,2026-12-12T19:42:17,23385961953,"C=US, ST=Arizona, L=Scottsdale, O=""GoDaddy.com, Inc."", OU=http://certs.godaddy.com/repository/, CN=Go Daddy Secure Certificate Authority - G2"
public-etoc-dev.cbp.dhs.gov,No,Yes,8,3,2026-02-11T00:00:00,2027-03-03T23:59:59,28958806542;28224634433;24337690080;28224799316;24337689053;28835462722;28774375760;28835430188,"C=US, O=DigiCert Inc, CN=DigiCert Global G3 TLS ECC SHA384 2020 CA1;C=GB, O=Sectigo Limited, CN=Sectigo Public Server Authentication CA OV R36;C=US, O=DigiCert Inc, CN=DigiCert Global G2 TLS RSA SHA256 2020 CA1"
public-etoc.cbp.dhs.gov,No,Yes,8,3,2026-05-04T00:00:00,2027-03-03T23:59:59,28958806542;26058715096;28224634433;26142642247;28224799316;28835462722;28774375760;28835430188,"C=US, O=DigiCert Inc, CN=DigiCert Global G3 TLS ECC SHA384 2020 CA1;C=GB, O=Sectigo Limited, CN=Sectigo Public Server Authentication CA OV R36;C=US, O=DigiCert Inc, CN=DigiCert Global G2 TLS RSA SHA256 2020 CA1"
public-prod-elis2.uscis.dhs.gov,No,Yes,19,2,2026-02-09T00:00:00,2027-02-08T23:59:59,28292263730;26827910261;26827891567;28150820500;29434558352;28298558306;24274179177;28292223364;25339704212;28150757359;25311199298;25522372638;26827912771;24805020696;25313011763;24274056928;25865556717;28298620541;28298507564,"C=US, O=DigiCert Inc, CN=DigiCert Global G3 TLS ECC SHA384 2020 CA1;C=US, O=DigiCert Inc, CN=DigiCert Global G2 TLS RSA SHA256 2020 CA1"
public.payment.uscis.dhs.gov,Yes,Yes,1,1,2026-08-28T00:00:00,2027-03-14T23:59:59,29114020181,"C=US, O=DigiCert Inc, CN=DigiCert Global G2 TLS RSA SHA256 2020 CA1"
publicstats.cbp.dhs.gov,No,Yes,2,1,2025-10-23T00:00:00,2026-10-23T23:59:59,21943785773;21943760406,"C=GB, O=Sectigo Limited, CN=Sectigo Public Server Authentication CA OV R36"
publicstats.cbp.gov,Yes,No,2,1,2025-10-23T00:00:00,2026-10-23T23:59:59,21943785773;21943760406,"C=GB, O=Sectigo Limited, CN=Sectigo Public Server Authentication CA OV R36"
qa-api.cbp.dhs.gov,No,Yes,18,2,2025-10-21T00:00:00,2027-03-11T23:59:59,21885448362;29007657589;28224716222;28298214900;28134836837;28349364787;28321147708;28321110926;22062738839;29060126245;29024652865;22062750459;28134987148;29457528286;28359262931;27962609909;28660997090;21974683208,"C=US, O=DigiCert Inc, OU=www.digicert.com, CN=GeoTrust TLS RSA CA G1;C=GB, O=Sectigo Limited, CN=Sectigo Public Server Authentication CA OV R36"
qa-my.uscis.dhs.gov,No,Yes,2,1,2025-12-18T00:00:00,2027-01-18T23:59:59,24145937108;23203289024,"C=US, O=DigiCert Inc, CN=DigiCert Global G2 TLS RSA SHA256 2020 CA1"
qa-web.cbp.dhs.gov,Yes,Yes,2,1,2026-06-01T00:00:00,2026-12-16T23:59:59,26800584517;26800557043,"C=GB, O=Sectigo Limited, CN=Sectigo Public Server Authentication CA OV R36"
qa.biowatch-int.dhs.gov,No,Yes,14,2,2026-02-24T00:00:00,2027-03-20T23:59:59,29248452488;29248423730;28143407374;29248457964;29248424037;24619835048;29248433331;29248427681;24619836448;29248434291;29248426341;29248452466;28143407805;29248459839,"C=GB, O=Sectigo Limited, CN=Sectigo Public Server Authentication CA DV R36;C=CA, O=Entrust Limited, CN=Entrust EV TLS Issuing RSA CA 2"
qa.biowatch.dhs.gov,No,Yes,18,2,2026-02-24T00:00:00,2027-03-20T23:59:59,28143668240;29248452488;29248423730;28143345725;29248457964;29248424037;28153851350;28153850552;29248433331;24619835048;29248427681;28143356429;24619836448;29248434291;29248426341;29248452466;28143673102;29248459839,"C=GB, O=Sectigo Limited, CN=Sectigo Public Server Authentication CA DV R36;C=CA, O=Entrust Limited, CN=Entrust EV TLS Issuing RSA CA 2"
qa1.biowatch.dhs.gov,No,Yes,18,2,2026-02-24T00:00:00,2027-03-20T23:59:59,28143668240;29248452488;29248423730;28143345725;29248457964;29248424037;28153851350;28153850552;29248433331;24619835048;29248427681;28143356429;24619836448;29248434291;29248426341;29248452466;28143673102;29248459839,"C=GB, O=Sectigo Limited, CN=Sectigo Public Server Authentication CA DV R36;C=CA, O=Entrust Limited, CN=Entrust EV TLS Issuing RSA CA 2"
rapid-smtp.tsa.dhs.gov,No,Yes,2,1,2026-07-14T00:00:00,2027-01-28T23:59:59,27934723190;27934733051,"C=CA, O=Entrust Limited, CN=Entrust OV TLS Issuing RSA CA 2"
ravenapp1.ice.dhs.gov,Yes,Yes,1,1,2026-04-24T00:00:00,2026-11-08T23:59:59,25756977882,"C=US, O=DigiCert Inc, CN=DigiCert Global G2 TLS RSA SHA256 2020 CA1"
react.cwmd.dhs.gov,No,Yes,2,1,2026-02-24T00:00:00,2027-02-24T23:59:59,24619835048;24619836448,"C=GB, O=Sectigo Limited, CN=Sectigo Public Server Authentication CA DV R36"
regscale-maestro-dev.dhs.gov,No,Yes,2,2,2026-01-04T00:00:00,2027-01-05T23:59:59,23539608971;23539476833,"C=US, O=DigiCert Inc, CN=DigiCert Global G3 TLS ECC SHA384 2020 CA1;C=US, O=DigiCert Inc, CN=DigiCert Global G2 TLS RSA SHA256 2020 CA1"
regscale-maestro-staging.dhs.gov,No,Yes,2,2,2026-01-04T00:00:00,2027-01-05T23:59:59,23539608971;23539476833,"C=US, O=DigiCert Inc, CN=DigiCert Global G3 TLS ECC SHA384 2020 CA1;C=US, O=DigiCert Inc, CN=DigiCert Global G2 TLS RSA SHA256 2020 CA1"
regscale-maestro.dhs.gov,No,Yes,2,2,2026-01-04T00:00:00,2027-01-05T23:59:59,23539608971;23539476833,"C=US, O=DigiCert Inc, CN=DigiCert Global G3 TLS ECC SHA384 2020 CA1;C=US, O=DigiCert Inc, CN=DigiCert Global G2 TLS RSA SHA256 2020 CA1"
response.tsa.dhs.gov,Yes,Yes,6,1,2025-10-09T00:00:00,2026-12-26T23:59:59,21718139136;22727169932;21604899090;21718149832;21604880471;22727150734,"C=CA, O=Entrust Limited, CN=Entrust OV TLS Issuing RSA CA 2"
rfi.dhs.gov,No,Yes,6,2,2025-12-28T00:00:00,2027-02-19T23:59:59,28567785804;23407564939;24468746892;28561852612;29196549822;28739390507,"C=US, O=DigiCert Inc, OU=www.digicert.com, CN=GeoTrust TLS RSA CA G1;C=US, O=DigiCert Inc, CN=DigiCert Global G2 TLS RSA SHA256 2020 CA1"
rfi.hsinuat.dhs.gov,No,Yes,5,1,2025-12-28T00:00:00,2027-01-05T23:59:59,28567785804;23407564939;24468746892;29196549822;28739390507,"C=US, O=DigiCert Inc, OU=www.digicert.com, CN=GeoTrust TLS RSA CA G1"
rlo-dev.fema.dhs.gov,Yes,Yes,2,1,2026-07-16T14:00:39,2026-10-14T14:00:38,27985265031;27985275643,"C=US, O=Let's Encrypt, CN=YR1"
rlo-test.fema.dhs.gov,Yes,Yes,2,1,2026-07-16T14:00:46,2026-10-14T14:00:45,27985265299;27985277347,"C=US, O=Let's Encrypt, CN=YR1"
rlo.fema.dhs.gov,Yes,Yes,2,1,2026-07-31T21:41:36,2026-10-29T21:41:35,28420032380;28420023487,"C=US, O=Let's Encrypt, CN=YR1"
roosevelt.usss.dhs.gov,Yes,Yes,1,1,2026-05-01T14:06:14,2026-11-16T14:06:14,25977076992,"C=BE, O=GlobalSign nv-sa, CN=GlobalSign RSA OV SSL CA 2018"
rules.ncats.cyber.dhs.gov,No,Yes,3,2,2026-04-05T00:00:00,2027-03-21T23:59:59,25551264028;25394421272;29265594743,"C=US, O=Amazon, CN=Amazon RSA 2048 M01;C=US, O=Amazon, CN=Amazon RSA 2048 M04"
rules.ncats.dev-a.cyber.dhs.gov,No,Yes,1,1,2026-07-06T00:00:00,2027-01-19T23:59:59,27723589164,"C=US, O=Amazon, CN=Amazon RSA 2048 M01"
rules.ncats.staging-a.cyber.dhs.gov,No,Yes,2,1,2026-07-06T00:00:00,2027-01-19T23:59:59,27725482349;27724674850,"C=US, O=Amazon, CN=Amazon RSA 2048 M04"
rules.vm.cyber.dhs.gov,Yes,Yes,3,2,2026-04-05T00:00:00,2027-03-21T23:59:59,25551264028;25394421272;29265594743,"C=US, O=Amazon, CN=Amazon RSA 2048 M01;C=US, O=Amazon, CN=Amazon RSA 2048 M04"
rules.vm.dev-a.cyber.dhs.gov,Yes,Yes,1,1,2026-07-06T00:00:00,2027-01-19T23:59:59,27723589164,"C=US, O=Amazon, CN=Amazon RSA 2048 M01"
rules.vm.staging-a.cyber.dhs.gov,Yes,Yes,2,1,2026-07-06T00:00:00,2027-01-19T23:59:59,27725482349;27724674850,"C=US, O=Amazon, CN=Amazon RSA 2048 M04"
san2.cbp.dhs.gov,No,Yes,2,1,2026-03-06T00:00:00,2027-03-06T23:59:59,24817422806;24817422251,"C=GB, O=Sectigo Limited, CN=Sectigo Public Server Authentication CA OV R36"
sandbox-g110f.dhs.gov,Yes,Yes,18,4,2026-07-25T19:19:00,2026-12-21T22:06:32,29525249951;28246445165;28360600556;29527413841;28360627297;28360351173;28360381049;28247958011;28360626895;28360374255;28247964374;28247923069;28360351461;28246464996;29241879021;28247934637;28360600944;29241879094,"C=US, O=Google Trust Services, CN=WR1;C=US, O=SSL Corporation, CN=Cloudflare TLS Issuing RSA CA 3;C=US, O=SSL Corporation, CN=Cloudflare TLS Issuing ECC CA 3;C=US, O=Google Trust Services, CN=WE1"
sandbox-precheck-precheck.sbx.medallia.tsa.dhs.gov,Yes,Yes,4,2,2026-01-07T00:00:00,2027-02-06T23:59:59,23919894381;23612703417;23919895770;23612702613,"C=CA, O=Entrust Limited, CN=Entrust OV TLS Issuing RSA CA 2;C=CA, O=Entrust Limited, CN=Entrust DV TLS Issuing RSA CA 2"
sandbox.dtect.dhs.gov,No,Yes,6,2,2026-02-24T00:00:00,2027-03-24T23:59:59,24619835048;29282552269;29003798129;29003795263;24619836448;29282551993,"C=GB, O=Sectigo Limited, CN=Sectigo Public Server Authentication CA DV R36;C=CA, O=Entrust Limited, CN=Entrust EV TLS Issuing RSA CA 2"
sappodci01.cbp.dhs.gov,Yes,Yes,3,2,2026-08-19T16:15:26,2026-11-17T16:07:29,29192797808;28979991261;28979986031,"C=US, O=SSL Corporation, CN=Cloudflare TLS Issuing RSA CA 3;C=US, O=SSL Corporation, CN=Cloudflare TLS Issuing ECC CA 3"
sappoqci01.cbp.dhs.gov,Yes,Yes,4,2,2026-08-19T17:51:52,2026-11-17T17:39:42,29196441713;28981865166;28981882443;29196441611,"C=US, O=SSL Corporation, CN=Cloudflare TLS Issuing RSA CA 3;C=US, O=SSL Corporation, CN=Cloudflare TLS Issuing ECC CA 3"
sass-preprod.fletc.dhs.gov,Yes,Yes,2,1,2026-05-11T00:00:00,2026-11-25T23:59:59,26531084084;26256135272,"C=US, O=DigiCert Inc, CN=DigiCert Global G2 TLS RSA SHA256 2020 CA1"
sass.fletc.dhs.gov,Yes,Yes,2,1,2026-05-11T00:00:00,2026-11-25T23:59:59,26256100108;26530839648,"C=US, O=DigiCert Inc, CN=DigiCert Global G2 TLS RSA SHA256 2020 CA1"
sat.biometrics.cbp.dhs.gov,Yes,Yes,2,1,2026-08-03T00:00:00,2027-02-17T23:59:59,28495155134;28495150352,"C=GB, O=Sectigo Limited, CN=Sectigo Public Server Authentication CA OV R36"
sb-static.medallia.tsa.dhs.gov,Yes,Yes,2,1,2026-07-09T00:00:00,2027-01-23T23:59:59,27813506136;27813503049,"C=CA, O=Entrust Limited, CN=Entrust OV TLS Issuing RSA CA 2"
sbir.dhs.gov,No,Yes,4,2,2025-09-19T21:07:41,2027-03-20T17:57:33,29255304940;29236731954;21140393401;22523796775,"C=US, O=GoDaddy.com, CN=GoDaddy TLS Intermediate CA EV - R1v1;C=US, ST=Arizona, L=Scottsdale, O=""GoDaddy.com, Inc."", OU=http://certs.godaddy.com/repository/, CN=Go Daddy Secure Certificate Authority - G2"
sca-wcms.dhs.gov,No,Yes,2,2,2026-07-18T00:00:00,2027-02-01T23:59:59,28025350782;28025943412,"C=US, O=DigiCert Inc, CN=DigiCert Global G3 TLS ECC SHA384 2020 CA1;C=US, O=DigiCert Inc, CN=DigiCert Global G2 TLS RSA SHA256 2020 CA1"
schedule.fema.dhs.gov,No,Yes,1,1,2026-06-24T00:00:00,2027-01-08T23:59:59,27453689571,"C=US, O=DigiCert Inc, CN=DigiCert EV RSA CA G2"
scitech.dhs.gov,No,Yes,19,2,2026-02-09T00:00:00,2027-02-08T23:59:59,28292263730;26827910261;26827891567;28150820500;29434558352;28298558306;24274179177;28292223364;25339704212;28150757359;25311199298;25522372638;26827912771;24805020696;25313011763;24274056928;25865556717;28298620541;28298507564,"C=US, O=DigiCert Inc, CN=DigiCert Global G3 TLS ECC SHA384 2020 CA1;C=US, O=DigiCert Inc, CN=DigiCert Global G2 TLS RSA SHA256 2020 CA1"
score.dcats.dhs.gov,No,Yes,6,2,2026-02-24T00:00:00,2027-03-20T23:59:59,29003845427;29248394586;24619835048;29003849728;24619836448;29248393994,"C=GB, O=Sectigo Limited, CN=Sectigo Public Server Authentication CA DV R36;C=CA, O=Entrust Limited, CN=Entrust EV TLS Issuing RSA CA 2"
score.dev1dcats.dhs.gov,No,Yes,8,2,2026-02-24T00:00:00,2027-03-20T23:59:59,29248303544;24619835048;24619836448;29248260048;25235258093;25235271049;29248302533;29248259523,"C=GB, O=Sectigo Limited, CN=Sectigo Public Server Authentication CA DV R36;C=CA, O=Entrust Limited, CN=Entrust EV TLS Issuing RSA CA 2"
score.dev2dcats.dhs.gov,No,Yes,6,2,2026-02-24T00:00:00,2027-03-20T23:59:59,29248110416;24619835048;29248110904;25235551879;24619836448;25235556477,"C=GB, O=Sectigo Limited, CN=Sectigo Public Server Authentication CA DV R36;C=CA, O=Entrust Limited, CN=Entrust EV TLS Issuing RSA CA 2"
score.devdcats.dhs.gov,No,Yes,8,2,2026-02-24T00:00:00,2027-03-20T23:59:59,24619835048;29003817305;24619836448;29003813284;29248106082;29248103316;29248106509;29248104547,"C=GB, O=Sectigo Limited, CN=Sectigo Public Server Authentication CA DV R36;C=CA, O=Entrust Limited, CN=Entrust EV TLS Issuing RSA CA 2"
sdczaxvvcs001.tsa.dhs.gov,No,Yes,2,1,2026-08-12T00:00:00,2027-02-26T23:59:59,28771192441;28770931542,"C=CA, O=Entrust Limited, CN=Entrust OV TLS Issuing RSA CA 2"
sear.dhs.gov,No,Yes,6,2,2026-07-25T00:00:00,2027-03-03T23:59:59,28958806542;28224634433;28224799316;28835462722;28774375760;28835430188,"C=US, O=DigiCert Inc, CN=DigiCert Global G3 TLS ECC SHA384 2020 CA1;C=US, O=DigiCert Inc, CN=DigiCert Global G2 TLS RSA SHA256 2020 CA1"
sectigo-multi.cbp.dhs.gov,Yes,Yes,2,1,2026-03-06T00:00:00,2027-03-06T23:59:59,24817422806;24817422251,"C=GB, O=Sectigo Limited, CN=Sectigo Public Server Authentication CA OV R36"
sectigo.cbp.dhs.gov,Yes,Yes,2,1,2026-03-06T00:00:00,2027-03-06T23:59:59,24817422656;24817422282,"C=GB, O=Sectigo Limited, CN=Sectigo Public Server Authentication CA OV R36"
sectigo.dhs.gov,Yes,Yes,2,1,2026-03-06T00:00:00,2027-03-06T23:59:59,24817422873;24817422131,"C=GB, O=Sectigo Limited, CN=Sectigo Public Server Authentication CA OV R36"
secure-ecfs.dhs.gov,Yes,Yes,3,2,2026-07-06T20:34:01,2026-11-14T20:56:16,28961994007;29501686981;27740858734,"C=BE, O=GlobalSign nv-sa, CN=GlobalSign Atlas R46 DV TLS CA 2026 Q3;C=BE, O=GlobalSign nv-sa, CN=GlobalSign Atlas R46 DV TLS CA 2026 Q2"
serviceportal-dev.cbp.dhs.gov,Yes,Yes,3,2,2026-07-19T19:02:24,2026-12-16T21:01:24,28072810043;28072809914;29536523769,"C=US, O=Let's Encrypt, CN=YR1;C=US, O=Let's Encrypt, CN=YR2"
serviceportal-dev.fema.dhs.gov,Yes,Yes,1,1,2026-08-28T14:36:22,2026-11-26T14:36:21,29126040834,"C=US, O=Let's Encrypt, CN=YR2"
serviceportal-sandbox.fema.dhs.gov,Yes,Yes,4,2,2026-07-07T06:03:51,2026-12-04T08:00:48,27750891197;27750898482;29375320456;29375336943,"C=US, O=Let's Encrypt, CN=YR1;C=US, O=Let's Encrypt, CN=YR2"
serviceportal-sat.cbp.dhs.gov,Yes,Yes,2,1,2026-07-22T03:03:07,2026-10-20T03:03:06,28142411547;28142403885,"C=US, O=Let's Encrypt, CN=YR1"
serviceportal-stage.fema.dhs.gov,Yes,Yes,2,1,2026-08-28T11:01:13,2026-11-26T11:01:12,29123337913;29145185291,"C=US, O=Let's Encrypt, CN=YR1"
serviceportal-test.fema.dhs.gov,Yes,Yes,2,1,2026-08-20T17:32:34,2026-11-18T17:32:33,29176650021;29031632619,"C=US, O=Let's Encrypt, CN=YR2"
serviceportal.cbp.dhs.gov,Yes,Yes,2,1,2026-08-20T17:32:12,2026-11-18T17:32:11,28980229773;28980129927,"C=US, O=Let's Encrypt, CN=YR1"
serviceportal.fema.dhs.gov,Yes,Yes,2,1,2026-08-29T01:05:42,2026-11-27T01:05:41,29154370973;29132418161,"C=US, O=Let's Encrypt, CN=YR2"
sfiservices-dev.cbp.dhs.gov,No,Yes,6,2,2026-07-25T00:00:00,2027-03-03T23:59:59,28958806542;28224634433;28224799316;28835462722;28774375760;28835430188,"C=US, O=DigiCert Inc, CN=DigiCert Global G3 TLS ECC SHA384 2020 CA1;C=US, O=DigiCert Inc, CN=DigiCert Global G2 TLS RSA SHA256 2020 CA1"
sfiservices.cbp.dhs.gov,No,Yes,6,2,2026-07-25T00:00:00,2027-03-03T23:59:59,28958806542;28224634433;28224799316;28835462722;28774375760;28835430188,"C=US, O=DigiCert Inc, CN=DigiCert Global G3 TLS ECC SHA384 2020 CA1;C=US, O=DigiCert Inc, CN=DigiCert Global G2 TLS RSA SHA256 2020 CA1"
sftp.neptune.dhs.gov,Yes,Yes,6,4,2026-07-14T23:13:14,2026-11-01T15:47:43,27939258159;28499962136;27939263149;27939252733;27939265341;28497631385,"C=US, O=Let's Encrypt, CN=YE2;C=US, O=Google Trust Services, CN=WR1;C=US, O=Let's Encrypt, CN=YR1;C=US, O=Google Trust Services, CN=WE1"
sg-sp.tsa.dhs.gov,Yes,Yes,2,1,2026-06-11T00:00:00,2026-12-26T23:59:59,27101455894;27097875624,"C=CA, O=Entrust Limited, CN=Entrust OV TLS Issuing RSA CA 2"
share-act1.dhs.gov,No,Yes,1,1,2026-08-11T00:00:00,2027-02-25T23:59:59,28737852261,"C=US, O=DigiCert Inc, CN=DigiCert Global G2 TLS RSA SHA256 2020 CA1"
share-act2.dhs.gov,No,Yes,1,1,2026-08-11T00:00:00,2027-02-25T23:59:59,28737852261,"C=US, O=DigiCert Inc, CN=DigiCert Global G2 TLS RSA SHA256 2020 CA1"
share-author-ext.dhs.gov,Yes,Yes,6,4,2026-07-20T05:15:46,2026-11-03T16:22:28,28084678434;28084686233;28084690126;28576962092;28563117201;28084678050,"C=US, O=Let's Encrypt, CN=YE2;C=US, O=Google Trust Services, CN=WR1;C=US, O=Let's Encrypt, CN=YR2;C=US, O=Google Trust Services, CN=WE1"
share-author.dhs.gov,No,Yes,6,2,2025-12-28T00:00:00,2027-02-25T23:59:59,28567785804;23407564939;28737852261;24468746892;29196549822;28739390507,"C=US, O=DigiCert Inc, OU=www.digicert.com, CN=GeoTrust TLS RSA CA G1;C=US, O=DigiCert Inc, CN=DigiCert Global G2 TLS RSA SHA256 2020 CA1"
share-author.hsinuat.dhs.gov,No,Yes,5,1,2025-12-28T00:00:00,2027-01-05T23:59:59,28567785804;23407564939;24468746892;29196549822;28739390507,"C=US, O=DigiCert Inc, OU=www.digicert.com, CN=GeoTrust TLS RSA CA G1"
share-pub-ext.dhs.gov,Yes,Yes,6,4,2026-07-15T11:31:11,2026-11-04T23:17:44,27953201829;28604111454;27953208913;28604110801;27953208078;27953202175,"C=US, O=Let's Encrypt, CN=YE2;C=US, O=Google Trust Services, CN=WR1;C=US, O=Let's Encrypt, CN=YR2;C=US, O=Google Trust Services, CN=WE1"
share-pub.dhs.gov,No,Yes,6,2,2025-12-28T00:00:00,2027-02-25T23:59:59,28567785804;23407564939;28737852261;24468746892;29196549822;28739390507,"C=US, O=DigiCert Inc, OU=www.digicert.com, CN=GeoTrust TLS RSA CA G1;C=US, O=DigiCert Inc, CN=DigiCert Global G2 TLS RSA SHA256 2020 CA1"
share-pub.hsinuat.dhs.gov,No,Yes,5,1,2025-12-28T00:00:00,2027-01-05T23:59:59,28567785804;23407564939;24468746892;29196549822;28739390507,"C=US, O=DigiCert Inc, OU=www.digicert.com, CN=GeoTrust TLS RSA CA G1"
share.dhs.gov,No,Yes,6,2,2025-12-28T00:00:00,2027-02-25T23:59:59,28567785804;23407564939;28737852261;24468746892;29196549822;28739390507,"C=US, O=DigiCert Inc, OU=www.digicert.com, CN=GeoTrust TLS RSA CA G1;C=US, O=DigiCert Inc, CN=DigiCert Global G2 TLS RSA SHA256 2020 CA1"
share.hsinuat.dhs.gov,No,Yes,5,1,2025-12-28T00:00:00,2027-01-05T23:59:59,28567785804;23407564939;24468746892;29196549822;28739390507,"C=US, O=DigiCert Inc, OU=www.digicert.com, CN=GeoTrust TLS RSA CA G1"
share1.dhs.gov,Yes,Yes,1,1,2026-08-11T00:00:00,2027-02-25T23:59:59,28738098669,"C=US, O=DigiCert Inc, CN=DigiCert Global G2 TLS RSA SHA256 2020 CA1"
share10.dhs.gov,No,Yes,1,1,2026-08-11T00:00:00,2027-02-25T23:59:59,28738098669,"C=US, O=DigiCert Inc, CN=DigiCert Global G2 TLS RSA SHA256 2020 CA1"
share2.dhs.gov,No,Yes,1,1,2026-08-11T00:00:00,2027-02-25T23:59:59,28738098669,"C=US, O=DigiCert Inc, CN=DigiCert Global G2 TLS RSA SHA256 2020 CA1"
share3.dhs.gov,No,Yes,1,1,2026-08-11T00:00:00,2027-02-25T23:59:59,28738098669,"C=US, O=DigiCert Inc, CN=DigiCert Global G2 TLS RSA SHA256 2020 CA1"
share4.dhs.gov,No,Yes,1,1,2026-08-11T00:00:00,2027-02-25T23:59:59,28738098669,"C=US, O=DigiCert Inc, CN=DigiCert Global G2 TLS RSA SHA256 2020 CA1"
share5.dhs.gov,No,Yes,1,1,2026-08-11T00:00:00,2027-02-25T23:59:59,28738098669,"C=US, O=DigiCert Inc, CN=DigiCert Global G2 TLS RSA SHA256 2020 CA1"
share6.dhs.gov,No,Yes,1,1,2026-08-11T00:00:00,2027-02-25T23:59:59,28738098669,"C=US, O=DigiCert Inc, CN=DigiCert Global G2 TLS RSA SHA256 2020 CA1"
share7.dhs.gov,No,Yes,1,1,2026-08-11T00:00:00,2027-02-25T23:59:59,28738098669,"C=US, O=DigiCert Inc, CN=DigiCert Global G2 TLS RSA SHA256 2020 CA1"
share8.dhs.gov,No,Yes,1,1,2026-08-11T00:00:00,2027-02-25T23:59:59,28738098669,"C=US, O=DigiCert Inc, CN=DigiCert Global G2 TLS RSA SHA256 2020 CA1"
share9.dhs.gov,No,Yes,1,1,2026-08-11T00:00:00,2027-02-25T23:59:59,28738098669,"C=US, O=DigiCert Inc, CN=DigiCert Global G2 TLS RSA SHA256 2020 CA1"
sharedservices.dhs.gov,No,Yes,2,2,2026-01-04T00:00:00,2027-01-05T23:59:59,23539608971;23539476833,"C=US, O=DigiCert Inc, CN=DigiCert Global G3 TLS ECC SHA384 2020 CA1;C=US, O=DigiCert Inc, CN=DigiCert Global G2 TLS RSA SHA256 2020 CA1"
si2o.dhs.gov,Yes,Yes,2,1,2026-07-18T11:29:56,2026-10-16T11:29:55,28038280001;28038277760,"C=US, O=Let's Encrypt, CN=YE2"
sia-dev-egate.tsa.dhs.gov,Yes,Yes,2,1,2026-02-03T00:00:00,2027-03-06T23:59:59,24162109310;24162115551,"C=CA, O=Entrust Limited, CN=Entrust OV TLS Issuing RSA CA 2"
sia-dev.tsa.dhs.gov,No,Yes,2,1,2026-04-03T00:00:00,2026-10-18T23:59:59,25411632475;25352618309,"C=GB, O=Sectigo Limited, CN=Sectigo Public Server Authentication CA OV R36"
sia-egate.tsa.dhs.gov,Yes,Yes,2,1,2026-03-02T00:00:00,2027-04-02T23:59:59,24740761980;24740761060,"C=CA, O=Entrust Limited, CN=Entrust OV TLS Issuing RSA CA 2"
sia-stg-egate.tsa.dhs.gov,Yes,Yes,2,1,2026-02-02T00:00:00,2027-03-05T23:59:59,24144329847;24144330695,"C=CA, O=Entrust Limited, CN=Entrust OV TLS Issuing RSA CA 2"
sia-stg.tsa.dhs.gov,No,Yes,4,2,2026-02-02T00:00:00,2027-03-05T23:59:59,25442744838;24144463181;24144462332;25367367902,"C=GB, O=Sectigo Limited, CN=Sectigo Public Server Authentication CA OV R36;C=CA, O=Entrust Limited, CN=Entrust OV TLS Issuing RSA CA 2"
sia.tsa.dhs.gov,No,Yes,4,2,2026-03-02T00:00:00,2027-04-02T23:59:59,25377231536;24739888473;24739888461;25443065969,"C=GB, O=Sectigo Limited, CN=Sectigo Public Server Authentication CA OV R36;C=CA, O=Entrust Limited, CN=Entrust OV TLS Issuing RSA CA 2"
site1.dcats.dhs.gov,No,Yes,6,2,2026-02-24T00:00:00,2027-03-20T23:59:59,29003845427;29248394586;24619835048;29003849728;24619836448;29248393994,"C=GB, O=Sectigo Limited, CN=Sectigo Public Server Authentication CA DV R36;C=CA, O=Entrust Limited, CN=Entrust EV TLS Issuing RSA CA 2"
site1.devdcats.dhs.gov,No,Yes,8,2,2026-02-24T00:00:00,2027-03-20T23:59:59,24619835048;29003817305;24619836448;29003813284;29248106082;29248103316;29248106509;29248104547,"C=GB, O=Sectigo Limited, CN=Sectigo Public Server Authentication CA DV R36;C=CA, O=Entrust Limited, CN=Entrust EV TLS Issuing RSA CA 2"
site2.dcats.dhs.gov,No,Yes,6,2,2026-02-24T00:00:00,2027-03-20T23:59:59,29003845427;29248394586;24619835048;29003849728;24619836448;29248393994,"C=GB, O=Sectigo Limited, CN=Sectigo Public Server Authentication CA DV R36;C=CA, O=Entrust Limited, CN=Entrust EV TLS Issuing RSA CA 2"
site2.devdcats.dhs.gov,No,Yes,8,2,2026-02-24T00:00:00,2027-03-20T23:59:59,24619835048;29003817305;24619836448;29003813284;29248106082;29248103316;29248106509;29248104547,"C=GB, O=Sectigo Limited, CN=Sectigo Public Server Authentication CA DV R36;C=CA, O=Entrust Limited, CN=Entrust EV TLS Issuing RSA CA 2"
smtp-relay.tsa.dhs.gov,No,Yes,2,1,2026-07-14T00:00:00,2027-01-28T23:59:59,27934723190;27934733051,"C=CA, O=Entrust Limited, CN=Entrust OV TLS Issuing RSA CA 2"
smtps.tsa.dhs.gov,Yes,Yes,4,1,2026-07-14T00:00:00,2027-02-14T23:59:59,27934723190;28414450140;27934733051;28414452367,"C=CA, O=Entrust Limited, CN=Entrust OV TLS Issuing RSA CA 2"
snow-backup.dhs.gov,Yes,Yes,2,1,2026-08-22T08:00:35,2026-11-20T08:00:34,29142818511;29008507176,"C=US, O=Let's Encrypt, CN=YR2"
snow-dev.dhs.gov,Yes,Yes,2,1,2026-07-14T23:41:02,2026-10-12T23:41:01,27939905466;27939906222,"C=US, O=Let's Encrypt, CN=YR2"
snow-pub-dev.dhs.gov,Yes,Yes,4,1,2026-07-02T03:42:06,2026-11-29T05:33:53,29185687418;27634111498;27634116063;29189398241,"C=US, O=Let's Encrypt, CN=YR1"
snow-pub-staging.dhs.gov,Yes,Yes,2,1,2026-08-28T00:38:30,2026-11-26T00:38:29,29136379294;29259434394,"C=US, O=Let's Encrypt, CN=YR2"
snow-pub-test.dhs.gov,Yes,Yes,2,1,2026-08-28T07:31:10,2026-11-26T07:31:09,29120106745;29120112232,"C=US, O=Let's Encrypt, CN=YR1"
snow-pub.dhs.gov,Yes,Yes,2,1,2026-07-11T18:35:41,2026-10-09T18:35:40,27859848369;27859857539,"C=US, O=Let's Encrypt, CN=YR2"
snow-sandbox.dhs.gov,Yes,Yes,2,1,2026-07-14T06:00:44,2026-10-12T06:00:43,27919234863;27919242627,"C=US, O=Let's Encrypt, CN=YR2"
snow-staging.dhs.gov,Yes,Yes,1,1,2026-08-28T14:36:48,2026-11-26T14:36:47,29126045065,"C=US, O=Let's Encrypt, CN=YR2"
snow-test.dhs.gov,Yes,Yes,1,1,2026-08-28T14:36:35,2026-11-26T14:36:34,29126041450,"C=US, O=Let's Encrypt, CN=YR2"
snow-training.dhs.gov,Yes,Yes,2,1,2026-08-28T04:01:01,2026-11-26T04:01:00,29116323557;29266574988,"C=US, O=Let's Encrypt, CN=YR1"
snow.dhs.gov,Yes,Yes,2,1,2026-07-12T12:10:21,2026-10-10T12:10:20,27874880383;27874882962,"C=US, O=Let's Encrypt, CN=YR1"
splunkhfhec-dev.cbp.dhs.gov,Yes,Yes,3,2,2026-07-25T13:34:43,2026-11-08T15:58:02,28712373152;28240057015;28712382777,"C=US, O=Let's Encrypt, CN=YE1;C=US, O=Google Trust Services, CN=WE1"
splunkhfhec.cbp.dhs.gov,Yes,Yes,3,2,2026-07-22T09:47:09,2026-11-16T19:31:15,28973068984;28998089872;28150543133,"C=US, O=Let's Encrypt, CN=YE1;C=US, O=Google Trust Services, CN=WE1"
splunkidxhec.cbp.dhs.gov,Yes,Yes,3,3,2026-07-28T10:22:14,2026-11-25T07:23:25,28317726677;29410309696;29404368982,"C=US, O=Let's Encrypt, CN=YE2;C=US, O=SSL Corporation, CN=Cloudflare TLS Issuing ECC CA 4;C=US, O=Let's Encrypt, CN=YE1"
spubtableau-01.uscis.dhs.gov,No,Yes,3,1,2026-01-26T00:00:00,2027-01-25T23:59:59,24927279937;23998083607;24187652090,"C=US, O=DigiCert Inc, CN=DigiCert Global G2 TLS RSA SHA256 2020 CA1"
srp.dhs.gov,Yes,Yes,2,2,2026-08-25T17:45:25,2026-11-23T18:45:31,29246984756;29188610085,"C=US, O=Google Trust Services, CN=WR1;C=US, O=Google Trust Services, CN=WE1"
srp.tsa.dhs.gov,Yes,Yes,2,1,2026-08-28T00:00:00,2027-03-14T23:59:59,29118437625;29118683761,"C=GB, O=Sectigo Limited, CN=Sectigo Public Server Authentication CA OV R36"
srptest.dhs.gov,Yes,Yes,3,2,2026-08-15T03:03:51,2026-11-13T04:03:57,28831018686;28930939540;28930928774,"C=US, O=Google Trust Services, CN=WR1;C=US, O=Google Trust Services, CN=WE1"
sso.hkms.st.dhs.gov,No,Yes,2,1,2026-08-12T14:27:04,2027-02-26T14:27:04,28770846372;28770845466,"C=US, O=GoDaddy.com, CN=GoDaddy TLS Intermediate CA EV - R1v1"
sso.ice.dhs.gov,No,Yes,2,1,2025-12-08T16:55:33,2026-12-10T16:21:57,22983473529;23035949492,"C=US, ST=Arizona, L=Scottsdale, O=""GoDaddy.com, Inc."", OU=http://certs.godaddy.com/repository/, CN=Go Daddy Secure Certificate Authority - G2"
sso.tsa.dhs.gov,Yes,Yes,2,1,2026-08-19T00:00:00,2027-03-05T23:59:59,28857993099;28838313260,"C=GB, O=Sectigo Limited, CN=Sectigo Public Server Authentication CA OV R36"
ssp.cisa.dhs.gov,Yes,Yes,1,1,2026-03-18T00:00:00,2026-10-02T23:59:59,25068670791,"C=US, O=DigiCert Inc, CN=DigiCert Global G2 TLS RSA SHA256 2020 CA1"
stage-cdp.ctas.dhs.gov,No,Yes,2,1,2025-09-24T00:00:00,2026-09-30T23:59:59,21544296190;21253314307,"C=US, O=DigiCert Inc, CN=DigiCert Global G2 TLS RSA SHA256 2020 CA1"
stage-ctas.dhs.gov,No,Yes,2,1,2025-09-24T00:00:00,2026-09-30T23:59:59,21544296190;21253314307,"C=US, O=DigiCert Inc, CN=DigiCert Global G2 TLS RSA SHA256 2020 CA1"
stage.cisa.dhs.gov,Yes,Yes,2,2,2026-07-25T21:12:58,2026-10-23T22:13:05,28248575870;28248588991,"C=US, O=Google Trust Services, CN=WR1;C=US, O=Google Trust Services, CN=WE1"
stage.fts.tsa.dhs.gov,Yes,Yes,2,1,2026-06-30T00:00:00,2027-01-14T23:59:59,27594984330;27594963957,"C=GB, O=Sectigo Limited, CN=Sectigo Public Server Authentication CA OV R36"
stage.tripwire.dhs.gov,No,Yes,11,2,2026-02-09T00:00:00,2027-02-08T23:59:59,26827910261;24274179177;26827912771;24805020696;26827891567;25313011763;24274056928;25339704212;25311199298;25865556717;25522372638,"C=US, O=DigiCert Inc, CN=DigiCert Global G3 TLS ECC SHA384 2020 CA1;C=US, O=DigiCert Inc, CN=DigiCert Global G2 TLS RSA SHA256 2020 CA1"
stageadmin.fts.tsa.dhs.gov,No,Yes,2,1,2026-06-30T00:00:00,2027-01-14T23:59:59,27594984330;27594963957,"C=GB, O=Sectigo Limited, CN=Sectigo Public Server Authentication CA OV R36"
staging-dhsprecheck.dhs.gov,No,Yes,6,1,2025-12-15T00:00:00,2026-12-16T23:59:59,28134734297;23135749947;23136892758;28358455704;28301334213;28301367950,"C=US, O=DigiCert Inc, OU=www.digicert.com, CN=GeoTrust TLS RSA CA G1"
staging-engage.dhs.gov,No,Yes,25,2,2026-04-18T00:00:00,2027-03-25T23:59:59,28558825009;28350086258;27933743634;29293564950;28495833979;26916527129;29442667731;27397153120;26157198216;28799232251;28356771661;28350768012;25562446938;29304041244;28350138323;27483798157;28796100160;28799248623;26916504600;27483761151;28558764200;29304057979;28350034131;25562479521;28356729871,"C=US, O=DigiCert Inc, CN=DigiCert Global G3 TLS ECC SHA384 2020 CA1;C=US, O=DigiCert Inc, CN=DigiCert Global G2 TLS RSA SHA256 2020 CA1"
staging-go.dhs.gov,No,Yes,2,2,2026-07-18T00:00:00,2027-02-01T23:59:59,28025350782;28025943412,"C=US, O=DigiCert Inc, CN=DigiCert Global G3 TLS ECC SHA384 2020 CA1;C=US, O=DigiCert Inc, CN=DigiCert Global G2 TLS RSA SHA256 2020 CA1"
staging-hotline.oig.dhs.gov,No,Yes,6,2,2026-07-25T00:00:00,2027-03-03T23:59:59,28958806542;28224634433;28224799316;28835462722;28774375760;28835430188,"C=US, O=DigiCert Inc, CN=DigiCert Global G3 TLS ECC SHA384 2020 CA1;C=US, O=DigiCert Inc, CN=DigiCert Global G2 TLS RSA SHA256 2020 CA1"
staging-media.dhs.gov,No,Yes,5,1,2025-10-30T00:00:00,2027-03-19T23:59:59,22108504452;27765274771;28297863046;29217158459;24470737158,"C=US, O=DigiCert Inc, OU=www.digicert.com, CN=GeoTrust TLS RSA CA G1"
staging-ohss.dhs.gov,No,Yes,2,2,2026-07-18T00:00:00,2027-02-01T23:59:59,28025350782;28025943412,"C=US, O=DigiCert Inc, CN=DigiCert Global G3 TLS ECC SHA384 2020 CA1;C=US, O=DigiCert Inc, CN=DigiCert Global G2 TLS RSA SHA256 2020 CA1"
staging-oig.dhs.gov,No,Yes,5,1,2025-10-30T00:00:00,2027-03-19T23:59:59,22108504452;27765274771;28297863046;29217158459;24470737158,"C=US, O=DigiCert Inc, OU=www.digicert.com, CN=GeoTrust TLS RSA CA G1"
staging-studyinthestates.dhs.gov,No,Yes,5,1,2025-10-30T00:00:00,2027-03-19T23:59:59,22108504452;27765274771;28297863046;29217158459;24470737158,"C=US, O=DigiCert Inc, OU=www.digicert.com, CN=GeoTrust TLS RSA CA G1"
staging-visualize-wcms.dhs.gov,No,Yes,6,1,2025-12-15T00:00:00,2026-12-16T23:59:59,28134734297;23135749947;23136892758;28358455704;28301334213;28301367950,"C=US, O=DigiCert Inc, OU=www.digicert.com, CN=GeoTrust TLS RSA CA G1"
staging.acdms2.tsa.dhs.gov,Yes,Yes,2,1,2025-09-30T00:00:00,2026-10-31T23:59:59,21381083815;21381067896,"C=CA, O=Entrust Limited, CN=Entrust OV TLS Issuing RSA CA 2"
staging.cisomb.dhs.gov,No,Yes,5,1,2025-10-30T00:00:00,2027-03-19T23:59:59,22108504452;27765274771;28297863046;29217158459;24470737158,"C=US, O=DigiCert Inc, OU=www.digicert.com, CN=GeoTrust TLS RSA CA G1"
staging.dhs.gov,No,Yes,5,1,2025-10-30T00:00:00,2027-03-19T23:59:59,22108504452;27765274771;28297863046;29217158459;24470737158,"C=US, O=DigiCert Inc, OU=www.digicert.com, CN=GeoTrust TLS RSA CA G1"
staging.hsin.dhs.gov,No,Yes,2,2,2026-07-18T00:00:00,2027-02-01T23:59:59,28025350782;28025943412,"C=US, O=DigiCert Inc, CN=DigiCert Global G3 TLS ECC SHA384 2020 CA1;C=US, O=DigiCert Inc, CN=DigiCert Global G2 TLS RSA SHA256 2020 CA1"
staging1.dhs.gov,No,Yes,6,1,2025-12-15T00:00:00,2026-12-16T23:59:59,28134734297;23135749947;23136892758;28358455704;28301334213;28301367950,"C=US, O=DigiCert Inc, OU=www.digicert.com, CN=GeoTrust TLS RSA CA G1"
statecitizenshiplist.uscis.dhs.gov,Yes,Yes,3,1,2026-06-08T00:00:00,2026-12-23T23:59:59,26998928395;27025980743;27049524880,"C=US, O=DigiCert Inc, CN=DigiCert Global G2 TLS RSA SHA256 2020 CA1"
statecitizenshiplists.uscis.dhs.gov,No,Yes,12,2,2026-06-02T00:00:00,2027-02-08T23:59:59,28292263730;26827910261;28298620541;27025980743;26827891567;28292223364;28150820500;29434558352;28298558306;27049524880;28298507564;28150757359,"C=US, O=DigiCert Inc, CN=DigiCert Global G3 TLS ECC SHA384 2020 CA1;C=US, O=DigiCert Inc, CN=DigiCert Global G2 TLS RSA SHA256 2020 CA1"
stats.hsupp.st.dhs.gov,No,Yes,1,1,2025-12-26T20:07:47,2026-12-12T19:42:17,23385961953,"C=US, ST=Arizona, L=Scottsdale, O=""GoDaddy.com, Inc."", OU=http://certs.godaddy.com/repository/, CN=Go Daddy Secure Certificate Authority - G2"
sts.hssedi.dhs.gov,Yes,Yes,4,1,2025-12-01T00:00:00,2026-12-05T23:59:59,22906087894;22848296347;22848281064;22906109391,"C=GB, O=Sectigo Limited, CN=Sectigo Public Server Authentication CA OV R36"
sts.st.dhs.gov,Yes,Yes,5,2,2026-01-20T22:31:29,2027-03-26T19:02:14,28857638841;24060641093;23888467974;29315811541;29315811789,"C=US, O=GoDaddy.com, CN=GoDaddy TLS Intermediate CA EV - R1v1;C=US, ST=Arizona, L=Scottsdale, O=""GoDaddy.com, Inc."", OU=http://certs.godaddy.com/repository/, CN=Go Daddy Secure Certificate Authority - G2"
stt.biowatchportal.dhs.gov,No,Yes,16,2,2026-02-24T00:00:00,2027-03-20T23:59:59,29248468121;28143000764;29248469436;29248474903;29248491431;24619835048;29248496253;29248474930;28143002165;24619836448;29248495629;29248466220;29248491903;29248499977;29248465826;29248500511,"C=GB, O=Sectigo Limited, CN=Sectigo Public Server Authentication CA DV R36;C=CA, O=Entrust Limited, CN=Entrust EV TLS Issuing RSA CA 2"
studyinthestates.dhs.gov,No,Yes,16,1,2025-10-21T00:00:00,2027-03-11T23:59:59,21885448362;29007657589;28224716222;28298214900;28134836837;28349364787;28321147708;28321110926;29060126245;29024652865;28134987148;29457528286;28359262931;27962609909;28660997090;21974683208,"C=US, O=DigiCert Inc, OU=www.digicert.com, CN=GeoTrust TLS RSA CA G1"
survey.medallia.tsa.dhs.gov,Yes,Yes,2,1,2026-07-09T00:00:00,2027-01-23T23:59:59,27813397748;27813394349,"C=CA, O=Entrust Limited, CN=Entrust OV TLS Issuing RSA CA 2"
survey.sbx.medallia.tsa.dhs.gov,Yes,Yes,2,1,2026-07-09T00:00:00,2027-01-23T23:59:59,27813554210;27813555204,"C=CA, O=Entrust Limited, CN=Entrust OV TLS Issuing RSA CA 2"
svip.dhs.gov,No,Yes,4,2,2025-09-19T21:07:41,2027-03-20T17:57:33,29255304940;29236731954;21140393401;22523796775,"C=US, O=GoDaddy.com, CN=GoDaddy TLS Intermediate CA EV - R1v1;C=US, ST=Arizona, L=Scottsdale, O=""GoDaddy.com, Inc."", OU=http://certs.godaddy.com/repository/, CN=Go Daddy Secure Certificate Authority - G2"
taws01a-v0095.ad.cbp.dhs.gov,Yes,Yes,2,1,2025-10-23T00:00:00,2026-10-23T23:59:59,21927822020;21927798424,"C=GB, O=Sectigo Limited, CN=Sectigo Public Server Authentication CA OV R36"
tdl.adfs.fema.dhs.gov,Yes,Yes,1,1,2026-07-29T00:00:00,2027-02-12T23:59:59,28356626988,"C=US, O=DigiCert Inc, CN=DigiCert EV RSA CA G2"
tdl.authportal.fema.dhs.gov,Yes,Yes,2,1,2025-09-17T00:00:00,2026-10-18T23:59:59,21087457346;21087458160,"C=CA, O=Entrust Limited, CN=Entrust EV TLS Issuing RSA CA 2"
tdl.authportalext.fema.dhs.gov,No,Yes,2,1,2025-09-17T00:00:00,2026-10-18T23:59:59,21087457346;21087458160,"C=CA, O=Entrust Limited, CN=Entrust EV TLS Issuing RSA CA 2"
teac-api.tsa.dhs.gov,Yes,Yes,2,1,2026-06-23T00:00:00,2027-01-07T23:59:59,27408211721;27408208839,"C=GB, O=Sectigo Limited, CN=Sectigo Public Server Authentication CA OV R36"
teams.meeting.dhs.gov,No,Yes,3,1,2025-10-14T00:00:00,2026-10-28T23:59:59,21717392248;22234770898;21917521490,"C=US, O=DigiCert Inc, CN=DigiCert Global G2 TLS RSA SHA256 2020 CA1"
tecs-cas-aws1.cbp.dhs.gov,No,Yes,4,1,2025-09-30T00:00:00,2027-01-21T23:59:59,21380875814;27763088537;27763088040;21380891508,"C=GB, O=Sectigo Limited, CN=Sectigo Public Server Authentication CA OV R36"
tecs-cas-edu.cbp.dhs.gov,No,Yes,4,1,2025-09-30T00:00:00,2027-01-21T23:59:59,21380875814;27763088537;27763088040;21380891508,"C=GB, O=Sectigo Limited, CN=Sectigo Public Server Authentication CA OV R36"
tecs-cas.cbp.dhs.gov,Yes,Yes,4,1,2025-09-30T00:00:00,2027-01-21T23:59:59,21380875814;27763088537;27763088040;21380891508,"C=GB, O=Sectigo Limited, CN=Sectigo Public Server Authentication CA OV R36"
tecs.cbp.dhs.gov,No,Yes,4,1,2025-09-30T00:00:00,2027-01-21T23:59:59,21380875814;27763088537;27763088040;21380891508,"C=GB, O=Sectigo Limited, CN=Sectigo Public Server Authentication CA OV R36"
tecsedu.cbp.dhs.gov,No,Yes,4,1,2025-09-30T00:00:00,2027-01-21T23:59:59,21380875814;27763088537;27763088040;21380891508,"C=GB, O=Sectigo Limited, CN=Sectigo Public Server Authentication CA OV R36"
test-cdp.ctas.dhs.gov,No,Yes,2,1,2025-09-24T00:00:00,2026-09-30T23:59:59,21544296190;21253314307,"C=US, O=DigiCert Inc, CN=DigiCert Global G2 TLS RSA SHA256 2020 CA1"
test-clientauth.cbp.dhs.gov,Yes,Yes,2,1,2025-10-15T00:00:00,2026-10-15T23:59:59,21737979271;21737995365,"C=GB, O=Sectigo Limited, CN=Sectigo Public Server Authentication CA OV R36"
test-ctas.dhs.gov,No,Yes,2,1,2025-09-24T00:00:00,2026-09-30T23:59:59,21544296190;21253314307,"C=US, O=DigiCert Inc, CN=DigiCert Global G2 TLS RSA SHA256 2020 CA1"
test-kunal.cbp.dhs.gov,Yes,Yes,2,1,2026-06-12T00:00:00,2026-12-27T23:59:59,27124104852;27128815169,"C=GB, O=Sectigo Limited, CN=Sectigo Public Server Authentication CA OV R36"
test.dtect.dhs.gov,No,Yes,6,2,2026-02-24T00:00:00,2027-03-24T23:59:59,28143274450;24619835048;29282552269;24619836448;28143276662;29282551993,"C=GB, O=Sectigo Limited, CN=Sectigo Public Server Authentication CA DV R36;C=CA, O=Entrust Limited, CN=Entrust EV TLS Issuing RSA CA 2"
testint-dhsprecheck.dhs.gov,No,Yes,6,1,2025-12-15T00:00:00,2026-12-16T23:59:59,28134734297;23135749947;23136892758;28358455704;28301334213;28301367950,"C=US, O=DigiCert Inc, OU=www.digicert.com, CN=GeoTrust TLS RSA CA G1"
testint-go.dhs.gov,No,Yes,2,2,2026-07-18T00:00:00,2027-02-01T23:59:59,28025350782;28025943412,"C=US, O=DigiCert Inc, CN=DigiCert Global G3 TLS ECC SHA384 2020 CA1;C=US, O=DigiCert Inc, CN=DigiCert Global G2 TLS RSA SHA256 2020 CA1"
testint-media.dhs.gov,No,Yes,5,1,2025-10-30T00:00:00,2027-03-19T23:59:59,22108504452;27765274771;28297863046;29217158459;24470737158,"C=US, O=DigiCert Inc, OU=www.digicert.com, CN=GeoTrust TLS RSA CA G1"
testint-ohss.dhs.gov,No,Yes,2,2,2026-07-18T00:00:00,2027-02-01T23:59:59,28025350782;28025943412,"C=US, O=DigiCert Inc, CN=DigiCert Global G3 TLS ECC SHA384 2020 CA1;C=US, O=DigiCert Inc, CN=DigiCert Global G2 TLS RSA SHA256 2020 CA1"
testint-oig.dhs.gov,No,Yes,5,1,2025-10-30T00:00:00,2027-03-19T23:59:59,22108504452;27765274771;28297863046;29217158459;24470737158,"C=US, O=DigiCert Inc, OU=www.digicert.com, CN=GeoTrust TLS RSA CA G1"
testint-sear.dhs.gov,No,Yes,6,2,2026-07-25T00:00:00,2027-03-03T23:59:59,28958806542;28224634433;28224799316;28835462722;28774375760;28835430188,"C=US, O=DigiCert Inc, CN=DigiCert Global G3 TLS ECC SHA384 2020 CA1;C=US, O=DigiCert Inc, CN=DigiCert Global G2 TLS RSA SHA256 2020 CA1"
testint-studyinthestates.dhs.gov,No,Yes,6,1,2025-12-15T00:00:00,2026-12-16T23:59:59,28134734297;23135749947;23136892758;28358455704;28301334213;28301367950,"C=US, O=DigiCert Inc, OU=www.digicert.com, CN=GeoTrust TLS RSA CA G1"
testint.dhs.gov,No,Yes,6,1,2025-12-15T00:00:00,2026-12-16T23:59:59,28134734297;23135749947;23136892758;28358455704;28301334213;28301367950,"C=US, O=DigiCert Inc, OU=www.digicert.com, CN=GeoTrust TLS RSA CA G1"
testint.hsin.dhs.gov,No,Yes,2,2,2026-07-18T00:00:00,2027-02-01T23:59:59,28025350782;28025943412,"C=US, O=DigiCert Inc, CN=DigiCert Global G3 TLS ECC SHA384 2020 CA1;C=US, O=DigiCert Inc, CN=DigiCert Global G2 TLS RSA SHA256 2020 CA1"
testintd8.dhs.gov,No,Yes,6,1,2025-12-15T00:00:00,2026-12-16T23:59:59,28134734297;23135749947;23136892758;28358455704;28301334213;28301367950,"C=US, O=DigiCert Inc, OU=www.digicert.com, CN=GeoTrust TLS RSA CA G1"
testprism.dhs.gov,Yes,Yes,9,4,2026-07-31T19:16:39,2026-10-29T20:33:25,28417635819;28417173099;28417198098;28417182989;28417239134;28417211382;28417189280;28417634675;28489367711,"C=US, O=Google Trust Services, CN=WR1;C=US, O=Let's Encrypt, CN=YR2;C=US, O=Let's Encrypt, CN=YE1;C=US, O=Google Trust Services, CN=WE1"
tfmglobal-sat.cbp.dhs.gov,Yes,Yes,21,3,2026-02-09T00:00:00,2027-03-21T23:59:59,28292263730;26827910261;26827891567;28150820500;29434558352;28298558306;29256829452;24274179177;28292223364;25339704212;29256829389;28150757359;25311199298;25522372638;26827912771;24805020696;25313011763;24274056928;25865556717;28298620541;28298507564,"C=US, O=DigiCert Inc, CN=DigiCert Global G3 TLS ECC SHA384 2020 CA1;C=GB, O=Sectigo Limited, CN=Sectigo Public Server Authentication CA OV R36;C=US, O=DigiCert Inc, CN=DigiCert Global G2 TLS RSA SHA256 2020 CA1"
tfmglobal.cbp.dhs.gov,Yes,Yes,21,3,2026-02-09T00:00:00,2027-03-21T23:59:59,28292263730;26827910261;26827891567;28150820500;29434558352;28298558306;29256801654;29256801978;24274179177;28292223364;25339704212;28150757359;25311199298;25522372638;26827912771;24805020696;25313011763;24274056928;25865556717;28298620541;28298507564,"C=US, O=DigiCert Inc, CN=DigiCert Global G3 TLS ECC SHA384 2020 CA1;C=GB, O=Sectigo Limited, CN=Sectigo Public Server Authentication CA OV R36;C=US, O=DigiCert Inc, CN=DigiCert Global G2 TLS RSA SHA256 2020 CA1"
tips-servicenow.tsa.dhs.gov,Yes,Yes,2,1,2026-07-02T17:40:07,2026-09-30T17:40:06,27648729588;27648723862,"C=US, O=Let's Encrypt, CN=YR2"
tips.uscis.dhs.gov,Yes,Yes,4,2,2026-08-07T18:52:06,2026-11-05T18:52:24,28627792981;28628423494;28628423604;28627772205,"C=US, O=SSL Corporation, CN=Cloudflare TLS Issuing RSA CA 3;C=US, O=SSL Corporation, CN=Cloudflare TLS Issuing ECC CA 3"
tnwg01a-v2124.ad.cbp.dhs.gov,Yes,Yes,4,1,2026-01-22T00:00:00,2027-01-22T23:59:59,23917495199;23917534456;23917534030;23917495365,"C=GB, O=Sectigo Limited, CN=Sectigo Public Server Authentication CA OV R36"
tnwg01a-v2125.ad.cbp.dhs.gov,Yes,Yes,2,1,2026-01-22T00:00:00,2027-01-22T23:59:59,23917507271;23917507199,"C=GB, O=Sectigo Limited, CN=Sectigo Public Server Authentication CA OV R36"
topsso.tsa.dhs.gov,No,Yes,2,1,2026-08-19T00:00:00,2027-03-05T23:59:59,28857993099;28838313260,"C=GB, O=Sectigo Limited, CN=Sectigo Public Server Authentication CA OV R36"
topum.tsa.dhs.gov,Yes,Yes,2,1,2026-08-19T00:00:00,2027-03-05T23:59:59,28836821154;28858175007,"C=CA, O=Entrust Limited, CN=Entrust OV TLS Issuing RSA CA 2"
tracer-cop-dev.cwmd.dhs.gov,No,Yes,2,1,2026-02-24T00:00:00,2027-02-24T23:59:59,24619835048;24619836448,"C=GB, O=Sectigo Limited, CN=Sectigo Public Server Authentication CA DV R36"
tracer-dev.cwmd.dhs.gov,No,Yes,2,1,2026-02-24T00:00:00,2027-02-24T23:59:59,24619835048;24619836448,"C=GB, O=Sectigo Limited, CN=Sectigo Public Server Authentication CA DV R36"
trade-test.cbp.dhs.gov,Yes,Yes,2,1,2026-07-10T00:00:00,2027-01-24T23:59:59,27831794451;27831792849,"C=GB, O=Sectigo Limited, CN=Sectigo Public Server Authentication CA OV R36"
trade.cbp.dhs.gov,Yes,Yes,2,1,2026-07-22T00:00:00,2027-02-05T23:59:59,28156579261;28156577558,"C=GB, O=Sectigo Limited, CN=Sectigo Public Server Authentication CA OV R36"
transfer.st.dhs.gov,Yes,Yes,3,1,2025-12-26T20:07:25,2027-01-27T20:07:25,28855494660;23385974915;23588249048,"C=US, ST=Arizona, L=Scottsdale, O=""GoDaddy.com, Inc."", OU=http://certs.godaddy.com/repository/, CN=Go Daddy Secure Certificate Authority - G2"
trip.dhs.gov,Yes,Yes,2,1,2026-06-05T00:00:00,2026-12-20T23:59:59,26922799537;26922841672,"C=CA, O=Entrust Limited, CN=Entrust OV TLS Issuing RSA CA 2"
tripwire.dhs.gov,No,Yes,11,2,2026-02-09T00:00:00,2027-02-08T23:59:59,26827910261;24274179177;26827912771;24805020696;26827891567;25313011763;24274056928;25339704212;25311199298;25865556717;25522372638,"C=US, O=DigiCert Inc, CN=DigiCert Global G3 TLS ECC SHA384 2020 CA1;C=US, O=DigiCert Inc, CN=DigiCert Global G2 TLS RSA SHA256 2020 CA1"
tsa.dhs.gov,No,Yes,2,1,2026-08-12T00:00:00,2027-02-26T23:59:59,28771192441;28770931542,"C=CA, O=Entrust Limited, CN=Entrust OV TLS Issuing RSA CA 2"
tsaapps-ite.tsa.dhs.gov,Yes,Yes,2,1,2026-07-24T00:00:00,2027-02-07T23:59:59,28216334812;28216332123,"C=CA, O=Entrust Limited, CN=Entrust OV TLS Issuing RSA CA 2"
tsaapps.tsa.dhs.gov,Yes,Yes,2,1,2026-08-19T00:00:00,2027-03-05T23:59:59,28838468737;28858184757,"C=CA, O=Entrust Limited, CN=Entrust OV TLS Issuing RSA CA 2"
tsaec.tsa.dhs.gov,Yes,Yes,2,1,2026-07-20T19:33:58,2026-10-18T19:33:57,28103178706;28103181176,"C=US, O=Let's Encrypt, CN=YR1"
tsaenrollmentbyidemia.tsa.dhs.gov,Yes,Yes,2,1,2026-07-09T00:00:00,2027-01-23T23:59:59,27811937098;27811933829,"C=CA, O=Entrust Limited, CN=Entrust OV TLS Issuing RSA CA 2"
tsafidds.tsa.dhs.gov,Yes,Yes,2,1,2026-07-16T00:00:00,2027-01-30T23:59:59,27991974680;27991972616,"C=CA, O=Entrust Limited, CN=Entrust OV TLS Issuing RSA CA 2"
tsaprecheckbyclear-dev.tsa.dhs.gov,Yes,Yes,2,1,2026-07-09T00:00:00,2027-01-23T23:59:59,27814021569;27814019240,"C=CA, O=Entrust Limited, CN=Entrust OV TLS Issuing RSA CA 2"
tsaprecheckbyclear-uat.tsa.dhs.gov,Yes,Yes,2,1,2026-07-09T00:00:00,2027-01-23T23:59:59,27814382840;27814380914,"C=CA, O=Entrust Limited, CN=Entrust OV TLS Issuing RSA CA 2"
tsaprecheckbyclear.tsa.dhs.gov,Yes,Yes,2,1,2026-07-09T00:00:00,2027-01-23T23:59:59,27813808730;27813810568,"C=CA, O=Entrust Limited, CN=Entrust OV TLS Issuing RSA CA 2"
tsaprecheckbytelos.tsa.dhs.gov,Yes,Yes,2,1,2026-06-22T00:00:00,2027-01-06T23:59:59,27404473158;27404474327,"C=CA, O=Entrust Limited, CN=Entrust OV TLS Issuing RSA CA 2"
tsatouchlessid-dev.tsa.dhs.gov,Yes,Yes,2,1,2026-04-03T00:00:00,2026-10-18T23:59:59,25411632475;25352618309,"C=GB, O=Sectigo Limited, CN=Sectigo Public Server Authentication CA OV R36"
tsatouchlessid-stg.tsa.dhs.gov,Yes,Yes,2,1,2026-04-03T00:00:00,2026-10-18T23:59:59,25442744838;25367367902,"C=GB, O=Sectigo Limited, CN=Sectigo Public Server Authentication CA OV R36"
tsatouchlessid.tsa.dhs.gov,Yes,Yes,2,1,2026-04-03T00:00:00,2026-10-18T23:59:59,25377231536;25443065969,"C=GB, O=Sectigo Limited, CN=Sectigo Public Server Authentication CA OV R36"
tsauc.tsa.dhs.gov,Yes,Yes,2,1,2026-04-28T00:00:00,2026-11-12T23:59:59,25885045705;26083354196,"C=CA, O=Entrust Limited, CN=Entrust OV TLS Issuing RSA CA 2"
tstextsoa.fsms.dhs.gov,Yes,Yes,5,2,2026-08-03T15:56:07,2026-11-01T17:07:35,28503345802;28502379349;28500241972;28979709488;28500703980,"C=US, O=Google Trust Services, CN=WR1;C=US, O=Google Trust Services, CN=WE1"
tticodesigning-dev.tsa.dhs.gov,Yes,Yes,2,1,2026-06-02T00:00:00,2026-12-17T23:59:59,26827492971;26827455236,"C=CA, O=Entrust Limited, CN=Entrust OV TLS Issuing RSA CA 2"
tticodesigning-stg.tsa.dhs.gov,Yes,Yes,2,1,2026-06-02T00:00:00,2026-12-17T23:59:59,26829762224;26829793971,"C=CA, O=Entrust Limited, CN=Entrust OV TLS Issuing RSA CA 2"
tticodesigning.tsa.dhs.gov,Yes,Yes,2,1,2026-06-02T00:00:00,2026-12-17T23:59:59,26827816985;26827852459,"C=CA, O=Entrust Limited, CN=Entrust OV TLS Issuing RSA CA 2"
ttp.cbp.dhs.gov,No,Yes,18,2,2025-10-21T00:00:00,2027-03-11T23:59:59,21885448362;29007657589;28224716222;28298214900;28134836837;28349364787;27237210951;28321147708;28321110926;27237165596;29060126245;29024652865;28134987148;29457528286;28359262931;27962609909;28660997090;21974683208,"C=US, O=DigiCert Inc, OU=www.digicert.com, CN=GeoTrust TLS RSA CA G1;C=GB, O=Sectigo Limited, CN=Sectigo Public Server Authentication CA OV R36"
ttp.dhs.gov,No,Yes,18,2,2025-10-21T00:00:00,2027-03-11T23:59:59,21885448362;29007657589;28224716222;28298214900;28134836837;28349364787;27237210951;28321147708;28321110926;27237165596;29060126245;29024652865;28134987148;29457528286;28359262931;27962609909;28660997090;21974683208,"C=US, O=DigiCert Inc, OU=www.digicert.com, CN=GeoTrust TLS RSA CA G1;C=GB, O=Sectigo Limited, CN=Sectigo Public Server Authentication CA OV R36"
ttpglobal-sat.cbp.dhs.gov,Yes,Yes,21,3,2026-02-09T00:00:00,2027-03-21T23:59:59,28292263730;26827910261;26827891567;29256833829;28150820500;29434558352;29256833642;28298558306;24274179177;28292223364;25339704212;28150757359;25311199298;25522372638;26827912771;24805020696;25313011763;24274056928;25865556717;28298620541;28298507564,"C=US, O=DigiCert Inc, CN=DigiCert Global G3 TLS ECC SHA384 2020 CA1;C=GB, O=Sectigo Limited, CN=Sectigo Public Server Authentication CA OV R36;C=US, O=DigiCert Inc, CN=DigiCert Global G2 TLS RSA SHA256 2020 CA1"
ttpglobal.cbp.dhs.gov,Yes,Yes,21,3,2026-02-09T00:00:00,2027-03-21T23:59:59,28292263730;26827910261;26827891567;28150820500;29434558352;28298558306;24274179177;28292223364;29256830694;25339704212;28150757359;25311199298;25522372638;26827912771;24805020696;25313011763;24274056928;25865556717;28298620541;28298507564;29256831141,"C=US, O=DigiCert Inc, CN=DigiCert Global G3 TLS ECC SHA384 2020 CA1;C=GB, O=Sectigo Limited, CN=Sectigo Public Server Authentication CA OV R36;C=US, O=DigiCert Inc, CN=DigiCert Global G2 TLS RSA SHA256 2020 CA1"
tvp.tsa.dhs.gov,Yes,Yes,2,1,2026-04-29T00:00:00,2026-11-13T23:59:59,26096398401;25911520682,"C=CA, O=Entrust Limited, CN=Entrust OV TLS Issuing RSA CA 2"
uat-my.uscis.dhs.gov,No,Yes,2,1,2025-12-18T00:00:00,2027-01-18T23:59:59,24145937108;23203289024,"C=US, O=DigiCert Inc, CN=DigiCert Global G2 TLS RSA SHA256 2020 CA1"
uat.cisa.dhs.gov,Yes,Yes,4,2,2026-07-04T14:43:16,2026-11-30T15:56:59,29232591560;27690277927;27690317577;29232599351,"C=US, O=Google Trust Services, CN=WR1;C=US, O=Google Trust Services, CN=WE1"
uatextsoa.fsms.dhs.gov,Yes,Yes,10,4,2026-07-27T21:35:16,2026-11-24T05:33:53,29100196160;29185628625;28303443167;28579295294;29070108530;28303660136;28303473394;28579292936;28593191755;28303650785,"C=US, O=Let's Encrypt, CN=YE2;C=US, O=Let's Encrypt, CN=YR1;C=US, O=Google Trust Services, CN=WR1;C=US, O=Google Trust Services, CN=WE1"
uatmdm.dhs.gov,No,Yes,1,1,2026-08-04T00:00:00,2027-02-18T23:59:59,28536663684,"C=US, O=DigiCert Inc, CN=DigiCert Global G2 TLS RSA SHA256 2020 CA1"
ucp.tsa.dhs.gov,Yes,Yes,2,1,2026-05-28T00:00:00,2026-12-12T23:59:59,26707396515;26707424261,"C=CA, O=Entrust Limited, CN=Entrust OV TLS Issuing RSA CA 2"
ugv.cbp.dhs.gov,No,Yes,8,3,2026-04-16T00:00:00,2027-03-03T23:59:59,28958806542;25927754898;25565400172;28224634433;28224799316;28835462722;28774375760;28835430188,"C=US, O=DigiCert Inc, CN=DigiCert Global G3 TLS ECC SHA384 2020 CA1;C=GB, O=Sectigo Limited, CN=Sectigo Public Server Authentication CA OV R36;C=US, O=DigiCert Inc, CN=DigiCert Global G2 TLS RSA SHA256 2020 CA1"
unitrac.amoc.cbp.dhs.gov,No,Yes,2,1,2026-06-25T00:00:00,2027-01-09T23:59:59,27465731316;27465732727,"C=GB, O=Sectigo Limited, CN=Sectigo Public Server Authentication CA OV R36"
uscis-gp.dhs.gov,Yes,Yes,7,4,2026-07-03T04:27:42,2026-11-29T08:33:19,28829596836;28845209709;28831863073;27659414501;27659417625;29195240460;28825007610,"C=US, O=Google Trust Services, CN=WR1;C=US, O=Let's Encrypt, CN=YR2;C=US, O=Let's Encrypt, CN=YE1;C=US, O=Google Trust Services, CN=WE1"
uscis-uc-exp-e-cluster.uscis.dhs.gov,Yes,Yes,1,1,2026-05-11T00:00:00,2026-11-25T23:59:59,26253476875,"C=US, O=DigiCert Inc, CN=DigiCert Global G2 TLS RSA SHA256 2020 CA1"
uvi.dhs.gov,No,Yes,25,2,2026-04-18T00:00:00,2027-03-25T23:59:59,28558825009;28350086258;27933743634;29293564950;28495833979;26916527129;29442667731;27397153120;26157198216;28799232251;28356771661;28350768012;25562446938;29304041244;28350138323;27483798157;28796100160;28799248623;26916504600;27483761151;28558764200;29304057979;28350034131;25562479521;28356729871,"C=US, O=DigiCert Inc, CN=DigiCert Global G3 TLS ECC SHA384 2020 CA1;C=US, O=DigiCert Inc, CN=DigiCert Global G2 TLS RSA SHA256 2020 CA1"
venafi-test.tsa.dhs.gov,Yes,Yes,2,1,2026-09-04T00:00:00,2027-03-21T23:59:59,29258458802;29239900945,"C=CA, O=Entrust Limited, CN=Entrust OV TLS Issuing RSA CA 2"
vgw-1.video.fema.dhs.gov,No,Yes,1,1,2026-06-24T00:00:00,2027-01-08T23:59:59,27453689571,"C=US, O=DigiCert Inc, CN=DigiCert EV RSA CA G2"
vgw-2.video.fema.dhs.gov,No,Yes,1,1,2026-06-24T00:00:00,2027-01-08T23:59:59,27453689571,"C=US, O=DigiCert Inc, CN=DigiCert EV RSA CA G2"
video.fema.dhs.gov,Yes,Yes,1,1,2026-06-24T00:00:00,2027-01-08T23:59:59,27453689571,"C=US, O=DigiCert Inc, CN=DigiCert EV RSA CA G2"
video.tsa.dhs.gov,Yes,Yes,2,1,2026-08-12T00:00:00,2027-02-26T23:59:59,28771192441;28770931542,"C=CA, O=Entrust Limited, CN=Entrust OV TLS Issuing RSA CA 2"
vine.dhs.gov,Yes,Yes,1,1,2025-12-22T00:00:00,2027-01-20T23:59:59,23302025807,"C=US, O=DigiCert Inc, CN=DigiCert Global G2 TLS RSA SHA256 2020 CA1"
vinelink-prep.dhs.gov,No,Yes,1,1,2025-12-22T00:00:00,2027-01-20T23:59:59,23302025807,"C=US, O=DigiCert Inc, CN=DigiCert Global G2 TLS RSA SHA256 2020 CA1"
vinelink.dhs.gov,No,Yes,1,1,2025-12-22T00:00:00,2027-01-20T23:59:59,23302025807,"C=US, O=DigiCert Inc, CN=DigiCert Global G2 TLS RSA SHA256 2020 CA1"
vinewatch-prep.dhs.gov,No,Yes,1,1,2025-12-22T00:00:00,2027-01-20T23:59:59,23302025807,"C=US, O=DigiCert Inc, CN=DigiCert Global G2 TLS RSA SHA256 2020 CA1"
vinewatch.dhs.gov,No,Yes,1,1,2025-12-22T00:00:00,2027-01-20T23:59:59,23302025807,"C=US, O=DigiCert Inc, CN=DigiCert Global G2 TLS RSA SHA256 2020 CA1"
visit.dhs.gov,No,Yes,6,2,2026-08-14T00:00:00,2027-03-25T23:59:59,29293564950;28799232251;29442667731;29304057979;28799248623;29304041244,"C=US, O=DigiCert Inc, CN=DigiCert Global G3 TLS ECC SHA384 2020 CA1;C=US, O=DigiCert Inc, CN=DigiCert Global G2 TLS RSA SHA256 2020 CA1"
visitorpass-obt.tsa.dhs.gov,No,Yes,2,1,2025-11-07T00:00:00,2026-12-08T23:59:59,22287573755;22287617608,"C=CA, O=Entrust Limited, CN=Entrust OV TLS Issuing RSA CA 2"
visitorpass-obt.tsa.gov,Yes,No,2,1,2025-11-07T00:00:00,2026-12-08T23:59:59,22287573755;22287617608,"C=CA, O=Entrust Limited, CN=Entrust OV TLS Issuing RSA CA 2"
visitorpass.tsa.dhs.gov,No,Yes,4,1,2025-09-30T00:00:00,2026-11-01T23:59:59,21380300339;21380318999;21396707359;21396722881,"C=CA, O=Entrust Limited, CN=Entrust OV TLS Issuing RSA CA 2"
visitorpass.tsa.gov,Yes,No,4,1,2025-09-30T00:00:00,2026-11-01T23:59:59,21380300339;21380318999;21396707359;21396722881,"C=CA, O=Entrust Limited, CN=Entrust OV TLS Issuing RSA CA 2"
visitstelizabeths.dhs.gov,Yes,Yes,1,1,2026-08-31T00:00:00,2027-03-17T23:59:59,29195381135,"C=US, O=DigiCert Inc, CN=DigiCert Global G2 TLS RSA SHA256 2020 CA1"
visittest.dhs.gov,No,Yes,6,2,2026-08-14T00:00:00,2027-03-25T23:59:59,29293564950;28799232251;29442667731;29304057979;28799248623;29304041244,"C=US, O=DigiCert Inc, CN=DigiCert Global G3 TLS ECC SHA384 2020 CA1;C=US, O=DigiCert Inc, CN=DigiCert Global G2 TLS RSA SHA256 2020 CA1"
visualize-wcms.dhs.gov,No,Yes,6,1,2025-12-15T00:00:00,2026-12-16T23:59:59,28134734297;23135749947;23136892758;28358455704;28301334213;28301367950,"C=US, O=DigiCert Inc, OU=www.digicert.com, CN=GeoTrust TLS RSA CA G1"
vms.tsa.dhs.gov,Yes,Yes,2,1,2026-05-26T00:00:00,2026-12-10T23:59:59,26662682807;26662656394,"C=GB, O=Sectigo Limited, CN=Sectigo Public Server Authentication CA OV R36"
vpn.cool.cyber.dhs.gov,Yes,Yes,2,1,2026-07-09T11:43:39,2026-10-07T11:43:38,27806049683;27806044310,"C=US, O=Let's Encrypt, CN=YR1"
vpn.denver.tsa.dhs.gov,Yes,Yes,10,6,2025-11-13T00:00:00,2026-12-14T23:59:59,22441786705;28107898209;28107888718;28579361600;28107882915;28582067937;28107888290;22441796179;22442041054;22441994567,"C=US, O=Let's Encrypt, CN=YE2;C=CA, O=Entrust Limited, CN=Entrust OV TLS Issuing RSA CA 2;C=US, O=Let's Encrypt, CN=YR2;C=US, O=Google Trust Services, CN=WE1;C=CA, O=Entrust Limited, CN=Entrust DV TLS Issuing RSA CA 2;C=US, O=Google Trust Services, CN=WR1"
vpn.dev-a.cool.cyber.dhs.gov,Yes,Yes,2,1,2026-08-11T13:09:36,2026-11-09T13:09:35,28741826896;28741833524,"C=US, O=Let's Encrypt, CN=YR2"
vpn.lgce.tsa.dhs.gov,No,Yes,2,1,2026-05-20T00:00:00,2026-12-04T23:59:59,26498765601;26498814019,"C=CA, O=Entrust Limited, CN=Entrust OV TLS Issuing RSA CA 2"
vpn.staging-a.cool.cyber.dhs.gov,Yes,Yes,2,1,2026-07-22T10:55:56,2026-10-20T10:55:55,28151753618;28151746606,"C=US, O=Let's Encrypt, CN=YR1"
vpn1.lgce.tsa.dhs.gov,No,Yes,2,1,2026-05-20T00:00:00,2026-12-04T23:59:59,26498765601;26498814019,"C=CA, O=Entrust Limited, CN=Entrust OV TLS Issuing RSA CA 2"
vpn2.lgce.tsa.dhs.gov,No,Yes,2,1,2026-05-20T00:00:00,2026-12-04T23:59:59,26498765601;26498814019,"C=CA, O=Entrust Limited, CN=Entrust OV TLS Issuing RSA CA 2"
vpn3.lgce.tsa.dhs.gov,No,Yes,2,1,2026-05-20T00:00:00,2026-12-04T23:59:59,26498765601;26498814019,"C=CA, O=Entrust Limited, CN=Entrust OV TLS Issuing RSA CA 2"
vpn4.lgce.tsa.dhs.gov,No,Yes,2,1,2026-05-20T00:00:00,2026-12-04T23:59:59,26498765601;26498814019,"C=CA, O=Entrust Limited, CN=Entrust OV TLS Issuing RSA CA 2"
w1iprexi004.irmnet.ds2.dhs.gov,No,Yes,2,1,2025-12-08T14:58:08,2026-12-08T18:46:44,22981506140;22985252154,"C=US, ST=Arizona, L=Scottsdale, O=""GoDaddy.com, Inc."", OU=http://certs.godaddy.com/repository/, CN=Go Daddy Secure Certificate Authority - G2"
wcmaas.dhs.gov,No,Yes,5,1,2025-12-28T00:00:00,2027-01-05T23:59:59,28567785804;23407564939;24468746892;29196549822;28739390507,"C=US, O=DigiCert Inc, OU=www.digicert.com, CN=GeoTrust TLS RSA CA G1"
wcms-demo.dhs.gov,No,Yes,6,1,2025-12-15T00:00:00,2026-12-16T23:59:59,28134734297;23135749947;23136892758;28358455704;28301334213;28301367950,"C=US, O=DigiCert Inc, OU=www.digicert.com, CN=GeoTrust TLS RSA CA G1"
wcms-preview.dhs.gov,No,Yes,6,1,2025-12-15T00:00:00,2026-12-16T23:59:59,28134734297;23135749947;23136892758;28358455704;28301334213;28301367950,"C=US, O=DigiCert Inc, OU=www.digicert.com, CN=GeoTrust TLS RSA CA G1"
wcms-staging.dhs.gov,No,Yes,6,1,2025-12-15T00:00:00,2026-12-16T23:59:59,28134734297;23135749947;23136892758;28358455704;28301334213;28301367950,"C=US, O=DigiCert Inc, OU=www.digicert.com, CN=GeoTrust TLS RSA CA G1"
wcms-testint.dhs.gov,No,Yes,6,1,2025-12-15T00:00:00,2026-12-16T23:59:59,28134734297;23135749947;23136892758;28358455704;28301334213;28301367950,"C=US, O=DigiCert Inc, OU=www.digicert.com, CN=GeoTrust TLS RSA CA G1"
wcmsstg1-demo.dhs.gov,No,Yes,6,1,2025-12-15T00:00:00,2026-12-16T23:59:59,28134734297;23135749947;23136892758;28358455704;28301334213;28301367950,"C=US, O=DigiCert Inc, OU=www.digicert.com, CN=GeoTrust TLS RSA CA G1"
webamoss.cbp.dhs.gov,No,Yes,4,3,2025-10-23T00:00:00,2026-11-29T23:59:59,26337853185;26337930837;21946218883;21946252362,"C=US, O=DigiCert Inc, CN=DigiCert Global G3 TLS ECC SHA384 2020 CA1;C=GB, O=Sectigo Limited, CN=Sectigo Public Server Authentication CA OV R36;C=US, O=DigiCert Inc, CN=DigiCert Global G2 TLS RSA SHA256 2020 CA1"
webapp.techflow-guru.tsa.dhs.gov,Yes,Yes,2,1,2026-09-04T00:00:00,2027-03-21T23:59:59,29256186052;29256185768,"C=GB, O=Sectigo Limited, CN=Sectigo Public Server Authentication CA OV R36"
webappqa.techflow-guru.tsa.dhs.gov,Yes,Yes,2,1,2026-07-06T00:00:00,2027-01-20T23:59:59,27737422783;27737417687,"C=CA, O=Entrust Limited, CN=Entrust OV TLS Issuing RSA CA 2"
webappstaging.techflow-guru.tsa.dhs.gov,No,Yes,2,1,2026-07-06T00:00:00,2027-01-20T23:59:59,27737422783;27737417687,"C=CA, O=Entrust Limited, CN=Entrust OV TLS Issuing RSA CA 2"
webhook-okta.cbp.dhs.gov,No,Yes,2,1,2026-06-16T00:00:00,2026-12-31T23:59:59,27239586809;27239659397,"C=GB, O=Sectigo Limited, CN=Sectigo Public Server Authentication CA EV R36"
webreact-qa.techflow-guru.tsa.dhs.gov,No,Yes,2,1,2026-07-06T00:00:00,2027-01-20T23:59:59,27737422783;27737417687,"C=CA, O=Entrust Limited, CN=Entrust OV TLS Issuing RSA CA 2"
webreact-staging.techflow-guru.tsa.dhs.gov,No,Yes,2,1,2026-07-06T00:00:00,2027-01-20T23:59:59,27737422783;27737417687,"C=CA, O=Entrust Limited, CN=Entrust OV TLS Issuing RSA CA 2"
wow.dhs.gov,No,Yes,25,2,2026-04-18T00:00:00,2027-03-25T23:59:59,28558825009;28350086258;27933743634;29293564950;28495833979;26916527129;29442667731;27397153120;26157198216;28799232251;28356771661;28350768012;25562446938;29304041244;28350138323;27483798157;28796100160;28799248623;26916504600;27483761151;28558764200;29304057979;28350034131;25562479521;28356729871,"C=US, O=DigiCert Inc, CN=DigiCert Global G3 TLS ECC SHA384 2020 CA1;C=US, O=DigiCert Inc, CN=DigiCert Global G2 TLS RSA SHA256 2020 CA1"
www.AWTLR.DHS.GOV,No,Yes,1,1,2026-08-04T00:00:00,2027-02-18T23:59:59,28536663684,"C=US, O=DigiCert Inc, CN=DigiCert Global G2 TLS RSA SHA256 2020 CA1"
www.MDM.DHS.GOV,No,Yes,1,1,2026-08-21T00:00:00,2027-03-07T23:59:59,28893118701,"C=US, O=DigiCert Inc, CN=DigiCert EV RSA CA G2"
www.ace.cbp.dhs.gov,No,Yes,2,1,2026-08-19T00:00:00,2027-03-05T23:59:59,28837743987;28857124349,"C=GB, O=Sectigo Limited, CN=Sectigo Public Server Authentication CA OV R36"
www.ace.crt.tnc.ace.cbp.dhs.gov,No,Yes,4,1,2025-09-29T00:00:00,2027-03-31T23:59:59,21352444826;29420993094;21352473290;29420992934,"C=GB, O=Sectigo Limited, CN=Sectigo Public Server Authentication CA OV R36"
www.adfs.cbp.dhs.gov,No,Yes,2,1,2026-04-24T00:00:00,2026-11-08T23:59:59,25743471303;26033681515,"C=GB, O=Sectigo Limited, CN=Sectigo Public Server Authentication CA OV R36"
www.adfs.ice.dhs.gov,No,Yes,2,1,2025-12-08T16:55:33,2026-12-10T16:21:57,22983473529;23035949492,"C=US, ST=Arizona, L=Scottsdale, O=""GoDaddy.com, Inc."", OU=http://certs.godaddy.com/repository/, CN=Go Daddy Secure Certificate Authority - G2"
www.amoc-access1.amoc.cbp.dhs.gov,No,Yes,2,1,2026-04-28T00:00:00,2026-11-12T23:59:59,25882208097;26082057507,"C=GB, O=Sectigo Limited, CN=Sectigo Public Server Authentication CA OV R36"
www.amoc-access2.amoc.cbp.dhs.gov,No,Yes,2,1,2026-04-28T00:00:00,2026-11-12T23:59:59,26082068246;25882209267,"C=GB, O=Sectigo Limited, CN=Sectigo Public Server Authentication CA OV R36"
www.analytics-uip.cbp.dhs.gov,No,Yes,2,1,2026-08-13T00:00:00,2027-02-27T23:59:59,28784627904;28780085637,"C=GB, O=Sectigo Limited, CN=Sectigo Public Server Authentication CA OV R36"
www.api-cuascop-dev.cbp.dhs.gov,No,Yes,6,1,2026-03-20T00:00:00,2026-10-04T23:59:59,25121499564;25121484652;25121434636;25121397484;25121435488;25121380062,"C=GB, O=Sectigo Limited, CN=Sectigo Public Server Authentication CA OV R36"
www.api-cuascop.cbp.dhs.gov,No,Yes,2,1,2026-04-14T00:00:00,2026-10-29T23:59:59,25598991486;25539497998,"C=GB, O=Sectigo Limited, CN=Sectigo Public Server Authentication CA OV R36"
www.api-devl.cbp.dhs.gov,No,Yes,2,1,2026-08-31T00:00:00,2027-03-17T23:59:59,29203849162;29204100603,"C=GB, O=Sectigo Limited, CN=Sectigo Public Server Authentication CA OV R36"
www.api-ng.cbp.dhs.gov,No,Yes,2,1,2026-09-08T00:00:00,2027-03-25T23:59:59,29294694979;29294695047,"C=GB, O=Sectigo Limited, CN=Sectigo Public Server Authentication CA OV R36"
www.api-sat.cbp.dhs.gov,No,Yes,2,1,2026-08-31T00:00:00,2027-03-17T23:59:59,29204101013;29203855665,"C=GB, O=Sectigo Limited, CN=Sectigo Public Server Authentication CA OV R36"
www.bdsp.cbp.dhs.gov,No,Yes,2,1,2026-06-10T00:00:00,2026-12-25T23:59:59,27053173900;27053092425,"C=GB, O=Sectigo Limited, CN=Sectigo Public Server Authentication CA OV R36"
www.bigpipe.cbp.dhs.gov,No,Yes,2,1,2025-12-04T00:00:00,2026-12-04T23:59:59,22893888621;22893888570,"C=GB, O=Sectigo Limited, CN=Sectigo Public Server Authentication CA OV R36"
www.bigpipeapp.cbp.dhs.gov,No,Yes,2,1,2026-08-06T00:00:00,2027-02-20T23:59:59,28591844576;28591836135,"C=GB, O=Sectigo Limited, CN=Sectigo Public Server Authentication CA OV R36"
www.biometrics.cbp.dhs.gov,No,Yes,2,1,2026-08-03T00:00:00,2027-02-17T23:59:59,28495150884;28495156280,"C=GB, O=Sectigo Limited, CN=Sectigo Public Server Authentication CA OV R36"
www.bsve.dhs.gov,No,Yes,6,1,2025-12-24T00:00:00,2027-01-24T23:59:59,23341389169;23341945232;23342390607;23341944516;23341390020;23342389285,"C=CA, O=Entrust Limited, CN=Entrust DV TLS Issuing RSA CA 2"
www.cbp-bigpipe-dev.sat.cbp.dhs.gov,No,Yes,2,1,2026-06-25T00:00:00,2027-01-09T23:59:59,27477577068;27477596907,"C=GB, O=Sectigo Limited, CN=Sectigo Public Server Authentication CA OV R36"
www.cbp-bigpipe.cbp.dhs.gov,No,Yes,2,1,2026-06-04T00:00:00,2026-12-19T23:59:59,26884714444;26884756714,"C=GB, O=Sectigo Limited, CN=Sectigo Public Server Authentication CA OV R36"
www.cbp-guest.cbp.dhs.gov,No,Yes,4,1,2025-10-08T00:00:00,2027-03-25T23:59:59,29287583300;29292135495;21571321936;21571298852,"C=GB, O=Sectigo Limited, CN=Sectigo Public Server Authentication CA OV R36"
www.cbph-sat.cbp.dhs.gov,No,Yes,2,1,2025-10-27T00:00:00,2026-10-27T23:59:59,22040848578;22040863912,"C=GB, O=Sectigo Limited, CN=Sectigo Public Server Authentication CA OV R36"
www.cbph.cbp.dhs.gov,No,Yes,2,1,2025-10-27T00:00:00,2026-10-27T23:59:59,22040863995;22040848495,"C=GB, O=Sectigo Limited, CN=Sectigo Public Server Authentication CA OV R36"
www.cbplink-cert.cbp.dhs.gov,No,Yes,3,1,2026-04-14T00:00:00,2027-04-08T23:59:59,25538891805;25887864415;29518051370,"C=GB, O=Sectigo Limited, CN=Sectigo Public Server Authentication CA OV R36"
www.cbplink.cbp.dhs.gov,No,Yes,3,1,2026-04-15T00:00:00,2027-04-08T23:59:59,25913617955;25554765530;29518049868,"C=GB, O=Sectigo Limited, CN=Sectigo Public Server Authentication CA OV R36"
www.cbpvisitor.cbp.dhs.gov,No,Yes,2,1,2026-08-10T00:00:00,2027-02-24T23:59:59,28709328137;28709322899,"C=GB, O=Sectigo Limited, CN=Sectigo Public Server Authentication CA OV R36"
www.cbpvisitors.cbp.dhs.gov,No,Yes,2,1,2026-08-11T00:00:00,2027-02-25T23:59:59,28740207732;28740208945,"C=GB, O=Sectigo Limited, CN=Sectigo Public Server Authentication CA OV R36"
www.click.cbp.dhs.gov,No,Yes,4,1,2026-05-27T00:00:00,2026-12-11T23:59:59,26686515577;26686563937;26686593455;26686535974,"C=GB, O=Sectigo Limited, CN=Sectigo Public Server Authentication CA OV R36"
www.cyber.st.dhs.gov,No,Yes,5,1,2025-12-28T00:00:00,2027-01-05T23:59:59,28567785804;23407564939;24468746892;29196549822;28739390507,"C=US, O=DigiCert Inc, OU=www.digicert.com, CN=GeoTrust TLS RSA CA G1"
www.dcats.dhs.gov,No,Yes,2,1,2026-08-24T00:00:00,2027-03-10T23:59:59,29003845427;29003849728,"C=CA, O=Entrust Limited, CN=Entrust EV TLS Issuing RSA CA 2"
www.dev-c-e.cbp.dhs.gov,No,Yes,2,1,2026-07-14T00:00:00,2027-01-28T23:59:59,27923158966;27923162692,"C=GB, O=Sectigo Limited, CN=Sectigo Public Server Authentication CA OV R36"
www.dev.biometrics.cbp.dhs.gov,No,Yes,2,1,2026-08-03T00:00:00,2027-02-17T23:59:59,28495150585;28495155284,"C=GB, O=Sectigo Limited, CN=Sectigo Public Server Authentication CA OV R36"
www.dev.dtect.dhs.gov,No,Yes,2,1,2026-07-22T00:00:00,2027-02-05T23:59:59,28143335356;28143337979,"C=CA, O=Entrust Limited, CN=Entrust EV TLS Issuing RSA CA 2"
www.devdcats.dhs.gov,No,Yes,2,1,2026-08-24T00:00:00,2027-03-10T23:59:59,29003817305;29003813284,"C=CA, O=Entrust Limited, CN=Entrust EV TLS Issuing RSA CA 2"
www.dhs.gov,Yes,Yes,16,1,2025-10-21T00:00:00,2027-03-11T23:59:59,21885448362;29007657589;28224716222;28298214900;28134836837;28349364787;28321147708;28321110926;29060126245;29024652865;28134987148;29457528286;28359262931;27962609909;28660997090;21974683208,"C=US, O=DigiCert Inc, OU=www.digicert.com, CN=GeoTrust TLS RSA CA G1"
www.dp-int-exvip1.cbp.dhs.gov,No,Yes,4,1,2025-10-06T00:00:00,2027-03-26T23:59:59,29311224674;21526957985;29311216577;21526976253,"C=GB, O=Sectigo Limited, CN=Sectigo Public Server Authentication CA OV R36"
www.dtect.dhs.gov,No,Yes,2,1,2026-07-22T00:00:00,2027-02-05T23:59:59,28143299097;28143304397,"C=CA, O=Entrust Limited, CN=Entrust EV TLS Issuing RSA CA 2"
www.dtops.cbp.dhs.gov,No,Yes,2,1,2026-07-16T00:00:00,2027-01-30T23:59:59,27990794479;27990791978,"C=GB, O=Sectigo Limited, CN=Sectigo Public Server Authentication CA OV R36"
www.dv035b9f09d34a1e594.cbp.dhs.gov,No,Yes,4,1,2026-01-21T00:00:00,2027-01-21T23:59:59,23898983140;23899389566;23899389959;23898984494,"C=GB, O=Sectigo Limited, CN=Sectigo Public Server Authentication CA OV R36"
www.e.cbp.dhs.gov,No,Yes,2,1,2026-07-20T00:00:00,2027-02-03T23:59:59,28093531386;28093533550,"C=GB, O=Sectigo Limited, CN=Sectigo Public Server Authentication CA OV R36"
www.eapis.cbp.dhs.gov,No,Yes,2,1,2026-08-12T00:00:00,2027-02-26T23:59:59,28770343844;28770548605,"C=GB, O=Sectigo Limited, CN=Sectigo Public Server Authentication CA OV R36"
www.eapisws.cbp.dhs.gov,No,Yes,2,1,2025-10-29T00:00:00,2026-10-29T23:59:59,22089840196;22089852128,"C=GB, O=Sectigo Limited, CN=Sectigo Public Server Authentication CA OV R36"
www.ecats-dev.cbp.dhs.gov,No,Yes,2,1,2026-02-17T00:00:00,2027-02-17T23:59:59,24467182417;24467180397,"C=GB, O=Sectigo Limited, CN=Sectigo Public Server Authentication CA OV R36"
www.encounters-sat.cbp.dhs.gov,No,Yes,2,1,2026-09-08T00:00:00,2027-03-25T23:59:59,29293479900;29290649301,"C=GB, O=Sectigo Limited, CN=Sectigo Public Server Authentication CA OV R36"
www.encounters.cbp.dhs.gov,No,Yes,4,1,2025-09-29T00:00:00,2027-03-25T23:59:59,29293475626;21348442934;21348426158;29290636836,"C=GB, O=Sectigo Limited, CN=Sectigo Public Server Authentication CA OV R36"
www.epet-dev.cbp.dhs.gov,No,Yes,2,1,2026-06-02T00:00:00,2026-12-17T23:59:59,26830596736;26830550976,"C=GB, O=Sectigo Limited, CN=Sectigo Public Server Authentication CA OV R36"
www.epet.cbp.dhs.gov,No,Yes,2,1,2026-06-29T00:00:00,2027-01-13T23:59:59,27575098726;27575099713,"C=GB, O=Sectigo Limited, CN=Sectigo Public Server Authentication CA OV R36"
www.esta.cbp.dhs.gov,No,Yes,2,1,2026-06-29T00:00:00,2027-01-13T23:59:59,27570849114;27570851116,"C=GB, O=Sectigo Limited, CN=Sectigo Public Server Authentication CA OV R36"
www.fincen105.cbp.dhs.gov,No,Yes,2,1,2026-06-22T00:00:00,2027-01-06T23:59:59,27397143190;27397154802,"C=GB, O=Sectigo Limited, CN=Sectigo Public Server Authentication CA OV R36"
www.fnwg-dp-internet05.cbp.dhs.gov,No,Yes,4,1,2025-10-06T00:00:00,2027-03-26T23:59:59,29311224567;21526958951;29311224514;21526976178,"C=GB, O=Sectigo Limited, CN=Sectigo Public Server Authentication CA OV R36"
www.fnwg-dp-internet06.cbp.dhs.gov,No,Yes,4,1,2025-10-06T00:00:00,2027-03-26T23:59:59,21526959000;29311224396;29311224056;21526976354,"C=GB, O=Sectigo Limited, CN=Sectigo Public Server Authentication CA OV R36"
www.fts.tsa.dhs.gov,No,Yes,2,1,2026-06-11T00:00:00,2026-12-26T23:59:59,27097588030;27101082411,"C=GB, O=Sectigo Limited, CN=Sectigo Public Server Authentication CA OV R36"
www.g-cnmi-eta.cbp.dhs.gov,No,Yes,2,1,2026-07-24T00:00:00,2027-02-07T23:59:59,28216816031;28216818263,"C=GB, O=Sectigo Limited, CN=Sectigo Public Server Authentication CA OV R36"
www.guestportal.uscis.dhs.gov,No,Yes,4,1,2025-11-05T00:00:00,2027-03-27T23:59:59,29448791577;29335261000;22232763747;29446214372,"C=US, O=DigiCert Inc, CN=DigiCert Global G2 TLS RSA SHA256 2020 CA1"
www.hkma.st.dhs.gov,No,Yes,2,1,2026-08-12T14:27:04,2027-02-26T14:27:04,28770846372;28770845466,"C=US, O=GoDaddy.com, CN=GoDaddy TLS Intermediate CA EV - R1v1"
www.homelandsecurity.gov,Yes,No,6,2,2026-07-25T00:00:00,2027-03-03T23:59:59,28958806542;28224634433;28224799316;28835462722;28774375760;28835430188,"C=US, O=DigiCert Inc, CN=DigiCert Global G3 TLS ECC SHA384 2020 CA1;C=US, O=DigiCert Inc, CN=DigiCert Global G2 TLS RSA SHA256 2020 CA1"
www.hsupp.st.dhs.gov,No,Yes,1,1,2025-12-26T20:07:47,2026-12-12T19:42:17,23385961953,"C=US, ST=Arizona, L=Scottsdale, O=""GoDaddy.com, Inc."", OU=http://certs.godaddy.com/repository/, CN=Go Daddy Secure Certificate Authority - G2"
www.hybrid.ice.dhs.gov,No,Yes,4,1,2025-12-08T14:58:08,2026-12-10T13:31:56,22981506140;23031624578;22985252154;23031543199,"C=US, ST=Arizona, L=Scottsdale, O=""GoDaddy.com, Inc."", OU=http://certs.godaddy.com/repository/, CN=Go Daddy Secure Certificate Authority - G2"
www.ice-gp1-dartts.dhs.gov,No,Yes,2,1,2025-12-16T00:00:00,2026-12-16T23:59:59,23161772759;23161750941,"C=CA, O=Entrust Limited, CN=Entrust DV TLS Issuing RSA CA 2"
www.ice-gp2-dartts.dhs.gov,No,Yes,2,1,2025-12-16T00:00:00,2026-12-16T23:59:59,23161790066;23161810879,"C=CA, O=Entrust Limited, CN=Entrust DV TLS Issuing RSA CA 2"
www.ictp-sat.cbp.dhs.gov,No,Yes,2,1,2026-08-13T00:00:00,2027-02-27T23:59:59,28784632126;28780090237,"C=GB, O=Sectigo Limited, CN=Sectigo Public Server Authentication CA OV R36"
www.ictp.cbp.dhs.gov,No,Yes,2,1,2026-08-13T00:00:00,2027-02-27T23:59:59,28780088623;28784629734,"C=GB, O=Sectigo Limited, CN=Sectigo Public Server Authentication CA OV R36"
www.iotstormcloud.cbp.dhs.gov,No,Yes,2,1,2025-12-04T00:00:00,2026-12-04T23:59:59,22894812886;22894805656,"C=GB, O=Sectigo Limited, CN=Sectigo Public Server Authentication CA OV R36"
www.itdsservices2.cbp.dhs.gov,No,Yes,4,1,2026-03-18T00:00:00,2026-10-10T23:59:59,25240975809;25071754740;25071774409;25240985381,"C=GB, O=Sectigo Limited, CN=Sectigo Public Server Authentication CA OV R36"
www.itdsservicescert.cbp.dhs.gov,No,Yes,4,1,2026-04-17T00:00:00,2026-11-01T23:59:59,25581315711;25948436550;25579335072;25946081195,"C=GB, O=Sectigo Limited, CN=Sectigo Public Server Authentication CA OV R36"
www.itdsservicesprod.cbp.dhs.gov,No,Yes,2,1,2026-04-24T00:00:00,2026-11-08T23:59:59,25747443305;26035026314,"C=GB, O=Sectigo Limited, CN=Sectigo Public Server Authentication CA OV R36"
www.kit-sat.cbp.dhs.gov,No,Yes,2,1,2026-04-02T00:00:00,2026-10-17T23:59:59,25359327837;25373452722,"C=GB, O=Sectigo Limited, CN=Sectigo Public Server Authentication CA OV R36"
www.kit.cbp.dhs.gov,No,Yes,2,1,2026-04-23T00:00:00,2026-11-07T23:59:59,25708539237;26023326067,"C=GB, O=Sectigo Limited, CN=Sectigo Public Server Authentication CA OV R36"
www.lbi-lsc.cbp.dhs.gov,No,Yes,2,1,2025-11-03T00:00:00,2026-11-03T23:59:59,22183499208;22183484462,"C=GB, O=Sectigo Limited, CN=Sectigo Public Server Authentication CA OV R36"
www.mclpr.cbp.dhs.gov,No,Yes,2,1,2025-11-03T00:00:00,2026-11-03T23:59:59,22183499400;22183483973,"C=GB, O=Sectigo Limited, CN=Sectigo Public Server Authentication CA OV R36"
www.mclprtest.cbp.dhs.gov,No,Yes,2,1,2025-10-21T00:00:00,2026-10-21T23:59:59,21883144359;21883081557,"C=GB, O=Sectigo Limited, CN=Sectigo Public Server Authentication CA OV R36"
www.mobile-cert.cbp.dhs.gov,No,Yes,2,1,2026-05-27T00:00:00,2026-12-11T23:59:59,26684661373;26684585068,"C=GB, O=Sectigo Limited, CN=Sectigo Public Server Authentication CA OV R36"
www.mobile.cbp.dhs.gov,No,Yes,2,1,2026-06-03T00:00:00,2026-12-18T23:59:59,26860117049;26860141855,"C=GB, O=Sectigo Limited, CN=Sectigo Public Server Authentication CA OV R36"
www.mrctpat-test.cbp.dhs.gov,No,Yes,2,1,2026-03-09T00:00:00,2027-03-09T23:59:59,24878939805;24878938691,"C=GB, O=Sectigo Limited, CN=Sectigo Public Server Authentication CA OV R36"
www.oig.dhs.gov,No,Yes,16,1,2025-10-21T00:00:00,2027-03-11T23:59:59,21885448362;29007657589;28224716222;28298214900;28134836837;28349364787;28321147708;28321110926;29060126245;29024652865;28134987148;29457528286;28359262931;27962609909;28660997090;21974683208,"C=US, O=DigiCert Inc, OU=www.digicert.com, CN=GeoTrust TLS RSA CA G1"
www.oip.dhs.gov,No,Yes,4,2,2025-09-19T21:07:41,2027-03-20T17:57:33,29255304940;29236731954;21140393401;22523796775,"C=US, O=GoDaddy.com, CN=GoDaddy TLS Intermediate CA EV - R1v1;C=US, ST=Arizona, L=Scottsdale, O=""GoDaddy.com, Inc."", OU=http://certs.godaddy.com/repository/, CN=Go Daddy Secure Certificate Authority - G2"
www.pd0724b40cd12e27d9a.cbp.dhs.gov,No,Yes,2,1,2026-02-02T00:00:00,2027-02-02T23:59:59,24140622841;24140619749,"C=GB, O=Sectigo Limited, CN=Sectigo Public Server Authentication CA OV R36"
www.public-etoc-dev.cbp.dhs.gov,No,Yes,2,1,2026-02-11T00:00:00,2027-02-11T23:59:59,24337690080;24337689053,"C=GB, O=Sectigo Limited, CN=Sectigo Public Server Authentication CA OV R36"
www.public-etoc.cbp.dhs.gov,No,Yes,2,1,2026-05-04T00:00:00,2026-11-18T23:59:59,26058715096;26142642247,"C=GB, O=Sectigo Limited, CN=Sectigo Public Server Authentication CA OV R36"
www.qa-api.cbp.dhs.gov,No,Yes,2,1,2025-10-28T00:00:00,2026-10-28T23:59:59,22062738839;22062750459,"C=GB, O=Sectigo Limited, CN=Sectigo Public Server Authentication CA OV R36"
www.qa-web.cbp.dhs.gov,No,Yes,2,1,2026-06-01T00:00:00,2026-12-16T23:59:59,26800584517;26800557043,"C=GB, O=Sectigo Limited, CN=Sectigo Public Server Authentication CA OV R36"
www.qa.biowatch-int.dhs.gov,No,Yes,2,1,2026-07-22T00:00:00,2027-02-05T23:59:59,28143407805;28143407374,"C=CA, O=Entrust Limited, CN=Entrust EV TLS Issuing RSA CA 2"
www.qa.biowatch.dhs.gov,No,Yes,6,1,2026-07-22T00:00:00,2027-02-05T23:59:59,28143668240;28143345725;28153851350;28153850552;28143356429;28143673102,"C=CA, O=Entrust Limited, CN=Entrust EV TLS Issuing RSA CA 2"
www.reporting.odp.dhs.gov,Yes,Yes,2,1,2026-01-08T00:00:00,2027-01-08T23:59:59,23636145397;23636146938,"C=CA, O=Entrust Limited, CN=Entrust OV TLS Issuing RSA CA 2"
www.sandbox.dtect.dhs.gov,No,Yes,2,1,2026-08-24T00:00:00,2027-03-10T23:59:59,29003798129;29003795263,"C=CA, O=Entrust Limited, CN=Entrust EV TLS Issuing RSA CA 2"
www.sat.biometrics.cbp.dhs.gov,No,Yes,2,1,2026-08-03T00:00:00,2027-02-17T23:59:59,28495155134;28495150352,"C=GB, O=Sectigo Limited, CN=Sectigo Public Server Authentication CA OV R36"
www.sectigo.dhs.gov,No,Yes,2,1,2026-03-06T00:00:00,2027-03-06T23:59:59,24817422873;24817422131,"C=GB, O=Sectigo Limited, CN=Sectigo Public Server Authentication CA OV R36"
www.sts.st.dhs.gov,No,Yes,5,2,2026-01-20T22:31:29,2027-03-26T19:02:14,28857638841;24060641093;23888467974;29315811541;29315811789,"C=US, O=GoDaddy.com, CN=GoDaddy TLS Intermediate CA EV - R1v1;C=US, ST=Arizona, L=Scottsdale, O=""GoDaddy.com, Inc."", OU=http://certs.godaddy.com/repository/, CN=Go Daddy Secure Certificate Authority - G2"
www.taws01a-v0095.ad.cbp.dhs.gov,No,Yes,2,1,2025-10-23T00:00:00,2026-10-23T23:59:59,21927822020;21927798424,"C=GB, O=Sectigo Limited, CN=Sectigo Public Server Authentication CA OV R36"
www.teac-api.tsa.dhs.gov,No,Yes,2,1,2026-06-23T00:00:00,2027-01-07T23:59:59,27408211721;27408208839,"C=GB, O=Sectigo Limited, CN=Sectigo Public Server Authentication CA OV R36"
www.tecs-cas.cbp.dhs.gov,No,Yes,4,1,2025-09-30T00:00:00,2027-01-21T23:59:59,21380875814;27763088537;27763088040;21380891508,"C=GB, O=Sectigo Limited, CN=Sectigo Public Server Authentication CA OV R36"
www.test-clientauth.cbp.dhs.gov,No,Yes,2,1,2025-10-15T00:00:00,2026-10-15T23:59:59,21737979271;21737995365,"C=GB, O=Sectigo Limited, CN=Sectigo Public Server Authentication CA OV R36"
www.test.dtect.dhs.gov,No,Yes,2,1,2026-07-22T00:00:00,2027-02-05T23:59:59,28143276662;28143274450,"C=CA, O=Entrust Limited, CN=Entrust EV TLS Issuing RSA CA 2"
www.tfmglobal-sat.cbp.dhs.gov,No,Yes,2,1,2026-09-04T00:00:00,2027-03-21T23:59:59,29256829452;29256829389,"C=GB, O=Sectigo Limited, CN=Sectigo Public Server Authentication CA OV R36"
www.tfmglobal.cbp.dhs.gov,No,Yes,2,1,2026-09-04T00:00:00,2027-03-21T23:59:59,29256801654;29256801978,"C=GB, O=Sectigo Limited, CN=Sectigo Public Server Authentication CA OV R36"
www.tnwg01a-v2124.ad.cbp.dhs.gov,No,Yes,4,1,2026-01-22T00:00:00,2027-01-22T23:59:59,23917495199;23917534456;23917534030;23917495365,"C=GB, O=Sectigo Limited, CN=Sectigo Public Server Authentication CA OV R36"
www.tnwg01a-v2125.ad.cbp.dhs.gov,No,Yes,2,1,2026-01-22T00:00:00,2027-01-22T23:59:59,23917507271;23917507199,"C=GB, O=Sectigo Limited, CN=Sectigo Public Server Authentication CA OV R36"
www.trade-test.cbp.dhs.gov,No,Yes,2,1,2026-07-10T00:00:00,2027-01-24T23:59:59,27831794451;27831792849,"C=GB, O=Sectigo Limited, CN=Sectigo Public Server Authentication CA OV R36"
www.trade.cbp.dhs.gov,No,Yes,2,1,2026-07-22T00:00:00,2027-02-05T23:59:59,28156579261;28156577558,"C=GB, O=Sectigo Limited, CN=Sectigo Public Server Authentication CA OV R36"
www.transfer.st.dhs.gov,No,Yes,3,1,2025-12-26T20:07:25,2027-01-27T20:07:25,28855494660;23385974915;23588249048,"C=US, ST=Arizona, L=Scottsdale, O=""GoDaddy.com, Inc."", OU=http://certs.godaddy.com/repository/, CN=Go Daddy Secure Certificate Authority - G2"
www.tsa.dhs.gov,No,Yes,16,1,2025-10-21T00:00:00,2027-03-11T23:59:59,21885448362;29007657589;28224716222;28298214900;28134836837;28349364787;28321147708;28321110926;29060126245;29024652865;28134987148;29457528286;28359262931;27962609909;28660997090;21974683208,"C=US, O=DigiCert Inc, OU=www.digicert.com, CN=GeoTrust TLS RSA CA G1"
www.ttpglobal-sat.cbp.dhs.gov,No,Yes,2,1,2026-09-04T00:00:00,2027-03-21T23:59:59,29256833642;29256833829,"C=GB, O=Sectigo Limited, CN=Sectigo Public Server Authentication CA OV R36"
www.ttpglobal.cbp.dhs.gov,No,Yes,2,1,2026-09-04T00:00:00,2027-03-21T23:59:59,29256831141;29256830694,"C=GB, O=Sectigo Limited, CN=Sectigo Public Server Authentication CA OV R36"
www.ugv.cbp.dhs.gov,No,Yes,2,1,2026-04-16T00:00:00,2026-10-31T23:59:59,25927754898;25565400172,"C=GB, O=Sectigo Limited, CN=Sectigo Public Server Authentication CA OV R36"
www.usfa.dhs.gov,No,Yes,16,1,2025-10-21T00:00:00,2027-03-11T23:59:59,21885448362;29007657589;28224716222;28298214900;28134836837;28349364787;28321147708;28321110926;29060126245;29024652865;28134987148;29457528286;28359262931;27962609909;28660997090;21974683208,"C=US, O=DigiCert Inc, OU=www.digicert.com, CN=GeoTrust TLS RSA CA G1"
www.visitstelizabeths.dhs.gov,No,Yes,1,1,2026-08-31T00:00:00,2027-03-17T23:59:59,29195381135,"C=US, O=DigiCert Inc, CN=DigiCert Global G2 TLS RSA SHA256 2020 CA1"
www.webamoss.cbp.dhs.gov,No,Yes,2,1,2025-10-23T00:00:00,2026-10-23T23:59:59,21946218883;21946252362,"C=GB, O=Sectigo Limited, CN=Sectigo Public Server Authentication CA OV R36"
www.xswift-test.cbp.dhs.gov,No,Yes,2,1,2026-02-09T00:00:00,2027-02-09T23:59:59,24293753382;24293753189,"C=GB, O=Sectigo Limited, CN=Sectigo Public Server Authentication CA OV R36"
www.xswift.cbp.dhs.gov,No,Yes,2,1,2026-05-08T00:00:00,2026-11-22T23:59:59,26184017710;26197450554,"C=GB, O=Sectigo Limited, CN=Sectigo Public Server Authentication CA OV R36"
www2.dhs.gov,Yes,Yes,2,2,2026-05-15T00:00:00,2026-11-29T23:59:59,26337853185;26337930837,"C=US, O=DigiCert Inc, CN=DigiCert Global G3 TLS ECC SHA384 2020 CA1;C=US, O=DigiCert Inc, CN=DigiCert Global G2 TLS RSA SHA256 2020 CA1"
www3.dhs.gov,Yes,Yes,19,2,2026-02-09T00:00:00,2027-02-08T23:59:59,28292263730;26827910261;26827891567;28150820500;29434558352;28298558306;24274179177;28292223364;25339704212;28150757359;25311199298;25522372638;26827912771;24805020696;25313011763;24274056928;25865556717;28298620541;28298507564,"C=US, O=DigiCert Inc, CN=DigiCert Global G3 TLS ECC SHA384 2020 CA1;C=US, O=DigiCert Inc, CN=DigiCert Global G2 TLS RSA SHA256 2020 CA1"
www4.dhs.gov,Yes,Yes,25,2,2026-04-18T00:00:00,2027-03-25T23:59:59,28558825009;28350086258;27933743634;29293564950;28495833979;26916527129;29442667731;27397153120;26157198216;28799232251;28356771661;28350768012;25562446938;29304041244;28350138323;27483798157;28796100160;28799248623;26916504600;27483761151;28558764200;29304057979;28350034131;25562479521;28356729871,"C=US, O=DigiCert Inc, CN=DigiCert Global G3 TLS ECC SHA384 2020 CA1;C=US, O=DigiCert Inc, CN=DigiCert Global G2 TLS RSA SHA256 2020 CA1"
www5.dhs.gov,Yes,Yes,5,2,2025-10-16T00:00:00,2027-03-03T23:59:59,28093534466;21764980333;28824310907;28824341910;21765046825,"C=US, O=DigiCert Inc, CN=DigiCert Global G3 TLS ECC SHA384 2020 CA1;C=US, O=DigiCert Inc, CN=DigiCert Global G2 TLS RSA SHA256 2020 CA1"
www6.dhs.gov,Yes,Yes,2,2,2026-06-20T00:00:00,2027-01-04T23:59:59,27331852353;27331919937,"C=US, O=DigiCert Inc, CN=DigiCert Global G3 TLS ECC SHA384 2020 CA1;C=US, O=DigiCert Inc, CN=DigiCert Global G2 TLS RSA SHA256 2020 CA1"
www7.dhs.gov,Yes,Yes,2,2,2026-01-04T00:00:00,2027-01-05T23:59:59,23539608971;23539476833,"C=US, O=DigiCert Inc, CN=DigiCert Global G3 TLS ECC SHA384 2020 CA1;C=US, O=DigiCert Inc, CN=DigiCert Global G2 TLS RSA SHA256 2020 CA1"
www8.dhs.gov,Yes,Yes,2,2,2025-12-09T00:00:00,2026-12-08T23:59:59,22990964316;22990513136,"C=US, O=DigiCert Inc, CN=DigiCert Global G3 TLS ECC SHA384 2020 CA1;C=US, O=DigiCert Inc, CN=DigiCert Global G2 TLS RSA SHA256 2020 CA1"
www9.dhs.gov,Yes,Yes,2,2,2026-03-27T00:00:00,2026-10-11T23:59:59,25254094799;25254127401,"C=US, O=DigiCert Inc, CN=DigiCert Global G3 TLS ECC SHA384 2020 CA1;C=US, O=DigiCert Inc, CN=DigiCert Global G2 TLS RSA SHA256 2020 CA1"
xfer.hsupp.st.dhs.gov,No,Yes,1,1,2025-12-26T20:07:47,2026-12-12T19:42:17,23385961953,"C=US, ST=Arizona, L=Scottsdale, O=""GoDaddy.com, Inc."", OU=http://certs.godaddy.com/repository/, CN=Go Daddy Secure Certificate Authority - G2"
xswift-test.cbp.dhs.gov,Yes,Yes,2,1,2026-02-09T00:00:00,2027-02-09T23:59:59,24293753382;24293753189,"C=GB, O=Sectigo Limited, CN=Sectigo Public Server Authentication CA OV R36"
xswift.cbp.dhs.gov,Yes,Yes,2,1,2026-05-08T00:00:00,2026-11-22T23:59:59,26184017710;26197450554,"C=GB, O=Sectigo Limited, CN=Sectigo Public Server Authentication CA OV R36"
zia-dr-pacfile-13784a06447144b897645587.zt.cbp.dhs.gov,Yes,Yes,5,2,2026-07-20T19:30:13,2026-12-16T21:26:55,28103654350;28103227146;28103175586;28103659182;29535722422,"C=US, O=Google Trust Services, CN=WR1;C=US, O=Google Trust Services, CN=WE1"
ziarootca-13784a06447144b897645587.zt.cbp.dhs.gov,Yes,Yes,2,2,2026-07-31T03:57:11,2026-10-29T04:57:17,28398738274;28398745066,"C=US, O=Google Trust Services, CN=WR1;C=US, O=Google Trust Services, CN=WE1"
zt.cbp.dhs.gov,Yes,Yes,4,2,2026-08-14T19:15:35,2026-11-23T12:14:46,29086345391;28823924466;28823749417;29070783664,"C=US, O=Let's Encrypt, CN=YE2;C=US, O=Google Trust Services, CN=WE1"
zurg.tsa.dhs.gov,Yes,Yes,2,1,2026-01-20T00:00:00,2027-01-20T23:59:59,23879305076;23879306014,"C=CA, O=Entrust Limited, CN=Entrust OV TLS Issuing RSA CA 2"
