domain,seen_in_common_name,seen_in_name_value,certificate_count,issuer_count,earliest_seen,latest_expiry,certificate_ids,issuers
340bopais-stg.hrsa.gov,No,Yes,3,2,2026-05-07T14:04:05,2026-11-22T14:03:05,27809555452;26383271459;27809543639,"C=US, O=Let's Encrypt, CN=YR1;C=US, O=IdenTrust, OU=HydrantID Trusted Certificate Service, CN=HydrantID Server CA O1"
340bopais.hrsa.gov,No,Yes,3,2,2026-06-11T19:54:01,2026-12-27T19:53:01,27809555452;27097922204;27809543639,"C=US, O=Let's Encrypt, CN=YR1;C=US, O=IdenTrust, OU=HydrantID Trusted Certificate Service, CN=HydrantID Server CA O1"
340bpricing-stg.hrsa.gov,No,Yes,3,2,2026-05-01T22:43:41,2026-11-16T22:42:41,27809555452;26284378158;27809543639,"C=US, O=Let's Encrypt, CN=YR1;C=US, O=IdenTrust, OU=HydrantID Trusted Certificate Service, CN=HydrantID Server CA O1"
340bpricing.hrsa.gov,No,Yes,3,2,2026-06-11T19:53:01,2026-12-27T19:52:01,27809555452;27097897089;27809543639,"C=US, O=Let's Encrypt, CN=YR1;C=US, O=IdenTrust, OU=HydrantID Trusted Certificate Service, CN=HydrantID Server CA O1"
340bpricingsubmissions-stg.hrsa.gov,No,Yes,3,2,2026-05-01T22:43:57,2026-11-16T22:42:57,27809555452;27809543639;26284378319,"C=US, O=Let's Encrypt, CN=YR1;C=US, O=IdenTrust, OU=HydrantID Trusted Certificate Service, CN=HydrantID Server CA O1"
340bpricingsubmissions.hrsa.gov,No,Yes,3,2,2026-06-11T19:53:39,2026-12-27T19:52:39,27809555452;27097897876;27809543639,"C=US, O=Let's Encrypt, CN=YR1;C=US, O=IdenTrust, OU=HydrantID Trusted Certificate Service, CN=HydrantID Server CA O1"
340bregistration-stg.hrsa.gov,No,Yes,3,2,2026-05-07T14:04:30,2026-11-22T14:03:30,27809555452;26383280930;27809543639,"C=US, O=Let's Encrypt, CN=YR1;C=US, O=IdenTrust, OU=HydrantID Trusted Certificate Service, CN=HydrantID Server CA O1"
340bregistration.hrsa.gov,No,Yes,3,2,2026-06-11T19:54:23,2026-12-27T19:53:23,27809555452;27809543639;27097923508,"C=US, O=Let's Encrypt, CN=YR1;C=US, O=IdenTrust, OU=HydrantID Trusted Certificate Service, CN=HydrantID Server CA O1"
AKVTest.hrsa.gov,Yes,Yes,1,1,2026-08-28T00:00:00,2026-09-26T23:59:59,29112120609,"C=US, O=DigiCert Inc, CN=DigiCert Global G2 TLS RSA SHA256 2020 CA1"
ahrf-stage.hdw.hrsa.gov,No,Yes,1,1,2026-02-25T20:37:35,2027-03-27T20:36:35,24644032362,"C=US, O=IdenTrust, OU=HydrantID Trusted Certificate Service, CN=HydrantID Server CA O1"
ahrf.hrsa.gov,Yes,Yes,1,1,2025-12-17T19:45:38,2027-01-16T19:44:38,23184504711,"C=US, O=IdenTrust, OU=HydrantID Trusted Certificate Service, CN=HydrantID Server CA O1"
ai.hrsa.gov,Yes,Yes,1,1,2025-11-12T00:00:00,2026-12-11T23:59:59,22414553499,"C=US, O=Amazon, CN=Amazon RSA 2048 M04"
ak-ehbuat05t01.hrsa.gov,No,Yes,1,1,2025-08-28T19:32:07,2026-09-27T19:31:07,20637296290,"C=US, O=IdenTrust, OU=HydrantID Trusted Certificate Service, CN=HydrantID Server CA O1"
ak-ehbuat05t02.hrsa.gov,No,Yes,1,1,2025-08-28T19:36:36,2026-09-27T19:35:36,20637374621,"C=US, O=IdenTrust, OU=HydrantID Trusted Certificate Service, CN=HydrantID Server CA O1"
ak-ehbuat05t03.hrsa.gov,No,Yes,1,1,2025-08-28T19:34:46,2026-09-27T19:33:46,20637350340,"C=US, O=IdenTrust, OU=HydrantID Trusted Certificate Service, CN=HydrantID Server CA O1"
ak-ehbuat05t04.hrsa.gov,No,Yes,1,1,2025-08-28T19:26:44,2026-09-27T19:25:44,20637203449,"C=US, O=IdenTrust, OU=HydrantID Trusted Certificate Service, CN=HydrantID Server CA O1"
ak-mchbtvisdatauat05.hrsa.gov,No,Yes,1,1,2025-08-28T19:35:14,2026-09-27T19:34:14,20637351702,"C=US, O=IdenTrust, OU=HydrantID Trusted Certificate Service, CN=HydrantID Server CA O1"
ak-mchbtvisuat05.hrsa.gov,No,Yes,1,1,2025-08-28T19:35:47,2026-09-27T19:34:47,20637363562,"C=US, O=IdenTrust, OU=HydrantID Trusted Certificate Service, CN=HydrantID Server CA O1"
ak-tableau-uat.hdw.hrsa.gov,No,Yes,3,1,2025-10-01T16:07:55,2026-11-08T18:26:57,21400169984;21605775042;21601281548,"C=US, O=IdenTrust, OU=HydrantID Trusted Certificate Service, CN=HydrantID Server CA O1"
aka-mchbgrandchallenges.hrsa.gov,No,Yes,2,1,2026-08-10T16:36:25,2026-11-08T16:36:24,28713266205;28713295219,"C=US, O=Let's Encrypt, CN=YR2"
aka-poisonhelp.hrsa.gov,No,Yes,2,1,2026-08-10T16:36:25,2026-11-08T16:36:24,28713266205;28713295219,"C=US, O=Let's Encrypt, CN=YR2"
aka-www.hhs.gov,Yes,No,2,1,2026-08-10T16:36:25,2026-11-08T16:36:24,28713266205;28713295219,"C=US, O=Let's Encrypt, CN=YR2"
akamai-ds.hrsa.gov,No,Yes,2,1,2026-03-24T00:00:00,2026-10-08T23:59:59,25197827555;25182293221,"C=US, O=DigiCert Inc, OU=www.digicert.com, CN=GeoTrust TLS RSA CA G1"
akaprod-bhw.hrsa.gov,No,Yes,2,1,2026-08-10T16:36:25,2026-11-08T16:36:24,28713266205;28713295219,"C=US, O=Let's Encrypt, CN=YR2"
akaprod-bloodstemcell.hrsa.gov,No,Yes,2,1,2026-08-10T16:36:25,2026-11-08T16:36:24,28713266205;28713295219,"C=US, O=Let's Encrypt, CN=YR2"
akaprod-bphc.hrsa.gov,No,Yes,2,1,2026-08-10T16:36:25,2026-11-08T16:36:24,28713266205;28713295219,"C=US, O=Let's Encrypt, CN=YR2"
akaprod-mchb.hrsa.gov,No,Yes,2,1,2026-08-10T16:36:25,2026-11-08T16:36:24,28713266205;28713295219,"C=US, O=Let's Encrypt, CN=YR2"
akaprod-mchbgrandchallenges.hrsa.gov,No,Yes,2,1,2026-08-10T16:36:25,2026-11-08T16:36:24,28713266205;28713295219,"C=US, O=Let's Encrypt, CN=YR2"
akaprod-newbornscreening.hrsa.gov,No,Yes,2,1,2026-08-10T16:36:25,2026-11-08T16:36:24,28713266205;28713295219,"C=US, O=Let's Encrypt, CN=YR2"
akaprod-nhsc.hrsa.gov,No,Yes,2,1,2026-08-10T16:36:25,2026-11-08T16:36:24,28713266205;28713295219,"C=US, O=Let's Encrypt, CN=YR2"
akaprod-poisonhelp.hrsa.gov,No,Yes,2,1,2026-08-10T16:36:25,2026-11-08T16:36:24,28713266205;28713295219,"C=US, O=Let's Encrypt, CN=YR2"
akaprod-ryanwhite.hrsa.gov,No,Yes,2,1,2026-08-10T16:36:25,2026-11-08T16:36:24,28713266205;28713295219,"C=US, O=Let's Encrypt, CN=YR2"
akaprod-www.hrsa.gov,No,Yes,2,1,2026-08-10T16:36:25,2026-11-08T16:36:24,28713266205;28713295219,"C=US, O=Let's Encrypt, CN=YR2"
akastage-bhw.hrsa.gov,No,Yes,2,1,2026-08-10T16:36:25,2026-11-08T16:36:24,28713266205;28713295219,"C=US, O=Let's Encrypt, CN=YR2"
akastage-bloodstemcell.hrsa.gov,No,Yes,2,1,2026-08-10T16:36:25,2026-11-08T16:36:24,28713266205;28713295219,"C=US, O=Let's Encrypt, CN=YR2"
akastage-bphc.hrsa.gov,No,Yes,2,1,2026-08-10T16:36:25,2026-11-08T16:36:24,28713266205;28713295219,"C=US, O=Let's Encrypt, CN=YR2"
akastage-mchb.hrsa.gov,No,Yes,2,1,2026-08-10T16:36:25,2026-11-08T16:36:24,28713266205;28713295219,"C=US, O=Let's Encrypt, CN=YR2"
akastage-mchbgrandchallenges.hrsa.gov,No,Yes,2,1,2026-08-10T16:36:25,2026-11-08T16:36:24,28713266205;28713295219,"C=US, O=Let's Encrypt, CN=YR2"
akastage-newbornscreening.hrsa.gov,No,Yes,2,1,2026-08-10T16:36:25,2026-11-08T16:36:24,28713266205;28713295219,"C=US, O=Let's Encrypt, CN=YR2"
akastage-nhsc.hrsa.gov,No,Yes,2,1,2026-08-10T16:36:25,2026-11-08T16:36:24,28713266205;28713295219,"C=US, O=Let's Encrypt, CN=YR2"
akastage-poisonhelp.hrsa.gov,No,Yes,2,1,2026-08-10T16:36:25,2026-11-08T16:36:24,28713266205;28713295219,"C=US, O=Let's Encrypt, CN=YR2"
akastage-ryanwhite.hrsa.gov,No,Yes,2,1,2026-08-10T16:36:25,2026-11-08T16:36:24,28713266205;28713295219,"C=US, O=Let's Encrypt, CN=YR2"
akastage-www.hrsa.gov,No,Yes,2,1,2026-08-10T16:36:25,2026-11-08T16:36:24,28713266205;28713295219,"C=US, O=Let's Encrypt, CN=YR2"
analytics.npdb.hrsa.gov,No,Yes,6,2,2025-12-11T00:00:00,2026-12-12T23:59:59,23047708348;25957069869;23047735202;25950796965;25329331128;25950830341,"C=US, O=DigiCert Inc, CN=DigiCert Global G2 TLS RSA SHA256 2020 CA1;C=US, O=DigiCert Inc, CN=DigiCert Global G3 TLS ECC SHA384 2020 CA1"
api-data-stage.hdw.hrsa.gov,No,Yes,2,1,2026-06-01T18:53:04,2026-12-18T19:15:19,26807445701;26835275046,"C=US, O=IdenTrust, OU=HydrantID Trusted Certificate Service, CN=HydrantID Server CA O1"
api-tds-stage.hdw.hrsa.gov,No,Yes,1,1,2026-09-16T18:31:43,2027-04-03T18:30:43,29458943446,"C=US, O=IdenTrust, OU=HydrantID Trusted Certificate Service, CN=HydrantID Server CA O1"
api.swift.hrsa.gov,Yes,Yes,1,1,2025-09-15T15:00:47,2026-10-15T14:59:47,21036732829,"C=US, O=IdenTrust, OU=HydrantID Trusted Certificate Service, CN=HydrantID Server CA O1"
api.swifttest.hrsa.gov,Yes,Yes,1,1,2025-09-15T15:03:29,2026-10-15T15:02:29,21036771101,"C=US, O=IdenTrust, OU=HydrantID Trusted Certificate Service, CN=HydrantID Server CA O1"
apim-stage1.hdw.hrsa.gov,No,Yes,1,1,2026-09-16T18:31:43,2027-04-03T18:30:43,29458943446,"C=US, O=IdenTrust, OU=HydrantID Trusted Certificate Service, CN=HydrantID Server CA O1"
appxtender.npdb.hrsa.gov,No,Yes,2,2,2025-12-12T00:00:00,2026-12-11T23:59:59,23063764803;23063686760,"C=US, O=DigiCert Inc, CN=DigiCert Global G2 TLS RSA SHA256 2020 CA1;C=US, O=DigiCert Inc, CN=DigiCert Global G3 TLS ECC SHA384 2020 CA1"
apryseproxy.uat.hrsa.gov,Yes,Yes,2,2,2026-09-04T00:00:00,2027-03-20T23:59:59,29238794218;29238794983,"C=US, O=Amazon, CN=Amazon RSA 2048 M04;C=US, O=Amazon, CN=Amazon RSA 2048 M01"
archer-dev.hrsa.gov,No,Yes,3,1,2026-08-07T19:17:19,2027-02-26T20:01:47,28750268462;28628094570;28750268261,"C=US, O=IdenTrust, OU=HydrantID Trusted Certificate Service, CN=HydrantID Server CA O1"
archer.hrsa.gov,No,Yes,3,1,2026-08-07T19:17:19,2027-02-26T20:01:47,28750268462;28628094570;28750268261,"C=US, O=IdenTrust, OU=HydrantID Trusted Certificate Service, CN=HydrantID Server CA O1"
at-analytics.npdb.hrsa.gov,No,Yes,5,2,2025-10-05T00:00:00,2027-02-04T23:59:59,28107570096;21483196691;24788907259;28107711582;21483172798,"C=US, O=DigiCert Inc, CN=DigiCert Global G2 TLS RSA SHA256 2020 CA1;C=US, O=DigiCert Inc, CN=DigiCert Global G3 TLS ECC SHA384 2020 CA1"
at-int.npdb.hrsa.gov,No,Yes,5,2,2025-10-05T00:00:00,2027-02-04T23:59:59,28107570096;21483196691;24788907259;28107711582;21483172798,"C=US, O=DigiCert Inc, CN=DigiCert Global G2 TLS RSA SHA256 2020 CA1;C=US, O=DigiCert Inc, CN=DigiCert Global G3 TLS ECC SHA384 2020 CA1"
at-iqrs.npdb.hrsa.gov,No,Yes,5,2,2025-10-05T00:00:00,2027-02-04T23:59:59,28107570096;21483196691;24788907259;28107711582;21483172798,"C=US, O=DigiCert Inc, CN=DigiCert Global G2 TLS RSA SHA256 2020 CA1;C=US, O=DigiCert Inc, CN=DigiCert Global G3 TLS ECC SHA384 2020 CA1"
at-my.npdb.hrsa.gov,No,Yes,2,2,2026-07-21T00:00:00,2027-02-04T23:59:59,28107711582;28107570096,"C=US, O=DigiCert Inc, CN=DigiCert Global G2 TLS RSA SHA256 2020 CA1;C=US, O=DigiCert Inc, CN=DigiCert Global G3 TLS ECC SHA384 2020 CA1"
at-seeker.npdb.hrsa.gov,No,Yes,5,2,2025-10-05T00:00:00,2027-02-04T23:59:59,28107570096;21483196691;24788907259;28107711582;21483172798,"C=US, O=DigiCert Inc, CN=DigiCert Global G2 TLS RSA SHA256 2020 CA1;C=US, O=DigiCert Inc, CN=DigiCert Global G3 TLS ECC SHA384 2020 CA1"
at-sso.npdb.hrsa.gov,No,Yes,5,2,2025-10-05T00:00:00,2027-02-04T23:59:59,28107570096;21483196691;24788907259;28107711582;21483172798,"C=US, O=DigiCert Inc, CN=DigiCert Global G2 TLS RSA SHA256 2020 CA1;C=US, O=DigiCert Inc, CN=DigiCert Global G3 TLS ECC SHA384 2020 CA1"
at-tracker.npdb.hrsa.gov,No,Yes,5,2,2025-10-05T00:00:00,2027-02-04T23:59:59,28107570096;21483196691;24788907259;28107711582;21483172798,"C=US, O=DigiCert Inc, CN=DigiCert Global G2 TLS RSA SHA256 2020 CA1;C=US, O=DigiCert Inc, CN=DigiCert Global G3 TLS ECC SHA384 2020 CA1"
at.npdb.hrsa.gov,Yes,Yes,5,2,2025-10-05T00:00:00,2027-02-04T23:59:59,28107570096;21483196691;24788907259;28107711582;21483172798,"C=US, O=DigiCert Inc, CN=DigiCert Global G2 TLS RSA SHA256 2020 CA1;C=US, O=DigiCert Inc, CN=DigiCert Global G3 TLS ECC SHA384 2020 CA1"
at2-analytics.npdb.hrsa.gov,No,Yes,5,2,2025-12-24T00:00:00,2027-02-04T23:59:59,23326198295;23326394893;28107571037;24788908312;28107712548,"C=US, O=DigiCert Inc, CN=DigiCert Global G2 TLS RSA SHA256 2020 CA1;C=US, O=DigiCert Inc, CN=DigiCert Global G3 TLS ECC SHA384 2020 CA1"
at2-hcpp.npdb.hrsa.gov,No,Yes,5,2,2025-12-24T00:00:00,2027-02-04T23:59:59,23326198295;23326394893;28107571037;24788908312;28107712548,"C=US, O=DigiCert Inc, CN=DigiCert Global G2 TLS RSA SHA256 2020 CA1;C=US, O=DigiCert Inc, CN=DigiCert Global G3 TLS ECC SHA384 2020 CA1"
at2-int.npdb.hrsa.gov,No,Yes,5,2,2025-12-24T00:00:00,2027-02-04T23:59:59,23326198295;23326394893;28107571037;24788908312;28107712548,"C=US, O=DigiCert Inc, CN=DigiCert Global G2 TLS RSA SHA256 2020 CA1;C=US, O=DigiCert Inc, CN=DigiCert Global G3 TLS ECC SHA384 2020 CA1"
at2-iqrs.npdb.hrsa.gov,No,Yes,5,2,2025-12-24T00:00:00,2027-02-04T23:59:59,23326198295;23326394893;28107571037;24788908312;28107712548,"C=US, O=DigiCert Inc, CN=DigiCert Global G2 TLS RSA SHA256 2020 CA1;C=US, O=DigiCert Inc, CN=DigiCert Global G3 TLS ECC SHA384 2020 CA1"
at2-my.npdb.hrsa.gov,No,Yes,2,2,2026-07-21T00:00:00,2027-02-04T23:59:59,28107571037;28107712548,"C=US, O=DigiCert Inc, CN=DigiCert Global G2 TLS RSA SHA256 2020 CA1;C=US, O=DigiCert Inc, CN=DigiCert Global G3 TLS ECC SHA384 2020 CA1"
at2-sso.npdb.hrsa.gov,No,Yes,5,2,2025-12-24T00:00:00,2027-02-04T23:59:59,23326198295;23326394893;28107571037;24788908312;28107712548,"C=US, O=DigiCert Inc, CN=DigiCert Global G2 TLS RSA SHA256 2020 CA1;C=US, O=DigiCert Inc, CN=DigiCert Global G3 TLS ECC SHA384 2020 CA1"
at2-tracker.npdb.hrsa.gov,No,Yes,5,2,2025-12-24T00:00:00,2027-02-04T23:59:59,23326198295;23326394893;28107571037;24788908312;28107712548,"C=US, O=DigiCert Inc, CN=DigiCert Global G2 TLS RSA SHA256 2020 CA1;C=US, O=DigiCert Inc, CN=DigiCert Global G3 TLS ECC SHA384 2020 CA1"
at2.npdb.hrsa.gov,Yes,Yes,5,2,2025-12-24T00:00:00,2027-02-04T23:59:59,23326198295;23326394893;28107571037;24788908312;28107712548,"C=US, O=DigiCert Inc, CN=DigiCert Global G2 TLS RSA SHA256 2020 CA1;C=US, O=DigiCert Inc, CN=DigiCert Global G3 TLS ECC SHA384 2020 CA1"
at3-analytics.npdb.hrsa.gov,No,Yes,2,2,2026-05-04T00:00:00,2026-11-18T23:59:59,26046132140;26046183291,"C=US, O=DigiCert Inc, CN=DigiCert Global G2 TLS RSA SHA256 2020 CA1;C=US, O=DigiCert Inc, CN=DigiCert Global G3 TLS ECC SHA384 2020 CA1"
at3-hcpp.npdb.hrsa.gov,No,Yes,2,2,2026-05-04T00:00:00,2026-11-18T23:59:59,26046132140;26046183291,"C=US, O=DigiCert Inc, CN=DigiCert Global G2 TLS RSA SHA256 2020 CA1;C=US, O=DigiCert Inc, CN=DigiCert Global G3 TLS ECC SHA384 2020 CA1"
at3-int.npdb.hrsa.gov,No,Yes,2,2,2026-05-04T00:00:00,2026-11-18T23:59:59,26046132140;26046183291,"C=US, O=DigiCert Inc, CN=DigiCert Global G2 TLS RSA SHA256 2020 CA1;C=US, O=DigiCert Inc, CN=DigiCert Global G3 TLS ECC SHA384 2020 CA1"
at3-iqrs.npdb.hrsa.gov,No,Yes,2,2,2026-05-04T00:00:00,2026-11-18T23:59:59,26046132140;26046183291,"C=US, O=DigiCert Inc, CN=DigiCert Global G2 TLS RSA SHA256 2020 CA1;C=US, O=DigiCert Inc, CN=DigiCert Global G3 TLS ECC SHA384 2020 CA1"
at3-my.npdb.hrsa.gov,No,Yes,2,2,2026-05-04T00:00:00,2026-11-18T23:59:59,26046132140;26046183291,"C=US, O=DigiCert Inc, CN=DigiCert Global G2 TLS RSA SHA256 2020 CA1;C=US, O=DigiCert Inc, CN=DigiCert Global G3 TLS ECC SHA384 2020 CA1"
at3-sso.npdb.hrsa.gov,No,Yes,2,2,2026-05-04T00:00:00,2026-11-18T23:59:59,26046132140;26046183291,"C=US, O=DigiCert Inc, CN=DigiCert Global G2 TLS RSA SHA256 2020 CA1;C=US, O=DigiCert Inc, CN=DigiCert Global G3 TLS ECC SHA384 2020 CA1"
at3-tracker.npdb.hrsa.gov,No,Yes,2,2,2026-05-04T00:00:00,2026-11-18T23:59:59,26046132140;26046183291,"C=US, O=DigiCert Inc, CN=DigiCert Global G2 TLS RSA SHA256 2020 CA1;C=US, O=DigiCert Inc, CN=DigiCert Global G3 TLS ECC SHA384 2020 CA1"
at3.npdb.hrsa.gov,Yes,Yes,2,2,2026-05-04T00:00:00,2026-11-18T23:59:59,26046132140;26046183291,"C=US, O=DigiCert Inc, CN=DigiCert Global G2 TLS RSA SHA256 2020 CA1;C=US, O=DigiCert Inc, CN=DigiCert Global G3 TLS ECC SHA384 2020 CA1"
audit.npdb.hrsa.gov,No,Yes,3,2,2026-08-20T00:00:00,2027-03-06T23:59:59,28864977369;28857244156;28864978949,"C=US, O=DigiCert Inc, CN=DigiCert Global G2 TLS RSA SHA256 2020 CA1;C=US, O=DigiCert Inc, CN=DigiCert Global G3 TLS ECC SHA384 2020 CA1"
autodiscover.hrsadev.hrsa.gov,No,Yes,2,1,2025-12-19T00:00:00,2027-01-19T23:59:59,23218165891;23218188655,"C=CA, O=Entrust Limited, CN=Entrust OV TLS Issuing RSA CA 2"
bcrsdmwebsvc.hrsa.gov,Yes,Yes,1,1,2026-03-27T14:42:13,2026-10-12T14:41:13,25255258538,"C=US, O=IdenTrust, OU=HydrantID Trusted Certificate Service, CN=HydrantID Server CA O1"
bhpr.hrsa.gov,No,Yes,2,1,2026-03-24T00:00:00,2026-10-08T23:59:59,25197827555;25182293221,"C=US, O=DigiCert Inc, OU=www.digicert.com, CN=GeoTrust TLS RSA CA G1"
bhw.hrsa.gov,No,Yes,8,3,2026-03-24T00:00:00,2027-03-17T23:59:59,26955859473;26272296476;29177339014;27591230294;25197827555;25862792874;27591234840;25182293221,"C=US, O=Let's Encrypt, CN=YR2;C=US, O=IdenTrust, OU=HydrantID Trusted Certificate Service, CN=HydrantID Server CA O1;C=US, O=DigiCert Inc, OU=www.digicert.com, CN=GeoTrust TLS RSA CA G1"
bhwapi.hrsa.gov,Yes,Yes,1,1,2026-01-09T22:16:16,2027-02-08T22:15:16,23665349217,"C=US, O=IdenTrust, OU=HydrantID Trusted Certificate Service, CN=HydrantID Server CA O1"
bhwapisvcs.hrsa.gov,Yes,Yes,1,1,2025-09-11T14:17:38,2026-10-11T14:16:38,20945816641,"C=US, O=IdenTrust, OU=HydrantID Trusted Certificate Service, CN=HydrantID Server CA O1"
bhwassistant.ai.hrsa.gov,Yes,Yes,1,1,2025-11-13T16:57:13,2026-12-13T16:56:13,22441781653,"C=US, O=IdenTrust, OU=HydrantID Trusted Certificate Service, CN=HydrantID Server CA O1"
bhwcloudjenkins.hrsa.gov,Yes,Yes,1,1,2026-05-01T17:54:11,2026-11-16T17:53:11,26281993279,"C=US, O=IdenTrust, OU=HydrantID Trusted Certificate Service, CN=HydrantID Server CA O1"
bhwcloudrepo.hrsa.gov,Yes,Yes,1,1,2026-03-27T14:42:51,2026-10-12T14:41:51,25255276278,"C=US, O=IdenTrust, OU=HydrantID Trusted Certificate Service, CN=HydrantID Server CA O1"
bhwdashboards.hrsa.gov,Yes,Yes,1,1,2026-03-26T17:40:56,2026-10-11T17:39:56,25237837985,"C=US, O=IdenTrust, OU=HydrantID Trusted Certificate Service, CN=HydrantID Server CA O1"
bhwenv.hrsa.gov,Yes,Yes,2,1,2026-02-18T00:00:00,2027-03-18T23:59:59,26834238083;24495448877,"C=US, O=DigiCert Inc, CN=DigiCert Global G2 TLS RSA SHA256 2020 CA1"
bhwgisportal.hrsa.gov,Yes,Yes,1,1,2026-03-27T14:43:21,2026-10-12T14:42:21,25255280119,"C=US, O=IdenTrust, OU=HydrantID Trusted Certificate Service, CN=HydrantID Server CA O1"
bhwnextgen.hrsa.gov,No,Yes,3,2,2026-01-09T22:17:28,2027-02-08T22:16:28,28591618858;23665366515;28591631614,"C=US, O=Let's Encrypt, CN=YR1;C=US, O=IdenTrust, OU=HydrantID Trusted Certificate Service, CN=HydrantID Server CA O1"
bhwnextgenpreprodcloud.hrsa.gov,No,Yes,4,2,2026-08-04T12:34:55,2026-11-04T13:54:59,28591618858;28526876604;28526888920;28591631614,"C=US, O=Let's Encrypt, CN=YR2;C=US, O=Let's Encrypt, CN=YR1"
bhwtools.hrsa.gov,Yes,Yes,1,1,2026-05-01T17:51:43,2026-11-16T17:50:43,26281989790,"C=US, O=IdenTrust, OU=HydrantID Trusted Certificate Service, CN=HydrantID Server CA O1"
bloodcell.transplant.hrsa.gov,No,Yes,7,2,2026-03-24T00:00:00,2027-03-17T23:59:59,26955859473;29177339014;27591230294;25197827555;25862792874;27591234840;25182293221,"C=US, O=Let's Encrypt, CN=YR2;C=US, O=DigiCert Inc, OU=www.digicert.com, CN=GeoTrust TLS RSA CA G1"
bloodstemcell.hrsa.gov,No,Yes,7,2,2026-03-24T00:00:00,2027-03-17T23:59:59,26955859473;29177339014;27591230294;25197827555;25862792874;27591234840;25182293221,"C=US, O=Let's Encrypt, CN=YR2;C=US, O=DigiCert Inc, OU=www.digicert.com, CN=GeoTrust TLS RSA CA G1"
bmiss.hrsa.gov,Yes,Yes,1,1,2025-11-14T20:19:50,2026-12-14T20:18:50,22471616954,"C=US, O=IdenTrust, OU=HydrantID Trusted Certificate Service, CN=HydrantID Server CA O1"
bmissrpt.hrsa.gov,Yes,Yes,1,1,2025-11-14T20:20:23,2026-12-14T20:19:23,22471616576,"C=US, O=IdenTrust, OU=HydrantID Trusted Certificate Service, CN=HydrantID Server CA O1"
bms-buildas-p02.hrsa.gov,No,Yes,2,1,2026-07-23T00:00:00,2027-02-07T23:59:59,28190065690;28215626408,"C=US, O=DigiCert Inc, CN=DigiCert Global G2 TLS RSA SHA256 2020 CA1"
bms-mqb01as-d01.hrsa.gov,Yes,Yes,9,1,2026-07-23T00:00:00,2027-02-06T23:59:59,29194132338;29461970024;28190065690;29412899795;29377409148;29286629709;29328107304;29247086759;29060669195,"C=US, O=DigiCert Inc, CN=DigiCert Global G2 TLS RSA SHA256 2020 CA1"
bms-mqb01as-d02.hrsa.gov,No,Yes,9,1,2026-07-23T00:00:00,2027-02-06T23:59:59,29194132338;29461970024;28190065690;29412899795;29377409148;29286629709;29328107304;29247086759;29060669195,"C=US, O=DigiCert Inc, CN=DigiCert Global G2 TLS RSA SHA256 2020 CA1"
bms-mqb01as-d03.hrsa.gov,No,Yes,9,1,2026-07-23T00:00:00,2027-02-06T23:59:59,29194132338;29461970024;28190065690;29412899795;29377409148;29286629709;29328107304;29247086759;29060669195,"C=US, O=DigiCert Inc, CN=DigiCert Global G2 TLS RSA SHA256 2020 CA1"
bms-mqb01as-p01.hrsa.gov,No,Yes,1,1,2026-07-24T00:00:00,2027-02-07T23:59:59,28215626408,"C=US, O=DigiCert Inc, CN=DigiCert Global G2 TLS RSA SHA256 2020 CA1"
bms-mqb01as-p02.hrsa.gov,No,Yes,1,1,2026-07-24T00:00:00,2027-02-07T23:59:59,28215626408,"C=US, O=DigiCert Inc, CN=DigiCert Global G2 TLS RSA SHA256 2020 CA1"
bms-mqb01as-p03.hrsa.gov,No,Yes,1,1,2026-07-24T00:00:00,2027-02-07T23:59:59,28215626408,"C=US, O=DigiCert Inc, CN=DigiCert Global G2 TLS RSA SHA256 2020 CA1"
bms-mqb01as-s01.hrsa.gov,No,Yes,1,1,2026-07-23T00:00:00,2027-02-06T23:59:59,28190065690,"C=US, O=DigiCert Inc, CN=DigiCert Global G2 TLS RSA SHA256 2020 CA1"
bms-mqb01as-s02.hrsa.gov,No,Yes,1,1,2026-07-23T00:00:00,2027-02-06T23:59:59,28190065690,"C=US, O=DigiCert Inc, CN=DigiCert Global G2 TLS RSA SHA256 2020 CA1"
bms-mqb01as-s03.hrsa.gov,No,Yes,1,1,2026-07-23T00:00:00,2027-02-06T23:59:59,28190065690,"C=US, O=DigiCert Inc, CN=DigiCert Global G2 TLS RSA SHA256 2020 CA1"
bms-mqb01as-t01.hrsa.gov,No,Yes,9,1,2026-07-23T00:00:00,2027-02-06T23:59:59,29194132338;29461970024;28190065690;29412899795;29377409148;29286629709;29328107304;29247086759;29060669195,"C=US, O=DigiCert Inc, CN=DigiCert Global G2 TLS RSA SHA256 2020 CA1"
bms-mqb01as-t02.hrsa.gov,No,Yes,9,1,2026-07-23T00:00:00,2027-02-06T23:59:59,29194132338;29461970024;28190065690;29412899795;29377409148;29286629709;29328107304;29247086759;29060669195,"C=US, O=DigiCert Inc, CN=DigiCert Global G2 TLS RSA SHA256 2020 CA1"
bms-mqb01as-t03.hrsa.gov,No,Yes,9,1,2026-07-23T00:00:00,2027-02-06T23:59:59,29194132338;29461970024;28190065690;29412899795;29377409148;29286629709;29328107304;29247086759;29060669195,"C=US, O=DigiCert Inc, CN=DigiCert Global G2 TLS RSA SHA256 2020 CA1"
bms-mqbas-d06.hrsa.gov,No,Yes,9,1,2026-07-23T00:00:00,2027-02-06T23:59:59,29194132338;29461970024;28190065690;29412899795;29377409148;29286629709;29328107304;29247086759;29060669195,"C=US, O=DigiCert Inc, CN=DigiCert Global G2 TLS RSA SHA256 2020 CA1"
bms-mqbas-d07.hrsa.gov,No,Yes,9,1,2026-07-23T00:00:00,2027-02-06T23:59:59,29194132338;29461970024;28190065690;29412899795;29377409148;29286629709;29328107304;29247086759;29060669195,"C=US, O=DigiCert Inc, CN=DigiCert Global G2 TLS RSA SHA256 2020 CA1"
bms-mqbas-d08.hrsa.gov,No,Yes,9,1,2026-07-23T00:00:00,2027-02-06T23:59:59,29194132338;29461970024;28190065690;29412899795;29377409148;29286629709;29328107304;29247086759;29060669195,"C=US, O=DigiCert Inc, CN=DigiCert Global G2 TLS RSA SHA256 2020 CA1"
bms-mqbas-p06.hrsa.gov,No,Yes,1,1,2026-07-24T00:00:00,2027-02-07T23:59:59,28215626408,"C=US, O=DigiCert Inc, CN=DigiCert Global G2 TLS RSA SHA256 2020 CA1"
bms-mqbas-p07.hrsa.gov,No,Yes,1,1,2026-07-24T00:00:00,2027-02-07T23:59:59,28215626408,"C=US, O=DigiCert Inc, CN=DigiCert Global G2 TLS RSA SHA256 2020 CA1"
bms-mqbas-p08.hrsa.gov,No,Yes,1,1,2026-07-24T00:00:00,2027-02-07T23:59:59,28215626408,"C=US, O=DigiCert Inc, CN=DigiCert Global G2 TLS RSA SHA256 2020 CA1"
bms-mqbas-s06.hrsa.gov,No,Yes,1,1,2026-07-23T00:00:00,2027-02-06T23:59:59,28190065690,"C=US, O=DigiCert Inc, CN=DigiCert Global G2 TLS RSA SHA256 2020 CA1"
bms-mqbas-s07.hrsa.gov,No,Yes,1,1,2026-07-23T00:00:00,2027-02-06T23:59:59,28190065690,"C=US, O=DigiCert Inc, CN=DigiCert Global G2 TLS RSA SHA256 2020 CA1"
bms-mqbas-s08.hrsa.gov,No,Yes,1,1,2026-07-23T00:00:00,2027-02-06T23:59:59,28190065690,"C=US, O=DigiCert Inc, CN=DigiCert Global G2 TLS RSA SHA256 2020 CA1"
bms-mqbas-t06.hrsa.gov,No,Yes,9,1,2026-07-23T00:00:00,2027-02-06T23:59:59,29194132338;29461970024;28190065690;29412899795;29377409148;29286629709;29328107304;29247086759;29060669195,"C=US, O=DigiCert Inc, CN=DigiCert Global G2 TLS RSA SHA256 2020 CA1"
bms-mqbas-t07.hrsa.gov,No,Yes,9,1,2026-07-23T00:00:00,2027-02-06T23:59:59,29194132338;29461970024;28190065690;29412899795;29377409148;29286629709;29328107304;29247086759;29060669195,"C=US, O=DigiCert Inc, CN=DigiCert Global G2 TLS RSA SHA256 2020 CA1"
bms-mqbas-t08.hrsa.gov,No,Yes,9,1,2026-07-23T00:00:00,2027-02-06T23:59:59,29194132338;29461970024;28190065690;29412899795;29377409148;29286629709;29328107304;29247086759;29060669195,"C=US, O=DigiCert Inc, CN=DigiCert Global G2 TLS RSA SHA256 2020 CA1"
bms-mqbas-t09.hrsa.gov,No,Yes,8,1,2026-08-26T00:00:00,2026-10-15T23:59:59,29194132338;29461970024;29412899795;29377409148;29286629709;29328107304;29247086759;29060669195,"C=US, O=DigiCert Inc, CN=DigiCert Global G2 TLS RSA SHA256 2020 CA1"
bms-src01as-d02.hrsa.gov,Yes,Yes,1,1,2026-07-23T00:00:00,2027-02-06T23:59:59,28190065690,"C=US, O=DigiCert Inc, CN=DigiCert Global G2 TLS RSA SHA256 2020 CA1"
bms-src01as-q02.hrsa.gov,No,Yes,1,1,2026-07-23T00:00:00,2027-02-06T23:59:59,28190065690,"C=US, O=DigiCert Inc, CN=DigiCert Global G2 TLS RSA SHA256 2020 CA1"
bms-src01as-t02.hrsa.gov,No,Yes,1,1,2026-07-23T00:00:00,2027-02-06T23:59:59,28190065690,"C=US, O=DigiCert Inc, CN=DigiCert Global G2 TLS RSA SHA256 2020 CA1"
bms-src02as-d02.hrsa.gov,No,Yes,1,1,2026-07-23T00:00:00,2027-02-06T23:59:59,28190065690,"C=US, O=DigiCert Inc, CN=DigiCert Global G2 TLS RSA SHA256 2020 CA1"
bms-src02as-q02.hrsa.gov,No,Yes,1,1,2026-07-23T00:00:00,2027-02-06T23:59:59,28190065690,"C=US, O=DigiCert Inc, CN=DigiCert Global G2 TLS RSA SHA256 2020 CA1"
bms-src02as-t02.hrsa.gov,No,Yes,1,1,2026-07-23T00:00:00,2027-02-06T23:59:59,28190065690,"C=US, O=DigiCert Inc, CN=DigiCert Global G2 TLS RSA SHA256 2020 CA1"
bms-src03as-d02.hrsa.gov,No,Yes,1,1,2026-07-23T00:00:00,2027-02-06T23:59:59,28190065690,"C=US, O=DigiCert Inc, CN=DigiCert Global G2 TLS RSA SHA256 2020 CA1"
bms-src03as-t02.hrsa.gov,No,Yes,1,1,2026-07-23T00:00:00,2027-02-06T23:59:59,28190065690,"C=US, O=DigiCert Inc, CN=DigiCert Global G2 TLS RSA SHA256 2020 CA1"
bms-src04as-d02.hrsa.gov,No,Yes,1,1,2026-07-23T00:00:00,2027-02-06T23:59:59,28190065690,"C=US, O=DigiCert Inc, CN=DigiCert Global G2 TLS RSA SHA256 2020 CA1"
bms-src04as-t02.hrsa.gov,No,Yes,1,1,2026-07-23T00:00:00,2027-02-06T23:59:59,28190065690,"C=US, O=DigiCert Inc, CN=DigiCert Global G2 TLS RSA SHA256 2020 CA1"
bms-srcas-p02.hrsa.gov,Yes,Yes,1,1,2026-07-24T00:00:00,2027-02-07T23:59:59,28215626408,"C=US, O=DigiCert Inc, CN=DigiCert Global G2 TLS RSA SHA256 2020 CA1"
bms-srcas-s02.hrsa.gov,No,Yes,1,1,2026-07-23T00:00:00,2027-02-06T23:59:59,28190065690,"C=US, O=DigiCert Inc, CN=DigiCert Global G2 TLS RSA SHA256 2020 CA1"
bmsagw-network01-01.hrsa.gov,Yes,Yes,1,1,2026-06-03T20:09:28,2026-12-19T20:08:28,26865025571,"C=US, O=IdenTrust, OU=HydrantID Trusted Certificate Service, CN=HydrantID Server CA O1"
bphc.hrsa.gov,No,Yes,8,3,2026-03-24T00:00:00,2027-03-17T23:59:59,26955859473;29177339014;27591230294;25197827555;25862792874;27591234840;25182293221;26272312242,"C=US, O=Let's Encrypt, CN=YR2;C=US, O=IdenTrust, OU=HydrantID Trusted Certificate Service, CN=HydrantID Server CA O1;C=US, O=DigiCert Inc, OU=www.digicert.com, CN=GeoTrust TLS RSA CA G1"
brsos.hrsa.gov,No,Yes,8,3,2025-12-03T21:46:37,2027-01-11T21:21:25,29027105922;29024533709;23081541521;29029652734;28382676367;22891143606;28382669744;29171445221,"C=US, O=Let's Encrypt, CN=YR2;C=US, O=Let's Encrypt, CN=YR1;C=US, O=IdenTrust, OU=HydrantID Trusted Certificate Service, CN=HydrantID Server CA O1"
brsrs.hrsa.gov,No,Yes,7,3,2026-01-14T17:31:43,2027-02-13T17:30:43,29027105922;29024533709;23766395439;29029652734;28382676367;28382669744;29171445221,"C=US, O=Let's Encrypt, CN=YR2;C=US, O=Let's Encrypt, CN=YR1;C=US, O=IdenTrust, OU=HydrantID Trusted Certificate Service, CN=HydrantID Server CA O1"
brsrsos.hrsa.gov,No,Yes,6,2,2026-07-30T14:23:58,2026-11-18T16:36:34,29027105922;29024533709;29029652734;28382676367;28382669744;29171445221,"C=US, O=Let's Encrypt, CN=YR2;C=US, O=Let's Encrypt, CN=YR1"
brsrsstg01.hrsa.gov,No,Yes,7,3,2026-07-27T20:19:36,2027-02-11T20:18:36,29027105922;28300892213;29024533709;29029652734;28382676367;28382669744;29171445221,"C=US, O=Let's Encrypt, CN=YR2;C=US, O=Let's Encrypt, CN=YR1;C=US, O=IdenTrust, OU=HydrantID Trusted Certificate Service, CN=HydrantID Server CA O1"
brsrsstg02.hrsa.gov,No,Yes,7,3,2026-07-29T20:56:59,2027-02-13T20:55:59,29027105922;29024533709;28360462000;29029652734;28382676367;28382669744;29171445221,"C=US, O=Let's Encrypt, CN=YR2;C=US, O=Let's Encrypt, CN=YR1;C=US, O=IdenTrust, OU=HydrantID Trusted Certificate Service, CN=HydrantID Server CA O1"
brssec.hrsa.gov,No,Yes,6,2,2026-07-30T14:23:58,2026-11-18T16:36:34,29027105922;29024533709;29029652734;28382676367;28382669744;29171445221,"C=US, O=Let's Encrypt, CN=YR2;C=US, O=Let's Encrypt, CN=YR1"
brsstg01.hrsa.gov,No,Yes,7,3,2026-05-05T18:28:25,2026-11-20T18:27:25,29027105922;29024533709;26360348254;29029652734;28382676367;28382669744;29171445221,"C=US, O=Let's Encrypt, CN=YR2;C=US, O=Let's Encrypt, CN=YR1;C=US, O=IdenTrust, OU=HydrantID Trusted Certificate Service, CN=HydrantID Server CA O1"
brsstg02.hrsa.gov,Yes,Yes,7,3,2026-07-30T14:23:58,2027-03-11T13:54:42,29027105922;29024533709;28993589124;29029652734;28382676367;28382669744;29171445221,"C=US, O=Let's Encrypt, CN=YR2;C=US, O=Let's Encrypt, CN=YR1;C=US, O=IdenTrust, OU=HydrantID Trusted Certificate Service, CN=HydrantID Server CA O1"
cart.hrsa.gov,Yes,Yes,3,2,2026-07-07T13:40:31,2027-01-28T18:32:49,27758898063;27905487780;27758905141,"C=US, O=Let's Encrypt, CN=YR1;C=US, O=IdenTrust, OU=HydrantID Trusted Certificate Service, CN=HydrantID Server CA O1"
cartreports.hrsa.gov,Yes,Yes,1,1,2026-08-03T17:57:03,2027-02-18T17:56:03,28500314875,"C=US, O=IdenTrust, OU=HydrantID Trusted Certificate Service, CN=HydrantID Server CA O1"
cicpsubmit.hrsa.gov,Yes,Yes,1,1,2026-06-05T20:47:57,2026-12-21T20:46:57,26923118253,"C=US, O=IdenTrust, OU=HydrantID Trusted Certificate Service, CN=HydrantID Server CA O1"
commercialaudit.hrsa.gov,Yes,Yes,1,1,2025-09-16T19:15:18,2026-10-16T19:14:18,21064260404,"C=US, O=IdenTrust, OU=HydrantID Trusted Certificate Service, CN=HydrantID Server CA O1"
community.hrsa.gov,Yes,Yes,1,1,2026-07-01T18:30:06,2027-01-16T18:29:06,27624045922,"C=US, O=IdenTrust, OU=HydrantID Trusted Certificate Service, CN=HydrantID Server CA O1"
compliance-checker-nonprod.hrsa.gov,Yes,Yes,1,1,2026-07-20T19:44:35,2027-02-04T19:43:35,28102126475,"C=US, O=IdenTrust, OU=HydrantID Trusted Certificate Service, CN=HydrantID Server CA O1"
confluence.npdb.hrsa.gov,No,Yes,8,2,2026-04-08T00:00:00,2027-03-28T23:59:59,28864978949;28856084385;28857244156;25445489189;29362571821;28864977369;27995966461;27995987797,"C=US, O=DigiCert Inc, CN=DigiCert Global G2 TLS RSA SHA256 2020 CA1;C=US, O=DigiCert Inc, CN=DigiCert Global G3 TLS ECC SHA384 2020 CA1"
connector.hrsa.gov,No,Yes,7,3,2026-01-09T22:17:50,2027-02-08T22:16:50,27810139202;23665383178;28591618858;28526888920;28591631614;28526876604;27810133506,"C=US, O=Let's Encrypt, CN=YR2;C=US, O=Let's Encrypt, CN=YR1;C=US, O=IdenTrust, OU=HydrantID Trusted Certificate Service, CN=HydrantID Server CA O1"
connectorpreprodcloud.hrsa.gov,No,Yes,6,2,2026-07-09T15:38:15,2026-11-04T13:54:59,27810139202;28591618858;28526888920;28591631614;28526876604;27810133506,"C=US, O=Let's Encrypt, CN=YR2;C=US, O=Let's Encrypt, CN=YR1"
coverity.npdb.hrsa.gov,No,Yes,6,2,2025-12-11T00:00:00,2026-12-12T23:59:59,23047708348;25957069869;23047735202;25950796965;25329331128;25950830341,"C=US, O=DigiCert Inc, CN=DigiCert Global G2 TLS RSA SHA256 2020 CA1;C=US, O=DigiCert Inc, CN=DigiCert Global G3 TLS ECC SHA384 2020 CA1"
coviduninsuredclaim.hrsa.gov,No,Yes,7,2,2026-03-24T00:00:00,2027-03-17T23:59:59,26955859473;29177339014;27591230294;25197827555;25862792874;27591234840;25182293221,"C=US, O=Let's Encrypt, CN=YR2;C=US, O=DigiCert Inc, OU=www.digicert.com, CN=GeoTrust TLS RSA CA G1"
cribl-aws.internal.hrsa.gov,Yes,Yes,1,1,2025-09-12T00:00:00,2026-10-11T23:59:59,20976495008,"C=US, O=Amazon, CN=Amazon RSA 2048 M04"
cribl.hrsa.gov,Yes,Yes,2,1,2025-10-09T14:32:05,2026-11-21T17:37:27,26375830986;21601424206,"C=US, O=IdenTrust, OU=HydrantID Trusted Certificate Service, CN=HydrantID Server CA O1"
crucible.npdb.hrsa.gov,Yes,Yes,1,1,2026-08-18T00:00:00,2027-03-04T23:59:59,28810229688,"C=US, O=DigiCert Inc, CN=DigiCert Global G2 TLS RSA SHA256 2020 CA1"
cyberark.hrsa.gov,Yes,Yes,1,1,2026-06-25T18:39:21,2027-01-10T18:38:21,27481705909,"C=US, O=IdenTrust, OU=HydrantID Trusted Certificate Service, CN=HydrantID Server CA O1"
cyberark.staging.hrsa.gov,Yes,Yes,1,1,2025-11-19T00:00:00,2026-11-19T23:59:59,22600349416,"C=US, O=DigiCert Inc, CN=DigiCert Global G2 TLS RSA SHA256 2020 CA1"
dapsagw-network02-01.hrsa.gov,Yes,Yes,1,1,2026-06-10T20:44:16,2026-12-26T20:43:16,27063516492,"C=US, O=IdenTrust, OU=HydrantID Trusted Certificate Service, CN=HydrantID Server CA O1"
dashboardext.hrsa.gov,No,Yes,5,2,2025-12-03T21:36:21,2027-01-02T21:35:21,29024533709;22891119226;28382676367;28382669744;29171445221,"C=US, O=Let's Encrypt, CN=YR1;C=US, O=IdenTrust, OU=HydrantID Trusted Certificate Service, CN=HydrantID Server CA O1"
dashboardext.os.hrsa.gov,No,Yes,6,2,2026-02-25T20:36:21,2027-03-27T20:35:21,29024533709;24644017337;28382676367;28382669744;29171445221;25050197633,"C=US, O=Let's Encrypt, CN=YR1;C=US, O=IdenTrust, OU=HydrantID Trusted Certificate Service, CN=HydrantID Server CA O1"
dashboardext.stg01.hrsa.gov,No,Yes,5,2,2026-02-25T20:36:21,2027-03-27T20:35:21,29024533709;24644017337;28382676367;28382669744;29171445221,"C=US, O=Let's Encrypt, CN=YR1;C=US, O=IdenTrust, OU=HydrantID Trusted Certificate Service, CN=HydrantID Server CA O1"
dashboardext.stg02.hrsa.gov,No,Yes,3,2,2026-02-25T20:35:39,2027-03-27T20:34:39,28382669744;24644002413;28382676367,"C=US, O=Let's Encrypt, CN=YR1;C=US, O=IdenTrust, OU=HydrantID Trusted Certificate Service, CN=HydrantID Server CA O1"
dashboardext.uat.hrsa.gov,No,Yes,5,2,2026-02-25T20:35:39,2027-03-27T20:34:39,29024533709;24644002413;28382676367;28382669744;29171445221,"C=US, O=Let's Encrypt, CN=YR1;C=US, O=IdenTrust, OU=HydrantID Trusted Certificate Service, CN=HydrantID Server CA O1"
dashboardrepository.os.hrsa.gov,No,Yes,1,1,2026-02-25T20:35:39,2027-03-27T20:34:39,24644002413,"C=US, O=IdenTrust, OU=HydrantID Trusted Certificate Service, CN=HydrantID Server CA O1"
dashboardrepository.stg02.hrsa.gov,No,Yes,1,1,2026-02-25T20:35:39,2027-03-27T20:34:39,24644002413,"C=US, O=IdenTrust, OU=HydrantID Trusted Certificate Service, CN=HydrantID Server CA O1"
dashboards.hrsa.gov,Yes,Yes,1,1,2026-03-17T18:56:26,2026-10-02T18:55:26,25050202106,"C=US, O=IdenTrust, OU=HydrantID Trusted Certificate Service, CN=HydrantID Server CA O1"
dashboards.os.hrsa.gov,No,Yes,1,1,2026-02-25T20:35:39,2027-03-27T20:34:39,24644002413,"C=US, O=IdenTrust, OU=HydrantID Trusted Certificate Service, CN=HydrantID Server CA O1"
dashboards.stg01.hrsa.gov,No,Yes,1,1,2026-02-25T20:36:21,2027-03-27T20:35:21,24644017337,"C=US, O=IdenTrust, OU=HydrantID Trusted Certificate Service, CN=HydrantID Server CA O1"
dashboards.stg02.hrsa.gov,No,Yes,1,1,2026-02-25T20:35:39,2027-03-27T20:34:39,24644002413,"C=US, O=IdenTrust, OU=HydrantID Trusted Certificate Service, CN=HydrantID Server CA O1"
dashboards.uat.hrsa.gov,No,Yes,5,2,2026-02-25T20:35:39,2027-03-27T20:34:39,29024533709;24644002413;28382676367;28382669744;29171445221,"C=US, O=Let's Encrypt, CN=YR1;C=US, O=IdenTrust, OU=HydrantID Trusted Certificate Service, CN=HydrantID Server CA O1"
dat-nonprod.hrsa.gov,Yes,Yes,1,1,2026-09-15T00:00:00,2027-03-31T23:59:59,29434976219,"C=US, O=Amazon, CN=Amazon RSA 2048 M01"
data-stage.hdw.hrsa.gov,No,Yes,1,1,2026-02-25T20:37:35,2027-03-27T20:36:35,24644032362,"C=US, O=IdenTrust, OU=HydrantID Trusted Certificate Service, CN=HydrantID Server CA O1"
data-uat.hdw.hrsa.gov,No,Yes,1,1,2026-03-02T14:28:15,2027-04-01T14:27:15,24738506080,"C=US, O=IdenTrust, OU=HydrantID Trusted Certificate Service, CN=HydrantID Server CA O1"
data.hrsa.gov,No,Yes,1,1,2026-03-12T17:13:38,2026-09-27T17:12:38,24946118147,"C=US, O=IdenTrust, OU=HydrantID Trusted Certificate Service, CN=HydrantID Server CA O1"
data.npdb.hrsa.gov,Yes,Yes,7,2,2026-02-11T00:00:00,2027-03-06T23:59:59,28864978949;28856084385;28857244156;28864977369;24342833914;27995966461;27995987797,"C=US, O=DigiCert Inc, CN=DigiCert Global G2 TLS RSA SHA256 2020 CA1;C=US, O=DigiCert Inc, CN=DigiCert Global G3 TLS ECC SHA384 2020 CA1"
datawarehouse-stage.hdw.hrsa.gov,No,Yes,1,1,2026-02-25T20:37:35,2027-03-27T20:36:35,24644032362,"C=US, O=IdenTrust, OU=HydrantID Trusted Certificate Service, CN=HydrantID Server CA O1"
datawarehouse.hrsa.gov,Yes,Yes,1,1,2026-03-12T17:13:38,2026-09-27T17:12:38,24946118147,"C=US, O=IdenTrust, OU=HydrantID Trusted Certificate Service, CN=HydrantID Server CA O1"
ddasagw-network01-01.hrsa.gov,Yes,Yes,1,1,2026-02-25T20:37:35,2027-03-27T20:36:35,24644032362,"C=US, O=IdenTrust, OU=HydrantID Trusted Certificate Service, CN=HydrantID Server CA O1"
ddasagw-network01-02.hrsa.gov,Yes,Yes,1,1,2026-02-25T20:37:48,2027-03-27T20:36:48,24644032216,"C=US, O=IdenTrust, OU=HydrantID Trusted Certificate Service, CN=HydrantID Server CA O1"
ddasagw-network01-03.hrsa.gov,Yes,Yes,1,1,2026-03-02T14:28:15,2027-04-01T14:27:15,24738506080,"C=US, O=IdenTrust, OU=HydrantID Trusted Certificate Service, CN=HydrantID Server CA O1"
ddasagw-network01-04.hrsa.gov,Yes,Yes,1,1,2026-03-04T15:19:23,2027-04-03T15:18:23,24782008175,"C=US, O=IdenTrust, OU=HydrantID Trusted Certificate Service, CN=HydrantID Server CA O1"
ddasagw-network01-05.hrsa.gov,Yes,Yes,1,1,2026-04-24T19:29:36,2026-11-09T19:28:36,26162284186,"C=US, O=IdenTrust, OU=HydrantID Trusted Certificate Service, CN=HydrantID Server CA O1"
ddasagw-network01-06.hrsa.gov,Yes,Yes,2,1,2026-06-01T18:53:04,2026-12-18T19:15:19,26807445701;26835275046,"C=US, O=IdenTrust, OU=HydrantID Trusted Certificate Service, CN=HydrantID Server CA O1"
ddasagw-network01-07.hrsa.gov,Yes,Yes,1,1,2026-07-21T17:53:18,2027-02-05T17:52:18,28130458952,"C=US, O=IdenTrust, OU=HydrantID Trusted Certificate Service, CN=HydrantID Server CA O1"
ddasagw-network02-01.hrsa.gov,No,Yes,2,1,2026-02-25T20:38:16,2027-03-27T20:37:16,24644032219;28883471953,"C=US, O=IdenTrust, OU=HydrantID Trusted Certificate Service, CN=HydrantID Server CA O1"
ddasagw-network02-02.hrsa.gov,Yes,Yes,1,1,2026-08-21T13:05:47,2027-03-08T13:04:47,28883471953,"C=US, O=IdenTrust, OU=HydrantID Trusted Certificate Service, CN=HydrantID Server CA O1"
ddasagw-network02-03.hrsa.gov,Yes,Yes,1,1,2026-09-16T18:31:43,2027-04-03T18:30:43,29458943446,"C=US, O=IdenTrust, OU=HydrantID Trusted Certificate Service, CN=HydrantID Server CA O1"
delinquent-audit-tracker.hrsa.gov,Yes,Yes,1,1,2026-07-27T00:00:00,2027-02-09T23:59:59,28301528419,"C=US, O=Amazon, CN=Amazon RSA 2048 M04"
demo-iqrs.npdb.hrsa.gov,No,Yes,5,2,2025-10-05T00:00:00,2027-02-04T23:59:59,21483312591;21483213136;24788908273;28107571300;28107712414,"C=US, O=DigiCert Inc, CN=DigiCert Global G2 TLS RSA SHA256 2020 CA1;C=US, O=DigiCert Inc, CN=DigiCert Global G3 TLS ECC SHA384 2020 CA1"
demo-my.npdb.hrsa.gov,No,Yes,2,2,2026-07-21T00:00:00,2027-02-04T23:59:59,28107571300;28107712414,"C=US, O=DigiCert Inc, CN=DigiCert Global G2 TLS RSA SHA256 2020 CA1;C=US, O=DigiCert Inc, CN=DigiCert Global G3 TLS ECC SHA384 2020 CA1"
demo-tracker.npdb.hrsa.gov,No,Yes,5,2,2025-10-05T00:00:00,2027-02-04T23:59:59,21483312591;21483213136;24788908273;28107571300;28107712414,"C=US, O=DigiCert Inc, CN=DigiCert Global G2 TLS RSA SHA256 2020 CA1;C=US, O=DigiCert Inc, CN=DigiCert Global G3 TLS ECC SHA384 2020 CA1"
demo.npdb.hrsa.gov,Yes,Yes,5,2,2025-10-05T00:00:00,2027-02-04T23:59:59,21483312591;21483213136;24788908273;28107571300;28107712414,"C=US, O=DigiCert Inc, CN=DigiCert Global G2 TLS RSA SHA256 2020 CA1;C=US, O=DigiCert Inc, CN=DigiCert Global G3 TLS ECC SHA384 2020 CA1"
devsplunk.npdb.hrsa.gov,Yes,Yes,7,1,2026-09-08T00:00:00,2027-03-25T23:59:59,29315595936;29317153515;29293564198;29315253651;29337159664;29290635364;29315474044,"C=US, O=DigiCert Inc, CN=DigiCert Global G2 TLS RSA SHA256 2020 CA1"
distictraining.hrsa.gov,No,Yes,1,1,2026-08-31T11:32:34,2026-11-29T11:32:33,29200859738,"C=US, O=Let's Encrypt, CN=YR1"
egis.hrsa.gov,No,Yes,7,3,2025-11-20T15:19:23,2026-12-20T15:18:23,29027105922;29024533709;29029652734;28382676367;28382669744;29171445221;22620403844,"C=US, O=Let's Encrypt, CN=YR2;C=US, O=Let's Encrypt, CN=YR1;C=US, O=IdenTrust, OU=HydrantID Trusted Certificate Service, CN=HydrantID Server CA O1"
egisos.hrsa.gov,No,Yes,7,3,2026-01-14T19:08:08,2027-02-13T19:07:08,29027105922;23767020610;29024533709;29029652734;28382676367;28382669744;29171445221,"C=US, O=Let's Encrypt, CN=YR2;C=US, O=Let's Encrypt, CN=YR1;C=US, O=IdenTrust, OU=HydrantID Trusted Certificate Service, CN=HydrantID Server CA O1"
egissec.hrsa.gov,No,Yes,6,2,2026-07-30T14:23:58,2026-11-18T16:36:34,29027105922;29024533709;29029652734;28382676367;28382669744;29171445221,"C=US, O=Let's Encrypt, CN=YR2;C=US, O=Let's Encrypt, CN=YR1"
egisstg01.hrsa.gov,Yes,Yes,7,3,2026-07-30T14:23:58,2027-03-07T19:45:09,29027105922;29024533709;28865760615;29029652734;28382676367;28382669744;29171445221,"C=US, O=Let's Encrypt, CN=YR2;C=US, O=Let's Encrypt, CN=YR1;C=US, O=IdenTrust, OU=HydrantID Trusted Certificate Service, CN=HydrantID Server CA O1"
egisstg02.hrsa.gov,Yes,Yes,7,3,2026-07-30T14:23:58,2027-03-11T17:12:06,29027105922;29024533709;28998155985;29029652734;28382676367;28382669744;29171445221,"C=US, O=Let's Encrypt, CN=YR2;C=US, O=Let's Encrypt, CN=YR1;C=US, O=IdenTrust, OU=HydrantID Trusted Certificate Service, CN=HydrantID Server CA O1"
ehbads.hrsa.gov,No,Yes,7,3,2025-08-26T16:51:18,2026-11-18T16:36:34,29027105922;29024533709;20591239833;29029652734;28382676367;28382669744;29171445221,"C=US, O=Let's Encrypt, CN=YR2;C=US, O=Let's Encrypt, CN=YR1;C=US, O=IdenTrust, OU=HydrantID Trusted Certificate Service, CN=HydrantID Server CA O1"
ehbagw-network01-01.hrsa.gov,Yes,Yes,1,1,2026-02-25T20:35:39,2027-03-27T20:34:39,24644002413,"C=US, O=IdenTrust, OU=HydrantID Trusted Certificate Service, CN=HydrantID Server CA O1"
ehbagw-networkuat-01.hrsa.gov,Yes,Yes,1,1,2026-02-25T20:36:21,2027-03-27T20:35:21,24644017337,"C=US, O=IdenTrust, OU=HydrantID Trusted Certificate Service, CN=HydrantID Server CA O1"
ehbcmn.hrsa.gov,No,Yes,10,3,2026-01-14T19:10:57,2027-03-04T15:29:47,29027105922;29024533709;24085890823;24140666345;29029652734;28382676367;23769787166;28382669744;29171445221;23767180485,"C=US, O=Let's Encrypt, CN=YR2;C=US, O=Let's Encrypt, CN=YR1;C=US, O=IdenTrust, OU=HydrantID Trusted Certificate Service, CN=HydrantID Server CA O1"
ehbcmnos.hrsa.gov,No,Yes,7,3,2026-01-14T19:08:50,2027-02-13T19:07:50,29027105922;29024533709;23767075967;29029652734;28382676367;28382669744;29171445221,"C=US, O=Let's Encrypt, CN=YR2;C=US, O=Let's Encrypt, CN=YR1;C=US, O=IdenTrust, OU=HydrantID Trusted Certificate Service, CN=HydrantID Server CA O1"
ehbcmnsec.hrsa.gov,No,Yes,6,2,2026-07-30T14:23:58,2026-11-18T16:36:34,29027105922;29024533709;29029652734;28382676367;28382669744;29171445221,"C=US, O=Let's Encrypt, CN=YR2;C=US, O=Let's Encrypt, CN=YR1"
ehbcmnstg01.hrsa.gov,Yes,Yes,7,3,2026-07-30T14:23:58,2027-03-07T19:45:28,29027105922;29024533709;28865767117;29029652734;28382676367;28382669744;29171445221,"C=US, O=Let's Encrypt, CN=YR2;C=US, O=Let's Encrypt, CN=YR1;C=US, O=IdenTrust, OU=HydrantID Trusted Certificate Service, CN=HydrantID Server CA O1"
ehbcmnstg02.hrsa.gov,No,Yes,7,3,2026-07-30T14:23:58,2027-02-14T15:17:51,29027105922;29024533709;28382601731;29029652734;28382676367;28382669744;29171445221,"C=US, O=Let's Encrypt, CN=YR2;C=US, O=Let's Encrypt, CN=YR1;C=US, O=IdenTrust, OU=HydrantID Trusted Certificate Service, CN=HydrantID Server CA O1"
ehbebmstg01.hrsa.gov,Yes,Yes,1,1,2026-07-29T20:56:19,2027-02-13T20:55:19,28360461462,"C=US, O=IdenTrust, OU=HydrantID Trusted Certificate Service, CN=HydrantID Server CA O1"
ehbebmstg02.hrsa.gov,Yes,Yes,1,1,2026-07-29T20:56:38,2027-02-13T20:55:38,28360462604,"C=US, O=IdenTrust, OU=HydrantID Trusted Certificate Service, CN=HydrantID Server CA O1"
ehbgrantsgov.hrsa.gov,Yes,Yes,4,2,2025-10-24T17:09:35,2026-11-24T23:59:59,22259448812;21974663940;25069443321;22471250517,"C=US, O=DigiCert Inc, CN=DigiCert Global G2 TLS RSA SHA256 2020 CA1;C=US, O=IdenTrust, OU=HydrantID Trusted Certificate Service, CN=HydrantID Server CA O1"
ehbnrm.hrsa.gov,No,Yes,7,3,2026-07-01T18:30:38,2027-01-16T18:29:38,29027105922;29024533709;27624060840;29029652734;28382676367;28382669744;29171445221,"C=US, O=Let's Encrypt, CN=YR2;C=US, O=Let's Encrypt, CN=YR1;C=US, O=IdenTrust, OU=HydrantID Trusted Certificate Service, CN=HydrantID Server CA O1"
ehbos.hrsa.gov,No,Yes,7,3,2026-01-14T19:10:28,2027-02-13T19:09:28,29027105922;29024533709;23767178920;29029652734;28382676367;28382669744;29171445221,"C=US, O=Let's Encrypt, CN=YR2;C=US, O=Let's Encrypt, CN=YR1;C=US, O=IdenTrust, OU=HydrantID Trusted Certificate Service, CN=HydrantID Server CA O1"
ehbsaira.hrsa.gov,Yes,Yes,1,1,2026-09-03T18:28:50,2027-03-21T18:27:50,29249445007,"C=US, O=IdenTrust, OU=HydrantID Trusted Certificate Service, CN=HydrantID Server CA O1"
ehbsairastg01.hrsa.gov,Yes,Yes,1,1,2026-09-03T18:29:36,2027-03-21T18:28:36,29249450252,"C=US, O=IdenTrust, OU=HydrantID Trusted Certificate Service, CN=HydrantID Server CA O1"
ehbsairastg02.hrsa.gov,Yes,Yes,1,1,2026-09-03T18:29:07,2027-03-21T18:28:07,29249447108,"C=US, O=IdenTrust, OU=HydrantID Trusted Certificate Service, CN=HydrantID Server CA O1"
ehbsairauat02.hrsa.gov,Yes,Yes,1,1,2026-09-03T18:29:21,2027-03-21T18:28:21,29249448329,"C=US, O=IdenTrust, OU=HydrantID Trusted Certificate Service, CN=HydrantID Server CA O1"
ehbsearch.hrsa.gov,Yes,Yes,1,1,2026-01-09T22:15:48,2027-02-08T22:14:48,23665348471,"C=US, O=IdenTrust, OU=HydrantID Trusted Certificate Service, CN=HydrantID Server CA O1"
ehbsec.hrsa.gov,No,Yes,6,2,2026-07-30T14:23:58,2026-11-18T16:36:34,29027105922;29024533709;29029652734;28382676367;28382669744;29171445221,"C=US, O=Let's Encrypt, CN=YR2;C=US, O=Let's Encrypt, CN=YR1"
ehbstg01.hrsa.gov,No,Yes,7,3,2026-05-05T18:26:51,2026-11-20T18:25:51,29027105922;29024533709;26360328541;29029652734;28382676367;28382669744;29171445221,"C=US, O=Let's Encrypt, CN=YR2;C=US, O=Let's Encrypt, CN=YR1;C=US, O=IdenTrust, OU=HydrantID Trusted Certificate Service, CN=HydrantID Server CA O1"
ehbstg02.hrsa.gov,No,Yes,7,3,2026-07-30T14:23:58,2027-02-14T15:16:57,29027105922;29024533709;28382580117;29029652734;28382676367;28382669744;29171445221,"C=US, O=Let's Encrypt, CN=YR2;C=US, O=Let's Encrypt, CN=YR1;C=US, O=IdenTrust, OU=HydrantID Trusted Certificate Service, CN=HydrantID Server CA O1"
ehbuat02t01.hrsa.gov,Yes,Yes,7,3,2026-07-30T14:23:58,2027-03-11T17:15:37,29027105922;29024533709;28998240249;29029652734;28382676367;28382669744;29171445221,"C=US, O=Let's Encrypt, CN=YR2;C=US, O=Let's Encrypt, CN=YR1;C=US, O=IdenTrust, OU=HydrantID Trusted Certificate Service, CN=HydrantID Server CA O1"
ehbuat02t02.hrsa.gov,Yes,Yes,7,3,2026-07-30T14:23:58,2027-03-11T17:16:26,29027105922;29024533709;29029652734;28998261777;28382676367;28382669744;29171445221,"C=US, O=Let's Encrypt, CN=YR2;C=US, O=Let's Encrypt, CN=YR1;C=US, O=IdenTrust, OU=HydrantID Trusted Certificate Service, CN=HydrantID Server CA O1"
ehbuat02t03.hrsa.gov,Yes,Yes,7,3,2026-07-30T14:23:58,2027-03-11T17:16:51,29027105922;29024533709;28998281722;29029652734;28382676367;28382669744;29171445221,"C=US, O=Let's Encrypt, CN=YR2;C=US, O=Let's Encrypt, CN=YR1;C=US, O=IdenTrust, OU=HydrantID Trusted Certificate Service, CN=HydrantID Server CA O1"
ehbuat02t04.hrsa.gov,Yes,Yes,7,3,2026-07-30T14:23:58,2027-03-11T17:43:03,29027105922;29024533709;29029652734;28382676367;28998872580;28382669744;29171445221,"C=US, O=Let's Encrypt, CN=YR2;C=US, O=Let's Encrypt, CN=YR1;C=US, O=IdenTrust, OU=HydrantID Trusted Certificate Service, CN=HydrantID Server CA O1"
ehbuat03t01.hrsa.gov,No,Yes,7,3,2026-07-29T20:44:18,2027-02-13T20:43:18,29027105922;29024533709;28360252760;29029652734;28382676367;28382669744;29171445221,"C=US, O=Let's Encrypt, CN=YR2;C=US, O=Let's Encrypt, CN=YR1;C=US, O=IdenTrust, OU=HydrantID Trusted Certificate Service, CN=HydrantID Server CA O1"
ehbuat03t02.hrsa.gov,No,Yes,7,3,2026-07-29T20:44:38,2027-02-13T20:43:38,29027105922;29024533709;28360253608;29029652734;28382676367;28382669744;29171445221,"C=US, O=Let's Encrypt, CN=YR2;C=US, O=Let's Encrypt, CN=YR1;C=US, O=IdenTrust, OU=HydrantID Trusted Certificate Service, CN=HydrantID Server CA O1"
ehbuat03t03.hrsa.gov,No,Yes,7,3,2026-07-29T20:44:59,2027-02-13T20:43:59,29027105922;29024533709;29029652734;28382676367;28360253834;28382669744;29171445221,"C=US, O=Let's Encrypt, CN=YR2;C=US, O=Let's Encrypt, CN=YR1;C=US, O=IdenTrust, OU=HydrantID Trusted Certificate Service, CN=HydrantID Server CA O1"
ehbuat03t04.hrsa.gov,No,Yes,7,3,2026-07-29T20:45:31,2027-02-13T20:44:31,29027105922;29024533709;28360271799;29029652734;28382676367;28382669744;29171445221,"C=US, O=Let's Encrypt, CN=YR2;C=US, O=Let's Encrypt, CN=YR1;C=US, O=IdenTrust, OU=HydrantID Trusted Certificate Service, CN=HydrantID Server CA O1"
ehbuat04t01.hrsa.gov,Yes,Yes,8,3,2026-03-13T15:28:44,2027-03-20T17:39:06,29027105922;24965524716;29024533709;29233814573;29029652734;28382676367;28382669744;29171445221,"C=US, O=Let's Encrypt, CN=YR2;C=US, O=Let's Encrypt, CN=YR1;C=US, O=IdenTrust, OU=HydrantID Trusted Certificate Service, CN=HydrantID Server CA O1"
ehbuat04t02.hrsa.gov,Yes,Yes,8,3,2026-03-13T18:07:15,2027-03-20T17:39:42,29027105922;29024533709;29233822326;29029652734;28382676367;28382669744;29171445221;24968031606,"C=US, O=Let's Encrypt, CN=YR2;C=US, O=Let's Encrypt, CN=YR1;C=US, O=IdenTrust, OU=HydrantID Trusted Certificate Service, CN=HydrantID Server CA O1"
ehbuat04t03.hrsa.gov,Yes,Yes,8,3,2026-03-13T18:06:21,2027-03-20T17:40:31,29027105922;29024533709;24968015693;29029652734;28382676367;28382669744;29171445221;29233835411,"C=US, O=Let's Encrypt, CN=YR2;C=US, O=Let's Encrypt, CN=YR1;C=US, O=IdenTrust, OU=HydrantID Trusted Certificate Service, CN=HydrantID Server CA O1"
ehbuat04t04.hrsa.gov,No,Yes,7,3,2026-03-13T18:06:49,2026-11-18T16:36:34,29027105922;29024533709;24968031196;29029652734;28382676367;28382669744;29171445221,"C=US, O=Let's Encrypt, CN=YR2;C=US, O=Let's Encrypt, CN=YR1;C=US, O=IdenTrust, OU=HydrantID Trusted Certificate Service, CN=HydrantID Server CA O1"
ehbuat05t01.hrsa.gov,Yes,Yes,8,3,2025-08-28T19:32:07,2027-03-20T17:41:39,29027105922;29024533709;29233842281;29029652734;28382676367;20637296290;28382669744;29171445221,"C=US, O=Let's Encrypt, CN=YR2;C=US, O=Let's Encrypt, CN=YR1;C=US, O=IdenTrust, OU=HydrantID Trusted Certificate Service, CN=HydrantID Server CA O1"
ehbuat05t02.hrsa.gov,Yes,Yes,8,3,2025-08-28T19:36:36,2027-03-20T17:42:00,29027105922;29024533709;20637374621;29233843785;29029652734;28382676367;28382669744;29171445221,"C=US, O=Let's Encrypt, CN=YR2;C=US, O=Let's Encrypt, CN=YR1;C=US, O=IdenTrust, OU=HydrantID Trusted Certificate Service, CN=HydrantID Server CA O1"
ehbuat05t03.hrsa.gov,Yes,Yes,8,3,2025-08-28T19:34:46,2027-03-20T17:43:23,29027105922;20637350340;29024533709;29029652734;28382676367;29233863871;28382669744;29171445221,"C=US, O=Let's Encrypt, CN=YR2;C=US, O=Let's Encrypt, CN=YR1;C=US, O=IdenTrust, OU=HydrantID Trusted Certificate Service, CN=HydrantID Server CA O1"
ehbuat05t04.hrsa.gov,No,Yes,7,3,2025-08-28T19:26:44,2026-11-18T16:36:34,29027105922;29024533709;29029652734;28382676367;20637203449;28382669744;29171445221,"C=US, O=Let's Encrypt, CN=YR2;C=US, O=Let's Encrypt, CN=YR1;C=US, O=IdenTrust, OU=HydrantID Trusted Certificate Service, CN=HydrantID Server CA O1"
eli.test.hrsa.gov,Yes,Yes,1,1,2026-01-08T15:39:11,2027-02-07T15:38:11,23635172202,"C=US, O=IdenTrust, OU=HydrantID Trusted Certificate Service, CN=HydrantID Server CA O1"
elitest.hrsa.gov,No,Yes,2,1,2026-01-08T14:46:59,2027-02-07T15:38:11,23634288227;23635172202,"C=US, O=IdenTrust, OU=HydrantID Trusted Certificate Service, CN=HydrantID Server CA O1"
enterpriseregistration.hrsa.gov,No,Yes,1,1,2025-12-10T19:40:55,2027-01-09T19:39:55,23039647411,"C=US, O=IdenTrust, OU=HydrantID Trusted Certificate Service, CN=HydrantID Server CA O1"
enterpriseregistration.hrsadev.hrsa.gov,No,Yes,1,1,2025-12-10T19:46:34,2027-01-09T19:45:34,23039724429,"C=US, O=IdenTrust, OU=HydrantID Trusted Certificate Service, CN=HydrantID Server CA O1"
eo-compliance-checker.hrsa.gov,Yes,Yes,1,1,2026-05-11T18:26:03,2026-11-26T18:25:03,26417470609,"C=US, O=IdenTrust, OU=HydrantID Trusted Certificate Service, CN=HydrantID Server CA O1"
epmap.hrsa.gov,Yes,Yes,1,1,2026-05-12T18:51:45,2026-11-27T18:50:45,26425465209,"C=US, O=IdenTrust, OU=HydrantID Trusted Certificate Service, CN=HydrantID Server CA O1"
ers.hrsa.gov,No,Yes,7,3,2026-01-14T17:33:13,2027-02-13T17:32:13,29027105922;29024533709;29029652734;28382676367;23766406405;28382669744;29171445221,"C=US, O=Let's Encrypt, CN=YR2;C=US, O=Let's Encrypt, CN=YR1;C=US, O=IdenTrust, OU=HydrantID Trusted Certificate Service, CN=HydrantID Server CA O1"
ersos.hrsa.gov,No,Yes,7,3,2026-01-14T17:34:01,2027-02-13T17:33:01,29027105922;29024533709;23766420416;29029652734;28382676367;28382669744;29171445221,"C=US, O=Let's Encrypt, CN=YR2;C=US, O=Let's Encrypt, CN=YR1;C=US, O=IdenTrust, OU=HydrantID Trusted Certificate Service, CN=HydrantID Server CA O1"
erssec.hrsa.gov,No,Yes,6,2,2026-07-30T14:23:58,2026-11-18T16:36:34,29027105922;29024533709;29029652734;28382676367;28382669744;29171445221,"C=US, O=Let's Encrypt, CN=YR2;C=US, O=Let's Encrypt, CN=YR1"
ersstg01.hrsa.gov,Yes,Yes,7,3,2026-07-30T14:23:58,2027-03-07T19:45:50,29027105922;29024533709;28865766395;29029652734;28382676367;28382669744;29171445221,"C=US, O=Let's Encrypt, CN=YR2;C=US, O=Let's Encrypt, CN=YR1;C=US, O=IdenTrust, OU=HydrantID Trusted Certificate Service, CN=HydrantID Server CA O1"
ersstg02.hrsa.gov,No,Yes,7,3,2026-07-30T14:23:58,2027-02-14T15:18:58,29027105922;29024533709;28382631024;29029652734;28382676367;28382669744;29171445221,"C=US, O=Let's Encrypt, CN=YR2;C=US, O=Let's Encrypt, CN=YR1;C=US, O=IdenTrust, OU=HydrantID Trusted Certificate Service, CN=HydrantID Server CA O1"
esr.os.hrsa.gov,No,Yes,1,1,2026-02-25T20:37:35,2027-03-27T20:36:35,24644032362,"C=US, O=IdenTrust, OU=HydrantID Trusted Certificate Service, CN=HydrantID Server CA O1"
esr.staging.hrsa.gov,No,Yes,1,1,2026-02-25T20:37:35,2027-03-27T20:36:35,24644032362,"C=US, O=IdenTrust, OU=HydrantID Trusted Certificate Service, CN=HydrantID Server CA O1"
esr.test.hrsa.gov,Yes,Yes,2,1,2026-02-25T20:37:35,2027-03-27T20:36:35,29027534356;24644032362,"C=US, O=IdenTrust, OU=HydrantID Trusted Certificate Service, CN=HydrantID Server CA O1"
executive-order-compliance-checker.hrsa.gov,Yes,Yes,1,1,2026-07-27T20:19:54,2027-02-11T20:18:54,28300895256,"C=US, O=IdenTrust, OU=HydrantID Trusted Certificate Service, CN=HydrantID Server CA O1"
findahealthcenter-stage.hdw.hrsa.gov,No,Yes,2,1,2026-02-25T20:38:16,2027-03-27T20:37:16,24644032219;28883471953,"C=US, O=IdenTrust, OU=HydrantID Trusted Certificate Service, CN=HydrantID Server CA O1"
findahealthcenter.hrsa.gov,No,Yes,1,1,2026-03-12T17:13:38,2026-09-27T17:12:38,24946118147,"C=US, O=IdenTrust, OU=HydrantID Trusted Certificate Service, CN=HydrantID Server CA O1"
findanetwork-stage.hdw.hrsa.gov,No,Yes,2,1,2026-02-25T20:38:16,2027-03-27T20:37:16,24644032219;28883471953,"C=US, O=IdenTrust, OU=HydrantID Trusted Certificate Service, CN=HydrantID Server CA O1"
findanetwork.hrsa.gov,No,Yes,1,1,2026-03-12T17:13:38,2026-09-27T17:12:38,24946118147,"C=US, O=IdenTrust, OU=HydrantID Trusted Certificate Service, CN=HydrantID Server CA O1"
findhivcare-stage.hdw.hrsa.gov,No,Yes,2,1,2026-02-25T20:38:16,2027-03-27T20:37:16,24644032219;28883471953,"C=US, O=IdenTrust, OU=HydrantID Trusted Certificate Service, CN=HydrantID Server CA O1"
findhivcare.hrsa.gov,No,Yes,1,1,2026-03-12T17:13:38,2026-09-27T17:12:38,24946118147,"C=US, O=IdenTrust, OU=HydrantID Trusted Certificate Service, CN=HydrantID Server CA O1"
foiatest.hrsa.gov,Yes,Yes,1,1,2026-04-08T17:12:29,2026-10-24T17:11:29,25657905618,"C=US, O=IdenTrust, OU=HydrantID Trusted Certificate Service, CN=HydrantID Server CA O1"
geocarenavigator-stage.hdw.hrsa.gov,No,Yes,1,1,2026-02-25T20:37:35,2027-03-27T20:36:35,24644032362,"C=US, O=IdenTrust, OU=HydrantID Trusted Certificate Service, CN=HydrantID Server CA O1"
geocarenavigator.hrsa.gov,Yes,Yes,1,1,2025-12-17T19:46:13,2027-01-16T19:45:13,23184520484,"C=US, O=IdenTrust, OU=HydrantID Trusted Certificate Service, CN=HydrantID Server CA O1"
gisportal-2.staging.hrsa.gov,No,Yes,1,1,2026-02-25T20:37:35,2027-03-27T20:36:35,24644032362,"C=US, O=IdenTrust, OU=HydrantID Trusted Certificate Service, CN=HydrantID Server CA O1"
gisportal.hrsa.gov,Yes,Yes,1,1,2025-09-16T17:26:12,2026-10-16T17:25:12,21062217383,"C=US, O=IdenTrust, OU=HydrantID Trusted Certificate Service, CN=HydrantID Server CA O1"
gisportal.staging.hrsa.gov,No,Yes,1,1,2026-02-25T20:37:35,2027-03-27T20:36:35,24644032362,"C=US, O=IdenTrust, OU=HydrantID Trusted Certificate Service, CN=HydrantID Server CA O1"
gisportalha-2.hrsa.gov,Yes,Yes,1,1,2026-05-07T19:34:01,2026-11-22T19:33:01,26385375022,"C=US, O=IdenTrust, OU=HydrantID Trusted Certificate Service, CN=HydrantID Server CA O1"
gisportalha-2.staging.hrsa.gov,No,Yes,1,1,2026-02-25T20:37:35,2027-03-27T20:36:35,24644032362,"C=US, O=IdenTrust, OU=HydrantID Trusted Certificate Service, CN=HydrantID Server CA O1"
gisportalha.staging.hrsa.gov,No,Yes,1,1,2026-02-25T20:37:35,2027-03-27T20:36:35,24644032362,"C=US, O=IdenTrust, OU=HydrantID Trusted Certificate Service, CN=HydrantID Server CA O1"
grants.hrsa.gov,No,Yes,7,3,2026-02-02T15:30:20,2027-03-04T15:29:20,29027105922;29024533709;24140665455;29029652734;28382676367;28382669744;29171445221,"C=US, O=Let's Encrypt, CN=YR2;C=US, O=Let's Encrypt, CN=YR1;C=US, O=IdenTrust, OU=HydrantID Trusted Certificate Service, CN=HydrantID Server CA O1"
grants2.hrsa.gov,No,Yes,7,3,2026-01-08T14:56:51,2027-02-07T14:55:51,29027105922;29024533709;23634451487;29029652734;28382676367;28382669744;29171445221,"C=US, O=Let's Encrypt, CN=YR2;C=US, O=Let's Encrypt, CN=YR1;C=US, O=IdenTrust, OU=HydrantID Trusted Certificate Service, CN=HydrantID Server CA O1"
grants3.hrsa.gov,No,Yes,7,3,2026-01-08T14:56:15,2027-02-07T14:55:15,29027105922;29024533709;23634451382;29029652734;28382676367;28382669744;29171445221,"C=US, O=Let's Encrypt, CN=YR2;C=US, O=Let's Encrypt, CN=YR1;C=US, O=IdenTrust, OU=HydrantID Trusted Certificate Service, CN=HydrantID Server CA O1"
grants4.hrsa.gov,No,Yes,7,3,2026-01-08T14:46:28,2027-02-07T14:45:28,29027105922;29024533709;23634269993;29029652734;28382676367;28382669744;29171445221,"C=US, O=Let's Encrypt, CN=YR2;C=US, O=Let's Encrypt, CN=YR1;C=US, O=IdenTrust, OU=HydrantID Trusted Certificate Service, CN=HydrantID Server CA O1"
grants5.hrsa.gov,No,Yes,7,3,2026-01-07T18:18:22,2027-02-06T18:17:22,29027105922;29024533709;23614066138;29029652734;28382676367;28382669744;29171445221,"C=US, O=Let's Encrypt, CN=YR2;C=US, O=Let's Encrypt, CN=YR1;C=US, O=IdenTrust, OU=HydrantID Trusted Certificate Service, CN=HydrantID Server CA O1"
grants6.hrsa.gov,No,Yes,7,3,2026-01-06T15:14:27,2027-02-05T15:13:27,29027105922;29024533709;29029652734;28382676367;28382669744;29171445221;23589611187,"C=US, O=Let's Encrypt, CN=YR2;C=US, O=Let's Encrypt, CN=YR1;C=US, O=IdenTrust, OU=HydrantID Trusted Certificate Service, CN=HydrantID Server CA O1"
gss-pklclb.hrsa.gov,Yes,Yes,1,1,2026-05-06T19:39:52,2026-11-21T19:38:52,26376597005,"C=US, O=IdenTrust, OU=HydrantID Trusted Certificate Service, CN=HydrantID Server CA O1"
gss-pklnscon-p01.hrsa.gov,Yes,Yes,1,1,2026-04-16T20:35:57,2026-11-01T20:34:57,25937390629,"C=US, O=IdenTrust, OU=HydrantID Trusted Certificate Service, CN=HydrantID Server CA O1"
gss-pkrdcas-p01.hrsa.gov,Yes,Yes,1,1,2026-07-15T17:41:35,2027-01-30T17:40:35,27959481536,"C=US, O=IdenTrust, OU=HydrantID Trusted Certificate Service, CN=HydrantID Server CA O1"
gss-pkrdsas-p01.hrsa.gov,No,Yes,1,1,2026-07-15T17:41:35,2027-01-30T17:40:35,27959481536,"C=US, O=IdenTrust, OU=HydrantID Trusted Certificate Service, CN=HydrantID Server CA O1"
gss-pkrdsas-p02.hrsa.gov,No,Yes,1,1,2026-07-15T17:41:35,2027-01-30T17:40:35,27959481536,"C=US, O=IdenTrust, OU=HydrantID Trusted Certificate Service, CN=HydrantID Server CA O1"
gss-stlclb.hrsa.gov,Yes,Yes,1,1,2026-05-06T19:40:15,2026-11-21T19:39:15,26376597579,"C=US, O=IdenTrust, OU=HydrantID Trusted Certificate Service, CN=HydrantID Server CA O1"
hab.hrsa.gov,No,Yes,7,2,2026-03-24T00:00:00,2027-03-17T23:59:59,26955859473;29177339014;27591230294;25197827555;25862792874;27591234840;25182293221,"C=US, O=Let's Encrypt, CN=YR2;C=US, O=DigiCert Inc, OU=www.digicert.com, CN=GeoTrust TLS RSA CA G1"
hacap.hrsa.gov,Yes,Yes,1,1,2026-06-22T21:23:18,2027-01-07T21:22:18,27405114311,"C=US, O=IdenTrust, OU=HydrantID Trusted Certificate Service, CN=HydrantID Server CA O1"
hdw.hrsa.gov,Yes,Yes,2,1,2026-03-18T00:00:00,2027-04-02T23:59:59,29445959606;25069442362,"C=US, O=DigiCert Inc, CN=DigiCert Global G2 TLS RSA SHA256 2020 CA1"
hdwintranet-stage.hdw.hrsa.gov,No,Yes,1,1,2026-07-21T17:53:18,2027-02-05T17:52:18,28130458952,"C=US, O=IdenTrust, OU=HydrantID Trusted Certificate Service, CN=HydrantID Server CA O1"
hec-cribl.hrsa.gov,Yes,Yes,1,1,2025-09-12T00:00:00,2026-10-11T23:59:59,20976508370,"C=US, O=Amazon, CN=Amazon RSA 2048 M04"
help.hrsa.gov,No,Yes,7,3,2026-01-14T19:07:37,2027-02-13T19:06:37,29027105922;29024533709;23767019224;29029652734;28382676367;28382669744;29171445221,"C=US, O=Let's Encrypt, CN=YR2;C=US, O=Let's Encrypt, CN=YR1;C=US, O=IdenTrust, OU=HydrantID Trusted Certificate Service, CN=HydrantID Server CA O1"
help.stg01.hrsa.gov,No,Yes,8,3,2026-02-25T20:36:21,2027-03-27T20:35:21,29027105922;26865065600;29024533709;24644017337;29029652734;28382676367;28382669744;29171445221,"C=US, O=Let's Encrypt, CN=YR2;C=US, O=Let's Encrypt, CN=YR1;C=US, O=IdenTrust, OU=HydrantID Trusted Certificate Service, CN=HydrantID Server CA O1"
help.stg2.hrsa.gov,No,Yes,8,3,2026-02-25T20:35:39,2027-03-27T20:34:39,29027105922;29024533709;24644002413;28834205306;29029652734;28382676367;28382669744;29171445221,"C=US, O=Let's Encrypt, CN=YR2;C=US, O=Let's Encrypt, CN=YR1;C=US, O=IdenTrust, OU=HydrantID Trusted Certificate Service, CN=HydrantID Server CA O1"
hpsafind-stage.hdw.hrsa.gov,No,Yes,2,1,2026-02-25T20:38:16,2027-03-27T20:37:16,24644032219;28883471953,"C=US, O=IdenTrust, OU=HydrantID Trusted Certificate Service, CN=HydrantID Server CA O1"
hpsafind.hrsa.gov,No,Yes,1,1,2026-03-12T17:13:38,2026-09-27T17:12:38,24946118147,"C=US, O=IdenTrust, OU=HydrantID Trusted Certificate Service, CN=HydrantID Server CA O1"
hrsa-guest.hrsa.gov,Yes,Yes,1,1,2026-03-11T14:37:54,2026-09-26T14:36:54,24922669147,"C=US, O=IdenTrust, OU=HydrantID Trusted Certificate Service, CN=HydrantID Server CA O1"
hrsa-guestqa.hrsa.gov,Yes,Yes,1,1,2026-04-08T17:07:24,2026-10-24T17:06:24,25657756049,"C=US, O=IdenTrust, OU=HydrantID Trusted Certificate Service, CN=HydrantID Server CA O1"
hrsa.gov,Yes,Yes,23,9,2025-09-19T00:00:00,2027-03-16T23:59:59,25916705916;28895565832;21379065479;29188564578;23995589630;29081316968;29199207778;28673166194;23186897390;21138294100;28673161676;22414536450;22625919109;25069442077;27062713801;29081321722;25917433861;28895560682;24042228293;28214546875;21138399463;28214556659;28861905888,"C=GB, O=Sectigo Limited, CN=Sectigo Public Server Authentication CA DV R36;C=US, O=Let's Encrypt, CN=YR1;C=US, O=Google Trust Services, CN=WE1;C=US, O=Google Trust Services, CN=WR1;C=US, O=Amazon, CN=Amazon RSA 2048 M01;C=US, O=Amazon, CN=Amazon RSA 2048 M04;C=US, O=IdenTrust, OU=HydrantID Trusted Certificate Service, CN=HydrantID Server CA O1;C=CA, O=Entrust Limited, CN=Entrust OV TLS Issuing RSA CA 2;C=US, O=DigiCert Inc, CN=DigiCert Global G2 TLS RSA SHA256 2020 CA1"
hrsainyourstate-stage.hdw.hrsa.gov,No,Yes,2,1,2026-02-25T20:38:16,2027-03-27T20:37:16,24644032219;28883471953,"C=US, O=IdenTrust, OU=HydrantID Trusted Certificate Service, CN=HydrantID Server CA O1"
hrsainyourstate.hrsa.gov,No,Yes,1,1,2026-03-12T17:13:38,2026-09-27T17:12:38,24946118147,"C=US, O=IdenTrust, OU=HydrantID Trusted Certificate Service, CN=HydrantID Server CA O1"
ikndata-stage.hdw.hrsa.gov,No,Yes,1,1,2026-02-25T20:37:35,2027-03-27T20:36:35,24644032362,"C=US, O=IdenTrust, OU=HydrantID Trusted Certificate Service, CN=HydrantID Server CA O1"
injurycompensation.hrsa.gov,No,Yes,2,1,2026-07-24T14:20:39,2026-10-22T14:20:38,28214546875;28214556659,"C=US, O=Let's Encrypt, CN=YR1"
inthub.hrsa.gov,No,Yes,7,3,2026-06-12T19:23:04,2026-12-28T19:22:04,29027105922;29024533709;27131402352;29029652734;28382676367;28382669744;29171445221,"C=US, O=Let's Encrypt, CN=YR2;C=US, O=Let's Encrypt, CN=YR1;C=US, O=IdenTrust, OU=HydrantID Trusted Certificate Service, CN=HydrantID Server CA O1"
inthubos.hrsa.gov,No,Yes,7,3,2026-07-01T18:33:21,2027-01-16T18:32:21,29027105922;29024533709;29029652734;28382676367;27624098276;28382669744;29171445221,"C=US, O=Let's Encrypt, CN=YR2;C=US, O=Let's Encrypt, CN=YR1;C=US, O=IdenTrust, OU=HydrantID Trusted Certificate Service, CN=HydrantID Server CA O1"
inthubsec.hrsa.gov,No,Yes,7,3,2026-07-01T18:32:54,2027-01-16T18:31:54,29027105922;29024533709;27624098309;29029652734;28382676367;28382669744;29171445221,"C=US, O=Let's Encrypt, CN=YR2;C=US, O=Let's Encrypt, CN=YR1;C=US, O=IdenTrust, OU=HydrantID Trusted Certificate Service, CN=HydrantID Server CA O1"
inthubstg01.hrsa.gov,No,Yes,7,3,2026-04-30T18:53:53,2026-11-18T16:36:34,29027105922;29024533709;29029652734;28382676367;26272234421;28382669744;29171445221,"C=US, O=Let's Encrypt, CN=YR2;C=US, O=Let's Encrypt, CN=YR1;C=US, O=IdenTrust, OU=HydrantID Trusted Certificate Service, CN=HydrantID Server CA O1"
inthubstg02.hrsa.gov,No,Yes,7,3,2026-05-20T17:56:53,2026-12-05T17:55:53,29027105922;29024533709;26512560207;29029652734;28382676367;28382669744;29171445221,"C=US, O=Let's Encrypt, CN=YR2;C=US, O=Let's Encrypt, CN=YR1;C=US, O=IdenTrust, OU=HydrantID Trusted Certificate Service, CN=HydrantID Server CA O1"
inthubtrn.hrsa.gov,Yes,Yes,1,1,2026-08-18T18:10:52,2027-03-05T18:09:52,28843405397,"C=US, O=IdenTrust, OU=HydrantID Trusted Certificate Service, CN=HydrantID Server CA O1"
inthubuat02.hrsa.gov,Yes,Yes,1,1,2026-09-16T18:31:58,2027-04-03T18:30:58,29458948940,"C=US, O=IdenTrust, OU=HydrantID Trusted Certificate Service, CN=HydrantID Server CA O1"
inthubuat04.hrsa.gov,Yes,Yes,1,1,2026-08-18T17:48:10,2027-03-05T17:47:10,28843300283,"C=US, O=IdenTrust, OU=HydrantID Trusted Certificate Service, CN=HydrantID Server CA O1"
inthubuat05.hrsa.gov,No,Yes,7,3,2026-05-20T17:57:14,2026-12-05T17:56:14,29027105922;29024533709;29029652734;28382676367;26512560595;28382669744;29171445221,"C=US, O=Let's Encrypt, CN=YR2;C=US, O=Let's Encrypt, CN=YR1;C=US, O=IdenTrust, OU=HydrantID Trusted Certificate Service, CN=HydrantID Server CA O1"
iqrs.npdb.hrsa.gov,No,Yes,6,2,2025-12-11T00:00:00,2026-12-12T23:59:59,23047708348;25957069869;23047735202;25950796965;25329331128;25950830341,"C=US, O=DigiCert Inc, CN=DigiCert Global G2 TLS RSA SHA256 2020 CA1;C=US, O=DigiCert Inc, CN=DigiCert Global G3 TLS ECC SHA384 2020 CA1"
irms.hrsa.gov,Yes,Yes,1,1,2026-08-07T19:23:26,2027-02-22T19:22:26,28628232659,"C=US, O=IdenTrust, OU=HydrantID Trusted Certificate Service, CN=HydrantID Server CA O1"
irmsdev.hrsa.gov,Yes,Yes,2,1,2026-08-07T19:23:54,2027-02-22T19:23:14,28628233966;28628234209,"C=US, O=IdenTrust, OU=HydrantID Trusted Certificate Service, CN=HydrantID Server CA O1"
irmstest.hrsa.gov,Yes,Yes,1,1,2026-08-07T20:36:14,2027-02-22T20:35:14,28629698993,"C=US, O=IdenTrust, OU=HydrantID Trusted Certificate Service, CN=HydrantID Server CA O1"
itsupport.hrsa.gov,Yes,Yes,1,1,2026-06-11T19:45:01,2026-12-27T19:44:01,27097749934,"C=US, O=IdenTrust, OU=HydrantID Trusted Certificate Service, CN=HydrantID Server CA O1"
jira.npdb.hrsa.gov,No,Yes,6,2,2026-07-17T00:00:00,2027-03-06T23:59:59,28864978949;28856084385;28857244156;28864977369;27995966461;27995987797,"C=US, O=DigiCert Inc, CN=DigiCert Global G2 TLS RSA SHA256 2020 CA1;C=US, O=DigiCert Inc, CN=DigiCert Global G3 TLS ECC SHA384 2020 CA1"
jira.test.hrsa.gov,No,Yes,1,1,2026-06-10T20:44:16,2026-12-26T20:43:16,27063516492,"C=US, O=IdenTrust, OU=HydrantID Trusted Certificate Service, CN=HydrantID Server CA O1"
jobfair.hrsa.gov,No,Yes,7,2,2026-03-24T00:00:00,2027-03-17T23:59:59,26955859473;29177339014;27591230294;25197827555;25862792874;27591234840;25182293221,"C=US, O=Let's Encrypt, CN=YR2;C=US, O=DigiCert Inc, OU=www.digicert.com, CN=GeoTrust TLS RSA CA G1"
ldc-srtr-stage.hdw.hrsa.gov,No,Yes,2,1,2026-08-21T13:05:47,2027-04-03T18:30:43,29458943446;28883471953,"C=US, O=IdenTrust, OU=HydrantID Trusted Certificate Service, CN=HydrantID Server CA O1"
ldc.srtr.hrsa.gov,No,Yes,2,1,2026-08-10T19:23:50,2027-03-08T13:04:47,28715799083;28883471953,"C=US, O=IdenTrust, OU=HydrantID Trusted Certificate Service, CN=HydrantID Server CA O1"
mail.nihdev.cit.nih.gov,Yes,No,2,1,2025-12-19T00:00:00,2027-01-19T23:59:59,23218165891;23218188655,"C=CA, O=Entrust Limited, CN=Entrust OV TLS Issuing RSA CA 2"
mchb.hrsa.gov,No,Yes,8,3,2026-03-24T00:00:00,2027-03-17T23:59:59,26955859473;26272312994;29177339014;27591230294;25197827555;25862792874;27591234840;25182293221,"C=US, O=Let's Encrypt, CN=YR2;C=US, O=IdenTrust, OU=HydrantID Trusted Certificate Service, CN=HydrantID Server CA O1;C=US, O=DigiCert Inc, OU=www.digicert.com, CN=GeoTrust TLS RSA CA G1"
mchb.tvisdata.hrsa.gov,No,Yes,8,3,2026-01-06T15:18:20,2027-03-27T20:34:39,29027105922;29024533709;24644002413;23589667483;29029652734;28382676367;28382669744;29171445221,"C=US, O=Let's Encrypt, CN=YR2;C=US, O=Let's Encrypt, CN=YR1;C=US, O=IdenTrust, OU=HydrantID Trusted Certificate Service, CN=HydrantID Server CA O1"
mchb.tvisdata.sec.hrsa.gov,No,Yes,7,3,2026-02-25T20:35:39,2027-03-27T20:34:39,29027105922;29024533709;24644002413;29029652734;28382676367;28382669744;29171445221,"C=US, O=Let's Encrypt, CN=YR2;C=US, O=Let's Encrypt, CN=YR1;C=US, O=IdenTrust, OU=HydrantID Trusted Certificate Service, CN=HydrantID Server CA O1"
mchbgrandchallenges.hrsa.gov,No,Yes,7,2,2026-03-24T00:00:00,2027-03-17T23:59:59,26955859473;29177339014;27591230294;25197827555;25862792874;27591234840;25182293221,"C=US, O=Let's Encrypt, CN=YR2;C=US, O=DigiCert Inc, OU=www.digicert.com, CN=GeoTrust TLS RSA CA G1"
mchbtvis.hrsa.gov,No,Yes,7,3,2026-01-06T15:29:20,2027-02-05T15:28:20,29027105922;29024533709;23589822837;29029652734;28382676367;28382669744;29171445221,"C=US, O=Let's Encrypt, CN=YR2;C=US, O=Let's Encrypt, CN=YR1;C=US, O=IdenTrust, OU=HydrantID Trusted Certificate Service, CN=HydrantID Server CA O1"
mchbtvis.sec.hrsa.gov,No,Yes,7,3,2026-02-25T20:35:39,2027-03-27T20:34:39,29027105922;29024533709;24644002413;29029652734;28382676367;28382669744;29171445221,"C=US, O=Let's Encrypt, CN=YR2;C=US, O=Let's Encrypt, CN=YR1;C=US, O=IdenTrust, OU=HydrantID Trusted Certificate Service, CN=HydrantID Server CA O1"
mchbtvisdataos.hrsa.gov,No,Yes,6,2,2026-07-30T14:23:58,2026-11-18T16:36:34,29027105922;29024533709;29029652734;28382676367;28382669744;29171445221,"C=US, O=Let's Encrypt, CN=YR2;C=US, O=Let's Encrypt, CN=YR1"
mchbtvisdatastg01.hrsa.gov,No,Yes,7,3,2026-06-03T20:09:57,2026-12-19T20:08:57,29027105922;29024533709;26865043241;29029652734;28382676367;28382669744;29171445221,"C=US, O=Let's Encrypt, CN=YR2;C=US, O=Let's Encrypt, CN=YR1;C=US, O=IdenTrust, OU=HydrantID Trusted Certificate Service, CN=HydrantID Server CA O1"
mchbtvisdatastg02.hrsa.gov,Yes,Yes,7,3,2026-07-30T14:23:58,2027-03-11T17:14:32,29027105922;29024533709;28998216716;29029652734;28382676367;28382669744;29171445221,"C=US, O=Let's Encrypt, CN=YR2;C=US, O=Let's Encrypt, CN=YR1;C=US, O=IdenTrust, OU=HydrantID Trusted Certificate Service, CN=HydrantID Server CA O1"
mchbtvisdatauat02.hrsa.gov,Yes,Yes,7,3,2026-07-30T14:23:58,2027-03-12T15:45:54,29027105922;29024533709;29027494209;29029652734;28382676367;28382669744;29171445221,"C=US, O=Let's Encrypt, CN=YR2;C=US, O=Let's Encrypt, CN=YR1;C=US, O=IdenTrust, OU=HydrantID Trusted Certificate Service, CN=HydrantID Server CA O1"
mchbtvisdatauat03.hrsa.gov,No,Yes,7,3,2026-07-29T20:43:37,2027-02-13T20:42:37,29027105922;29024533709;28360233508;29029652734;28382676367;28382669744;29171445221,"C=US, O=Let's Encrypt, CN=YR2;C=US, O=Let's Encrypt, CN=YR1;C=US, O=IdenTrust, OU=HydrantID Trusted Certificate Service, CN=HydrantID Server CA O1"
mchbtvisdatauat04.hrsa.gov,Yes,Yes,8,3,2026-03-13T18:08:09,2027-03-20T17:41:16,29027105922;29024533709;29029652734;28382676367;29233841651;28382669744;29171445221;24968043638,"C=US, O=Let's Encrypt, CN=YR2;C=US, O=Let's Encrypt, CN=YR1;C=US, O=IdenTrust, OU=HydrantID Trusted Certificate Service, CN=HydrantID Server CA O1"
mchbtvisdatauat05.hrsa.gov,Yes,Yes,8,3,2025-08-28T19:35:14,2027-03-20T17:42:33,29027105922;29024533709;20637351702;29233850444;29029652734;28382676367;28382669744;29171445221,"C=US, O=Let's Encrypt, CN=YR2;C=US, O=Let's Encrypt, CN=YR1;C=US, O=IdenTrust, OU=HydrantID Trusted Certificate Service, CN=HydrantID Server CA O1"
mchbtvisos.hrsa.gov,No,Yes,6,2,2026-07-30T14:23:58,2026-11-18T16:36:34,29027105922;29024533709;29029652734;28382676367;28382669744;29171445221,"C=US, O=Let's Encrypt, CN=YR2;C=US, O=Let's Encrypt, CN=YR1"
mchbtvisstg01.hrsa.gov,No,Yes,7,3,2026-06-03T20:10:40,2026-12-19T20:09:40,29027105922;29024533709;26865044282;29029652734;28382676367;28382669744;29171445221,"C=US, O=Let's Encrypt, CN=YR2;C=US, O=Let's Encrypt, CN=YR1;C=US, O=IdenTrust, OU=HydrantID Trusted Certificate Service, CN=HydrantID Server CA O1"
mchbtvisstg02.hrsa.gov,Yes,Yes,7,3,2026-07-30T14:23:58,2027-03-11T17:15:07,29027105922;29024533709;28998234247;29029652734;28382676367;28382669744;29171445221,"C=US, O=Let's Encrypt, CN=YR2;C=US, O=Let's Encrypt, CN=YR1;C=US, O=IdenTrust, OU=HydrantID Trusted Certificate Service, CN=HydrantID Server CA O1"
mchbtvisuat02.hrsa.gov,Yes,Yes,7,3,2026-07-30T14:23:58,2027-03-12T15:45:30,29027105922;29024533709;29171445221;29029652734;28382676367;28382669744;29027475319,"C=US, O=Let's Encrypt, CN=YR2;C=US, O=Let's Encrypt, CN=YR1;C=US, O=IdenTrust, OU=HydrantID Trusted Certificate Service, CN=HydrantID Server CA O1"
mchbtvisuat03.hrsa.gov,No,Yes,7,3,2026-07-29T20:43:57,2027-02-13T20:42:57,29027105922;29024533709;28360235439;29029652734;28382676367;28382669744;29171445221,"C=US, O=Let's Encrypt, CN=YR2;C=US, O=Let's Encrypt, CN=YR1;C=US, O=IdenTrust, OU=HydrantID Trusted Certificate Service, CN=HydrantID Server CA O1"
mchbtvisuat04.hrsa.gov,Yes,Yes,8,3,2026-03-13T18:07:39,2027-03-20T17:40:55,29027105922;29024533709;24968040195;29029652734;28382676367;29233838043;28382669744;29171445221,"C=US, O=Let's Encrypt, CN=YR2;C=US, O=Let's Encrypt, CN=YR1;C=US, O=IdenTrust, OU=HydrantID Trusted Certificate Service, CN=HydrantID Server CA O1"
mchbtvisuat05.hrsa.gov,Yes,Yes,8,3,2025-08-28T19:35:47,2027-03-20T17:42:55,29027105922;29024533709;29233864275;29029652734;28382676367;28382669744;29171445221;20637363562,"C=US, O=Let's Encrypt, CN=YR2;C=US, O=Let's Encrypt, CN=YR1;C=US, O=IdenTrust, OU=HydrantID Trusted Certificate Service, CN=HydrantID Server CA O1"
miechvmeeting.hrsa.gov,Yes,Yes,2,1,2026-08-23T03:30:40,2026-11-21T03:30:39,29156075125;29024098767,"C=US, O=Let's Encrypt, CN=YR2"
muafind-stage.hdw.hrsa.gov,No,Yes,1,1,2026-02-25T20:37:35,2027-03-27T20:36:35,24644032362,"C=US, O=IdenTrust, OU=HydrantID Trusted Certificate Service, CN=HydrantID Server CA O1"
muafind.hrsa.gov,No,Yes,1,1,2026-03-12T17:13:38,2026-09-27T17:12:38,24946118147,"C=US, O=IdenTrust, OU=HydrantID Trusted Certificate Service, CN=HydrantID Server CA O1"
mx.hub.nih.gov,Yes,No,2,1,2026-08-21T00:00:00,2027-03-07T23:59:59,28895560682;28895565832,"C=CA, O=Entrust Limited, CN=Entrust OV TLS Issuing RSA CA 2"
my.npdb.hrsa.gov,No,Yes,3,2,2026-04-30T00:00:00,2026-11-14T23:59:59,25957069869;25950830341;25950796965,"C=US, O=DigiCert Inc, CN=DigiCert Global G2 TLS RSA SHA256 2020 CA1;C=US, O=DigiCert Inc, CN=DigiCert Global G3 TLS ECC SHA384 2020 CA1"
mydata-stage.hdw.hrsa.gov,No,Yes,1,1,2026-03-04T15:19:23,2027-04-03T15:18:23,24782008175,"C=US, O=IdenTrust, OU=HydrantID Trusted Certificate Service, CN=HydrantID Server CA O1"
mydata.stage.hdw.hrsa.gov,No,Yes,1,1,2026-02-25T20:37:35,2027-03-27T20:36:35,24644032362,"C=US, O=IdenTrust, OU=HydrantID Trusted Certificate Service, CN=HydrantID Server CA O1"
newbornscreening.hrsa.gov,No,Yes,7,2,2026-03-24T00:00:00,2027-03-17T23:59:59,26955859473;29177339014;27591230294;25197827555;25862792874;27591234840;25182293221,"C=US, O=Let's Encrypt, CN=YR2;C=US, O=DigiCert Inc, OU=www.digicert.com, CN=GeoTrust TLS RSA CA G1"
newsroom.hrsa.gov,No,Yes,3,2,2025-10-24T14:17:42,2026-11-23T14:16:42,28214546875;28214556659;21971469142,"C=US, O=Let's Encrypt, CN=YR1;C=US, O=IdenTrust, OU=HydrantID Trusted Certificate Service, CN=HydrantID Server CA O1"
nhsc.hrsa.gov,No,Yes,7,2,2026-03-24T00:00:00,2027-03-17T23:59:59,26955859473;29177339014;27591230294;25197827555;25862792874;27591234840;25182293221,"C=US, O=Let's Encrypt, CN=YR2;C=US, O=DigiCert Inc, OU=www.digicert.com, CN=GeoTrust TLS RSA CA G1"
nihfsauth.nih.gov,Yes,No,1,1,2025-12-10T19:40:55,2027-01-09T19:39:55,23039647411,"C=US, O=IdenTrust, OU=HydrantID Trusted Certificate Service, CN=HydrantID Server CA O1"
nofonavigator.hrsa.gov,Yes,Yes,1,1,2026-03-20T14:31:04,2026-10-05T14:30:04,25114249410,"C=US, O=IdenTrust, OU=HydrantID Trusted Certificate Service, CN=HydrantID Server CA O1"
npdb-hipdb.hrsa.gov,No,Yes,10,2,2025-12-11T00:00:00,2026-12-12T23:59:59,23047708348;29312987544;26554266387;25957069869;23047735202;25950796965;26553977281;25329331128;25950830341;29312564503,"C=US, O=DigiCert Inc, CN=DigiCert Global G2 TLS RSA SHA256 2020 CA1;C=US, O=DigiCert Inc, CN=DigiCert Global G3 TLS ECC SHA384 2020 CA1"
npdb.hrsa.gov,Yes,Yes,62,2,2025-10-20T00:00:00,2027-03-28T23:59:59,29441880338;28802081971;29442028651;29442466034;29312987544;25348105953;28800832114;28800354219;26471877516;25950830341;28799964082;28799890858;29361410517;29442700293;29442073144;26328248285;28799527544;23047708348;29059277635;28742869434;25957069869;23047735202;28800284167;28800400151;28742767520;25950796965;22866575457;28812984226;28751701145;25329331128;28799652113;29312564503;28800124939;28800158313;28799738420;28799852996;28751763604;29361731833;29427186584;26554266387;29435317170;29032463564;28799356779;28800317068;26553977281;28800230021;28799708075;28716250567;29361866377;28801708250;29059915360;21860997165;28799485065;22866593724;28800108234;29362571821;25506577400;29002482166;28800257157;28799327488;29000813794;29361120863,"C=US, O=DigiCert Inc, CN=DigiCert Global G2 TLS RSA SHA256 2020 CA1;C=US, O=DigiCert Inc, CN=DigiCert Global G3 TLS ECC SHA384 2020 CA1"
opensearch.hrsa.gov,Yes,Yes,1,1,2025-09-12T00:00:00,2026-10-11T23:59:59,20976495243,"C=US, O=Amazon, CN=Amazon RSA 2048 M01"
opensearch.int.hrsa.gov,Yes,Yes,1,1,2025-12-08T00:00:00,2027-01-06T23:59:59,22985004040,"C=US, O=Amazon, CN=Amazon RSA 2048 M04"
opotxfind-stage.hdw.hrsa.gov,No,Yes,1,1,2026-02-25T20:37:35,2027-03-27T20:36:35,24644032362,"C=US, O=IdenTrust, OU=HydrantID Trusted Certificate Service, CN=HydrantID Server CA O1"
opotxfind.hrsa.gov,No,Yes,1,1,2026-03-12T17:13:38,2026-09-27T17:12:38,24946118147,"C=US, O=IdenTrust, OU=HydrantID Trusted Certificate Service, CN=HydrantID Server CA O1"
optn.transplant.hrsa.gov,No,Yes,3,2,2025-12-09T16:21:10,2027-01-08T16:20:10,28214546875;28214556659;23006447332,"C=US, O=Let's Encrypt, CN=YR1;C=US, O=IdenTrust, OU=HydrantID Trusted Certificate Service, CN=HydrantID Server CA O1"
parssforcehrsaprodassertion.hrsa.gov,Yes,Yes,1,1,2026-07-21T17:50:01,2027-02-05T17:49:01,28130399660,"C=US, O=IdenTrust, OU=HydrantID Trusted Certificate Service, CN=HydrantID Server CA O1"
parssforcehrsaprodrequest.hrsa.gov,Yes,Yes,1,1,2026-07-21T17:51:40,2027-02-05T17:50:40,28130439716,"C=US, O=IdenTrust, OU=HydrantID Trusted Certificate Service, CN=HydrantID Server CA O1"
pcfa.hrsa.gov,No,Yes,2,1,2026-03-24T00:00:00,2026-10-08T23:59:59,25197827555;25182293221,"C=US, O=DigiCert Inc, OU=www.digicert.com, CN=GeoTrust TLS RSA CA G1"
pcfatraining.hrsa.gov,No,Yes,2,1,2026-03-24T00:00:00,2026-10-08T23:59:59,25197827555;25182293221,"C=US, O=DigiCert Inc, OU=www.digicert.com, CN=GeoTrust TLS RSA CA G1"
poisonhelp.hrsa.gov,No,Yes,7,2,2026-03-24T00:00:00,2027-03-17T23:59:59,26955859473;29177339014;27591230294;25197827555;25862792874;27591234840;25182293221,"C=US, O=Let's Encrypt, CN=YR2;C=US, O=DigiCert Inc, OU=www.digicert.com, CN=GeoTrust TLS RSA CA G1"
poisonhelpespanol.hrsa.gov,No,Yes,2,1,2026-03-24T00:00:00,2026-10-08T23:59:59,25197827555;25182293221,"C=US, O=DigiCert Inc, OU=www.digicert.com, CN=GeoTrust TLS RSA CA G1"
pp.npdb.hrsa.gov,Yes,Yes,1,1,2025-11-18T00:00:00,2026-11-17T23:59:59,22568611967,"C=US, O=DigiCert Inc, CN=DigiCert Global G2 TLS RSA SHA256 2020 CA1"
preprod.bhwapi.hrsa.gov,No,Yes,1,1,2026-06-03T20:09:28,2026-12-19T20:08:28,26865025571,"C=US, O=IdenTrust, OU=HydrantID Trusted Certificate Service, CN=HydrantID Server CA O1"
primarycareforall.hrsa.gov,No,Yes,2,1,2026-03-24T00:00:00,2026-10-08T23:59:59,25197827555;25182293221,"C=US, O=DigiCert Inc, OU=www.digicert.com, CN=GeoTrust TLS RSA CA G1"
programportal.hrsa.gov,No,Yes,7,3,2025-11-14T20:21:00,2026-12-14T20:20:00,27810139202;28591618858;28526888920;28591631614;22471632353;28526876604;27810133506,"C=US, O=Let's Encrypt, CN=YR2;C=US, O=Let's Encrypt, CN=YR1;C=US, O=IdenTrust, OU=HydrantID Trusted Certificate Service, CN=HydrantID Server CA O1"
programportalpreprodcloud.hrsa.gov,No,Yes,6,2,2026-07-09T15:38:15,2026-11-04T13:54:59,27810139202;28591618858;28526888920;28591631614;28526876604;27810133506,"C=US, O=Let's Encrypt, CN=YR2;C=US, O=Let's Encrypt, CN=YR1"
providerrelief.hrsa.gov,No,Yes,7,2,2026-03-24T00:00:00,2027-03-17T23:59:59,26955859473;29177339014;27591230294;25197827555;25862792874;27591234840;25182293221,"C=US, O=Let's Encrypt, CN=YR2;C=US, O=DigiCert Inc, OU=www.digicert.com, CN=GeoTrust TLS RSA CA G1"
qa.npdb.hrsa.gov,No,Yes,6,2,2025-12-11T00:00:00,2026-12-12T23:59:59,23047708348;25957069869;23047735202;25950796965;25329331128;25950830341,"C=US, O=DigiCert Inc, CN=DigiCert Global G2 TLS RSA SHA256 2020 CA1;C=US, O=DigiCert Inc, CN=DigiCert Global G3 TLS ECC SHA384 2020 CA1"
ra.hrsa.gov,No,Yes,2,1,2026-07-07T13:40:31,2026-10-05T13:40:30,27758898063;27758905141,"C=US, O=Let's Encrypt, CN=YR1"
robtest.hrsa.gov,No,Yes,1,1,2026-01-08T15:39:11,2027-02-07T15:38:11,23635172202,"C=US, O=IdenTrust, OU=HydrantID Trusted Certificate Service, CN=HydrantID Server CA O1"
ryanwhite.hrsa.gov,No,Yes,8,3,2026-03-24T00:00:00,2027-03-17T23:59:59,26955859473;26272329226;29177339014;27591230294;25197827555;25862792874;27591234840;25182293221,"C=US, O=Let's Encrypt, CN=YR2;C=US, O=IdenTrust, OU=HydrantID Trusted Certificate Service, CN=HydrantID Server CA O1;C=US, O=DigiCert Inc, OU=www.digicert.com, CN=GeoTrust TLS RSA CA G1"
ryanwhiteconference.hrsa.gov,Yes,Yes,2,1,2026-07-16T14:58:55,2026-10-14T14:58:54,27986443361;27986440329,"C=US, O=Let's Encrypt, CN=YR2"
sdms.hrsa.gov,Yes,Yes,1,1,2026-02-23T16:15:23,2027-03-25T16:14:23,24599519901,"C=US, O=IdenTrust, OU=HydrantID Trusted Certificate Service, CN=HydrantID Server CA O1"
search.npdb.hrsa.gov,No,Yes,2,1,2026-07-07T16:53:32,2026-10-05T16:53:31,27762408067;27762411898,"C=US, O=Let's Encrypt, CN=YR1"
search.prod.hdw.hrsa.gov,No,Yes,1,1,2026-02-25T20:37:35,2027-03-27T20:36:35,24644032362,"C=US, O=IdenTrust, OU=HydrantID Trusted Certificate Service, CN=HydrantID Server CA O1"
search.stage.hdw.hrsa.gov,No,Yes,1,1,2026-02-25T20:37:35,2027-03-27T20:36:35,24644032362,"C=US, O=IdenTrust, OU=HydrantID Trusted Certificate Service, CN=HydrantID Server CA O1"
search.usa.gov,Yes,No,2,1,2026-07-07T16:53:32,2026-10-05T16:53:31,27762408067;27762411898,"C=US, O=Let's Encrypt, CN=YR1"
search1.hrsa.gov,Yes,Yes,1,1,2026-06-25T18:39:46,2027-01-10T18:38:46,27481704641,"C=US, O=IdenTrust, OU=HydrantID Trusted Certificate Service, CN=HydrantID Server CA O1"
secure-srtr-stage.hdw.hrsa.gov,No,Yes,2,1,2026-08-21T13:05:47,2027-04-03T18:30:43,29458943446;28883471953,"C=US, O=IdenTrust, OU=HydrantID Trusted Certificate Service, CN=HydrantID Server CA O1"
secure.srtr.hrsa.gov,No,Yes,2,1,2026-08-10T19:23:34,2027-03-08T13:04:47,28715781392;28883471953,"C=US, O=IdenTrust, OU=HydrantID Trusted Certificate Service, CN=HydrantID Server CA O1"
secureapp-bmiss-01.hrsa.gov,Yes,Yes,6,2,2026-07-09T15:38:15,2026-11-04T13:54:59,27810139202;28591618858;28526888920;28591631614;28526876604;27810133506,"C=US, O=Let's Encrypt, CN=YR2;C=US, O=Let's Encrypt, CN=YR1"
secureapp-daps-01.hrsa.gov,Yes,Yes,4,1,2026-07-06T17:57:50,2026-10-05T13:40:30,27758898063;27758905141;27739307344;27739308925,"C=US, O=Let's Encrypt, CN=YR1"
secureapp-ehb-01.hrsa.gov,Yes,Yes,6,2,2026-07-30T14:23:58,2026-11-18T16:36:34,29027105922;29024533709;29029652734;28382676367;28382669744;29171445221,"C=US, O=Let's Encrypt, CN=YR2;C=US, O=Let's Encrypt, CN=YR1"
secureapp-oc-01.hrsa.gov,Yes,Yes,2,1,2026-07-24T14:20:39,2026-10-22T14:20:38,28214546875;28214556659,"C=US, O=Let's Encrypt, CN=YR1"
secureapp-opais-01.hrsa.gov,Yes,Yes,2,1,2026-07-09T15:08:48,2026-10-07T15:08:47,27809555452;27809543639,"C=US, O=Let's Encrypt, CN=YR1"
secureapp1.hrsa.gov,Yes,Yes,3,1,2026-07-01T16:28:05,2026-11-29T11:32:33,27622985181;29200859738;27622977751,"C=US, O=Let's Encrypt, CN=YR1"
securesrtr.transplant.hrsa.gov,Yes,Yes,1,1,2025-11-28T15:01:58,2026-12-28T15:00:58,22785433722,"C=US, O=IdenTrust, OU=HydrantID Trusted Certificate Service, CN=HydrantID Server CA O1"
servicecenter.hrsa.gov,Yes,Yes,2,1,2026-07-04T22:04:45,2026-10-02T22:04:44,27696779717;27696779047,"C=US, O=Let's Encrypt, CN=YR1"
servicecenterdev.hrsa.gov,Yes,Yes,2,1,2026-07-12T05:09:51,2026-10-10T05:09:50,27868879822;27868608436,"C=US, O=Let's Encrypt, CN=YR2"
servicecentertest.hrsa.gov,Yes,Yes,4,2,2026-07-10T00:36:58,2026-12-07T02:36:04,27819478897;29456517425;27819481062;29456503132,"C=US, O=Let's Encrypt, CN=YR2;C=US, O=Let's Encrypt, CN=YR1"
sfji.hrsa.gov,Yes,Yes,3,2,2026-07-07T13:40:31,2027-03-04T19:44:39,27758898063;27758905141;28834191492,"C=US, O=Let's Encrypt, CN=YR1;C=US, O=IdenTrust, OU=HydrantID Trusted Certificate Service, CN=HydrantID Server CA O1"
sfjiqaenv.hrsa.gov,Yes,Yes,1,1,2026-03-23T19:59:24,2026-10-08T19:58:24,25177360222,"C=US, O=IdenTrust, OU=HydrantID Trusted Certificate Service, CN=HydrantID Server CA O1"
sforcehrsadevassertion.hrsa.gov,Yes,Yes,1,1,2026-07-13T18:35:11,2027-01-28T18:34:11,27905506054,"C=US, O=IdenTrust, OU=HydrantID Trusted Certificate Service, CN=HydrantID Server CA O1"
sforcehrsadevoktaassertion.hrsa.gov,Yes,Yes,1,1,2026-07-09T18:11:18,2027-01-24T18:10:18,27811838831,"C=US, O=IdenTrust, OU=HydrantID Trusted Certificate Service, CN=HydrantID Server CA O1"
sforcehrsadevoktarequest.hrsa.gov,Yes,Yes,1,1,2026-07-09T18:15:35,2027-01-24T18:14:35,27811916440,"C=US, O=IdenTrust, OU=HydrantID Trusted Certificate Service, CN=HydrantID Server CA O1"
sforcehrsadevrequest.hrsa.gov,Yes,Yes,1,1,2026-07-13T18:34:54,2027-01-28T18:33:54,27905505413,"C=US, O=IdenTrust, OU=HydrantID Trusted Certificate Service, CN=HydrantID Server CA O1"
soc-archas-p02.hrsa.gov,Yes,Yes,4,1,2026-07-21T17:52:36,2027-02-26T20:01:47,28750268462;28628094570;28130458647;28750268261,"C=US, O=IdenTrust, OU=HydrantID Trusted Certificate Service, CN=HydrantID Server CA O1"
soc-crblas-p01.hrsa.gov,No,Yes,2,1,2025-10-09T14:32:05,2026-11-21T17:37:27,26375830986;21601424206,"C=US, O=IdenTrust, OU=HydrantID Trusted Certificate Service, CN=HydrantID Server CA O1"
soc-crblas-p02.hrsa.gov,No,Yes,2,1,2025-10-09T14:32:05,2026-11-21T17:37:27,26375830986;21601424206,"C=US, O=IdenTrust, OU=HydrantID Trusted Certificate Service, CN=HydrantID Server CA O1"
soc-crblas-p03.hrsa.gov,No,Yes,2,1,2025-10-09T14:32:05,2026-11-21T17:37:27,26375830986;21601424206,"C=US, O=IdenTrust, OU=HydrantID Trusted Certificate Service, CN=HydrantID Server CA O1"
soc-crblas-p04.hrsa.gov,No,Yes,2,1,2025-10-09T14:32:05,2026-11-21T17:37:27,26375830986;21601424206,"C=US, O=IdenTrust, OU=HydrantID Trusted Certificate Service, CN=HydrantID Server CA O1"
soc-crblas-p05.hrsa.gov,No,Yes,2,1,2025-10-09T14:32:05,2026-11-21T17:37:27,26375830986;21601424206,"C=US, O=IdenTrust, OU=HydrantID Trusted Certificate Service, CN=HydrantID Server CA O1"
soc-crblas-p06.hrsa.gov,No,Yes,2,1,2025-10-09T14:32:05,2026-11-21T17:37:27,26375830986;21601424206,"C=US, O=IdenTrust, OU=HydrantID Trusted Certificate Service, CN=HydrantID Server CA O1"
soc-crblas-p07.hrsa.gov,No,Yes,2,1,2025-10-09T14:32:05,2026-11-21T17:37:27,26375830986;21601424206,"C=US, O=IdenTrust, OU=HydrantID Trusted Certificate Service, CN=HydrantID Server CA O1"
soc-crblas-p08.hrsa.gov,No,Yes,2,1,2025-10-09T14:32:05,2026-11-21T17:37:27,26375830986;21601424206,"C=US, O=IdenTrust, OU=HydrantID Trusted Certificate Service, CN=HydrantID Server CA O1"
soc-crblas-p09.hrsa.gov,No,Yes,2,1,2025-10-09T14:32:05,2026-11-21T17:37:27,26375830986;21601424206,"C=US, O=IdenTrust, OU=HydrantID Trusted Certificate Service, CN=HydrantID Server CA O1"
soc-crblas-p10.hrsa.gov,No,Yes,2,1,2025-10-09T14:32:05,2026-11-21T17:37:27,26375830986;21601424206,"C=US, O=IdenTrust, OU=HydrantID Trusted Certificate Service, CN=HydrantID Server CA O1"
soc-crblas-p11.hrsa.gov,No,Yes,2,1,2025-10-09T14:32:05,2026-11-21T17:37:27,26375830986;21601424206,"C=US, O=IdenTrust, OU=HydrantID Trusted Certificate Service, CN=HydrantID Server CA O1"
soc-glabas-p01.hrsa.gov,Yes,Yes,1,1,2026-03-17T14:41:20,2026-10-02T14:40:20,25045678931,"C=US, O=IdenTrust, OU=HydrantID Trusted Certificate Service, CN=HydrantID Server CA O1"
soc-palopkln-p1.hrsa.gov,Yes,Yes,1,1,2025-11-25T21:15:36,2026-12-25T21:14:36,22731131523,"C=US, O=IdenTrust, OU=HydrantID Trusted Certificate Service, CN=HydrantID Server CA O1"
soc-palopkln-p2.hrsa.gov,Yes,Yes,2,1,2025-11-25T21:16:04,2026-12-31T21:22:57,22850052208;22731132193,"C=US, O=IdenTrust, OU=HydrantID Trusted Certificate Service, CN=HydrantID Server CA O1"
soc-palostlg-p1.hrsa.gov,Yes,Yes,1,1,2025-11-25T21:16:32,2026-12-25T21:15:32,22731144168,"C=US, O=IdenTrust, OU=HydrantID Trusted Certificate Service, CN=HydrantID Server CA O1"
soc-palostlg-p2.hrsa.gov,Yes,Yes,1,1,2025-11-25T21:17:24,2026-12-25T21:16:24,22731159035,"C=US, O=IdenTrust, OU=HydrantID Trusted Certificate Service, CN=HydrantID Server CA O1"
soc-proxyas-p01.hrsa.gov,No,Yes,1,1,2026-05-06T17:38:27,2026-11-21T17:37:27,26375830986,"C=US, O=IdenTrust, OU=HydrantID Trusted Certificate Service, CN=HydrantID Server CA O1"
srtr-stage.hdw.hrsa.gov,No,Yes,1,1,2026-03-02T14:28:15,2027-04-01T14:27:15,24738506080,"C=US, O=IdenTrust, OU=HydrantID Trusted Certificate Service, CN=HydrantID Server CA O1"
srtr.hrsa.gov,Yes,Yes,1,1,2026-05-01T17:51:04,2026-11-16T17:50:04,26281988939,"C=US, O=IdenTrust, OU=HydrantID Trusted Certificate Service, CN=HydrantID Server CA O1"
srtr.transplant.hrsa.gov,Yes,Yes,1,1,2025-11-28T15:00:05,2026-12-28T14:59:05,22785415263,"C=US, O=IdenTrust, OU=HydrantID Trusted Certificate Service, CN=HydrantID Server CA O1"
sso.npdb.hrsa.gov,No,Yes,6,2,2025-12-11T00:00:00,2026-12-12T23:59:59,23047708348;25957069869;23047735202;25950796965;25329331128;25950830341,"C=US, O=DigiCert Inc, CN=DigiCert Global G2 TLS RSA SHA256 2020 CA1;C=US, O=DigiCert Inc, CN=DigiCert Global G3 TLS ECC SHA384 2020 CA1"
stateprofiles-stage.hdw.hrsa.gov,No,Yes,2,1,2026-02-25T20:38:16,2027-03-27T20:37:16,24644032219;28883471953,"C=US, O=IdenTrust, OU=HydrantID Trusted Certificate Service, CN=HydrantID Server CA O1"
stateprofiles.hrsa.gov,No,Yes,1,1,2026-03-12T17:13:38,2026-09-27T17:12:38,24946118147,"C=US, O=IdenTrust, OU=HydrantID Trusted Certificate Service, CN=HydrantID Server CA O1"
sts.nihdev.cit.nih.gov,Yes,No,1,1,2025-12-10T19:46:34,2027-01-09T19:45:34,23039724429,"C=US, O=IdenTrust, OU=HydrantID Trusted Certificate Service, CN=HydrantID Server CA O1"
tableau-uat.hdw.hrsa.gov,No,Yes,4,1,2025-10-01T16:07:55,2027-04-01T14:27:15,24738506080;21400169984;21605775042;21601281548,"C=US, O=IdenTrust, OU=HydrantID Trusted Certificate Service, CN=HydrantID Server CA O1"
tableau.hdw.hrsa.gov,Yes,Yes,2,1,2026-02-25T20:37:35,2027-03-27T20:36:35,28855532093;24644032362,"C=US, O=IdenTrust, OU=HydrantID Trusted Certificate Service, CN=HydrantID Server CA O1"
tableau.prod.hdw.hrsa.gov,No,Yes,2,1,2026-02-25T20:37:48,2027-04-01T14:27:15,24738506080;24644032216,"C=US, O=IdenTrust, OU=HydrantID Trusted Certificate Service, CN=HydrantID Server CA O1"
tds.hrsa.gov,Yes,Yes,1,1,2025-12-22T19:08:44,2027-01-21T19:07:44,23299873182,"C=US, O=IdenTrust, OU=HydrantID Trusted Certificate Service, CN=HydrantID Server CA O1"
test.cdigan-87443.hrsa.gov,Yes,Yes,1,1,2026-08-28T17:23:35,2027-03-15T17:22:35,29116791277,"C=US, O=IdenTrust, OU=HydrantID Trusted Certificate Service, CN=HydrantID Server CA O1"
testsplunk.npdb.hrsa.gov,Yes,Yes,3,1,2026-09-10T00:00:00,2027-03-27T23:59:59,29337222427;29336321524;29337576105,"C=US, O=DigiCert Inc, CN=DigiCert Global G2 TLS RSA SHA256 2020 CA1"
testvaultobf01.hrsa.gov,No,Yes,2,1,2026-07-01T16:28:05,2026-09-29T16:28:04,27622985181;27622977751,"C=US, O=Let's Encrypt, CN=YR1"
tracker.npdb.hrsa.gov,No,Yes,6,2,2025-12-11T00:00:00,2026-12-12T23:59:59,23047708348;25957069869;23047735202;25950796965;25329331128;25950830341,"C=US, O=DigiCert Inc, CN=DigiCert Global G2 TLS RSA SHA256 2020 CA1;C=US, O=DigiCert Inc, CN=DigiCert Global G3 TLS ECC SHA384 2020 CA1"
trainepmap.hrsa.gov,Yes,Yes,1,1,2026-05-12T18:52:07,2026-11-27T18:51:07,26425469609,"C=US, O=IdenTrust, OU=HydrantID Trusted Certificate Service, CN=HydrantID Server CA O1"
uat.hrsa.gov,Yes,Yes,4,2,2025-09-19T00:00:00,2027-03-16T23:59:59,21138382486;21379046609;28848714082;29185174320,"C=US, O=Amazon, CN=Amazon RSA 2048 M04;C=US, O=Amazon, CN=Amazon RSA 2048 M01"
vicpsubmit.hrsa.gov,Yes,Yes,1,1,2026-06-05T20:48:43,2026-12-21T20:47:43,26923144890,"C=US, O=IdenTrust, OU=HydrantID Trusted Certificate Service, CN=HydrantID Server CA O1"
vpn.hrsa.gov,Yes,Yes,2,2,2025-11-07T15:50:05,2026-12-07T15:49:05,22286879527;22471263020,"C=US, O=DigiCert Inc, CN=DigiCert Global G2 TLS RSA SHA256 2020 CA1;C=US, O=IdenTrust, OU=HydrantID Trusted Certificate Service, CN=HydrantID Server CA O1"
vpn1.hrsa.gov,No,Yes,2,2,2025-11-07T15:50:05,2026-12-07T15:49:05,22286879527;22471263020,"C=US, O=DigiCert Inc, CN=DigiCert Global G2 TLS RSA SHA256 2020 CA1;C=US, O=IdenTrust, OU=HydrantID Trusted Certificate Service, CN=HydrantID Server CA O1"
vpn2.hrsa.gov,No,Yes,2,2,2025-11-07T15:50:05,2026-12-07T15:49:05,22286879527;22471263020,"C=US, O=DigiCert Inc, CN=DigiCert Global G2 TLS RSA SHA256 2020 CA1;C=US, O=IdenTrust, OU=HydrantID Trusted Certificate Service, CN=HydrantID Server CA O1"
vpnqa.hrsa.gov,No,Yes,2,2,2025-11-07T15:50:05,2026-12-07T15:49:05,22286879527;22471263020,"C=US, O=DigiCert Inc, CN=DigiCert Global G2 TLS RSA SHA256 2020 CA1;C=US, O=IdenTrust, OU=HydrantID Trusted Certificate Service, CN=HydrantID Server CA O1"
web-int.npdb.hrsa.gov,Yes,Yes,2,2,2025-12-12T00:00:00,2026-12-11T23:59:59,23063764803;23063686760,"C=US, O=DigiCert Inc, CN=DigiCert Global G2 TLS RSA SHA256 2020 CA1;C=US, O=DigiCert Inc, CN=DigiCert Global G3 TLS ECC SHA384 2020 CA1"
www.340bopais-stg.hrsa.gov,No,Yes,1,1,2026-05-07T14:04:05,2026-11-22T14:03:05,26383271459,"C=US, O=IdenTrust, OU=HydrantID Trusted Certificate Service, CN=HydrantID Server CA O1"
www.340bopais.hrsa.gov,No,Yes,1,1,2026-06-11T19:54:01,2026-12-27T19:53:01,27097922204,"C=US, O=IdenTrust, OU=HydrantID Trusted Certificate Service, CN=HydrantID Server CA O1"
www.340bpricing-stg.hrsa.gov,No,Yes,1,1,2026-05-01T22:43:41,2026-11-16T22:42:41,26284378158,"C=US, O=IdenTrust, OU=HydrantID Trusted Certificate Service, CN=HydrantID Server CA O1"
www.340bpricing.hrsa.gov,No,Yes,1,1,2026-06-11T19:53:01,2026-12-27T19:52:01,27097897089,"C=US, O=IdenTrust, OU=HydrantID Trusted Certificate Service, CN=HydrantID Server CA O1"
www.340bpricingsubmissions-stg.hrsa.gov,No,Yes,1,1,2026-05-01T22:43:57,2026-11-16T22:42:57,26284378319,"C=US, O=IdenTrust, OU=HydrantID Trusted Certificate Service, CN=HydrantID Server CA O1"
www.340bpricingsubmissions.hrsa.gov,No,Yes,1,1,2026-06-11T19:53:39,2026-12-27T19:52:39,27097897876,"C=US, O=IdenTrust, OU=HydrantID Trusted Certificate Service, CN=HydrantID Server CA O1"
www.340bregistration-stg.hrsa.gov,No,Yes,1,1,2026-05-07T14:04:30,2026-11-22T14:03:30,26383280930,"C=US, O=IdenTrust, OU=HydrantID Trusted Certificate Service, CN=HydrantID Server CA O1"
www.340bregistration.hrsa.gov,No,Yes,1,1,2026-06-11T19:54:23,2026-12-27T19:53:23,27097923508,"C=US, O=IdenTrust, OU=HydrantID Trusted Certificate Service, CN=HydrantID Server CA O1"
www.ahrf.hrsa.gov,No,Yes,1,1,2025-12-17T19:45:38,2027-01-16T19:44:38,23184504711,"C=US, O=IdenTrust, OU=HydrantID Trusted Certificate Service, CN=HydrantID Server CA O1"
www.api-data-stage.hdw.hrsa.gov,No,Yes,1,1,2026-06-02T19:16:19,2026-12-18T19:15:19,26835275046,"C=US, O=IdenTrust, OU=HydrantID Trusted Certificate Service, CN=HydrantID Server CA O1"
www.api.swift.hrsa.gov,No,Yes,1,1,2025-09-15T15:00:47,2026-10-15T14:59:47,21036732829,"C=US, O=IdenTrust, OU=HydrantID Trusted Certificate Service, CN=HydrantID Server CA O1"
www.api.swifttest.hrsa.gov,No,Yes,1,1,2025-09-15T15:03:29,2026-10-15T15:02:29,21036771101,"C=US, O=IdenTrust, OU=HydrantID Trusted Certificate Service, CN=HydrantID Server CA O1"
www.archer-dev.hrsa.gov,No,Yes,1,1,2026-07-21T17:52:36,2027-02-05T17:51:36,28130458647,"C=US, O=IdenTrust, OU=HydrantID Trusted Certificate Service, CN=HydrantID Server CA O1"
www.archer.hrsa.gov,No,Yes,1,1,2026-07-21T17:52:36,2027-02-05T17:51:36,28130458647,"C=US, O=IdenTrust, OU=HydrantID Trusted Certificate Service, CN=HydrantID Server CA O1"
www.bcrsdmwebsvc.hrsa.gov,No,Yes,1,1,2026-03-27T14:42:13,2026-10-12T14:41:13,25255258538,"C=US, O=IdenTrust, OU=HydrantID Trusted Certificate Service, CN=HydrantID Server CA O1"
www.bhpr.hrsa.gov,No,Yes,2,1,2026-03-24T00:00:00,2026-10-08T23:59:59,25197827555;25182293221,"C=US, O=DigiCert Inc, OU=www.digicert.com, CN=GeoTrust TLS RSA CA G1"
www.bhw.hrsa.gov,No,Yes,8,3,2026-03-24T00:00:00,2027-03-17T23:59:59,26955859473;26272296476;29177339014;27591230294;25197827555;25862792874;27591234840;25182293221,"C=US, O=Let's Encrypt, CN=YR2;C=US, O=IdenTrust, OU=HydrantID Trusted Certificate Service, CN=HydrantID Server CA O1;C=US, O=DigiCert Inc, OU=www.digicert.com, CN=GeoTrust TLS RSA CA G1"
www.bhwapi.hrsa.gov,No,Yes,1,1,2026-01-09T22:16:16,2027-02-08T22:15:16,23665349217,"C=US, O=IdenTrust, OU=HydrantID Trusted Certificate Service, CN=HydrantID Server CA O1"
www.bhwapisvcs.hrsa.gov,No,Yes,1,1,2025-09-11T14:17:38,2026-10-11T14:16:38,20945816641,"C=US, O=IdenTrust, OU=HydrantID Trusted Certificate Service, CN=HydrantID Server CA O1"
www.bhwassistant.ai.hrsa.gov,No,Yes,1,1,2025-11-13T16:57:13,2026-12-13T16:56:13,22441781653,"C=US, O=IdenTrust, OU=HydrantID Trusted Certificate Service, CN=HydrantID Server CA O1"
www.bhwcloudjenkins.hrsa.gov,No,Yes,1,1,2026-05-01T17:54:11,2026-11-16T17:53:11,26281993279,"C=US, O=IdenTrust, OU=HydrantID Trusted Certificate Service, CN=HydrantID Server CA O1"
www.bhwcloudrepo.hrsa.gov,No,Yes,1,1,2026-03-27T14:42:51,2026-10-12T14:41:51,25255276278,"C=US, O=IdenTrust, OU=HydrantID Trusted Certificate Service, CN=HydrantID Server CA O1"
www.bhwdashboards.hrsa.gov,No,Yes,1,1,2026-03-26T17:40:56,2026-10-11T17:39:56,25237837985,"C=US, O=IdenTrust, OU=HydrantID Trusted Certificate Service, CN=HydrantID Server CA O1"
www.bhwgisportal.hrsa.gov,No,Yes,1,1,2026-03-27T14:43:21,2026-10-12T14:42:21,25255280119,"C=US, O=IdenTrust, OU=HydrantID Trusted Certificate Service, CN=HydrantID Server CA O1"
www.bhwnextgen.hrsa.gov,No,Yes,1,1,2026-01-09T22:17:28,2027-02-08T22:16:28,23665366515,"C=US, O=IdenTrust, OU=HydrantID Trusted Certificate Service, CN=HydrantID Server CA O1"
www.bhwtools.hrsa.gov,No,Yes,1,1,2026-05-01T17:51:43,2026-11-16T17:50:43,26281989790,"C=US, O=IdenTrust, OU=HydrantID Trusted Certificate Service, CN=HydrantID Server CA O1"
www.bloodstemcell.hrsa.gov,No,Yes,7,2,2026-03-24T00:00:00,2027-03-17T23:59:59,26955859473;29177339014;27591230294;25197827555;25862792874;27591234840;25182293221,"C=US, O=Let's Encrypt, CN=YR2;C=US, O=DigiCert Inc, OU=www.digicert.com, CN=GeoTrust TLS RSA CA G1"
www.bmiss.hrsa.gov,No,Yes,1,1,2025-11-14T20:19:50,2026-12-14T20:18:50,22471616954,"C=US, O=IdenTrust, OU=HydrantID Trusted Certificate Service, CN=HydrantID Server CA O1"
www.bmissrpt.hrsa.gov,No,Yes,1,1,2025-11-14T20:20:23,2026-12-14T20:19:23,22471616576,"C=US, O=IdenTrust, OU=HydrantID Trusted Certificate Service, CN=HydrantID Server CA O1"
www.bphc.hrsa.gov,No,Yes,8,3,2026-03-24T00:00:00,2027-03-17T23:59:59,26955859473;29177339014;27591230294;25197827555;25862792874;27591234840;25182293221;26272312242,"C=US, O=Let's Encrypt, CN=YR2;C=US, O=IdenTrust, OU=HydrantID Trusted Certificate Service, CN=HydrantID Server CA O1;C=US, O=DigiCert Inc, OU=www.digicert.com, CN=GeoTrust TLS RSA CA G1"
www.brsrs.hrsa.gov,No,Yes,1,1,2026-01-14T17:31:43,2027-02-13T17:30:43,23766395439,"C=US, O=IdenTrust, OU=HydrantID Trusted Certificate Service, CN=HydrantID Server CA O1"
www.brsrsstg01.hrsa.gov,No,Yes,1,1,2026-07-27T20:19:36,2027-02-11T20:18:36,28300892213,"C=US, O=IdenTrust, OU=HydrantID Trusted Certificate Service, CN=HydrantID Server CA O1"
www.brsrsstg02.hrsa.gov,No,Yes,1,1,2026-07-29T20:56:59,2027-02-13T20:55:59,28360462000,"C=US, O=IdenTrust, OU=HydrantID Trusted Certificate Service, CN=HydrantID Server CA O1"
www.brsstg01.hrsa.gov,No,Yes,1,1,2026-05-05T18:28:25,2026-11-20T18:27:25,26360348254,"C=US, O=IdenTrust, OU=HydrantID Trusted Certificate Service, CN=HydrantID Server CA O1"
www.brsstg02.hrsa.gov,No,Yes,1,1,2026-08-24T13:55:42,2027-03-11T13:54:42,28993589124,"C=US, O=IdenTrust, OU=HydrantID Trusted Certificate Service, CN=HydrantID Server CA O1"
www.cart.hrsa.gov,No,Yes,1,1,2026-07-13T18:33:49,2027-01-28T18:32:49,27905487780,"C=US, O=IdenTrust, OU=HydrantID Trusted Certificate Service, CN=HydrantID Server CA O1"
www.cartreports.hrsa.gov,No,Yes,1,1,2026-08-03T17:57:03,2027-02-18T17:56:03,28500314875,"C=US, O=IdenTrust, OU=HydrantID Trusted Certificate Service, CN=HydrantID Server CA O1"
www.cicpsubmit.hrsa.gov,No,Yes,1,1,2026-06-05T20:47:57,2026-12-21T20:46:57,26923118253,"C=US, O=IdenTrust, OU=HydrantID Trusted Certificate Service, CN=HydrantID Server CA O1"
www.commercialaudit.hrsa.gov,No,Yes,1,1,2025-09-16T19:15:18,2026-10-16T19:14:18,21064260404,"C=US, O=IdenTrust, OU=HydrantID Trusted Certificate Service, CN=HydrantID Server CA O1"
www.compliance-checker-nonprod.hrsa.gov,No,Yes,1,1,2026-07-20T19:44:35,2027-02-04T19:43:35,28102126475,"C=US, O=IdenTrust, OU=HydrantID Trusted Certificate Service, CN=HydrantID Server CA O1"
www.connector.hrsa.gov,No,Yes,1,1,2026-01-09T22:17:50,2027-02-08T22:16:50,23665383178,"C=US, O=IdenTrust, OU=HydrantID Trusted Certificate Service, CN=HydrantID Server CA O1"
www.coviduninsuredclaim.hrsa.gov,No,Yes,7,2,2026-03-24T00:00:00,2027-03-17T23:59:59,26955859473;29177339014;27591230294;25197827555;25862792874;27591234840;25182293221,"C=US, O=Let's Encrypt, CN=YR2;C=US, O=DigiCert Inc, OU=www.digicert.com, CN=GeoTrust TLS RSA CA G1"
www.cribl.hrsa.gov,No,Yes,1,1,2026-05-06T17:38:27,2026-11-21T17:37:27,26375830986,"C=US, O=IdenTrust, OU=HydrantID Trusted Certificate Service, CN=HydrantID Server CA O1"
www.dashboardext.os.hrsa.gov,No,Yes,1,1,2026-03-17T18:56:07,2026-10-02T18:55:07,25050197633,"C=US, O=IdenTrust, OU=HydrantID Trusted Certificate Service, CN=HydrantID Server CA O1"
www.dashboards.hrsa.gov,No,Yes,1,1,2026-03-17T18:56:26,2026-10-02T18:55:26,25050202106,"C=US, O=IdenTrust, OU=HydrantID Trusted Certificate Service, CN=HydrantID Server CA O1"
www.egis.hrsa.gov,No,Yes,1,1,2025-11-20T15:19:23,2026-12-20T15:18:23,22620403844,"C=US, O=IdenTrust, OU=HydrantID Trusted Certificate Service, CN=HydrantID Server CA O1"
www.egisos.hrsa.gov,No,Yes,1,1,2026-01-14T19:08:08,2027-02-13T19:07:08,23767020610,"C=US, O=IdenTrust, OU=HydrantID Trusted Certificate Service, CN=HydrantID Server CA O1"
www.egisstg01.hrsa.gov,No,Yes,1,1,2026-08-20T19:46:09,2027-03-07T19:45:09,28865760615,"C=US, O=IdenTrust, OU=HydrantID Trusted Certificate Service, CN=HydrantID Server CA O1"
www.egisstg02.hrsa.gov,No,Yes,1,1,2026-08-24T17:13:06,2027-03-11T17:12:06,28998155985,"C=US, O=IdenTrust, OU=HydrantID Trusted Certificate Service, CN=HydrantID Server CA O1"
www.ehbads.hrsa.gov,No,Yes,1,1,2025-08-26T16:51:18,2026-09-25T16:50:18,20591239833,"C=US, O=IdenTrust, OU=HydrantID Trusted Certificate Service, CN=HydrantID Server CA O1"
www.ehbcmn.hrsa.gov,No,Yes,4,1,2026-01-14T19:10:57,2027-03-04T15:29:47,24085890823;24140666345;23769787166;23767180485,"C=US, O=IdenTrust, OU=HydrantID Trusted Certificate Service, CN=HydrantID Server CA O1"
www.ehbcmnos.hrsa.gov,No,Yes,1,1,2026-01-14T19:08:50,2027-02-13T19:07:50,23767075967,"C=US, O=IdenTrust, OU=HydrantID Trusted Certificate Service, CN=HydrantID Server CA O1"
www.ehbcmnstg01.hrsa.gov,No,Yes,1,1,2026-08-20T19:46:28,2027-03-07T19:45:28,28865767117,"C=US, O=IdenTrust, OU=HydrantID Trusted Certificate Service, CN=HydrantID Server CA O1"
www.ehbcmnstg02.hrsa.gov,No,Yes,1,1,2026-07-30T15:18:51,2027-02-14T15:17:51,28382601731,"C=US, O=IdenTrust, OU=HydrantID Trusted Certificate Service, CN=HydrantID Server CA O1"
www.ehbebmstg01.hrsa.gov,No,Yes,1,1,2026-07-29T20:56:19,2027-02-13T20:55:19,28360461462,"C=US, O=IdenTrust, OU=HydrantID Trusted Certificate Service, CN=HydrantID Server CA O1"
www.ehbebmstg02.hrsa.gov,No,Yes,1,1,2026-07-29T20:56:38,2027-02-13T20:55:38,28360462604,"C=US, O=IdenTrust, OU=HydrantID Trusted Certificate Service, CN=HydrantID Server CA O1"
www.ehbgrantsgov.hrsa.gov,No,Yes,4,2,2025-10-24T17:09:35,2026-11-24T23:59:59,22259448812;21974663940;25069443321;22471250517,"C=US, O=DigiCert Inc, CN=DigiCert Global G2 TLS RSA SHA256 2020 CA1;C=US, O=IdenTrust, OU=HydrantID Trusted Certificate Service, CN=HydrantID Server CA O1"
www.ehbnrm.hrsa.gov,No,Yes,1,1,2026-07-01T18:30:38,2027-01-16T18:29:38,27624060840,"C=US, O=IdenTrust, OU=HydrantID Trusted Certificate Service, CN=HydrantID Server CA O1"
www.ehbos.hrsa.gov,No,Yes,1,1,2026-01-14T19:10:28,2027-02-13T19:09:28,23767178920,"C=US, O=IdenTrust, OU=HydrantID Trusted Certificate Service, CN=HydrantID Server CA O1"
www.ehbsaira.hrsa.gov,No,Yes,1,1,2026-09-03T18:28:50,2027-03-21T18:27:50,29249445007,"C=US, O=IdenTrust, OU=HydrantID Trusted Certificate Service, CN=HydrantID Server CA O1"
www.ehbsairastg01.hrsa.gov,No,Yes,1,1,2026-09-03T18:29:36,2027-03-21T18:28:36,29249450252,"C=US, O=IdenTrust, OU=HydrantID Trusted Certificate Service, CN=HydrantID Server CA O1"
www.ehbsairastg02.hrsa.gov,No,Yes,1,1,2026-09-03T18:29:07,2027-03-21T18:28:07,29249447108,"C=US, O=IdenTrust, OU=HydrantID Trusted Certificate Service, CN=HydrantID Server CA O1"
www.ehbsairauat02.hrsa.gov,No,Yes,1,1,2026-09-03T18:29:21,2027-03-21T18:28:21,29249448329,"C=US, O=IdenTrust, OU=HydrantID Trusted Certificate Service, CN=HydrantID Server CA O1"
www.ehbsearch.hrsa.gov,No,Yes,1,1,2026-01-09T22:15:48,2027-02-08T22:14:48,23665348471,"C=US, O=IdenTrust, OU=HydrantID Trusted Certificate Service, CN=HydrantID Server CA O1"
www.ehbstg01.hrsa.gov,No,Yes,1,1,2026-05-05T18:26:51,2026-11-20T18:25:51,26360328541,"C=US, O=IdenTrust, OU=HydrantID Trusted Certificate Service, CN=HydrantID Server CA O1"
www.ehbstg02.hrsa.gov,No,Yes,1,1,2026-07-30T15:17:57,2027-02-14T15:16:57,28382580117,"C=US, O=IdenTrust, OU=HydrantID Trusted Certificate Service, CN=HydrantID Server CA O1"
www.ehbuat02t01.hrsa.gov,No,Yes,1,1,2026-08-24T17:16:37,2027-03-11T17:15:37,28998240249,"C=US, O=IdenTrust, OU=HydrantID Trusted Certificate Service, CN=HydrantID Server CA O1"
www.ehbuat02t02.hrsa.gov,No,Yes,1,1,2026-08-24T17:17:26,2027-03-11T17:16:26,28998261777,"C=US, O=IdenTrust, OU=HydrantID Trusted Certificate Service, CN=HydrantID Server CA O1"
www.ehbuat02t03.hrsa.gov,No,Yes,1,1,2026-08-24T17:17:51,2027-03-11T17:16:51,28998281722,"C=US, O=IdenTrust, OU=HydrantID Trusted Certificate Service, CN=HydrantID Server CA O1"
www.ehbuat02t04.hrsa.gov,No,Yes,1,1,2026-08-24T17:44:03,2027-03-11T17:43:03,28998872580,"C=US, O=IdenTrust, OU=HydrantID Trusted Certificate Service, CN=HydrantID Server CA O1"
www.ehbuat03t01.hrsa.gov,No,Yes,1,1,2026-07-29T20:44:18,2027-02-13T20:43:18,28360252760,"C=US, O=IdenTrust, OU=HydrantID Trusted Certificate Service, CN=HydrantID Server CA O1"
www.ehbuat03t02.hrsa.gov,No,Yes,1,1,2026-07-29T20:44:38,2027-02-13T20:43:38,28360253608,"C=US, O=IdenTrust, OU=HydrantID Trusted Certificate Service, CN=HydrantID Server CA O1"
www.ehbuat03t03.hrsa.gov,No,Yes,1,1,2026-07-29T20:44:59,2027-02-13T20:43:59,28360253834,"C=US, O=IdenTrust, OU=HydrantID Trusted Certificate Service, CN=HydrantID Server CA O1"
www.ehbuat03t04.hrsa.gov,No,Yes,1,1,2026-07-29T20:45:31,2027-02-13T20:44:31,28360271799,"C=US, O=IdenTrust, OU=HydrantID Trusted Certificate Service, CN=HydrantID Server CA O1"
www.ehbuat04t01.hrsa.gov,No,Yes,1,1,2026-09-02T17:40:06,2027-03-20T17:39:06,29233814573,"C=US, O=IdenTrust, OU=HydrantID Trusted Certificate Service, CN=HydrantID Server CA O1"
www.ehbuat04t02.hrsa.gov,No,Yes,1,1,2026-09-02T17:40:42,2027-03-20T17:39:42,29233822326,"C=US, O=IdenTrust, OU=HydrantID Trusted Certificate Service, CN=HydrantID Server CA O1"
www.ehbuat04t03.hrsa.gov,No,Yes,1,1,2026-09-02T17:41:31,2027-03-20T17:40:31,29233835411,"C=US, O=IdenTrust, OU=HydrantID Trusted Certificate Service, CN=HydrantID Server CA O1"
www.ehbuat05t01.hrsa.gov,No,Yes,2,1,2025-08-28T19:32:07,2027-03-20T17:41:39,20637296290;29233842281,"C=US, O=IdenTrust, OU=HydrantID Trusted Certificate Service, CN=HydrantID Server CA O1"
www.ehbuat05t02.hrsa.gov,No,Yes,2,1,2025-08-28T19:36:36,2027-03-20T17:42:00,20637374621;29233843785,"C=US, O=IdenTrust, OU=HydrantID Trusted Certificate Service, CN=HydrantID Server CA O1"
www.ehbuat05t03.hrsa.gov,No,Yes,2,1,2025-08-28T19:34:46,2027-03-20T17:43:23,20637350340;29233863871,"C=US, O=IdenTrust, OU=HydrantID Trusted Certificate Service, CN=HydrantID Server CA O1"
www.ehbuat05t04.hrsa.gov,No,Yes,1,1,2025-08-28T19:26:44,2026-09-27T19:25:44,20637203449,"C=US, O=IdenTrust, OU=HydrantID Trusted Certificate Service, CN=HydrantID Server CA O1"
www.eo-compliance-checker.hrsa.gov,No,Yes,1,1,2026-05-11T18:26:03,2026-11-26T18:25:03,26417470609,"C=US, O=IdenTrust, OU=HydrantID Trusted Certificate Service, CN=HydrantID Server CA O1"
www.epmap.hrsa.gov,No,Yes,1,1,2026-05-12T18:51:45,2026-11-27T18:50:45,26425465209,"C=US, O=IdenTrust, OU=HydrantID Trusted Certificate Service, CN=HydrantID Server CA O1"
www.ers.hrsa.gov,No,Yes,1,1,2026-01-14T17:33:13,2027-02-13T17:32:13,23766406405,"C=US, O=IdenTrust, OU=HydrantID Trusted Certificate Service, CN=HydrantID Server CA O1"
www.ersos.hrsa.gov,No,Yes,1,1,2026-01-14T17:34:01,2027-02-13T17:33:01,23766420416,"C=US, O=IdenTrust, OU=HydrantID Trusted Certificate Service, CN=HydrantID Server CA O1"
www.ersstg01.hrsa.gov,No,Yes,1,1,2026-08-20T19:46:50,2027-03-07T19:45:50,28865766395,"C=US, O=IdenTrust, OU=HydrantID Trusted Certificate Service, CN=HydrantID Server CA O1"
www.ersstg02.hrsa.gov,No,Yes,1,1,2026-07-30T15:19:58,2027-02-14T15:18:58,28382631024,"C=US, O=IdenTrust, OU=HydrantID Trusted Certificate Service, CN=HydrantID Server CA O1"
www.esr.test.hrsa.gov,No,Yes,1,1,2026-08-25T15:48:36,2027-03-12T15:47:36,29027534356,"C=US, O=IdenTrust, OU=HydrantID Trusted Certificate Service, CN=HydrantID Server CA O1"
www.executive-order-compliance-checker.hrsa.gov,No,Yes,1,1,2026-07-27T20:19:54,2027-02-11T20:18:54,28300895256,"C=US, O=IdenTrust, OU=HydrantID Trusted Certificate Service, CN=HydrantID Server CA O1"
www.findahealthcenter.hrsa.gov,No,Yes,3,1,2026-02-25T20:38:16,2027-03-27T20:37:16,24644032219;24946118147;28883471953,"C=US, O=IdenTrust, OU=HydrantID Trusted Certificate Service, CN=HydrantID Server CA O1"
www.findanetwork.hrsa.gov,No,Yes,3,1,2026-02-25T20:38:16,2027-03-27T20:37:16,24644032219;24946118147;28883471953,"C=US, O=IdenTrust, OU=HydrantID Trusted Certificate Service, CN=HydrantID Server CA O1"
www.findhivcare.hrsa.gov,No,Yes,3,1,2026-02-25T20:38:16,2027-03-27T20:37:16,24644032219;24946118147;28883471953,"C=US, O=IdenTrust, OU=HydrantID Trusted Certificate Service, CN=HydrantID Server CA O1"
www.foiatest.hrsa.gov,No,Yes,1,1,2026-04-08T17:12:29,2026-10-24T17:11:29,25657905618,"C=US, O=IdenTrust, OU=HydrantID Trusted Certificate Service, CN=HydrantID Server CA O1"
www.geocarenavigator.hrsa.gov,No,Yes,1,1,2025-12-17T19:46:13,2027-01-16T19:45:13,23184520484,"C=US, O=IdenTrust, OU=HydrantID Trusted Certificate Service, CN=HydrantID Server CA O1"
www.gisportal.hrsa.gov,No,Yes,1,1,2025-09-16T17:26:12,2026-10-16T17:25:12,21062217383,"C=US, O=IdenTrust, OU=HydrantID Trusted Certificate Service, CN=HydrantID Server CA O1"
www.gisportalha-2.hrsa.gov,No,Yes,1,1,2026-05-07T19:34:01,2026-11-22T19:33:01,26385375022,"C=US, O=IdenTrust, OU=HydrantID Trusted Certificate Service, CN=HydrantID Server CA O1"
www.grants.hrsa.gov,No,Yes,1,1,2026-02-02T15:30:20,2027-03-04T15:29:20,24140665455,"C=US, O=IdenTrust, OU=HydrantID Trusted Certificate Service, CN=HydrantID Server CA O1"
www.grants2.hrsa.gov,No,Yes,1,1,2026-01-08T14:56:51,2027-02-07T14:55:51,23634451487,"C=US, O=IdenTrust, OU=HydrantID Trusted Certificate Service, CN=HydrantID Server CA O1"
www.grants3.hrsa.gov,No,Yes,1,1,2026-01-08T14:56:15,2027-02-07T14:55:15,23634451382,"C=US, O=IdenTrust, OU=HydrantID Trusted Certificate Service, CN=HydrantID Server CA O1"
www.grants4.hrsa.gov,No,Yes,1,1,2026-01-08T14:46:28,2027-02-07T14:45:28,23634269993,"C=US, O=IdenTrust, OU=HydrantID Trusted Certificate Service, CN=HydrantID Server CA O1"
www.grants5.hrsa.gov,No,Yes,1,1,2026-01-07T18:18:22,2027-02-06T18:17:22,23614066138,"C=US, O=IdenTrust, OU=HydrantID Trusted Certificate Service, CN=HydrantID Server CA O1"
www.grants6.hrsa.gov,No,Yes,1,1,2026-01-06T15:14:27,2027-02-05T15:13:27,23589611187,"C=US, O=IdenTrust, OU=HydrantID Trusted Certificate Service, CN=HydrantID Server CA O1"
www.gss-pklclb.hrsa.gov,No,Yes,1,1,2026-05-06T19:39:52,2026-11-21T19:38:52,26376597005,"C=US, O=IdenTrust, OU=HydrantID Trusted Certificate Service, CN=HydrantID Server CA O1"
www.gss-pklnscon-p01.hrsa.gov,No,Yes,1,1,2026-04-16T20:35:57,2026-11-01T20:34:57,25937390629,"C=US, O=IdenTrust, OU=HydrantID Trusted Certificate Service, CN=HydrantID Server CA O1"
www.gss-stlclb.hrsa.gov,No,Yes,1,1,2026-05-06T19:40:15,2026-11-21T19:39:15,26376597579,"C=US, O=IdenTrust, OU=HydrantID Trusted Certificate Service, CN=HydrantID Server CA O1"
www.hab.hrsa.gov,No,Yes,7,2,2026-03-24T00:00:00,2027-03-17T23:59:59,26955859473;29177339014;27591230294;25197827555;25862792874;27591234840;25182293221,"C=US, O=Let's Encrypt, CN=YR2;C=US, O=DigiCert Inc, OU=www.digicert.com, CN=GeoTrust TLS RSA CA G1"
www.hacap.hrsa.gov,No,Yes,1,1,2026-06-22T21:23:18,2027-01-07T21:22:18,27405114311,"C=US, O=IdenTrust, OU=HydrantID Trusted Certificate Service, CN=HydrantID Server CA O1"
www.help.hrsa.gov,No,Yes,1,1,2026-01-14T19:07:37,2027-02-13T19:06:37,23767019224,"C=US, O=IdenTrust, OU=HydrantID Trusted Certificate Service, CN=HydrantID Server CA O1"
www.help.stg01.hrsa.gov,No,Yes,1,1,2026-06-03T20:11:12,2026-12-19T20:10:12,26865065600,"C=US, O=IdenTrust, OU=HydrantID Trusted Certificate Service, CN=HydrantID Server CA O1"
www.help.stg2.hrsa.gov,No,Yes,1,1,2026-08-17T19:47:31,2027-03-04T19:46:31,28834205306,"C=US, O=IdenTrust, OU=HydrantID Trusted Certificate Service, CN=HydrantID Server CA O1"
www.hhs.gov,Yes,No,7,2,2026-03-24T00:00:00,2027-03-17T23:59:59,26955859473;29177339014;27591230294;25197827555;25862792874;27591234840;25182293221,"C=US, O=Let's Encrypt, CN=YR2;C=US, O=DigiCert Inc, OU=www.digicert.com, CN=GeoTrust TLS RSA CA G1"
www.hpsafind.hrsa.gov,No,Yes,3,1,2026-02-25T20:38:16,2027-03-27T20:37:16,24644032219;24946118147;28883471953,"C=US, O=IdenTrust, OU=HydrantID Trusted Certificate Service, CN=HydrantID Server CA O1"
www.hrsa-guest.hrsa.gov,No,Yes,1,1,2026-03-11T14:37:54,2026-09-26T14:36:54,24922669147,"C=US, O=IdenTrust, OU=HydrantID Trusted Certificate Service, CN=HydrantID Server CA O1"
www.hrsa-guestqa.hrsa.gov,No,Yes,1,1,2026-04-08T17:07:24,2026-10-24T17:06:24,25657756049,"C=US, O=IdenTrust, OU=HydrantID Trusted Certificate Service, CN=HydrantID Server CA O1"
www.hrsa.gov,No,Yes,9,3,2025-11-20T20:47:48,2027-03-17T23:59:59,26955859473;29177339014;22625919109;27591230294;23186897390;25197827555;25862792874;27591234840;25182293221,"C=US, O=Let's Encrypt, CN=YR2;C=US, O=IdenTrust, OU=HydrantID Trusted Certificate Service, CN=HydrantID Server CA O1;C=US, O=DigiCert Inc, OU=www.digicert.com, CN=GeoTrust TLS RSA CA G1"
www.inthub.hrsa.gov,No,Yes,1,1,2026-06-12T19:23:04,2026-12-28T19:22:04,27131402352,"C=US, O=IdenTrust, OU=HydrantID Trusted Certificate Service, CN=HydrantID Server CA O1"
www.inthubos.hrsa.gov,No,Yes,1,1,2026-07-01T18:33:21,2027-01-16T18:32:21,27624098276,"C=US, O=IdenTrust, OU=HydrantID Trusted Certificate Service, CN=HydrantID Server CA O1"
www.inthubsec.hrsa.gov,No,Yes,1,1,2026-07-01T18:32:54,2027-01-16T18:31:54,27624098309,"C=US, O=IdenTrust, OU=HydrantID Trusted Certificate Service, CN=HydrantID Server CA O1"
www.inthubstg01.hrsa.gov,No,Yes,1,1,2026-04-30T18:53:53,2026-11-15T18:52:53,26272234421,"C=US, O=IdenTrust, OU=HydrantID Trusted Certificate Service, CN=HydrantID Server CA O1"
www.inthubstg02.hrsa.gov,No,Yes,1,1,2026-05-20T17:56:53,2026-12-05T17:55:53,26512560207,"C=US, O=IdenTrust, OU=HydrantID Trusted Certificate Service, CN=HydrantID Server CA O1"
www.inthubtrn.hrsa.gov,No,Yes,1,1,2026-08-18T18:10:52,2027-03-05T18:09:52,28843405397,"C=US, O=IdenTrust, OU=HydrantID Trusted Certificate Service, CN=HydrantID Server CA O1"
www.inthubuat02.hrsa.gov,No,Yes,1,1,2026-09-16T18:31:58,2027-04-03T18:30:58,29458948940,"C=US, O=IdenTrust, OU=HydrantID Trusted Certificate Service, CN=HydrantID Server CA O1"
www.inthubuat04.hrsa.gov,No,Yes,1,1,2026-08-18T17:48:10,2027-03-05T17:47:10,28843300283,"C=US, O=IdenTrust, OU=HydrantID Trusted Certificate Service, CN=HydrantID Server CA O1"
www.inthubuat05.hrsa.gov,No,Yes,1,1,2026-05-20T17:57:14,2026-12-05T17:56:14,26512560595,"C=US, O=IdenTrust, OU=HydrantID Trusted Certificate Service, CN=HydrantID Server CA O1"
www.irms.hrsa.gov,No,Yes,1,1,2026-08-07T19:23:26,2027-02-22T19:22:26,28628232659,"C=US, O=IdenTrust, OU=HydrantID Trusted Certificate Service, CN=HydrantID Server CA O1"
www.irmsdev.hrsa.gov,No,Yes,2,1,2026-08-07T19:23:54,2027-02-22T19:23:14,28628233966;28628234209,"C=US, O=IdenTrust, OU=HydrantID Trusted Certificate Service, CN=HydrantID Server CA O1"
www.irmstest.hrsa.gov,No,Yes,1,1,2026-08-07T20:36:14,2027-02-22T20:35:14,28629698993,"C=US, O=IdenTrust, OU=HydrantID Trusted Certificate Service, CN=HydrantID Server CA O1"
www.itsupport.hrsa.gov,No,Yes,1,1,2026-06-11T19:45:01,2026-12-27T19:44:01,27097749934,"C=US, O=IdenTrust, OU=HydrantID Trusted Certificate Service, CN=HydrantID Server CA O1"
www.ldc.srtr.hrsa.gov,No,Yes,1,1,2026-08-10T19:23:50,2027-02-25T19:22:50,28715799083,"C=US, O=IdenTrust, OU=HydrantID Trusted Certificate Service, CN=HydrantID Server CA O1"
www.mchb.hrsa.gov,No,Yes,8,3,2026-03-24T00:00:00,2027-03-17T23:59:59,26955859473;26272312994;29177339014;27591230294;25197827555;25862792874;27591234840;25182293221,"C=US, O=Let's Encrypt, CN=YR2;C=US, O=IdenTrust, OU=HydrantID Trusted Certificate Service, CN=HydrantID Server CA O1;C=US, O=DigiCert Inc, OU=www.digicert.com, CN=GeoTrust TLS RSA CA G1"
www.mchb.tvisdata.hrsa.gov,No,Yes,1,1,2026-01-06T15:18:20,2027-02-05T15:17:20,23589667483,"C=US, O=IdenTrust, OU=HydrantID Trusted Certificate Service, CN=HydrantID Server CA O1"
www.mchbtvis.hrsa.gov,No,Yes,1,1,2026-01-06T15:29:20,2027-02-05T15:28:20,23589822837,"C=US, O=IdenTrust, OU=HydrantID Trusted Certificate Service, CN=HydrantID Server CA O1"
www.mchbtvisdatastg01.hrsa.gov,No,Yes,1,1,2026-06-03T20:09:57,2026-12-19T20:08:57,26865043241,"C=US, O=IdenTrust, OU=HydrantID Trusted Certificate Service, CN=HydrantID Server CA O1"
www.mchbtvisdatastg02.hrsa.gov,No,Yes,1,1,2026-08-24T17:15:32,2027-03-11T17:14:32,28998216716,"C=US, O=IdenTrust, OU=HydrantID Trusted Certificate Service, CN=HydrantID Server CA O1"
www.mchbtvisdatauat02.hrsa.gov,No,Yes,1,1,2026-08-25T15:46:54,2027-03-12T15:45:54,29027494209,"C=US, O=IdenTrust, OU=HydrantID Trusted Certificate Service, CN=HydrantID Server CA O1"
www.mchbtvisdatauat03.hrsa.gov,No,Yes,1,1,2026-07-29T20:43:37,2027-02-13T20:42:37,28360233508,"C=US, O=IdenTrust, OU=HydrantID Trusted Certificate Service, CN=HydrantID Server CA O1"
www.mchbtvisdatauat04.hrsa.gov,No,Yes,1,1,2026-09-02T17:42:16,2027-03-20T17:41:16,29233841651,"C=US, O=IdenTrust, OU=HydrantID Trusted Certificate Service, CN=HydrantID Server CA O1"
www.mchbtvisdatauat05.hrsa.gov,No,Yes,2,1,2025-08-28T19:35:14,2027-03-20T17:42:33,20637351702;29233850444,"C=US, O=IdenTrust, OU=HydrantID Trusted Certificate Service, CN=HydrantID Server CA O1"
www.mchbtvisstg01.hrsa.gov,No,Yes,1,1,2026-06-03T20:10:40,2026-12-19T20:09:40,26865044282,"C=US, O=IdenTrust, OU=HydrantID Trusted Certificate Service, CN=HydrantID Server CA O1"
www.mchbtvisstg02.hrsa.gov,No,Yes,1,1,2026-08-24T17:16:07,2027-03-11T17:15:07,28998234247,"C=US, O=IdenTrust, OU=HydrantID Trusted Certificate Service, CN=HydrantID Server CA O1"
www.mchbtvisuat02.hrsa.gov,No,Yes,1,1,2026-08-25T15:46:30,2027-03-12T15:45:30,29027475319,"C=US, O=IdenTrust, OU=HydrantID Trusted Certificate Service, CN=HydrantID Server CA O1"
www.mchbtvisuat03.hrsa.gov,No,Yes,1,1,2026-07-29T20:43:57,2027-02-13T20:42:57,28360235439,"C=US, O=IdenTrust, OU=HydrantID Trusted Certificate Service, CN=HydrantID Server CA O1"
www.mchbtvisuat04.hrsa.gov,No,Yes,1,1,2026-09-02T17:41:55,2027-03-20T17:40:55,29233838043,"C=US, O=IdenTrust, OU=HydrantID Trusted Certificate Service, CN=HydrantID Server CA O1"
www.mchbtvisuat05.hrsa.gov,No,Yes,2,1,2025-08-28T19:35:47,2027-03-20T17:42:55,29233864275;20637363562,"C=US, O=IdenTrust, OU=HydrantID Trusted Certificate Service, CN=HydrantID Server CA O1"
www.muafind.hrsa.gov,No,Yes,3,1,2026-02-25T20:37:48,2027-04-01T14:27:15,24738506080;24644032216;24946118147,"C=US, O=IdenTrust, OU=HydrantID Trusted Certificate Service, CN=HydrantID Server CA O1"
www.newbornscreening.hrsa.gov,No,Yes,7,2,2026-03-24T00:00:00,2027-03-17T23:59:59,26955859473;29177339014;27591230294;25197827555;25862792874;27591234840;25182293221,"C=US, O=Let's Encrypt, CN=YR2;C=US, O=DigiCert Inc, OU=www.digicert.com, CN=GeoTrust TLS RSA CA G1"
www.newsroom.hrsa.gov,No,Yes,1,1,2025-10-24T14:17:42,2026-11-23T14:16:42,21971469142,"C=US, O=IdenTrust, OU=HydrantID Trusted Certificate Service, CN=HydrantID Server CA O1"
www.nhsc.hrsa.gov,No,Yes,7,2,2026-03-24T00:00:00,2027-03-17T23:59:59,26955859473;29177339014;27591230294;25197827555;25862792874;27591234840;25182293221,"C=US, O=Let's Encrypt, CN=YR2;C=US, O=DigiCert Inc, OU=www.digicert.com, CN=GeoTrust TLS RSA CA G1"
www.nofonavigator.hrsa.gov,No,Yes,1,1,2026-03-20T14:31:04,2026-10-05T14:30:04,25114249410,"C=US, O=IdenTrust, OU=HydrantID Trusted Certificate Service, CN=HydrantID Server CA O1"
www.npdb-hipdb.hrsa.gov,No,Yes,6,2,2025-12-11T00:00:00,2026-12-12T23:59:59,23047708348;25957069869;23047735202;25950796965;25329331128;25950830341,"C=US, O=DigiCert Inc, CN=DigiCert Global G2 TLS RSA SHA256 2020 CA1;C=US, O=DigiCert Inc, CN=DigiCert Global G3 TLS ECC SHA384 2020 CA1"
www.npdb.hrsa.gov,Yes,Yes,7,2,2025-12-11T00:00:00,2026-12-12T23:59:59,23047708348;25957069869;23047735202;25950796965;26553977281;25329331128;25950830341,"C=US, O=DigiCert Inc, CN=DigiCert Global G2 TLS RSA SHA256 2020 CA1;C=US, O=DigiCert Inc, CN=DigiCert Global G3 TLS ECC SHA384 2020 CA1"
www.opotxfind.hrsa.gov,No,Yes,3,1,2026-02-25T20:37:48,2027-04-01T14:27:15,24738506080;24644032216;24946118147,"C=US, O=IdenTrust, OU=HydrantID Trusted Certificate Service, CN=HydrantID Server CA O1"
www.parssforcehrsaprodassertion.hrsa.gov,No,Yes,1,1,2026-07-21T17:50:01,2027-02-05T17:49:01,28130399660,"C=US, O=IdenTrust, OU=HydrantID Trusted Certificate Service, CN=HydrantID Server CA O1"
www.parssforcehrsaprodrequest.hrsa.gov,No,Yes,1,1,2026-07-21T17:51:40,2027-02-05T17:50:40,28130439716,"C=US, O=IdenTrust, OU=HydrantID Trusted Certificate Service, CN=HydrantID Server CA O1"
www.poisonhelp.hrsa.gov,No,Yes,7,2,2026-03-24T00:00:00,2027-03-17T23:59:59,26955859473;29177339014;27591230294;25197827555;25862792874;27591234840;25182293221,"C=US, O=Let's Encrypt, CN=YR2;C=US, O=DigiCert Inc, OU=www.digicert.com, CN=GeoTrust TLS RSA CA G1"
www.poisonhelpespanol.hrsa.gov,No,Yes,2,1,2026-03-24T00:00:00,2026-10-08T23:59:59,25197827555;25182293221,"C=US, O=DigiCert Inc, OU=www.digicert.com, CN=GeoTrust TLS RSA CA G1"
www.programportal.hrsa.gov,No,Yes,1,1,2025-11-14T20:21:00,2026-12-14T20:20:00,22471632353,"C=US, O=IdenTrust, OU=HydrantID Trusted Certificate Service, CN=HydrantID Server CA O1"
www.providerrelief.hrsa.gov,No,Yes,7,2,2026-03-24T00:00:00,2027-03-17T23:59:59,26955859473;29177339014;27591230294;25197827555;25862792874;27591234840;25182293221,"C=US, O=Let's Encrypt, CN=YR2;C=US, O=DigiCert Inc, OU=www.digicert.com, CN=GeoTrust TLS RSA CA G1"
www.ryanwhite.hrsa.gov,No,Yes,8,3,2026-03-24T00:00:00,2027-03-17T23:59:59,26955859473;26272329226;29177339014;27591230294;25197827555;25862792874;27591234840;25182293221,"C=US, O=Let's Encrypt, CN=YR2;C=US, O=IdenTrust, OU=HydrantID Trusted Certificate Service, CN=HydrantID Server CA O1;C=US, O=DigiCert Inc, OU=www.digicert.com, CN=GeoTrust TLS RSA CA G1"
www.sdms.hrsa.gov,No,Yes,1,1,2026-02-23T16:15:23,2027-03-25T16:14:23,24599519901,"C=US, O=IdenTrust, OU=HydrantID Trusted Certificate Service, CN=HydrantID Server CA O1"
www.search1.hrsa.gov,No,Yes,1,1,2026-06-25T18:39:46,2027-01-10T18:38:46,27481704641,"C=US, O=IdenTrust, OU=HydrantID Trusted Certificate Service, CN=HydrantID Server CA O1"
www.secure.srtr.hrsa.gov,No,Yes,1,1,2026-08-10T19:23:34,2027-02-25T19:22:34,28715781392,"C=US, O=IdenTrust, OU=HydrantID Trusted Certificate Service, CN=HydrantID Server CA O1"
www.sfji.hrsa.gov,No,Yes,1,1,2026-08-17T19:45:39,2027-03-04T19:44:39,28834191492,"C=US, O=IdenTrust, OU=HydrantID Trusted Certificate Service, CN=HydrantID Server CA O1"
www.sfjiqaenv.hrsa.gov,No,Yes,1,1,2026-03-23T19:59:24,2026-10-08T19:58:24,25177360222,"C=US, O=IdenTrust, OU=HydrantID Trusted Certificate Service, CN=HydrantID Server CA O1"
www.sforcehrsadevassertion.hrsa.gov,No,Yes,1,1,2026-07-13T18:35:11,2027-01-28T18:34:11,27905506054,"C=US, O=IdenTrust, OU=HydrantID Trusted Certificate Service, CN=HydrantID Server CA O1"
www.sforcehrsadevoktaassertion.hrsa.gov,No,Yes,1,1,2026-07-09T18:11:18,2027-01-24T18:10:18,27811838831,"C=US, O=IdenTrust, OU=HydrantID Trusted Certificate Service, CN=HydrantID Server CA O1"
www.sforcehrsadevoktarequest.hrsa.gov,No,Yes,1,1,2026-07-09T18:15:35,2027-01-24T18:14:35,27811916440,"C=US, O=IdenTrust, OU=HydrantID Trusted Certificate Service, CN=HydrantID Server CA O1"
www.sforcehrsadevrequest.hrsa.gov,No,Yes,1,1,2026-07-13T18:34:54,2027-01-28T18:33:54,27905505413,"C=US, O=IdenTrust, OU=HydrantID Trusted Certificate Service, CN=HydrantID Server CA O1"
www.soc-archas-p02.hrsa.gov,No,Yes,1,1,2026-07-21T17:52:36,2027-02-05T17:51:36,28130458647,"C=US, O=IdenTrust, OU=HydrantID Trusted Certificate Service, CN=HydrantID Server CA O1"
www.soc-glabas-p01.hrsa.gov,No,Yes,1,1,2026-03-17T14:41:20,2026-10-02T14:40:20,25045678931,"C=US, O=IdenTrust, OU=HydrantID Trusted Certificate Service, CN=HydrantID Server CA O1"
www.srtr-stage.hdw.hrsa.gov,No,Yes,1,1,2026-03-02T14:28:15,2027-04-01T14:27:15,24738506080,"C=US, O=IdenTrust, OU=HydrantID Trusted Certificate Service, CN=HydrantID Server CA O1"
www.srtr.hrsa.gov,No,Yes,1,1,2026-05-01T17:51:04,2026-11-16T17:50:04,26281988939,"C=US, O=IdenTrust, OU=HydrantID Trusted Certificate Service, CN=HydrantID Server CA O1"
www.stateprofiles.hrsa.gov,No,Yes,3,1,2026-02-25T20:38:16,2027-03-27T20:37:16,24644032219;24946118147;28883471953,"C=US, O=IdenTrust, OU=HydrantID Trusted Certificate Service, CN=HydrantID Server CA O1"
www.tableau-uat.hdw.hrsa.gov,No,Yes,3,1,2025-10-01T16:07:55,2026-11-08T18:26:57,21400169984;21605775042;21601281548,"C=US, O=IdenTrust, OU=HydrantID Trusted Certificate Service, CN=HydrantID Server CA O1"
www.tableau.hdw.hrsa.gov,No,Yes,1,1,2026-08-19T18:34:05,2027-03-06T18:33:05,28855532093,"C=US, O=IdenTrust, OU=HydrantID Trusted Certificate Service, CN=HydrantID Server CA O1"
www.tds.hrsa.gov,No,Yes,1,1,2025-12-22T19:08:44,2027-01-21T19:07:44,23299873182,"C=US, O=IdenTrust, OU=HydrantID Trusted Certificate Service, CN=HydrantID Server CA O1"
www.trainepmap.hrsa.gov,No,Yes,1,1,2026-05-12T18:52:07,2026-11-27T18:51:07,26425469609,"C=US, O=IdenTrust, OU=HydrantID Trusted Certificate Service, CN=HydrantID Server CA O1"
www.vicpsubmit.hrsa.gov,No,Yes,1,1,2026-06-05T20:48:43,2026-12-21T20:47:43,26923144890,"C=US, O=IdenTrust, OU=HydrantID Trusted Certificate Service, CN=HydrantID Server CA O1"
