domain,seen_in_common_name,seen_in_name_value,certificate_count,issuer_count,earliest_seen,latest_expiry,certificate_ids,issuers
382Reporting.ost.dot.gov,No,Yes,1,1,2026-06-29T00:00:00,2027-01-13T23:59:59,27572636754,"C=US, O=DigiCert Inc, OU=www.digicert.com, CN=GeoTrust TLS RSA CA G1"
382reporting.ost.dot.gov,No,Yes,2,1,2025-11-17T00:00:00,2026-11-17T23:59:59,22547055023;22547041073,"C=CA, O=Entrust Limited, CN=Entrust OV TLS Issuing RSA CA 2"
BOMGARTEST.DOT.GOV,Yes,Yes,2,1,2026-04-22T00:00:00,2026-11-06T23:59:59,25673136860;26011460704,"C=CA, O=Entrust Limited, CN=Entrust OV TLS Issuing ECC CA 2"
CASTLE.DOT.GOV,Yes,Yes,2,1,2026-03-26T00:00:00,2027-04-07T23:59:59,29499229949;25238026022,"C=US, O=DigiCert Inc, OU=www.digicert.com, CN=GeoTrust TLS RSA CA G1"
Ctrl.oig.dot.gov,Yes,Yes,3,1,2026-04-02T00:00:00,2027-03-25T23:59:59,25371567272;29291384137;25331050776,"C=US, O=DigiCert Inc, CN=DigiCert Global G2 TLS RSA SHA256 2020 CA1"
DAMIS.DOT.GOV,Yes,Yes,2,1,2025-12-05T00:00:00,2026-12-05T23:59:59,22911060868;22911081842,"C=CA, O=Entrust Limited, CN=Entrust OV TLS Issuing ECC CA 2"
DOT-DCA-CUC-P01-ms.fmcsa.dot.gov,Yes,Yes,2,1,2025-12-16T00:00:00,2026-12-16T23:59:59,23159092571;23159112002,"C=CA, O=Entrust Limited, CN=Entrust OV TLS Issuing RSA CA 2"
DOT-DCA-CUC-P01.fmcsa.dot.gov,No,Yes,2,1,2025-12-16T00:00:00,2026-12-16T23:59:59,23159092571;23159112002,"C=CA, O=Entrust Limited, CN=Entrust OV TLS Issuing RSA CA 2"
DOT-HSA-CUC-S01.fmcsa.dot.gov,No,Yes,2,1,2025-12-16T00:00:00,2026-12-16T23:59:59,23159092571;23159112002,"C=CA, O=Entrust Limited, CN=Entrust OV TLS Issuing RSA CA 2"
DOTCMG.dot.gov,Yes,Yes,2,1,2026-05-01T00:00:00,2026-11-15T23:59:59,26116995460;25978571006,"C=CA, O=Entrust Limited, CN=Entrust OV TLS Issuing RSA CA 2"
PHMDR1WAS061.PHMSA.DOT.GOV,Yes,Yes,2,1,2026-04-30T00:00:00,2026-11-14T23:59:59,25955647250;26110073259,"C=CA, O=Entrust Limited, CN=Entrust OV TLS Issuing ECC CA 2"
TSC-BOS-ISE-DC1.tsc.dot.gov,No,Yes,4,1,2025-10-09T00:00:00,2026-10-16T23:59:59,21605739162;21766886777;21766900664;21605720180,"C=CA, O=Entrust Limited, CN=Entrust OV TLS Issuing RSA CA 2"
TSC-BOS-ISE-DC2.tsc.dot.gov,No,Yes,4,1,2025-10-09T00:00:00,2026-10-16T23:59:59,21605739162;21766886777;21766900664;21605720180,"C=CA, O=Entrust Limited, CN=Entrust OV TLS Issuing RSA CA 2"
TSC-BOS-ISE-DC3.tsc.dot.gov,No,Yes,4,1,2025-10-09T00:00:00,2026-10-16T23:59:59,21605739162;21766886777;21766900664;21605720180,"C=CA, O=Entrust Limited, CN=Entrust OV TLS Issuing RSA CA 2"
TSC-BOS-ISE-DC4.tsc.dot.gov,No,Yes,4,1,2025-10-09T00:00:00,2026-10-16T23:59:59,21605739162;21766886777;21766900664;21605720180,"C=CA, O=Entrust Limited, CN=Entrust OV TLS Issuing RSA CA 2"
TSC-BOS-ISE-DC5.tsc.dot.gov,No,Yes,4,1,2025-10-09T00:00:00,2026-10-16T23:59:59,21605739162;21766886777;21766900664;21605720180,"C=CA, O=Entrust Limited, CN=Entrust OV TLS Issuing RSA CA 2"
TSC-BOS-ISE-DC6.tsc.dot.gov,No,Yes,4,1,2025-10-09T00:00:00,2026-10-16T23:59:59,21605739162;21766886777;21766900664;21605720180,"C=CA, O=Entrust Limited, CN=Entrust OV TLS Issuing RSA CA 2"
TSC-BOS-ISE-DC7.tsc.dot.gov,No,Yes,4,1,2025-10-09T00:00:00,2026-10-16T23:59:59,21605739162;21766886777;21766900664;21605720180,"C=CA, O=Entrust Limited, CN=Entrust OV TLS Issuing RSA CA 2"
TSC-BOS-ISE-DC8.tsc.dot.gov,Yes,Yes,4,1,2025-10-09T00:00:00,2026-10-16T23:59:59,21605739162;21766886777;21766900664;21605720180,"C=CA, O=Entrust Limited, CN=Entrust OV TLS Issuing RSA CA 2"
Volpe-Guest-1.tsc.dot.gov,Yes,Yes,2,1,2025-10-09T00:00:00,2026-10-09T23:59:59,21605720180;21605739162,"C=CA, O=Entrust Limited, CN=Entrust OV TLS Issuing RSA CA 2"
Volpe-Guest-2.tsc.dot.gov,No,Yes,2,1,2025-10-09T00:00:00,2026-10-09T23:59:59,21605720180;21605739162,"C=CA, O=Entrust Limited, CN=Entrust OV TLS Issuing RSA CA 2"
Volpe-Guest-3.tsc.dot.gov,No,Yes,2,1,2025-10-09T00:00:00,2026-10-09T23:59:59,21605720180;21605739162,"C=CA, O=Entrust Limited, CN=Entrust OV TLS Issuing RSA CA 2"
Volpe-Guest-4.tsc.dot.gov,No,Yes,2,1,2025-10-09T00:00:00,2026-10-09T23:59:59,21605720180;21605739162,"C=CA, O=Entrust Limited, CN=Entrust OV TLS Issuing RSA CA 2"
abcr.fmcsa.dot.gov,No,Yes,4,1,2026-09-09T00:00:00,2027-04-04T23:59:59,29316698148;29316698140;29459369394;29493143937,"C=CA, O=Entrust Limited, CN=Entrust OV TLS Issuing RSA CA 2"
ac-1.dot.gov,No,Yes,2,1,2026-04-13T00:00:00,2026-10-28T23:59:59,25857124255;25524891204,"C=CA, O=Entrust Limited, CN=Entrust OV TLS Issuing RSA CA 2"
ac-2.dot.gov,No,Yes,2,1,2026-04-13T00:00:00,2026-10-28T23:59:59,25857124255;25524891204,"C=CA, O=Entrust Limited, CN=Entrust OV TLS Issuing RSA CA 2"
ac-3.dot.gov,No,Yes,2,1,2026-04-13T00:00:00,2026-10-28T23:59:59,25857124255;25524891204,"C=CA, O=Entrust Limited, CN=Entrust OV TLS Issuing RSA CA 2"
ac-4.dot.gov,No,Yes,2,1,2026-04-13T00:00:00,2026-10-28T23:59:59,25857124255;25524891204,"C=CA, O=Entrust Limited, CN=Entrust OV TLS Issuing RSA CA 2"
ac-5.dot.gov,No,Yes,2,1,2026-04-13T00:00:00,2026-10-28T23:59:59,25857124255;25524891204,"C=CA, O=Entrust Limited, CN=Entrust OV TLS Issuing RSA CA 2"
ac-6.dot.gov,No,Yes,2,1,2026-04-13T00:00:00,2026-10-28T23:59:59,25857124255;25524891204,"C=CA, O=Entrust Limited, CN=Entrust OV TLS Issuing RSA CA 2"
ac-dr.dot.gov,No,Yes,2,1,2026-04-13T00:00:00,2026-10-28T23:59:59,25857124255;25524891204,"C=CA, O=Entrust Limited, CN=Entrust OV TLS Issuing RSA CA 2"
ac-hq.dot.gov,No,Yes,2,1,2026-04-13T00:00:00,2026-10-28T23:59:59,25857124255;25524891204,"C=CA, O=Entrust Limited, CN=Entrust OV TLS Issuing RSA CA 2"
ac-lab.dot.gov,No,Yes,2,1,2026-04-13T00:00:00,2026-10-28T23:59:59,25857124255;25524891204,"C=CA, O=Entrust Limited, CN=Entrust OV TLS Issuing RSA CA 2"
ac-temp.dot.gov,No,Yes,2,1,2026-04-13T00:00:00,2026-10-28T23:59:59,25857124255;25524891204,"C=CA, O=Entrust Limited, CN=Entrust OV TLS Issuing RSA CA 2"
ac.dot.gov,Yes,Yes,2,1,2026-04-13T00:00:00,2026-10-28T23:59:59,25857124255;25524891204,"C=CA, O=Entrust Limited, CN=Entrust OV TLS Issuing RSA CA 2"
acbackup.dot.gov,No,Yes,2,1,2026-04-13T00:00:00,2026-10-28T23:59:59,25857124255;25524891204,"C=CA, O=Entrust Limited, CN=Entrust OV TLS Issuing RSA CA 2"
acquia-stage-permits8.dot.gov,No,Yes,4,1,2026-07-13T00:00:00,2027-01-31T23:59:59,28017986293;27927806033;27907735705;28012928244,"C=US, O=DigiCert Inc, OU=www.digicert.com, CN=GeoTrust TLS RSA CA G1"
acquia-test-permits8.dot.gov,No,Yes,4,1,2026-07-13T00:00:00,2027-01-31T23:59:59,28017986293;27927806033;27907735705;28012928244,"C=US, O=DigiCert Inc, OU=www.digicert.com, CN=GeoTrust TLS RSA CA G1"
ad.oig.dot.gov,Yes,Yes,2,1,2026-04-02T00:00:00,2027-03-25T23:59:59,25330177632;29291434516,"C=US, O=DigiCert Inc, CN=DigiCert Global G2 TLS RSA SHA256 2020 CA1"
adfs.dot.gov,Yes,Yes,2,1,2026-04-22T00:00:00,2026-11-06T23:59:59,25679407268;26014169674,"C=CA, O=Entrust Limited, CN=Entrust OV TLS Issuing RSA CA 2"
adstracker.cdan.dot.gov,No,Yes,17,1,2026-06-24T00:00:00,2027-04-14T23:59:59,27762824007;29444223113;29621973976;28568702815;29522150286;28325312296;27762822089;29431591528;27452183623;29522156769;28325307162;28620901407;28301235327;28568697086;27452181143;28620902702;28301236198,"C=CA, O=Entrust Limited, CN=Entrust OV TLS Issuing RSA CA 2"
ai.fmcsa.dot.gov,No,Yes,4,1,2026-09-09T00:00:00,2027-04-04T23:59:59,29316698148;29316698140;29459369394;29493143937,"C=CA, O=Entrust Limited, CN=Entrust OV TLS Issuing RSA CA 2"
airconsumer.dot.gov,No,Yes,5,2,2025-11-17T00:00:00,2027-01-13T23:59:59,22547055023;22547041073;26170395670;26124202248;27572636754,"C=US, O=DigiCert Inc, OU=www.digicert.com, CN=GeoTrust TLS RSA CA G1;C=CA, O=Entrust Limited, CN=Entrust OV TLS Issuing RSA CA 2"
ais.volpe.dot.gov,Yes,Yes,4,1,2026-01-15T00:00:00,2027-01-15T23:59:59,26666900768;23786582889;26663408898;23786581513,"C=CA, O=Entrust Limited, CN=Entrust OV TLS Issuing RSA CA 2"
amc.vntsc.dot.gov,Yes,Yes,2,1,2026-08-28T00:00:00,2027-03-14T23:59:59,29114591202;29114595935,"C=CA, O=Entrust Limited, CN=Entrust OV TLS Issuing RSA CA 2"
analyticsportal.fta.dot.gov,Yes,Yes,2,1,2026-08-20T00:00:00,2027-03-06T23:59:59,28855273788;28866413959,"C=CA, O=Entrust Limited, CN=Entrust OV TLS Issuing RSA CA 2"
analyticsportaldev.fta.dot.gov,Yes,Yes,2,1,2026-08-20T00:00:00,2027-03-06T23:59:59,28855340625;28866435993,"C=CA, O=Entrust Limited, CN=Entrust OV TLS Issuing RSA CA 2"
animalreport.ost.dot.gov,No,Yes,3,2,2025-11-17T00:00:00,2027-01-13T23:59:59,27572636754;22547055023;22547041073,"C=US, O=DigiCert Inc, OU=www.digicert.com, CN=GeoTrust TLS RSA CA G1;C=CA, O=Entrust Limited, CN=Entrust OV TLS Issuing RSA CA 2"
anyvpn1.fmcsa.dot.gov,No,Yes,4,1,2026-04-07T00:00:00,2027-04-15T23:59:59,25674210885;25443404362;29633065773;29636089187,"C=CA, O=Entrust Limited, CN=Entrust OV TLS Issuing RSA CA 2"
anyvpn2.fmcsa.dot.gov,No,Yes,4,1,2026-04-07T00:00:00,2027-04-15T23:59:59,25674210885;25443404362;29633065773;29636089187,"C=CA, O=Entrust Limited, CN=Entrust OV TLS Issuing RSA CA 2"
api-cmp.dot.gov,No,Yes,2,1,2025-10-31T00:00:00,2026-10-31T23:59:59,22126554670;22126575759,"C=CA, O=Entrust Limited, CN=Entrust OV TLS Issuing RSA CA 2"
api-dev.fmcsa.dot.gov,No,Yes,2,1,2026-07-16T00:00:00,2027-01-30T23:59:59,27983813412;27983815060,"C=CA, O=Entrust Limited, CN=Entrust OV TLS Issuing RSA CA 2"
api-dev.ost.dot.gov,Yes,Yes,2,1,2026-04-20T00:00:00,2026-11-04T23:59:59,25985563808;25611274176,"C=CA, O=Entrust Limited, CN=Entrust OV TLS Issuing RSA CA 2"
api-int.fmcsa.dot.gov,No,Yes,6,1,2026-07-16T00:00:00,2027-04-04T23:59:59,29316698148;27983813412;29459369394;29316698140;27983815060;29493143937,"C=CA, O=Entrust Limited, CN=Entrust OV TLS Issuing RSA CA 2"
api-main-auth-prod.fmcsa.dot.gov,No,Yes,4,1,2026-09-09T00:00:00,2027-04-04T23:59:59,29316698148;29316698140;29459369394;29493143937,"C=CA, O=Entrust Limited, CN=Entrust OV TLS Issuing RSA CA 2"
api-main-auth-stg.fmcsa.dot.gov,No,Yes,6,1,2026-09-08T00:00:00,2027-04-04T23:59:59,29316698148;29459369394;29295310308;29295310225;29316698140;29493143937,"C=CA, O=Entrust Limited, CN=Entrust OV TLS Issuing RSA CA 2"
api-main-prod.fmcsa.dot.gov,No,Yes,4,1,2026-09-09T00:00:00,2027-04-04T23:59:59,29316698148;29316698140;29459369394;29493143937,"C=CA, O=Entrust Limited, CN=Entrust OV TLS Issuing RSA CA 2"
api-main.fmcsa.dot.gov,No,Yes,4,1,2026-09-09T00:00:00,2027-04-04T23:59:59,29316698148;29316698140;29459369394;29493143937,"C=CA, O=Entrust Limited, CN=Entrust OV TLS Issuing RSA CA 2"
api-stg.fmcsa.dot.gov,No,Yes,8,1,2026-07-16T00:00:00,2027-04-04T23:59:59,27983813412;29463568336;29295310308;29489983537;29295310225;29459369394;27983815060;29493143937,"C=CA, O=Entrust Limited, CN=Entrust OV TLS Issuing RSA CA 2"
api-stg.ost.dot.gov,Yes,Yes,2,1,2026-04-20T00:00:00,2026-11-04T23:59:59,25986016196;25611708724,"C=CA, O=Entrust Limited, CN=Entrust OV TLS Issuing RSA CA 2"
api.fmcsa.dot.gov,No,Yes,6,1,2026-07-16T00:00:00,2027-04-04T23:59:59,29316698148;27983813412;29459369394;29316698140;27983815060;29493143937,"C=CA, O=Entrust Limited, CN=Entrust OV TLS Issuing RSA CA 2"
api.infopave.fhwa.dot.gov,Yes,Yes,2,1,2026-08-13T00:00:00,2027-02-27T23:59:59,28781790026;28787125937,"C=CA, O=Entrust Limited, CN=Entrust OV TLS Issuing RSA CA 2"
api.ost.dot.gov,Yes,Yes,2,1,2026-04-20T00:00:00,2026-11-04T23:59:59,25985999659;25611690207,"C=CA, O=Entrust Limited, CN=Entrust OV TLS Issuing RSA CA 2"
api.sdc-dev.dot.gov,No,Yes,2,1,2026-05-13T00:00:00,2026-11-27T23:59:59,26315885969;26315556716,"C=CA, O=Entrust Limited, CN=Entrust OV TLS Issuing RSA CA 2"
api.sdc.dot.gov,No,Yes,2,1,2026-05-13T00:00:00,2026-11-27T23:59:59,26315714185;26316374803,"C=CA, O=Entrust Limited, CN=Entrust OV TLS Issuing RSA CA 2"
api.seavision.volpe.dot.gov,Yes,Yes,2,1,2026-08-12T00:00:00,2027-02-26T23:59:59,28771533710;28771164134,"C=CA, O=Entrust Limited, CN=Entrust OV TLS Issuing RSA CA 2"
api.stag.seavision.volpe.dot.gov,Yes,Yes,2,1,2026-08-12T00:00:00,2027-02-26T23:59:59,28771699731;28772166226,"C=CA, O=Entrust Limited, CN=Entrust OV TLS Issuing RSA CA 2"
appian-nr-stg.fmcsa.dot.gov,No,Yes,4,1,2026-09-09T00:00:00,2027-04-04T23:59:59,29316698148;29316698140;29459369394;29493143937,"C=CA, O=Entrust Limited, CN=Entrust OV TLS Issuing RSA CA 2"
appian-nr.fmcsa.dot.gov,No,Yes,4,1,2026-09-09T00:00:00,2027-04-04T23:59:59,29316698148;29316698140;29459369394;29493143937,"C=CA, O=Entrust Limited, CN=Entrust OV TLS Issuing RSA CA 2"
apply07.grants.dot.gov,Yes,Yes,2,1,2026-01-28T00:00:00,2027-02-10T23:59:59,24040786340;24341893157,"C=US, O=DigiCert Inc, CN=DigiCert Global G2 TLS RSA SHA256 2020 CA1"
apps-test.fhwa.dot.gov,Yes,Yes,4,1,2026-07-21T07:11:31,2026-11-19T08:05:39,28996869406;29218945808;28117678485;28117688533,"C=US, O=Let's Encrypt, CN=YR1"
apps.fhwa.dot.gov,Yes,Yes,4,2,2026-07-21T01:02:59,2026-11-19T01:02:58,28110026724;29046172011;28110024049;29194688487,"C=US, O=Let's Encrypt, CN=YR2;C=US, O=Let's Encrypt, CN=YR1"
appspace-volpe.volpe.dot.gov,Yes,Yes,2,1,2026-08-26T00:00:00,2027-03-12T23:59:59,29054597001;29054598481,"C=CA, O=Entrust Limited, CN=Entrust OV TLS Issuing RSA CA 2"
artemis-api-dev.nhtsa.gov,Yes,No,4,1,2026-04-08T00:00:00,2027-04-10T23:59:59,25730429636;29563131724;29563140155;25434845082,"C=CA, O=Entrust Limited, CN=Entrust OV TLS Issuing RSA CA 2"
artemis-api-stage.nhtsa.gov,Yes,No,4,1,2026-04-15T00:00:00,2027-04-10T23:59:59,25552427171;29563335489;29563334972;25910097507,"C=CA, O=Entrust Limited, CN=Entrust OV TLS Issuing RSA CA 2"
artemis-api-test.nhtsa.gov,Yes,No,4,1,2026-04-08T00:00:00,2027-04-10T23:59:59,25434953369;29563377793;25730540454;29563377766,"C=CA, O=Entrust Limited, CN=Entrust OV TLS Issuing RSA CA 2"
artemis-api.nhtsa.gov,Yes,No,4,1,2026-04-17T00:00:00,2027-04-10T23:59:59,29563183073;25580255620;25946996343;29563184560,"C=CA, O=Entrust Limited, CN=Entrust OV TLS Issuing RSA CA 2"
artn.dot.gov,Yes,Yes,2,1,2026-01-21T00:00:00,2027-01-21T23:59:59,23902679069;23902680156,"C=CA, O=Entrust Limited, CN=Entrust OV TLS Issuing RSA CA 2"
ask.fmcsa.dot.gov,Yes,Yes,2,1,2025-11-20T00:00:00,2026-12-21T23:59:59,22624355546;23007593183,"C=US, O=DigiCert Inc, CN=DigiCert Global G2 TLS RSA SHA256 2020 CA1"
auth-api-dev.fmcsa.dot.gov,No,Yes,6,1,2026-07-16T00:00:00,2027-04-04T23:59:59,29316698148;27983837712;29459369394;27983838532;29316698140;29493143937,"C=CA, O=Entrust Limited, CN=Entrust OV TLS Issuing RSA CA 2"
auth-api-int.fmcsa.dot.gov,No,Yes,6,1,2026-07-16T00:00:00,2027-04-04T23:59:59,29316698148;27983837712;29459369394;27983838532;29316698140;29493143937,"C=CA, O=Entrust Limited, CN=Entrust OV TLS Issuing RSA CA 2"
auth-api-stg.fmcsa.dot.gov,No,Yes,8,1,2026-07-16T00:00:00,2027-04-04T23:59:59,29316698148;27983837712;29459369394;27983838532;29295310308;29295310225;29316698140;29493143937,"C=CA, O=Entrust Limited, CN=Entrust OV TLS Issuing RSA CA 2"
auth-api.fmcsa.dot.gov,No,Yes,6,1,2026-07-16T00:00:00,2027-04-04T23:59:59,29316698148;27983837712;29459369394;27983838532;29316698140;29493143937,"C=CA, O=Entrust Limited, CN=Entrust OV TLS Issuing RSA CA 2"
auth.portal.sdc-dev.dot.gov,No,Yes,2,1,2026-05-13T00:00:00,2026-11-27T23:59:59,26315885969;26315556716,"C=CA, O=Entrust Limited, CN=Entrust OV TLS Issuing RSA CA 2"
auth.portal.sdc.dot.gov,No,Yes,2,1,2026-05-13T00:00:00,2026-11-27T23:59:59,26315714185;26316374803,"C=CA, O=Entrust Limited, CN=Entrust OV TLS Issuing RSA CA 2"
authstaging.phmsa.dot.gov,No,Yes,2,1,2026-06-16T00:00:00,2026-12-31T23:59:59,27239967522;27239929534,"C=CA, O=Entrust Limited, CN=Entrust OV TLS Issuing ECC CA 2"
autodiscover.dot.gov,No,Yes,6,1,2026-08-24T00:00:00,2027-03-12T23:59:59,29051786186;29052590846;29052585882;29051787005;28999072836;28999076064,"C=CA, O=Entrust Limited, CN=Entrust OV TLS Issuing RSA CA 2"
avtest.cdan.dot.gov,No,Yes,10,1,2026-07-07T00:00:00,2027-02-21T23:59:59,27762824007;28568702815;28325312296;27762822089;28325307162;28620901407;28301235327;28568697086;28620902702;28301236198,"C=CA, O=Entrust Limited, CN=Entrust OV TLS Issuing RSA CA 2"
avtest.nhtsa.dot.gov,Yes,Yes,2,1,2026-05-11T00:00:00,2026-11-25T23:59:59,26254640326;26254593999,"C=CA, O=Entrust Limited, CN=Entrust OV TLS Issuing RSA CA 2"
backend-cdan-test.nhtsa.dot.gov,No,Yes,2,1,2026-07-07T00:00:00,2027-01-21T23:59:59,27759380112;27759379146,"C=CA, O=Entrust Limited, CN=Entrust OV TLS Issuing RSA CA 2"
backend-cfsdata.bts.dot.gov,No,Yes,4,1,2026-08-25T00:00:00,2027-03-20T23:59:59,29245005080;29031787153;29031787560;29234405299,"C=CA, O=Entrust Limited, CN=Entrust OV TLS Issuing RSA CA 2"
backend-first-test.nhtsa.dot.gov,No,Yes,2,1,2026-07-07T00:00:00,2027-01-21T23:59:59,27759380112;27759379146,"C=CA, O=Entrust Limited, CN=Entrust OV TLS Issuing RSA CA 2"
backend-ntmcatalog.bts.dot.gov,Yes,Yes,2,1,2026-08-25T00:00:00,2027-03-11T23:59:59,29026771263;29026767893,"C=CA, O=Entrust Limited, CN=Entrust OV TLS Issuing RSA CA 2"
backend-rcs-externalshare-stage.fra.dot.gov,No,Yes,2,1,2026-07-16T00:00:00,2027-01-30T23:59:59,27993435301;27993437498,"C=CA, O=Entrust Limited, CN=Entrust OV TLS Issuing RSA CA 2"
backend-rcs-externalshare.fra.dot.gov,No,Yes,2,1,2026-07-16T00:00:00,2027-01-30T23:59:59,27993435301;27993437498,"C=CA, O=Entrust Limited, CN=Entrust OV TLS Issuing RSA CA 2"
backend-stsi-test.nhtsa.dot.gov,No,Yes,2,1,2026-07-07T00:00:00,2027-01-21T23:59:59,27759380112;27759379146,"C=CA, O=Entrust Limited, CN=Entrust OV TLS Issuing RSA CA 2"
backend-tsf-test.nhtsa.dot.gov,No,Yes,2,1,2026-07-07T00:00:00,2027-01-21T23:59:59,27759380112;27759379146,"C=CA, O=Entrust Limited, CN=Entrust OV TLS Issuing RSA CA 2"
backend-vpic-prod.nhtsa.dot.gov,No,Yes,2,1,2026-04-22T00:00:00,2026-11-06T23:59:59,25677635708;26013484155,"C=CA, O=Entrust Limited, CN=Entrust OV TLS Issuing RSA CA 2"
backend-vpic-stage-api.nhtsa.dot.gov,No,Yes,4,1,2025-12-22T00:00:00,2026-12-22T23:59:59,23295092068;23295073328;23301919226;23301933515,"C=CA, O=Entrust Limited, CN=Entrust OV TLS Issuing RSA CA 2"
backend-vpic-stage-decoder.nhtsa.dot.gov,No,Yes,4,1,2025-12-22T00:00:00,2026-12-22T23:59:59,23295092068;23295073328;23301919226;23301933515,"C=CA, O=Entrust Limited, CN=Entrust OV TLS Issuing RSA CA 2"
backend-vpic-stage-home.nhtsa.dot.gov,No,Yes,4,1,2025-12-22T00:00:00,2026-12-22T23:59:59,23295092068;23295073328;23301919226;23301933515,"C=CA, O=Entrust Limited, CN=Entrust OV TLS Issuing RSA CA 2"
backend-vpic-stage-mfrportal.nhtsa.dot.gov,No,Yes,4,1,2025-12-22T00:00:00,2026-12-22T23:59:59,23295092068;23295073328;23301919226;23301933515,"C=CA, O=Entrust Limited, CN=Entrust OV TLS Issuing RSA CA 2"
backend-vpic-stage-mid.nhtsa.dot.gov,No,Yes,4,1,2025-12-22T00:00:00,2026-12-22T23:59:59,23295092068;23295073328;23301919226;23301933515,"C=CA, O=Entrust Limited, CN=Entrust OV TLS Issuing RSA CA 2"
backend-vpic-stage.NHTSA.dot.gov,No,Yes,2,1,2026-04-22T00:00:00,2026-11-06T23:59:59,25677635708;26013484155,"C=CA, O=Entrust Limited, CN=Entrust OV TLS Issuing RSA CA 2"
backend-vpic-test.NHTSA.dot.gov,No,Yes,2,1,2026-04-22T00:00:00,2026-11-06T23:59:59,25677635708;26013484155,"C=CA, O=Entrust Limited, CN=Entrust OV TLS Issuing RSA CA 2"
balancer1.nhtsa.dot.gov,Yes,Yes,2,1,2025-11-03T00:00:00,2026-11-03T23:59:59,22180613924;22180626436,"C=CA, O=Entrust Limited, CN=Entrust OV TLS Issuing RSA CA 2"
bil-chatbot.dot.gov,No,Yes,1,1,2026-06-29T00:00:00,2027-01-13T23:59:59,27572636754,"C=US, O=DigiCert Inc, OU=www.digicert.com, CN=GeoTrust TLS RSA CA G1"
bip.fhwa.dot.gov,Yes,Yes,2,1,2026-07-13T00:00:00,2027-01-27T23:59:59,27901534491;27901535572,"C=CA, O=Entrust Limited, CN=Entrust OV TLS Issuing RSA CA 2"
borderplanning.fhwa.dot.gov,No,Yes,6,1,2025-11-05T00:00:00,2027-03-26T23:59:59,22232421146;29311142984;22231823509;22232437178;22231802250;29311143283,"C=CA, O=Entrust Limited, CN=Entrust OV TLS Issuing RSA CA 2"
bridge.flhd.fhwa.dot.gov,Yes,Yes,2,1,2026-09-25T00:00:00,2027-04-11T23:59:59,29582231197;29580081708,"C=CA, O=Entrust Limited, CN=Entrust OV TLS Issuing RSA CA 2"
buildamerica.dot.gov,No,Yes,6,2,2025-11-04T00:00:00,2027-01-31T23:59:59,22210815537;28017986293;28012928244;27907735705;22210840798;27927806033,"C=US, O=DigiCert Inc, OU=www.digicert.com, CN=GeoTrust TLS RSA CA G1;C=CA, O=Entrust Limited, CN=Entrust OV TLS Issuing RSA CA 2"
capos.marad.dot.gov,No,Yes,6,1,2026-04-06T00:00:00,2027-04-08T23:59:59,29524580524;29585099921;29423555290;25631195708;29423552974;25429745842,"C=CA, O=Entrust Limited, CN=Entrust OV TLS Issuing RSA CA 2"
caprilink.fmcsa.dot.gov,No,Yes,4,1,2026-09-09T00:00:00,2027-04-04T23:59:59,29316698148;29316698140;29459369394;29493143937,"C=CA, O=Entrust Limited, CN=Entrust OV TLS Issuing RSA CA 2"
cbi-internal-stage.nhtsa.dot.gov,No,Yes,2,1,2026-06-22T00:00:00,2027-01-06T23:59:59,27401912304;27401910280,"C=CA, O=Entrust Limited, CN=Entrust OV TLS Issuing RSA CA 2"
cbi-internal.nhtsa.dot.gov,No,Yes,2,1,2026-07-08T00:00:00,2027-01-22T23:59:59,27784624239;27784621806,"C=CA, O=Entrust Limited, CN=Entrust OV TLS Issuing RSA CA 2"
cbi-stage.nhtsa.dot.gov,Yes,Yes,20,2,2026-03-28T00:00:00,2027-01-06T23:59:59,25431242903;26689002152;25635744540;27401910280;25729739044;27401346847;25312364846;26683246025;27401912304;26292556096;25314671739;26689086506;25457991893;25262154228;28476354547;27122606789;27235388008;27401345877;25648196656;26683167955,"C=US, O=DigiCert Inc, OU=www.digicert.com, CN=GeoTrust TLS RSA CA G1;C=CA, O=Entrust Limited, CN=Entrust OV TLS Issuing RSA CA 2"
cbi.nhtsa.dot.gov,Yes,Yes,20,2,2026-03-28T00:00:00,2027-01-29T23:59:59,26689002152;25458010866;25729791287;25312364846;25635697436;26683246025;26292556096;25314671739;26689086506;25431226239;25262154228;28476354547;27954780158;27122606789;27235388008;27784624239;25648196656;27784621806;27954781498;26683167955,"C=US, O=DigiCert Inc, OU=www.digicert.com, CN=GeoTrust TLS RSA CA G1;C=CA, O=Entrust Limited, CN=Entrust OV TLS Issuing RSA CA 2"
cbiuser-stage.nhtsa.dot.gov,Yes,Yes,16,2,2026-03-28T00:00:00,2027-02-07T23:59:59,25314671739;26689002152;26689086506;25648196656;25312364846;25262154228;28476354547;28214359861;27122606789;27401910280;26683246025;27401912304;27235388008;28214357948;26683167955;26292556096,"C=US, O=DigiCert Inc, OU=www.digicert.com, CN=GeoTrust TLS RSA CA G1;C=CA, O=Entrust Limited, CN=Entrust OV TLS Issuing RSA CA 2"
cbiuser.nhtsa.dot.gov,Yes,Yes,16,2,2026-03-28T00:00:00,2027-01-29T23:59:59,25314671739;27784621806;26689002152;26689086506;25648196656;27235388008;27954841158;27954840888;25312364846;25262154228;28476354547;27122606789;26683246025;27784624239;26683167955;26292556096,"C=US, O=DigiCert Inc, OU=www.digicert.com, CN=GeoTrust TLS RSA CA G1;C=CA, O=Entrust Limited, CN=Entrust OV TLS Issuing RSA CA 2"
cbiuserapi-stage.nhtsa.dot.gov,Yes,Yes,16,2,2026-03-28T00:00:00,2027-02-07T23:59:59,25314671739;26689002152;26689086506;25648196656;25312364846;25262154228;26683167955;28476354547;27122606789;28214391586;27401910280;26683246025;27401912304;27235388008;28214395507;26292556096,"C=US, O=DigiCert Inc, OU=www.digicert.com, CN=GeoTrust TLS RSA CA G1;C=CA, O=Entrust Limited, CN=Entrust OV TLS Issuing RSA CA 2"
cbiuserapi.nhtsa.dot.gov,Yes,Yes,16,2,2026-03-28T00:00:00,2027-01-29T23:59:59,25314671739;27954891131;27784621806;26689002152;26689086506;25648196656;25312364846;25262154228;26683167955;28476354547;27122606789;26683246025;27235388008;27784624239;27954886712;26292556096,"C=US, O=DigiCert Inc, OU=www.digicert.com, CN=GeoTrust TLS RSA CA G1;C=CA, O=Entrust Limited, CN=Entrust OV TLS Issuing RSA CA 2"
cbst.api.nhtsa.dot.gov,No,Yes,2,1,2026-08-25T00:00:00,2027-03-11T23:59:59,29027146183;29027145172,"C=CA, O=Entrust Limited, CN=Entrust OV TLS Issuing RSA CA 2"
cbst.nhtsa.dot.gov,Yes,Yes,2,1,2026-08-25T00:00:00,2027-03-11T23:59:59,29027146183;29027145172,"C=CA, O=Entrust Limited, CN=Entrust OV TLS Issuing RSA CA 2"
ccf.marad.dot.gov,No,Yes,8,1,2026-05-15T00:00:00,2027-04-08T23:59:59,26370815785;29524580524;26362760083;26441720280;29585099921;29423555290;26441772626;29423552974,"C=CA, O=Entrust Limited, CN=Entrust OV TLS Issuing RSA CA 2"
cdan-stage-api-gw.nhtsa.dot.gov,No,Yes,2,1,2025-12-01T00:00:00,2026-12-01T23:59:59,22846425333;22846440112,"C=CA, O=Entrust Limited, CN=Entrust OV TLS Issuing RSA CA 2"
cdan-stage-api-portal.nhtsa.dot.gov,Yes,Yes,2,1,2025-12-01T00:00:00,2026-12-01T23:59:59,22846425333;22846440112,"C=CA, O=Entrust Limited, CN=Entrust OV TLS Issuing RSA CA 2"
cdan-test.nhtsa.dot.gov,Yes,Yes,2,1,2026-07-07T00:00:00,2027-01-21T23:59:59,27759380112;27759379146,"C=CA, O=Entrust Limited, CN=Entrust OV TLS Issuing RSA CA 2"
cdan.dot.gov,No,Yes,16,2,2026-01-21T00:00:00,2027-01-21T23:59:59,25314671739;23900572028;26689002152;26689086506;25648196656;23900572781;27235388008;25312364846;27452183623;25262154228;28476354547;27122606789;26683246025;27452181143;26683167955;26292556096,"C=US, O=DigiCert Inc, OU=www.digicert.com, CN=GeoTrust TLS RSA CA G1;C=CA, O=Entrust Limited, CN=Entrust OV TLS Issuing RSA CA 2"
cdarform.cdan.dot.gov,No,Yes,15,1,2026-07-07T00:00:00,2027-04-14T23:59:59,27762824007;29444223113;29621973976;28568702815;29522150286;28325312296;27762822089;29431591528;29522156769;28325307162;28620901407;28301235327;28568697086;28620902702;28301236198,"C=CA, O=Entrust Limited, CN=Entrust OV TLS Issuing RSA CA 2"
cdlis-stg.fmcsa.dot.gov,No,Yes,8,1,2026-08-25T00:00:00,2027-04-03T23:59:59,29295859150;29295859453;29463568336;29030277611;29295310308;29030279052;29489983537;29295310225,"C=CA, O=Entrust Limited, CN=Entrust OV TLS Issuing RSA CA 2"
cdlis.dot.gov,No,Yes,6,1,2026-02-09T00:00:00,2027-04-04T23:59:59,29316698148;29459369394;24289618223;29316698140;24289602747;29493143937,"C=CA, O=Entrust Limited, CN=Entrust OV TLS Issuing RSA CA 2"
cdlis.fmcsa.dot.gov,No,Yes,4,1,2026-09-09T00:00:00,2027-04-04T23:59:59,29316698148;29316698140;29459369394;29493143937,"C=CA, O=Entrust Limited, CN=Entrust OV TLS Issuing RSA CA 2"
certauth.adfs.dot.gov,No,Yes,2,1,2026-04-22T00:00:00,2026-11-06T23:59:59,25679407268;26014169674,"C=CA, O=Entrust Limited, CN=Entrust OV TLS Issuing RSA CA 2"
cfsdata.bts.gov,Yes,No,4,1,2026-08-25T00:00:00,2027-03-20T23:59:59,29245005080;29031787153;29031787560;29234405299,"C=CA, O=Entrust Limited, CN=Entrust OV TLS Issuing RSA CA 2"
chat.seavision.volpe.dot.gov,Yes,Yes,2,1,2026-08-12T00:00:00,2027-02-26T23:59:59,28771535679;28771164159,"C=CA, O=Entrust Limited, CN=Entrust OV TLS Issuing RSA CA 2"
chat.stag.seavision.volpe.dot.gov,Yes,Yes,2,1,2026-08-12T00:00:00,2027-02-26T23:59:59,28771522133;28771926893,"C=CA, O=Entrust Limited, CN=Entrust OV TLS Issuing RSA CA 2"
checkthebox.dot.gov,No,Yes,4,1,2026-07-13T00:00:00,2027-01-31T23:59:59,28017986293;27927806033;27907735705;28012928244,"C=US, O=DigiCert Inc, OU=www.digicert.com, CN=GeoTrust TLS RSA CA G1"
ci.nhtsa.dot.gov,Yes,Yes,2,1,2026-05-14T00:00:00,2026-11-28T23:59:59,26357046826;26329698399,"C=CA, O=Entrust Limited, CN=Entrust OV TLS Issuing RSA CA 2"
cidrs.cdan.dot.gov,No,Yes,17,1,2026-06-24T00:00:00,2027-04-14T23:59:59,27762824007;29444223113;29621973976;28568702815;29522150286;28325312296;27762822089;29431591528;27452183623;29522156769;28325307162;28620901407;28301235327;28568697086;27452181143;28620902702;28301236198,"C=CA, O=Entrust Limited, CN=Entrust OV TLS Issuing RSA CA 2"
ciren.cdan.dot.gov,No,Yes,17,1,2026-06-24T00:00:00,2027-04-14T23:59:59,27762824007;29444223113;29621973976;28568702815;29522150286;28325312296;27762822089;29431591528;27452183623;29522156769;28325307162;28620901407;28301235327;28568697086;27452181143;28620902702;28301236198,"C=CA, O=Entrust Limited, CN=Entrust OV TLS Issuing RSA CA 2"
ciss.cdan.dot.gov,No,Yes,17,1,2026-06-24T00:00:00,2027-04-14T23:59:59,27762824007;29444223113;29621973976;28568702815;29522150286;28325312296;27762822089;29431591528;27452183623;29522156769;28325307162;28620901407;28301235327;28568697086;27452181143;28620902702;28301236198,"C=CA, O=Entrust Limited, CN=Entrust OV TLS Issuing RSA CA 2"
ciss1.cdan.dot.gov,No,Yes,17,1,2026-06-24T00:00:00,2027-04-14T23:59:59,27762824007;29444223113;29621973976;28568702815;29522150286;28325312296;27762822089;29431591528;27452183623;29522156769;28325307162;28620901407;28301235327;28568697086;27452181143;28620902702;28301236198,"C=CA, O=Entrust Limited, CN=Entrust OV TLS Issuing RSA CA 2"
ciss2.cdan.dot.gov,No,Yes,17,1,2026-06-24T00:00:00,2027-04-14T23:59:59,27762824007;29444223113;29621973976;28568702815;29522150286;28325312296;27762822089;29431591528;27452183623;29522156769;28325307162;28620901407;28301235327;28568697086;27452181143;28620902702;28301236198,"C=CA, O=Entrust Limited, CN=Entrust OV TLS Issuing RSA CA 2"
ciss3.cdan.dot.gov,No,Yes,17,1,2026-06-24T00:00:00,2027-04-14T23:59:59,27762824007;29444223113;29621973976;28568702815;29522150286;28325312296;27762822089;29431591528;27452183623;29522156769;28325307162;28620901407;28301235327;28568697086;27452181143;28620902702;28301236198,"C=CA, O=Entrust Limited, CN=Entrust OV TLS Issuing RSA CA 2"
ciss4.cdan.dot.gov,No,Yes,17,1,2026-06-24T00:00:00,2027-04-14T23:59:59,27762824007;29444223113;29621973976;28568702815;29522150286;28325312296;27762822089;29431591528;27452183623;29522156769;28325307162;28620901407;28301235327;28568697086;27452181143;28620902702;28301236198,"C=CA, O=Entrust Limited, CN=Entrust OV TLS Issuing RSA CA 2"
ciss5.cdan.dot.gov,No,Yes,17,1,2026-06-24T00:00:00,2027-04-14T23:59:59,27762824007;29444223113;29621973976;28568702815;29522150286;28325312296;27762822089;29431591528;27452183623;29522156769;28325307162;28620901407;28301235327;28568697086;27452181143;28620902702;28301236198,"C=CA, O=Entrust Limited, CN=Entrust OV TLS Issuing RSA CA 2"
civilrights.dot.gov,No,Yes,4,1,2026-07-13T00:00:00,2027-01-31T23:59:59,28017986293;27927806033;27907735705;28012928244,"C=US, O=DigiCert Inc, OU=www.digicert.com, CN=GeoTrust TLS RSA CA G1"
clearinghouse-ws.fmcsa.dot.gov,No,Yes,4,1,2026-09-09T00:00:00,2027-04-04T23:59:59,29316698148;29316698140;29459369394;29493143937,"C=CA, O=Entrust Limited, CN=Entrust OV TLS Issuing RSA CA 2"
clearinghouse.fmcsa.dot.gov,No,Yes,4,1,2026-09-09T00:00:00,2027-04-04T23:59:59,29316698148;29316698140;29459369394;29493143937,"C=CA, O=Entrust Limited, CN=Entrust OV TLS Issuing RSA CA 2"
click.nhtsa.dot.gov,Yes,Yes,2,1,2026-02-09T00:00:00,2027-03-12T23:59:59,24287854379;24287889655,"C=US, O=DigiCert Inc, CN=DigiCert Global G2 TLS RSA SHA256 2020 CA1"
cloud.nhtsa.dot.gov,Yes,Yes,2,1,2026-02-09T00:00:00,2027-03-12T23:59:59,24287929274;24287854580,"C=US, O=DigiCert Inc, CN=DigiCert Global G2 TLS RSA SHA256 2020 CA1"
cmaqtoolkit.fhwa.dot.gov,Yes,Yes,3,1,2026-07-29T00:00:00,2027-04-10T23:59:59,28353630124;29562804953;28353628484,"C=CA, O=Entrust Limited, CN=Entrust OV TLS Issuing RSA CA 2"
cmdb.marad.dot.gov,Yes,Yes,2,1,2026-08-20T00:00:00,2027-03-06T23:59:59,28866699091;28856055593,"C=CA, O=Entrust Limited, CN=Entrust OV TLS Issuing RSA CA 2"
cmfclearinghouse.fhwa.dot.gov,Yes,Yes,2,1,2026-04-13T00:00:00,2026-10-28T23:59:59,25526936318;25861654916,"C=CA, O=Entrust Limited, CN=Entrust OV TLS Issuing RSA CA 2"
cmp.dot.gov,Yes,Yes,2,1,2025-10-31T00:00:00,2026-10-31T23:59:59,22126554670;22126575759,"C=CA, O=Entrust Limited, CN=Entrust OV TLS Issuing RSA CA 2"
cms.aviation.dot.gov,No,Yes,6,2,2025-11-04T00:00:00,2027-01-31T23:59:59,22210815537;28017986293;28012928244;27907735705;22210840798;27927806033,"C=US, O=DigiCert Inc, OU=www.digicert.com, CN=GeoTrust TLS RSA CA G1;C=CA, O=Entrust Limited, CN=Entrust OV TLS Issuing RSA CA 2"
cms.bts.dot.gov,No,Yes,6,2,2025-11-04T00:00:00,2027-01-31T23:59:59,22210815537;28017986293;28012928244;27907735705;22210840798;27927806033,"C=US, O=DigiCert Inc, OU=www.digicert.com, CN=GeoTrust TLS RSA CA G1;C=CA, O=Entrust Limited, CN=Entrust OV TLS Issuing RSA CA 2"
cms.buildamerica.dot.gov,No,Yes,6,2,2025-11-04T00:00:00,2027-01-31T23:59:59,22210815537;28017986293;28012928244;27907735705;22210840798;27927806033,"C=US, O=DigiCert Inc, OU=www.digicert.com, CN=GeoTrust TLS RSA CA G1;C=CA, O=Entrust Limited, CN=Entrust OV TLS Issuing RSA CA 2"
cms.dot.gov,No,Yes,6,2,2025-11-04T00:00:00,2027-01-31T23:59:59,22210815537;28017986293;28012928244;27907735705;22210840798;27927806033,"C=US, O=DigiCert Inc, OU=www.digicert.com, CN=GeoTrust TLS RSA CA G1;C=CA, O=Entrust Limited, CN=Entrust OV TLS Issuing RSA CA 2"
cms.dotnet.dot.gov,No,Yes,3,2,2025-11-04T00:00:00,2027-01-13T23:59:59,27572636754;22210840798;22210815537,"C=US, O=DigiCert Inc, OU=www.digicert.com, CN=GeoTrust TLS RSA CA G1;C=CA, O=Entrust Limited, CN=Entrust OV TLS Issuing RSA CA 2"
cms.fhwa.dot.gov,No,Yes,6,2,2025-11-04T00:00:00,2027-01-31T23:59:59,22210815537;28017986293;28012928244;27907735705;22210840798;27927806033,"C=US, O=DigiCert Inc, OU=www.digicert.com, CN=GeoTrust TLS RSA CA G1;C=CA, O=Entrust Limited, CN=Entrust OV TLS Issuing RSA CA 2"
cms.fmcsa.dot.gov,No,Yes,6,2,2025-11-04T00:00:00,2027-01-31T23:59:59,22210815537;28017986293;28012928244;27907735705;22210840798;27927806033,"C=US, O=DigiCert Inc, OU=www.digicert.com, CN=GeoTrust TLS RSA CA G1;C=CA, O=Entrust Limited, CN=Entrust OV TLS Issuing RSA CA 2"
cms.fta.dot.gov,No,Yes,6,2,2025-11-04T00:00:00,2027-01-31T23:59:59,22210815537;28017986293;28012928244;27907735705;22210840798;27927806033,"C=US, O=DigiCert Inc, OU=www.digicert.com, CN=GeoTrust TLS RSA CA G1;C=CA, O=Entrust Limited, CN=Entrust OV TLS Issuing RSA CA 2"
cms.itskrs.its.dot.gov,No,Yes,6,2,2025-11-04T00:00:00,2027-01-31T23:59:59,22210815537;28017986293;28012928244;27907735705;22210840798;27927806033,"C=US, O=DigiCert Inc, OU=www.digicert.com, CN=GeoTrust TLS RSA CA G1;C=CA, O=Entrust Limited, CN=Entrust OV TLS Issuing RSA CA 2"
cms.marad.dot.gov,No,Yes,6,2,2025-11-04T00:00:00,2027-01-31T23:59:59,22210815537;28017986293;28012928244;27907735705;22210840798;27927806033,"C=US, O=DigiCert Inc, OU=www.digicert.com, CN=GeoTrust TLS RSA CA G1;C=CA, O=Entrust Limited, CN=Entrust OV TLS Issuing RSA CA 2"
cms.nhtsa.dot.gov,No,Yes,14,2,2025-11-04T00:00:00,2026-12-31T23:59:59,25314671739;26689002152;22210815537;26689086506;25648196656;25312364846;25262154228;22210840798;28476354547;27122606789;26683246025;27235388008;26683167955;26292556096,"C=US, O=DigiCert Inc, OU=www.digicert.com, CN=GeoTrust TLS RSA CA G1;C=CA, O=Entrust Limited, CN=Entrust OV TLS Issuing RSA CA 2"
cms.phmsa.dot.gov,No,Yes,6,2,2025-11-04T00:00:00,2027-01-31T23:59:59,22210815537;28017986293;28012928244;27907735705;22210840798;27927806033,"C=US, O=DigiCert Inc, OU=www.digicert.com, CN=GeoTrust TLS RSA CA G1;C=CA, O=Entrust Limited, CN=Entrust OV TLS Issuing RSA CA 2"
cms.seaway.dot.gov,No,Yes,6,2,2025-11-04T00:00:00,2027-01-31T23:59:59,22210815537;28017986293;28012928244;27907735705;22210840798;27927806033,"C=US, O=DigiCert Inc, OU=www.digicert.com, CN=GeoTrust TLS RSA CA G1;C=CA, O=Entrust Limited, CN=Entrust OV TLS Issuing RSA CA 2"
cms.secure.dot.gov,No,Yes,6,2,2025-11-04T00:00:00,2027-01-31T23:59:59,22210815537;28017986293;28012928244;27907735705;22210840798;27927806033,"C=US, O=DigiCert Inc, OU=www.digicert.com, CN=GeoTrust TLS RSA CA G1;C=CA, O=Entrust Limited, CN=Entrust OV TLS Issuing RSA CA 2"
cms.tsm.nhtsa.dot.gov,No,Yes,14,2,2025-11-04T00:00:00,2026-12-31T23:59:59,25314671739;26689002152;22210815537;26689086506;25648196656;25312364846;25262154228;22210840798;28476354547;27122606789;26683246025;27235388008;26683167955;26292556096,"C=US, O=DigiCert Inc, OU=www.digicert.com, CN=GeoTrust TLS RSA CA G1;C=CA, O=Entrust Limited, CN=Entrust OV TLS Issuing RSA CA 2"
cms.volpe.dot.gov,No,Yes,6,2,2025-11-04T00:00:00,2027-01-31T23:59:59,22210815537;28017986293;28012928244;27907735705;22210840798;27927806033,"C=US, O=DigiCert Inc, OU=www.digicert.com, CN=GeoTrust TLS RSA CA G1;C=CA, O=Entrust Limited, CN=Entrust OV TLS Issuing RSA CA 2"
cms7.bts.dot.gov,No,Yes,4,1,2026-07-13T00:00:00,2027-01-31T23:59:59,28017986293;27927806033;27907735705;28012928244,"C=US, O=DigiCert Inc, OU=www.digicert.com, CN=GeoTrust TLS RSA CA G1"
cms7.dot.gov,No,Yes,4,1,2026-07-13T00:00:00,2027-01-31T23:59:59,28017986293;27927806033;27907735705;28012928244,"C=US, O=DigiCert Inc, OU=www.digicert.com, CN=GeoTrust TLS RSA CA G1"
cms7.fhwa.dot.gov,No,Yes,4,1,2026-07-13T00:00:00,2027-01-31T23:59:59,28017986293;27927806033;27907735705;28012928244,"C=US, O=DigiCert Inc, OU=www.digicert.com, CN=GeoTrust TLS RSA CA G1"
cms7.fmcsa.dot.gov,No,Yes,4,1,2026-07-13T00:00:00,2027-01-31T23:59:59,28017986293;27927806033;27907735705;28012928244,"C=US, O=DigiCert Inc, OU=www.digicert.com, CN=GeoTrust TLS RSA CA G1"
cms7.fra.dot.gov,No,Yes,4,1,2026-07-13T00:00:00,2027-01-31T23:59:59,28017986293;27927806033;27907735705;28012928244,"C=US, O=DigiCert Inc, OU=www.digicert.com, CN=GeoTrust TLS RSA CA G1"
cms7.fta.dot.gov,No,Yes,4,1,2026-07-13T00:00:00,2027-01-31T23:59:59,28017986293;27927806033;27907735705;28012928244,"C=US, O=DigiCert Inc, OU=www.digicert.com, CN=GeoTrust TLS RSA CA G1"
cms7.marad.dot.gov,No,Yes,4,1,2026-07-13T00:00:00,2027-01-31T23:59:59,28017986293;27927806033;27907735705;28012928244,"C=US, O=DigiCert Inc, OU=www.digicert.com, CN=GeoTrust TLS RSA CA G1"
cms7.phmsa.dot.gov,No,Yes,4,1,2026-07-13T00:00:00,2027-01-31T23:59:59,28017986293;27927806033;27907735705;28012928244,"C=US, O=DigiCert Inc, OU=www.digicert.com, CN=GeoTrust TLS RSA CA G1"
collab-stg.nhtsa.dot.gov,Yes,Yes,2,1,2025-12-04T00:00:00,2026-12-04T23:59:59,22895211022;22895202615,"C=CA, O=Entrust Limited, CN=Entrust OV TLS Issuing RSA CA 2"
collab.nhtsa.dot.gov,Yes,Yes,5,1,2025-10-27T00:00:00,2027-04-15T23:59:59,29633603861;22044907378;29473780582;22044893860;29441388511,"C=CA, O=Entrust Limited, CN=Entrust OV TLS Issuing RSA CA 2"
complaint.fmcsa.dot.gov,No,Yes,2,1,2026-09-09T00:00:00,2027-03-26T23:59:59,29316698148;29316698140,"C=CA, O=Entrust Limited, CN=Entrust OV TLS Issuing RSA CA 2"
confluence.fmcsa.dot.gov,No,Yes,4,1,2026-09-09T00:00:00,2027-04-04T23:59:59,29316698148;29316698140;29459369394;29493143937,"C=CA, O=Entrust Limited, CN=Entrust OV TLS Issuing RSA CA 2"
connect.dot.gov,Yes,Yes,10,1,2026-09-01T00:00:00,2027-03-18T23:59:59,29212831800;29212961091;29212766676;29212835572;29212760389;29210061233;29210958499;29210981133;29211052564;29211050841,"C=CA, O=Entrust Limited, CN=Entrust OV TLS Issuing RSA CA 2"
corridors.dot.gov,No,Yes,6,1,2025-11-05T00:00:00,2027-03-26T23:59:59,22232421146;29311142984;22231823509;22232437178;22231802250;29311143283,"C=CA, O=Entrust Limited, CN=Entrust OV TLS Issuing RSA CA 2"
cr.cdan.dot.gov,No,Yes,17,1,2026-06-24T00:00:00,2027-04-14T23:59:59,27762824007;29444223113;29621973976;28568702815;29522150286;28325312296;27762822089;29431591528;27452183623;29522156769;28325307162;28620901407;28301235327;28568697086;27452181143;28620902702;28301236198,"C=CA, O=Entrust Limited, CN=Entrust OV TLS Issuing RSA CA 2"
crashapi.cdan.dot.gov,No,Yes,14,1,2026-07-07T00:00:00,2027-04-08T23:59:59,27762824007;29444223113;28568702815;29522150286;28325312296;27762822089;29431591528;29522156769;28325307162;28620901407;28301235327;28568697086;28620902702;28301236198,"C=CA, O=Entrust Limited, CN=Entrust OV TLS Issuing RSA CA 2"
crashapi.nhtsa.dot.gov,No,Yes,1,1,2026-09-28T00:00:00,2027-04-14T23:59:59,29621973976,"C=CA, O=Entrust Limited, CN=Entrust OV TLS Issuing RSA CA 2"
crashstats.cdan.dot.gov,No,Yes,17,1,2026-06-24T00:00:00,2027-04-14T23:59:59,27762824007;29444223113;29621973976;28568702815;29522150286;28325312296;27762822089;29431591528;27452183623;29522156769;28325307162;28620901407;28301235327;28568697086;27452181143;28620902702;28301236198,"C=CA, O=Entrust Limited, CN=Entrust OV TLS Issuing RSA CA 2"
crashstats.nhtsa.dot.gov,No,Yes,25,1,2026-07-07T00:00:00,2027-04-14T23:59:59,29231309692;29444223113;28325312296;29431591528;28325307162;29522150286;27762822089;29522156769;28301235327;29212814847;29231309556;27762824007;29212851143;29215175932;28620901407;29215056768;29215056717;28301236198;29621973976;29212810681;29212811025;28568702815;29215059405;28568697086;28620902702,"C=CA, O=Entrust Limited, CN=Entrust OV TLS Issuing RSA CA 2"
crashviewer.nhtsa.dot.gov,No,Yes,31,2,2026-03-28T00:00:00,2027-04-14T23:59:59,29444223113;26689002152;28325312296;25683213648;29355384682;29431591528;28325307162;29355388484;29522150286;27762822089;25445765904;25312364846;29522156769;28301235327;26683246025;26292556096;25314671739;27762824007;26689086506;25262154228;28620901407;28476354547;27122606789;27235388008;28301236198;25648196656;29621973976;28568702815;28568697086;28620902702;26683167955,"C=US, O=DigiCert Inc, OU=www.digicert.com, CN=GeoTrust TLS RSA CA G1;C=CA, O=Entrust Limited, CN=Entrust OV TLS Issuing RSA CA 2"
crd.dot.gov,No,Yes,6,1,2025-11-05T00:00:00,2027-03-26T23:59:59,22232421146;29311142984;22231823509;22232437178;22231802250;29311143283,"C=CA, O=Entrust Limited, CN=Entrust OV TLS Issuing RSA CA 2"
credmgmt-test.dot.gov,Yes,Yes,2,1,2026-07-30T00:00:00,2027-02-13T23:59:59,28388176331;28388173098,"C=CA, O=Entrust Limited, CN=Entrust OV TLS Issuing RSA CA 2"
credmgmt.dot.gov,Yes,Yes,4,1,2026-07-31T00:00:00,2027-02-26T23:59:59,28771798166;28772296754;28409738829;28409737917,"C=CA, O=Entrust Limited, CN=Entrust OV TLS Issuing RSA CA 2"
crsscurrent.cdan.dot.gov,No,Yes,17,1,2026-06-24T00:00:00,2027-04-14T23:59:59,27762824007;29444223113;29621973976;28568702815;29522150286;28325312296;27762822089;29431591528;27452183623;29522156769;28325307162;28620901407;28301235327;28568697086;27452181143;28620902702;28301236198,"C=CA, O=Entrust Limited, CN=Entrust OV TLS Issuing RSA CA 2"
crssintranet.cdan.dot.gov,No,Yes,17,1,2026-06-24T00:00:00,2027-04-14T23:59:59,27762824007;29444223113;29621973976;28568702815;29522150286;28325312296;27762822089;29431591528;27452183623;29522156769;28325307162;28620901407;28301235327;28568697086;27452181143;28620902702;28301236198,"C=CA, O=Entrust Limited, CN=Entrust OV TLS Issuing RSA CA 2"
crssprev.cdan.dot.gov,No,Yes,17,1,2026-06-24T00:00:00,2027-04-14T23:59:59,27762824007;29444223113;29621973976;28568702815;29522150286;28325312296;27762822089;29431591528;27452183623;29522156769;28325307162;28620901407;28301235327;28568697086;27452181143;28620902702;28301236198,"C=CA, O=Entrust Limited, CN=Entrust OV TLS Issuing RSA CA 2"
csa.fmcsa.dot.gov,No,Yes,4,1,2026-09-09T00:00:00,2027-04-04T23:59:59,29316698148;29316698140;29459369394;29493143937,"C=CA, O=Entrust Limited, CN=Entrust OV TLS Issuing RSA CA 2"
csccaseviewer.cdan.dot.gov,No,Yes,7,1,2026-08-07T00:00:00,2027-04-14T23:59:59,29444223113;29621973976;29522150286;29431591528;29522156769;28620901407;28620902702,"C=CA, O=Entrust Limited, CN=Entrust OV TLS Issuing RSA CA 2"
cscviewer.cdan.dot.gov,No,Yes,10,1,2026-07-07T00:00:00,2027-02-21T23:59:59,27762824007;28568702815;28325312296;27762822089;28325307162;28620901407;28301235327;28568697086;28620902702;28301236198,"C=CA, O=Entrust Limited, CN=Entrust OV TLS Issuing RSA CA 2"
daaudit.dot.gov,Yes,Yes,2,1,2026-09-08T00:00:00,2027-03-25T23:59:59,29297015167;29297014763,"C=CA, O=Entrust Limited, CN=Entrust OV TLS Issuing ECC CA 2"
dacclicensing.oig.dot.gov,Yes,Yes,2,1,2026-04-02T00:00:00,2027-03-25T23:59:59,25331191001;29291367693,"C=US, O=DigiCert Inc, CN=DigiCert Global G2 TLS RSA SHA256 2020 CA1"
daccportal.oig.dot.gov,Yes,Yes,2,1,2026-04-02T00:00:00,2027-03-25T23:59:59,25331108200;29291324482,"C=US, O=DigiCert Inc, CN=DigiCert Global G2 TLS RSA SHA256 2020 CA1"
dacctest.oig.dot.gov,Yes,Yes,2,1,2026-04-02T00:00:00,2027-03-25T23:59:59,29291292400;25331466539,"C=US, O=DigiCert Inc, CN=DigiCert Global G2 TLS RSA SHA256 2020 CA1"
data.infoptf.fhwa.dot.gov,Yes,Yes,2,1,2026-09-08T00:00:00,2027-03-25T23:59:59,29294896497;29294896009,"C=CA, O=Entrust Limited, CN=Entrust OV TLS Issuing RSA CA 2"
dataaccess.volpe.dot.gov,Yes,Yes,2,1,2026-01-05T00:00:00,2027-01-05T23:59:59,23571111795;23571111920,"C=CA, O=Entrust Limited, CN=Entrust OV TLS Issuing RSA CA 2"
dataportal.fra.dot.gov,No,Yes,6,1,2026-03-25T00:00:00,2026-11-01T23:59:59,25219050025;25217245801;25219023989;25947496223;25217258862;25580488029,"C=CA, O=Entrust Limited, CN=Entrust OV TLS Issuing RSA CA 2"
dataqs.fmcsa.dot.gov,No,Yes,4,1,2026-09-09T00:00:00,2027-04-04T23:59:59,29316698148;29316698140;29459369394;29493143937,"C=CA, O=Entrust Limited, CN=Entrust OV TLS Issuing RSA CA 2"
dataqsfax.fmcsa.dot.gov,No,Yes,4,1,2026-09-09T00:00:00,2027-04-04T23:59:59,29316698148;29316698140;29459369394;29493143937,"C=CA, O=Entrust Limited, CN=Entrust OV TLS Issuing RSA CA 2"
dc1.dev.sdc.dot.gov,No,Yes,2,1,2026-05-13T00:00:00,2026-11-27T23:59:59,26315591786;26315980865,"C=CA, O=Entrust Limited, CN=Entrust OV TLS Issuing RSA CA 2"
dc1.prod.sdc.dot.gov,No,Yes,2,1,2026-05-13T00:00:00,2026-11-27T23:59:59,26315734070;26316477028,"C=CA, O=Entrust Limited, CN=Entrust OV TLS Issuing RSA CA 2"
dc2.dev.sdc.dot.gov,No,Yes,2,1,2026-05-13T00:00:00,2026-11-27T23:59:59,26315591786;26315980865,"C=CA, O=Entrust Limited, CN=Entrust OV TLS Issuing RSA CA 2"
dc2.prod.sdc.dot.gov,No,Yes,2,1,2026-05-13T00:00:00,2026-11-27T23:59:59,26315734070;26316477028,"C=CA, O=Entrust Limited, CN=Entrust OV TLS Issuing RSA CA 2"
dev-cbst.api.nhtsa.dot.gov,No,Yes,2,1,2026-08-25T00:00:00,2027-03-11T23:59:59,29027146183;29027145172,"C=CA, O=Entrust Limited, CN=Entrust OV TLS Issuing RSA CA 2"
dev-cbst.nhtsa.dot.gov,No,Yes,2,1,2026-08-25T00:00:00,2027-03-11T23:59:59,29027146183;29027145172,"C=CA, O=Entrust Limited, CN=Entrust OV TLS Issuing RSA CA 2"
dev-int-cbst.api.nhtsa.dot.gov,No,Yes,2,1,2026-08-25T00:00:00,2027-03-11T23:59:59,29027146183;29027145172,"C=CA, O=Entrust Limited, CN=Entrust OV TLS Issuing RSA CA 2"
dev-int-cbst.nhtsa.dot.gov,No,Yes,2,1,2026-08-25T00:00:00,2027-03-11T23:59:59,29027146183;29027145172,"C=CA, O=Entrust Limited, CN=Entrust OV TLS Issuing RSA CA 2"
dev-mcp.nhtsa.dot.gov,No,Yes,2,1,2026-09-24T00:00:00,2027-04-10T23:59:59,29563131724;29563140155,"C=CA, O=Entrust Limited, CN=Entrust OV TLS Issuing RSA CA 2"
dev-ncap-api.nhtsa.dot.gov,No,Yes,3,1,2025-10-28T00:00:00,2027-04-11T23:59:59,29582281061;22062938645;22062925092,"C=CA, O=Entrust Limited, CN=Entrust OV TLS Issuing RSA CA 2"
dev-ncap-internal.nhtsa.dot.gov,No,Yes,3,1,2025-10-28T00:00:00,2027-04-11T23:59:59,29582281061;22062938645;22062925092,"C=CA, O=Entrust Limited, CN=Entrust OV TLS Issuing RSA CA 2"
dev-ncap.nhtsa.dot.gov,Yes,Yes,3,1,2025-10-28T00:00:00,2027-04-11T23:59:59,29582281061;22062938645;22062925092,"C=CA, O=Entrust Limited, CN=Entrust OV TLS Issuing RSA CA 2"
dev-vinrcl.nhtsa.dot.gov,No,Yes,4,1,2026-04-08T00:00:00,2027-04-10T23:59:59,25730429636;29563131724;29563140155;25434845082,"C=CA, O=Entrust Limited, CN=Entrust OV TLS Issuing RSA CA 2"
dev-ws.nhtsa.dot.gov,No,Yes,4,1,2026-05-05T00:00:00,2026-11-26T23:59:59,26158875820;26286414893;26096449510;26286340861,"C=CA, O=Entrust Limited, CN=Entrust OV TLS Issuing RSA CA 2"
dev-www.911.nhtsa.dot.gov,No,Yes,4,1,2026-05-05T00:00:00,2026-11-26T23:59:59,26158875820;26286414893;26096449510;26286340861,"C=CA, O=Entrust Limited, CN=Entrust OV TLS Issuing RSA CA 2"
dev-www.ems.nhtsa.dot.gov,No,Yes,4,1,2026-05-05T00:00:00,2026-11-26T23:59:59,26158875820;26286414893;26096449510;26286340861,"C=CA, O=Entrust Limited, CN=Entrust OV TLS Issuing RSA CA 2"
dev.explore.dot.gov,Yes,Yes,3,2,2026-06-29T00:00:00,2027-03-18T23:59:59,27572636754;29211023804;29212812164,"C=US, O=DigiCert Inc, OU=www.digicert.com, CN=GeoTrust TLS RSA CA G1;C=CA, O=Entrust Limited, CN=Entrust OV TLS Issuing RSA CA 2"
dev.internal.explore.dot.gov,Yes,Yes,2,1,2026-05-26T00:00:00,2026-12-10T23:59:59,26661482673;26661521892,"C=CA, O=Entrust Limited, CN=Entrust OV TLS Issuing RSA CA 2"
dev.sdc.dot.gov,Yes,Yes,2,1,2026-05-13T00:00:00,2026-11-27T23:59:59,26315591786;26315980865,"C=CA, O=Entrust Limited, CN=Entrust OV TLS Issuing RSA CA 2"
dicom.cdan.dot.gov,No,Yes,15,1,2026-07-07T00:00:00,2027-04-14T23:59:59,27762824007;29444223113;29621973976;28568702815;29522150286;28325312296;27762822089;29431591528;29522156769;28325307162;28620901407;28301235327;28568697086;28620902702;28301236198,"C=CA, O=Entrust Limited, CN=Entrust OV TLS Issuing RSA CA 2"
dot-aze-dns-003.ext.dot.gov,Yes,Yes,4,1,2026-01-08T00:00:00,2027-01-14T23:59:59,23636586581;23636584959;23766432279;23766432799,"C=CA, O=Entrust Limited, CN=Entrust OV TLS Issuing RSA CA 2"
dot-dca-ise-ze1.dot.gov,No,Yes,2,1,2026-07-07T00:00:00,2027-01-21T23:59:59,27761406503;27761408051,"C=CA, O=Entrust Limited, CN=Entrust OV TLS Issuing RSA CA 2"
dot-dca-psn-e01.dot.gov,No,Yes,3,1,2026-01-28T00:00:00,2027-02-28T23:59:59,24039316864;24317120518;24311212017,"C=US, O=DigiCert Inc, CN=DigiCert Global G2 TLS RSA SHA256 2020 CA1"
dot-dca-psn-v03.dot.gov,No,Yes,3,1,2026-01-28T00:00:00,2027-02-28T23:59:59,24039316864;24317120518;24311212017,"C=US, O=DigiCert Inc, CN=DigiCert Global G2 TLS RSA SHA256 2020 CA1"
dot-dca-psn-w01.dot.gov,No,Yes,3,1,2026-01-28T00:00:00,2027-02-28T23:59:59,24039316864;24317120518;24311212017,"C=US, O=DigiCert Inc, CN=DigiCert Global G2 TLS RSA SHA256 2020 CA1"
dot-dca-psn-w04.dot.gov,No,Yes,3,1,2026-01-28T00:00:00,2027-02-28T23:59:59,24039316864;24317120518;24311212017,"C=US, O=DigiCert Inc, CN=DigiCert Global G2 TLS RSA SHA256 2020 CA1"
dot-hsa-ise-z01.dot.gov,No,Yes,2,1,2026-07-07T00:00:00,2027-01-21T23:59:59,27761406503;27761408051,"C=CA, O=Entrust Limited, CN=Entrust OV TLS Issuing RSA CA 2"
dot-hsa-psn-001.dot.gov,No,Yes,3,1,2026-01-28T00:00:00,2027-02-28T23:59:59,24039316864;24317120518;24311212017,"C=US, O=DigiCert Inc, CN=DigiCert Global G2 TLS RSA SHA256 2020 CA1"
dot-hsa-psn-002.dot.gov,No,Yes,3,1,2026-01-28T00:00:00,2027-02-28T23:59:59,24039316864;24317120518;24311212017,"C=US, O=DigiCert Inc, CN=DigiCert Global G2 TLS RSA SHA256 2020 CA1"
dot-hsa-psn-004.dot.gov,No,Yes,3,1,2026-01-28T00:00:00,2027-02-28T23:59:59,24039316864;24317120518;24311212017,"C=US, O=DigiCert Inc, CN=DigiCert Global G2 TLS RSA SHA256 2020 CA1"
dot-hsa-psn-v03.dot.gov,No,Yes,3,1,2026-01-28T00:00:00,2027-02-28T23:59:59,24039316864;24317120518;24311212017,"C=US, O=DigiCert Inc, CN=DigiCert Global G2 TLS RSA SHA256 2020 CA1"
dot.gov,No,Yes,10,1,2025-11-04T00:00:00,2027-02-02T23:59:59,23789461139;22210815537;22547055023;22547041073;22210840798;24146218500;23789458317;23786674169;24146217125;23786676110,"C=CA, O=Entrust Limited, CN=Entrust OV TLS Issuing RSA CA 2"
dotaecm-sca.dot.gov,No,Yes,2,1,2026-09-09T00:00:00,2027-03-26T23:59:59,29313804306;29313804360,"C=CA, O=Entrust Limited, CN=Entrust OV TLS Issuing RSA CA 2"
dotaecm-sua.dot.gov,No,Yes,2,1,2026-09-09T00:00:00,2027-03-26T23:59:59,29313804306;29313804360,"C=CA, O=Entrust Limited, CN=Entrust OV TLS Issuing RSA CA 2"
dotaecm-wr.dot.gov,No,Yes,2,1,2026-09-09T00:00:00,2027-03-26T23:59:59,29313804306;29313804360,"C=CA, O=Entrust Limited, CN=Entrust OV TLS Issuing RSA CA 2"
dotaecm.dot.gov,Yes,Yes,2,1,2026-09-09T00:00:00,2027-03-26T23:59:59,29313804306;29313804360,"C=CA, O=Entrust Limited, CN=Entrust OV TLS Issuing RSA CA 2"
dotawslas056vg.ad.dot.gov,No,Yes,2,1,2026-05-12T00:00:00,2026-11-26T23:59:59,26288972841;26289007016,"C=CA, O=Entrust Limited, CN=Entrust OV TLS Issuing RSA CA 2"
dotazelas056vg.ad.dot.gov,No,Yes,2,1,2026-05-12T00:00:00,2026-11-26T23:59:59,26288972841;26289007016,"C=CA, O=Entrust Limited, CN=Entrust OV TLS Issuing RSA CA 2"
dotcmg.dot.gov,Yes,Yes,2,1,2026-05-01T00:00:00,2026-11-15T23:59:59,25981137446;26117833797,"C=CA, O=Entrust Limited, CN=Entrust OV TLS Issuing RSA CA 2"
dotcms.fra.dot.gov,No,Yes,6,2,2025-11-04T00:00:00,2027-01-31T23:59:59,22210815537;28017986293;28012928244;27907735705;22210840798;27927806033,"C=US, O=DigiCert Inc, OU=www.digicert.com, CN=GeoTrust TLS RSA CA G1;C=CA, O=Entrust Limited, CN=Entrust OV TLS Issuing RSA CA 2"
dotdr1las056vg.ad.dot.gov,No,Yes,2,1,2026-05-12T00:00:00,2026-11-26T23:59:59,26288972841;26289007016,"C=CA, O=Entrust Limited, CN=Entrust OV TLS Issuing RSA CA 2"
dotdr1wms390vg.ad.dot.gov,No,Yes,6,1,2026-08-24T00:00:00,2027-03-12T23:59:59,29051786186;29052590846;29052585882;29051787005;28999072836;28999076064,"C=CA, O=Entrust Limited, CN=Entrust OV TLS Issuing RSA CA 2"
dotdr1wms391vg.ad.dot.gov,No,Yes,6,1,2026-08-24T00:00:00,2027-03-12T23:59:59,29051786186;29052590846;29052585882;29051787005;28999072836;28999076064,"C=CA, O=Entrust Limited, CN=Entrust OV TLS Issuing RSA CA 2"
dotdr1wms392vg.ad.dot.gov,No,Yes,6,1,2026-08-24T00:00:00,2027-03-12T23:59:59,29051786186;29052590846;29052585882;29051787005;28999072836;28999076064,"C=CA, O=Entrust Limited, CN=Entrust OV TLS Issuing RSA CA 2"
dotdr1wms393vg.ad.dot.gov,No,Yes,6,1,2026-08-24T00:00:00,2027-03-12T23:59:59,29051786186;29052590846;29052585882;29051787005;28999072836;28999076064,"C=CA, O=Entrust Limited, CN=Entrust OV TLS Issuing RSA CA 2"
dothqnbom003vg.dot.gov,No,Yes,2,1,2026-05-15T00:00:00,2026-11-29T23:59:59,26369513155;26358262198,"C=CA, O=Entrust Limited, CN=Entrust OV TLS Issuing RSA CA 2"
dothqnbom004vg.dot.gov,No,Yes,2,1,2026-05-15T00:00:00,2026-11-29T23:59:59,26369513155;26358262198,"C=CA, O=Entrust Limited, CN=Entrust OV TLS Issuing RSA CA 2"
dothqnbom005vg.dot.gov,No,Yes,2,1,2026-04-22T00:00:00,2026-11-06T23:59:59,25673136860;26011460704,"C=CA, O=Entrust Limited, CN=Entrust OV TLS Issuing ECC CA 2"
dothqnlas036.ad.dot.gov,No,Yes,2,1,2026-08-18T00:00:00,2027-03-04T23:59:59,28843735276;28823482712,"C=CA, O=Entrust Limited, CN=Entrust OV TLS Issuing RSA CA 2"
dothqnlas056vg.ad.dot.gov,No,Yes,2,1,2026-05-12T00:00:00,2026-11-26T23:59:59,26288972841;26289007016,"C=CA, O=Entrust Limited, CN=Entrust OV TLS Issuing RSA CA 2"
dothqnwas151vg.ad.dot.gov,Yes,Yes,2,1,2026-07-24T00:00:00,2027-02-07T23:59:59,28216558308;28216553861,"C=CA, O=Entrust Limited, CN=Entrust OV TLS Issuing RSA CA 2"
dothqnwas538vg.ad.dot.gov,Yes,Yes,2,1,2026-01-05T00:00:00,2027-01-05T23:59:59,23573785795;23573786229,"C=CA, O=Entrust Limited, CN=Entrust OV TLS Issuing RSA CA 2"
dothqnwas539vg.ad.dot.gov,Yes,Yes,2,1,2026-01-05T00:00:00,2027-01-05T23:59:59,23573776107;23573771760,"C=CA, O=Entrust Limited, CN=Entrust OV TLS Issuing RSA CA 2"
dothqnwms310vg.ad.dot.gov,No,Yes,6,1,2026-08-24T00:00:00,2027-03-12T23:59:59,29051786186;29052590846;29052585882;29051787005;28999072836;28999076064,"C=CA, O=Entrust Limited, CN=Entrust OV TLS Issuing RSA CA 2"
dothqnwms311vg.ad.dot.gov,No,Yes,6,1,2026-08-24T00:00:00,2027-03-12T23:59:59,29051786186;29052590846;29052585882;29051787005;28999072836;28999076064,"C=CA, O=Entrust Limited, CN=Entrust OV TLS Issuing RSA CA 2"
dothqnwms312vg.ad.dot.gov,No,Yes,6,1,2026-08-24T00:00:00,2027-03-12T23:59:59,29051786186;29052590846;29052585882;29051787005;28999072836;28999076064,"C=CA, O=Entrust Limited, CN=Entrust OV TLS Issuing RSA CA 2"
dothqnwms315vg.ad.dot.gov,No,Yes,6,1,2026-08-24T00:00:00,2027-03-12T23:59:59,29051786186;29052590846;29052585882;29051787005;28999072836;28999076064,"C=CA, O=Entrust Limited, CN=Entrust OV TLS Issuing RSA CA 2"
dothqnwms316vg.ad.dot.gov,No,Yes,6,1,2026-08-24T00:00:00,2027-03-12T23:59:59,29051786186;29052590846;29052585882;29051787005;28999072836;28999076064,"C=CA, O=Entrust Limited, CN=Entrust OV TLS Issuing RSA CA 2"
dothqnwms317vg.ad.dot.gov,No,Yes,6,1,2026-08-24T00:00:00,2027-03-12T23:59:59,29051786186;29052590846;29052585882;29051787005;28999072836;28999076064,"C=CA, O=Entrust Limited, CN=Entrust OV TLS Issuing RSA CA 2"
dothqnwms318vg.ad.dot.gov,No,Yes,6,1,2026-08-24T00:00:00,2027-03-12T23:59:59,29051786186;29052590846;29052585882;29051787005;28999072836;28999076064,"C=CA, O=Entrust Limited, CN=Entrust OV TLS Issuing RSA CA 2"
dothqnwms385vg.ad.dot.gov,No,Yes,6,1,2026-08-24T00:00:00,2027-03-12T23:59:59,29051786186;29052590846;29052585882;29051787005;28999072836;28999076064,"C=CA, O=Entrust Limited, CN=Entrust OV TLS Issuing RSA CA 2"
dothqnwms386vg.ad.dot.gov,No,Yes,6,1,2026-08-24T00:00:00,2027-03-12T23:59:59,29051786186;29052590846;29052585882;29051787005;28999072836;28999076064,"C=CA, O=Entrust Limited, CN=Entrust OV TLS Issuing RSA CA 2"
dothqnwms387vg.ad.dot.gov,No,Yes,6,1,2026-08-24T00:00:00,2027-03-12T23:59:59,29051786186;29052590846;29052585882;29051787005;28999072836;28999076064,"C=CA, O=Entrust Limited, CN=Entrust OV TLS Issuing RSA CA 2"
dotnet.dot.gov,No,Yes,3,2,2025-11-04T00:00:00,2027-01-13T23:59:59,27572636754;22210840798;22210815537,"C=US, O=DigiCert Inc, OU=www.digicert.com, CN=GeoTrust TLS RSA CA G1;C=CA, O=Entrust Limited, CN=Entrust OV TLS Issuing RSA CA 2"
dqfax.fmcsa.dot.gov,No,Yes,4,1,2026-09-09T00:00:00,2027-04-04T23:59:59,29316698148;29316698140;29459369394;29493143937,"C=CA, O=Entrust Limited, CN=Entrust OV TLS Issuing RSA CA 2"
drift.dot.gov,Yes,Yes,2,1,2026-08-18T00:00:00,2027-03-04T23:59:59,28843735276;28823482712,"C=CA, O=Entrust Limited, CN=Entrust OV TLS Issuing RSA CA 2"
eas.dot.gov,Yes,Yes,3,1,2026-04-06T00:00:00,2027-04-17T23:59:59,25428476357;29591436907;25626518991,"C=CA, O=Entrust Limited, CN=Entrust OV TLS Issuing RSA CA 2"
editchecks.cdan.dot.gov,No,Yes,17,1,2026-06-24T00:00:00,2027-04-14T23:59:59,27762824007;29444223113;29621973976;28568702815;29522150286;28325312296;27762822089;29431591528;27452183623;29522156769;28325307162;28620901407;28301235327;28568697086;27452181143;28620902702;28301236198,"C=CA, O=Entrust Limited, CN=Entrust OV TLS Issuing RSA CA 2"
edtadmin.cdan.dot.gov,No,Yes,17,1,2026-06-24T00:00:00,2027-04-14T23:59:59,27762824007;29444223113;29621973976;28568702815;29522150286;28325312296;27762822089;29431591528;27452183623;29522156769;28325307162;28620901407;28301235327;28568697086;27452181143;28620902702;28301236198,"C=CA, O=Entrust Limited, CN=Entrust OV TLS Issuing RSA CA 2"
edtservice.cdan.dot.gov,No,Yes,17,1,2026-06-24T00:00:00,2027-04-14T23:59:59,27762824007;29444223113;29621973976;28568702815;29522150286;28325312296;27762822089;29431591528;27452183623;29522156769;28325307162;28620901407;28301235327;28568697086;27452181143;28620902702;28301236198,"C=CA, O=Entrust Limited, CN=Entrust OV TLS Issuing RSA CA 2"
edtuploadapi.cdan.dot.gov,No,Yes,15,1,2026-07-07T00:00:00,2027-04-14T23:59:59,27762824007;29444223113;29621973976;28568702815;29522150286;28325312296;27762822089;29431591528;29522156769;28325307162;28620901407;28301235327;28568697086;28620902702;28301236198,"C=CA, O=Entrust Limited, CN=Entrust OV TLS Issuing RSA CA 2"
eeo-etk.dot.gov,Yes,Yes,2,1,2026-05-07T00:00:00,2026-11-21T23:59:59,26155695202;26185244165,"C=CA, O=Entrust Limited, CN=Entrust OV TLS Issuing RSA CA 2"
eflbip.fhwa.dot.gov,Yes,Yes,2,1,2026-05-07T00:00:00,2026-11-21T23:59:59,26154157529;26184978529,"C=CA, O=Entrust Limited, CN=Entrust OV TLS Issuing RSA CA 2"
egrants-preprod.nhtsa.dot.gov,No,Yes,9,2,2025-12-12T00:00:00,2026-12-12T23:59:59,27990632291;27990653177;24189874406;28623087594;23076829692;23076856996;28623128347;28935825093;28995732780,"C=US, O=DigiCert Inc, CN=DigiCert Global G3 TLS ECC SHA384 2020 CA1;C=US, O=DigiCert Inc, CN=DigiCert Global G2 TLS RSA SHA256 2020 CA1"
egrants-staging.nhtsa.dot.gov,No,Yes,9,2,2025-12-12T00:00:00,2026-12-12T23:59:59,27990632291;27990653177;24189874406;28623087594;23076829692;23076856996;28623128347;28935825093;28995732780,"C=US, O=DigiCert Inc, CN=DigiCert Global G3 TLS ECC SHA384 2020 CA1;C=US, O=DigiCert Inc, CN=DigiCert Global G2 TLS RSA SHA256 2020 CA1"
egrants.nhtsa.dot.gov,No,Yes,9,2,2025-12-12T00:00:00,2026-12-12T23:59:59,27990632291;27990653177;24189874406;28623087594;23076829692;23076856996;28623128347;28935825093;28995732780,"C=US, O=DigiCert Inc, CN=DigiCert Global G3 TLS ECC SHA384 2020 CA1;C=US, O=DigiCert Inc, CN=DigiCert Global G2 TLS RSA SHA256 2020 CA1"
eld.fmcsa.dot.gov,No,Yes,8,1,2025-10-24T00:00:00,2027-04-04T23:59:59,29316698148;22369020805;29459369394;21972978527;21972994252;29316698140;29493143937;22369039829,"C=CA, O=Entrust Limited, CN=Entrust OV TLS Issuing RSA CA 2"
eldenf.fmcsa.dot.gov,No,Yes,4,1,2026-09-09T00:00:00,2027-04-04T23:59:59,29316698148;29316698140;29459369394;29493143937,"C=CA, O=Entrust Limited, CN=Entrust OV TLS Issuing RSA CA 2"
eldws.fmcsa.dot.gov,No,Yes,10,1,2025-10-24T00:00:00,2027-04-04T23:59:59,21970624171;29316698148;22369020805;29459369394;21972978527;21972994252;29316698140;29493143937;21970608399;22369039829,"C=CA, O=Entrust Limited, CN=Entrust OV TLS Issuing RSA CA 2"
elmsws.fmcsa.dot.gov,No,Yes,4,1,2026-09-09T00:00:00,2027-04-04T23:59:59,29316698148;29316698140;29459369394;29493143937,"C=CA, O=Entrust Limited, CN=Entrust OV TLS Issuing RSA CA 2"
emfie.dot.gov,Yes,Yes,2,1,2026-06-02T00:00:00,2026-12-17T23:59:59,26829715455;26829753332,"C=CA, O=Entrust Limited, CN=Entrust OV TLS Issuing RSA CA 2"
en.cdan.dot.gov,No,Yes,2,1,2026-06-24T00:00:00,2027-01-08T23:59:59,27452181143;27452183623,"C=CA, O=Entrust Limited, CN=Entrust OV TLS Issuing RSA CA 2"
entellitrak-test.docr.dot.gov,Yes,Yes,2,1,2026-01-08T00:00:00,2027-01-08T23:59:59,23637691656;23637692650,"C=CA, O=Entrust Limited, CN=Entrust OV TLS Issuing RSA CA 2"
entellitrak.docr.dot.gov,Yes,Yes,2,1,2026-08-17T00:00:00,2027-03-03T23:59:59,28817032269;28832100151,"C=CA, O=Entrust Limited, CN=Entrust OV TLS Issuing RSA CA 2"
environment-dr.fhwa.dot.gov,No,Yes,4,1,2026-04-13T00:00:00,2027-04-15T23:59:59,25526871962;29636668310;29633570054;25861529108,"C=CA, O=Entrust Limited, CN=Entrust OV TLS Issuing RSA CA 2"
environment.fhwa.dot.gov,No,Yes,6,1,2025-11-05T00:00:00,2027-03-26T23:59:59,25172146716;29311142984;22231823509;22231802250;29311143283;25172167031,"C=CA, O=Entrust Limited, CN=Entrust OV TLS Issuing RSA CA 2"
epp.marad.dot.gov,No,Yes,8,1,2026-04-06T00:00:00,2027-04-08T23:59:59,25631828757;29524580524;29585099921;29423555290;29423552974;25429926700;25571883281;25935766484,"C=CA, O=Entrust Limited, CN=Entrust OV TLS Issuing RSA CA 2"
epr.marad.dot.gov,No,Yes,2,1,2026-04-17T00:00:00,2026-11-01T23:59:59,25571883281;25935766484,"C=CA, O=Entrust Limited, CN=Entrust OV TLS Issuing RSA CA 2"
equity-data.dot.gov,Yes,Yes,3,1,2026-07-20T11:24:33,2026-12-17T11:24:58,28092557819;29522003017;28092570542,"C=US, O=Let's Encrypt, CN=YE1"
esubmit.rita.dot.gov,Yes,Yes,2,1,2026-07-23T00:00:00,2027-02-06T23:59:59,28189898281;28189892571,"C=CA, O=Entrust Limited, CN=Entrust OV TLS Issuing RSA CA 2"
explore.dot.gov,No,Yes,3,2,2026-04-14T00:00:00,2027-01-13T23:59:59,27572636754;25886846323;25538331943,"C=US, O=DigiCert Inc, OU=www.digicert.com, CN=GeoTrust TLS RSA CA G1;C=CA, O=Entrust Limited, CN=Entrust OV TLS Issuing RSA CA 2"
export.infoptf.fhwa.dot.gov,Yes,Yes,2,1,2026-09-08T00:00:00,2027-03-25T23:59:59,29294908572;29294908625,"C=CA, O=Entrust Limited, CN=Entrust OV TLS Issuing RSA CA 2"
external.phmsa.dot.gov,Yes,Yes,2,1,2026-06-16T00:00:00,2026-12-31T23:59:59,27239967522;27239929534,"C=CA, O=Entrust Limited, CN=Entrust OV TLS Issuing ECC CA 2"
faaavs.portal.dot.gov,No,Yes,3,2,2025-11-04T00:00:00,2027-01-13T23:59:59,27572636754;22210840798;22210815537,"C=US, O=DigiCert Inc, OU=www.digicert.com, CN=GeoTrust TLS RSA CA G1;C=CA, O=Entrust Limited, CN=Entrust OV TLS Issuing RSA CA 2"
faces.fta.dot.gov,Yes,Yes,3,2,2026-06-29T00:00:00,2027-03-27T23:59:59,29336822790;27572636754;29336822385,"C=US, O=DigiCert Inc, OU=www.digicert.com, CN=GeoTrust TLS RSA CA G1;C=CA, O=Entrust Limited, CN=Entrust OV TLS Issuing RSA CA 2"
facesdev1.fta.dot.gov,No,Yes,2,1,2026-09-10T00:00:00,2027-03-27T23:59:59,29336822790;29336822385,"C=CA, O=Entrust Limited, CN=Entrust OV TLS Issuing RSA CA 2"
facesdev2.fta.dot.gov,No,Yes,2,1,2026-09-10T00:00:00,2027-03-27T23:59:59,29336822790;29336822385,"C=CA, O=Entrust Limited, CN=Entrust OV TLS Issuing RSA CA 2"
facesdev3.fta.dot.gov,No,Yes,2,1,2026-09-10T00:00:00,2027-03-27T23:59:59,29336822790;29336822385,"C=CA, O=Entrust Limited, CN=Entrust OV TLS Issuing RSA CA 2"
facesdev4.fta.dot.gov,No,Yes,2,1,2026-09-10T00:00:00,2027-03-27T23:59:59,29336822790;29336822385,"C=CA, O=Entrust Limited, CN=Entrust OV TLS Issuing RSA CA 2"
facesdev5.fta.dot.gov,No,Yes,2,1,2026-09-10T00:00:00,2027-03-27T23:59:59,29336822790;29336822385,"C=CA, O=Entrust Limited, CN=Entrust OV TLS Issuing RSA CA 2"
facespreprod.fta.dot.gov,No,Yes,2,1,2026-09-10T00:00:00,2027-03-27T23:59:59,29336822790;29336822385,"C=CA, O=Entrust Limited, CN=Entrust OV TLS Issuing RSA CA 2"
facestest1.fta.dot.gov,No,Yes,2,1,2026-09-10T00:00:00,2027-03-27T23:59:59,29336822790;29336822385,"C=CA, O=Entrust Limited, CN=Entrust OV TLS Issuing RSA CA 2"
facestest2.fta.dot.gov,No,Yes,2,1,2026-09-10T00:00:00,2027-03-27T23:59:59,29336822790;29336822385,"C=CA, O=Entrust Limited, CN=Entrust OV TLS Issuing RSA CA 2"
facestest3.fta.dot.gov,No,Yes,2,1,2026-09-10T00:00:00,2027-03-27T23:59:59,29336822790;29336822385,"C=CA, O=Entrust Limited, CN=Entrust OV TLS Issuing RSA CA 2"
facestest4.fta.dot.gov,No,Yes,2,1,2026-09-10T00:00:00,2027-03-27T23:59:59,29336822790;29336822385,"C=CA, O=Entrust Limited, CN=Entrust OV TLS Issuing RSA CA 2"
facestest5.fta.dot.gov,No,Yes,2,1,2026-09-10T00:00:00,2027-03-27T23:59:59,29336822790;29336822385,"C=CA, O=Entrust Limited, CN=Entrust OV TLS Issuing RSA CA 2"
facestraining.fta.dot.gov,No,Yes,2,1,2026-09-10T00:00:00,2027-03-27T23:59:59,29336822790;29336822385,"C=CA, O=Entrust Limited, CN=Entrust OV TLS Issuing RSA CA 2"
facesuat.fta.dot.gov,No,Yes,2,1,2026-09-10T00:00:00,2027-03-27T23:59:59,29336822790;29336822385,"C=CA, O=Entrust Limited, CN=Entrust OV TLS Issuing RSA CA 2"
farsarchive1.cdan.dot.gov,No,Yes,17,1,2026-06-24T00:00:00,2027-04-14T23:59:59,27762824007;29444223113;29621973976;28568702815;29522150286;28325312296;27762822089;29431591528;27452183623;29522156769;28325307162;28620901407;28301235327;28568697086;27452181143;28620902702;28301236198,"C=CA, O=Entrust Limited, CN=Entrust OV TLS Issuing RSA CA 2"
farsarchive2.cdan.dot.gov,No,Yes,17,1,2026-06-24T00:00:00,2027-04-14T23:59:59,27762824007;29444223113;29621973976;28568702815;29522150286;28325312296;27762822089;29431591528;27452183623;29522156769;28325307162;28620901407;28301235327;28568697086;27452181143;28620902702;28301236198,"C=CA, O=Entrust Limited, CN=Entrust OV TLS Issuing RSA CA 2"
farsarchive3.cdan.dot.gov,No,Yes,17,1,2026-06-24T00:00:00,2027-04-14T23:59:59,27762824007;29444223113;29621973976;28568702815;29522150286;28325312296;27762822089;29431591528;27452183623;29522156769;28325307162;28620901407;28301235327;28568697086;27452181143;28620902702;28301236198,"C=CA, O=Entrust Limited, CN=Entrust OV TLS Issuing RSA CA 2"
farsclosed.cdan.dot.gov,No,Yes,17,1,2026-06-24T00:00:00,2027-04-14T23:59:59,27762824007;29444223113;29621973976;28568702815;29522150286;28325312296;27762822089;29431591528;27452183623;29522156769;28325307162;28620901407;28301235327;28568697086;27452181143;28620902702;28301236198,"C=CA, O=Entrust Limited, CN=Entrust OV TLS Issuing RSA CA 2"
farscurrent.cdan.dot.gov,No,Yes,17,1,2026-06-24T00:00:00,2027-04-14T23:59:59,27762824007;29444223113;29621973976;28568702815;29522150286;28325312296;27762822089;29431591528;27452183623;29522156769;28325307162;28620901407;28301235327;28568697086;27452181143;28620902702;28301236198,"C=CA, O=Entrust Limited, CN=Entrust OV TLS Issuing RSA CA 2"
farshq.cdan.dot.gov,No,Yes,2,1,2026-06-24T00:00:00,2027-01-08T23:59:59,27452181143;27452183623,"C=CA, O=Entrust Limited, CN=Entrust OV TLS Issuing RSA CA 2"
farsintranet.cdan.dot.gov,No,Yes,17,1,2026-06-24T00:00:00,2027-04-14T23:59:59,27762824007;29444223113;29621973976;28568702815;29522150286;28325312296;27762822089;29431591528;27452183623;29522156769;28325307162;28620901407;28301235327;28568697086;27452181143;28620902702;28301236198,"C=CA, O=Entrust Limited, CN=Entrust OV TLS Issuing RSA CA 2"
farsprev.cdan.dot.gov,No,Yes,17,1,2026-06-24T00:00:00,2027-04-14T23:59:59,27762824007;29444223113;29621973976;28568702815;29522150286;28325312296;27762822089;29431591528;27452183623;29522156769;28325307162;28620901407;28301235327;28568697086;27452181143;28620902702;28301236198,"C=CA, O=Entrust Limited, CN=Entrust OV TLS Issuing RSA CA 2"
farsrec.cdan.dot.gov,No,Yes,17,1,2026-06-24T00:00:00,2027-04-14T23:59:59,27762824007;29444223113;29621973976;28568702815;29522150286;28325312296;27762822089;29431591528;27452183623;29522156769;28325307162;28620901407;28301235327;28568697086;27452181143;28620902702;28301236198,"C=CA, O=Entrust Limited, CN=Entrust OV TLS Issuing RSA CA 2"
farsrecprev.cdan.dot.gov,No,Yes,17,1,2026-06-24T00:00:00,2027-04-14T23:59:59,27762824007;29444223113;29621973976;28568702815;29522150286;28325312296;27762822089;29431591528;27452183623;29522156769;28325307162;28620901407;28301235327;28568697086;27452181143;28620902702;28301236198,"C=CA, O=Entrust Limited, CN=Entrust OV TLS Issuing RSA CA 2"
farssso.cdan.dot.gov,No,Yes,2,1,2026-06-24T00:00:00,2027-01-08T23:59:59,27452181143;27452183623,"C=CA, O=Entrust Limited, CN=Entrust OV TLS Issuing RSA CA 2"
fasm.dot.gov,Yes,Yes,2,1,2026-04-16T00:00:00,2026-10-31T23:59:59,25933029517;25556480804,"C=CA, O=Entrust Limited, CN=Entrust OV TLS Issuing RSA CA 2"
fcwd-stg.fmcsa.dot.gov,No,Yes,10,1,2025-10-07T00:00:00,2027-04-03T23:59:59,29295859150;29295859453;29463568336;21553567323;24341963921;29295310308;24341962837;29489983537;29295310225;21553550234,"C=CA, O=Entrust Limited, CN=Entrust OV TLS Issuing RSA CA 2"
fcwd.dot.gov,No,Yes,4,1,2026-09-09T00:00:00,2027-04-04T23:59:59,29316698148;29316698140;29459369394;29493143937,"C=CA, O=Entrust Limited, CN=Entrust OV TLS Issuing RSA CA 2"
fhfl15gisweb.flhd.fhwa.dot.gov,Yes,Yes,2,1,2026-08-10T00:00:00,2027-02-24T23:59:59,28714945365;28714946559,"C=CA, O=Entrust Limited, CN=Entrust OV TLS Issuing RSA CA 2"
fhw1xavwasp50.ext.dot.gov,Yes,Yes,2,1,2026-09-29T00:00:00,2027-04-15T23:59:59,29639190750;29639190046,"C=CA, O=Entrust Limited, CN=Entrust OV TLS Issuing RSA CA 2"
fhwa-dr.fhwa.dot.gov,No,Yes,4,1,2026-04-13T00:00:00,2027-04-15T23:59:59,25526871962;29636668310;29633570054;25861529108,"C=CA, O=Entrust Limited, CN=Entrust OV TLS Issuing RSA CA 2"
fhwa.dot.gov,No,Yes,6,1,2025-11-05T00:00:00,2027-03-26T23:59:59,22232421146;29311142984;22231823509;22232437178;22231802250;29311143283,"C=CA, O=Entrust Limited, CN=Entrust OV TLS Issuing RSA CA 2"
fhwaapps-dr.fhwa.dot.gov,Yes,Yes,2,1,2026-07-24T00:00:00,2027-02-07T23:59:59,28221296085;28221295062,"C=CA, O=Entrust Limited, CN=Entrust OV TLS Issuing RSA CA 2"
fhwaapps.fhwa.dot.gov,Yes,Yes,4,1,2026-01-16T00:00:00,2027-02-02T23:59:59,23808342911;23808343128;24146201204;24146202377,"C=CA, O=Entrust Limited, CN=Entrust OV TLS Issuing RSA CA 2"
fhwaopsweb.fhwa.dot.gov,No,Yes,6,1,2025-11-05T00:00:00,2027-03-26T23:59:59,22232421146;29311142984;22231823509;22232437178;22231802250;29311143283,"C=CA, O=Entrust Limited, CN=Entrust OV TLS Issuing RSA CA 2"
fhwazewas038vg.ad.dot.gov,No,Yes,3,1,2026-07-29T00:00:00,2027-04-10T23:59:59,28353630124;29562804953;28353628484,"C=CA, O=Entrust Limited, CN=Entrust OV TLS Issuing RSA CA 2"
fhwdr1was901vg.ext.dot.gov,Yes,Yes,4,1,2026-04-13T00:00:00,2027-04-15T23:59:59,25526871962;29636668310;29633570054;25861529108,"C=CA, O=Entrust Limited, CN=Entrust OV TLS Issuing RSA CA 2"
fhwdreovc-dma.ad.dot.gov,No,Yes,4,1,2026-06-04T00:00:00,2026-12-19T23:59:59,26894785556;26894870921;26894827206;26894845202,"C=CA, O=Entrust Limited, CN=Entrust OV TLS Issuing RSA CA 2"
fhwdreovc-dma2.ad.dot.gov,No,Yes,4,1,2026-06-04T00:00:00,2026-12-19T23:59:59,26894785556;26894870921;26894827206;26894845202,"C=CA, O=Entrust Limited, CN=Entrust OV TLS Issuing RSA CA 2"
fhwdreovc-rpad.ad.dot.gov,Yes,Yes,2,1,2026-06-04T00:00:00,2026-12-19T23:59:59,26894870921;26894845202,"C=CA, O=Entrust Limited, CN=Entrust OV TLS Issuing RSA CA 2"
fhwdreovc-rpad.dot.gov,No,Yes,4,1,2026-06-04T00:00:00,2026-12-19T23:59:59,26894785556;26894870921;26894827206;26894845202,"C=CA, O=Entrust Limited, CN=Entrust OV TLS Issuing RSA CA 2"
fhwhqeovc-rpad2.dot.gov,No,Yes,4,1,2026-06-04T00:00:00,2026-12-19T23:59:59,26894785556;26894870921;26894827206;26894845202,"C=CA, O=Entrust Limited, CN=Entrust OV TLS Issuing RSA CA 2"
fhwhqnwas901vg.ext.dot.gov,Yes,Yes,2,1,2025-11-05T00:00:00,2026-11-05T23:59:59,22231823509;22231802250,"C=CA, O=Entrust Limited, CN=Entrust OV TLS Issuing RSA CA 2"
fhwpdxwas009vg.hfl17do1.wfl.fld.fhwa.dot.gov,Yes,Yes,2,1,2026-08-17T00:00:00,2027-03-03T23:59:59,28794508651;28833662685,"C=CA, O=Entrust Limited, CN=Entrust OV TLS Issuing RSA CA 2"
filingtarmacdelayplan.dot.gov,No,Yes,3,2,2025-11-17T00:00:00,2027-01-13T23:59:59,27572636754;22547055023;22547041073,"C=US, O=DigiCert Inc, OU=www.digicert.com, CN=GeoTrust TLS RSA CA G1;C=CA, O=Entrust Limited, CN=Entrust OV TLS Issuing RSA CA 2"
first-test.nhtsa.dot.gov,No,Yes,2,1,2026-07-07T00:00:00,2027-01-21T23:59:59,27759380112;27759379146,"C=CA, O=Entrust Limited, CN=Entrust OV TLS Issuing RSA CA 2"
flh.fhwa.dot.gov,No,Yes,2,1,2026-09-29T00:00:00,2027-04-15T23:59:59,29639190750;29639190046,"C=CA, O=Entrust Limited, CN=Entrust OV TLS Issuing RSA CA 2"
fmcsa.dot.gov,No,Yes,2,1,2025-12-16T00:00:00,2026-12-16T23:59:59,23159092571;23159112002,"C=CA, O=Entrust Limited, CN=Entrust OV TLS Issuing RSA CA 2"
fmcsa.elms.dot.gov,No,Yes,6,2,2025-11-04T00:00:00,2027-01-31T23:59:59,22210815537;28017986293;28012928244;27907735705;22210840798;27927806033,"C=US, O=DigiCert Inc, OU=www.digicert.com, CN=GeoTrust TLS RSA CA G1;C=CA, O=Entrust Limited, CN=Entrust OV TLS Issuing RSA CA 2"
fmcsa.lms.dot.gov,No,Yes,6,2,2025-11-04T00:00:00,2027-01-31T23:59:59,22210815537;28017986293;28012928244;27907735705;22210840798;27927806033,"C=US, O=DigiCert Inc, OU=www.digicert.com, CN=GeoTrust TLS RSA CA G1;C=CA, O=Entrust Limited, CN=Entrust OV TLS Issuing RSA CA 2"
fmcsa.portal.dot.gov,No,Yes,6,1,2026-07-16T00:00:00,2027-02-27T23:59:59,28781464333;27983930649;28786554445;28786386848;27983928995;28781201781,"C=CA, O=Entrust Limited, CN=Entrust OV TLS Issuing RSA CA 2"
foiaxpress-test.dot.gov,Yes,Yes,2,1,2026-04-27T00:00:00,2026-11-11T23:59:59,26069179951;25847537483,"C=CA, O=Entrust Limited, CN=Entrust OV TLS Issuing RSA CA 2"
foiaxpress.dot.gov,Yes,Yes,2,1,2026-04-24T00:00:00,2026-11-08T23:59:59,25751593129;26036702519,"C=CA, O=Entrust Limited, CN=Entrust OV TLS Issuing RSA CA 2"
foiaxpress.oig.dot.gov,Yes,Yes,2,1,2026-04-27T00:00:00,2026-11-11T23:59:59,25847479126;26069164546,"C=CA, O=Entrust Limited, CN=Entrust OV TLS Issuing RSA CA 2"
foiaxpressuat.oig.dot.gov,Yes,Yes,2,1,2025-10-15T00:00:00,2026-10-15T23:59:59,21742263588;21742279112,"C=CA, O=Entrust Limited, CN=Entrust OV TLS Issuing RSA CA 2"
fpcb.ops.fhwa.dot.gov,No,Yes,6,1,2025-11-05T00:00:00,2027-03-26T23:59:59,22232421146;29311142984;22231823509;22232437178;22231802250;29311143283,"C=CA, O=Entrust Limited, CN=Entrust OV TLS Issuing RSA CA 2"
fppsprint.dot.gov,Yes,Yes,2,1,2025-10-02T00:00:00,2027-04-16T23:59:59,29621747708;21423912106,"C=US, O=DigiCert Inc, OU=www.digicert.com, CN=GeoTrust TLS RSA CA G1"
fppsprinttest.dot.gov,Yes,Yes,1,1,2026-06-26T00:00:00,2027-01-10T23:59:59,27504273417,"C=US, O=DigiCert Inc, OU=www.digicert.com, CN=GeoTrust TLS RSA CA G1"
fppssupporttest.dot.gov,Yes,Yes,1,1,2026-06-24T00:00:00,2027-01-08T23:59:59,27458512984,"C=US, O=DigiCert Inc, OU=www.digicert.com, CN=GeoTrust TLS RSA CA G1"
fppsupport.dot.gov,Yes,Yes,1,1,2026-06-18T00:00:00,2027-01-02T23:59:59,27298460527,"C=US, O=DigiCert Inc, OU=www.digicert.com, CN=GeoTrust TLS RSA CA G1"
fra.dot.gov,No,Yes,6,1,2026-03-25T00:00:00,2026-11-01T23:59:59,25219050025;25217245801;25219023989;25947496223;25217258862;25580488029,"C=CA, O=Entrust Limited, CN=Entrust OV TLS Issuing RSA CA 2"
fra.portal.dot.gov,No,Yes,6,2,2025-11-04T00:00:00,2027-01-31T23:59:59,22210815537;28017986293;28012928244;27907735705;22210840798;27927806033,"C=US, O=DigiCert Inc, OU=www.digicert.com, CN=GeoTrust TLS RSA CA G1;C=CA, O=Entrust Limited, CN=Entrust OV TLS Issuing RSA CA 2"
fragis-dev.fra.dot.gov,Yes,Yes,4,1,2026-07-21T00:00:00,2027-02-04T23:59:59,28126320851;28131037542;28126314004;28131038819,"C=CA, O=Entrust Limited, CN=Entrust OV TLS Issuing RSA CA 2"
fragis-dr.fra.dot.gov,No,Yes,12,1,2025-12-23T00:00:00,2027-02-24T23:59:59,27836508852;23322938881;28628956033;27836508685;28714856412;28708334359;28628976924;28714855300;27811351030;28708333657;23322923525;27811350408,"C=CA, O=Entrust Limited, CN=Entrust OV TLS Issuing RSA CA 2"
fragis.fra.dot.gov,Yes,Yes,2,1,2026-07-21T00:00:00,2027-02-04T23:59:59,28131037542;28131038819,"C=CA, O=Entrust Limited, CN=Entrust OV TLS Issuing RSA CA 2"
freedomhaulers.dot.gov,No,Yes,2,1,2026-07-17T00:00:00,2027-01-31T23:59:59,28017986293;28012928244,"C=US, O=DigiCert Inc, OU=www.digicert.com, CN=GeoTrust TLS RSA CA G1"
freight-dr.fhwa.dot.gov,No,Yes,4,1,2026-04-13T00:00:00,2027-04-15T23:59:59,25526871962;29636668310;29633570054;25861529108,"C=CA, O=Entrust Limited, CN=Entrust OV TLS Issuing RSA CA 2"
freight.dot.gov,No,Yes,6,1,2025-11-05T00:00:00,2027-03-26T23:59:59,22232421146;29311142984;22231823509;22232437178;22231802250;29311143283,"C=CA, O=Entrust Limited, CN=Entrust OV TLS Issuing RSA CA 2"
fsnviewer.cdan.dot.gov,No,Yes,15,1,2026-07-07T00:00:00,2027-04-14T23:59:59,27762824007;29444223113;29621973976;28568702815;29522150286;28325312296;27762822089;29431591528;29522156769;28325307162;28620901407;28301235327;28568697086;28620902702;28301236198,"C=CA, O=Entrust Limited, CN=Entrust OV TLS Issuing RSA CA 2"
ftaawslasd001vg.ad.dot.gov,Yes,Yes,2,1,2026-06-23T00:00:00,2027-01-07T23:59:59,27429442328;27429445345,"C=CA, O=Entrust Limited, CN=Entrust OV TLS Issuing RSA CA 2"
ftabitbucket.ad.dot.gov,Yes,Yes,2,1,2025-12-30T00:00:00,2026-12-30T23:59:59,23463501074;23463516768,"C=CA, O=Entrust Limited, CN=Entrust OV TLS Issuing RSA CA 2"
ftaconfluence.ad.dot.gov,Yes,Yes,2,1,2025-12-30T00:00:00,2026-12-30T23:59:59,23463560767;23463546407,"C=CA, O=Entrust Limited, CN=Entrust OV TLS Issuing RSA CA 2"
ftafmscoop.ad.dot.gov,Yes,Yes,2,1,2026-06-01T00:00:00,2026-12-16T23:59:59,26802516476;26802495472,"C=CA, O=Entrust Limited, CN=Entrust OV TLS Issuing RSA CA 2"
ftafmsdev.ad.dot.gov,Yes,Yes,4,1,2025-11-21T00:00:00,2026-11-22T23:59:59,22641915749;26183077506;22641932363;26197189343,"C=CA, O=Entrust Limited, CN=Entrust OV TLS Issuing RSA CA 2"
ftafmsprod.ad.dot.gov,Yes,Yes,4,1,2025-12-12T00:00:00,2027-03-19T23:59:59,23075111057;29233517528;23075098033;29233518360,"C=CA, O=Entrust Limited, CN=Entrust OV TLS Issuing RSA CA 2"
ftafmstest.ad.dot.gov,Yes,Yes,2,1,2026-05-08T00:00:00,2026-11-22T23:59:59,26183112223;26197205779,"C=CA, O=Entrust Limited, CN=Entrust OV TLS Issuing RSA CA 2"
ftagssawssql01.ad.dot.gov,Yes,Yes,10,1,2025-11-03T00:00:00,2027-03-26T23:59:59,29315403148;22231669562;22231692650;22262974234;22204384223;22183799760;29315403099;22262954192;22183799674;22204367871,"C=CA, O=Entrust Limited, CN=Entrust OV TLS Issuing RSA CA 2"
ftagssawswb01.ad.dot.gov,No,Yes,2,1,2026-07-07T00:00:00,2027-01-21T23:59:59,27759300829;27759301927,"C=CA, O=Entrust Limited, CN=Entrust OV TLS Issuing RSA CA 2"
ftahqelas012vg-fms.ad.dot.gov,Yes,Yes,2,1,2026-06-12T00:00:00,2026-12-27T23:59:59,27122179034;27127216159,"C=CA, O=Entrust Limited, CN=Entrust OV TLS Issuing RSA CA 2"
ftajira-test.fta.dot.gov,Yes,Yes,2,1,2025-12-15T00:00:00,2026-12-15T23:59:59,23138146768;23138166805,"C=CA, O=Entrust Limited, CN=Entrust OV TLS Issuing RSA CA 2"
ftajira.fta.dot.gov,Yes,Yes,2,1,2025-12-30T00:00:00,2026-12-30T23:59:59,23463482472;23463466632,"C=CA, O=Entrust Limited, CN=Entrust OV TLS Issuing RSA CA 2"
ftanet.ad.dot.gov,Yes,Yes,2,1,2026-05-08T00:00:00,2026-11-22T23:59:59,26184532376;26197758564,"C=CA, O=Entrust Limited, CN=Entrust OV TLS Issuing RSA CA 2"
ftasqltest01vg.ad.dot.gov,Yes,Yes,2,1,2026-09-02T00:00:00,2027-03-19T23:59:59,29233592497;29232199783,"C=CA, O=Entrust Limited, CN=Entrust OV TLS Issuing RSA CA 2"
ftawebapps.fta.dot.gov,Yes,Yes,6,1,2026-01-07T00:00:00,2027-03-10T23:59:59,23613314073;25296057115;25296086288;23613312284;24905287419;24905287750,"C=CA, O=Entrust Limited, CN=Entrust OV TLS Issuing RSA CA 2"
ftawebprod.fta.dot.gov,Yes,Yes,2,1,2026-07-07T00:00:00,2027-01-21T23:59:59,27759300829;27759301927,"C=CA, O=Entrust Limited, CN=Entrust OV TLS Issuing RSA CA 2"
geo.dot.gov,Yes,Yes,3,1,2026-09-24T00:00:00,2027-04-17T23:59:59,29606421184;29564035316;29587974596,"C=CA, O=Entrust Limited, CN=Entrust OV TLS Issuing RSA CA 2"
geolocator.cdan.dot.gov,No,Yes,17,1,2026-06-24T00:00:00,2027-04-14T23:59:59,27762824007;29444223113;29621973976;28568702815;29522150286;28325312296;27762822089;29431591528;27452183623;29522156769;28325307162;28620901407;28301235327;28568697086;27452181143;28620902702;28301236198,"C=CA, O=Entrust Limited, CN=Entrust OV TLS Issuing RSA CA 2"
gis.fhwa.dot.gov,No,Yes,2,1,2026-07-20T00:00:00,2027-02-03T23:59:59,28095967961;28095967345,"C=CA, O=Entrust Limited, CN=Entrust OV TLS Issuing RSA CA 2"
git-dev.dot.gov,No,Yes,4,1,2026-03-23T00:00:00,2027-03-19T23:59:59,25172003879;25172018474;29230160129;29231613980,"C=CA, O=Entrust Limited, CN=Entrust OV TLS Issuing RSA CA 2"
git-dev1.dot.gov,No,Yes,4,1,2026-03-23T00:00:00,2027-03-19T23:59:59,25172003879;25172018474;29230160129;29231613980,"C=CA, O=Entrust Limited, CN=Entrust OV TLS Issuing RSA CA 2"
git-stage.dot.gov,Yes,Yes,4,1,2026-03-23T00:00:00,2027-03-19T23:59:59,25172003879;25172018474;29230160129;29231613980,"C=CA, O=Entrust Limited, CN=Entrust OV TLS Issuing RSA CA 2"
git-stage1.dot.gov,No,Yes,4,1,2026-03-23T00:00:00,2027-03-19T23:59:59,25172003879;25172018474;29230160129;29231613980,"C=CA, O=Entrust Limited, CN=Entrust OV TLS Issuing RSA CA 2"
git-stage2.dot.gov,No,Yes,4,1,2026-03-23T00:00:00,2027-03-19T23:59:59,25172003879;25172018474;29230160129;29231613980,"C=CA, O=Entrust Limited, CN=Entrust OV TLS Issuing RSA CA 2"
git-test.dot.gov,No,Yes,4,1,2026-03-23T00:00:00,2027-03-19T23:59:59,25172003879;25172018474;29230160129;29231613980,"C=CA, O=Entrust Limited, CN=Entrust OV TLS Issuing RSA CA 2"
git-test1.dot.gov,No,Yes,4,1,2026-03-23T00:00:00,2027-03-19T23:59:59,25172003879;25172018474;29230160129;29231613980,"C=CA, O=Entrust Limited, CN=Entrust OV TLS Issuing RSA CA 2"
git-test2.dot.gov,No,Yes,4,1,2026-03-23T00:00:00,2027-03-19T23:59:59,25172003879;25172018474;29230160129;29231613980,"C=CA, O=Entrust Limited, CN=Entrust OV TLS Issuing RSA CA 2"
git.dot.gov,No,Yes,6,1,2026-03-23T00:00:00,2027-03-19T23:59:59,28154639320;28154636396;29230160129;29231613980;25172018474;25172003879,"C=CA, O=Entrust Limited, CN=Entrust OV TLS Issuing RSA CA 2"
gitactions-dev1.dot.gov,No,Yes,4,1,2026-03-23T00:00:00,2027-03-19T23:59:59,25172003879;25172018474;29230160129;29231613980,"C=CA, O=Entrust Limited, CN=Entrust OV TLS Issuing RSA CA 2"
gitactions-dev2.dot.gov,No,Yes,4,1,2026-03-23T00:00:00,2027-03-19T23:59:59,25172003879;25172018474;29230160129;29231613980,"C=CA, O=Entrust Limited, CN=Entrust OV TLS Issuing RSA CA 2"
gitactions-dev3.dot.gov,No,Yes,4,1,2026-03-23T00:00:00,2027-03-19T23:59:59,25172003879;25172018474;29230160129;29231613980,"C=CA, O=Entrust Limited, CN=Entrust OV TLS Issuing RSA CA 2"
gitlab.dev.sdc.dot.gov,No,Yes,2,1,2026-05-13T00:00:00,2026-11-27T23:59:59,26315591786;26315980865,"C=CA, O=Entrust Limited, CN=Entrust OV TLS Issuing RSA CA 2"
gitlab.prod.sdc.dot.gov,No,Yes,2,1,2026-05-13T00:00:00,2026-11-27T23:59:59,26315734070;26316477028,"C=CA, O=Entrust Limited, CN=Entrust OV TLS Issuing RSA CA 2"
gradecrossingtoolkit.fra.dot.gov,No,Yes,6,1,2026-03-25T00:00:00,2026-11-01T23:59:59,25219050025;25217245801;25219023989;25947496223;25217258862;25580488029,"C=CA, O=Entrust Limited, CN=Entrust OV TLS Issuing RSA CA 2"
gradedec.fra.dot.gov,No,Yes,6,1,2026-03-25T00:00:00,2026-11-01T23:59:59,25219050025;25217245801;25219023989;25947496223;25217258862;25580488029,"C=CA, O=Entrust Limited, CN=Entrust OV TLS Issuing RSA CA 2"
grants.dot.gov,Yes,Yes,2,1,2026-07-30T00:00:00,2027-02-27T23:59:59,28391648523;28775090179,"C=US, O=DigiCert Inc, CN=DigiCert Global G2 TLS RSA SHA256 2020 CA1"
grants.ost.dot.gov,No,Yes,5,1,2025-11-17T00:00:00,2027-04-17T23:59:59,22547055023;22547041073;29591436907;25626518991;25428476357,"C=CA, O=Entrust Limited, CN=Entrust OV TLS Issuing RSA CA 2"
guacamole.dev.sdc.dot.gov,No,Yes,2,1,2026-05-13T00:00:00,2026-11-27T23:59:59,26315591786;26315980865,"C=CA, O=Entrust Limited, CN=Entrust OV TLS Issuing RSA CA 2"
guacamole.prod.sdc.dot.gov,No,Yes,2,1,2026-05-13T00:00:00,2026-11-27T23:59:59,26315734070;26316477028,"C=CA, O=Entrust Limited, CN=Entrust OV TLS Issuing RSA CA 2"
guacamole.sdc-dev.dot.gov,No,Yes,2,1,2026-05-13T00:00:00,2026-11-27T23:59:59,26315885969;26315556716,"C=CA, O=Entrust Limited, CN=Entrust OV TLS Issuing RSA CA 2"
guacamole.sdc.dot.gov,No,Yes,2,1,2026-05-13T00:00:00,2026-11-27T23:59:59,26315714185;26316374803,"C=CA, O=Entrust Limited, CN=Entrust OV TLS Issuing RSA CA 2"
guests.dot.gov,Yes,Yes,2,1,2026-07-07T00:00:00,2027-01-21T23:59:59,27761406503;27761408051,"C=CA, O=Entrust Limited, CN=Entrust OV TLS Issuing RSA CA 2"
hazmat.dot.gov,No,Yes,6,2,2025-11-04T00:00:00,2027-01-31T23:59:59,22210815537;28017986293;28012928244;27907735705;22210840798;27927806033,"C=US, O=DigiCert Inc, OU=www.digicert.com, CN=GeoTrust TLS RSA CA G1;C=CA, O=Entrust Limited, CN=Entrust OV TLS Issuing RSA CA 2"
hazmatonlinedevtest.phmsa.dot.gov,No,Yes,3,2,2026-06-16T00:00:00,2027-01-13T23:59:59,27572636754;27239967522;27239929534,"C=US, O=DigiCert Inc, OU=www.digicert.com, CN=GeoTrust TLS RSA CA G1;C=CA, O=Entrust Limited, CN=Entrust OV TLS Issuing ECC CA 2"
hazmatsafety.dot.gov,No,Yes,6,2,2025-11-04T00:00:00,2027-01-31T23:59:59,22210815537;28017986293;28012928244;27907735705;22210840798;27927806033,"C=US, O=DigiCert Inc, OU=www.digicert.com, CN=GeoTrust TLS RSA CA G1;C=CA, O=Entrust Limited, CN=Entrust OV TLS Issuing RSA CA 2"
helpdesk.cdan.dot.gov,No,Yes,17,1,2026-06-24T00:00:00,2027-04-14T23:59:59,27762824007;29444223113;29621973976;28568702815;29522150286;28325312296;27762822089;29431591528;27452183623;29522156769;28325307162;28620901407;28301235327;28568697086;27452181143;28620902702;28301236198,"C=CA, O=Entrust Limited, CN=Entrust OV TLS Issuing RSA CA 2"
hfcc.dot.gov,Yes,Yes,2,1,2025-11-18T00:00:00,2026-11-18T23:59:59,22571973146;22571954568,"C=CA, O=Entrust Limited, CN=Entrust OV TLS Issuing RSA CA 2"
highways.dot.gov,No,Yes,6,2,2025-11-04T00:00:00,2027-01-31T23:59:59,22210815537;28017986293;28012928244;27907735705;22210840798;27927806033,"C=US, O=DigiCert Inc, OU=www.digicert.com, CN=GeoTrust TLS RSA CA G1;C=CA, O=Entrust Limited, CN=Entrust OV TLS Issuing RSA CA 2"
highways.fhwa.dot.gov,No,Yes,6,2,2025-11-04T00:00:00,2027-01-31T23:59:59,22210815537;28017986293;28012928244;27907735705;22210840798;27927806033,"C=US, O=DigiCert Inc, OU=www.digicert.com, CN=GeoTrust TLS RSA CA G1;C=CA, O=Entrust Limited, CN=Entrust OV TLS Issuing RSA CA 2"
hovpfs.ops.fhwa.dot.gov,No,Yes,6,1,2025-11-05T00:00:00,2027-03-26T23:59:59,22232421146;29311142984;22231823509;22232437178;22231802250;29311143283,"C=CA, O=Entrust Limited, CN=Entrust OV TLS Issuing RSA CA 2"
hybrid.dot.gov,Yes,Yes,8,1,2026-08-24T00:00:00,2027-03-12T23:59:59,29051786186;29052590846;29052585882;29051787005;28999072836;29025923852;29025920535;28999076064,"C=CA, O=Entrust Limited, CN=Entrust OV TLS Issuing RSA CA 2"
ia-content-stage.phmsa.dot.gov,No,Yes,2,1,2026-06-16T00:00:00,2026-12-31T23:59:59,27239967522;27239929534,"C=CA, O=Entrust Limited, CN=Entrust OV TLS Issuing ECC CA 2"
ia-content.phmsa.dot.gov,No,Yes,2,1,2026-06-16T00:00:00,2026-12-31T23:59:59,27239967522;27239929534,"C=CA, O=Entrust Limited, CN=Entrust OV TLS Issuing ECC CA 2"
ia-sync-stage.phmsa.dot.gov,No,Yes,2,1,2026-06-16T00:00:00,2026-12-31T23:59:59,27239967522;27239929534,"C=CA, O=Entrust Limited, CN=Entrust OV TLS Issuing ECC CA 2"
ia-sync.phmsa.dot.gov,No,Yes,2,1,2026-06-16T00:00:00,2026-12-31T23:59:59,27239967522;27239929534,"C=CA, O=Entrust Limited, CN=Entrust OV TLS Issuing ECC CA 2"
ia-training.phmsa.dot.gov,No,Yes,2,1,2026-06-16T00:00:00,2026-12-31T23:59:59,27239967522;27239929534,"C=CA, O=Entrust Limited, CN=Entrust OV TLS Issuing ECC CA 2"
idm.volpe.dot.gov,Yes,Yes,2,1,2026-07-17T00:00:00,2027-01-31T23:59:59,28012291651;28012290645,"C=CA, O=Entrust Limited, CN=Entrust OV TLS Issuing RSA CA 2"
image.nhtsa.dot.gov,No,Yes,4,2,2026-02-02T00:00:00,2027-03-27T23:59:59,29337517291;24142675718;24141512468;29600417965,"C=US, O=Amazon, CN=Amazon ECDSA 256 M01;C=US, O=DigiCert Inc, CN=DigiCert Global G2 TLS RSA SHA256 2020 CA1"
info.seavision.volpe.dot.gov,Yes,Yes,2,1,2026-08-12T00:00:00,2027-02-26T23:59:59,28772159197;28771691591,"C=CA, O=Entrust Limited, CN=Entrust OV TLS Issuing RSA CA 2"
infobridge.fhwa.dot.gov,Yes,Yes,2,1,2026-01-06T00:00:00,2027-01-06T23:59:59,23588401379;23588402542,"C=CA, O=Entrust Limited, CN=Entrust OV TLS Issuing RSA CA 2"
infohighway.fhwa.dot.gov,Yes,Yes,2,1,2026-05-29T00:00:00,2026-12-13T23:59:59,26738981989;26738955619,"C=CA, O=Entrust Limited, CN=Entrust OV TLS Issuing RSA CA 2"
infomaterials.fhwa.dot.gov,Yes,Yes,2,1,2026-05-29T00:00:00,2026-12-13T23:59:59,26738995449;26738973155,"C=CA, O=Entrust Limited, CN=Entrust OV TLS Issuing RSA CA 2"
infopave.fhwa.dot.gov,Yes,Yes,2,1,2026-08-13T00:00:00,2027-02-27T23:59:59,28781797281;28787142363,"C=CA, O=Entrust Limited, CN=Entrust OV TLS Issuing RSA CA 2"
infoptf.fhwa.dot.gov,Yes,Yes,2,1,2026-09-08T00:00:00,2027-03-25T23:59:59,29294889304;29294889352,"C=CA, O=Entrust Limited, CN=Entrust OV TLS Issuing RSA CA 2"
infosys.fmcsa.dot.gov,No,Yes,4,1,2026-09-09T00:00:00,2027-04-04T23:59:59,29316698148;29316698140;29459369394;29493143937,"C=CA, O=Entrust Limited, CN=Entrust OV TLS Issuing RSA CA 2"
infotechnology.fhwa.dot.gov,Yes,Yes,2,1,2026-05-29T00:00:00,2026-12-13T23:59:59,26739014535;26738993193,"C=CA, O=Entrust Limited, CN=Entrust OV TLS Issuing RSA CA 2"
inpct-dr.fhwa.dot.gov,No,Yes,2,1,2026-07-24T00:00:00,2027-02-07T23:59:59,28221296085;28221295062,"C=CA, O=Entrust Limited, CN=Entrust OV TLS Issuing RSA CA 2"
inpct.fhwa.dot.gov,Yes,Yes,2,1,2025-11-18T00:00:00,2026-11-18T23:59:59,22566789255;22566806097,"C=CA, O=Entrust Limited, CN=Entrust OV TLS Issuing RSA CA 2"
internal.explore.dot.gov,Yes,Yes,2,1,2026-05-29T00:00:00,2026-12-13T23:59:59,26732600594;26732631142,"C=CA, O=Entrust Limited, CN=Entrust OV TLS Issuing RSA CA 2"
international-dr.fhwa.dot.gov,No,Yes,4,1,2026-04-13T00:00:00,2027-04-15T23:59:59,25526871962;29636668310;29633570054;25861529108,"C=CA, O=Entrust Limited, CN=Entrust OV TLS Issuing RSA CA 2"
international.fhwa.dot.gov,No,Yes,6,1,2025-11-05T00:00:00,2027-03-26T23:59:59,22232421146;29311142984;22231823509;22232437178;22231802250;29311143283,"C=CA, O=Entrust Limited, CN=Entrust OV TLS Issuing RSA CA 2"
iseeap.dot.gov,Yes,Yes,3,1,2026-01-28T00:00:00,2027-02-28T23:59:59,24039316864;24317120518;24311212017,"C=US, O=DigiCert Inc, CN=DigiCert Global G2 TLS RSA SHA256 2020 CA1"
itd.fmcsa.dot.gov,No,Yes,4,1,2026-09-09T00:00:00,2027-04-04T23:59:59,29316698148;29316698140;29459369394;29493143937,"C=CA, O=Entrust Limited, CN=Entrust OV TLS Issuing RSA CA 2"
itip-web-dev.fhwa.dot.gov,Yes,Yes,4,1,2026-05-20T00:00:00,2027-02-20T23:59:59,26501383547;28596886444;28596883995;26501411313,"C=CA, O=Entrust Limited, CN=Entrust OV TLS Issuing RSA CA 2"
itip-web-prod.fhwa.dot.gov,Yes,Yes,6,1,2026-05-20T00:00:00,2027-02-24T23:59:59,26501474786;28596884095;28596890949;28707574836;26501395297;28707576717,"C=CA, O=Entrust Limited, CN=Entrust OV TLS Issuing RSA CA 2"
itip-web-test.fhwa.dot.gov,Yes,Yes,4,1,2026-05-20T00:00:00,2027-02-20T23:59:59,28596938364;26501420035;28596924053;26501383876,"C=CA, O=Entrust Limited, CN=Entrust OV TLS Issuing RSA CA 2"
its-dr.fhwa.dot.gov,No,Yes,4,1,2026-04-13T00:00:00,2027-04-15T23:59:59,25526871962;29636668310;29633570054;25861529108,"C=CA, O=Entrust Limited, CN=Entrust OV TLS Issuing RSA CA 2"
its.dot.gov,No,Yes,6,1,2025-11-05T00:00:00,2027-03-26T23:59:59,22232421146;29311142984;22231823509;22232437178;22231802250;29311143283,"C=CA, O=Entrust Limited, CN=Entrust OV TLS Issuing RSA CA 2"
itsjpohub.fhwa.dot.gov,Yes,Yes,2,1,2026-05-29T00:00:00,2026-12-13T23:59:59,26735444231;26735409821,"C=CA, O=Entrust Limited, CN=Entrust OV TLS Issuing RSA CA 2"
itsjpohub2-t.fhwa.dot.gov,Yes,Yes,2,1,2026-09-03T00:00:00,2027-03-20T23:59:59,29238260883;29244900543,"C=CA, O=Entrust Limited, CN=Entrust OV TLS Issuing RSA CA 2"
itsjpohub2.fhwa.dot.gov,Yes,Yes,2,1,2026-05-11T00:00:00,2026-11-25T23:59:59,26258504293;26258454048,"C=CA, O=Entrust Limited, CN=Entrust OV TLS Issuing RSA CA 2"
itskrs.its.dot.gov,No,Yes,6,2,2025-11-04T00:00:00,2027-01-31T23:59:59,22210815537;28017986293;28012928244;27907735705;22210840798;27927806033,"C=US, O=DigiCert Inc, OU=www.digicert.com, CN=GeoTrust TLS RSA CA G1;C=CA, O=Entrust Limited, CN=Entrust OV TLS Issuing RSA CA 2"
jenkins.fmcsa.dot.gov,No,Yes,4,1,2026-09-09T00:00:00,2027-04-04T23:59:59,29316698148;29316698140;29459369394;29493143937,"C=CA, O=Entrust Limited, CN=Entrust OV TLS Issuing RSA CA 2"
jira-stage.fta.dot.gov,Yes,Yes,2,1,2025-10-14T00:00:00,2026-10-14T23:59:59,21721253339;21721266228,"C=CA, O=Entrust Limited, CN=Entrust OV TLS Issuing RSA CA 2"
jira.fmcsa.dot.gov,No,Yes,4,1,2026-09-09T00:00:00,2027-04-04T23:59:59,29316698148;29316698140;29459369394;29493143937,"C=CA, O=Entrust Limited, CN=Entrust OV TLS Issuing RSA CA 2"
lb-dotcms.dot.gov,No,Yes,2,1,2025-11-04T00:00:00,2026-11-04T23:59:59,22210840798;22210815537,"C=CA, O=Entrust Limited, CN=Entrust OV TLS Issuing RSA CA 2"
lb-dotfaaportal.dot.gov,No,Yes,2,1,2025-11-04T00:00:00,2026-11-04T23:59:59,22210840798;22210815537,"C=CA, O=Entrust Limited, CN=Entrust OV TLS Issuing RSA CA 2"
lb-dotintranet.dot.gov,No,Yes,2,1,2025-11-04T00:00:00,2026-11-04T23:59:59,22210840798;22210815537,"C=CA, O=Entrust Limited, CN=Entrust OV TLS Issuing RSA CA 2"
lb-dotitsjpo.dot.gov,No,Yes,2,1,2025-11-04T00:00:00,2026-11-04T23:59:59,22210840798;22210815537,"C=CA, O=Entrust Limited, CN=Entrust OV TLS Issuing RSA CA 2"
lb-dotlms.dot.gov,No,Yes,2,1,2025-11-04T00:00:00,2026-11-04T23:59:59,22210840798;22210815537,"C=CA, O=Entrust Limited, CN=Entrust OV TLS Issuing RSA CA 2"
lb-dotmyfaa.dot.gov,No,Yes,2,1,2025-11-04T00:00:00,2026-11-04T23:59:59,22210840798;22210815537,"C=CA, O=Entrust Limited, CN=Entrust OV TLS Issuing RSA CA 2"
lb-dotnhtsa.dot.gov,No,Yes,2,1,2025-11-04T00:00:00,2026-11-04T23:59:59,22210840798;22210815537,"C=CA, O=Entrust Limited, CN=Entrust OV TLS Issuing RSA CA 2"
lb-dotportal.dot.gov,No,Yes,2,1,2025-11-04T00:00:00,2026-11-04T23:59:59,22210840798;22210815537,"C=CA, O=Entrust Limited, CN=Entrust OV TLS Issuing RSA CA 2"
lb-dotsecure.dot.gov,No,Yes,2,1,2025-11-04T00:00:00,2026-11-04T23:59:59,22210840798;22210815537,"C=CA, O=Entrust Limited, CN=Entrust OV TLS Issuing RSA CA 2"
ld.fmcsa.dot.gov,No,Yes,2,1,2025-10-24T00:00:00,2026-10-24T23:59:59,21970624171;21970608399,"C=CA, O=Entrust Limited, CN=Entrust OV TLS Issuing RSA CA 2"
learn-google.dot.gov,Yes,Yes,1,1,2026-07-24T21:07:20,2026-10-22T21:53:49,28222250387,"C=US, O=Google Trust Services, CN=WR3"
learn.dot.gov,No,Yes,6,2,2026-07-13T00:00:00,2027-01-31T23:59:59,27927734667;28017986293;28012928244;27907735705;27927745536;27927806033,"C=US, O=DigiCert Inc, OU=www.digicert.com, CN=GeoTrust TLS RSA CA G1;C=CA, O=Entrust Limited, CN=Entrust OV TLS Issuing RSA CA 2"
learngoogle.dot.gov,Yes,Yes,2,1,2026-07-23T06:47:52,2026-10-21T07:30:17,28180826554;28661608865,"C=US, O=Google Trust Services, CN=WR3"
li-public.fmcsa.dot.gov,No,Yes,4,1,2026-09-09T00:00:00,2027-04-04T23:59:59,29316698148;29316698140;29459369394;29493143937,"C=CA, O=Entrust Limited, CN=Entrust OV TLS Issuing RSA CA 2"
li.fmcsa.dot.gov,No,Yes,2,1,2026-09-18T00:00:00,2027-04-04T23:59:59,29459369394;29493143937,"C=CA, O=Entrust Limited, CN=Entrust OV TLS Issuing RSA CA 2"
logger.dot.gov,Yes,Yes,2,1,2026-05-12T00:00:00,2026-11-26T23:59:59,26288972841;26289007016,"C=CA, O=Entrust Limited, CN=Entrust OV TLS Issuing RSA CA 2"
login.fta.dot.gov,Yes,Yes,2,1,2026-08-17T00:00:00,2027-03-03T23:59:59,28833528033;28794325035,"C=CA, O=Entrust Limited, CN=Entrust OV TLS Issuing RSA CA 2"
loginservice.marad.dot.gov,No,Yes,6,1,2026-04-15T00:00:00,2027-04-08T23:59:59,29524580524;25555070860;25914094801;29585099921;29423555290;29423552974,"C=CA, O=Entrust Limited, CN=Entrust OV TLS Issuing RSA CA 2"
mail.dot.gov,No,Yes,6,1,2026-08-24T00:00:00,2027-03-12T23:59:59,29051786186;29052590846;29052585882;29051787005;28999072836;28999076064,"C=CA, O=Entrust Limited, CN=Entrust OV TLS Issuing RSA CA 2"
mail.oig.dot.gov,Yes,Yes,2,1,2026-04-02T00:00:00,2027-03-25T23:59:59,25330785918;29291149464,"C=US, O=DigiCert Inc, CN=DigiCert Global G2 TLS RSA SHA256 2020 CA1"
mailscan.dot.gov,Yes,Yes,4,1,2026-04-08T00:00:00,2027-04-09T23:59:59,25458064501;25729944011;29542904476;29542904496,"C=CA, O=Entrust Limited, CN=Entrust OV TLS Issuing RSA CA 2"
maps.dot.gov,Yes,Yes,3,1,2026-09-24T00:00:00,2027-04-17T23:59:59,29564045951;29566487714;29592463036,"C=CA, O=Entrust Limited, CN=Entrust OV TLS Issuing RSA CA 2"
maps.geoapps.dot.gov,Yes,Yes,4,1,2025-10-16T00:00:00,2027-04-10T23:59:59,21761367864;29564058310;29585872038;21761363061,"C=CA, O=Entrust Limited, CN=Entrust OV TLS Issuing RSA CA 2"
mar-lga-wlc-s01.idn.dot.gov,Yes,Yes,2,1,2026-04-07T00:00:00,2026-10-22T23:59:59,25407128191;25674383433,"C=CA, O=Entrust Limited, CN=Entrust OV TLS Issuing RSA CA 2"
marad.dot.gov,Yes,Yes,19,2,2026-04-06T00:00:00,2027-04-08T23:59:59,25631597859;25631522648;25555070860;27572636754;25630738154;29423555290;25631195708;25429745842;25631828757;25935766484;25429863355;25423253367;29585099921;25429926700;25571883281;29524580524;25914094801;25429623068;29423552974,"C=US, O=DigiCert Inc, OU=www.digicert.com, CN=GeoTrust TLS RSA CA G1;C=CA, O=Entrust Limited, CN=Entrust OV TLS Issuing RSA CA 2"
marhsawas252vg.ad.dot.gov,No,Yes,4,1,2026-04-06T00:00:00,2027-04-08T23:59:59,29524580524;25423253367;25631522648;29585099921,"C=CA, O=Entrust Limited, CN=Entrust OV TLS Issuing RSA CA 2"
marhsawas253vg.ad.dot.gov,No,Yes,4,1,2026-04-06T00:00:00,2027-04-08T23:59:59,29524580524;25631195708;25429745842;29585099921,"C=CA, O=Entrust Limited, CN=Entrust OV TLS Issuing RSA CA 2"
marhsawas254vg.ad.dot.gov,No,Yes,4,1,2026-04-06T00:00:00,2027-04-08T23:59:59,29524580524;25429863355;25631597859;29585099921,"C=CA, O=Entrust Limited, CN=Entrust OV TLS Issuing RSA CA 2"
marhsawas256vg.ad.dot.gov,No,Yes,2,1,2026-09-22T00:00:00,2027-04-08T23:59:59,29524580524;29585099921,"C=CA, O=Entrust Limited, CN=Entrust OV TLS Issuing RSA CA 2"
marhsawas257vg.ad.dot.gov,No,Yes,4,1,2026-04-06T00:00:00,2027-04-08T23:59:59,25631828757;29524580524;25429926700;29585099921,"C=CA, O=Entrust Limited, CN=Entrust OV TLS Issuing RSA CA 2"
marhsawas258vg.ad.dot.gov,No,Yes,6,1,2026-04-06T00:00:00,2027-04-08T23:59:59,29524580524;25555070860;25914094801;25429623068;29585099921;25630738154,"C=CA, O=Entrust Limited, CN=Entrust OV TLS Issuing RSA CA 2"
marhsawas259vg.ext.dot.gov,No,Yes,6,1,2026-06-15T00:00:00,2027-04-08T23:59:59,29524580524;27209370759;29585099921;27209384282;29423555290;29423552974,"C=CA, O=Entrust Limited, CN=Entrust OV TLS Issuing RSA CA 2"
marhsawas260vg.ext.dot.gov,No,Yes,6,1,2026-05-18T00:00:00,2027-04-08T23:59:59,29524580524;26441720280;29585099921;29423555290;26441772626;29423552974,"C=CA, O=Entrust Limited, CN=Entrust OV TLS Issuing RSA CA 2"
marhsawas291vg.ext.dot.gov,No,Yes,4,1,2026-09-14T00:00:00,2027-04-08T23:59:59,29524580524;29423552974;29423555290;29585099921,"C=CA, O=Entrust Limited, CN=Entrust OV TLS Issuing RSA CA 2"
marhsawas292vg.ext.dot.gov,No,Yes,4,1,2026-09-14T00:00:00,2027-04-08T23:59:59,29524580524;29423552974;29423555290;29585099921,"C=CA, O=Entrust Limited, CN=Entrust OV TLS Issuing RSA CA 2"
marhsawas293vg.ext.dot.gov,No,Yes,4,1,2026-09-14T00:00:00,2027-04-08T23:59:59,29524580524;29423552974;29423555290;29585099921,"C=CA, O=Entrust Limited, CN=Entrust OV TLS Issuing RSA CA 2"
marhsawas294vg.ext.dot.gov,No,Yes,4,1,2026-09-14T00:00:00,2027-04-08T23:59:59,29524580524;29423552974;29423555290;29585099921,"C=CA, O=Entrust Limited, CN=Entrust OV TLS Issuing RSA CA 2"
marhsawas295vg.ext.dot.gov,No,Yes,4,1,2026-09-14T00:00:00,2027-04-08T23:59:59,29524580524;29423552974;29423555290;29585099921,"C=CA, O=Entrust Limited, CN=Entrust OV TLS Issuing RSA CA 2"
marhsawas296vg.ext.dot.gov,No,Yes,4,1,2026-09-14T00:00:00,2027-04-08T23:59:59,29524580524;29423552974;29423555290;29585099921,"C=CA, O=Entrust Limited, CN=Entrust OV TLS Issuing RSA CA 2"
marhsawas297vg.ext.dot.gov,No,Yes,4,1,2026-09-14T00:00:00,2027-04-08T23:59:59,29524580524;29423552974;29423555290;29585099921,"C=CA, O=Entrust Limited, CN=Entrust OV TLS Issuing RSA CA 2"
marhsawas298vg.ext.dot.gov,No,Yes,4,1,2026-09-14T00:00:00,2027-04-08T23:59:59,29524580524;29423552974;29423555290;29585099921,"C=CA, O=Entrust Limited, CN=Entrust OV TLS Issuing RSA CA 2"
marhsawas299vg.ext.dot.gov,No,Yes,4,1,2026-09-14T00:00:00,2027-04-08T23:59:59,29524580524;29423552974;29423555290;29585099921,"C=CA, O=Entrust Limited, CN=Entrust OV TLS Issuing RSA CA 2"
maritime.dot.gov,No,Yes,6,2,2025-11-04T00:00:00,2027-01-31T23:59:59,22210815537;28017986293;28012928244;27907735705;22210840798;27927806033,"C=US, O=DigiCert Inc, OU=www.digicert.com, CN=GeoTrust TLS RSA CA G1;C=CA, O=Entrust Limited, CN=Entrust OV TLS Issuing RSA CA 2"
marweb.marad.dot.gov,No,Yes,2,1,2026-04-17T00:00:00,2026-11-01T23:59:59,25571883281;25935766484,"C=CA, O=Entrust Limited, CN=Entrust OV TLS Issuing RSA CA 2"
mcmis-2.fmcsa.dot.gov,No,Yes,4,1,2026-09-09T00:00:00,2027-04-04T23:59:59,29316698148;29316698140;29459369394;29493143937,"C=CA, O=Entrust Limited, CN=Entrust OV TLS Issuing RSA CA 2"
mda.volpe.dot.gov,Yes,Yes,2,1,2026-01-14T00:00:00,2027-01-14T23:59:59,23766126359;23766126810,"C=CA, O=Entrust Limited, CN=Entrust OV TLS Issuing RSA CA 2"
mediacenter.dot.gov,No,Yes,2,1,2026-07-07T00:00:00,2027-01-21T23:59:59,27761406503;27761408051,"C=CA, O=Entrust Limited, CN=Entrust OV TLS Issuing RSA CA 2"
mfrt.fmcsa.dot.gov,No,Yes,4,1,2026-09-09T00:00:00,2027-04-04T23:59:59,29316698148;29316698140;29459369394;29493143937,"C=CA, O=Entrust Limited, CN=Entrust OV TLS Issuing RSA CA 2"
mnt.infopave.fhwa.dot.gov,Yes,Yes,2,1,2026-08-13T00:00:00,2027-02-27T23:59:59,28781810272;28787145727,"C=CA, O=Entrust Limited, CN=Entrust OV TLS Issuing RSA CA 2"
mobile.fmcsa.dot.gov,No,Yes,4,1,2026-09-09T00:00:00,2027-04-04T23:59:59,29316698148;29316698140;29459369394;29493143937,"C=CA, O=Entrust Limited, CN=Entrust OV TLS Issuing RSA CA 2"
mos.marad.dot.gov,No,Yes,2,1,2026-04-17T00:00:00,2026-11-01T23:59:59,25571883281;25935766484,"C=CA, O=Entrust Limited, CN=Entrust OV TLS Issuing RSA CA 2"
mosreports.marad.dot.gov,No,Yes,8,1,2026-04-06T00:00:00,2027-04-08T23:59:59,25631828757;29524580524;29585099921;29423555290;29423552974;25429926700;25571883281;25935766484,"C=CA, O=Entrust Limited, CN=Entrust OV TLS Issuing RSA CA 2"
moss.cdan.dot.gov,No,Yes,17,1,2026-06-24T00:00:00,2027-04-14T23:59:59,27762824007;29444223113;29621973976;28568702815;29522150286;28325312296;27762822089;29431591528;27452183623;29522156769;28325307162;28620901407;28301235327;28568697086;27452181143;28620902702;28301236198,"C=CA, O=Entrust Limited, CN=Entrust OV TLS Issuing RSA CA 2"
mosvessel.marad.dot.gov,No,Yes,8,1,2026-04-06T00:00:00,2027-04-08T23:59:59,25631828757;29524580524;29585099921;29423555290;29423552974;25429926700;25571883281;25935766484,"C=CA, O=Entrust Limited, CN=Entrust OV TLS Issuing RSA CA 2"
motus.dot.gov,No,Yes,4,1,2025-11-19T00:00:00,2027-03-26T23:59:59,29316698148;22596109967;29316698140;22596090669,"C=CA, O=Entrust Limited, CN=Entrust OV TLS Issuing RSA CA 2"
msa.volpe.dot.gov,Yes,Yes,2,1,2026-01-15T00:00:00,2027-01-15T23:59:59,23786521852;23786522971,"C=CA, O=Entrust Limited, CN=Entrust OV TLS Issuing RSA CA 2"
mscs.marad.dot.gov,No,Yes,8,1,2026-04-06T00:00:00,2027-04-08T23:59:59,29524580524;25423253367;29585099921;29423555290;29423552974;25631522648;25571883281;25935766484,"C=CA, O=Entrust Limited, CN=Entrust OV TLS Issuing RSA CA 2"
mssis.volpe.dot.gov,Yes,Yes,2,1,2026-01-15T00:00:00,2027-01-15T23:59:59,23786534145;23786521774,"C=CA, O=Entrust Limited, CN=Entrust OV TLS Issuing RSA CA 2"
mtss.cdan.dot.gov,No,Yes,12,1,2026-06-24T00:00:00,2027-02-21T23:59:59,27762824007;28568702815;28325312296;27762822089;27452183623;28325307162;28620901407;28301235327;28568697086;27452181143;28620902702;28301236198,"C=CA, O=Entrust Limited, CN=Entrust OV TLS Issuing RSA CA 2"
mutcd-dr.fhwa.dot.gov,No,Yes,4,1,2026-04-13T00:00:00,2027-04-15T23:59:59,25526871962;29636668310;29633570054;25861529108,"C=CA, O=Entrust Limited, CN=Entrust OV TLS Issuing RSA CA 2"
mutcd.fhwa.dot.gov,No,Yes,6,1,2025-11-05T00:00:00,2027-03-26T23:59:59,22232421146;29311142984;22231823509;22232437178;22231802250;29311143283,"C=CA, O=Entrust Limited, CN=Entrust OV TLS Issuing RSA CA 2"
my-faa.dot.gov,No,Yes,2,1,2025-11-04T00:00:00,2026-11-04T23:59:59,22210840798;22210815537,"C=CA, O=Entrust Limited, CN=Entrust OV TLS Issuing RSA CA 2"
nad.dot.gov,Yes,Yes,2,1,2026-09-14T00:00:00,2027-03-31T23:59:59,29424379184;29424375972,"C=CA, O=Entrust Limited, CN=Entrust OV TLS Issuing RSA CA 2"
nationalregistry.fmcsa.dot.gov,No,Yes,4,1,2026-09-09T00:00:00,2027-04-04T23:59:59,29316698148;29316698140;29459369394;29493143937,"C=CA, O=Entrust Limited, CN=Entrust OV TLS Issuing RSA CA 2"
nbtis-api-prod.fhwa.dot.gov,No,Yes,2,1,2026-01-21T00:00:00,2027-01-21T23:59:59,23901164483;23901165246,"C=CA, O=Entrust Limited, CN=Entrust OV TLS Issuing RSA CA 2"
nbtis-api-stage.fhwa.dot.gov,No,Yes,2,1,2025-12-11T00:00:00,2026-12-11T23:59:59,23056842306;23056870904,"C=CA, O=Entrust Limited, CN=Entrust OV TLS Issuing RSA CA 2"
nbtis-prod.fhwa.dot.gov,Yes,Yes,2,1,2026-01-21T00:00:00,2027-01-21T23:59:59,23901164483;23901165246,"C=CA, O=Entrust Limited, CN=Entrust OV TLS Issuing RSA CA 2"
nbtis-stage.fhwa.dot.gov,Yes,Yes,2,1,2025-12-11T00:00:00,2026-12-11T23:59:59,23056842306;23056870904,"C=CA, O=Entrust Limited, CN=Entrust OV TLS Issuing RSA CA 2"
ncap-api-stage.nhtsa.dot.gov,No,Yes,10,1,2026-03-28T00:00:00,2026-12-11T23:59:59,25314671739;26689002152;26689086506;25648196656;25312364846;25262154228;27122606789;26683246025;26683167955;26292556096,"C=US, O=DigiCert Inc, OU=www.digicert.com, CN=GeoTrust TLS RSA CA G1"
ncap-api.nhtsa.dot.gov,No,Yes,11,3,2025-12-03T00:00:00,2026-12-12T23:59:59,27990632291;27990653177;24189874406;28623087594;23076829692;23076856996;22887069158;28623128347;28935825093;28995732780;22887083676,"C=US, O=DigiCert Inc, CN=DigiCert Global G3 TLS ECC SHA384 2020 CA1;C=US, O=DigiCert Inc, CN=DigiCert Global G2 TLS RSA SHA256 2020 CA1;C=CA, O=Entrust Limited, CN=Entrust OV TLS Issuing RSA CA 2"
ncap-internal.nhtsa.dot.gov,No,Yes,2,1,2025-12-03T00:00:00,2026-12-03T23:59:59,22887069158;22887083676,"C=CA, O=Entrust Limited, CN=Entrust OV TLS Issuing RSA CA 2"
ncap-stage.nhtsa.dot.gov,No,Yes,12,2,2025-11-05T00:00:00,2026-12-11T23:59:59,25314671739;26689002152;26689086506;25648196656;22233248424;22233232125;25312364846;25262154228;27122606789;26683246025;26683167955;26292556096,"C=US, O=DigiCert Inc, OU=www.digicert.com, CN=GeoTrust TLS RSA CA G1;C=CA, O=Entrust Limited, CN=Entrust OV TLS Issuing RSA CA 2"
ncap.nhtsa.dot.gov,No,Yes,11,3,2025-12-03T00:00:00,2026-12-12T23:59:59,27990632291;27990653177;24189874406;28623087594;23076829692;23076856996;22887069158;28623128347;28935825093;28995732780;22887083676,"C=US, O=DigiCert Inc, CN=DigiCert Global G3 TLS ECC SHA384 2020 CA1;C=US, O=DigiCert Inc, CN=DigiCert Global G2 TLS RSA SHA256 2020 CA1;C=CA, O=Entrust Limited, CN=Entrust OV TLS Issuing RSA CA 2"
nccdb.fmcsa.dot.gov,No,Yes,6,1,2026-03-30T00:00:00,2027-04-04T23:59:59,29316698148;29459369394;25279845389;25279845536;29316698140;29493143937,"C=CA, O=Entrust Limited, CN=Entrust OV TLS Issuing RSA CA 2"
neil-preprod.dot.gov,Yes,Yes,2,1,2026-01-06T00:00:00,2027-01-06T23:59:59,23588645722;23588648140,"C=CA, O=Entrust Limited, CN=Entrust OV TLS Issuing RSA CA 2"
neil.dot.gov,Yes,Yes,2,1,2026-06-17T00:00:00,2027-01-01T23:59:59,27263660522;27263661420,"C=CA, O=Entrust Limited, CN=Entrust OV TLS Issuing RSA CA 2"
nhi-dr.fhwa.dot.gov,No,Yes,2,1,2026-07-24T00:00:00,2027-02-07T23:59:59,28221296085;28221295062,"C=CA, O=Entrust Limited, CN=Entrust OV TLS Issuing RSA CA 2"
nhi.fhwa.dot.gov,No,Yes,2,1,2026-08-13T00:00:00,2027-02-27T23:59:59,28786269218;28781083527,"C=CA, O=Entrust Limited, CN=Entrust OV TLS Issuing RSA CA 2"
nhthqnf5b-m.nhtsa.dot.gov,Yes,Yes,2,1,2026-08-04T00:00:00,2027-02-18T23:59:59,28527868513;28527871162,"C=CA, O=Entrust Limited, CN=Entrust OV TLS Issuing RSA CA 2"
nhtsa.dot.gov,Yes,Yes,11,3,2025-12-12T00:00:00,2026-12-12T23:59:59,27990632291;27990653177;26013484155;24189874406;28623087594;23076829692;23076856996;28623128347;25677635708;28935825093;28995732780,"C=US, O=DigiCert Inc, CN=DigiCert Global G3 TLS ECC SHA384 2020 CA1;C=US, O=DigiCert Inc, CN=DigiCert Global G2 TLS RSA SHA256 2020 CA1;C=CA, O=Entrust Limited, CN=Entrust OV TLS Issuing RSA CA 2"
nitscurrent.cdan.dot.gov,No,Yes,2,1,2026-06-24T00:00:00,2027-01-08T23:59:59,27452181143;27452183623,"C=CA, O=Entrust Limited, CN=Entrust OV TLS Issuing RSA CA 2"
nitsprev.cdan.dot.gov,No,Yes,2,1,2026-06-24T00:00:00,2027-01-08T23:59:59,27452181143;27452183623,"C=CA, O=Entrust Limited, CN=Entrust OV TLS Issuing RSA CA 2"
nlets.api.broker.cdlis.dot.gov,Yes,Yes,2,1,2026-01-16T00:00:00,2027-01-16T23:59:59,23806859586;23806859854,"C=CA, O=Entrust Limited, CN=Entrust OV TLS Issuing RSA CA 2"
nm.dot.gov,Yes,Yes,2,1,2026-09-22T00:00:00,2027-04-08T23:59:59,29545858445;29516515611,"C=CA, O=Entrust Limited, CN=Entrust OV TLS Issuing RSA CA 2"
nonprod.fasm.dot.gov,No,Yes,2,1,2026-04-16T00:00:00,2026-10-31T23:59:59,25933029517;25556480804,"C=CA, O=Entrust Limited, CN=Entrust OV TLS Issuing RSA CA 2"
npms-stage.phmsa.dot.gov,Yes,Yes,2,1,2026-03-25T00:00:00,2026-10-09T23:59:59,25215648845;25215675943,"C=CA, O=Entrust Limited, CN=Entrust OV TLS Issuing ECC CA 2"
npmsdr.phmsa.dot.gov,No,Yes,2,1,2026-06-16T00:00:00,2026-12-31T23:59:59,27239967522;27239929534,"C=CA, O=Entrust Limited, CN=Entrust OV TLS Issuing ECC CA 2"
nprn.marad.dot.gov,No,Yes,2,1,2026-04-17T00:00:00,2026-11-01T23:59:59,25571883281;25935766484,"C=CA, O=Entrust Limited, CN=Entrust OV TLS Issuing RSA CA 2"
nr-1.fmcsa.dot.gov,No,Yes,4,1,2026-09-09T00:00:00,2027-04-04T23:59:59,29316698148;29316698140;29459369394;29493143937,"C=CA, O=Entrust Limited, CN=Entrust OV TLS Issuing RSA CA 2"
nr-2.fmcsa.dot.gov,No,Yes,4,1,2026-09-09T00:00:00,2027-04-04T23:59:59,29316698148;29316698140;29459369394;29493143937,"C=CA, O=Entrust Limited, CN=Entrust OV TLS Issuing RSA CA 2"
nrd-internal-portal.nhtsa.dot.gov,No,Yes,2,1,2026-05-05T00:00:00,2026-11-19T23:59:59,26158788743;26096111874,"C=CA, O=Entrust Limited, CN=Entrust OV TLS Issuing RSA CA 2"
nrd-origin.nhtsa.dot.gov,No,Yes,5,1,2025-10-27T00:00:00,2027-04-14T23:59:59,22044072173;25930851997;25567761828;22044085657;29634663382,"C=CA, O=Entrust Limited, CN=Entrust OV TLS Issuing RSA CA 2"
nrd-origin.static.nhtsa.dot.gov,No,Yes,5,1,2025-10-27T00:00:00,2027-04-14T23:59:59,22044072173;25930851997;25567761828;22044085657;29634663382,"C=CA, O=Entrust Limited, CN=Entrust OV TLS Issuing RSA CA 2"
nrd-portal.nhtsa.dot.gov,Yes,Yes,17,2,2026-03-28T00:00:00,2027-04-14T23:59:59,25314671739;25930851997;26689002152;26689086506;25648196656;25567761828;25312364846;25262154228;28476354547;26158788743;27122606789;26683246025;29634663382;26096111874;27235388008;26683167955;26292556096,"C=US, O=DigiCert Inc, OU=www.digicert.com, CN=GeoTrust TLS RSA CA G1;C=CA, O=Entrust Limited, CN=Entrust OV TLS Issuing RSA CA 2"
nrd-stage-internal-portal.nhtsa.dot.gov,No,Yes,2,1,2026-05-05T00:00:00,2026-11-19T23:59:59,26096300596;26158836795,"C=CA, O=Entrust Limited, CN=Entrust OV TLS Issuing RSA CA 2"
nrd-stage-portal.nhtsa.dot.gov,No,Yes,16,2,2026-03-28T00:00:00,2026-12-31T23:59:59,25314671739;26096300596;25556755640;26689002152;26689086506;25648196656;25915971121;26158836795;25312364846;25262154228;28476354547;27122606789;26683246025;27235388008;26683167955;26292556096,"C=US, O=DigiCert Inc, OU=www.digicert.com, CN=GeoTrust TLS RSA CA G1;C=CA, O=Entrust Limited, CN=Entrust OV TLS Issuing RSA CA 2"
nrd-static.nhtsa.dot.gov,No,Yes,17,2,2025-10-27T00:00:00,2027-04-14T23:59:59,25314671739;22044072173;26689002152;26689086506;25648196656;25567761828;25312364846;25262154228;28476354547;27122606789;26683246025;29634663382;25930851997;22044085657;27235388008;26683167955;26292556096,"C=US, O=DigiCert Inc, OU=www.digicert.com, CN=GeoTrust TLS RSA CA G1;C=CA, O=Entrust Limited, CN=Entrust OV TLS Issuing RSA CA 2"
nrd-test-internal-portal.nhtsa.dot.gov,No,Yes,2,1,2026-05-05T00:00:00,2026-11-19T23:59:59,26096412705;26158858466,"C=CA, O=Entrust Limited, CN=Entrust OV TLS Issuing RSA CA 2"
nrd-test-portal.nhtsa.dot.gov,Yes,Yes,2,1,2026-05-05T00:00:00,2026-11-19T23:59:59,26096412705;26158858466,"C=CA, O=Entrust Limited, CN=Entrust OV TLS Issuing RSA CA 2"
nrd.api.nhtsa.dot.gov,No,Yes,17,2,2025-10-27T00:00:00,2027-04-14T23:59:59,25314671739;22044072173;26689002152;26689086506;25648196656;25567761828;25312364846;25262154228;28476354547;27122606789;26683246025;29634663382;25930851997;22044085657;27235388008;26683167955;26292556096,"C=US, O=DigiCert Inc, OU=www.digicert.com, CN=GeoTrust TLS RSA CA G1;C=CA, O=Entrust Limited, CN=Entrust OV TLS Issuing RSA CA 2"
ntscurrent.cdan.dot.gov,No,Yes,15,1,2026-07-07T00:00:00,2027-04-14T23:59:59,27762824007;29444223113;29621973976;28568702815;29522150286;28325312296;27762822089;29431591528;29522156769;28325307162;28620901407;28301235327;28568697086;28620902702;28301236198,"C=CA, O=Entrust Limited, CN=Entrust OV TLS Issuing RSA CA 2"
ntsprev.cdan.dot.gov,No,Yes,15,1,2026-07-07T00:00:00,2027-04-14T23:59:59,27762824007;29444223113;29621973976;28568702815;29522150286;28325312296;27762822089;29431591528;29522156769;28325307162;28620901407;28301235327;28568697086;28620902702;28301236198,"C=CA, O=Entrust Limited, CN=Entrust OV TLS Issuing RSA CA 2"
ocioclientcenter-dev.dot.gov,Yes,Yes,2,1,2026-08-31T19:36:34,2026-11-29T19:36:33,29204134890;29204193835,"C=US, O=Let's Encrypt, CN=YR2"
ocioclientcenter-test.dot.gov,Yes,Yes,2,1,2026-09-01T02:39:50,2026-11-30T02:39:49,29215688649;29520288374,"C=US, O=Let's Encrypt, CN=YR2"
ocioclientcenter.dot.gov,Yes,Yes,2,1,2026-09-01T02:39:24,2026-11-30T02:39:23,29215632598;29215629679,"C=US, O=Let's Encrypt, CN=YR2"
oig.dot.gov,Yes,Yes,2,1,2026-04-02T00:00:00,2027-03-25T23:59:59,25329706321;29291420059,"C=US, O=DigiCert Inc, CN=DigiCert Global G2 TLS RSA SHA256 2020 CA1"
ops-dr.fhwa.dot.gov,No,Yes,4,1,2026-04-13T00:00:00,2027-04-15T23:59:59,25526871962;29636668310;29633570054;25861529108,"C=CA, O=Entrust Limited, CN=Entrust OV TLS Issuing RSA CA 2"
ops.fhwa.dot.gov,No,Yes,6,1,2025-11-05T00:00:00,2027-03-26T23:59:59,22232421146;29311142984;22231823509;22232437178;22231802250;29311143283,"C=CA, O=Entrust Limited, CN=Entrust OV TLS Issuing RSA CA 2"
opsweb.phmsa.dot.gov,No,Yes,2,1,2026-06-16T00:00:00,2026-12-31T23:59:59,27239967522;27239929534,"C=CA, O=Entrust Limited, CN=Entrust OV TLS Issuing ECC CA 2"
origin-adstracker.cdan.dot.gov,No,Yes,5,1,2026-09-15T00:00:00,2027-04-14T23:59:59,29444223113;29621973976;29522150286;29431591528;29522156769,"C=CA, O=Entrust Limited, CN=Entrust OV TLS Issuing RSA CA 2"
origin-cdan-prod.dot.gov,No,Yes,2,1,2026-01-21T00:00:00,2027-01-21T23:59:59,23900572028;23900572781,"C=CA, O=Entrust Limited, CN=Entrust OV TLS Issuing RSA CA 2"
origin-cdan-stage.dot.gov,No,Yes,2,1,2026-01-21T00:00:00,2027-01-21T23:59:59,23900572028;23900572781,"C=CA, O=Entrust Limited, CN=Entrust OV TLS Issuing RSA CA 2"
origin-cdan-test.dot.gov,No,Yes,2,1,2026-01-21T00:00:00,2027-01-21T23:59:59,23900572028;23900572781,"C=CA, O=Entrust Limited, CN=Entrust OV TLS Issuing RSA CA 2"
origin-cidrs.cdan.dot.gov,No,Yes,5,1,2026-09-15T00:00:00,2027-04-14T23:59:59,29444223113;29621973976;29522150286;29431591528;29522156769,"C=CA, O=Entrust Limited, CN=Entrust OV TLS Issuing RSA CA 2"
origin-ciren.cdan.dot.gov,No,Yes,5,1,2026-09-15T00:00:00,2027-04-14T23:59:59,29444223113;29621973976;29522150286;29431591528;29522156769,"C=CA, O=Entrust Limited, CN=Entrust OV TLS Issuing RSA CA 2"
origin-ciss.cdan.dot.gov,No,Yes,5,1,2026-09-15T00:00:00,2027-04-14T23:59:59,29444223113;29621973976;29522150286;29431591528;29522156769,"C=CA, O=Entrust Limited, CN=Entrust OV TLS Issuing RSA CA 2"
origin-ciss1.cdan.dot.gov,No,Yes,5,1,2026-09-15T00:00:00,2027-04-14T23:59:59,29444223113;29621973976;29522150286;29431591528;29522156769,"C=CA, O=Entrust Limited, CN=Entrust OV TLS Issuing RSA CA 2"
origin-ciss2.cdan.dot.gov,No,Yes,5,1,2026-09-15T00:00:00,2027-04-14T23:59:59,29444223113;29621973976;29522150286;29431591528;29522156769,"C=CA, O=Entrust Limited, CN=Entrust OV TLS Issuing RSA CA 2"
origin-ciss3.cdan.dot.gov,No,Yes,5,1,2026-09-15T00:00:00,2027-04-14T23:59:59,29444223113;29621973976;29522150286;29431591528;29522156769,"C=CA, O=Entrust Limited, CN=Entrust OV TLS Issuing RSA CA 2"
origin-ciss4.cdan.dot.gov,No,Yes,5,1,2026-09-15T00:00:00,2027-04-14T23:59:59,29444223113;29621973976;29522150286;29431591528;29522156769,"C=CA, O=Entrust Limited, CN=Entrust OV TLS Issuing RSA CA 2"
origin-ciss5.cdan.dot.gov,No,Yes,5,1,2026-09-15T00:00:00,2027-04-14T23:59:59,29444223113;29621973976;29522150286;29431591528;29522156769,"C=CA, O=Entrust Limited, CN=Entrust OV TLS Issuing RSA CA 2"
origin-cr.cdan.dot.gov,No,Yes,5,1,2026-09-15T00:00:00,2027-04-14T23:59:59,29444223113;29621973976;29522150286;29431591528;29522156769,"C=CA, O=Entrust Limited, CN=Entrust OV TLS Issuing RSA CA 2"
origin-crashapi.cdan.dot.gov,No,Yes,4,1,2026-09-15T00:00:00,2027-04-08T23:59:59,29522156769;29522150286;29444223113;29431591528,"C=CA, O=Entrust Limited, CN=Entrust OV TLS Issuing RSA CA 2"
origin-crashapi.nhtsa.dot.gov,No,Yes,1,1,2026-09-28T00:00:00,2027-04-14T23:59:59,29621973976,"C=CA, O=Entrust Limited, CN=Entrust OV TLS Issuing RSA CA 2"
origin-crashstats.nhtsa.dot.gov,No,Yes,5,1,2026-09-15T00:00:00,2027-04-14T23:59:59,29444223113;29621973976;29522150286;29431591528;29522156769,"C=CA, O=Entrust Limited, CN=Entrust OV TLS Issuing RSA CA 2"
origin-crashviewer.nhtsa.dot.gov,Yes,Yes,2,1,2026-07-28T00:00:00,2027-02-11T23:59:59,28325993928;28325991479,"C=CA, O=Entrust Limited, CN=Entrust OV TLS Issuing RSA CA 2"
origin-crsscurrent.cdan.dot.gov,No,Yes,5,1,2026-09-15T00:00:00,2027-04-14T23:59:59,29444223113;29621973976;29522150286;29431591528;29522156769,"C=CA, O=Entrust Limited, CN=Entrust OV TLS Issuing RSA CA 2"
origin-crssintranet.cdan.dot.gov,No,Yes,5,1,2026-09-15T00:00:00,2027-04-14T23:59:59,29444223113;29621973976;29522150286;29431591528;29522156769,"C=CA, O=Entrust Limited, CN=Entrust OV TLS Issuing RSA CA 2"
origin-crssprev.cdan.dot.gov,No,Yes,5,1,2026-09-15T00:00:00,2027-04-14T23:59:59,29444223113;29621973976;29522150286;29431591528;29522156769,"C=CA, O=Entrust Limited, CN=Entrust OV TLS Issuing RSA CA 2"
origin-dicom.cdan.dot.gov,No,Yes,5,1,2026-09-15T00:00:00,2027-04-14T23:59:59,29444223113;29621973976;29522150286;29431591528;29522156769,"C=CA, O=Entrust Limited, CN=Entrust OV TLS Issuing RSA CA 2"
origin-editchecks.cdan.dot.gov,No,Yes,5,1,2026-09-15T00:00:00,2027-04-14T23:59:59,29444223113;29621973976;29522150286;29431591528;29522156769,"C=CA, O=Entrust Limited, CN=Entrust OV TLS Issuing RSA CA 2"
origin-edtadmin.cdan.dot.gov,No,Yes,5,1,2026-09-15T00:00:00,2027-04-14T23:59:59,29444223113;29621973976;29522150286;29431591528;29522156769,"C=CA, O=Entrust Limited, CN=Entrust OV TLS Issuing RSA CA 2"
origin-edtservice.cdan.dot.gov,No,Yes,5,1,2026-09-15T00:00:00,2027-04-14T23:59:59,29444223113;29621973976;29522150286;29431591528;29522156769,"C=CA, O=Entrust Limited, CN=Entrust OV TLS Issuing RSA CA 2"
origin-edtuploadapi.cdan.dot.gov,No,Yes,5,1,2026-09-15T00:00:00,2027-04-14T23:59:59,29444223113;29621973976;29522150286;29431591528;29522156769,"C=CA, O=Entrust Limited, CN=Entrust OV TLS Issuing RSA CA 2"
origin-farsarchive1.cdan.dot.gov,No,Yes,5,1,2026-09-15T00:00:00,2027-04-14T23:59:59,29444223113;29621973976;29522150286;29431591528;29522156769,"C=CA, O=Entrust Limited, CN=Entrust OV TLS Issuing RSA CA 2"
origin-farsarchive2.cdan.dot.gov,No,Yes,5,1,2026-09-15T00:00:00,2027-04-14T23:59:59,29444223113;29621973976;29522150286;29431591528;29522156769,"C=CA, O=Entrust Limited, CN=Entrust OV TLS Issuing RSA CA 2"
origin-farsarchive3.cdan.dot.gov,No,Yes,5,1,2026-09-15T00:00:00,2027-04-14T23:59:59,29444223113;29621973976;29522150286;29431591528;29522156769,"C=CA, O=Entrust Limited, CN=Entrust OV TLS Issuing RSA CA 2"
origin-farsclosed.cdan.dot.gov,No,Yes,5,1,2026-09-15T00:00:00,2027-04-14T23:59:59,29444223113;29621973976;29522150286;29431591528;29522156769,"C=CA, O=Entrust Limited, CN=Entrust OV TLS Issuing RSA CA 2"
origin-farscurrent.cdan.dot.gov,No,Yes,5,1,2026-09-15T00:00:00,2027-04-14T23:59:59,29444223113;29621973976;29522150286;29431591528;29522156769,"C=CA, O=Entrust Limited, CN=Entrust OV TLS Issuing RSA CA 2"
origin-farsintranet.cdan.dot.gov,No,Yes,5,1,2026-09-15T00:00:00,2027-04-14T23:59:59,29444223113;29621973976;29522150286;29431591528;29522156769,"C=CA, O=Entrust Limited, CN=Entrust OV TLS Issuing RSA CA 2"
origin-farsprev.cdan.dot.gov,No,Yes,5,1,2026-09-15T00:00:00,2027-04-14T23:59:59,29444223113;29621973976;29522150286;29431591528;29522156769,"C=CA, O=Entrust Limited, CN=Entrust OV TLS Issuing RSA CA 2"
origin-farsrec.cdan.dot.gov,No,Yes,5,1,2026-09-15T00:00:00,2027-04-14T23:59:59,29444223113;29621973976;29522150286;29431591528;29522156769,"C=CA, O=Entrust Limited, CN=Entrust OV TLS Issuing RSA CA 2"
origin-farsrecprev.cdan.dot.gov,No,Yes,5,1,2026-09-15T00:00:00,2027-04-14T23:59:59,29444223113;29621973976;29522150286;29431591528;29522156769,"C=CA, O=Entrust Limited, CN=Entrust OV TLS Issuing RSA CA 2"
origin-geolocator.cdan.dot.gov,No,Yes,5,1,2026-09-15T00:00:00,2027-04-14T23:59:59,29444223113;29621973976;29522150286;29431591528;29522156769,"C=CA, O=Entrust Limited, CN=Entrust OV TLS Issuing RSA CA 2"
origin-helpdesk.cdan.dot.gov,No,Yes,5,1,2026-09-15T00:00:00,2027-04-14T23:59:59,29444223113;29621973976;29522150286;29431591528;29522156769,"C=CA, O=Entrust Limited, CN=Entrust OV TLS Issuing RSA CA 2"
origin-moss.cdan.dot.gov,No,Yes,5,1,2026-09-15T00:00:00,2027-04-14T23:59:59,29444223113;29621973976;29522150286;29431591528;29522156769,"C=CA, O=Entrust Limited, CN=Entrust OV TLS Issuing RSA CA 2"
origin-ncap-api.nhtsa.dot.gov,No,Yes,2,1,2025-12-03T00:00:00,2026-12-03T23:59:59,22887069158;22887083676,"C=CA, O=Entrust Limited, CN=Entrust OV TLS Issuing RSA CA 2"
origin-ncap.nhtsa.dot.gov,No,Yes,2,1,2025-12-03T00:00:00,2026-12-03T23:59:59,22887069158;22887083676,"C=CA, O=Entrust Limited, CN=Entrust OV TLS Issuing RSA CA 2"
origin-nrd-portal-stage.nhtsa.dot.gov,No,Yes,4,1,2026-04-15T00:00:00,2026-11-19T23:59:59,26096300596;26158836795;25915971121;25556755640,"C=CA, O=Entrust Limited, CN=Entrust OV TLS Issuing RSA CA 2"
origin-nrd-portal.nhtsa.dot.gov,No,Yes,5,1,2026-04-16T00:00:00,2027-04-14T23:59:59,25567761828;26158788743;26096111874;29634663382;25930851997,"C=CA, O=Entrust Limited, CN=Entrust OV TLS Issuing RSA CA 2"
origin-ntscurrent.cdan.dot.gov,No,Yes,5,1,2026-09-15T00:00:00,2027-04-14T23:59:59,29444223113;29621973976;29522150286;29431591528;29522156769,"C=CA, O=Entrust Limited, CN=Entrust OV TLS Issuing RSA CA 2"
origin-ntsprev.cdan.dot.gov,No,Yes,5,1,2026-09-15T00:00:00,2027-04-14T23:59:59,29444223113;29621973976;29522150286;29431591528;29522156769,"C=CA, O=Entrust Limited, CN=Entrust OV TLS Issuing RSA CA 2"
origin-ovsc-stage.api.nhtsa.dot.gov,No,Yes,4,1,2025-11-05T00:00:00,2026-11-05T23:59:59,22233394004;22233412115;25931146969;25567920046,"C=CA, O=Entrust Limited, CN=Entrust OV TLS Issuing RSA CA 2"
origin-ovsc.api.nhtsa.dot.gov,No,Yes,6,1,2025-11-05T00:00:00,2027-04-17T23:59:59,22233413526;22233430015;29605581807;25930843209;29588452697;25567747799,"C=CA, O=Entrust Limited, CN=Entrust OV TLS Issuing RSA CA 2"
origin-parse.cdan.dot.gov,No,Yes,5,1,2026-09-15T00:00:00,2027-04-14T23:59:59,29444223113;29621973976;29522150286;29431591528;29522156769,"C=CA, O=Entrust Limited, CN=Entrust OV TLS Issuing RSA CA 2"
origin-prod-crashviewer.nhtsa.dot.gov,No,Yes,15,1,2026-07-07T00:00:00,2027-04-14T23:59:59,27762824007;29444223113;29621973976;28568702815;29522150286;28325312296;27762822089;29431591528;29522156769;28325307162;28620901407;28301235327;28568697086;28620902702;28301236198,"C=CA, O=Entrust Limited, CN=Entrust OV TLS Issuing RSA CA 2"
origin-prod-ws.nhtsa.dot.gov,No,Yes,4,1,2025-10-16T00:00:00,2027-03-19T23:59:59,21764166012;21764183177;29231671659;29231671281,"C=CA, O=Entrust Limited, CN=Entrust OV TLS Issuing RSA CA 2"
origin-qre-artemis-internal-ewr-api-test.nhtsa.dot.gov,Yes,Yes,2,1,2026-04-29T00:00:00,2026-11-13T23:59:59,26099778503;25922344554,"C=CA, O=Entrust Limited, CN=Entrust OV TLS Issuing RSA CA 2"
origin-qre-artemis-mcp-api-test.nhtsa.dot.gov,Yes,Yes,2,1,2026-04-29T00:00:00,2026-11-13T23:59:59,25922375585;26099781832,"C=CA, O=Entrust Limited, CN=Entrust OV TLS Issuing RSA CA 2"
origin-qre-artemis-user-api-test.nhtsa.dot.gov,Yes,Yes,2,1,2026-04-29T00:00:00,2026-11-13T23:59:59,26099795504;25922400030,"C=CA, O=Entrust Limited, CN=Entrust OV TLS Issuing RSA CA 2"
origin-sci.cdan.dot.gov,No,Yes,5,1,2026-09-15T00:00:00,2027-04-14T23:59:59,29444223113;29621973976;29522150286;29431591528;29522156769,"C=CA, O=Entrust Limited, CN=Entrust OV TLS Issuing RSA CA 2"
origin-sharedspace.cdan.dot.gov,No,Yes,5,1,2026-09-15T00:00:00,2027-04-14T23:59:59,29444223113;29621973976;29522150286;29431591528;29522156769,"C=CA, O=Entrust Limited, CN=Entrust OV TLS Issuing RSA CA 2"
origin-sparks-lab-api-stage.nhtsa.dot.gov,No,Yes,2,1,2026-06-29T00:00:00,2027-01-13T23:59:59,27575589449;27575592677,"C=CA, O=Entrust Limited, CN=Entrust OV TLS Issuing RSA CA 2"
origin-sparks-lab-api.nhtsa.dot.gov,No,Yes,2,1,2026-06-29T00:00:00,2027-01-13T23:59:59,27575589449;27575592677,"C=CA, O=Entrust Limited, CN=Entrust OV TLS Issuing RSA CA 2"
origin-sparks-lab-stage.nhtsa.dot.gov,No,Yes,6,1,2026-06-01T00:00:00,2027-01-13T23:59:59,27575455780;27575589449;26807508325;27575457428;27575592677;26807524112,"C=CA, O=Entrust Limited, CN=Entrust OV TLS Issuing RSA CA 2"
origin-sparks-lab.nhtsa.dot.gov,No,Yes,6,1,2026-06-01T00:00:00,2027-01-13T23:59:59,27575455780;27575589449;26807508325;27575457428;27575592677;26807524112,"C=CA, O=Entrust Limited, CN=Entrust OV TLS Issuing RSA CA 2"
origin-sparks-stage.nhtsa.dot.gov,No,Yes,4,1,2026-03-25T00:00:00,2027-03-21T23:59:59,25219886861;25219873402;29255561724;29255562309,"C=CA, O=Entrust Limited, CN=Entrust OV TLS Issuing RSA CA 2"
origin-sparks.nhtsa.dot.gov,No,Yes,6,1,2026-03-25T00:00:00,2027-03-21T23:59:59,25219886861;29255562309;25219873402;29255561724;26158873194;26096434781,"C=CA, O=Entrust Limited, CN=Entrust OV TLS Issuing RSA CA 2"
origin-sph-api-stage.nhtsa.dot.gov,No,Yes,4,1,2026-06-30T00:00:00,2027-01-20T23:59:59,27740279843;27740282454;27602359086;27602362635,"C=CA, O=Entrust Limited, CN=Entrust OV TLS Issuing RSA CA 2"
origin-sph-api.nhtsa.dot.gov,No,Yes,4,1,2026-06-30T00:00:00,2027-01-20T23:59:59,27740279843;27740282454;27602359086;27602362635,"C=CA, O=Entrust Limited, CN=Entrust OV TLS Issuing RSA CA 2"
origin-sph-stage.dot.gov,No,Yes,8,1,2026-06-30T00:00:00,2027-03-07T23:59:59,28895824180;27602362635;27602359086;28895196319;27740279843;27740282454;28895824072;28895184640,"C=CA, O=Entrust Limited, CN=Entrust OV TLS Issuing RSA CA 2"
origin-sph-stage.nhtsa.dot.gov,No,Yes,8,1,2026-06-30T00:00:00,2027-03-07T23:59:59,28895824180;27602362635;27602359086;28895196319;27740279843;27740282454;28895824072;28895184640,"C=CA, O=Entrust Limited, CN=Entrust OV TLS Issuing RSA CA 2"
origin-sph.dot.gov,No,Yes,8,1,2026-06-30T00:00:00,2027-03-07T23:59:59,28895824180;27602362635;27602359086;28895196319;27740279843;27740282454;28895824072;28895184640,"C=CA, O=Entrust Limited, CN=Entrust OV TLS Issuing RSA CA 2"
origin-sph.nhtsa.dot.gov,Yes,Yes,8,1,2026-06-30T00:00:00,2027-03-07T23:59:59,28895824180;27602362635;27602359086;28895196319;27740279843;27740282454;28895824072;28895184640,"C=CA, O=Entrust Limited, CN=Entrust OV TLS Issuing RSA CA 2"
origin-sso.cdan.dot.gov,Yes,Yes,5,1,2026-09-15T00:00:00,2027-04-14T23:59:59,29444223113;29621973976;29522150286;29431591528;29522156769,"C=CA, O=Entrust Limited, CN=Entrust OV TLS Issuing RSA CA 2"
origin-stage-edtservice.cdan.dot.gov,No,Yes,2,1,2026-09-15T00:00:00,2027-04-01T23:59:59,29443396832;29431964399,"C=CA, O=Entrust Limited, CN=Entrust OV TLS Issuing RSA CA 2"
origin-stage-edtuploadapi.cdan.dot.gov,No,Yes,2,1,2026-09-15T00:00:00,2027-04-01T23:59:59,29443396832;29431964399,"C=CA, O=Entrust Limited, CN=Entrust OV TLS Issuing RSA CA 2"
origin-stage-encyclopedia.cdan.dot.gov,No,Yes,2,1,2026-09-15T00:00:00,2027-04-01T23:59:59,29443396832;29431964399,"C=CA, O=Entrust Limited, CN=Entrust OV TLS Issuing RSA CA 2"
origin-stage-ncap-api.nhtsa.dot.gov,No,Yes,4,1,2025-11-05T00:00:00,2027-04-11T23:59:59,22233544313;29584923786;29578132816;22233526273,"C=CA, O=Entrust Limited, CN=Entrust OV TLS Issuing RSA CA 2"
origin-stage-ncap.nhtsa.dot.gov,No,Yes,4,1,2025-11-05T00:00:00,2027-04-11T23:59:59,22233544313;29584923786;29578132816;22233526273,"C=CA, O=Entrust Limited, CN=Entrust OV TLS Issuing RSA CA 2"
origin-stage-statecaseviewer.cdan.dot.gov,No,Yes,2,1,2026-09-15T00:00:00,2027-04-01T23:59:59,29443396832;29431964399,"C=CA, O=Entrust Limited, CN=Entrust OV TLS Issuing RSA CA 2"
origin-stage-ucsccaseviewer.cdan.dot.gov,No,Yes,2,1,2026-09-15T00:00:00,2027-04-01T23:59:59,29443396832;29431964399,"C=CA, O=Entrust Limited, CN=Entrust OV TLS Issuing RSA CA 2"
origin-stage-vinrcl.nhtsa.dot.gov,No,Yes,6,1,2026-03-25T00:00:00,2027-04-10T23:59:59,25215444340;29563335489;25552427171;25215464691;29563334972;25910097507,"C=CA, O=Entrust Limited, CN=Entrust OV TLS Issuing RSA CA 2"
origin-stage-ws.nhtsa.dot.gov,No,Yes,4,1,2026-05-05T00:00:00,2026-11-26T23:59:59,26158875820;26286414893;26096449510;26286340861,"C=CA, O=Entrust Limited, CN=Entrust OV TLS Issuing RSA CA 2"
origin-statecaseviewer.cdan.dot.gov,No,Yes,5,1,2026-09-15T00:00:00,2027-04-14T23:59:59,29444223113;29621973976;29522150286;29431591528;29522156769,"C=CA, O=Entrust Limited, CN=Entrust OV TLS Issuing RSA CA 2"
origin-t-adstracker.cdan.dot.gov,No,Yes,2,1,2026-09-15T00:00:00,2027-04-01T23:59:59,29443396832;29431964399,"C=CA, O=Entrust Limited, CN=Entrust OV TLS Issuing RSA CA 2"
origin-t-crsscurrent.cdan.dot.gov,No,Yes,2,1,2026-09-15T00:00:00,2027-04-01T23:59:59,29443396832;29431964399,"C=CA, O=Entrust Limited, CN=Entrust OV TLS Issuing RSA CA 2"
origin-t-crssintranet.cdan.dot.gov,No,Yes,2,1,2026-09-15T00:00:00,2027-04-01T23:59:59,29443396832;29431964399,"C=CA, O=Entrust Limited, CN=Entrust OV TLS Issuing RSA CA 2"
origin-t-crssprev.cdan.dot.gov,No,Yes,2,1,2026-09-15T00:00:00,2027-04-01T23:59:59,29443396832;29431964399,"C=CA, O=Entrust Limited, CN=Entrust OV TLS Issuing RSA CA 2"
origin-t-farsclosed.cdan.dot.gov,No,Yes,2,1,2026-09-15T00:00:00,2027-04-01T23:59:59,29443396832;29431964399,"C=CA, O=Entrust Limited, CN=Entrust OV TLS Issuing RSA CA 2"
origin-t-farscurrent.cdan.dot.gov,No,Yes,2,1,2026-09-15T00:00:00,2027-04-01T23:59:59,29443396832;29431964399,"C=CA, O=Entrust Limited, CN=Entrust OV TLS Issuing RSA CA 2"
origin-t-farsintranet.cdan.dot.gov,No,Yes,2,1,2026-09-15T00:00:00,2027-04-01T23:59:59,29443396832;29431964399,"C=CA, O=Entrust Limited, CN=Entrust OV TLS Issuing RSA CA 2"
origin-t-farsprev.cdan.dot.gov,No,Yes,2,1,2026-09-15T00:00:00,2027-04-01T23:59:59,29443396832;29431964399,"C=CA, O=Entrust Limited, CN=Entrust OV TLS Issuing RSA CA 2"
origin-t-farsrec.cdan.dot.gov,No,Yes,2,1,2026-09-15T00:00:00,2027-04-01T23:59:59,29443396832;29431964399,"C=CA, O=Entrust Limited, CN=Entrust OV TLS Issuing RSA CA 2"
origin-t-farsrecprev.cdan.dot.gov,No,Yes,2,1,2026-09-15T00:00:00,2027-04-01T23:59:59,29443396832;29431964399,"C=CA, O=Entrust Limited, CN=Entrust OV TLS Issuing RSA CA 2"
origin-t-geolocator.cdan.dot.gov,No,Yes,2,1,2026-09-15T00:00:00,2027-04-01T23:59:59,29443396832;29431964399,"C=CA, O=Entrust Limited, CN=Entrust OV TLS Issuing RSA CA 2"
origin-t-helpdesk.cdan.dot.gov,No,Yes,2,1,2026-09-15T00:00:00,2027-04-01T23:59:59,29443396832;29431964399,"C=CA, O=Entrust Limited, CN=Entrust OV TLS Issuing RSA CA 2"
origin-t-moss.cdan.dot.gov,No,Yes,2,1,2026-09-15T00:00:00,2027-04-01T23:59:59,29443396832;29431964399,"C=CA, O=Entrust Limited, CN=Entrust OV TLS Issuing RSA CA 2"
origin-t-ntscurrent.cdan.dot.gov,No,Yes,2,1,2026-09-15T00:00:00,2027-04-01T23:59:59,29443396832;29431964399,"C=CA, O=Entrust Limited, CN=Entrust OV TLS Issuing RSA CA 2"
origin-t-ntsprev.cdan.dot.gov,No,Yes,2,1,2026-09-15T00:00:00,2027-04-01T23:59:59,29443396832;29431964399,"C=CA, O=Entrust Limited, CN=Entrust OV TLS Issuing RSA CA 2"
origin-test.cdan.dot.gov,No,Yes,2,1,2026-06-24T00:00:00,2027-01-08T23:59:59,27452181143;27452183623,"C=CA, O=Entrust Limited, CN=Entrust OV TLS Issuing RSA CA 2"
origin-training-cidrs.cdan.dot.gov,No,Yes,2,1,2026-09-15T00:00:00,2027-04-01T23:59:59,29443396832;29431964399,"C=CA, O=Entrust Limited, CN=Entrust OV TLS Issuing RSA CA 2"
origin-training-ciren.cdan.dot.gov,No,Yes,2,1,2026-09-15T00:00:00,2027-04-01T23:59:59,29443396832;29431964399,"C=CA, O=Entrust Limited, CN=Entrust OV TLS Issuing RSA CA 2"
origin-training-ciss.cdan.dot.gov,No,Yes,2,1,2026-09-15T00:00:00,2027-04-01T23:59:59,29443396832;29431964399,"C=CA, O=Entrust Limited, CN=Entrust OV TLS Issuing RSA CA 2"
origin-training-ciss1.cdan.dot.gov,No,Yes,2,1,2026-09-15T00:00:00,2027-04-01T23:59:59,29443396832;29431964399,"C=CA, O=Entrust Limited, CN=Entrust OV TLS Issuing RSA CA 2"
origin-training-ciss2.cdan.dot.gov,No,Yes,2,1,2026-09-15T00:00:00,2027-04-01T23:59:59,29443396832;29431964399,"C=CA, O=Entrust Limited, CN=Entrust OV TLS Issuing RSA CA 2"
origin-training-ciss3.cdan.dot.gov,No,Yes,2,1,2026-09-15T00:00:00,2027-04-01T23:59:59,29443396832;29431964399,"C=CA, O=Entrust Limited, CN=Entrust OV TLS Issuing RSA CA 2"
origin-training-cr.cdan.dot.gov,No,Yes,2,1,2026-09-15T00:00:00,2027-04-01T23:59:59,29443396832;29431964399,"C=CA, O=Entrust Limited, CN=Entrust OV TLS Issuing RSA CA 2"
origin-training-crashviewer.cdan.dot.gov,No,Yes,2,1,2026-09-15T00:00:00,2027-04-01T23:59:59,29443396832;29431964399,"C=CA, O=Entrust Limited, CN=Entrust OV TLS Issuing RSA CA 2"
origin-training-editcheck.cdan.dot.gov,No,Yes,2,1,2026-09-15T00:00:00,2027-04-01T23:59:59,29443396832;29431964399,"C=CA, O=Entrust Limited, CN=Entrust OV TLS Issuing RSA CA 2"
origin-training-parse.cdan.dot.gov,No,Yes,2,1,2026-09-15T00:00:00,2027-04-01T23:59:59,29443396832;29431964399,"C=CA, O=Entrust Limited, CN=Entrust OV TLS Issuing RSA CA 2"
origin-training-sci.cdan.dot.gov,No,Yes,2,1,2026-09-15T00:00:00,2027-04-01T23:59:59,29443396832;29431964399,"C=CA, O=Entrust Limited, CN=Entrust OV TLS Issuing RSA CA 2"
origin-training-sharedspace.cdan.dot.gov,No,Yes,2,1,2026-09-15T00:00:00,2027-04-01T23:59:59,29443396832;29431964399,"C=CA, O=Entrust Limited, CN=Entrust OV TLS Issuing RSA CA 2"
origin-training-sso.cdan.dot.gov,Yes,Yes,2,1,2026-09-15T00:00:00,2027-04-01T23:59:59,29443396832;29431964399,"C=CA, O=Entrust Limited, CN=Entrust OV TLS Issuing RSA CA 2"
origin-training-upsa.cdan.dot.gov,No,Yes,2,1,2026-09-15T00:00:00,2027-04-01T23:59:59,29443396832;29431964399,"C=CA, O=Entrust Limited, CN=Entrust OV TLS Issuing RSA CA 2"
origin-training-vaid.cdan.dot.gov,No,Yes,2,1,2026-09-15T00:00:00,2027-04-01T23:59:59,29443396832;29431964399,"C=CA, O=Entrust Limited, CN=Entrust OV TLS Issuing RSA CA 2"
origin-triprs-stg.nhtsa.dot.gov,No,Yes,2,1,2026-07-22T00:00:00,2027-02-05T23:59:59,28159974216;28159978936,"C=CA, O=Entrust Limited, CN=Entrust OV TLS Issuing RSA CA 2"
origin-triprs.nhtsa.dot.gov,No,Yes,2,1,2026-07-22T00:00:00,2027-02-05T23:59:59,28159974216;28159978936,"C=CA, O=Entrust Limited, CN=Entrust OV TLS Issuing RSA CA 2"
origin-ucsccaseviewer.cdan.dot.gov,No,Yes,5,1,2026-09-15T00:00:00,2027-04-14T23:59:59,29444223113;29621973976;29522150286;29431591528;29522156769,"C=CA, O=Entrust Limited, CN=Entrust OV TLS Issuing RSA CA 2"
origin-upsa.cdan.dot.gov,No,Yes,5,1,2026-09-15T00:00:00,2027-04-14T23:59:59,29444223113;29621973976;29522150286;29431591528;29522156769,"C=CA, O=Entrust Limited, CN=Entrust OV TLS Issuing RSA CA 2"
origin-vaid.cdan.dot.gov,No,Yes,5,1,2026-09-15T00:00:00,2027-04-14T23:59:59,29444223113;29621973976;29522150286;29431591528;29522156769,"C=CA, O=Entrust Limited, CN=Entrust OV TLS Issuing RSA CA 2"
origin-vinrcl.nhtsa.dot.gov,No,Yes,6,1,2026-03-25T00:00:00,2027-04-10T23:59:59,29563183073;25946996343;29563184560;25215487465;25215467631;25580255620,"C=CA, O=Entrust Limited, CN=Entrust OV TLS Issuing RSA CA 2"
origin-vista-api-dev.nhtsa.dot.gov,No,Yes,2,1,2026-02-20T00:00:00,2027-02-20T23:59:59,24536638162;24536619024,"C=CA, O=Entrust Limited, CN=Entrust OV TLS Issuing RSA CA 2"
origin-vista-api-stage.nhtsa.dot.gov,No,Yes,4,1,2025-11-25T00:00:00,2027-02-20T23:59:59,22724698621;24536677631;22724716527;24536675724,"C=CA, O=Entrust Limited, CN=Entrust OV TLS Issuing RSA CA 2"
origin-vista-api-test.nhtsa.dot.gov,No,Yes,2,1,2026-02-20T00:00:00,2027-02-20T23:59:59,24536638043;24536637640,"C=CA, O=Entrust Limited, CN=Entrust OV TLS Issuing RSA CA 2"
origin-vista-api.nhtsa.dot.gov,No,Yes,2,1,2026-02-20T00:00:00,2027-02-20T23:59:59,24536695512;24536694578,"C=CA, O=Entrust Limited, CN=Entrust OV TLS Issuing RSA CA 2"
origin-vpic-prod.nhtsa.dot.gov,No,Yes,2,1,2026-04-22T00:00:00,2026-11-06T23:59:59,25677635708;26013484155,"C=CA, O=Entrust Limited, CN=Entrust OV TLS Issuing RSA CA 2"
origin-vpic-stage.NHTSA.dot.gov,No,Yes,2,1,2026-04-22T00:00:00,2026-11-06T23:59:59,25677635708;26013484155,"C=CA, O=Entrust Limited, CN=Entrust OV TLS Issuing RSA CA 2"
origin-vpic.NHTSA.dot.gov,No,Yes,2,1,2026-04-22T00:00:00,2026-11-06T23:59:59,25677635708;26013484155,"C=CA, O=Entrust Limited, CN=Entrust OV TLS Issuing RSA CA 2"
origin-websat-stage.nhtsa.dot.gov,No,Yes,6,1,2025-11-13T00:00:00,2026-12-11T23:59:59,25556755640;23056179535;25915971121;22441768280;23056194114;22441779423,"C=CA, O=Entrust Limited, CN=Entrust OV TLS Issuing RSA CA 2"
origin-websat.nhtsa.dot.gov,No,Yes,3,1,2026-04-16T00:00:00,2027-04-14T23:59:59,25567761828;29634663382;25930851997,"C=CA, O=Entrust Limited, CN=Entrust OV TLS Issuing RSA CA 2"
origin-www-fars.nhtsa.dot.gov,No,Yes,5,1,2026-09-15T00:00:00,2027-04-14T23:59:59,29444223113;29621973976;29522150286;29431591528;29522156769,"C=CA, O=Entrust Limited, CN=Entrust OV TLS Issuing RSA CA 2"
origin-www-nrd.nhtsa.dot.gov,Yes,Yes,4,1,2025-11-03T00:00:00,2026-11-03T23:59:59,22180864746;22180891879;22180852654;22180879749,"C=CA, O=Entrust Limited, CN=Entrust OV TLS Issuing RSA CA 2"
origin-www-odi.nhtsa.dot.gov,Yes,Yes,2,1,2025-11-03T00:00:00,2026-11-03T23:59:59,22180933650;22180918938,"C=CA, O=Entrust Limited, CN=Entrust OV TLS Issuing RSA CA 2"
origin.cdan.dot.gov,No,Yes,4,1,2026-01-21T00:00:00,2027-01-21T23:59:59,23900572781;27452181143;23900572028;27452183623,"C=CA, O=Entrust Limited, CN=Entrust OV TLS Issuing RSA CA 2"
osdbu.dot.gov,No,Yes,4,1,2026-07-13T00:00:00,2027-01-31T23:59:59,28017986293;27927806033;27907735705;28012928244,"C=US, O=DigiCert Inc, OU=www.digicert.com, CN=GeoTrust TLS RSA CA G1"
oss.voicemail.dot.gov,No,Yes,2,1,2026-09-02T00:00:00,2027-03-19T23:59:59,29231577740;29231578197,"C=CA, O=Entrust Limited, CN=Entrust OV TLS Issuing RSA CA 2"
ostazewas001vg.ad.dot.gov,No,Yes,2,1,2026-05-26T00:00:00,2026-12-10T23:59:59,26659480639;26659455509,"C=CA, O=Entrust Limited, CN=Entrust OV TLS Issuing RSA CA 2"
ostazewass001vg.ad.dot.gov,Yes,Yes,2,1,2026-03-26T00:00:00,2026-10-10T23:59:59,25235525080;25235520422,"C=CA, O=Entrust Limited, CN=Entrust OV TLS Issuing RSA CA 2"
ostrazedwws001.ext.dot.gov,No,Yes,2,1,2026-09-01T00:00:00,2027-03-18T23:59:59,29211023804;29212812164,"C=CA, O=Entrust Limited, CN=Entrust OV TLS Issuing RSA CA 2"
ostrazewws004vg.ad.dot.gov,No,Yes,2,1,2026-05-29T00:00:00,2026-12-13T23:59:59,26732600594;26732631142,"C=CA, O=Entrust Limited, CN=Entrust OV TLS Issuing RSA CA 2"
ostrazewws005vg.ad.dot.gov,No,Yes,2,1,2026-05-26T00:00:00,2026-12-10T23:59:59,26661482673;26661521892,"C=CA, O=Entrust Limited, CN=Entrust OV TLS Issuing RSA CA 2"
oti.dot.gov,No,Yes,6,1,2025-11-05T00:00:00,2027-03-26T23:59:59,22232421146;29311142984;22231823509;22232437178;22231802250;29311143283,"C=CA, O=Entrust Limited, CN=Entrust OV TLS Issuing RSA CA 2"
outlook.dot.gov,No,Yes,6,1,2026-08-24T00:00:00,2027-03-12T23:59:59,29051786186;29052590846;29052585882;29051787005;28999072836;28999076064,"C=CA, O=Entrust Limited, CN=Entrust OV TLS Issuing RSA CA 2"
outlookics.dot.gov,No,Yes,6,1,2026-08-24T00:00:00,2027-03-12T23:59:59,29051786186;29052590846;29052585882;29051787005;28999072836;28999076064,"C=CA, O=Entrust Limited, CN=Entrust OV TLS Issuing RSA CA 2"
outlooksfc.dot.gov,No,Yes,6,1,2026-08-24T00:00:00,2027-03-12T23:59:59,29051786186;29052590846;29052585882;29051787005;28999072836;28999076064,"C=CA, O=Entrust Limited, CN=Entrust OV TLS Issuing RSA CA 2"
oversight.volpe.dot.gov,Yes,Yes,2,1,2026-07-20T00:00:00,2027-02-03T23:59:59,28095946079;28095942336,"C=CA, O=Entrust Limited, CN=Entrust OV TLS Issuing RSA CA 2"
ovsc-stage.api.nhtsa.dot.gov,No,Yes,16,2,2025-11-05T00:00:00,2026-12-31T23:59:59,25314671739;26689002152;25567920046;26689086506;25648196656;22233394004;25931146969;25312364846;25262154228;22233412115;28476354547;27122606789;26683246025;27235388008;26683167955;26292556096,"C=US, O=DigiCert Inc, OU=www.digicert.com, CN=GeoTrust TLS RSA CA G1;C=CA, O=Entrust Limited, CN=Entrust OV TLS Issuing RSA CA 2"
ovsc.api.nhtsa.dot.gov,No,Yes,18,2,2025-11-05T00:00:00,2027-04-17T23:59:59,25314671739;22233413526;22233430015;26689002152;26689086506;29605581807;25648196656;25930843209;25312364846;25262154228;28476354547;27122606789;29588452697;26683246025;27235388008;25567747799;26683167955;26292556096,"C=US, O=DigiCert Inc, OU=www.digicert.com, CN=GeoTrust TLS RSA CA G1;C=CA, O=Entrust Limited, CN=Entrust OV TLS Issuing RSA CA 2"
owa.dot.gov,No,Yes,6,1,2026-08-24T00:00:00,2027-03-12T23:59:59,29051786186;29052590846;29052585882;29051787005;28999072836;28999076064,"C=CA, O=Entrust Limited, CN=Entrust OV TLS Issuing RSA CA 2"
pal-test.dot.gov,Yes,Yes,2,1,2026-03-26T00:00:00,2026-10-10T23:59:59,25235584420;25235597093,"C=CA, O=Entrust Limited, CN=Entrust OV TLS Issuing RSA CA 2"
pal-uat.oig.dot.gov,Yes,Yes,2,1,2026-04-27T00:00:00,2026-11-11T23:59:59,25848320183;26069385270,"C=CA, O=Entrust Limited, CN=Entrust OV TLS Issuing RSA CA 2"
pal.dot.gov,Yes,Yes,2,1,2026-04-24T00:00:00,2026-11-08T23:59:59,25756069462;26038729491,"C=CA, O=Entrust Limited, CN=Entrust OV TLS Issuing RSA CA 2"
parkingapp.ost.dot.gov,No,Yes,6,1,2026-04-16T00:00:00,2026-11-13T23:59:59,25999318600;26096564859;25912149910;25567548296;25640824156;25930634695,"C=CA, O=Entrust Limited, CN=Entrust OV TLS Issuing RSA CA 2"
parse.cdan.dot.gov,No,Yes,17,1,2026-06-24T00:00:00,2027-04-14T23:59:59,27762824007;29444223113;29621973976;28568702815;29522150286;28325312296;27762822089;29431591528;27452183623;29522156769;28325307162;28620901407;28301235327;28568697086;27452181143;28620902702;28301236198,"C=CA, O=Entrust Limited, CN=Entrust OV TLS Issuing RSA CA 2"
pcb.its.dot.gov,No,Yes,2,1,2025-12-24T00:00:00,2026-12-24T23:59:59,23343605366;23343622404,"C=CA, O=Entrust Limited, CN=Entrust OV TLS Issuing RSA CA 2"
pcrs.marad.dot.gov,No,Yes,14,1,2026-04-06T00:00:00,2027-04-08T23:59:59,29524580524;25555070860;25914094801;27208878761;27209370759;25429623068;29585099921;25630738154;27209384282;29423555290;27208828744;29423552974;25571883281;25935766484,"C=CA, O=Entrust Limited, CN=Entrust OV TLS Issuing RSA CA 2"
pdf-filler-stage.dot.gov,No,Yes,4,1,2026-07-13T00:00:00,2027-01-31T23:59:59,28017986293;27927806033;27907735705;28012928244,"C=US, O=DigiCert Inc, OU=www.digicert.com, CN=GeoTrust TLS RSA CA G1"
pdf-filler.dot.gov,No,Yes,4,1,2026-07-13T00:00:00,2027-01-31T23:59:59,28017986293;27927806033;27907735705;28012928244,"C=US, O=DigiCert Inc, OU=www.digicert.com, CN=GeoTrust TLS RSA CA G1"
ped.cdan.dot.gov,No,Yes,12,1,2026-06-24T00:00:00,2027-02-21T23:59:59,27762824007;28568702815;28325312296;27762822089;27452183623;28325307162;28620901407;28301235327;28568697086;27452181143;28620902702;28301236198,"C=CA, O=Entrust Limited, CN=Entrust OV TLS Issuing RSA CA 2"
perceptive.marad.dot.gov,No,Yes,2,1,2026-08-20T00:00:00,2027-03-06T23:59:59,28866699091;28856055593,"C=CA, O=Entrust Limited, CN=Entrust OV TLS Issuing RSA CA 2"
pgc-dr.fhwa.dot.gov,No,Yes,4,1,2026-04-13T00:00:00,2027-04-15T23:59:59,25526871962;29636668310;29633570054;25861529108,"C=CA, O=Entrust Limited, CN=Entrust OV TLS Issuing RSA CA 2"
phmdr1was061.phmsa.dot.gov,No,Yes,2,1,2026-06-16T00:00:00,2026-12-31T23:59:59,27239967522;27239929534,"C=CA, O=Entrust Limited, CN=Entrust OV TLS Issuing ECC CA 2"
phmhqnwas005.phmsa.dot.gov,No,Yes,2,1,2026-06-16T00:00:00,2026-12-31T23:59:59,27239967522;27239929534,"C=CA, O=Entrust Limited, CN=Entrust OV TLS Issuing ECC CA 2"
phmhqnwas051.phmsa.dot.gov,No,Yes,1,1,2026-06-29T00:00:00,2027-01-13T23:59:59,27572636754,"C=US, O=DigiCert Inc, OU=www.digicert.com, CN=GeoTrust TLS RSA CA G1"
phmsa.dot.gov,No,Yes,10,1,2025-11-04T00:00:00,2027-02-02T23:59:59,23789461139;22210815537;22547055023;22547041073;22210840798;24146218500;23789458317;23786674169;24146217125;23786676110,"C=CA, O=Entrust Limited, CN=Entrust OV TLS Issuing RSA CA 2"
phmsamobile.phmsa.dot.gov,No,Yes,1,1,2026-06-29T00:00:00,2027-01-13T23:59:59,27572636754,"C=US, O=DigiCert Inc, OU=www.digicert.com, CN=GeoTrust TLS RSA CA G1"
phmsaservices.phmsa.dot.gov,No,Yes,3,2,2026-06-16T00:00:00,2027-01-13T23:59:59,27572636754;27239967522;27239929534,"C=US, O=DigiCert Inc, OU=www.digicert.com, CN=GeoTrust TLS RSA CA G1;C=CA, O=Entrust Limited, CN=Entrust OV TLS Issuing ECC CA 2"
phmsaservicesdr.phmsa.dot.gov,No,Yes,2,1,2026-06-16T00:00:00,2026-12-31T23:59:59,27239967522;27239929534,"C=CA, O=Entrust Limited, CN=Entrust OV TLS Issuing ECC CA 2"
phmsaservicesuat.phmsa.dot.gov,No,Yes,3,2,2026-06-16T00:00:00,2027-01-13T23:59:59,27572636754;27239967522;27239929534,"C=US, O=DigiCert Inc, OU=www.digicert.com, CN=GeoTrust TLS RSA CA G1;C=CA, O=Entrust Limited, CN=Entrust OV TLS Issuing ECC CA 2"
phmsatv.ad.dot.gov,No,Yes,4,2,2025-11-21T00:00:00,2026-12-31T23:59:59,22643689760;27239967522;27239929534;22643701940,"C=CA, O=Entrust Limited, CN=Entrust OV TLS Issuing ECC CA 2;C=CA, O=Entrust Limited, CN=Entrust OV TLS Issuing RSA CA 2"
pipelinesafety.dot.gov,No,Yes,6,2,2025-11-04T00:00:00,2027-01-31T23:59:59,22210815537;28017986293;28012928244;27907735705;22210840798;27927806033,"C=US, O=DigiCert Inc, OU=www.digicert.com, CN=GeoTrust TLS RSA CA G1;C=CA, O=Entrust Limited, CN=Entrust OV TLS Issuing RSA CA 2"
piv.marad.dot.gov,No,Yes,6,1,2026-04-15T00:00:00,2027-04-08T23:59:59,29524580524;25555070860;25914094801;29585099921;29423555290;29423552974,"C=CA, O=Entrust Limited, CN=Entrust OV TLS Issuing RSA CA 2"
plan4operations.dot.gov,No,Yes,6,1,2025-11-05T00:00:00,2027-03-26T23:59:59,22232421146;29311142984;22231823509;22232437178;22231802250;29311143283,"C=CA, O=Entrust Limited, CN=Entrust OV TLS Issuing RSA CA 2"
plan4operations.fhwa.dot.gov,No,Yes,6,1,2025-11-05T00:00:00,2027-03-26T23:59:59,22232421146;29311142984;22231823509;22232437178;22231802250;29311143283,"C=CA, O=Entrust Limited, CN=Entrust OV TLS Issuing RSA CA 2"
planning.dot.gov,No,Yes,2,1,2026-07-20T00:00:00,2027-02-03T23:59:59,28095990325;28095988103,"C=CA, O=Entrust Limited, CN=Entrust OV TLS Issuing RSA CA 2"
pmt-apps-stage.fra.dot.gov,No,Yes,4,1,2026-07-16T00:00:00,2027-02-11T23:59:59,28322965346;27993400768;28322958734;27993399757,"C=CA, O=Entrust Limited, CN=Entrust OV TLS Issuing RSA CA 2"
pmt-apps.fra.dot.gov,Yes,Yes,4,1,2026-07-16T00:00:00,2027-02-11T23:59:59,28322965346;27993400768;28322958734;27993399757,"C=CA, O=Entrust Limited, CN=Entrust OV TLS Issuing RSA CA 2"
pnt.rita.dot.gov,No,Yes,4,1,2026-07-13T00:00:00,2027-01-31T23:59:59,28017986293;27927806033;27907735705;28012928244,"C=US, O=DigiCert Inc, OU=www.digicert.com, CN=GeoTrust TLS RSA CA G1"
portal-api.sdc-dev.dot.gov,No,Yes,2,1,2026-05-13T00:00:00,2026-11-27T23:59:59,26315885969;26315556716,"C=CA, O=Entrust Limited, CN=Entrust OV TLS Issuing RSA CA 2"
portal-api.sdc.dot.gov,No,Yes,2,1,2026-05-13T00:00:00,2026-11-27T23:59:59,26315714185;26316374803,"C=CA, O=Entrust Limited, CN=Entrust OV TLS Issuing RSA CA 2"
portal.dot.gov,No,Yes,6,2,2025-11-04T00:00:00,2027-01-31T23:59:59,22210815537;28017986293;28012928244;27907735705;22210840798;27927806033,"C=US, O=DigiCert Inc, OU=www.digicert.com, CN=GeoTrust TLS RSA CA G1;C=CA, O=Entrust Limited, CN=Entrust OV TLS Issuing RSA CA 2"
portal.fmcsa.dot.gov,No,Yes,4,1,2026-09-09T00:00:00,2027-04-04T23:59:59,29316698148;29316698140;29459369394;29493143937,"C=CA, O=Entrust Limited, CN=Entrust OV TLS Issuing RSA CA 2"
portal.phmsa.dot.gov,No,Yes,3,2,2026-06-16T00:00:00,2027-01-13T23:59:59,27572636754;27239967522;27239929534,"C=US, O=DigiCert Inc, OU=www.digicert.com, CN=GeoTrust TLS RSA CA G1;C=CA, O=Entrust Limited, CN=Entrust OV TLS Issuing ECC CA 2"
portal.sdc-dev.dot.gov,No,Yes,2,1,2026-05-13T00:00:00,2026-11-27T23:59:59,26315885969;26315556716,"C=CA, O=Entrust Limited, CN=Entrust OV TLS Issuing RSA CA 2"
portal.sdc.dot.gov,No,Yes,2,1,2026-05-13T00:00:00,2026-11-27T23:59:59,26315714185;26316374803,"C=CA, O=Entrust Limited, CN=Entrust OV TLS Issuing RSA CA 2"
portalaws.phmsa.dot.gov,No,Yes,1,1,2026-06-29T00:00:00,2027-01-13T23:59:59,27572636754,"C=US, O=DigiCert Inc, OU=www.digicert.com, CN=GeoTrust TLS RSA CA G1"
portaldev.phmsa.dot.gov,No,Yes,3,2,2026-06-16T00:00:00,2027-01-13T23:59:59,27572636754;27239967522;27239929534,"C=US, O=DigiCert Inc, OU=www.digicert.com, CN=GeoTrust TLS RSA CA G1;C=CA, O=Entrust Limited, CN=Entrust OV TLS Issuing ECC CA 2"
portaldr.phmsa.dot.gov,No,Yes,2,1,2026-06-16T00:00:00,2026-12-31T23:59:59,27239967522;27239929534,"C=CA, O=Entrust Limited, CN=Entrust OV TLS Issuing ECC CA 2"
portalpublic.phmsa.dot.gov,No,Yes,2,1,2026-06-16T00:00:00,2026-12-31T23:59:59,27239967522;27239929534,"C=CA, O=Entrust Limited, CN=Entrust OV TLS Issuing ECC CA 2"
portaluddiservices.phmsa.dot.gov,No,Yes,1,1,2026-06-29T00:00:00,2027-01-13T23:59:59,27572636754,"C=US, O=DigiCert Inc, OU=www.digicert.com, CN=GeoTrust TLS RSA CA G1"
ppsapprod.phmsa.dot.gov,No,Yes,2,1,2026-06-16T00:00:00,2026-12-31T23:59:59,27239967522;27239929534,"C=CA, O=Entrust Limited, CN=Entrust OV TLS Issuing ECC CA 2"
prd-eld-2025.fmcsa.dot.gov,Yes,Yes,6,1,2025-10-24T00:00:00,2026-11-10T23:59:59,22369020805;21972978527;21972994252;21970624171;21970608399;22369039829,"C=CA, O=Entrust Limited, CN=Entrust OV TLS Issuing RSA CA 2"
primis-dr.phmsa.dot.gov,No,Yes,2,1,2026-06-16T00:00:00,2026-12-31T23:59:59,27239967522;27239929534,"C=CA, O=Entrust Limited, CN=Entrust OV TLS Issuing ECC CA 2"
primis-meetings-stage.phmsa.dot.gov,No,Yes,2,1,2026-06-16T00:00:00,2026-12-31T23:59:59,27239967522;27239929534,"C=CA, O=Entrust Limited, CN=Entrust OV TLS Issuing ECC CA 2"
primis-meetings.phmsa.dot.gov,No,Yes,2,1,2026-06-16T00:00:00,2026-12-31T23:59:59,27239967522;27239929534,"C=CA, O=Entrust Limited, CN=Entrust OV TLS Issuing ECC CA 2"
primis-rdmis-stage.phmsa.dot.gov,No,Yes,2,1,2026-06-16T00:00:00,2026-12-31T23:59:59,27239967522;27239929534,"C=CA, O=Entrust Limited, CN=Entrust OV TLS Issuing ECC CA 2"
primis-rdmis-uat.phmsa.dot.gov,No,Yes,2,1,2026-06-16T00:00:00,2026-12-31T23:59:59,27239967522;27239929534,"C=CA, O=Entrust Limited, CN=Entrust OV TLS Issuing ECC CA 2"
primis-rdmis.phmsa.dot.gov,No,Yes,2,1,2026-06-16T00:00:00,2026-12-31T23:59:59,27239967522;27239929534,"C=CA, O=Entrust Limited, CN=Entrust OV TLS Issuing ECC CA 2"
primis-stage.phmsa.dot.gov,No,Yes,2,1,2026-06-16T00:00:00,2026-12-31T23:59:59,27239967522;27239929534,"C=CA, O=Entrust Limited, CN=Entrust OV TLS Issuing ECC CA 2"
primis-test.phmsa.dot.gov,No,Yes,2,1,2026-06-16T00:00:00,2026-12-31T23:59:59,27239967522;27239929534,"C=CA, O=Entrust Limited, CN=Entrust OV TLS Issuing ECC CA 2"
primis-transfer.phmsa.dot.gov,No,Yes,2,1,2026-06-16T00:00:00,2026-12-31T23:59:59,27239967522;27239929534,"C=CA, O=Entrust Limited, CN=Entrust OV TLS Issuing ECC CA 2"
primis-uat.phmsa.dot.gov,No,Yes,2,1,2026-06-16T00:00:00,2026-12-31T23:59:59,27239967522;27239929534,"C=CA, O=Entrust Limited, CN=Entrust OV TLS Issuing ECC CA 2"
primis.phmsa.dot.gov,No,Yes,2,1,2026-06-16T00:00:00,2026-12-31T23:59:59,27239967522;27239929534,"C=CA, O=Entrust Limited, CN=Entrust OV TLS Issuing ECC CA 2"
prismws.fmcsa.dot.gov,No,Yes,4,1,2026-09-09T00:00:00,2027-04-04T23:59:59,29316698148;29316698140;29459369394;29493143937,"C=CA, O=Entrust Limited, CN=Entrust OV TLS Issuing RSA CA 2"
prod-external-2026.dot.gov,Yes,Yes,2,1,2026-09-18T00:00:00,2027-04-04T23:59:59,29459369394;29493143937,"C=CA, O=Entrust Limited, CN=Entrust OV TLS Issuing RSA CA 2"
prod-external2-2026.fmcsa.dot.gov,Yes,Yes,2,1,2026-09-09T00:00:00,2027-03-26T23:59:59,29316698148;29316698140,"C=CA, O=Entrust Limited, CN=Entrust OV TLS Issuing RSA CA 2"
prod.sdc.dot.gov,Yes,Yes,2,1,2026-05-13T00:00:00,2026-11-27T23:59:59,26315734070;26316477028,"C=CA, O=Entrust Limited, CN=Entrust OV TLS Issuing RSA CA 2"
pses.dot.gov,Yes,Yes,2,1,2026-08-28T00:00:00,2027-03-14T23:59:59,29119371538;29117696957,"C=CA, O=Entrust Limited, CN=Entrust OV TLS Issuing RSA CA 2"
pvnpms-stage.phmsa.dot.gov,Yes,Yes,2,1,2026-03-25T00:00:00,2026-10-09T23:59:59,25215693989;25215678411,"C=CA, O=Entrust Limited, CN=Entrust OV TLS Issuing ECC CA 2"
pvnpms.phmsa.dot.gov,No,Yes,2,1,2026-06-16T00:00:00,2026-12-31T23:59:59,27239967522;27239929534,"C=CA, O=Entrust Limited, CN=Entrust OV TLS Issuing ECC CA 2"
qre-artemis-api-stage.nhtsa.gov,Yes,No,2,1,2026-07-21T00:00:00,2027-02-04T23:59:59,28132095500;28132096996,"C=CA, O=Entrust Limited, CN=Entrust OV TLS Issuing RSA CA 2"
qre-artemis-api.nhtsa.gov,Yes,No,2,1,2026-07-21T00:00:00,2027-02-04T23:59:59,28132115053;28132133381,"C=CA, O=Entrust Limited, CN=Entrust OV TLS Issuing RSA CA 2"
qre-artemis-dmc-api-stage.nhtsa.dot.gov,No,Yes,2,1,2026-07-21T00:00:00,2027-02-04T23:59:59,28132095500;28132096996,"C=CA, O=Entrust Limited, CN=Entrust OV TLS Issuing RSA CA 2"
qre-artemis-dmc-api.nhtsa.dot.gov,No,Yes,2,1,2026-07-21T00:00:00,2027-02-04T23:59:59,28132115053;28132133381,"C=CA, O=Entrust Limited, CN=Entrust OV TLS Issuing RSA CA 2"
qre-artemis-int-api-stage.nhtsa.dot.gov,No,Yes,2,1,2026-07-21T00:00:00,2027-02-04T23:59:59,28132095500;28132096996,"C=CA, O=Entrust Limited, CN=Entrust OV TLS Issuing RSA CA 2"
qre-artemis-int-api.nhtsa.dot.gov,No,Yes,2,1,2026-07-21T00:00:00,2027-02-04T23:59:59,28132115053;28132133381,"C=CA, O=Entrust Limited, CN=Entrust OV TLS Issuing RSA CA 2"
qre-artemis-internal-ewr-api-test.nhtsa.dot.gov,No,Yes,2,1,2026-04-29T00:00:00,2026-11-13T23:59:59,26099778503;25922344554,"C=CA, O=Entrust Limited, CN=Entrust OV TLS Issuing RSA CA 2"
qre-artemis-mcp-api-test.nhtsa.dot.gov,No,Yes,2,1,2026-04-29T00:00:00,2026-11-13T23:59:59,25922375585;26099781832,"C=CA, O=Entrust Limited, CN=Entrust OV TLS Issuing RSA CA 2"
qre-artemis-recalls-int-api-stage.nhtsa.dot.gov,No,Yes,2,1,2026-07-21T00:00:00,2027-02-04T23:59:59,28132095500;28132096996,"C=CA, O=Entrust Limited, CN=Entrust OV TLS Issuing RSA CA 2"
qre-artemis-recalls-int-api.nhtsa.dot.gov,No,Yes,2,1,2026-07-21T00:00:00,2027-02-04T23:59:59,28132115053;28132133381,"C=CA, O=Entrust Limited, CN=Entrust OV TLS Issuing RSA CA 2"
qre-artemis-user-api-test.nhtsa.dot.gov,No,Yes,2,1,2026-04-29T00:00:00,2026-11-13T23:59:59,26099795504;25922400030,"C=CA, O=Entrust Limited, CN=Entrust OV TLS Issuing RSA CA 2"
ra.dot.gov,Yes,Yes,4,1,2026-05-28T00:00:00,2026-12-12T23:59:59,26705067141;26705158664;26705046297;26705127488,"C=CA, O=Entrust Limited, CN=Entrust OV TLS Issuing RSA CA 2"
railroadersleep.fra.dot.gov,No,Yes,6,1,2026-03-25T00:00:00,2026-11-01T23:59:59,25219050025;25217245801;25219023989;25947496223;25217258862;25580488029,"C=CA, O=Entrust Limited, CN=Entrust OV TLS Issuing RSA CA 2"
railroads.dot.gov,No,Yes,6,2,2025-11-04T00:00:00,2027-01-31T23:59:59,22210815537;28017986293;28012928244;27907735705;22210840798;27927806033,"C=US, O=DigiCert Inc, OU=www.digicert.com, CN=GeoTrust TLS RSA CA G1;C=CA, O=Entrust Limited, CN=Entrust OV TLS Issuing RSA CA 2"
railroads.fra.dot.gov,No,Yes,6,2,2025-11-04T00:00:00,2027-01-31T23:59:59,22210815537;28017986293;28012928244;27907735705;22210840798;27927806033,"C=US, O=DigiCert Inc, OU=www.digicert.com, CN=GeoTrust TLS RSA CA G1;C=CA, O=Entrust Limited, CN=Entrust OV TLS Issuing RSA CA 2"
rampmod.vntsc.dot.gov,Yes,Yes,2,1,2026-08-28T00:00:00,2027-03-14T23:59:59,29113287627;29113282684,"C=CA, O=Entrust Limited, CN=Entrust OV TLS Issuing RSA CA 2"
rbisqc.cdan.dot.gov,No,Yes,15,1,2026-07-07T00:00:00,2027-04-14T23:59:59,27762824007;29444223113;29621973976;28568702815;29522150286;28325312296;27762822089;29431591528;29522156769;28325307162;28620901407;28301235327;28568697086;28620902702;28301236198,"C=CA, O=Entrust Limited, CN=Entrust OV TLS Issuing RSA CA 2"
rcapm-stage.dot.gov,Yes,Yes,4,1,2026-03-26T00:00:00,2026-11-12T23:59:59,25235525080;26085353455;25235520422;25889584445,"C=CA, O=Entrust Limited, CN=Entrust OV TLS Issuing RSA CA 2"
rcapm.fra.dot.gov,Yes,Yes,14,1,2025-12-23T00:00:00,2027-02-25T23:59:59,27836508852;23322938881;28628956033;27836508685;28714856412;28708334359;28745287046;28714855300;28745312636;28628976924;27811351030;28708333657;23322923525;27811350408,"C=CA, O=Entrust Limited, CN=Entrust OV TLS Issuing RSA CA 2"
rcapmtestweb.fra.dot.gov,Yes,Yes,2,1,2025-10-07T00:00:00,2026-10-07T23:59:59,21550751474;21550770391,"C=CA, O=Entrust Limited, CN=Entrust OV TLS Issuing RSA CA 2"
rcapmweb-stage.dot.gov,No,Yes,4,1,2026-03-26T00:00:00,2026-11-12T23:59:59,25235525080;26085353455;25235520422;25889584445,"C=CA, O=Entrust Limited, CN=Entrust OV TLS Issuing RSA CA 2"
rcapmweb.dot.gov,Yes,Yes,2,1,2026-05-26T00:00:00,2026-12-10T23:59:59,26659480639;26659455509,"C=CA, O=Entrust Limited, CN=Entrust OV TLS Issuing RSA CA 2"
rcs-apps-stage.fra.dot.gov,No,Yes,4,1,2026-07-16T00:00:00,2027-02-11T23:59:59,28322965346;27993400768;28322958734;27993399757,"C=CA, O=Entrust Limited, CN=Entrust OV TLS Issuing RSA CA 2"
rcs-apps.fra.dot.gov,No,Yes,4,1,2026-07-16T00:00:00,2027-02-11T23:59:59,28322965346;27993400768;28322958734;27993399757,"C=CA, O=Entrust Limited, CN=Entrust OV TLS Issuing RSA CA 2"
rcs-externalshare-stage.fra.dot.gov,No,Yes,2,1,2026-07-16T00:00:00,2027-01-30T23:59:59,27993435301;27993437498,"C=CA, O=Entrust Limited, CN=Entrust OV TLS Issuing RSA CA 2"
rcs-externalshare.fra.dot.gov,Yes,Yes,2,1,2026-07-16T00:00:00,2027-01-30T23:59:59,27993435301;27993437498,"C=CA, O=Entrust Limited, CN=Entrust OV TLS Issuing RSA CA 2"
relay.dot.gov,Yes,Yes,2,1,2025-12-09T00:00:00,2026-12-09T23:59:59,23008451709;23008418511,"C=CA, O=Entrust Limited, CN=Entrust OV TLS Issuing RSA CA 2"
relay3.dot.gov,Yes,Yes,2,1,2025-12-09T00:00:00,2026-12-09T23:59:59,23008466067;23008451997,"C=CA, O=Entrust Limited, CN=Entrust OV TLS Issuing RSA CA 2"
reports.cdan.dot.gov,No,Yes,2,1,2026-06-24T00:00:00,2027-01-08T23:59:59,27452181143;27452183623,"C=CA, O=Entrust Limited, CN=Entrust OV TLS Issuing RSA CA 2"
reset-test.fmcsa.dot.gov,No,Yes,4,1,2026-09-09T00:00:00,2027-04-04T23:59:59,29316698148;29316698140;29459369394;29493143937,"C=CA, O=Entrust Limited, CN=Entrust OV TLS Issuing RSA CA 2"
reset.dot.gov,Yes,Yes,2,1,2026-08-18T00:00:00,2027-03-04T23:59:59,28811056159;28846159525,"C=CA, O=Entrust Limited, CN=Entrust OV TLS Issuing RSA CA 2"
reset.fmcsa.dot.gov,No,Yes,4,1,2026-09-09T00:00:00,2027-04-04T23:59:59,29316698148;29316698140;29459369394;29493143937,"C=CA, O=Entrust Limited, CN=Entrust OV TLS Issuing RSA CA 2"
reset2.dot.gov,No,Yes,2,1,2026-08-18T00:00:00,2027-03-04T23:59:59,28811056159;28846159525,"C=CA, O=Entrust Limited, CN=Entrust OV TLS Issuing RSA CA 2"
rms.dot.gov,Yes,Yes,2,1,2026-07-31T00:00:00,2027-02-14T23:59:59,28409673495;28409671230,"C=CA, O=Entrust Limited, CN=Entrust OV TLS Issuing RSA CA 2"
rsac.fra.dot.gov,No,Yes,6,1,2026-03-25T00:00:00,2026-11-01T23:59:59,25219050025;25217245801;25219023989;25947496223;25217258862;25580488029,"C=CA, O=Entrust Limited, CN=Entrust OV TLS Issuing RSA CA 2"
safeconsole.volpe.dot.gov,Yes,Yes,2,1,2025-11-05T00:00:00,2026-11-05T23:59:59,22234854449;22234875755,"C=CA, O=Entrust Limited, CN=Entrust OV TLS Issuing RSA CA 2"
safer.fmcsa.dot.gov,No,Yes,4,1,2026-09-09T00:00:00,2027-04-04T23:59:59,29316698148;29316698140;29459369394;29493143937,"C=CA, O=Entrust Limited, CN=Entrust OV TLS Issuing RSA CA 2"
safercar.gov,Yes,No,12,1,2026-03-28T00:00:00,2026-12-31T23:59:59,25314671739;26689002152;26689086506;25648196656;25312364846;25262154228;28476354547;27122606789;26683246025;27235388008;26683167955;26292556096,"C=US, O=DigiCert Inc, OU=www.digicert.com, CN=GeoTrust TLS RSA CA G1"
safespect-api-stg.fmcsa.dot.gov,No,Yes,6,1,2026-09-08T00:00:00,2027-04-04T23:59:59,29316698148;29459369394;29295310308;29295310225;29316698140;29493143937,"C=CA, O=Entrust Limited, CN=Entrust OV TLS Issuing RSA CA 2"
safespect-api-train.fmcsa.dot.gov,No,Yes,8,1,2025-10-14T00:00:00,2027-04-04T23:59:59,29316698148;29459369394;22045031954;21718428633;21718413705;29316698140;22045045464;29493143937,"C=CA, O=Entrust Limited, CN=Entrust OV TLS Issuing RSA CA 2"
safespect-api.fmcsa.dot.gov,No,Yes,4,1,2026-09-09T00:00:00,2027-04-04T23:59:59,29316698148;29316698140;29459369394;29493143937,"C=CA, O=Entrust Limited, CN=Entrust OV TLS Issuing RSA CA 2"
safespect-stg.fmcsa.dot.gov,No,Yes,8,1,2026-09-08T00:00:00,2027-04-04T23:59:59,29295859150;29295859453;29463568336;29295310308;29489983537;29295310225;29459369394;29493143937,"C=CA, O=Entrust Limited, CN=Entrust OV TLS Issuing RSA CA 2"
safespect-train.fmcsa.dot.gov,No,Yes,10,1,2025-10-14T00:00:00,2027-04-04T23:59:59,29316698148;29459369394;22045031954;21718428633;29295310308;21718413705;29295310225;29316698140;22045045464;29493143937,"C=CA, O=Entrust Limited, CN=Entrust OV TLS Issuing RSA CA 2"
safespect.fmcsa.dot.gov,No,Yes,4,1,2026-09-09T00:00:00,2027-04-04T23:59:59,29316698148;29316698140;29459369394;29493143937,"C=CA, O=Entrust Limited, CN=Entrust OV TLS Issuing RSA CA 2"
safety-dr.fhwa.dot.gov,No,Yes,4,1,2026-04-13T00:00:00,2027-04-15T23:59:59,25526871962;29636668310;29633570054;25861529108,"C=CA, O=Entrust Limited, CN=Entrust OV TLS Issuing RSA CA 2"
safety.fhwa.dot.gov,No,Yes,6,1,2025-11-05T00:00:00,2027-03-26T23:59:59,22232421146;29311142984;22231823509;22232437178;22231802250;29311143283,"C=CA, O=Entrust Limited, CN=Entrust OV TLS Issuing RSA CA 2"
safetydata.fra.dot.gov,Yes,Yes,14,1,2025-12-23T00:00:00,2027-02-25T23:59:59,27836508852;23322938881;28628956033;27836508685;28714856412;28708334359;28747510763;28628976924;28714855300;28747509951;27811351030;28708333657;23322923525;27811350408,"C=CA, O=Entrust Limited, CN=Entrust OV TLS Issuing RSA CA 2"
salesforceprodsso2025.dot.gov,Yes,Yes,2,1,2025-11-05T00:00:00,2026-11-05T23:59:59,22232968118;22232990153,"C=CA, O=Entrust Limited, CN=Entrust OV TLS Issuing RSA CA 2"
san-30-s13.tlsprovisioning.exacttarget.com,Yes,No,2,1,2026-09-10T00:00:00,2027-03-27T23:59:59,29337517291;29600417965,"C=US, O=DigiCert Inc, CN=DigiCert Global G2 TLS RSA SHA256 2020 CA1"
sasviyaintprod.nhtsa.dot.gov,Yes,Yes,2,1,2025-10-30T00:00:00,2026-10-30T23:59:59,22105976768;22105952347,"C=CA, O=Entrust Limited, CN=Entrust OV TLS Issuing RSA CA 2"
sasviyatest.ad.dot.gov,Yes,Yes,2,1,2026-06-01T00:00:00,2026-12-16T23:59:59,26806865648;26806816727,"C=CA, O=Entrust Limited, CN=Entrust OV TLS Issuing RSA CA 2"
sci.cdan.dot.gov,No,Yes,17,1,2026-06-24T00:00:00,2027-04-14T23:59:59,27762824007;29444223113;29621973976;28568702815;29522150286;28325312296;27762822089;29431591528;27452183623;29522156769;28325307162;28620901407;28301235327;28568697086;27452181143;28620902702;28301236198,"C=CA, O=Entrust Limited, CN=Entrust OV TLS Issuing RSA CA 2"
scm.dot.gov,No,Yes,2,1,2026-07-22T00:00:00,2027-02-05T23:59:59,28154639320;28154636396,"C=CA, O=Entrust Limited, CN=Entrust OV TLS Issuing RSA CA 2"
scm.nhtsa.dot.gov,Yes,Yes,2,1,2026-07-22T00:00:00,2027-02-05T23:59:59,28154639320;28154636396,"C=CA, O=Entrust Limited, CN=Entrust OV TLS Issuing RSA CA 2"
score-prod.fmcsa.dot.gov,Yes,Yes,6,1,2026-07-16T00:00:00,2027-02-27T23:59:59,28781464333;27983930649;28786554445;28786386848;27983928995;28781201781,"C=CA, O=Entrust Limited, CN=Entrust OV TLS Issuing RSA CA 2"
score.fmcsa.dot.gov,No,Yes,2,1,2026-08-13T00:00:00,2027-02-27T23:59:59,28786554445;28781464333,"C=CA, O=Entrust Limited, CN=Entrust OV TLS Issuing RSA CA 2"
screenshare.dot.gov,Yes,Yes,2,1,2026-05-15T00:00:00,2026-11-29T23:59:59,26369513155;26358262198,"C=CA, O=Entrust Limited, CN=Entrust OV TLS Issuing RSA CA 2"
sdc-dev.dot.gov,Yes,Yes,2,1,2026-05-13T00:00:00,2026-11-27T23:59:59,26315885969;26315556716,"C=CA, O=Entrust Limited, CN=Entrust OV TLS Issuing RSA CA 2"
sdc.dot.gov,Yes,Yes,2,1,2026-05-13T00:00:00,2026-11-27T23:59:59,26315714185;26316374803,"C=CA, O=Entrust Limited, CN=Entrust OV TLS Issuing RSA CA 2"
seavision.volpe.dot.gov,Yes,Yes,2,1,2026-08-12T00:00:00,2027-02-26T23:59:59,28772191760;28771725212,"C=CA, O=Entrust Limited, CN=Entrust OV TLS Issuing RSA CA 2"
secure.dot.gov,No,Yes,6,2,2025-11-04T00:00:00,2027-01-31T23:59:59,22210815537;28017986293;28012928244;27907735705;22210840798;27927806033,"C=US, O=DigiCert Inc, OU=www.digicert.com, CN=GeoTrust TLS RSA CA G1;C=CA, O=Entrust Limited, CN=Entrust OV TLS Issuing RSA CA 2"
securefoia.dot.gov,Yes,Yes,4,2,2026-06-18T00:00:00,2027-01-02T23:59:59,28979526401;27293736569;27293745094;28180655808,"C=BE, O=GlobalSign nv-sa, CN=GlobalSign Atlas R46 DV TLS CA 2026 Q2;C=CA, O=Entrust Limited, CN=Entrust OV TLS Issuing RSA CA 2"
securefoia.oig.dot.gov,Yes,Yes,5,3,2026-04-02T00:00:00,2027-01-02T23:59:59,27935812467;25332170602;27293823743;28469899453;27293830624,"C=BE, O=GlobalSign nv-sa, CN=GlobalSign Atlas R46 DV TLS CA 2026 Q2;C=US, O=DigiCert Inc, CN=DigiCert Global G2 TLS RSA SHA256 2020 CA1;C=CA, O=Entrust Limited, CN=Entrust OV TLS Issuing RSA CA 2"
servicenow.fta.dot.gov,Yes,Yes,4,1,2026-04-03T00:00:00,2027-04-18T23:59:59,25344155660;25442454184;29645394121;29646075525,"C=CA, O=Entrust Limited, CN=Entrust OV TLS Issuing RSA CA 2"
servicenowtest.fta.dot.gov,Yes,Yes,2,1,2026-07-27T00:00:00,2027-02-10T23:59:59,28302729198;28302727551,"C=CA, O=Entrust Limited, CN=Entrust OV TLS Issuing RSA CA 2"
sftp.phmsa.dot.gov,No,Yes,2,1,2026-08-07T00:00:00,2027-02-21T23:59:59,28622517981;28622517964,"C=CA, O=Entrust Limited, CN=Entrust OV TLS Issuing ECC CA 2"
sftp.sdc-dev.dot.gov,No,Yes,2,1,2026-05-13T00:00:00,2026-11-27T23:59:59,26315885969;26315556716,"C=CA, O=Entrust Limited, CN=Entrust OV TLS Issuing RSA CA 2"
sftp.sdc.dot.gov,No,Yes,2,1,2026-05-13T00:00:00,2026-11-27T23:59:59,26315714185;26316374803,"C=CA, O=Entrust Limited, CN=Entrust OV TLS Issuing RSA CA 2"
sftp1.phmsa.dot.gov,Yes,Yes,4,1,2026-06-16T00:00:00,2027-02-21T23:59:59,28622517981;27239929534;27239967522;28622517964,"C=CA, O=Entrust Limited, CN=Entrust OV TLS Issuing ECC CA 2"
share.oig.dot.gov,Yes,Yes,2,1,2026-04-02T00:00:00,2027-03-25T23:59:59,29291308518;25321225176,"C=US, O=DigiCert Inc, CN=DigiCert Global G2 TLS RSA SHA256 2020 CA1"
sharedspace.cdan.dot.gov,No,Yes,17,1,2026-06-24T00:00:00,2027-04-14T23:59:59,27762824007;29444223113;29621973976;28568702815;29522150286;28325312296;27762822089;29431591528;27452183623;29522156769;28325307162;28620901407;28301235327;28568697086;27452181143;28620902702;28301236198,"C=CA, O=Entrust Limited, CN=Entrust OV TLS Issuing RSA CA 2"
sip.marad.dot.gov,No,Yes,8,1,2026-04-06T00:00:00,2027-04-08T23:59:59,29524580524;25429863355;29585099921;29423555290;25631597859;29423552974;25571883281;25935766484,"C=CA, O=Entrust Limited, CN=Entrust OV TLS Issuing RSA CA 2"
sip.ucaas.dot.gov,Yes,Yes,2,1,2026-01-15T00:00:00,2027-01-15T23:59:59,23784582159;23784581794,"C=CA, O=Entrust Limited, CN=Entrust OV TLS Issuing RSA CA 2"
slfts.dot.gov,Yes,Yes,2,1,2026-04-29T00:00:00,2026-11-13T23:59:59,25915937268;26097813623,"C=CA, O=Entrust Limited, CN=Entrust OV TLS Issuing RSA CA 2"
smpeas.marad.dot.gov,No,Yes,8,1,2025-12-30T00:00:00,2027-04-08T23:59:59,29524580524;23457994481;29585099921;23457982206;29423555290;29423552974;25571883281;25935766484,"C=CA, O=Entrust Limited, CN=Entrust OV TLS Issuing RSA CA 2"
sonarqube.fmcsa.dot.gov,No,Yes,4,1,2026-09-09T00:00:00,2027-04-04T23:59:59,29316698148;29316698140;29459369394;29493143937,"C=CA, O=Entrust Limited, CN=Entrust OV TLS Issuing RSA CA 2"
sparks-lab-api-stage.nhtsa.dot.gov,No,Yes,12,3,2026-06-01T00:00:00,2027-01-13T23:59:59,27990632291;27575455780;27575589449;27990653177;26807508325;28623087594;27575457428;26807524112;28623128347;27575592677;28935825093;28995732780,"C=US, O=DigiCert Inc, CN=DigiCert Global G3 TLS ECC SHA384 2020 CA1;C=US, O=DigiCert Inc, CN=DigiCert Global G2 TLS RSA SHA256 2020 CA1;C=CA, O=Entrust Limited, CN=Entrust OV TLS Issuing RSA CA 2"
sparks-lab-api.nhtsa.dot.gov,No,Yes,12,3,2026-06-01T00:00:00,2027-01-13T23:59:59,27990632291;27575455780;27575589449;27990653177;26807508325;28623087594;27575457428;26807524112;28623128347;27575592677;28935825093;28995732780,"C=US, O=DigiCert Inc, CN=DigiCert Global G3 TLS ECC SHA384 2020 CA1;C=US, O=DigiCert Inc, CN=DigiCert Global G2 TLS RSA SHA256 2020 CA1;C=CA, O=Entrust Limited, CN=Entrust OV TLS Issuing RSA CA 2"
sparks-lab-dev.nhtsa.dot.gov,Yes,Yes,2,1,2026-03-24T00:00:00,2026-10-08T23:59:59,25195322337;25195350301,"C=CA, O=Entrust Limited, CN=Entrust OV TLS Issuing RSA CA 2"
sparks-lab-stage.nhtsa.dot.gov,No,Yes,12,3,2026-06-01T00:00:00,2027-01-13T23:59:59,27990632291;27575455780;27575589449;27990653177;26807508325;28623087594;27575457428;26807524112;28623128347;27575592677;28935825093;28995732780,"C=US, O=DigiCert Inc, CN=DigiCert Global G3 TLS ECC SHA384 2020 CA1;C=US, O=DigiCert Inc, CN=DigiCert Global G2 TLS RSA SHA256 2020 CA1;C=CA, O=Entrust Limited, CN=Entrust OV TLS Issuing RSA CA 2"
sparks-lab.nhtsa.dot.gov,No,Yes,12,3,2026-06-01T00:00:00,2027-01-13T23:59:59,27990632291;27575455780;27575589449;27990653177;26807508325;28623087594;27575457428;26807524112;28623128347;27575592677;28935825093;28995732780,"C=US, O=DigiCert Inc, CN=DigiCert Global G3 TLS ECC SHA384 2020 CA1;C=US, O=DigiCert Inc, CN=DigiCert Global G2 TLS RSA SHA256 2020 CA1;C=CA, O=Entrust Limited, CN=Entrust OV TLS Issuing RSA CA 2"
sparks-stage.nhtsa.dot.gov,Yes,Yes,18,2,2026-03-25T00:00:00,2027-03-21T23:59:59,25314671739;25219886861;26689002152;29255562309;26689086506;25648196656;25219873402;29255561724;26096415343;25312364846;25262154228;26158867797;28476354547;27122606789;26683246025;27235388008;26683167955;26292556096,"C=US, O=DigiCert Inc, OU=www.digicert.com, CN=GeoTrust TLS RSA CA G1;C=CA, O=Entrust Limited, CN=Entrust OV TLS Issuing RSA CA 2"
sparks.dot.gov,Yes,Yes,2,1,2026-04-01T00:00:00,2026-10-16T23:59:59,25310783075;25312871541,"C=CA, O=Entrust Limited, CN=Entrust OV TLS Issuing RSA CA 2"
sparks.nhtsa.dot.gov,No,Yes,18,2,2026-03-25T00:00:00,2027-03-21T23:59:59,25314671739;25219886861;26689002152;29255562309;26689086506;25648196656;25219873402;29255561724;25312364846;25262154228;28476354547;27122606789;26683246025;26096434781;26158873194;27235388008;26683167955;26292556096,"C=US, O=DigiCert Inc, OU=www.digicert.com, CN=GeoTrust TLS RSA CA G1;C=CA, O=Entrust Limited, CN=Entrust OV TLS Issuing RSA CA 2"
sph-api-stage.nhtsa.dot.gov,No,Yes,4,1,2026-06-30T00:00:00,2027-01-20T23:59:59,27740279843;27740282454;27602359086;27602362635,"C=CA, O=Entrust Limited, CN=Entrust OV TLS Issuing RSA CA 2"
sph-api.nhtsa.dot.gov,No,Yes,4,1,2026-06-30T00:00:00,2027-01-20T23:59:59,27740279843;27740282454;27602359086;27602362635,"C=CA, O=Entrust Limited, CN=Entrust OV TLS Issuing RSA CA 2"
sph-stage.dot.gov,No,Yes,8,1,2026-06-30T00:00:00,2027-03-07T23:59:59,28895824180;27602362635;27602359086;28895196319;27740279843;27740282454;28895824072;28895184640,"C=CA, O=Entrust Limited, CN=Entrust OV TLS Issuing RSA CA 2"
sph-stage.nhtsa.dot.gov,No,Yes,8,1,2026-06-30T00:00:00,2027-03-07T23:59:59,28895824180;27602362635;27602359086;28895196319;27740279843;27740282454;28895824072;28895184640,"C=CA, O=Entrust Limited, CN=Entrust OV TLS Issuing RSA CA 2"
sph.dot.gov,No,Yes,8,1,2026-06-30T00:00:00,2027-03-07T23:59:59,28895824180;27602362635;27602359086;28895196319;27740279843;27740282454;28895824072;28895184640,"C=CA, O=Entrust Limited, CN=Entrust OV TLS Issuing RSA CA 2"
sph.nhtsa.dot.gov,No,Yes,8,1,2026-06-30T00:00:00,2027-03-07T23:59:59,28895824180;27602362635;27602359086;28895196319;27740279843;27740282454;28895824072;28895184640,"C=CA, O=Entrust Limited, CN=Entrust OV TLS Issuing RSA CA 2"
sphome.volpe.dot.gov,Yes,Yes,2,1,2026-08-13T00:00:00,2027-02-27T23:59:59,28781042152;28786188887,"C=CA, O=Entrust Limited, CN=Entrust OV TLS Issuing RSA CA 2"
sponsorportal.tsc.dot.gov,No,Yes,5,1,2025-10-09T00:00:00,2027-04-18T23:59:59,21605720180;29611052276;21605739162;21763903875;21763918050,"C=CA, O=Entrust Limited, CN=Entrust OV TLS Issuing RSA CA 2"
spsec.volpe.dot.gov,Yes,Yes,2,1,2025-12-22T00:00:00,2026-12-22T23:59:59,23297487132;23297469112,"C=CA, O=Entrust Limited, CN=Entrust OV TLS Issuing RSA CA 2"
sso.cdan.dot.gov,No,Yes,17,1,2026-06-24T00:00:00,2027-04-14T23:59:59,27762824007;29444223113;29621973976;28568702815;29522150286;28325312296;27762822089;29431591528;27452183623;29522156769;28325307162;28620901407;28301235327;28568697086;27452181143;28620902702;28301236198,"C=CA, O=Entrust Limited, CN=Entrust OV TLS Issuing RSA CA 2"
stag.seavision.volpe.dot.gov,Yes,Yes,2,1,2026-08-12T00:00:00,2027-02-26T23:59:59,28771712032;28772169654,"C=CA, O=Entrust Limited, CN=Entrust OV TLS Issuing RSA CA 2"
stage-crsscurrent.cdan.dot.gov,No,Yes,4,1,2026-06-24T00:00:00,2027-01-08T23:59:59,27452137714;27452181143;27452139944;27452183623,"C=CA, O=Entrust Limited, CN=Entrust OV TLS Issuing RSA CA 2"
stage-crssintranet.cdan.dot.gov,No,Yes,4,1,2026-06-24T00:00:00,2027-01-08T23:59:59,27452137714;27452181143;27452139944;27452183623,"C=CA, O=Entrust Limited, CN=Entrust OV TLS Issuing RSA CA 2"
stage-crssprev.cdan.dot.gov,No,Yes,4,1,2026-06-24T00:00:00,2027-01-08T23:59:59,27452137714;27452181143;27452139944;27452183623,"C=CA, O=Entrust Limited, CN=Entrust OV TLS Issuing RSA CA 2"
stage-edtadmin.cdan.dot.gov,No,Yes,4,1,2026-06-24T00:00:00,2027-01-08T23:59:59,27452137714;27452181143;27452139944;27452183623,"C=CA, O=Entrust Limited, CN=Entrust OV TLS Issuing RSA CA 2"
stage-edtservice.cdan.dot.gov,No,Yes,14,1,2026-06-24T00:00:00,2027-04-01T23:59:59,27452137714;28568702815;28325312296;29443396832;27452139944;27452183623;28325307162;28620901407;28301235327;28568697086;27452181143;28620902702;29431964399;28301236198,"C=CA, O=Entrust Limited, CN=Entrust OV TLS Issuing RSA CA 2"
stage-edtuploadapi.cdan.dot.gov,No,Yes,4,1,2026-08-07T00:00:00,2027-04-01T23:59:59,28620901407;29443396832;28620902702;29431964399,"C=CA, O=Entrust Limited, CN=Entrust OV TLS Issuing RSA CA 2"
stage-encyclopedia.cdan.dot.gov,No,Yes,8,1,2026-07-28T00:00:00,2027-04-01T23:59:59,28568702815;28325312296;29443396832;28325307162;28620901407;28568697086;28620902702;29431964399,"C=CA, O=Entrust Limited, CN=Entrust OV TLS Issuing RSA CA 2"
stage-farsclosed.cdan.dot.gov,No,Yes,4,1,2026-06-24T00:00:00,2027-01-08T23:59:59,27452137714;27452181143;27452139944;27452183623,"C=CA, O=Entrust Limited, CN=Entrust OV TLS Issuing RSA CA 2"
stage-farscurrent.cdan.dot.gov,No,Yes,4,1,2026-06-24T00:00:00,2027-01-08T23:59:59,27452137714;27452181143;27452139944;27452183623,"C=CA, O=Entrust Limited, CN=Entrust OV TLS Issuing RSA CA 2"
stage-farsintranet.cdan.dot.gov,No,Yes,4,1,2026-06-24T00:00:00,2027-01-08T23:59:59,27452137714;27452181143;27452139944;27452183623,"C=CA, O=Entrust Limited, CN=Entrust OV TLS Issuing RSA CA 2"
stage-farsprev.cdan.dot.gov,No,Yes,4,1,2026-06-24T00:00:00,2027-01-08T23:59:59,27452137714;27452181143;27452139944;27452183623,"C=CA, O=Entrust Limited, CN=Entrust OV TLS Issuing RSA CA 2"
stage-farsrec.cdan.dot.gov,No,Yes,4,1,2026-06-24T00:00:00,2027-01-08T23:59:59,27452137714;27452181143;27452139944;27452183623,"C=CA, O=Entrust Limited, CN=Entrust OV TLS Issuing RSA CA 2"
stage-farsrecprev.cdan.dot.gov,No,Yes,4,1,2026-06-24T00:00:00,2027-01-08T23:59:59,27452137714;27452181143;27452139944;27452183623,"C=CA, O=Entrust Limited, CN=Entrust OV TLS Issuing RSA CA 2"
stage-geolocator.cdan.dot.gov,No,Yes,4,1,2026-06-24T00:00:00,2027-01-08T23:59:59,27452137714;27452181143;27452139944;27452183623,"C=CA, O=Entrust Limited, CN=Entrust OV TLS Issuing RSA CA 2"
stage-helpdesk.cdan.dot.gov,No,Yes,2,1,2026-06-24T00:00:00,2027-01-08T23:59:59,27452137714;27452139944,"C=CA, O=Entrust Limited, CN=Entrust OV TLS Issuing RSA CA 2"
stage-moss.cdan.dot.gov,No,Yes,2,1,2026-06-24T00:00:00,2027-01-08T23:59:59,27452137714;27452139944,"C=CA, O=Entrust Limited, CN=Entrust OV TLS Issuing RSA CA 2"
stage-ncap-api.nhtsa.dot.gov,No,Yes,16,2,2025-11-05T00:00:00,2027-04-11T23:59:59,25314671739;26689002152;26689086506;25648196656;22233526273;29578132816;25312364846;25262154228;29584923786;28476354547;27122606789;26683246025;22233544313;27235388008;26683167955;26292556096,"C=US, O=DigiCert Inc, OU=www.digicert.com, CN=GeoTrust TLS RSA CA G1;C=CA, O=Entrust Limited, CN=Entrust OV TLS Issuing RSA CA 2"
stage-ncap-internal.nhtsa.dot.gov,No,Yes,4,1,2025-11-05T00:00:00,2027-04-11T23:59:59,22233544313;29584923786;29578132816;22233526273,"C=CA, O=Entrust Limited, CN=Entrust OV TLS Issuing RSA CA 2"
stage-ncap.nhtsa.dot.gov,Yes,Yes,16,2,2025-11-05T00:00:00,2027-04-11T23:59:59,25314671739;26689002152;26689086506;25648196656;22233526273;29578132816;25312364846;25262154228;29584923786;28476354547;27122606789;26683246025;22233544313;27235388008;26683167955;26292556096,"C=US, O=DigiCert Inc, OU=www.digicert.com, CN=GeoTrust TLS RSA CA G1;C=CA, O=Entrust Limited, CN=Entrust OV TLS Issuing RSA CA 2"
stage-nrd-static.nhtsa.dot.gov,No,Yes,16,2,2025-10-27T00:00:00,2026-12-31T23:59:59,25314671739;25556755640;26689002152;26689086506;25648196656;25915971121;25312364846;25262154228;28476354547;27122606789;26683246025;22044046668;22044058413;27235388008;26683167955;26292556096,"C=US, O=DigiCert Inc, OU=www.digicert.com, CN=GeoTrust TLS RSA CA G1;C=CA, O=Entrust Limited, CN=Entrust OV TLS Issuing RSA CA 2"
stage-nrd.api.nhtsa.dot.gov,No,Yes,16,2,2025-10-27T00:00:00,2026-12-31T23:59:59,25314671739;25556755640;26689002152;26689086506;25648196656;25915971121;25312364846;25262154228;28476354547;27122606789;26683246025;22044046668;22044058413;27235388008;26683167955;26292556096,"C=US, O=DigiCert Inc, OU=www.digicert.com, CN=GeoTrust TLS RSA CA G1;C=CA, O=Entrust Limited, CN=Entrust OV TLS Issuing RSA CA 2"
stage-ntscurrent.cdan.dot.gov,No,Yes,4,1,2026-06-24T00:00:00,2027-01-08T23:59:59,27452137714;27452181143;27452139944;27452183623,"C=CA, O=Entrust Limited, CN=Entrust OV TLS Issuing RSA CA 2"
stage-ntsprev.cdan.dot.gov,No,Yes,4,1,2026-06-24T00:00:00,2027-01-08T23:59:59,27452137714;27452181143;27452139944;27452183623,"C=CA, O=Entrust Limited, CN=Entrust OV TLS Issuing RSA CA 2"
stage-origin-nrd-static.nhtsa.dot.gov,No,Yes,4,1,2025-10-27T00:00:00,2026-10-30T23:59:59,25915971121;25556755640;22044046668;22044058413,"C=CA, O=Entrust Limited, CN=Entrust OV TLS Issuing RSA CA 2"
stage-origin-nrd.nhtsa.dot.gov,No,Yes,4,1,2025-10-27T00:00:00,2026-10-30T23:59:59,25915971121;25556755640;22044046668;22044058413,"C=CA, O=Entrust Limited, CN=Entrust OV TLS Issuing RSA CA 2"
stage-ped.cdan.dot.gov,No,Yes,2,1,2026-06-24T00:00:00,2027-01-08T23:59:59,27452181143;27452183623,"C=CA, O=Entrust Limited, CN=Entrust OV TLS Issuing RSA CA 2"
stage-reports.cdan.dot.gov,No,Yes,4,1,2026-06-24T00:00:00,2027-01-08T23:59:59,27452137714;27452181143;27452139944;27452183623,"C=CA, O=Entrust Limited, CN=Entrust OV TLS Issuing RSA CA 2"
stage-sso.cdan.dot.gov,No,Yes,4,1,2026-06-24T00:00:00,2027-01-08T23:59:59,27452137714;27452181143;27452139944;27452183623,"C=CA, O=Entrust Limited, CN=Entrust OV TLS Issuing RSA CA 2"
stage-statecaseviewer.cdan.dot.gov,No,Yes,14,1,2026-06-24T00:00:00,2027-04-01T23:59:59,27452137714;28568702815;28325312296;29443396832;27452139944;27452183623;28325307162;28620901407;28301235327;28568697086;27452181143;28620902702;29431964399;28301236198,"C=CA, O=Entrust Limited, CN=Entrust OV TLS Issuing RSA CA 2"
stage-ucsccaseviewer.cdan.dot.gov,No,Yes,4,1,2026-08-07T00:00:00,2027-04-01T23:59:59,28620901407;29443396832;28620902702;29431964399,"C=CA, O=Entrust Limited, CN=Entrust OV TLS Issuing RSA CA 2"
stage-upsa.cdan.dot.gov,No,Yes,4,1,2026-06-24T00:00:00,2027-01-08T23:59:59,27452137714;27452181143;27452139944;27452183623,"C=CA, O=Entrust Limited, CN=Entrust OV TLS Issuing RSA CA 2"
stage-vinrcl.nhtsa.dot.gov,No,Yes,16,2,2026-03-25T00:00:00,2027-04-10T23:59:59,25314671739;26689002152;26689086506;25648196656;25215444340;29563335489;25552427171;28476354547;27122606789;26683246025;25215464691;27235388008;29563334972;26683167955;25910097507;26292556096,"C=US, O=DigiCert Inc, OU=www.digicert.com, CN=GeoTrust TLS RSA CA G1;C=CA, O=Entrust Limited, CN=Entrust OV TLS Issuing RSA CA 2"
stage-vpiclist.cdan.dot.gov,No,Yes,4,1,2026-03-31T00:00:00,2027-01-08T23:59:59,25301940568;27452137714;25303271764;27452139944,"C=CA, O=Entrust Limited, CN=Entrust OV TLS Issuing RSA CA 2"
stage-ws.nhtsa.dot.gov,Yes,Yes,4,1,2026-05-05T00:00:00,2026-11-26T23:59:59,26158875820;26286414893;26096449510;26286340861,"C=CA, O=Entrust Limited, CN=Entrust OV TLS Issuing RSA CA 2"
stage.fra.dot.gov,No,Yes,14,1,2025-12-23T00:00:00,2027-02-25T23:59:59,27836508852;23322938881;28628956033;27836508685;28714856412;28708334359;28747510763;28628976924;28714855300;28747509951;27811351030;28708333657;23322923525;27811350408,"C=CA, O=Entrust Limited, CN=Entrust OV TLS Issuing RSA CA 2"
stage.strap.nhtsa.dot.gov,Yes,Yes,2,1,2026-09-16T00:00:00,2027-04-02T23:59:59,29436529465;29436529283,"C=CA, O=Entrust Limited, CN=Entrust OV TLS Issuing RSA CA 2"
stage.triprs.nhtsa.dot.gov,Yes,Yes,2,1,2026-09-16T00:00:00,2027-04-02T23:59:59,29436853377;29457238425,"C=CA, O=Entrust Limited, CN=Entrust OV TLS Issuing RSA CA 2"
staging.learn.dot.gov,No,Yes,6,2,2026-07-13T00:00:00,2027-01-31T23:59:59,27927677249;28017986293;28012928244;27907735705;27927675182;27927806033,"C=US, O=DigiCert Inc, OU=www.digicert.com, CN=GeoTrust TLS RSA CA G1;C=CA, O=Entrust Limited, CN=Entrust OV TLS Issuing RSA CA 2"
star-apps-stage.fra.dot.gov,No,Yes,4,1,2026-07-16T00:00:00,2027-02-11T23:59:59,28322965346;27993400768;28322958734;27993399757,"C=CA, O=Entrust Limited, CN=Entrust OV TLS Issuing RSA CA 2"
star-apps.fra.dot.gov,No,Yes,4,1,2026-07-16T00:00:00,2027-02-11T23:59:59,28322965346;27993400768;28322958734;27993399757,"C=CA, O=Entrust Limited, CN=Entrust OV TLS Issuing RSA CA 2"
statecaseviewer.cdan.dot.gov,No,Yes,17,1,2026-06-24T00:00:00,2027-04-14T23:59:59,27762824007;29444223113;29621973976;28568702815;29522150286;28325312296;27762822089;29431591528;27452183623;29522156769;28325307162;28620901407;28301235327;28568697086;27452181143;28620902702;28301236198,"C=CA, O=Entrust Limited, CN=Entrust OV TLS Issuing RSA CA 2"
static.nhtsa.gov,Yes,No,4,1,2026-04-16T00:00:00,2027-04-17T23:59:59,25567747799;25930843209;29588452697;29605581807,"C=CA, O=Entrust Limited, CN=Entrust OV TLS Issuing RSA CA 2"
stg-external2-2026.fmcsa.dot.gov,Yes,Yes,6,1,2026-09-08T00:00:00,2027-04-03T23:59:59,29295859150;29295859453;29463568336;29295310308;29489983537;29295310225,"C=CA, O=Entrust Limited, CN=Entrust OV TLS Issuing RSA CA 2"
stg-external2.fmcsa.dot.gov,Yes,Yes,2,1,2026-03-24T00:00:00,2026-10-08T23:59:59,25198303498;25198290609,"C=CA, O=Entrust Limited, CN=Entrust OV TLS Issuing RSA CA 2"
strap-dr.nhtsa.dot.gov,No,Yes,3,1,2025-11-03T00:00:00,2027-04-09T23:59:59,22180905814;29547125401;22180892132,"C=CA, O=Entrust Limited, CN=Entrust OV TLS Issuing RSA CA 2"
strap.nhtsa.dot.gov,No,Yes,3,1,2025-11-03T00:00:00,2027-04-09T23:59:59,22180905814;29547125401;22180892132,"C=CA, O=Entrust Limited, CN=Entrust OV TLS Issuing RSA CA 2"
stsi-test.nhtsa.dot.gov,No,Yes,2,1,2026-07-07T00:00:00,2027-01-21T23:59:59,27759380112;27759379146,"C=CA, O=Entrust Limited, CN=Entrust OV TLS Issuing RSA CA 2"
sub1.dev.sdc.dot.gov,No,Yes,2,1,2026-05-13T00:00:00,2026-11-27T23:59:59,26315591786;26315980865,"C=CA, O=Entrust Limited, CN=Entrust OV TLS Issuing RSA CA 2"
sub1.prod.sdc.dot.gov,No,Yes,2,1,2026-05-13T00:00:00,2026-11-27T23:59:59,26315734070;26316477028,"C=CA, O=Entrust Limited, CN=Entrust OV TLS Issuing RSA CA 2"
sub1.sdc-dev.dot.gov,No,Yes,2,1,2026-05-13T00:00:00,2026-11-27T23:59:59,26315885969;26315556716,"C=CA, O=Entrust Limited, CN=Entrust OV TLS Issuing RSA CA 2"
sub1.sdc.dot.gov,No,Yes,2,1,2026-05-13T00:00:00,2026-11-27T23:59:59,26315714185;26316374803,"C=CA, O=Entrust Limited, CN=Entrust OV TLS Issuing RSA CA 2"
sub2.dev.sdc.dot.gov,No,Yes,2,1,2026-05-13T00:00:00,2026-11-27T23:59:59,26315591786;26315980865,"C=CA, O=Entrust Limited, CN=Entrust OV TLS Issuing RSA CA 2"
sub2.prod.sdc.dot.gov,No,Yes,2,1,2026-05-13T00:00:00,2026-11-27T23:59:59,26315734070;26316477028,"C=CA, O=Entrust Limited, CN=Entrust OV TLS Issuing RSA CA 2"
sub2.sdc-dev.dot.gov,No,Yes,2,1,2026-05-13T00:00:00,2026-11-27T23:59:59,26315885969;26315556716,"C=CA, O=Entrust Limited, CN=Entrust OV TLS Issuing RSA CA 2"
sub2.sdc.dot.gov,No,Yes,2,1,2026-05-13T00:00:00,2026-11-27T23:59:59,26315714185;26316374803,"C=CA, O=Entrust Limited, CN=Entrust OV TLS Issuing RSA CA 2"
t-adstracker.cdan.dot.gov,No,Yes,14,1,2026-06-24T00:00:00,2027-04-01T23:59:59,27762824007;28568702815;28325312296;29443396832;27762822089;27452183623;28325307162;28620901407;28301235327;28568697086;27452181143;28620902702;29431964399;28301236198,"C=CA, O=Entrust Limited, CN=Entrust OV TLS Issuing RSA CA 2"
t-crsscurrent.cdan.dot.gov,No,Yes,10,1,2026-07-27T00:00:00,2027-04-01T23:59:59,28568702815;28325312296;29443396832;28325307162;28620901407;28301235327;28568697086;28620902702;29431964399;28301236198,"C=CA, O=Entrust Limited, CN=Entrust OV TLS Issuing RSA CA 2"
t-crssintranet.cdan.dot.gov,No,Yes,10,1,2026-07-27T00:00:00,2027-04-01T23:59:59,28568702815;28325312296;29443396832;28325307162;28620901407;28301235327;28568697086;28620902702;29431964399;28301236198,"C=CA, O=Entrust Limited, CN=Entrust OV TLS Issuing RSA CA 2"
t-crssprev.cdan.dot.gov,No,Yes,10,1,2026-07-27T00:00:00,2027-04-01T23:59:59,28568702815;28325312296;29443396832;28325307162;28620901407;28301235327;28568697086;28620902702;29431964399;28301236198,"C=CA, O=Entrust Limited, CN=Entrust OV TLS Issuing RSA CA 2"
t-farsclosed.cdan.dot.gov,No,Yes,14,1,2026-06-24T00:00:00,2027-04-01T23:59:59,27762824007;28568702815;28325312296;29443396832;27762822089;27452183623;28325307162;28620901407;28301235327;28568697086;27452181143;28620902702;29431964399;28301236198,"C=CA, O=Entrust Limited, CN=Entrust OV TLS Issuing RSA CA 2"
t-farscurrent.cdan.dot.gov,No,Yes,16,1,2026-06-24T00:00:00,2027-04-01T23:59:59,27762824007;27452098738;28568702815;28325312296;29443396832;27762822089;27452183623;28325307162;28620901407;28301235327;28568697086;27452181143;27452097701;28620902702;29431964399;28301236198,"C=CA, O=Entrust Limited, CN=Entrust OV TLS Issuing RSA CA 2"
t-farsintranet.cdan.dot.gov,No,Yes,10,1,2026-07-27T00:00:00,2027-04-01T23:59:59,28568702815;28325312296;29443396832;28325307162;28620901407;28301235327;28568697086;28620902702;29431964399;28301236198,"C=CA, O=Entrust Limited, CN=Entrust OV TLS Issuing RSA CA 2"
t-farsprev.cdan.dot.gov,No,Yes,16,1,2026-06-24T00:00:00,2027-04-01T23:59:59,27762824007;27452098738;28568702815;28325312296;29443396832;27762822089;27452183623;28325307162;28620901407;28301235327;28568697086;27452181143;27452097701;28620902702;29431964399;28301236198,"C=CA, O=Entrust Limited, CN=Entrust OV TLS Issuing RSA CA 2"
t-farsrec.cdan.dot.gov,No,Yes,12,1,2026-06-24T00:00:00,2027-04-01T23:59:59,27452098738;28568702815;28325312296;29443396832;28325307162;28620901407;28301235327;28568697086;27452097701;28620902702;29431964399;28301236198,"C=CA, O=Entrust Limited, CN=Entrust OV TLS Issuing RSA CA 2"
t-farsrecprev.cdan.dot.gov,No,Yes,12,1,2026-06-24T00:00:00,2027-04-01T23:59:59,27452098738;28568702815;28325312296;29443396832;28325307162;28620901407;28301235327;28568697086;27452097701;28620902702;29431964399;28301236198,"C=CA, O=Entrust Limited, CN=Entrust OV TLS Issuing RSA CA 2"
t-farssso.cdan.dot.gov,No,Yes,4,1,2026-06-24T00:00:00,2027-01-21T23:59:59,27762824007;27762822089;27452181143;27452183623,"C=CA, O=Entrust Limited, CN=Entrust OV TLS Issuing RSA CA 2"
t-geolocator.cdan.dot.gov,No,Yes,16,1,2026-06-24T00:00:00,2027-04-01T23:59:59,27762824007;27452098738;28568702815;28325312296;29443396832;27762822089;27452183623;28325307162;28620901407;28301235327;28568697086;27452181143;27452097701;28620902702;29431964399;28301236198,"C=CA, O=Entrust Limited, CN=Entrust OV TLS Issuing RSA CA 2"
t-gescurrent.cdan.dot.gov,No,Yes,6,1,2026-06-24T00:00:00,2027-01-21T23:59:59,27762824007;27452098738;27762822089;27452183623;27452181143;27452097701,"C=CA, O=Entrust Limited, CN=Entrust OV TLS Issuing RSA CA 2"
t-gesprev.cdan.dot.gov,No,Yes,6,1,2026-06-24T00:00:00,2027-01-21T23:59:59,27762824007;27452098738;27762822089;27452183623;27452181143;27452097701,"C=CA, O=Entrust Limited, CN=Entrust OV TLS Issuing RSA CA 2"
t-gessso.cdan.dot.gov,No,Yes,4,1,2026-06-24T00:00:00,2027-01-21T23:59:59,27762824007;27762822089;27452181143;27452183623,"C=CA, O=Entrust Limited, CN=Entrust OV TLS Issuing RSA CA 2"
t-helpdesk.cdan.dot.gov,No,Yes,16,1,2026-06-24T00:00:00,2027-04-01T23:59:59,27762824007;27452098738;28568702815;28325312296;29443396832;27762822089;27452183623;28325307162;28620901407;28301235327;28568697086;27452181143;27452097701;28620902702;29431964399;28301236198,"C=CA, O=Entrust Limited, CN=Entrust OV TLS Issuing RSA CA 2"
t-moss.cdan.dot.gov,No,Yes,10,1,2026-07-27T00:00:00,2027-04-01T23:59:59,28568702815;28325312296;29443396832;28325307162;28620901407;28301235327;28568697086;28620902702;29431964399;28301236198,"C=CA, O=Entrust Limited, CN=Entrust OV TLS Issuing RSA CA 2"
t-nitscurrent.cdan.dot.gov,No,Yes,6,1,2026-06-24T00:00:00,2027-01-21T23:59:59,27762824007;27452098738;27762822089;27452183623;27452181143;27452097701,"C=CA, O=Entrust Limited, CN=Entrust OV TLS Issuing RSA CA 2"
t-nitsprev.cdan.dot.gov,No,Yes,6,1,2026-06-24T00:00:00,2027-01-21T23:59:59,27762824007;27452098738;27762822089;27452183623;27452181143;27452097701,"C=CA, O=Entrust Limited, CN=Entrust OV TLS Issuing RSA CA 2"
t-ntscurrent.cdan.dot.gov,No,Yes,10,1,2026-07-27T00:00:00,2027-04-01T23:59:59,28568702815;28325312296;29443396832;28325307162;28620901407;28301235327;28568697086;28620902702;29431964399;28301236198,"C=CA, O=Entrust Limited, CN=Entrust OV TLS Issuing RSA CA 2"
t-ntsprev.cdan.dot.gov,No,Yes,10,1,2026-07-27T00:00:00,2027-04-01T23:59:59,28568702815;28325312296;29443396832;28325307162;28620901407;28301235327;28568697086;28620902702;29431964399;28301236198,"C=CA, O=Entrust Limited, CN=Entrust OV TLS Issuing RSA CA 2"
tdms.fra.dot.gov,No,Yes,1,1,2026-06-29T00:00:00,2027-01-13T23:59:59,27572636754,"C=US, O=DigiCert Inc, OU=www.digicert.com, CN=GeoTrust TLS RSA CA G1"
tds-ext-stage.fra.dot.gov,No,Yes,4,1,2026-03-25T00:00:00,2026-11-01T23:59:59,25219023989;25947496223;25219050025;25580488029,"C=CA, O=Entrust Limited, CN=Entrust OV TLS Issuing RSA CA 2"
tds-ext.fra.dot.gov,No,Yes,6,1,2026-03-25T00:00:00,2026-11-01T23:59:59,25219050025;25217245801;25219023989;25947496223;25217258862;25580488029,"C=CA, O=Entrust Limited, CN=Entrust OV TLS Issuing RSA CA 2"
test-cbst.api.nhtsa.dot.gov,No,Yes,2,1,2026-08-25T00:00:00,2027-03-11T23:59:59,29027146183;29027145172,"C=CA, O=Entrust Limited, CN=Entrust OV TLS Issuing RSA CA 2"
test-cbst.nhtsa.dot.gov,No,Yes,2,1,2026-08-25T00:00:00,2027-03-11T23:59:59,29027146183;29027145172,"C=CA, O=Entrust Limited, CN=Entrust OV TLS Issuing RSA CA 2"
test-edtservice.cdan.dot.gov,No,Yes,2,1,2026-06-24T00:00:00,2027-01-08T23:59:59,27452181143;27452183623,"C=CA, O=Entrust Limited, CN=Entrust OV TLS Issuing RSA CA 2"
test-int-cbst.api.nhtsa.dot.gov,No,Yes,2,1,2026-08-25T00:00:00,2027-03-11T23:59:59,29027146183;29027145172,"C=CA, O=Entrust Limited, CN=Entrust OV TLS Issuing RSA CA 2"
test-int-cbst.nhtsa.dot.gov,No,Yes,2,1,2026-08-25T00:00:00,2027-03-11T23:59:59,29027146183;29027145172,"C=CA, O=Entrust Limited, CN=Entrust OV TLS Issuing RSA CA 2"
test-mcp.nhtsa.dot.gov,No,Yes,2,1,2026-09-24T00:00:00,2027-04-10T23:59:59,29563377793;29563377766,"C=CA, O=Entrust Limited, CN=Entrust OV TLS Issuing RSA CA 2"
test-ncap-api.nhtsa.dot.gov,No,Yes,4,1,2025-10-28T00:00:00,2027-04-11T23:59:59,22062940671;29582288407;29585370434;22062954212,"C=CA, O=Entrust Limited, CN=Entrust OV TLS Issuing RSA CA 2"
test-ncap-internal.nhtsa.dot.gov,No,Yes,4,1,2025-10-28T00:00:00,2027-04-11T23:59:59,22062940671;29582288407;29585370434;22062954212,"C=CA, O=Entrust Limited, CN=Entrust OV TLS Issuing RSA CA 2"
test-ncap.nhtsa.dot.gov,Yes,Yes,4,1,2025-10-28T00:00:00,2027-04-11T23:59:59,22062940671;29582288407;29585370434;22062954212,"C=CA, O=Entrust Limited, CN=Entrust OV TLS Issuing RSA CA 2"
test-vinrcl.nhtsa.dot.gov,No,Yes,4,1,2026-04-08T00:00:00,2027-04-10T23:59:59,25434953369;29563377793;25730540454;29563377766,"C=CA, O=Entrust Limited, CN=Entrust OV TLS Issuing RSA CA 2"
test-vpiclist.cdan.dot.gov,No,Yes,2,1,2026-03-31T00:00:00,2026-10-15T23:59:59,25301940568;25303271764,"C=CA, O=Entrust Limited, CN=Entrust OV TLS Issuing RSA CA 2"
test-ws.nhtsa.dot.gov,No,Yes,4,1,2026-05-05T00:00:00,2026-11-26T23:59:59,26158875820;26286414893;26096449510;26286340861,"C=CA, O=Entrust Limited, CN=Entrust OV TLS Issuing RSA CA 2"
test-www.911.nhtsa.dot.gov,No,Yes,4,1,2026-05-05T00:00:00,2026-11-26T23:59:59,26158875820;26286414893;26096449510;26286340861,"C=CA, O=Entrust Limited, CN=Entrust OV TLS Issuing RSA CA 2"
test-www.ems.nhtsa.dot.gov,No,Yes,4,1,2026-05-05T00:00:00,2026-11-26T23:59:59,26158875820;26286414893;26096449510;26286340861,"C=CA, O=Entrust Limited, CN=Entrust OV TLS Issuing RSA CA 2"
test.api.broker.cdlis.dot.gov,Yes,Yes,2,1,2026-01-23T00:00:00,2027-01-23T23:59:59,23942225653;23942226043,"C=CA, O=Entrust Limited, CN=Entrust OV TLS Issuing RSA CA 2"
test.cdan.dot.gov,No,Yes,14,2,2026-03-28T00:00:00,2027-01-08T23:59:59,25314671739;26689002152;26689086506;25648196656;27235388008;25312364846;27452183623;25262154228;28476354547;27122606789;26683246025;27452181143;26683167955;26292556096,"C=US, O=DigiCert Inc, OU=www.digicert.com, CN=GeoTrust TLS RSA CA G1;C=CA, O=Entrust Limited, CN=Entrust OV TLS Issuing RSA CA 2"
test.statefcwd.cdlis.dot.gov,Yes,Yes,2,1,2025-11-07T00:00:00,2026-11-07T23:59:59,22288166227;22288142674,"C=CA, O=Entrust Limited, CN=Entrust OV TLS Issuing RSA CA 2"
test.tic3.dot.gov,Yes,Yes,2,1,2026-04-20T00:00:00,2026-11-04T23:59:59,25614175034;25989340186,"C=CA, O=Entrust Limited, CN=Entrust OV TLS Issuing RSA CA 2"
tmas-fun-prod.dot.gov,No,Yes,2,1,2026-07-07T00:00:00,2027-01-21T23:59:59,27759057755;27759059365,"C=CA, O=Entrust Limited, CN=Entrust OV TLS Issuing RSA CA 2"
tmas-fun-stage.fhwa.dot.gov,Yes,Yes,4,1,2025-12-24T00:00:00,2027-01-06T23:59:59,23345794999;23594935255;23594933699;23345822231,"C=CA, O=Entrust Limited, CN=Entrust OV TLS Issuing RSA CA 2"
tmas-fun.fhwa.dot.gov,Yes,Yes,2,1,2026-07-07T00:00:00,2027-01-21T23:59:59,27759057755;27759059365,"C=CA, O=Entrust Limited, CN=Entrust OV TLS Issuing RSA CA 2"
tmas-prod.dot.gov,No,Yes,2,1,2026-07-07T00:00:00,2027-01-21T23:59:59,27759144932;27759145519,"C=CA, O=Entrust Limited, CN=Entrust OV TLS Issuing RSA CA 2"
tmas-stage.fhwa.dot.gov,Yes,Yes,2,1,2026-01-06T00:00:00,2027-01-06T23:59:59,23595069698;23595072428,"C=CA, O=Entrust Limited, CN=Entrust OV TLS Issuing RSA CA 2"
tmas.fhwa-stage.dot.gov,Yes,Yes,2,1,2025-12-24T00:00:00,2026-12-24T23:59:59,23345836450;23345822804,"C=CA, O=Entrust Limited, CN=Entrust OV TLS Issuing RSA CA 2"
tmas.fhwa.dot.gov,Yes,Yes,2,1,2026-07-07T00:00:00,2027-01-21T23:59:59,27759144932;27759145519,"C=CA, O=Entrust Limited, CN=Entrust OV TLS Issuing RSA CA 2"
tmcpfs-dr.fhwa.dot.gov,No,Yes,4,1,2026-04-13T00:00:00,2027-04-15T23:59:59,25526871962;29636668310;29633570054;25861529108,"C=CA, O=Entrust Limited, CN=Entrust OV TLS Issuing RSA CA 2"
tmcpfs.ops.fhwa.dot.gov,No,Yes,6,1,2025-11-05T00:00:00,2027-03-26T23:59:59,22232421146;29311142984;22231823509;22232437178;22231802250;29311143283,"C=CA, O=Entrust Limited, CN=Entrust OV TLS Issuing RSA CA 2"
tmip.fhwa.dot.gov,No,Yes,6,1,2025-11-05T00:00:00,2027-03-26T23:59:59,22232421146;29311142984;22231823509;22232437178;22231802250;29311143283,"C=CA, O=Entrust Limited, CN=Entrust OV TLS Issuing RSA CA 2"
tms.volpe.dot.gov,Yes,Yes,4,1,2026-04-13T00:00:00,2027-04-15T23:59:59,29651906487;29636129208;25862486025;25527218871,"C=CA, O=Entrust Limited, CN=Entrust OV TLS Issuing RSA CA 2"
toolbox.cdan.dot.gov,No,Yes,2,1,2026-06-24T00:00:00,2027-01-08T23:59:59,27452181143;27452183623,"C=CA, O=Entrust Limited, CN=Entrust OV TLS Issuing RSA CA 2"
tools.infopave.fhwa.dot.gov,Yes,Yes,2,1,2026-08-13T00:00:00,2027-02-27T23:59:59,28787153290;28781825474,"C=CA, O=Entrust Limited, CN=Entrust OV TLS Issuing RSA CA 2"
tpo-nr-stg.fmcsa.dot.gov,No,Yes,4,1,2026-09-09T00:00:00,2027-04-04T23:59:59,29316698148;29316698140;29459369394;29493143937,"C=CA, O=Entrust Limited, CN=Entrust OV TLS Issuing RSA CA 2"
tpo-nr.fmcsa.dot.gov,No,Yes,4,1,2026-09-09T00:00:00,2027-04-04T23:59:59,29316698148;29316698140;29459369394;29493143937,"C=CA, O=Entrust Limited, CN=Entrust OV TLS Issuing RSA CA 2"
tpr.fmcsa.dot.gov,No,Yes,4,1,2026-09-09T00:00:00,2027-04-04T23:59:59,29316698148;29316698140;29459369394;29493143937,"C=CA, O=Entrust Limited, CN=Entrust OV TLS Issuing RSA CA 2"
train.frs.fmcsa.dot.gov,Yes,Yes,2,1,2025-10-15T00:00:00,2026-10-15T23:59:59,21742841886;21742825112,"C=CA, O=Entrust Limited, CN=Entrust OV TLS Issuing RSA CA 2"
training-cidrs.cdan.dot.gov,No,Yes,14,1,2026-06-24T00:00:00,2027-04-01T23:59:59,27762824007;28568702815;28325312296;29443396832;27762822089;27452183623;28325307162;28620901407;28301235327;28568697086;27452181143;28620902702;29431964399;28301236198,"C=CA, O=Entrust Limited, CN=Entrust OV TLS Issuing RSA CA 2"
training-ciren.cdan.dot.gov,No,Yes,14,1,2026-06-24T00:00:00,2027-04-01T23:59:59,27762824007;28568702815;28325312296;29443396832;27762822089;27452183623;28325307162;28620901407;28301235327;28568697086;27452181143;28620902702;29431964399;28301236198,"C=CA, O=Entrust Limited, CN=Entrust OV TLS Issuing RSA CA 2"
training-ciss.cdan.dot.gov,No,Yes,14,1,2026-06-24T00:00:00,2027-04-01T23:59:59,27762824007;28568702815;28325312296;29443396832;27762822089;27452183623;28325307162;28620901407;28301235327;28568697086;27452181143;28620902702;29431964399;28301236198,"C=CA, O=Entrust Limited, CN=Entrust OV TLS Issuing RSA CA 2"
training-ciss1.cdan.dot.gov,No,Yes,14,1,2026-06-24T00:00:00,2027-04-01T23:59:59,27762824007;28568702815;28325312296;29443396832;27762822089;27452183623;28325307162;28620901407;28301235327;28568697086;27452181143;28620902702;29431964399;28301236198,"C=CA, O=Entrust Limited, CN=Entrust OV TLS Issuing RSA CA 2"
training-ciss2.cdan.dot.gov,No,Yes,14,1,2026-06-24T00:00:00,2027-04-01T23:59:59,27762824007;28568702815;28325312296;29443396832;27762822089;27452183623;28325307162;28620901407;28301235327;28568697086;27452181143;28620902702;29431964399;28301236198,"C=CA, O=Entrust Limited, CN=Entrust OV TLS Issuing RSA CA 2"
training-ciss3.cdan.dot.gov,No,Yes,14,1,2026-06-24T00:00:00,2027-04-01T23:59:59,27762824007;28568702815;28325312296;29443396832;27762822089;27452183623;28325307162;28620901407;28301235327;28568697086;27452181143;28620902702;29431964399;28301236198,"C=CA, O=Entrust Limited, CN=Entrust OV TLS Issuing RSA CA 2"
training-cr.cdan.dot.gov,No,Yes,14,1,2026-06-24T00:00:00,2027-04-01T23:59:59,27762824007;28568702815;28325312296;29443396832;27762822089;27452183623;28325307162;28620901407;28301235327;28568697086;27452181143;28620902702;29431964399;28301236198,"C=CA, O=Entrust Limited, CN=Entrust OV TLS Issuing RSA CA 2"
training-crashviewer.cdan.dot.gov,No,Yes,8,1,2026-07-28T00:00:00,2027-04-01T23:59:59,28568702815;28325312296;29443396832;28325307162;28620901407;28568697086;28620902702;29431964399,"C=CA, O=Entrust Limited, CN=Entrust OV TLS Issuing RSA CA 2"
training-edit.cdan.dot.gov,No,Yes,4,1,2026-06-24T00:00:00,2027-01-21T23:59:59,27762824007;27762822089;27452181143;27452183623,"C=CA, O=Entrust Limited, CN=Entrust OV TLS Issuing RSA CA 2"
training-editcheck.cdan.dot.gov,No,Yes,10,1,2026-07-27T00:00:00,2027-04-01T23:59:59,28568702815;28325312296;29443396832;28325307162;28620901407;28301235327;28568697086;28620902702;29431964399;28301236198,"C=CA, O=Entrust Limited, CN=Entrust OV TLS Issuing RSA CA 2"
training-parse.cdan.dot.gov,No,Yes,14,1,2026-06-24T00:00:00,2027-04-01T23:59:59,27762824007;28568702815;28325312296;29443396832;27762822089;27452183623;28325307162;28620901407;28301235327;28568697086;27452181143;28620902702;29431964399;28301236198,"C=CA, O=Entrust Limited, CN=Entrust OV TLS Issuing RSA CA 2"
training-sci.cdan.dot.gov,No,Yes,14,1,2026-06-24T00:00:00,2027-04-01T23:59:59,27762824007;28568702815;28325312296;29443396832;27762822089;27452183623;28325307162;28620901407;28301235327;28568697086;27452181143;28620902702;29431964399;28301236198,"C=CA, O=Entrust Limited, CN=Entrust OV TLS Issuing RSA CA 2"
training-shardspace.cdan.dot.gov,No,Yes,4,1,2026-06-24T00:00:00,2027-01-21T23:59:59,27762824007;27762822089;27452181143;27452183623,"C=CA, O=Entrust Limited, CN=Entrust OV TLS Issuing RSA CA 2"
training-sharedspace.cdan.dot.gov,No,Yes,10,1,2026-07-27T00:00:00,2027-04-01T23:59:59,28568702815;28325312296;29443396832;28325307162;28620901407;28301235327;28568697086;28620902702;29431964399;28301236198,"C=CA, O=Entrust Limited, CN=Entrust OV TLS Issuing RSA CA 2"
training-sso.cdan.dot.gov,No,Yes,14,1,2026-06-24T00:00:00,2027-04-01T23:59:59,27762824007;28568702815;28325312296;29443396832;27762822089;27452183623;28325307162;28620901407;28301235327;28568697086;27452181143;28620902702;29431964399;28301236198,"C=CA, O=Entrust Limited, CN=Entrust OV TLS Issuing RSA CA 2"
training-upsa.cdan.dot.gov,No,Yes,14,1,2026-06-24T00:00:00,2027-04-01T23:59:59,27762824007;28568702815;28325312296;29443396832;27762822089;27452183623;28325307162;28620901407;28301235327;28568697086;27452181143;28620902702;29431964399;28301236198,"C=CA, O=Entrust Limited, CN=Entrust OV TLS Issuing RSA CA 2"
training-vaid.cdan.dot.gov,No,Yes,14,1,2026-06-24T00:00:00,2027-04-01T23:59:59,27762824007;28568702815;28325312296;29443396832;27762822089;27452183623;28325307162;28620901407;28301235327;28568697086;27452181143;28620902702;29431964399;28301236198,"C=CA, O=Entrust Limited, CN=Entrust OV TLS Issuing RSA CA 2"
training-vr.cdan.dot.gov,No,Yes,2,1,2026-06-24T00:00:00,2027-01-08T23:59:59,27452181143;27452183623,"C=CA, O=Entrust Limited, CN=Entrust OV TLS Issuing RSA CA 2"
trainingapply.grants.dot.gov,Yes,Yes,2,1,2026-01-28T00:00:00,2027-02-10T23:59:59,24040948832;24341893742,"C=US, O=DigiCert Inc, CN=DigiCert Global G2 TLS RSA SHA256 2020 CA1"
transerve.dot.gov,No,Yes,4,1,2026-07-13T00:00:00,2027-01-31T23:59:59,28017986293;27927806033;27907735705;28012928244,"C=US, O=DigiCert Inc, OU=www.digicert.com, CN=GeoTrust TLS RSA CA G1"
transit-safety.fta.dot.gov,Yes,Yes,2,1,2026-06-10T00:00:00,2026-12-25T23:59:59,27056295416;27055970246,"C=CA, O=Entrust Limited, CN=Entrust OV TLS Issuing ECC CA 2"
transit.dot.gov,No,Yes,6,2,2025-11-04T00:00:00,2027-01-31T23:59:59,22210815537;28017986293;28012928244;27907735705;22210840798;27927806033,"C=US, O=DigiCert Inc, OU=www.digicert.com, CN=GeoTrust TLS RSA CA G1;C=CA, O=Entrust Limited, CN=Entrust OV TLS Issuing RSA CA 2"
transitapp.ost.dot.gov,Yes,Yes,6,1,2026-04-16T00:00:00,2026-11-13T23:59:59,25999318600;26096564859;25912149910;25567548296;25640824156;25930634695,"C=CA, O=Entrust Limited, CN=Entrust OV TLS Issuing RSA CA 2"
transitapptraining.ost.dot.gov,No,Yes,6,1,2026-04-16T00:00:00,2026-11-13T23:59:59,25999318600;26096564859;25912149910;25567548296;25640824156;25930634695,"C=CA, O=Entrust Limited, CN=Entrust OV TLS Issuing RSA CA 2"
transportation.gov,Yes,No,6,1,2026-01-15T00:00:00,2027-02-02T23:59:59,23789461139;24146218500;23789458317;23786674169;24146217125;23786676110,"C=CA, O=Entrust Limited, CN=Entrust OV TLS Issuing RSA CA 2"
trespasstoolkit.fra.dot.gov,No,Yes,6,1,2026-03-25T00:00:00,2026-11-01T23:59:59,25219050025;25217245801;25219023989;25947496223;25217258862;25580488029,"C=CA, O=Entrust Limited, CN=Entrust OV TLS Issuing RSA CA 2"
triprs-dr.nhtsa.dot.gov,No,Yes,3,1,2025-11-03T00:00:00,2027-04-09T23:59:59,22180905814;29547125401;22180892132,"C=CA, O=Entrust Limited, CN=Entrust OV TLS Issuing RSA CA 2"
triprs-stage.nhtsa.dot.gov,No,Yes,2,2,2026-08-07T00:00:00,2026-12-12T23:59:59,28623128347;28623087594,"C=US, O=DigiCert Inc, CN=DigiCert Global G3 TLS ECC SHA384 2020 CA1;C=US, O=DigiCert Inc, CN=DigiCert Global G2 TLS RSA SHA256 2020 CA1"
triprs-stg.nhtsa.dot.gov,No,Yes,4,3,2026-07-22T00:00:00,2027-02-05T23:59:59,28159974216;28935825093;28159978936;28995732780,"C=US, O=DigiCert Inc, CN=DigiCert Global G3 TLS ECC SHA384 2020 CA1;C=US, O=DigiCert Inc, CN=DigiCert Global G2 TLS RSA SHA256 2020 CA1;C=CA, O=Entrust Limited, CN=Entrust OV TLS Issuing RSA CA 2"
triprs.nhtsa.dot.gov,Yes,Yes,9,3,2025-11-03T00:00:00,2027-04-09T23:59:59,22180905814;22180892132;28623087594;28159974216;28159978936;28623128347;29547125401;28935825093;28995732780,"C=US, O=DigiCert Inc, CN=DigiCert Global G3 TLS ECC SHA384 2020 CA1;C=US, O=DigiCert Inc, CN=DigiCert Global G2 TLS RSA SHA256 2020 CA1;C=CA, O=Entrust Limited, CN=Entrust OV TLS Issuing RSA CA 2"
tsc-bos-dc1.tsc.dot.gov,No,Yes,1,1,2026-10-02T00:00:00,2027-04-18T23:59:59,29611052276,"C=CA, O=Entrust Limited, CN=Entrust OV TLS Issuing RSA CA 2"
tsc-bos-dc2.tsc.dot.gov,No,Yes,1,1,2026-10-02T00:00:00,2027-04-18T23:59:59,29611052276,"C=CA, O=Entrust Limited, CN=Entrust OV TLS Issuing RSA CA 2"
tsc-bos-dc3.tsc.dot.gov,No,Yes,1,1,2026-10-02T00:00:00,2027-04-18T23:59:59,29611052276,"C=CA, O=Entrust Limited, CN=Entrust OV TLS Issuing RSA CA 2"
tsc-bos-dc4.tsc.dot.gov,No,Yes,1,1,2026-10-02T00:00:00,2027-04-18T23:59:59,29611052276,"C=CA, O=Entrust Limited, CN=Entrust OV TLS Issuing RSA CA 2"
tsc-bos-dc5.tsc.dot.gov,No,Yes,1,1,2026-10-02T00:00:00,2027-04-18T23:59:59,29611052276,"C=CA, O=Entrust Limited, CN=Entrust OV TLS Issuing RSA CA 2"
tsc-bos-dc6.tsc.dot.gov,No,Yes,1,1,2026-10-02T00:00:00,2027-04-18T23:59:59,29611052276,"C=CA, O=Entrust Limited, CN=Entrust OV TLS Issuing RSA CA 2"
tsc-bos-dc7.tsc.dot.gov,No,Yes,1,1,2026-10-02T00:00:00,2027-04-18T23:59:59,29611052276,"C=CA, O=Entrust Limited, CN=Entrust OV TLS Issuing RSA CA 2"
tsc-bos-dc8.tsc.dot.gov,No,Yes,1,1,2026-10-02T00:00:00,2027-04-18T23:59:59,29611052276,"C=CA, O=Entrust Limited, CN=Entrust OV TLS Issuing RSA CA 2"
tsc-bos-ise-dc1.tsc.dot.gov,Yes,Yes,2,1,2025-10-16T00:00:00,2026-10-16T23:59:59,21763903875;21763918050,"C=CA, O=Entrust Limited, CN=Entrust OV TLS Issuing RSA CA 2"
tsc-bos-ise-dc2.tsc.dot.gov,No,Yes,2,1,2025-10-16T00:00:00,2026-10-16T23:59:59,21763903875;21763918050,"C=CA, O=Entrust Limited, CN=Entrust OV TLS Issuing RSA CA 2"
tsc-bos-ise-dc3.tsc.dot.gov,No,Yes,2,1,2025-10-16T00:00:00,2026-10-16T23:59:59,21763903875;21763918050,"C=CA, O=Entrust Limited, CN=Entrust OV TLS Issuing RSA CA 2"
tsc-bos-ise-dc4.tsc.dot.gov,No,Yes,2,1,2025-10-16T00:00:00,2026-10-16T23:59:59,21763903875;21763918050,"C=CA, O=Entrust Limited, CN=Entrust OV TLS Issuing RSA CA 2"
tsc-bos-ise-dc5.tsc.dot.gov,No,Yes,2,1,2025-10-16T00:00:00,2026-10-16T23:59:59,21763903875;21763918050,"C=CA, O=Entrust Limited, CN=Entrust OV TLS Issuing RSA CA 2"
tsc-bos-ise-dc6.tsc.dot.gov,No,Yes,2,1,2025-10-16T00:00:00,2026-10-16T23:59:59,21763903875;21763918050,"C=CA, O=Entrust Limited, CN=Entrust OV TLS Issuing RSA CA 2"
tsc-bos-ise-dc7.tsc.dot.gov,No,Yes,2,1,2025-10-16T00:00:00,2026-10-16T23:59:59,21763903875;21763918050,"C=CA, O=Entrust Limited, CN=Entrust OV TLS Issuing RSA CA 2"
tsc-bos-ise-dc8.tsc.dot.gov,No,Yes,2,1,2025-10-16T00:00:00,2026-10-16T23:59:59,21763903875;21763918050,"C=CA, O=Entrust Limited, CN=Entrust OV TLS Issuing RSA CA 2"
tsf-test.nhtsa.dot.gov,No,Yes,2,1,2026-07-07T00:00:00,2027-01-21T23:59:59,27759380112;27759379146,"C=CA, O=Entrust Limited, CN=Entrust OV TLS Issuing RSA CA 2"
tsmart.volpe.dot.gov,Yes,Yes,2,1,2026-07-17T00:00:00,2027-01-31T23:59:59,28012228935;28012228070,"C=CA, O=Entrust Limited, CN=Entrust OV TLS Issuing ECC CA 2"
ucsccaseviewer.cdan.dot.gov,No,Yes,7,1,2026-08-07T00:00:00,2027-04-14T23:59:59,29444223113;29621973976;29522150286;29431591528;29522156769;28620901407;28620902702,"C=CA, O=Entrust Limited, CN=Entrust OV TLS Issuing RSA CA 2"
uni-stg.fmcsa.dot.gov,No,Yes,6,1,2026-03-24T00:00:00,2027-04-03T23:59:59,29295859150;29295859453;29463568336;25198303498;29489983537;25198290609,"C=CA, O=Entrust Limited, CN=Entrust OV TLS Issuing RSA CA 2"
uni.fmcsa.dot.gov,No,Yes,4,1,2026-09-09T00:00:00,2027-04-04T23:59:59,29316698148;29316698140;29459369394;29493143937,"C=CA, O=Entrust Limited, CN=Entrust OV TLS Issuing RSA CA 2"
upa.dot.gov,No,Yes,6,1,2025-11-05T00:00:00,2027-03-26T23:59:59,22232421146;29311142984;22231823509;22232437178;22231802250;29311143283,"C=CA, O=Entrust Limited, CN=Entrust OV TLS Issuing RSA CA 2"
upsa.cdan.dot.gov,No,Yes,17,1,2026-06-24T00:00:00,2027-04-14T23:59:59,27762824007;29444223113;29621973976;28568702815;29522150286;28325312296;27762822089;29431591528;27452183623;29522156769;28325307162;28620901407;28301235327;28568697086;27452181143;28620902702;28301236198,"C=CA, O=Entrust Limited, CN=Entrust OV TLS Issuing RSA CA 2"
usai.dot.gov,No,Yes,1,1,2026-07-17T00:00:00,2027-01-31T23:59:59,28017986293,"C=US, O=DigiCert Inc, OU=www.digicert.com, CN=GeoTrust TLS RSA CA G1"
usmmarsyslog.ad.dot.gov,No,Yes,2,1,2026-05-12T00:00:00,2026-11-26T23:59:59,26288972841;26289007016,"C=CA, O=Entrust Limited, CN=Entrust OV TLS Issuing RSA CA 2"
utc.dot.gov,No,Yes,4,1,2026-07-13T00:00:00,2027-01-31T23:59:59,28017986293;27927806033;27907735705;28012928244,"C=US, O=DigiCert Inc, OU=www.digicert.com, CN=GeoTrust TLS RSA CA G1"
vaid.cdan.dot.gov,No,Yes,17,1,2026-06-24T00:00:00,2027-04-14T23:59:59,27762824007;29444223113;29621973976;28568702815;29522150286;28325312296;27762822089;29431591528;27452183623;29522156769;28325307162;28620901407;28301235327;28568697086;27452181143;28620902702;28301236198,"C=CA, O=Entrust Limited, CN=Entrust OV TLS Issuing RSA CA 2"
vdi-15.dot.gov,No,Yes,2,1,2026-08-18T00:00:00,2027-03-04T23:59:59,28845240599;28827578141,"C=CA, O=Entrust Limited, CN=Entrust OV TLS Issuing RSA CA 2"
vdi-16.dot.gov,No,Yes,2,1,2026-08-18T00:00:00,2027-03-04T23:59:59,28845240599;28827578141,"C=CA, O=Entrust Limited, CN=Entrust OV TLS Issuing RSA CA 2"
vdi-17.dot.gov,No,Yes,2,1,2026-08-18T00:00:00,2027-03-04T23:59:59,28845240599;28827578141,"C=CA, O=Entrust Limited, CN=Entrust OV TLS Issuing RSA CA 2"
vdi-dr.dot.gov,No,Yes,2,1,2026-08-18T00:00:00,2027-03-04T23:59:59,28845240599;28827578141,"C=CA, O=Entrust Limited, CN=Entrust OV TLS Issuing RSA CA 2"
vdi-prod.dot.gov,No,Yes,2,1,2026-08-18T00:00:00,2027-03-04T23:59:59,28845240599;28827578141,"C=CA, O=Entrust Limited, CN=Entrust OV TLS Issuing RSA CA 2"
vdi.dot.gov,Yes,Yes,2,1,2026-08-18T00:00:00,2027-03-04T23:59:59,28845240599;28827578141,"C=CA, O=Entrust Limited, CN=Entrust OV TLS Issuing RSA CA 2"
vdidr-15.dot.gov,No,Yes,2,1,2026-08-18T00:00:00,2027-03-04T23:59:59,28845240599;28827578141,"C=CA, O=Entrust Limited, CN=Entrust OV TLS Issuing RSA CA 2"
vdidr-16.dot.gov,No,Yes,2,1,2026-08-18T00:00:00,2027-03-04T23:59:59,28845240599;28827578141,"C=CA, O=Entrust Limited, CN=Entrust OV TLS Issuing RSA CA 2"
vdidr-17.dot.gov,No,Yes,2,1,2026-08-18T00:00:00,2027-03-04T23:59:59,28845240599;28827578141,"C=CA, O=Entrust Limited, CN=Entrust OV TLS Issuing RSA CA 2"
veritas3b.volpe.dot.gov,No,Yes,1,1,2026-06-29T00:00:00,2027-01-13T23:59:59,27572636754,"C=US, O=DigiCert Inc, OU=www.digicert.com, CN=GeoTrust TLS RSA CA G1"
vesselhistory.marad.dot.gov,No,Yes,10,1,2026-04-06T00:00:00,2027-04-08T23:59:59,29524580524;25555070860;25914094801;25429623068;29585099921;25630738154;29423555290;29423552974;25571883281;25935766484,"C=CA, O=Entrust Limited, CN=Entrust OV TLS Issuing RSA CA 2"
view.nhtsa.dot.gov,Yes,Yes,2,1,2026-02-09T00:00:00,2027-03-12T23:59:59,24287802819;24287768181,"C=US, O=DigiCert Inc, CN=DigiCert Global G2 TLS RSA SHA256 2020 CA1"
vinrcl.nhtsa.dot.gov,No,Yes,16,2,2026-03-25T00:00:00,2027-04-10T23:59:59,25314671739;26689002152;26689086506;25648196656;29563183073;25946996343;29563184560;28476354547;27122606789;26683246025;25215487465;25215467631;27235388008;25580255620;26683167955;26292556096,"C=US, O=DigiCert Inc, OU=www.digicert.com, CN=GeoTrust TLS RSA CA G1;C=CA, O=Entrust Limited, CN=Entrust OV TLS Issuing RSA CA 2"
vips.volpe.dot.gov,Yes,Yes,4,1,2026-01-15T00:00:00,2027-01-15T23:59:59,26663445774;23786571761;26666878568;23786572097,"C=CA, O=Entrust Limited, CN=Entrust OV TLS Issuing RSA CA 2"
vista-api-dev.nhtsa.dot.gov,No,Yes,2,1,2026-02-20T00:00:00,2027-02-20T23:59:59,24536638162;24536619024,"C=CA, O=Entrust Limited, CN=Entrust OV TLS Issuing RSA CA 2"
vista-api-stage.nhtsa.dot.gov,No,Yes,16,2,2025-11-25T00:00:00,2027-02-20T23:59:59,25314671739;24536677631;26689002152;26689086506;25648196656;25312364846;25262154228;28476354547;27122606789;26683246025;24536675724;22724716527;22724698621;27235388008;26683167955;26292556096,"C=US, O=DigiCert Inc, OU=www.digicert.com, CN=GeoTrust TLS RSA CA G1;C=CA, O=Entrust Limited, CN=Entrust OV TLS Issuing RSA CA 2"
vista-api-test.nhtsa.dot.gov,No,Yes,2,1,2026-02-20T00:00:00,2027-02-20T23:59:59,24536638043;24536637640,"C=CA, O=Entrust Limited, CN=Entrust OV TLS Issuing RSA CA 2"
vista-api.nhtsa.dot.gov,No,Yes,14,2,2026-02-20T00:00:00,2027-02-20T23:59:59,25314671739;26689002152;26689086506;25648196656;24536694578;25312364846;25262154228;28476354547;27122606789;26683246025;24536695512;27235388008;26683167955;26292556096,"C=US, O=DigiCert Inc, OU=www.digicert.com, CN=GeoTrust TLS RSA CA G1;C=CA, O=Entrust Limited, CN=Entrust OV TLS Issuing RSA CA 2"
vista-dev.nhtsa.dot.gov,Yes,Yes,2,1,2026-02-20T00:00:00,2027-02-20T23:59:59,24536638162;24536619024,"C=CA, O=Entrust Limited, CN=Entrust OV TLS Issuing RSA CA 2"
vista-prod.nhtsa.dot.gov,Yes,Yes,2,1,2026-02-20T00:00:00,2027-02-20T23:59:59,24536695512;24536694578,"C=CA, O=Entrust Limited, CN=Entrust OV TLS Issuing RSA CA 2"
vista-stage.nhtsa.dot.gov,Yes,Yes,4,1,2025-11-25T00:00:00,2027-02-20T23:59:59,22724698621;24536677631;22724716527;24536675724,"C=CA, O=Entrust Limited, CN=Entrust OV TLS Issuing RSA CA 2"
vista-test.nhtsa.dot.gov,Yes,Yes,2,1,2026-02-20T00:00:00,2027-02-20T23:59:59,24536638043;24536637640,"C=CA, O=Entrust Limited, CN=Entrust OV TLS Issuing RSA CA 2"
vista.nhtsa.dot.gov,Yes,Yes,2,1,2026-06-24T00:00:00,2027-01-08T23:59:59,27451438046;27451436813,"C=CA, O=Entrust Limited, CN=Entrust OV TLS Issuing RSA CA 2"
voice.paserver.dot.gov,Yes,Yes,2,1,2025-11-05T00:00:00,2026-11-05T23:59:59,22232579943;22232556858,"C=CA, O=Entrust Limited, CN=Entrust OV TLS Issuing RSA CA 2"
voice.paserver1.dot.gov,No,Yes,2,1,2025-11-05T00:00:00,2026-11-05T23:59:59,22232579943;22232556858,"C=CA, O=Entrust Limited, CN=Entrust OV TLS Issuing RSA CA 2"
voice.paserver2.dot.gov,No,Yes,2,1,2025-11-05T00:00:00,2026-11-05T23:59:59,22232579943;22232556858,"C=CA, O=Entrust Limited, CN=Entrust OV TLS Issuing RSA CA 2"
voice.ucaas.paserver.dot.gov,Yes,Yes,2,1,2025-11-05T00:00:00,2026-11-05T23:59:59,22232880229;22232848904,"C=CA, O=Entrust Limited, CN=Entrust OV TLS Issuing RSA CA 2"
voicemail.dot.gov,No,Yes,4,1,2026-08-26T00:00:00,2027-03-19T23:59:59,29057282001;29057281813;29231577740;29231578197,"C=CA, O=Entrust Limited, CN=Entrust OV TLS Issuing RSA CA 2"
volpe-guest-1.tsc.dot.gov,Yes,Yes,3,1,2025-10-16T00:00:00,2027-04-18T23:59:59,21763903875;21763918050;29611052276,"C=CA, O=Entrust Limited, CN=Entrust OV TLS Issuing RSA CA 2"
volpe-guest-2.tsc.dot.gov,No,Yes,3,1,2025-10-16T00:00:00,2027-04-18T23:59:59,21763903875;21763918050;29611052276,"C=CA, O=Entrust Limited, CN=Entrust OV TLS Issuing RSA CA 2"
volpe-guest-3.tsc.dot.gov,No,Yes,3,1,2025-10-16T00:00:00,2027-04-18T23:59:59,21763903875;21763918050;29611052276,"C=CA, O=Entrust Limited, CN=Entrust OV TLS Issuing RSA CA 2"
volpe-guest-4.tsc.dot.gov,No,Yes,3,1,2025-10-16T00:00:00,2027-04-18T23:59:59,21763903875;21763918050;29611052276,"C=CA, O=Entrust Limited, CN=Entrust OV TLS Issuing RSA CA 2"
volpe.dot.gov,No,Yes,4,1,2026-01-07T00:00:00,2027-02-07T23:59:59,23612588899;28214536478;23612586290;28214538422,"C=CA, O=Entrust Limited, CN=Entrust OV TLS Issuing RSA CA 2"
volpedashboard.dot.gov,Yes,Yes,2,1,2026-05-19T00:00:00,2026-12-03T23:59:59,26472517928;26470739093,"C=CA, O=Entrust Limited, CN=Entrust OV TLS Issuing RSA CA 2"
volpephonemgr.volpe.dot.gov,Yes,Yes,2,1,2026-01-07T00:00:00,2027-01-07T23:59:59,23612588899;23612586290,"C=CA, O=Entrust Limited, CN=Entrust OV TLS Issuing RSA CA 2"
vpic-stage.NHTSA.dot.gov,No,Yes,2,1,2026-04-22T00:00:00,2026-11-06T23:59:59,25677635708;26013484155,"C=CA, O=Entrust Limited, CN=Entrust OV TLS Issuing RSA CA 2"
vpic-stage.nhtsa.dot.gov,No,Yes,17,2,2025-12-22T00:00:00,2027-01-13T23:59:59,25314671739;26689002152;23295073328;26689086506;25648196656;23295092068;23301919226;25312364846;25262154228;23301933515;27572636754;28476354547;27122606789;26683246025;27235388008;26683167955;26292556096,"C=US, O=DigiCert Inc, OU=www.digicert.com, CN=GeoTrust TLS RSA CA G1;C=CA, O=Entrust Limited, CN=Entrust OV TLS Issuing RSA CA 2"
vpic-test.NHTSA.dot.gov,No,Yes,2,1,2026-04-22T00:00:00,2026-11-06T23:59:59,25677635708;26013484155,"C=CA, O=Entrust Limited, CN=Entrust OV TLS Issuing RSA CA 2"
vpic.NHTSA.dot.gov,No,Yes,2,1,2026-04-22T00:00:00,2026-11-06T23:59:59,25677635708;26013484155,"C=CA, O=Entrust Limited, CN=Entrust OV TLS Issuing RSA CA 2"
vpic.nhtsa.dot.gov,No,Yes,13,1,2026-03-28T00:00:00,2027-01-13T23:59:59,25314671739;26689002152;26689086506;25648196656;25312364846;25262154228;27572636754;28476354547;27122606789;26683246025;27235388008;26683167955;26292556096,"C=US, O=DigiCert Inc, OU=www.digicert.com, CN=GeoTrust TLS RSA CA G1"
vpiclist.cdan.dot.gov,Yes,Yes,2,1,2026-03-31T00:00:00,2026-10-15T23:59:59,25301940568;25303271764,"C=CA, O=Entrust Limited, CN=Entrust OV TLS Issuing RSA CA 2"
vpn.fmcsa.dot.gov,Yes,Yes,4,1,2026-04-07T00:00:00,2027-04-15T23:59:59,25674210885;25443404362;29633065773;29636089187,"C=CA, O=Entrust Limited, CN=Entrust OV TLS Issuing RSA CA 2"
vpn1.fmcsa.dot.gov,No,Yes,4,1,2026-04-07T00:00:00,2027-04-15T23:59:59,25674210885;25443404362;29633065773;29636089187,"C=CA, O=Entrust Limited, CN=Entrust OV TLS Issuing RSA CA 2"
vpn2.fmcsa.dot.gov,No,Yes,4,1,2026-04-07T00:00:00,2027-04-15T23:59:59,25674210885;25443404362;29633065773;29636089187,"C=CA, O=Entrust Limited, CN=Entrust OV TLS Issuing RSA CA 2"
vpnust.fmcsa.dot.gov,No,Yes,4,1,2026-04-07T00:00:00,2027-04-15T23:59:59,25674210885;25443404362;29633065773;29636089187,"C=CA, O=Entrust Limited, CN=Entrust OV TLS Issuing RSA CA 2"
vr.cdan.dot.gov,No,Yes,2,1,2026-06-24T00:00:00,2027-01-08T23:59:59,27452181143;27452183623,"C=CA, O=Entrust Limited, CN=Entrust OV TLS Issuing RSA CA 2"
vuc008.volpe.dot.gov,Yes,Yes,2,1,2026-07-24T00:00:00,2027-02-07T23:59:59,28214536478;28214538422,"C=CA, O=Entrust Limited, CN=Entrust OV TLS Issuing RSA CA 2"
vuc009.volpe.dot.gov,No,Yes,2,1,2026-07-24T00:00:00,2027-02-07T23:59:59,28214536478;28214538422,"C=CA, O=Entrust Limited, CN=Entrust OV TLS Issuing RSA CA 2"
vuc011.volpe.dot.gov,No,Yes,2,1,2026-01-07T00:00:00,2027-01-07T23:59:59,23612588899;23612586290,"C=CA, O=Entrust Limited, CN=Entrust OV TLS Issuing RSA CA 2"
wcis.dot.gov,Yes,Yes,1,1,2025-10-29T00:00:00,2026-11-18T23:59:59,22088900159,"C=US, O=DigiCert Inc, OU=www.digicert.com, CN=GeoTrust TLS RSA CA G1"
webeoc.dot.gov,Yes,Yes,2,1,2026-05-08T00:00:00,2026-11-22T23:59:59,26198248956;26186400717,"C=CA, O=Entrust Limited, CN=Entrust OV TLS Issuing RSA CA 2"
webreview.oig.dot.gov,Yes,Yes,2,1,2026-04-02T00:00:00,2027-03-25T23:59:59,29291202853;25356374022,"C=US, O=DigiCert Inc, CN=DigiCert Global G2 TLS RSA SHA256 2020 CA1"
webreviewauth.oig.dot.gov,Yes,Yes,1,1,2026-09-09T00:00:00,2027-03-26T23:59:59,29313750406,"C=US, O=DigiCert Inc, CN=DigiCert Global G2 TLS RSA SHA256 2020 CA1"
webreviewdocs.oig.dot.gov,Yes,Yes,2,1,2026-04-02T00:00:00,2027-03-25T23:59:59,29291255688;25331677237,"C=US, O=DigiCert Inc, CN=DigiCert Global G2 TLS RSA SHA256 2020 CA1"
websat-stage.nhtsa.dot.gov,No,Yes,15,3,2025-11-13T00:00:00,2026-12-12T23:59:59,27990632291;25556755640;27990653177;24189874406;23056179535;25915971121;28623087594;23076829692;23076856996;22441768280;23056194114;28623128347;22441779423;28935825093;28995732780,"C=US, O=DigiCert Inc, CN=DigiCert Global G3 TLS ECC SHA384 2020 CA1;C=US, O=DigiCert Inc, CN=DigiCert Global G2 TLS RSA SHA256 2020 CA1;C=CA, O=Entrust Limited, CN=Entrust OV TLS Issuing RSA CA 2"
websat.nhtsa.dot.gov,No,Yes,12,3,2025-12-12T00:00:00,2027-04-14T23:59:59,27990632291;27990653177;24189874406;25567761828;28623087594;23076829692;23076856996;28623128347;29634663382;25930851997;28935825093;28995732780,"C=US, O=DigiCert Inc, CN=DigiCert Global G3 TLS ECC SHA384 2020 CA1;C=US, O=DigiCert Inc, CN=DigiCert Global G2 TLS RSA SHA256 2020 CA1;C=CA, O=Entrust Limited, CN=Entrust OV TLS Issuing RSA CA 2"
websiteaccessibility.dot.gov,No,Yes,3,2,2025-11-17T00:00:00,2027-01-13T23:59:59,27572636754;22547055023;22547041073,"C=US, O=DigiCert Inc, OU=www.digicert.com, CN=GeoTrust TLS RSA CA G1;C=CA, O=Entrust Limited, CN=Entrust OV TLS Issuing RSA CA 2"
webtest.oig.dot.gov,Yes,Yes,1,1,2026-09-09T00:00:00,2027-03-26T23:59:59,29313726050,"C=US, O=DigiCert Inc, CN=DigiCert Global G2 TLS RSA SHA256 2020 CA1"
whatsupgold.volpe.dot.gov,Yes,Yes,2,1,2026-05-11T00:00:00,2026-11-25T23:59:59,26258014917;26258064365,"C=CA, O=Entrust Limited, CN=Entrust OV TLS Issuing RSA CA 2"
ws.nhtsa.dot.gov,Yes,Yes,4,1,2025-10-16T00:00:00,2027-03-19T23:59:59,21764166012;21764183177;29231671659;29231671281,"C=CA, O=Entrust Limited, CN=Entrust OV TLS Issuing RSA CA 2"
www-esv.nhtsa.dot.gov,No,Yes,14,2,2025-11-03T00:00:00,2026-12-31T23:59:59,25314671739;22180731149;26689002152;26689086506;25648196656;25312364846;25262154228;28476354547;27122606789;26683246025;27235388008;22180718497;26683167955;26292556096,"C=CA, O=Entrust Limited, CN=Entrust DV TLS Issuing RSA CA 2;C=US, O=DigiCert Inc, OU=www.digicert.com, CN=GeoTrust TLS RSA CA G1"
www-fars.nhtsa.dot.gov,No,Yes,31,2,2026-03-28T00:00:00,2027-04-14T23:59:59,29444223113;26689002152;28325312296;25683251876;29431591528;28325307162;29338666475;29522150286;27762822089;25312364846;29522156769;28301235327;26683246025;29338685106;26292556096;25314671739;27762824007;26689086506;25262154228;28620901407;28476354547;27122606789;27235388008;28301236198;25648196656;25411646857;29621973976;28568702815;28568697086;28620902702;26683167955,"C=US, O=DigiCert Inc, OU=www.digicert.com, CN=GeoTrust TLS RSA CA G1;C=CA, O=Entrust Limited, CN=Entrust OV TLS Issuing RSA CA 2"
www-nrd.nhtsa.dot.gov,No,Yes,14,2,2025-11-03T00:00:00,2026-12-31T23:59:59,25314671739;26689002152;26689086506;25648196656;22180491794;25312364846;25262154228;22180478921;28476354547;27122606789;26683246025;27235388008;26683167955;26292556096,"C=US, O=DigiCert Inc, OU=www.digicert.com, CN=GeoTrust TLS RSA CA G1;C=CA, O=Entrust Limited, CN=Entrust OV TLS Issuing RSA CA 2"
www-odi.nhtsa.dot.gov,Yes,Yes,14,2,2026-03-28T00:00:00,2027-01-08T23:59:59,27452159993;25314671739;26689002152;26689086506;25648196656;25312364846;25262154228;28476354547;27122606789;26683246025;27235388008;27452162223;26683167955;26292556096,"C=US, O=DigiCert Inc, OU=www.digicert.com, CN=GeoTrust TLS RSA CA G1;C=CA, O=Entrust Limited, CN=Entrust OV TLS Issuing RSA CA 2"
www.BOMGARTEST.DOT.GOV,No,Yes,2,1,2026-04-22T00:00:00,2026-11-06T23:59:59,25673136860;26011460704,"C=CA, O=Entrust Limited, CN=Entrust OV TLS Issuing ECC CA 2"
www.DOT-DCA-CUC-P01-ms.fmcsa.dot.gov,No,Yes,2,1,2025-12-16T00:00:00,2026-12-16T23:59:59,23159092571;23159112002,"C=CA, O=Entrust Limited, CN=Entrust OV TLS Issuing RSA CA 2"
www.PHMDR1WAS061.PHMSA.DOT.GOV,No,Yes,2,1,2026-04-30T00:00:00,2026-11-14T23:59:59,25955647250;26110073259,"C=CA, O=Entrust Limited, CN=Entrust OV TLS Issuing ECC CA 2"
www.TSC-BOS-ISE-DC1.tsc.dot.gov,No,Yes,2,1,2025-10-09T00:00:00,2026-10-09T23:59:59,21605720180;21605739162,"C=CA, O=Entrust Limited, CN=Entrust OV TLS Issuing RSA CA 2"
www.TSC-BOS-ISE-DC8.tsc.dot.gov,No,Yes,2,1,2025-10-16T00:00:00,2026-10-16T23:59:59,21766886777;21766900664,"C=CA, O=Entrust Limited, CN=Entrust OV TLS Issuing RSA CA 2"
www.Volpe-Guest-1.tsc.dot.gov,No,Yes,2,1,2025-10-09T00:00:00,2026-10-09T23:59:59,21605720180;21605739162,"C=CA, O=Entrust Limited, CN=Entrust OV TLS Issuing RSA CA 2"
www.Volpedashboard.dot.gov,No,Yes,2,1,2026-05-19T00:00:00,2026-12-03T23:59:59,26472517928;26470739093,"C=CA, O=Entrust Limited, CN=Entrust OV TLS Issuing RSA CA 2"
www.ac.dot.gov,No,Yes,2,1,2026-04-13T00:00:00,2026-10-28T23:59:59,25857124255;25524891204,"C=CA, O=Entrust Limited, CN=Entrust OV TLS Issuing RSA CA 2"
www.adfs.dot.gov,No,Yes,2,1,2026-04-22T00:00:00,2026-11-06T23:59:59,25679407268;26014169674,"C=CA, O=Entrust Limited, CN=Entrust OV TLS Issuing RSA CA 2"
www.airconsumer.dot.gov,No,Yes,2,1,2026-05-06T00:00:00,2026-11-20T23:59:59,26170395670;26124202248,"C=CA, O=Entrust Limited, CN=Entrust OV TLS Issuing RSA CA 2"
www.ais.volpe.dot.gov,No,Yes,4,1,2026-01-15T00:00:00,2027-01-15T23:59:59,26666900768;23786582889;26663408898;23786581513,"C=CA, O=Entrust Limited, CN=Entrust OV TLS Issuing RSA CA 2"
www.api-dev.ost.dot.gov,No,Yes,2,1,2026-04-20T00:00:00,2026-11-04T23:59:59,25985563808;25611274176,"C=CA, O=Entrust Limited, CN=Entrust OV TLS Issuing RSA CA 2"
www.api-stg.ost.dot.gov,No,Yes,2,1,2026-04-20T00:00:00,2026-11-04T23:59:59,25986016196;25611708724,"C=CA, O=Entrust Limited, CN=Entrust OV TLS Issuing RSA CA 2"
www.api.fmcsa.dot.gov,No,Yes,2,1,2026-07-16T00:00:00,2027-01-30T23:59:59,27983813412;27983815060,"C=CA, O=Entrust Limited, CN=Entrust OV TLS Issuing RSA CA 2"
www.api.ost.dot.gov,No,Yes,2,1,2026-04-20T00:00:00,2026-11-04T23:59:59,25985999659;25611690207,"C=CA, O=Entrust Limited, CN=Entrust OV TLS Issuing RSA CA 2"
www.api.seavision.volpe.dot.gov,No,Yes,2,1,2026-08-12T00:00:00,2027-02-26T23:59:59,28771533710;28771164134,"C=CA, O=Entrust Limited, CN=Entrust OV TLS Issuing RSA CA 2"
www.api.stag.seavision.volpe.dot.gov,No,Yes,2,1,2026-08-12T00:00:00,2027-02-26T23:59:59,28771699731;28772166226,"C=CA, O=Entrust Limited, CN=Entrust OV TLS Issuing RSA CA 2"
www.appspace-volpe.volpe.dot.gov,No,Yes,2,1,2026-08-26T00:00:00,2027-03-12T23:59:59,29054597001;29054598481,"C=CA, O=Entrust Limited, CN=Entrust OV TLS Issuing RSA CA 2"
www.artn.dot.gov,No,Yes,2,1,2026-01-21T00:00:00,2027-01-21T23:59:59,23902679069;23902680156,"C=CA, O=Entrust Limited, CN=Entrust OV TLS Issuing RSA CA 2"
www.auth-api.fmcsa.dot.gov,No,Yes,2,1,2026-07-16T00:00:00,2027-01-30T23:59:59,27983837712;27983838532,"C=CA, O=Entrust Limited, CN=Entrust OV TLS Issuing RSA CA 2"
www.avtest.nhtsa.dot.gov,No,Yes,2,1,2026-05-11T00:00:00,2026-11-25T23:59:59,26254640326;26254593999,"C=CA, O=Entrust Limited, CN=Entrust OV TLS Issuing RSA CA 2"
www.balancer1.nhtsa.dot.gov,No,Yes,2,1,2025-11-03T00:00:00,2026-11-03T23:59:59,22180613924;22180626436,"C=CA, O=Entrust Limited, CN=Entrust OV TLS Issuing RSA CA 2"
www.bip.fhwa.dot.gov,No,Yes,2,1,2026-07-13T00:00:00,2027-01-27T23:59:59,27901534491;27901535572,"C=CA, O=Entrust Limited, CN=Entrust OV TLS Issuing RSA CA 2"
www.borderplanning.fhwa.dot.gov,No,Yes,6,1,2025-11-05T00:00:00,2027-03-26T23:59:59,22232421146;29311142984;22231823509;22232437178;22231802250;29311143283,"C=CA, O=Entrust Limited, CN=Entrust OV TLS Issuing RSA CA 2"
www.bridge.flhd.fhwa.dot.gov,No,Yes,2,1,2026-09-25T00:00:00,2027-04-11T23:59:59,29582231197;29580081708,"C=CA, O=Entrust Limited, CN=Entrust OV TLS Issuing RSA CA 2"
www.bts.dot.gov,No,Yes,6,2,2025-11-04T00:00:00,2027-01-31T23:59:59,22210815537;28017986293;28012928244;27907735705;22210840798;27927806033,"C=US, O=DigiCert Inc, OU=www.digicert.com, CN=GeoTrust TLS RSA CA G1;C=CA, O=Entrust Limited, CN=Entrust OV TLS Issuing RSA CA 2"
www.cbi-stage.nhtsa.dot.gov,No,Yes,8,1,2026-04-06T00:00:00,2027-01-06T23:59:59,25431242903;25635744540;25457991893;27401910280;25729739044;27401912304;27401345877;27401346847,"C=CA, O=Entrust Limited, CN=Entrust OV TLS Issuing RSA CA 2"
www.cbi.nhtsa.dot.gov,No,Yes,6,1,2026-04-06T00:00:00,2027-01-29T23:59:59,25729791287;25431226239;25635697436;27954780158;25458010866;27954781498,"C=CA, O=Entrust Limited, CN=Entrust OV TLS Issuing RSA CA 2"
www.cbiuser-stage.nhtsa.dot.gov,No,Yes,2,1,2026-07-24T00:00:00,2027-02-07T23:59:59,28214359861;28214357948,"C=CA, O=Entrust Limited, CN=Entrust OV TLS Issuing RSA CA 2"
www.cbiuser.nhtsa.dot.gov,No,Yes,2,1,2026-07-15T00:00:00,2027-01-29T23:59:59,27954841158;27954840888,"C=CA, O=Entrust Limited, CN=Entrust OV TLS Issuing RSA CA 2"
www.cbiuserapi-stage.nhtsa.dot.gov,No,Yes,2,1,2026-07-24T00:00:00,2027-02-07T23:59:59,28214395507;28214391586,"C=CA, O=Entrust Limited, CN=Entrust OV TLS Issuing RSA CA 2"
www.cbiuserapi.nhtsa.dot.gov,No,Yes,2,1,2026-07-15T00:00:00,2027-01-29T23:59:59,27954891131;27954886712,"C=CA, O=Entrust Limited, CN=Entrust OV TLS Issuing RSA CA 2"
www.cdan-test.nhtsa.dot.gov,No,Yes,2,1,2026-07-07T00:00:00,2027-01-21T23:59:59,27759380112;27759379146,"C=CA, O=Entrust Limited, CN=Entrust OV TLS Issuing RSA CA 2"
www.cdlis.dot.gov,No,Yes,2,1,2026-02-09T00:00:00,2027-02-09T23:59:59,24289618223;24289602747,"C=CA, O=Entrust Limited, CN=Entrust OV TLS Issuing RSA CA 2"
www.chat.seavision.volpe.dot.gov,No,Yes,2,1,2026-08-12T00:00:00,2027-02-26T23:59:59,28771535679;28771164159,"C=CA, O=Entrust Limited, CN=Entrust OV TLS Issuing RSA CA 2"
www.chat.stag.seavision.volpe.dot.gov,No,Yes,2,1,2026-08-12T00:00:00,2027-02-26T23:59:59,28771522133;28771926893,"C=CA, O=Entrust Limited, CN=Entrust OV TLS Issuing RSA CA 2"
www.checkthebox.dot.gov,No,Yes,4,1,2026-07-13T00:00:00,2027-01-31T23:59:59,28017986293;27927806033;27907735705;28012928244,"C=US, O=DigiCert Inc, OU=www.digicert.com, CN=GeoTrust TLS RSA CA G1"
www.ci.nhtsa.dot.gov,No,Yes,2,1,2026-05-14T00:00:00,2026-11-28T23:59:59,26357046826;26329698399,"C=CA, O=Entrust Limited, CN=Entrust OV TLS Issuing RSA CA 2"
www.civilrights.dot.gov,No,Yes,4,1,2026-07-13T00:00:00,2027-01-31T23:59:59,28017986293;27927806033;27907735705;28012928244,"C=US, O=DigiCert Inc, OU=www.digicert.com, CN=GeoTrust TLS RSA CA G1"
www.cmdb.marad.dot.gov,No,Yes,2,1,2026-08-20T00:00:00,2027-03-06T23:59:59,28866699091;28856055593,"C=CA, O=Entrust Limited, CN=Entrust OV TLS Issuing RSA CA 2"
www.cmfclearinghouse.fhwa.dot.gov,No,Yes,2,1,2026-04-13T00:00:00,2026-10-28T23:59:59,25526936318;25861654916,"C=CA, O=Entrust Limited, CN=Entrust OV TLS Issuing RSA CA 2"
www.collab-stg.nhtsa.dot.gov,No,Yes,2,1,2025-12-04T00:00:00,2026-12-04T23:59:59,22895211022;22895202615,"C=CA, O=Entrust Limited, CN=Entrust OV TLS Issuing RSA CA 2"
www.collab.nhtsa.dot.gov,No,Yes,5,1,2025-10-27T00:00:00,2027-04-15T23:59:59,29633603861;22044907378;29473780582;22044893860;29441388511,"C=CA, O=Entrust Limited, CN=Entrust OV TLS Issuing RSA CA 2"
www.corridors.dot.gov,No,Yes,6,1,2025-11-05T00:00:00,2027-03-26T23:59:59,22232421146;29311142984;22231823509;22232437178;22231802250;29311143283,"C=CA, O=Entrust Limited, CN=Entrust OV TLS Issuing RSA CA 2"
www.crashstats.nhtsa.dot.gov,No,Yes,10,1,2026-09-01T00:00:00,2027-03-19T23:59:59,29231309692;29212810681;29212851143;29212811025;29215059405;29215175932;29215056768;29215056717;29212814847;29231309556,"C=CA, O=Entrust Limited, CN=Entrust OV TLS Issuing RSA CA 2"
www.crashviewer.nhtsa.dot.gov,No,Yes,4,1,2026-04-07T00:00:00,2027-03-28T23:59:59,29355388484;25445765904;25683213648;29355384682,"C=CA, O=Entrust Limited, CN=Entrust OV TLS Issuing RSA CA 2"
www.crd.dot.gov,No,Yes,6,1,2025-11-05T00:00:00,2027-03-26T23:59:59,22232421146;29311142984;22231823509;22232437178;22231802250;29311143283,"C=CA, O=Entrust Limited, CN=Entrust OV TLS Issuing RSA CA 2"
www.damis.dot.gov,No,Yes,2,1,2025-12-05T00:00:00,2026-12-05T23:59:59,22911060868;22911081842,"C=CA, O=Entrust Limited, CN=Entrust OV TLS Issuing ECC CA 2"
www.data.fra.dot.gov,No,Yes,4,1,2026-07-13T00:00:00,2027-01-31T23:59:59,28017986293;27927806033;27907735705;28012928244,"C=US, O=DigiCert Inc, OU=www.digicert.com, CN=GeoTrust TLS RSA CA G1"
www.data.infoptf.fhwa.dot.gov,No,Yes,2,1,2026-09-08T00:00:00,2027-03-25T23:59:59,29294896497;29294896009,"C=CA, O=Entrust Limited, CN=Entrust OV TLS Issuing RSA CA 2"
www.dataaccess.volpe.dot.gov,No,Yes,2,1,2026-01-05T00:00:00,2027-01-05T23:59:59,23571111795;23571111920,"C=CA, O=Entrust Limited, CN=Entrust OV TLS Issuing RSA CA 2"
www.dev-ncap.nhtsa.dot.gov,No,Yes,2,1,2025-10-28T00:00:00,2026-10-28T23:59:59,22062938645;22062925092,"C=CA, O=Entrust Limited, CN=Entrust OV TLS Issuing RSA CA 2"
www.dev.explore.dot.gov,No,Yes,2,1,2026-09-01T00:00:00,2027-03-18T23:59:59,29211023804;29212812164,"C=CA, O=Entrust Limited, CN=Entrust OV TLS Issuing RSA CA 2"
www.dot-aze-dns-003.ext.dot.gov,No,Yes,4,1,2026-01-08T00:00:00,2027-01-14T23:59:59,23636586581;23636584959;23766432279;23766432799,"C=CA, O=Entrust Limited, CN=Entrust OV TLS Issuing RSA CA 2"
www.dot.gov,Yes,Yes,8,2,2025-11-04T00:00:00,2027-01-31T23:59:59,22210815537;28017986293;28012928244;22547055023;22547041073;27907735705;22210840798;27927806033,"C=US, O=DigiCert Inc, OU=www.digicert.com, CN=GeoTrust TLS RSA CA G1;C=CA, O=Entrust Limited, CN=Entrust OV TLS Issuing RSA CA 2"
www.dothqnwas538vg.ad.dot.gov,No,Yes,2,1,2026-01-05T00:00:00,2027-01-05T23:59:59,23573785795;23573786229,"C=CA, O=Entrust Limited, CN=Entrust OV TLS Issuing RSA CA 2"
www.dothqnwas539vg.ad.dot.gov,No,Yes,2,1,2026-01-05T00:00:00,2027-01-05T23:59:59,23573776107;23573771760,"C=CA, O=Entrust Limited, CN=Entrust OV TLS Issuing RSA CA 2"
www.drift.dot.gov,No,Yes,2,1,2026-08-18T00:00:00,2027-03-04T23:59:59,28843735276;28823482712,"C=CA, O=Entrust Limited, CN=Entrust OV TLS Issuing RSA CA 2"
www.eas.dot.gov,No,Yes,3,1,2026-04-06T00:00:00,2027-04-17T23:59:59,25428476357;29591436907;25626518991,"C=CA, O=Entrust Limited, CN=Entrust OV TLS Issuing RSA CA 2"
www.eeo-etk.dot.gov,No,Yes,2,1,2026-05-07T00:00:00,2026-11-21T23:59:59,26155695202;26185244165,"C=CA, O=Entrust Limited, CN=Entrust OV TLS Issuing RSA CA 2"
www.eflbip.fhwa.dot.gov,No,Yes,2,1,2026-05-07T00:00:00,2026-11-21T23:59:59,26154157529;26184978529,"C=CA, O=Entrust Limited, CN=Entrust OV TLS Issuing RSA CA 2"
www.entellitrak-test.docr.dot.gov,No,Yes,2,1,2026-01-08T00:00:00,2027-01-08T23:59:59,23637691656;23637692650,"C=CA, O=Entrust Limited, CN=Entrust OV TLS Issuing RSA CA 2"
www.entellitrak.docr.dot.gov,No,Yes,2,1,2026-08-17T00:00:00,2027-03-03T23:59:59,28817032269;28832100151,"C=CA, O=Entrust Limited, CN=Entrust OV TLS Issuing RSA CA 2"
www.environment.fhwa.dot.gov,No,Yes,6,1,2025-11-05T00:00:00,2027-03-26T23:59:59,25172146716;29311142984;22231823509;22231802250;29311143283;25172167031,"C=CA, O=Entrust Limited, CN=Entrust OV TLS Issuing RSA CA 2"
www.esubmit.rita.dot.gov,No,Yes,2,1,2026-07-23T00:00:00,2027-02-06T23:59:59,28189898281;28189892571,"C=CA, O=Entrust Limited, CN=Entrust OV TLS Issuing RSA CA 2"
www.explore.dot.gov,No,Yes,2,1,2026-04-14T00:00:00,2026-10-29T23:59:59,25886846323;25538331943,"C=CA, O=Entrust Limited, CN=Entrust OV TLS Issuing RSA CA 2"
www.export.infoptf.fhwa.dot.gov,No,Yes,2,1,2026-09-08T00:00:00,2027-03-25T23:59:59,29294908572;29294908625,"C=CA, O=Entrust Limited, CN=Entrust OV TLS Issuing RSA CA 2"
www.faces.fta.dot.gov,No,Yes,2,1,2026-09-10T00:00:00,2027-03-27T23:59:59,29336822790;29336822385,"C=CA, O=Entrust Limited, CN=Entrust OV TLS Issuing RSA CA 2"
www.fhfl15gisweb.flhd.fhwa.dot.gov,No,Yes,2,1,2026-08-10T00:00:00,2027-02-24T23:59:59,28714945365;28714946559,"C=CA, O=Entrust Limited, CN=Entrust OV TLS Issuing RSA CA 2"
www.fhwa-dr.fhwa.dot.gov,No,Yes,4,1,2026-04-13T00:00:00,2027-04-15T23:59:59,25526871962;29636668310;29633570054;25861529108,"C=CA, O=Entrust Limited, CN=Entrust OV TLS Issuing RSA CA 2"
www.fhwa.dot.gov,Yes,Yes,6,1,2025-11-05T00:00:00,2027-03-26T23:59:59,22232421146;29311142984;22231823509;22232437178;22231802250;29311143283,"C=CA, O=Entrust Limited, CN=Entrust OV TLS Issuing RSA CA 2"
www.fhwaapps-dr.fhwa.dot.gov,No,Yes,2,1,2026-07-24T00:00:00,2027-02-07T23:59:59,28221296085;28221295062,"C=CA, O=Entrust Limited, CN=Entrust OV TLS Issuing RSA CA 2"
www.fhwaapps.fhwa.dot.gov,No,Yes,4,1,2026-01-16T00:00:00,2027-02-02T23:59:59,23808342911;23808343128;24146201204;24146202377,"C=CA, O=Entrust Limited, CN=Entrust OV TLS Issuing RSA CA 2"
www.fhwdr1was901vg.ext.dot.gov,No,Yes,4,1,2026-04-13T00:00:00,2027-04-15T23:59:59,25526871962;29636668310;29633570054;25861529108,"C=CA, O=Entrust Limited, CN=Entrust OV TLS Issuing RSA CA 2"
www.fhwdreovc-rpad.ad.dot.gov,No,Yes,2,1,2026-06-04T00:00:00,2026-12-19T23:59:59,26894870921;26894845202,"C=CA, O=Entrust Limited, CN=Entrust OV TLS Issuing RSA CA 2"
www.fhwdreovc-rpad.dot.gov,No,Yes,2,1,2026-06-04T00:00:00,2026-12-19T23:59:59,26894870921;26894845202,"C=CA, O=Entrust Limited, CN=Entrust OV TLS Issuing RSA CA 2"
www.fhwhqeovc-rpad2.dot.gov,No,Yes,2,1,2026-06-04T00:00:00,2026-12-19T23:59:59,26894785556;26894827206,"C=CA, O=Entrust Limited, CN=Entrust OV TLS Issuing RSA CA 2"
www.fhwpdxwas009vg.hfl17do1.wfl.fld.fhwa.dot.gov,No,Yes,2,1,2026-08-17T00:00:00,2027-03-03T23:59:59,28794508651;28833662685,"C=CA, O=Entrust Limited, CN=Entrust OV TLS Issuing RSA CA 2"
www.fmcsa.dot.gov,No,Yes,6,2,2025-11-04T00:00:00,2027-01-31T23:59:59,22210815537;28017986293;28012928244;27907735705;22210840798;27927806033,"C=US, O=DigiCert Inc, OU=www.digicert.com, CN=GeoTrust TLS RSA CA G1;C=CA, O=Entrust Limited, CN=Entrust OV TLS Issuing RSA CA 2"
www.foiaxpress-test.dot.gov,No,Yes,2,1,2026-04-27T00:00:00,2026-11-11T23:59:59,26069179951;25847537483,"C=CA, O=Entrust Limited, CN=Entrust OV TLS Issuing RSA CA 2"
www.foiaxpress.dot.gov,No,Yes,2,1,2026-04-24T00:00:00,2026-11-08T23:59:59,25751593129;26036702519,"C=CA, O=Entrust Limited, CN=Entrust OV TLS Issuing RSA CA 2"
www.foiaxpress.oig.dot.gov,No,Yes,2,1,2026-04-27T00:00:00,2026-11-11T23:59:59,25847479126;26069164546,"C=CA, O=Entrust Limited, CN=Entrust OV TLS Issuing RSA CA 2"
www.foiaxpressuat.oig.dot.gov,No,Yes,2,1,2025-10-15T00:00:00,2026-10-15T23:59:59,21742263588;21742279112,"C=CA, O=Entrust Limited, CN=Entrust OV TLS Issuing RSA CA 2"
www.fpcb.ops.fhwa.dot.gov,No,Yes,6,1,2025-11-05T00:00:00,2027-03-26T23:59:59,22232421146;29311142984;22231823509;22232437178;22231802250;29311143283,"C=CA, O=Entrust Limited, CN=Entrust OV TLS Issuing RSA CA 2"
www.fra.dot.gov,Yes,Yes,6,1,2026-03-25T00:00:00,2026-11-01T23:59:59,25219050025;25217245801;25219023989;25947496223;25217258862;25580488029,"C=CA, O=Entrust Limited, CN=Entrust OV TLS Issuing RSA CA 2"
www.fragis.fra.dot.gov,No,Yes,2,1,2026-07-21T00:00:00,2027-02-04T23:59:59,28131037542;28131038819,"C=CA, O=Entrust Limited, CN=Entrust OV TLS Issuing RSA CA 2"
www.freight.dot.gov,No,Yes,6,1,2025-11-05T00:00:00,2027-03-26T23:59:59,22232421146;29311142984;22231823509;22232437178;22231802250;29311143283,"C=CA, O=Entrust Limited, CN=Entrust OV TLS Issuing RSA CA 2"
www.fta.dot.gov,No,Yes,6,2,2025-11-04T00:00:00,2027-01-31T23:59:59,22210815537;28017986293;28012928244;27907735705;22210840798;27927806033,"C=US, O=DigiCert Inc, OU=www.digicert.com, CN=GeoTrust TLS RSA CA G1;C=CA, O=Entrust Limited, CN=Entrust OV TLS Issuing RSA CA 2"
www.ftaawslasd001vg.ad.dot.gov,No,Yes,2,1,2026-06-23T00:00:00,2027-01-07T23:59:59,27429442328;27429445345,"C=CA, O=Entrust Limited, CN=Entrust OV TLS Issuing RSA CA 2"
www.ftabitbucket.ad.dot.gov,No,Yes,2,1,2025-12-30T00:00:00,2026-12-30T23:59:59,23463501074;23463516768,"C=CA, O=Entrust Limited, CN=Entrust OV TLS Issuing RSA CA 2"
www.ftaconfluence.ad.dot.gov,No,Yes,2,1,2025-12-30T00:00:00,2026-12-30T23:59:59,23463560767;23463546407,"C=CA, O=Entrust Limited, CN=Entrust OV TLS Issuing RSA CA 2"
www.ftafmscoop.ad.dot.gov,No,Yes,2,1,2026-06-01T00:00:00,2026-12-16T23:59:59,26802516476;26802495472,"C=CA, O=Entrust Limited, CN=Entrust OV TLS Issuing RSA CA 2"
www.ftafmsdev.ad.dot.gov,No,Yes,2,1,2026-05-08T00:00:00,2026-11-22T23:59:59,26183077506;26197189343,"C=CA, O=Entrust Limited, CN=Entrust OV TLS Issuing RSA CA 2"
www.ftafmstest.ad.dot.gov,No,Yes,2,1,2026-05-08T00:00:00,2026-11-22T23:59:59,26183112223;26197205779,"C=CA, O=Entrust Limited, CN=Entrust OV TLS Issuing RSA CA 2"
www.ftahqelas013vg-fms.ad.dot.gov,No,Yes,2,1,2025-11-21T00:00:00,2026-11-21T23:59:59,22641915749;22641932363,"C=CA, O=Entrust Limited, CN=Entrust OV TLS Issuing RSA CA 2"
www.ftajira-test.fta.dot.gov,No,Yes,2,1,2025-12-15T00:00:00,2026-12-15T23:59:59,23138146768;23138166805,"C=CA, O=Entrust Limited, CN=Entrust OV TLS Issuing RSA CA 2"
www.ftajira.fta.dot.gov,No,Yes,2,1,2025-12-30T00:00:00,2026-12-30T23:59:59,23463482472;23463466632,"C=CA, O=Entrust Limited, CN=Entrust OV TLS Issuing RSA CA 2"
www.ftasqltest01vg.ad.dot.gov,No,Yes,2,1,2026-09-02T00:00:00,2027-03-19T23:59:59,29233592497;29232199783,"C=CA, O=Entrust Limited, CN=Entrust OV TLS Issuing RSA CA 2"
www.ftawebapps.fta.dot.gov,No,Yes,6,1,2026-01-07T00:00:00,2027-03-10T23:59:59,23613314073;25296057115;25296086288;23613312284;24905287419;24905287750,"C=CA, O=Entrust Limited, CN=Entrust OV TLS Issuing RSA CA 2"
www.geo.dot.gov,No,Yes,3,1,2026-09-24T00:00:00,2027-04-17T23:59:59,29606421184;29564035316;29587974596,"C=CA, O=Entrust Limited, CN=Entrust OV TLS Issuing RSA CA 2"
www.gis.fhwa.dot.gov,Yes,Yes,2,1,2026-07-20T00:00:00,2027-02-03T23:59:59,28095967961;28095967345,"C=CA, O=Entrust Limited, CN=Entrust OV TLS Issuing RSA CA 2"
www.git-stage.dot.gov,No,Yes,4,1,2026-03-23T00:00:00,2027-03-19T23:59:59,25172003879;25172018474;29230160129;29231613980,"C=CA, O=Entrust Limited, CN=Entrust OV TLS Issuing RSA CA 2"
www.hfcc.dot.gov,No,Yes,2,1,2025-11-18T00:00:00,2026-11-18T23:59:59,22571973146;22571954568,"C=CA, O=Entrust Limited, CN=Entrust OV TLS Issuing RSA CA 2"
www.hybrid.dot.gov,No,Yes,6,1,2026-08-24T00:00:00,2027-03-12T23:59:59,29051786186;29052590846;29052585882;29051787005;28999072836;28999076064,"C=CA, O=Entrust Limited, CN=Entrust OV TLS Issuing RSA CA 2"
www.idm.volpe.dot.gov,No,Yes,2,1,2026-07-17T00:00:00,2027-01-31T23:59:59,28012291651;28012290645,"C=CA, O=Entrust Limited, CN=Entrust OV TLS Issuing RSA CA 2"
www.info.seavision.volpe.dot.gov,No,Yes,2,1,2026-08-12T00:00:00,2027-02-26T23:59:59,28772159197;28771691591,"C=CA, O=Entrust Limited, CN=Entrust OV TLS Issuing RSA CA 2"
www.infobridge.fhwa.dot.gov,No,Yes,2,1,2026-01-06T00:00:00,2027-01-06T23:59:59,23588401379;23588402542,"C=CA, O=Entrust Limited, CN=Entrust OV TLS Issuing RSA CA 2"
www.infohighway.fhwa.dot.gov,No,Yes,2,1,2026-05-29T00:00:00,2026-12-13T23:59:59,26738981989;26738955619,"C=CA, O=Entrust Limited, CN=Entrust OV TLS Issuing RSA CA 2"
www.infomaterials.fhwa.dot.gov,No,Yes,2,1,2026-05-29T00:00:00,2026-12-13T23:59:59,26738995449;26738973155,"C=CA, O=Entrust Limited, CN=Entrust OV TLS Issuing RSA CA 2"
www.infoptf.fhwa.dot.gov,No,Yes,2,1,2026-09-08T00:00:00,2027-03-25T23:59:59,29294889304;29294889352,"C=CA, O=Entrust Limited, CN=Entrust OV TLS Issuing RSA CA 2"
www.infotechnology.fhwa.dot.gov,No,Yes,2,1,2026-05-29T00:00:00,2026-12-13T23:59:59,26739014535;26738993193,"C=CA, O=Entrust Limited, CN=Entrust OV TLS Issuing RSA CA 2"
www.inpct.fhwa.dot.gov,No,Yes,2,1,2025-11-18T00:00:00,2026-11-18T23:59:59,22566789255;22566806097,"C=CA, O=Entrust Limited, CN=Entrust OV TLS Issuing RSA CA 2"
www.internal.explore.dot.gov,No,Yes,2,1,2026-05-29T00:00:00,2026-12-13T23:59:59,26732600594;26732631142,"C=CA, O=Entrust Limited, CN=Entrust OV TLS Issuing RSA CA 2"
www.international.fhwa.dot.gov,No,Yes,6,1,2025-11-05T00:00:00,2027-03-26T23:59:59,22232421146;29311142984;22231823509;22232437178;22231802250;29311143283,"C=CA, O=Entrust Limited, CN=Entrust OV TLS Issuing RSA CA 2"
www.itip-web-dev.fhwa.dot.gov,No,Yes,2,1,2026-05-20T00:00:00,2026-12-04T23:59:59,26501383547;26501411313,"C=CA, O=Entrust Limited, CN=Entrust OV TLS Issuing RSA CA 2"
www.itip-web-prod.fhwa.dot.gov,No,Yes,2,1,2026-05-20T00:00:00,2026-12-04T23:59:59,26501395297;26501474786,"C=CA, O=Entrust Limited, CN=Entrust OV TLS Issuing RSA CA 2"
www.itip-web-test.fhwa.dot.gov,No,Yes,2,1,2026-05-20T00:00:00,2026-12-04T23:59:59,26501420035;26501383876,"C=CA, O=Entrust Limited, CN=Entrust OV TLS Issuing RSA CA 2"
www.its.dot.gov,No,Yes,6,1,2025-11-05T00:00:00,2027-03-26T23:59:59,22232421146;29311142984;22231823509;22232437178;22231802250;29311143283,"C=CA, O=Entrust Limited, CN=Entrust OV TLS Issuing RSA CA 2"
www.itsjpohub.fhwa.dot.gov,No,Yes,2,1,2026-05-29T00:00:00,2026-12-13T23:59:59,26735444231;26735409821,"C=CA, O=Entrust Limited, CN=Entrust OV TLS Issuing RSA CA 2"
www.itsjpohub2-t.fhwa.dot.gov,No,Yes,2,1,2026-09-03T00:00:00,2027-03-20T23:59:59,29238260883;29244900543,"C=CA, O=Entrust Limited, CN=Entrust OV TLS Issuing RSA CA 2"
www.itskrs.its.dot.gov,No,Yes,6,2,2025-11-04T00:00:00,2027-01-31T23:59:59,22210815537;28017986293;28012928244;27907735705;22210840798;27927806033,"C=US, O=DigiCert Inc, OU=www.digicert.com, CN=GeoTrust TLS RSA CA G1;C=CA, O=Entrust Limited, CN=Entrust OV TLS Issuing RSA CA 2"
www.jira-stage.fta.dot.gov,No,Yes,2,1,2025-10-14T00:00:00,2026-10-14T23:59:59,21721253339;21721266228,"C=CA, O=Entrust Limited, CN=Entrust OV TLS Issuing RSA CA 2"
www.learn.dot.gov,No,Yes,2,1,2026-07-14T00:00:00,2027-01-28T23:59:59,27927745536;27927734667,"C=CA, O=Entrust Limited, CN=Entrust OV TLS Issuing RSA CA 2"
www.logger.dot.gov,No,Yes,2,1,2026-05-12T00:00:00,2026-11-26T23:59:59,26288972841;26289007016,"C=CA, O=Entrust Limited, CN=Entrust OV TLS Issuing RSA CA 2"
www.login.fta.dot.gov,No,Yes,2,1,2026-08-17T00:00:00,2027-03-03T23:59:59,28833528033;28794325035,"C=CA, O=Entrust Limited, CN=Entrust OV TLS Issuing RSA CA 2"
www.mailscan.dot.gov,No,Yes,4,1,2026-04-08T00:00:00,2027-04-09T23:59:59,25458064501;25729944011;29542904476;29542904496,"C=CA, O=Entrust Limited, CN=Entrust OV TLS Issuing RSA CA 2"
www.maps.dot.gov,No,Yes,3,1,2026-09-24T00:00:00,2027-04-17T23:59:59,29564045951;29566487714;29592463036,"C=CA, O=Entrust Limited, CN=Entrust OV TLS Issuing RSA CA 2"
www.maps.geoapps.dot.gov,No,Yes,4,1,2025-10-16T00:00:00,2027-04-10T23:59:59,21761367864;29564058310;29585872038;21761363061,"C=CA, O=Entrust Limited, CN=Entrust OV TLS Issuing RSA CA 2"
www.marad.dot.gov,No,Yes,5,1,2026-06-29T00:00:00,2027-01-31T23:59:59,28017986293;28012928244;27907735705;27572636754;27927806033,"C=US, O=DigiCert Inc, OU=www.digicert.com, CN=GeoTrust TLS RSA CA G1"
www.maritime.dot.gov,No,Yes,6,2,2025-11-04T00:00:00,2027-01-31T23:59:59,22210815537;28017986293;28012928244;27907735705;22210840798;27927806033,"C=US, O=DigiCert Inc, OU=www.digicert.com, CN=GeoTrust TLS RSA CA G1;C=CA, O=Entrust Limited, CN=Entrust OV TLS Issuing RSA CA 2"
www.mda.volpe.dot.gov,No,Yes,2,1,2026-01-14T00:00:00,2027-01-14T23:59:59,23766126359;23766126810,"C=CA, O=Entrust Limited, CN=Entrust OV TLS Issuing RSA CA 2"
www.msa.volpe.dot.gov,No,Yes,2,1,2026-01-15T00:00:00,2027-01-15T23:59:59,23786521852;23786522971,"C=CA, O=Entrust Limited, CN=Entrust OV TLS Issuing RSA CA 2"
www.mssis.volpe.dot.gov,No,Yes,2,1,2026-01-15T00:00:00,2027-01-15T23:59:59,23786534145;23786521774,"C=CA, O=Entrust Limited, CN=Entrust OV TLS Issuing RSA CA 2"
www.mutcd.fhwa.dot.gov,No,Yes,6,1,2025-11-05T00:00:00,2027-03-26T23:59:59,22232421146;29311142984;22231823509;22232437178;22231802250;29311143283,"C=CA, O=Entrust Limited, CN=Entrust OV TLS Issuing RSA CA 2"
www.nad.dot.gov,No,Yes,2,1,2026-09-14T00:00:00,2027-03-31T23:59:59,29424379184;29424375972,"C=CA, O=Entrust Limited, CN=Entrust OV TLS Issuing RSA CA 2"
www.nbtis-api-prod.fhwa.dot.gov,No,Yes,2,1,2026-01-21T00:00:00,2027-01-21T23:59:59,23901164483;23901165246,"C=CA, O=Entrust Limited, CN=Entrust OV TLS Issuing RSA CA 2"
www.nbtis-api-stage.fhwa.dot.gov,No,Yes,2,1,2025-12-11T00:00:00,2026-12-11T23:59:59,23056842306;23056870904,"C=CA, O=Entrust Limited, CN=Entrust OV TLS Issuing RSA CA 2"
www.nbtis-prod.fhwa.dot.gov,No,Yes,2,1,2026-01-21T00:00:00,2027-01-21T23:59:59,23901164483;23901165246,"C=CA, O=Entrust Limited, CN=Entrust OV TLS Issuing RSA CA 2"
www.nbtis-stage.fhwa.dot.gov,No,Yes,2,1,2025-12-11T00:00:00,2026-12-11T23:59:59,23056842306;23056870904,"C=CA, O=Entrust Limited, CN=Entrust OV TLS Issuing RSA CA 2"
www.ncap-stage.nhtsa.dot.gov,No,Yes,2,1,2025-11-05T00:00:00,2026-11-05T23:59:59,22233248424;22233232125,"C=CA, O=Entrust Limited, CN=Entrust OV TLS Issuing RSA CA 2"
www.ncap.nhtsa.dot.gov,No,Yes,2,1,2025-12-03T00:00:00,2026-12-03T23:59:59,22887069158;22887083676,"C=CA, O=Entrust Limited, CN=Entrust OV TLS Issuing RSA CA 2"
www.nccdb.fmcsa.dot.gov,No,Yes,2,1,2026-03-30T00:00:00,2026-10-14T23:59:59,25279845536;25279845389,"C=CA, O=Entrust Limited, CN=Entrust OV TLS Issuing RSA CA 2"
www.nhi-dr.fhwa.dot.gov,No,Yes,2,1,2026-07-24T00:00:00,2027-02-07T23:59:59,28221296085;28221295062,"C=CA, O=Entrust Limited, CN=Entrust OV TLS Issuing RSA CA 2"
www.nhi.fhwa.dot.gov,Yes,Yes,2,1,2026-08-13T00:00:00,2027-02-27T23:59:59,28786269218;28781083527,"C=CA, O=Entrust Limited, CN=Entrust OV TLS Issuing RSA CA 2"
www.nhthqnf5b-m.nhtsa.dot.gov,No,Yes,2,1,2026-08-04T00:00:00,2027-02-18T23:59:59,28527868513;28527871162,"C=CA, O=Entrust Limited, CN=Entrust OV TLS Issuing RSA CA 2"
www.nhtsa.dot.gov,No,Yes,16,2,2026-03-28T00:00:00,2026-12-31T23:59:59,25314671739;27122501552;26689002152;26013484155;26689086506;25648196656;26292556096;25312364846;25262154228;28476354547;27122606789;26683246025;25677635708;27235388008;26683167955;27127510350,"C=US, O=DigiCert Inc, OU=www.digicert.com, CN=GeoTrust TLS RSA CA G1;C=CA, O=Entrust Limited, CN=Entrust OV TLS Issuing RSA CA 2"
www.nhtsa.gov,Yes,No,2,1,2026-06-12T00:00:00,2026-12-27T23:59:59,27122501552;27127510350,"C=CA, O=Entrust Limited, CN=Entrust OV TLS Issuing RSA CA 2"
www.nlets.api.broker.cdlis.dot.gov,No,Yes,2,1,2026-01-16T00:00:00,2027-01-16T23:59:59,23806859586;23806859854,"C=CA, O=Entrust Limited, CN=Entrust OV TLS Issuing RSA CA 2"
www.nm.dot.gov,No,Yes,2,1,2026-09-22T00:00:00,2027-04-08T23:59:59,29545858445;29516515611,"C=CA, O=Entrust Limited, CN=Entrust OV TLS Issuing RSA CA 2"
www.npms.phmsa.dot.gov,No,Yes,2,1,2026-06-16T00:00:00,2026-12-31T23:59:59,27239967522;27239929534,"C=CA, O=Entrust Limited, CN=Entrust OV TLS Issuing ECC CA 2"
www.nrd.api.nhtsa.dot.gov,No,Yes,5,1,2025-10-27T00:00:00,2027-04-14T23:59:59,22044072173;25930851997;25567761828;22044085657;29634663382,"C=CA, O=Entrust Limited, CN=Entrust OV TLS Issuing RSA CA 2"
www.oig.dot.gov,Yes,Yes,2,1,2026-04-02T00:00:00,2027-03-25T23:59:59,29291399867;25330455057,"C=US, O=DigiCert Inc, CN=DigiCert Global G2 TLS RSA SHA256 2020 CA1"
www.ops.fhwa.dot.gov,No,Yes,6,1,2025-11-05T00:00:00,2027-03-26T23:59:59,22232421146;29311142984;22231823509;22232437178;22231802250;29311143283,"C=CA, O=Entrust Limited, CN=Entrust OV TLS Issuing RSA CA 2"
www.origin-crashviewer.nhtsa.dot.gov,No,Yes,2,1,2026-07-28T00:00:00,2027-02-11T23:59:59,28325993928;28325991479,"C=CA, O=Entrust Limited, CN=Entrust OV TLS Issuing RSA CA 2"
www.origin-www-nrd.nhtsa.dot.gov,No,Yes,4,1,2025-11-03T00:00:00,2026-11-03T23:59:59,22180864746;22180891879;22180852654;22180879749,"C=CA, O=Entrust Limited, CN=Entrust OV TLS Issuing RSA CA 2"
www.origin-www-odi.nhtsa.dot.gov,No,Yes,2,1,2025-11-03T00:00:00,2026-11-03T23:59:59,22180933650;22180918938,"C=CA, O=Entrust Limited, CN=Entrust OV TLS Issuing RSA CA 2"
www.osdbu.dot.gov,No,Yes,4,1,2026-07-13T00:00:00,2027-01-31T23:59:59,28017986293;27927806033;27907735705;28012928244,"C=US, O=DigiCert Inc, OU=www.digicert.com, CN=GeoTrust TLS RSA CA G1"
www.oss.voicemail.dot.gov,No,Yes,2,1,2026-09-02T00:00:00,2027-03-19T23:59:59,29231577740;29231578197,"C=CA, O=Entrust Limited, CN=Entrust OV TLS Issuing RSA CA 2"
www.oti.dot.gov,No,Yes,6,1,2025-11-05T00:00:00,2027-03-26T23:59:59,22232421146;29311142984;22231823509;22232437178;22231802250;29311143283,"C=CA, O=Entrust Limited, CN=Entrust OV TLS Issuing RSA CA 2"
www.oversight.volpe.dot.gov,No,Yes,2,1,2026-07-20T00:00:00,2027-02-03T23:59:59,28095946079;28095942336,"C=CA, O=Entrust Limited, CN=Entrust OV TLS Issuing RSA CA 2"
www.ovsc-stage.api.nhtsa.dot.gov,No,Yes,4,1,2025-11-05T00:00:00,2026-11-05T23:59:59,22233394004;22233412115;25931146969;25567920046,"C=CA, O=Entrust Limited, CN=Entrust OV TLS Issuing RSA CA 2"
www.ovsc.api.nhtsa.dot.gov,No,Yes,6,1,2025-11-05T00:00:00,2027-04-17T23:59:59,22233413526;22233430015;29605581807;25930843209;29588452697;25567747799,"C=CA, O=Entrust Limited, CN=Entrust OV TLS Issuing RSA CA 2"
www.pal-test.dot.gov,No,Yes,2,1,2026-03-26T00:00:00,2026-10-10T23:59:59,25235584420;25235597093,"C=CA, O=Entrust Limited, CN=Entrust OV TLS Issuing RSA CA 2"
www.pal-uat.oig.dot.gov,No,Yes,2,1,2026-04-27T00:00:00,2026-11-11T23:59:59,25848320183;26069385270,"C=CA, O=Entrust Limited, CN=Entrust OV TLS Issuing RSA CA 2"
www.pal.dot.gov,No,Yes,2,1,2026-04-24T00:00:00,2026-11-08T23:59:59,25756069462;26038729491,"C=CA, O=Entrust Limited, CN=Entrust OV TLS Issuing RSA CA 2"
www.pcb.its.dot.gov,Yes,Yes,2,1,2025-12-24T00:00:00,2026-12-24T23:59:59,23343605366;23343622404,"C=CA, O=Entrust Limited, CN=Entrust OV TLS Issuing RSA CA 2"
www.phmsa.dot.gov,No,Yes,12,2,2025-11-04T00:00:00,2027-02-02T23:59:59,23789461139;22210815537;28017986293;28012928244;23786674169;27907735705;22210840798;24146218500;23789458317;27927806033;24146217125;23786676110,"C=US, O=DigiCert Inc, OU=www.digicert.com, CN=GeoTrust TLS RSA CA G1;C=CA, O=Entrust Limited, CN=Entrust OV TLS Issuing RSA CA 2"
www.phmsatv.ad.dot.gov,No,Yes,2,1,2025-11-21T00:00:00,2026-11-21T23:59:59,22643689760;22643701940,"C=CA, O=Entrust Limited, CN=Entrust OV TLS Issuing RSA CA 2"
www.planning.dot.gov,Yes,Yes,2,1,2026-07-20T00:00:00,2027-02-03T23:59:59,28095990325;28095988103,"C=CA, O=Entrust Limited, CN=Entrust OV TLS Issuing RSA CA 2"
www.portal.dot.gov,No,Yes,4,1,2026-07-13T00:00:00,2027-01-31T23:59:59,28017986293;27927806033;27907735705;28012928244,"C=US, O=DigiCert Inc, OU=www.digicert.com, CN=GeoTrust TLS RSA CA G1"
www.pses.dot.gov,No,Yes,2,1,2026-08-28T00:00:00,2027-03-14T23:59:59,29119371538;29117696957,"C=CA, O=Entrust Limited, CN=Entrust OV TLS Issuing RSA CA 2"
www.psp.fmcsa.dot.gov,Yes,Yes,1,1,2026-08-19T00:00:00,2027-03-05T23:59:59,28853276673,"C=US, O=DigiCert Inc, CN=DigiCert Global G2 TLS RSA SHA256 2020 CA1"
www.rampmod.vntsc.dot.gov,No,Yes,2,1,2026-08-28T00:00:00,2027-03-14T23:59:59,29113287627;29113282684,"C=CA, O=Entrust Limited, CN=Entrust OV TLS Issuing RSA CA 2"
www.rcapm.fra.dot.gov,No,Yes,14,1,2025-12-23T00:00:00,2027-02-25T23:59:59,27836508852;23322938881;28628956033;27836508685;28714856412;28708334359;28745287046;28714855300;28745312636;28628976924;27811351030;28708333657;23322923525;27811350408,"C=CA, O=Entrust Limited, CN=Entrust OV TLS Issuing RSA CA 2"
www.rcapmtestweb.fra.dot.gov,No,Yes,2,1,2025-10-07T00:00:00,2026-10-07T23:59:59,21550751474;21550770391,"C=CA, O=Entrust Limited, CN=Entrust OV TLS Issuing RSA CA 2"
www.rcs-externalshare.fra.dot.gov,No,Yes,2,1,2026-07-16T00:00:00,2027-01-30T23:59:59,27993435301;27993437498,"C=CA, O=Entrust Limited, CN=Entrust OV TLS Issuing RSA CA 2"
www.relay.dot.gov,No,Yes,2,1,2025-12-09T00:00:00,2026-12-09T23:59:59,23008451709;23008418511,"C=CA, O=Entrust Limited, CN=Entrust OV TLS Issuing RSA CA 2"
www.relay3.dot.gov,No,Yes,2,1,2025-12-09T00:00:00,2026-12-09T23:59:59,23008466067;23008451997,"C=CA, O=Entrust Limited, CN=Entrust OV TLS Issuing RSA CA 2"
www.reset.dot.gov,No,Yes,2,1,2026-08-18T00:00:00,2027-03-04T23:59:59,28811056159;28846159525,"C=CA, O=Entrust Limited, CN=Entrust OV TLS Issuing RSA CA 2"
www.rms.dot.gov,No,Yes,2,1,2026-07-31T00:00:00,2027-02-14T23:59:59,28409673495;28409671230,"C=CA, O=Entrust Limited, CN=Entrust OV TLS Issuing RSA CA 2"
www.safeconsole.volpe.dot.gov,No,Yes,2,1,2025-11-05T00:00:00,2026-11-05T23:59:59,22234854449;22234875755,"C=CA, O=Entrust Limited, CN=Entrust OV TLS Issuing RSA CA 2"
www.safety.fhwa.dot.gov,No,Yes,6,1,2025-11-05T00:00:00,2027-03-26T23:59:59,22232421146;29311142984;22231823509;22232437178;22231802250;29311143283,"C=CA, O=Entrust Limited, CN=Entrust OV TLS Issuing RSA CA 2"
www.safetydata.fra.dot.gov,No,Yes,12,1,2025-12-23T00:00:00,2027-02-24T23:59:59,27836508852;23322938881;28628956033;27836508685;28714856412;28708334359;28628976924;28714855300;27811351030;28708333657;23322923525;27811350408,"C=CA, O=Entrust Limited, CN=Entrust OV TLS Issuing RSA CA 2"
www.sasviyaintprod.nhtsa.dot.gov,No,Yes,2,1,2025-10-30T00:00:00,2026-10-30T23:59:59,22105976768;22105952347,"C=CA, O=Entrust Limited, CN=Entrust OV TLS Issuing RSA CA 2"
www.sasviyatest.ad.dot.gov,No,Yes,2,1,2026-06-01T00:00:00,2026-12-16T23:59:59,26806865648;26806816727,"C=CA, O=Entrust Limited, CN=Entrust OV TLS Issuing RSA CA 2"
www.scm.nhtsa.dot.gov,No,Yes,2,1,2026-07-22T00:00:00,2027-02-05T23:59:59,28154639320;28154636396,"C=CA, O=Entrust Limited, CN=Entrust OV TLS Issuing RSA CA 2"
www.score.fmcsa.dot.gov,No,Yes,6,1,2026-07-16T00:00:00,2027-02-27T23:59:59,28781464333;27983930649;28786554445;28786386848;27983928995;28781201781,"C=CA, O=Entrust Limited, CN=Entrust OV TLS Issuing RSA CA 2"
www.seavision.volpe.dot.gov,No,Yes,2,1,2026-08-12T00:00:00,2027-02-26T23:59:59,28772191760;28771725212,"C=CA, O=Entrust Limited, CN=Entrust OV TLS Issuing RSA CA 2"
www.seaway.dot.gov,No,Yes,6,2,2025-11-04T00:00:00,2027-01-31T23:59:59,22210815537;28017986293;28012928244;27907735705;22210840798;27927806033,"C=US, O=DigiCert Inc, OU=www.digicert.com, CN=GeoTrust TLS RSA CA G1;C=CA, O=Entrust Limited, CN=Entrust OV TLS Issuing RSA CA 2"
www.secure.dot.gov,No,Yes,4,1,2026-07-13T00:00:00,2027-01-31T23:59:59,28017986293;27927806033;27907735705;28012928244,"C=US, O=DigiCert Inc, OU=www.digicert.com, CN=GeoTrust TLS RSA CA G1"
www.servicenow.fta.dot.gov,No,Yes,4,1,2026-04-03T00:00:00,2027-04-18T23:59:59,25344155660;25442454184;29645394121;29646075525,"C=CA, O=Entrust Limited, CN=Entrust OV TLS Issuing RSA CA 2"
www.servicenowtest.fta.dot.gov,No,Yes,2,1,2026-07-27T00:00:00,2027-02-10T23:59:59,28302729198;28302727551,"C=CA, O=Entrust Limited, CN=Entrust OV TLS Issuing RSA CA 2"
www.sftp1.phmsa.dot.gov,No,Yes,2,1,2026-08-07T00:00:00,2027-02-21T23:59:59,28622517981;28622517964,"C=CA, O=Entrust Limited, CN=Entrust OV TLS Issuing ECC CA 2"
www.sip.ucaas.dot.gov,No,Yes,2,1,2026-01-15T00:00:00,2027-01-15T23:59:59,23784582159;23784581794,"C=CA, O=Entrust Limited, CN=Entrust OV TLS Issuing RSA CA 2"
www.slfts.dot.gov,No,Yes,2,1,2026-04-29T00:00:00,2026-11-13T23:59:59,25915937268;26097813623,"C=CA, O=Entrust Limited, CN=Entrust OV TLS Issuing RSA CA 2"
www.smpeas.marad.dot.gov,No,Yes,2,1,2025-12-30T00:00:00,2026-12-30T23:59:59,23457982206;23457994481,"C=CA, O=Entrust Limited, CN=Entrust OV TLS Issuing RSA CA 2"
www.sparks.dot.gov,No,Yes,2,1,2026-04-01T00:00:00,2026-10-16T23:59:59,25310783075;25312871541,"C=CA, O=Entrust Limited, CN=Entrust OV TLS Issuing RSA CA 2"
www.spsec.volpe.dot.gov,No,Yes,2,1,2025-12-22T00:00:00,2026-12-22T23:59:59,23297487132;23297469112,"C=CA, O=Entrust Limited, CN=Entrust OV TLS Issuing RSA CA 2"
www.stag.seavision.volpe.dot.gov,No,Yes,2,1,2026-08-12T00:00:00,2027-02-26T23:59:59,28771712032;28772169654,"C=CA, O=Entrust Limited, CN=Entrust OV TLS Issuing RSA CA 2"
www.stage-ncap.nhtsa.dot.gov,No,Yes,2,1,2025-11-05T00:00:00,2026-11-05T23:59:59,22233544313;22233526273,"C=CA, O=Entrust Limited, CN=Entrust OV TLS Issuing RSA CA 2"
www.stage-nrd.api.nhtsa.dot.gov,No,Yes,4,1,2025-10-27T00:00:00,2026-10-30T23:59:59,25915971121;25556755640;22044046668;22044058413,"C=CA, O=Entrust Limited, CN=Entrust OV TLS Issuing RSA CA 2"
www.stage-sso.cdan.dot.gov,No,Yes,2,1,2026-06-24T00:00:00,2027-01-08T23:59:59,27452137714;27452139944,"C=CA, O=Entrust Limited, CN=Entrust OV TLS Issuing RSA CA 2"
www.stage-ws.nhtsa.dot.gov,No,Yes,4,1,2026-05-05T00:00:00,2026-11-26T23:59:59,26158875820;26286414893;26096449510;26286340861,"C=CA, O=Entrust Limited, CN=Entrust OV TLS Issuing RSA CA 2"
www.stage.strap.nhtsa.dot.gov,No,Yes,2,1,2026-09-16T00:00:00,2027-04-02T23:59:59,29436529465;29436529283,"C=CA, O=Entrust Limited, CN=Entrust OV TLS Issuing RSA CA 2"
www.stage.triprs.nhtsa.dot.gov,No,Yes,2,1,2026-09-16T00:00:00,2027-04-02T23:59:59,29436853377;29457238425,"C=CA, O=Entrust Limited, CN=Entrust OV TLS Issuing RSA CA 2"
www.staging.learn.dot.gov,No,Yes,2,1,2026-07-14T00:00:00,2027-01-28T23:59:59,27927677249;27927675182,"C=CA, O=Entrust Limited, CN=Entrust OV TLS Issuing RSA CA 2"
www.t-farscurrent.cdan.dot.gov,No,Yes,2,1,2026-06-24T00:00:00,2027-01-08T23:59:59,27452097701;27452098738,"C=CA, O=Entrust Limited, CN=Entrust OV TLS Issuing RSA CA 2"
www.test-ncap.nhtsa.dot.gov,No,Yes,2,1,2025-10-28T00:00:00,2026-10-28T23:59:59,22062940671;22062954212,"C=CA, O=Entrust Limited, CN=Entrust OV TLS Issuing RSA CA 2"
www.test.api.broker.cdlis.dot.gov,No,Yes,2,1,2026-01-23T00:00:00,2027-01-23T23:59:59,23942225653;23942226043,"C=CA, O=Entrust Limited, CN=Entrust OV TLS Issuing RSA CA 2"
www.test.statefcwd.cdlis.dot.gov,No,Yes,2,1,2025-11-07T00:00:00,2026-11-07T23:59:59,22288166227;22288142674,"C=CA, O=Entrust Limited, CN=Entrust OV TLS Issuing RSA CA 2"
www.test.tic3.dot.gov,No,Yes,2,1,2026-04-20T00:00:00,2026-11-04T23:59:59,25614175034;25989340186,"C=CA, O=Entrust Limited, CN=Entrust OV TLS Issuing RSA CA 2"
www.tmas-fun-stage.fhwa.dot.gov,No,Yes,4,1,2025-12-24T00:00:00,2027-01-06T23:59:59,23345794999;23594935255;23594933699;23345822231,"C=CA, O=Entrust Limited, CN=Entrust OV TLS Issuing RSA CA 2"
www.tmas-fun.fhwa.dot.gov,No,Yes,2,1,2026-07-07T00:00:00,2027-01-21T23:59:59,27759057755;27759059365,"C=CA, O=Entrust Limited, CN=Entrust OV TLS Issuing RSA CA 2"
www.tmas.fhwa-stage.dot.gov,No,Yes,2,1,2025-12-24T00:00:00,2026-12-24T23:59:59,23345836450;23345822804,"C=CA, O=Entrust Limited, CN=Entrust OV TLS Issuing RSA CA 2"
www.tmas.fhwa.dot.gov,No,Yes,2,1,2026-07-07T00:00:00,2027-01-21T23:59:59,27759144932;27759145519,"C=CA, O=Entrust Limited, CN=Entrust OV TLS Issuing RSA CA 2"
www.tms.volpe.dot.gov,No,Yes,4,1,2026-04-13T00:00:00,2027-04-15T23:59:59,29651906487;29636129208;25862486025;25527218871,"C=CA, O=Entrust Limited, CN=Entrust OV TLS Issuing RSA CA 2"
www.train.frs.fmcsa.dot.gov,No,Yes,2,1,2025-10-15T00:00:00,2026-10-15T23:59:59,21742841886;21742825112,"C=CA, O=Entrust Limited, CN=Entrust OV TLS Issuing RSA CA 2"
www.transit.dot.gov,No,Yes,6,2,2025-11-04T00:00:00,2027-01-31T23:59:59,22210815537;28017986293;28012928244;27907735705;22210840798;27927806033,"C=US, O=DigiCert Inc, OU=www.digicert.com, CN=GeoTrust TLS RSA CA G1;C=CA, O=Entrust Limited, CN=Entrust OV TLS Issuing RSA CA 2"
www.transitapp.ost.dot.gov,No,Yes,6,1,2026-04-16T00:00:00,2026-11-13T23:59:59,25999318600;26096564859;25912149910;25567548296;25640824156;25930634695,"C=CA, O=Entrust Limited, CN=Entrust OV TLS Issuing RSA CA 2"
www.triprs.nhtsa.dot.gov,No,Yes,3,1,2025-11-03T00:00:00,2027-04-09T23:59:59,22180905814;29547125401;22180892132,"C=CA, O=Entrust Limited, CN=Entrust OV TLS Issuing RSA CA 2"
www.tsc-bos-ise-dc1.tsc.dot.gov,No,Yes,3,1,2025-10-16T00:00:00,2027-04-18T23:59:59,21763903875;21763918050;29611052276,"C=CA, O=Entrust Limited, CN=Entrust OV TLS Issuing RSA CA 2"
www.tsi.dot.gov,No,Yes,4,1,2026-07-13T00:00:00,2027-01-31T23:59:59,28017986293;27927806033;27907735705;28012928244,"C=US, O=DigiCert Inc, OU=www.digicert.com, CN=GeoTrust TLS RSA CA G1"
www.tsmart.volpe.dot.gov,No,Yes,2,1,2026-07-17T00:00:00,2027-01-31T23:59:59,28012228935;28012228070,"C=CA, O=Entrust Limited, CN=Entrust OV TLS Issuing ECC CA 2"
www.upa.dot.gov,No,Yes,6,1,2025-11-05T00:00:00,2027-03-26T23:59:59,22232421146;29311142984;22231823509;22232437178;22231802250;29311143283,"C=CA, O=Entrust Limited, CN=Entrust OV TLS Issuing RSA CA 2"
www.vdi.dot.gov,No,Yes,2,1,2026-08-18T00:00:00,2027-03-04T23:59:59,28845240599;28827578141,"C=CA, O=Entrust Limited, CN=Entrust OV TLS Issuing RSA CA 2"
www.vips.volpe.dot.gov,No,Yes,4,1,2026-01-15T00:00:00,2027-01-15T23:59:59,26663445774;23786571761;26666878568;23786572097,"C=CA, O=Entrust Limited, CN=Entrust OV TLS Issuing RSA CA 2"
www.vista-api-dev.nhtsa.dot.gov,No,Yes,2,1,2026-02-20T00:00:00,2027-02-20T23:59:59,24536638162;24536619024,"C=CA, O=Entrust Limited, CN=Entrust OV TLS Issuing RSA CA 2"
www.vista-api-stage.nhtsa.dot.gov,No,Yes,4,1,2025-11-25T00:00:00,2027-02-20T23:59:59,22724698621;24536677631;22724716527;24536675724,"C=CA, O=Entrust Limited, CN=Entrust OV TLS Issuing RSA CA 2"
www.vista-api-test.nhtsa.dot.gov,No,Yes,2,1,2026-02-20T00:00:00,2027-02-20T23:59:59,24536638043;24536637640,"C=CA, O=Entrust Limited, CN=Entrust OV TLS Issuing RSA CA 2"
www.vista-api.nhtsa.dot.gov,No,Yes,2,1,2026-02-20T00:00:00,2027-02-20T23:59:59,24536695512;24536694578,"C=CA, O=Entrust Limited, CN=Entrust OV TLS Issuing RSA CA 2"
www.vista-staging.nhtsa.dot.gov,No,Yes,4,1,2025-11-25T00:00:00,2027-02-20T23:59:59,22724698621;24536677631;22724716527;24536675724,"C=CA, O=Entrust Limited, CN=Entrust OV TLS Issuing RSA CA 2"
www.vista.nhtsa.dot.gov,No,Yes,2,1,2026-06-24T00:00:00,2027-01-08T23:59:59,27451438046;27451436813,"C=CA, O=Entrust Limited, CN=Entrust OV TLS Issuing RSA CA 2"
www.voice.paserver.dot.gov,No,Yes,2,1,2025-11-05T00:00:00,2026-11-05T23:59:59,22232579943;22232556858,"C=CA, O=Entrust Limited, CN=Entrust OV TLS Issuing RSA CA 2"
www.voice.ucaas.paserver.dot.gov,No,Yes,2,1,2025-11-05T00:00:00,2026-11-05T23:59:59,22232880229;22232848904,"C=CA, O=Entrust Limited, CN=Entrust OV TLS Issuing RSA CA 2"
www.voicemail.dot.gov,Yes,Yes,4,1,2026-08-26T00:00:00,2027-03-19T23:59:59,29057282001;29057281813;29231577740;29231578197,"C=CA, O=Entrust Limited, CN=Entrust OV TLS Issuing RSA CA 2"
www.volpe-guest-1.tsc.dot.gov,No,Yes,1,1,2026-10-02T00:00:00,2027-04-18T23:59:59,29611052276,"C=CA, O=Entrust Limited, CN=Entrust OV TLS Issuing RSA CA 2"
www.volpe.dot.gov,No,Yes,6,2,2025-11-04T00:00:00,2027-01-31T23:59:59,22210815537;28017986293;28012928244;27907735705;22210840798;27927806033,"C=US, O=DigiCert Inc, OU=www.digicert.com, CN=GeoTrust TLS RSA CA G1;C=CA, O=Entrust Limited, CN=Entrust OV TLS Issuing RSA CA 2"
www.volpephonemgr.volpe.dot.gov,No,Yes,2,1,2026-01-07T00:00:00,2027-01-07T23:59:59,23612588899;23612586290,"C=CA, O=Entrust Limited, CN=Entrust OV TLS Issuing RSA CA 2"
www.vpn.fmcsa.dot.gov,No,Yes,4,1,2026-04-07T00:00:00,2027-04-15T23:59:59,25674210885;25443404362;29633065773;29636089187,"C=CA, O=Entrust Limited, CN=Entrust OV TLS Issuing RSA CA 2"
www.vuc008.volpe.dot.gov,No,Yes,2,1,2026-07-24T00:00:00,2027-02-07T23:59:59,28214536478;28214538422,"C=CA, O=Entrust Limited, CN=Entrust OV TLS Issuing RSA CA 2"
www.webeoc.dot.gov,No,Yes,2,1,2026-05-08T00:00:00,2026-11-22T23:59:59,26198248956;26186400717,"C=CA, O=Entrust Limited, CN=Entrust OV TLS Issuing RSA CA 2"
www.whatsupgold.volpe.dot.gov,No,Yes,2,1,2026-05-11T00:00:00,2026-11-25T23:59:59,26258014917;26258064365,"C=CA, O=Entrust Limited, CN=Entrust OV TLS Issuing RSA CA 2"
www.ws.nhtsa.dot.gov,No,Yes,4,1,2025-10-16T00:00:00,2027-03-19T23:59:59,21764166012;21764183177;29231671659;29231671281,"C=CA, O=Entrust Limited, CN=Entrust OV TLS Issuing RSA CA 2"
www.www-esv.nhtsa.dot.gov,No,Yes,2,1,2025-11-03T00:00:00,2026-12-02T23:59:59,22180731149;22180718497,"C=CA, O=Entrust Limited, CN=Entrust DV TLS Issuing RSA CA 2"
www.www-fars.nhtsa.dot.gov,No,Yes,4,1,2026-04-07T00:00:00,2027-03-27T23:59:59,29338685106;25683251876;25411646857;29338666475,"C=CA, O=Entrust Limited, CN=Entrust OV TLS Issuing RSA CA 2"
www.www-nrd.nhtsa.dot.gov,No,Yes,2,1,2025-11-03T00:00:00,2026-11-03T23:59:59,22180478921;22180491794,"C=CA, O=Entrust Limited, CN=Entrust OV TLS Issuing RSA CA 2"
www.www-odi.nhtsa.dot.gov,No,Yes,2,1,2026-06-24T00:00:00,2027-01-08T23:59:59,27452159993;27452162223,"C=CA, O=Entrust Limited, CN=Entrust OV TLS Issuing RSA CA 2"
www.wxde.fhwa.dot.gov,No,Yes,2,1,2026-08-17T00:00:00,2027-03-03T23:59:59,28832187428;28817066533,"C=CA, O=Entrust Limited, CN=Entrust OV TLS Issuing RSA CA 2"
www1.oig.dot.gov,No,Yes,2,1,2026-04-02T00:00:00,2027-03-25T23:59:59,29291399867;25330455057,"C=US, O=DigiCert Inc, CN=DigiCert Global G2 TLS RSA SHA256 2020 CA1"
www1.oss.voicemail.dot.gov,No,Yes,2,1,2026-09-02T00:00:00,2027-03-19T23:59:59,29231577740;29231578197,"C=CA, O=Entrust Limited, CN=Entrust OV TLS Issuing RSA CA 2"
www1.voicemail.dot.gov,No,Yes,4,1,2026-08-26T00:00:00,2027-03-19T23:59:59,29057282001;29057281813;29231577740;29231578197,"C=CA, O=Entrust Limited, CN=Entrust OV TLS Issuing RSA CA 2"
www2.oig.dot.gov,Yes,Yes,2,1,2026-04-02T00:00:00,2027-03-25T23:59:59,25330308918;29291343744,"C=US, O=DigiCert Inc, CN=DigiCert Global G2 TLS RSA SHA256 2020 CA1"
www2.oss.voicemail.dot.gov,No,Yes,2,1,2026-09-02T00:00:00,2027-03-19T23:59:59,29231577740;29231578197,"C=CA, O=Entrust Limited, CN=Entrust OV TLS Issuing RSA CA 2"
www2.voicemail.dot.gov,No,Yes,4,1,2026-08-26T00:00:00,2027-03-19T23:59:59,29057282001;29057281813;29231577740;29231578197,"C=CA, O=Entrust Limited, CN=Entrust OV TLS Issuing RSA CA 2"
www4.oig.dot.gov,Yes,Yes,2,1,2026-04-02T00:00:00,2027-03-25T23:59:59,25320796718;29291408691,"C=US, O=DigiCert Inc, CN=DigiCert Global G2 TLS RSA SHA256 2020 CA1"
www7.bts.dot.gov,No,Yes,4,1,2026-07-13T00:00:00,2027-01-31T23:59:59,28017986293;27927806033;27907735705;28012928244,"C=US, O=DigiCert Inc, OU=www.digicert.com, CN=GeoTrust TLS RSA CA G1"
www7.fmcsa.dot.gov,No,Yes,4,1,2026-07-13T00:00:00,2027-01-31T23:59:59,28017986293;27927806033;27907735705;28012928244,"C=US, O=DigiCert Inc, OU=www.digicert.com, CN=GeoTrust TLS RSA CA G1"
www7.fta.dot.gov,No,Yes,4,1,2026-07-13T00:00:00,2027-01-31T23:59:59,28017986293;27927806033;27907735705;28012928244,"C=US, O=DigiCert Inc, OU=www.digicert.com, CN=GeoTrust TLS RSA CA G1"
www7.highways.dot.gov,No,Yes,4,1,2026-07-13T00:00:00,2027-01-31T23:59:59,28017986293;27927806033;27907735705;28012928244,"C=US, O=DigiCert Inc, OU=www.digicert.com, CN=GeoTrust TLS RSA CA G1"
www7.phmsa.dot.gov,No,Yes,4,1,2026-07-13T00:00:00,2027-01-31T23:59:59,28017986293;27927806033;27907735705;28012928244,"C=US, O=DigiCert Inc, OU=www.digicert.com, CN=GeoTrust TLS RSA CA G1"
wxde.fhwa.dot.gov,Yes,Yes,2,1,2026-08-17T00:00:00,2027-03-03T23:59:59,28832187428;28817066533,"C=CA, O=Entrust Limited, CN=Entrust OV TLS Issuing RSA CA 2"
xml.infopave.fhwa.dot.gov,Yes,Yes,2,1,2026-08-13T00:00:00,2027-02-27T23:59:59,28781831238;28787168896,"C=CA, O=Entrust Limited, CN=Entrust OV TLS Issuing RSA CA 2"
