domain,seen_in_common_name,seen_in_name_value,certificate_count,issuer_count,earliest_seen,latest_expiry,certificate_ids,issuers
407fb6d6.sni.cloudflaressl.com,Yes,No,4,2,2026-07-22T18:40:20,2026-10-20T18:40:26,28161454721;28161448219;28161455989;28161450049,"C=US, O=Let's Encrypt, CN=YR1;C=US, O=Let's Encrypt, CN=YE2"
Bronze.pmel.noaa.gov,No,Yes,3,1,2025-09-12T00:00:00,2026-10-13T23:59:59,20977242448;20976430174;20976430097,"C=US, O=DigiCert Inc, CN=DigiCert Global G2 TLS RSA SHA256 2020 CA1"
Dev-floats.pmel.noaa.gov,No,Yes,3,1,2025-09-12T00:00:00,2026-10-13T23:59:59,20977242448;20976430174;20976430097,"C=US, O=DigiCert Inc, CN=DigiCert Global G2 TLS RSA SHA256 2020 CA1"
FG100EF-1-Newport.pmel.noaa.gov,No,Yes,5,1,2025-09-12T00:00:00,2026-10-13T23:59:59,20977242448;20976430097;20976430174;21115328574;21114744783,"C=US, O=DigiCert Inc, CN=DigiCert Global G2 TLS RSA SHA256 2020 CA1"
FG100EF-2-Newport.pmel.noaa.gov,No,Yes,5,1,2025-09-12T00:00:00,2026-10-13T23:59:59,20977242448;20976430097;20976430174;21115328574;21114744783,"C=US, O=DigiCert Inc, CN=DigiCert Global G2 TLS RSA SHA256 2020 CA1"
Greatblue.pmel.noaa.gov,No,Yes,3,1,2025-09-12T00:00:00,2026-10-13T23:59:59,20977242448;20976430174;20976430097,"C=US, O=DigiCert Inc, CN=DigiCert Global G2 TLS RSA SHA256 2020 CA1"
New-heron.pmel.noaa.gov,No,Yes,3,1,2025-09-12T00:00:00,2026-10-13T23:59:59,20977242448;20976430174;20976430097,"C=US, O=DigiCert Inc, CN=DigiCert Global G2 TLS RSA SHA256 2020 CA1"
Oceans-drupal7.pmel.noaa.gov,No,Yes,3,1,2025-09-12T00:00:00,2026-10-13T23:59:59,20977242448;20976430174;20976430097,"C=US, O=DigiCert Inc, CN=DigiCert Global G2 TLS RSA SHA256 2020 CA1"
Oceans-drupal8.pmel.noaa.gov,No,Yes,3,1,2025-09-12T00:00:00,2026-10-13T23:59:59,20977242448;20976430174;20976430097,"C=US, O=DigiCert Inc, CN=DigiCert Global G2 TLS RSA SHA256 2020 CA1"
Oceans-drupal9.pmel.noaa.gov,No,Yes,3,1,2025-09-12T00:00:00,2026-10-13T23:59:59,20977242448;20976430174;20976430097,"C=US, O=DigiCert Inc, CN=DigiCert Global G2 TLS RSA SHA256 2020 CA1"
Oceans-wp.pmel.noaa.gov,No,Yes,3,1,2025-09-12T00:00:00,2026-10-13T23:59:59,20977242448;20976430174;20976430097,"C=US, O=DigiCert Inc, CN=DigiCert Global G2 TLS RSA SHA256 2020 CA1"
Pmel-dev.pmel.noaa.gov,No,Yes,3,1,2025-09-12T00:00:00,2026-10-13T23:59:59,20977242448;20976430174;20976430097,"C=US, O=DigiCert Inc, CN=DigiCert Global G2 TLS RSA SHA256 2020 CA1"
Subsite.pmel.noaa.gov,No,Yes,3,1,2025-09-12T00:00:00,2026-10-13T23:59:59,20977242448;20976430174;20976430097,"C=US, O=DigiCert Inc, CN=DigiCert Global G2 TLS RSA SHA256 2020 CA1"
Traceyn-dev.pmel.noaa.gov,No,Yes,3,1,2025-09-12T00:00:00,2026-10-13T23:59:59,20977242448;20976430174;20976430097,"C=US, O=DigiCert Inc, CN=DigiCert Global G2 TLS RSA SHA256 2020 CA1"
Traceyn-wp.pmel.noaa.gov,No,Yes,3,1,2025-09-12T00:00:00,2026-10-13T23:59:59,20977242448;20976430174;20976430097,"C=US, O=DigiCert Inc, CN=DigiCert Global G2 TLS RSA SHA256 2020 CA1"
Willa-dev.pmel.noaa.gov,No,Yes,3,1,2025-09-12T00:00:00,2026-10-13T23:59:59,20977242448;20976430174;20976430097,"C=US, O=DigiCert Inc, CN=DigiCert Global G2 TLS RSA SHA256 2020 CA1"
Willa-wp.pmel.noaa.gov,No,Yes,3,1,2025-09-12T00:00:00,2026-10-13T23:59:59,20977242448;20976430174;20976430097,"C=US, O=DigiCert Inc, CN=DigiCert Global G2 TLS RSA SHA256 2020 CA1"
a2-edex-dev.gsd.esrl.noaa.gov,Yes,Yes,2,1,2026-07-30T13:01:01,2026-10-28T13:01:00,28380865859;28380865982,"C=US, O=Let's Encrypt, CN=YR1"
abyssal.pmel.noaa.gov,No,Yes,7,1,2025-09-12T00:00:00,2026-10-13T23:59:59,20977242448;20976430097;20979386850;20976430174;21039237143;20977992906;21040359707,"C=US, O=DigiCert Inc, CN=DigiCert Global G2 TLS RSA SHA256 2020 CA1"
access.afsc.noaa.gov,No,Yes,8,3,2026-04-09T00:00:00,2026-10-31T23:59:59,25528596533;25456682906;25456698325;28299357218;25547299431;25547316029;25705344977;28299361868,"C=US, O=DigiCert Inc, CN=DigiCert Global G3 TLS ECC SHA384 2020 CA1;C=US, O=Let's Encrypt, CN=YR2;C=US, O=DigiCert Inc, CN=DigiCert Global G2 TLS RSA SHA256 2020 CA1"
access.pmel.noaa.gov,No,Yes,3,1,2025-09-12T00:00:00,2026-10-13T23:59:59,20977242448;20976430174;20976430097,"C=US, O=DigiCert Inc, CN=DigiCert Global G2 TLS RSA SHA256 2020 CA1"
accession.nodc.noaa.gov,No,Yes,2,1,2026-08-18T13:06:52,2026-11-16T13:06:51,29077514711;28923997073,"C=US, O=Let's Encrypt, CN=YR2"
account.bldc.nwave.noaa.gov,No,Yes,8,3,2026-07-14T09:00:06,2026-10-14T08:09:08,27922868851;27978048174;27978054348;27978045414;27922869486;27978035190;27922864270;27922868058,"C=US, O=Let's Encrypt, CN=YR1;C=US, O=Let's Encrypt, CN=YR2;C=US, O=Let's Encrypt, CN=YE1"
account.boul.nwave.noaa.gov,No,Yes,8,3,2026-07-14T09:00:06,2026-10-14T08:09:08,27922868851;27978048174;27978054348;27978045414;27922869486;27978035190;27922864270;27922868058,"C=US, O=Let's Encrypt, CN=YR1;C=US, O=Let's Encrypt, CN=YR2;C=US, O=Let's Encrypt, CN=YE1"
account.ctc.nwave.noaa.gov,No,Yes,8,3,2026-07-14T09:00:06,2026-10-14T08:09:08,27922868851;27978048174;27978054348;27978045414;27922869486;27978035190;27922864270;27922868058,"C=US, O=Let's Encrypt, CN=YR1;C=US, O=Let's Encrypt, CN=YR2;C=US, O=Let's Encrypt, CN=YE1"
account.nwave.noaa.gov,Yes,Yes,8,3,2026-07-14T09:00:06,2026-10-14T08:09:08,27922868851;27978048174;27978054348;27978045414;27922869486;27978035190;27922864270;27922868058,"C=US, O=Let's Encrypt, CN=YR1;C=US, O=Let's Encrypt, CN=YR2;C=US, O=Let's Encrypt, CN=YE1"
accounts.noaa.gov,Yes,Yes,8,1,2026-08-04T00:00:00,2026-11-15T23:59:59,28958866494;28958258281;28958258594;28529986033;28958867449;28529985680;28958663854;28958665905,"C=AT, O=ZeroSSL GmbH, CN=ZeroSSL RSA DV SSL CA 2"
adb-cb1.gsd.esrl.noaa.gov,Yes,Yes,2,1,2026-07-29T13:06:07,2026-10-27T13:06:06,28351954963;28351955759,"C=US, O=Let's Encrypt, CN=YR2"
adb-cb2.gsd.esrl.noaa.gov,Yes,Yes,2,1,2026-08-24T07:13:51,2026-11-22T07:13:50,29046447085;29046449329,"C=US, O=Let's Encrypt, CN=YR2"
adb-cb3.gsd.esrl.noaa.gov,Yes,Yes,1,1,2026-09-01T19:42:17,2026-11-30T19:42:16,29244111782,"C=US, O=Let's Encrypt, CN=YR2"
adb-cb4.gsd.esrl.noaa.gov,Yes,Yes,2,1,2026-07-29T13:06:57,2026-10-27T13:06:56,28351973673;28351971604,"C=US, O=Let's Encrypt, CN=YR2"
admin-dash-temp.pmel.noaa.gov,No,Yes,5,1,2025-09-12T00:00:00,2026-10-13T23:59:59,20976430097;20976430174;21039237143;21383989218;21040359707,"C=US, O=DigiCert Inc, CN=DigiCert Global G2 TLS RSA SHA256 2020 CA1"
admin-dash.pmel.noaa.gov,No,Yes,5,1,2025-09-12T00:00:00,2026-10-13T23:59:59,20976430097;20976430174;21039237143;21383989218;21040359707,"C=US, O=DigiCert Inc, CN=DigiCert Global G2 TLS RSA SHA256 2020 CA1"
admin-viz-temp.pmel.noaa.gov,No,Yes,5,1,2025-09-12T00:00:00,2026-10-13T23:59:59,20976430097;20976430174;21039237143;21383989218;21040359707,"C=US, O=DigiCert Inc, CN=DigiCert Global G2 TLS RSA SHA256 2020 CA1"
admin-viz.pmel.noaa.gov,No,Yes,5,1,2025-09-12T00:00:00,2026-10-13T23:59:59,20976430097;20976430174;21039237143;21383989218;21040359707,"C=US, O=DigiCert Inc, CN=DigiCert Global G2 TLS RSA SHA256 2020 CA1"
admin.coastalscience.noaa.gov,Yes,Yes,2,1,2026-08-01T08:04:58,2026-10-30T08:04:57,28431514089;28431515347,"C=US, O=Let's Encrypt, CN=YR2"
admin.hmspermits.noaa.gov,Yes,Yes,2,1,2025-10-23T00:00:00,2026-11-18T23:59:59,21944491613;21944471256,"C=US, O=""Network Solutions, LLC"", CN=Network Solutions RSA DV SSL CA 4"
adp-test.oarcloud.noaa.gov,Yes,Yes,1,1,2025-11-26T00:00:00,2026-12-25T23:59:59,22734979433,"C=US, O=Amazon, CN=Amazon RSA 2048 M04"
adp.noaa.gov,Yes,Yes,2,1,2026-05-15T00:00:00,2026-11-28T23:59:59,26358647225;26362958084,"C=US, O=Amazon, CN=Amazon RSA 2048 M04"
aev.class.noaa.gov,Yes,Yes,1,1,2026-04-08T14:16:25,2026-10-24T14:16:25,25447532551,"C=BE, O=GlobalSign nv-sa, CN=GlobalSign RSA OV SSL CA 2018"
ago.noaa.gov,Yes,Yes,4,2,2026-06-15T00:00:00,2026-12-29T23:59:59,28694329069;27208754257;28694351512;27312189001,"C=US, O=Let's Encrypt, CN=YR2;C=US, O=Amazon, CN=Amazon RSA 2048 M01"
alaska-coastal-mapping-strategy.iocm.noaa.gov,Yes,Yes,4,1,2026-07-07T11:22:47,2026-12-04T11:22:48,27756529702;29371778787;29378887383;27756537895,"C=US, O=Let's Encrypt, CN=YE2"
alaskafisheries.noaa.gov,No,Yes,9,3,2026-04-09T00:00:00,2026-12-03T23:59:59,25528596533;25456682906;25456698325;28299357218;25547299431;25547316029;25705344977;28299361868;26471954774,"C=US, O=DigiCert Inc, CN=DigiCert Global G3 TLS ECC SHA384 2020 CA1;C=US, O=Let's Encrypt, CN=YR2;C=US, O=DigiCert Inc, CN=DigiCert Global G2 TLS RSA SHA256 2020 CA1"
alert-manager.awips-refactor-dev.vlab.nws.noaa.gov,No,Yes,2,1,2026-03-31T00:00:00,2026-10-14T23:59:59,25286305913;25310335269,"C=US, O=Amazon, CN=Amazon RSA 2048 M01"
alki.pmel.noaa.gov,No,Yes,3,1,2025-09-12T00:00:00,2026-10-13T23:59:59,20977242448;20976430174;20976430097,"C=US, O=DigiCert Inc, CN=DigiCert Global G2 TLS RSA SHA256 2020 CA1"
amdar.ncep.noaa.gov,No,Yes,2,1,2026-08-03T13:00:21,2026-11-01T13:00:20,28494560988;28494560539,"C=US, O=Let's Encrypt, CN=YR2"
amdar.noaa.gov,No,Yes,2,1,2026-08-03T13:00:21,2026-11-01T13:00:20,28494560988;28494560539,"C=US, O=Let's Encrypt, CN=YR2"
amdarqa.ncep.noaa.gov,No,Yes,4,2,2026-08-03T13:00:21,2026-11-11T14:31:30,28810944352;28808933938;28494560988;28494560539,"C=US, O=Let's Encrypt, CN=YR1;C=US, O=Let's Encrypt, CN=YR2"
americansamoa.noaa.gov,Yes,Yes,2,1,2026-08-01T04:52:45,2026-10-30T04:52:44,28427794490;28427797712,"C=US, O=Let's Encrypt, CN=YR1"
answers.library.noaa.gov,Yes,Yes,2,1,2026-08-11T18:01:41,2026-11-09T18:01:40,28748769077;28748798954,"C=US, O=Let's Encrypt, CN=YE2"
aoml.noaa.gov,Yes,Yes,2,1,2026-07-15T02:00:33,2026-10-13T02:00:32,27942353170;27942348513,"C=US, O=Let's Encrypt, CN=YR2"
aoml2.dev.oarcloud.noaa.gov,Yes,Yes,2,1,2026-06-17T00:00:00,2026-12-31T23:59:59,27274658399;27344020210,"C=US, O=Amazon, CN=Amazon RSA 2048 M01"
apec.noaa.gov,Yes,Yes,3,1,2026-07-07T11:35:18,2026-12-04T16:55:17,27756743661;29377834204;27756751764,"C=US, O=Let's Encrypt, CN=YR2"
api-afsc.fisheries.noaa.gov,No,Yes,8,3,2026-04-09T00:00:00,2026-10-31T23:59:59,25528596533;25456682906;25456698325;28299357218;25547299431;25547316029;25705344977;28299361868,"C=US, O=DigiCert Inc, CN=DigiCert Global G3 TLS ECC SHA384 2020 CA1;C=US, O=Let's Encrypt, CN=YR2;C=US, O=DigiCert Inc, CN=DigiCert Global G2 TLS RSA SHA256 2020 CA1"
api-dash-temp.pmel.noaa.gov,No,Yes,5,1,2025-09-12T00:00:00,2026-10-13T23:59:59,20976430097;20976430174;21039237143;21383989218;21040359707,"C=US, O=DigiCert Inc, CN=DigiCert Global G2 TLS RSA SHA256 2020 CA1"
api-dash.pmel.noaa.gov,No,Yes,5,1,2025-09-12T00:00:00,2026-10-13T23:59:59,20976430097;20976430174;21039237143;21383989218;21040359707,"C=US, O=DigiCert Inc, CN=DigiCert Global G2 TLS RSA SHA256 2020 CA1"
api-viz-temp.pmel.noaa.gov,No,Yes,5,1,2025-09-12T00:00:00,2026-10-13T23:59:59,20976430097;20976430174;21039237143;21383989218;21040359707,"C=US, O=DigiCert Inc, CN=DigiCert Global G2 TLS RSA SHA256 2020 CA1"
api-viz.pmel.noaa.gov,No,Yes,5,1,2025-09-12T00:00:00,2026-10-13T23:59:59,20976430097;20976430174;21039237143;21383989218;21040359707,"C=US, O=DigiCert Inc, CN=DigiCert Global G2 TLS RSA SHA256 2020 CA1"
api.telecom.apps.noaa.gov,Yes,Yes,2,1,2025-10-14T00:00:00,2026-11-20T23:59:59,21917718607;21716367826,"C=US, O=Amazon, CN=Amazon RSA 2048 M01"
api.test.telecom.apps.noaa.gov,Yes,Yes,2,2,2025-10-14T00:00:00,2026-11-19T23:59:59,21716275067;21892967352,"C=US, O=Amazon, CN=Amazon RSA 2048 M04;C=US, O=Amazon, CN=Amazon RSA 2048 M01"
app.coastalscience.noaa.gov,Yes,Yes,2,1,2026-08-01T08:13:48,2026-10-30T08:13:47,28431682001;28431682724,"C=US, O=Let's Encrypt, CN=YR2"
apps-afsc.fisheries.noaa.gov,No,Yes,8,3,2026-04-09T00:00:00,2026-10-31T23:59:59,25528596533;25456682906;25456698325;28299357218;25547299431;25547316029;25705344977;28299361868,"C=US, O=DigiCert Inc, CN=DigiCert Global G3 TLS ECC SHA384 2020 CA1;C=US, O=Let's Encrypt, CN=YR2;C=US, O=DigiCert Inc, CN=DigiCert Global G2 TLS RSA SHA256 2020 CA1"
apps-dev.gsd.esrl.noaa.gov,Yes,Yes,2,1,2026-08-21T09:09:39,2026-11-19T09:09:38,28998020616;28987626295,"C=US, O=Let's Encrypt, CN=YR2"
apps-dev2.gsd.esrl.noaa.gov,Yes,Yes,2,1,2026-07-22T19:49:55,2026-10-20T19:49:54,28162837827;28162844689,"C=US, O=Let's Encrypt, CN=YE1"
apps-garfo.fisheries.noaa.gov,No,Yes,8,3,2026-04-09T00:00:00,2026-10-31T23:59:59,25528596533;25456682906;25456698325;28299357218;25547299431;25547316029;25705344977;28299361868,"C=US, O=DigiCert Inc, CN=DigiCert Global G3 TLS ECC SHA384 2020 CA1;C=US, O=Let's Encrypt, CN=YR2;C=US, O=DigiCert Inc, CN=DigiCert Global G2 TLS RSA SHA256 2020 CA1"
apps-nefsc.fisheries.noaa.gov,No,Yes,8,3,2026-04-09T00:00:00,2026-10-31T23:59:59,25528596533;25456682906;25456698325;28299357218;25547299431;25547316029;25705344977;28299361868,"C=US, O=DigiCert Inc, CN=DigiCert Global G3 TLS ECC SHA384 2020 CA1;C=US, O=Let's Encrypt, CN=YR2;C=US, O=DigiCert Inc, CN=DigiCert Global G2 TLS RSA SHA256 2020 CA1"
apps-pifsc.fisheries.noaa.gov,No,Yes,8,3,2026-04-09T00:00:00,2026-10-31T23:59:59,25528596533;25456682906;25456698325;28299357218;25547299431;25547316029;25705344977;28299361868,"C=US, O=DigiCert Inc, CN=DigiCert Global G3 TLS ECC SHA384 2020 CA1;C=US, O=Let's Encrypt, CN=YR2;C=US, O=DigiCert Inc, CN=DigiCert Global G2 TLS RSA SHA256 2020 CA1"
apps-prod.gsd.esrl.noaa.gov,Yes,Yes,2,1,2026-08-21T09:10:19,2026-11-19T09:10:18,29222650592;29058571115,"C=US, O=Let's Encrypt, CN=YR2"
apps-prod2.gsd.esrl.noaa.gov,Yes,Yes,1,1,2026-09-02T19:23:20,2026-12-01T19:23:19,29286745805,"C=US, O=Let's Encrypt, CN=YR1"
apps-sefsc.fisheries.noaa.gov,No,Yes,8,3,2026-04-09T00:00:00,2026-10-31T23:59:59,25528596533;25456682906;25456698325;28299357218;25547299431;25547316029;25705344977;28299361868,"C=US, O=DigiCert Inc, CN=DigiCert Global G3 TLS ECC SHA384 2020 CA1;C=US, O=Let's Encrypt, CN=YR2;C=US, O=DigiCert Inc, CN=DigiCert Global G2 TLS RSA SHA256 2020 CA1"
apps-st.fisheries.noaa.gov,No,Yes,8,2,2026-07-17T18:19:18,2026-11-23T18:42:03,29249985447;28019527451;29067215286;28189897208;28019530271;29075163185;28189896256;29093044714,"C=US, O=Let's Encrypt, CN=YR1;C=US, O=Let's Encrypt, CN=YR2"
apps.dat.noaa.gov,No,Yes,1,1,2026-04-07T00:00:00,2026-10-22T23:59:59,25619686588,"C=US, O=DigiCert Inc, OU=www.digicert.com, CN=GeoTrust TLS RSA CA G1"
apps.glerl.noaa.gov,Yes,Yes,2,1,2026-09-02T15:25:07,2026-12-01T15:25:06,29279907631;29279986784,"C=US, O=Let's Encrypt, CN=YE1"
apps.gsl.noaa.gov,Yes,Yes,2,1,2026-08-23T07:09:50,2026-11-21T07:09:49,29026664723;29105338267,"C=US, O=Let's Encrypt, CN=YR2"
apps.nmfs.noaa.gov,No,Yes,8,3,2026-04-09T00:00:00,2026-10-31T23:59:59,25528596533;25456682906;25456698325;28299357218;25547299431;25547316029;25705344977;28299361868,"C=US, O=DigiCert Inc, CN=DigiCert Global G3 TLS ECC SHA384 2020 CA1;C=US, O=Let's Encrypt, CN=YR2;C=US, O=DigiCert Inc, CN=DigiCert Global G2 TLS RSA SHA256 2020 CA1"
apps.research.noaa.gov,Yes,Yes,1,1,2025-09-18T00:00:00,2026-10-17T23:59:59,21098211163,"C=US, O=Amazon, CN=Amazon RSA 2048 M01"
apps.woc.noaa.gov,Yes,Yes,1,1,2025-11-30T00:00:00,2026-12-29T23:59:59,22815581709,"C=US, O=Amazon, CN=Amazon RSA 2048 M04"
appsportal.fisheries.noaa.gov,Yes,Yes,3,2,2025-11-11T00:00:00,2026-12-10T23:59:59,25796241887;22379646715;25488633323,"C=US, O=Amazon, CN=Amazon RSA 2048 M04;C=US, O=Amazon, CN=Amazon RSA 2048 M01"
arboretum.atdd.noaa.gov,No,Yes,2,1,2026-07-12T12:03:41,2026-10-10T12:03:40,27874780877;27874779075,"C=US, O=Let's Encrypt, CN=YE1"
archibus.rdc.noaa.gov,Yes,Yes,6,2,2025-09-11T00:00:00,2026-12-15T23:59:59,26803608296;21893131101;20952817854;20950726920;26803553542;21893173494,"C=US, O=Amazon, CN=Amazon RSA 2048 M04;C=US, O=Amazon, CN=Amazon RSA 2048 M01"
archibusauth.rdc.noaa.gov,No,Yes,5,2,2025-09-11T00:00:00,2026-12-15T23:59:59,20950760181;20954737953;21893197782;21893502708;26803553542,"C=US, O=Amazon, CN=Amazon RSA 2048 M04;C=US, O=Amazon, CN=Amazon RSA 2048 M01"
archibusdev.rdc.noaa.gov,Yes,Yes,8,2,2025-09-11T00:00:00,2026-12-04T23:59:59,22208936813;21761562907;22207166621;22207167150;26529588972;20949404862;26526900873;20947883972,"C=US, O=Amazon, CN=Amazon RSA 2048 M04;C=US, O=Amazon, CN=Amazon RSA 2048 M01"
archibusdevauth.rdc.noaa.gov,No,Yes,7,2,2025-09-11T00:00:00,2026-12-04T23:59:59,20952678119;22208936813;22207167150;26529588972;21892442253;26526900873;20951235452,"C=US, O=Amazon, CN=Amazon RSA 2048 M04;C=US, O=Amazon, CN=Amazon RSA 2048 M01"
archibusdevonsite.rdc.noaa.gov,Yes,Yes,3,2,2025-09-11T00:00:00,2026-10-15T23:59:59,21064717139;20952223868;20955191410,"C=US, O=Amazon, CN=Amazon RSA 2048 M04;C=US, O=Amazon, CN=Amazon RSA 2048 M01"
archibusmobile.rdc.noaa.gov,No,Yes,5,2,2025-09-11T00:00:00,2026-12-15T23:59:59,20952371336;21893249256;21893250077;26803553542;20950194617,"C=US, O=Amazon, CN=Amazon RSA 2048 M04;C=US, O=Amazon, CN=Amazon RSA 2048 M01"
archive.data.noaa.gov,Yes,Yes,2,1,2026-04-28T00:00:00,2026-11-11T23:59:59,26036583873;25870928930,"C=US, O=Amazon, CN=Amazon RSA 2048 M04"
archws1prdrh.rdc.noaa.gov,No,Yes,2,1,2026-04-29T00:00:00,2026-12-15T23:59:59,26803553542;25922113490,"C=US, O=Amazon, CN=Amazon RSA 2048 M01"
archws1tstrh.rdc.noaa.gov,Yes,Yes,1,1,2026-04-29T00:00:00,2026-11-12T23:59:59,25922070776,"C=US, O=Amazon, CN=Amazon RSA 2048 M01"
archws2prdrh.rdc.noaa.gov,No,Yes,2,1,2026-04-29T00:00:00,2026-12-15T23:59:59,26803553542;25922113490,"C=US, O=Amazon, CN=Amazon RSA 2048 M01"
archws2tstrh.rdc.noaa.gov,No,Yes,1,1,2026-04-29T00:00:00,2026-11-12T23:59:59,25922070776,"C=US, O=Amazon, CN=Amazon RSA 2048 M01"
arctic.dev.oarcloud.noaa.gov,Yes,Yes,1,1,2025-10-16T00:00:00,2026-11-14T23:59:59,21752006983,"C=US, O=Amazon, CN=Amazon RSA 2048 M04"
arctic.noaa.gov,Yes,Yes,2,1,2026-04-28T00:00:00,2026-11-11T23:59:59,25868516760;26035658690,"C=US, O=Amazon, CN=Amazon RSA 2048 M01"
argo.pmel.noaa.gov,No,Yes,6,1,2025-09-12T00:00:00,2026-10-13T23:59:59,20976430097;20979386850;23063015363;20976430174;20977992906;21037150454,"C=US, O=DigiCert Inc, CN=DigiCert Global G2 TLS RSA SHA256 2020 CA1"
argocd.awips-refactor-dev.vlab.nws.noaa.gov,No,Yes,2,1,2026-05-30T00:00:00,2026-12-13T23:59:59,26747405041;26790539156,"C=US, O=Amazon, CN=Amazon RSA 2048 M01"
argocd.k8s.nwave.noaa.gov,Yes,Yes,2,1,2026-07-22T14:50:52,2026-10-20T14:50:51,28156651907;28156652865,"C=US, O=Let's Encrypt, CN=YR2"
argoserver.pmel.noaa.gov,No,Yes,3,1,2025-09-12T00:00:00,2026-10-13T23:59:59,20977242448;20976430174;20976430097,"C=US, O=DigiCert Inc, CN=DigiCert Global G2 TLS RSA SHA256 2020 CA1"
ascend-cb1.gsd.esrl.noaa.gov,Yes,Yes,2,1,2026-08-11T23:08:03,2026-11-09T23:08:02,28755662970;28755648277,"C=US, O=Let's Encrypt, CN=YR2"
assets.github.nwave.noaa.gov,No,Yes,4,2,2026-07-17T07:01:06,2026-10-17T08:08:12,28060184600;28005784207;28060165929;28005791772,"C=US, O=Let's Encrypt, CN=YE1;C=US, O=Let's Encrypt, CN=YE2"
atlhmscatchshares.fisheries.noaa.gov,Yes,Yes,4,2,2025-12-19T00:00:00,2026-12-19T23:59:59,23215774193;28610484767;28610473602;23215797735,"C=US, O=Let's Encrypt, CN=YR2;C=US, O=Network Solutions L.L.C., CN=Network Solutions RSA DV SSL CA 3"
atmo.pmel.noaa.gov,No,Yes,3,1,2025-09-12T00:00:00,2026-10-13T23:59:59,20977242448;20976430174;20976430097,"C=US, O=DigiCert Inc, CN=DigiCert Global G2 TLS RSA SHA256 2020 CA1"
audubongl.atdd.noaa.gov,Yes,Yes,2,1,2026-07-12T12:03:41,2026-10-10T12:03:40,27874780877;27874779075,"C=US, O=Let's Encrypt, CN=YE1"
auth-dash-temp.pmel.noaa.gov,No,Yes,5,1,2025-09-12T00:00:00,2026-10-13T23:59:59,20976430097;20976430174;21039237143;21383989218;21040359707,"C=US, O=DigiCert Inc, CN=DigiCert Global G2 TLS RSA SHA256 2020 CA1"
auth-dash.pmel.noaa.gov,No,Yes,5,1,2025-09-12T00:00:00,2026-10-13T23:59:59,20976430097;20976430174;21039237143;21383989218;21040359707,"C=US, O=DigiCert Inc, CN=DigiCert Global G2 TLS RSA SHA256 2020 CA1"
auth-viz-temp.pmel.noaa.gov,No,Yes,5,1,2025-09-12T00:00:00,2026-10-13T23:59:59,20976430097;20976430174;21039237143;21383989218;21040359707,"C=US, O=DigiCert Inc, CN=DigiCert Global G2 TLS RSA SHA256 2020 CA1"
auth-viz.pmel.noaa.gov,No,Yes,5,1,2025-09-12T00:00:00,2026-10-13T23:59:59,20976430097;20976430174;21039237143;21383989218;21040359707,"C=US, O=DigiCert Inc, CN=DigiCert Global G2 TLS RSA SHA256 2020 CA1"
auth.k8s.nwave.noaa.gov,Yes,Yes,2,1,2026-07-26T12:31:04,2026-10-24T12:31:03,28264876874;28264883132,"C=US, O=Let's Encrypt, CN=YR2"
auth.ncdc.noaa.gov,Yes,Yes,2,1,2026-08-18T13:06:10,2026-11-16T13:06:09,28930973521;28923982764,"C=US, O=Let's Encrypt, CN=YR1"
auth.pmel.noaa.gov,No,Yes,5,1,2025-09-12T00:00:00,2026-10-13T23:59:59,20977242448;20976430097;20979386850;20976430174;20977992906,"C=US, O=DigiCert Inc, CN=DigiCert Global G2 TLS RSA SHA256 2020 CA1"
auto-conf.bldc.nwave.noaa.gov,Yes,Yes,6,2,2026-07-08T12:46:49,2026-12-04T21:06:58,27813610886;29382322656;27782899367;27782899251;27813614542;29389210717,"C=US, O=Let's Encrypt, CN=YR1;C=US, O=Let's Encrypt, CN=YR2"
auto-conf.ctc.nwave.noaa.gov,Yes,Yes,5,2,2026-07-08T08:57:24,2026-12-05T04:09:15,29389437481;27778808210;27778816139;27798163360;27798156599,"C=US, O=Let's Encrypt, CN=YR1;C=US, O=Let's Encrypt, CN=YR2"
avatars.github.nwave.noaa.gov,No,Yes,4,2,2026-07-17T07:01:06,2026-10-17T08:08:12,28060184600;28005784207;28060165929;28005791772,"C=US, O=Let's Encrypt, CN=YE1;C=US, O=Let's Encrypt, CN=YE2"
awips-dev-dcv-1.nws.noaa.gov,No,Yes,2,1,2026-06-02T00:00:00,2026-12-16T23:59:59,26817527360;26916133731,"C=US, O=Amazon, CN=Amazon RSA 2048 M01"
awips-dev-dcv-2.nws.noaa.gov,No,Yes,2,1,2026-06-02T00:00:00,2026-12-16T23:59:59,26817527360;26916133731,"C=US, O=Amazon, CN=Amazon RSA 2048 M01"
awips-dev.vlab.noaa.gov,Yes,Yes,2,1,2026-06-02T00:00:00,2026-12-16T23:59:59,26817527360;26916133731,"C=US, O=Amazon, CN=Amazon RSA 2048 M01"
awips-refactor-dev.vlab.nws.noaa.gov,Yes,Yes,2,1,2026-05-30T00:00:00,2026-12-13T23:59:59,26747405041;26790539156,"C=US, O=Amazon, CN=Amazon RSA 2048 M01"
aws-sync.gsd.esrl.noaa.gov,Yes,Yes,2,1,2026-08-22T07:14:57,2026-11-20T07:14:56,29007878890;29071865288,"C=US, O=Let's Encrypt, CN=YR2"
aws.vlab-dev.noaa.gov,No,Yes,2,1,2026-04-10T00:00:00,2026-10-24T23:59:59,25953402274;25468570131,"C=US, O=Amazon, CN=Amazon RSA 2048 M01"
aws.vlab.noaa.gov,No,Yes,2,1,2026-04-10T00:00:00,2026-10-24T23:59:59,25468595778;27833369612,"C=US, O=Amazon, CN=Amazon RSA 2048 M01"
awstats.gsd.esrl.noaa.gov,Yes,Yes,2,1,2026-08-24T07:14:34,2026-11-22T07:14:33,29046453790;29046455606,"C=US, O=Let's Encrypt, CN=YR2"
awx-frontend.bldc.nwave.noaa.gov,No,Yes,4,1,2026-08-02T22:30:15,2026-11-01T10:26:11,28490740444;28474699438;28490748367;28474706281,"C=US, O=Let's Encrypt, CN=YR1"
awx-frontend.nwave.noaa.gov,Yes,Yes,4,1,2026-08-02T22:30:15,2026-11-01T10:26:11,28490740444;28474699438;28490748367;28474706281,"C=US, O=Let's Encrypt, CN=YR1"
awx-new.bldc.nwave.noaa.gov,Yes,Yes,4,1,2026-07-21T08:11:24,2026-10-21T07:55:54,28177208781;28177209912;28119131587;28119123967,"C=US, O=Let's Encrypt, CN=YE1"
awx-new.ctc.nwave.noaa.gov,Yes,Yes,4,2,2026-07-10T04:07:33,2026-10-09T08:56:37,27822905513;27851211891;27822912040;27851209347,"C=US, O=Let's Encrypt, CN=YE2;C=US, O=Let's Encrypt, CN=YE1"
awx.bldc.nwave.noaa.gov,No,Yes,4,1,2026-07-21T08:11:24,2026-10-21T07:55:54,28177208781;28177209912;28119131587;28119123967,"C=US, O=Let's Encrypt, CN=YE1"
awx.ctc.nwave.noaa.gov,Yes,Yes,5,3,2026-07-10T04:07:33,2026-12-03T06:09:32,27851211891;27822912040;27822905513;27851209347;29340287640,"C=US, O=Let's Encrypt, CN=YR2;C=US, O=Let's Encrypt, CN=YE2;C=US, O=Let's Encrypt, CN=YE1"
awx.nwave.noaa.gov,No,Yes,4,2,2026-07-10T04:07:33,2026-10-09T08:56:37,27822905513;27851211891;27822912040;27851209347,"C=US, O=Let's Encrypt, CN=YE2;C=US, O=Let's Encrypt, CN=YE1"
b3-2062-1.pmel.noaa.gov,No,Yes,3,1,2025-09-12T00:00:00,2026-10-13T23:59:59,20977242448;20976430174;20976430097,"C=US, O=DigiCert Inc, CN=DigiCert Global G2 TLS RSA SHA256 2020 CA1"
backup.boul.nwave.noaa.gov,Yes,Yes,4,2,2026-07-25T06:50:49,2026-10-24T22:27:45,28232729877;28232725467;28275858054;28275855793,"C=US, O=Let's Encrypt, CN=YE2;C=US, O=Let's Encrypt, CN=YE1"
backup.ctc.nwave.noaa.gov,Yes,Yes,4,1,2026-07-25T19:45:04,2026-10-23T22:28:48,28249894639;28246966247;28249898825;28246968040,"C=US, O=Let's Encrypt, CN=YE1"
basalt.pmel.noaa.gov,No,Yes,6,1,2025-09-12T00:00:00,2026-10-13T23:59:59,20977242448;20976430097;20979386850;20976430174;20977992906;23062986168,"C=US, O=DigiCert Inc, CN=DigiCert Global G2 TLS RSA SHA256 2020 CA1"
beringclimate.pmel.noaa.gov,No,Yes,4,1,2025-09-12T00:00:00,2026-10-13T23:59:59,20976430174;20979386850;20977992906;20976430097,"C=US, O=DigiCert Inc, CN=DigiCert Global G2 TLS RSA SHA256 2020 CA1"
beta.fisheries.noaa.gov,No,Yes,8,3,2026-04-09T00:00:00,2026-10-31T23:59:59,25528596533;25456682906;25456698325;28299357218;25547299431;25547316029;25705344977;28299361868,"C=US, O=DigiCert Inc, CN=DigiCert Global G3 TLS ECC SHA384 2020 CA1;C=US, O=Let's Encrypt, CN=YR2;C=US, O=DigiCert Inc, CN=DigiCert Global G2 TLS RSA SHA256 2020 CA1"
beta.ngs.noaa.gov,Yes,Yes,1,1,2026-03-31T00:00:00,2026-10-15T23:59:59,25302561741,"C=US, O=DigiCert Inc, CN=DigiCert Global G2 TLS RSA SHA256 2020 CA1"
beta.nmfs.noaa.gov,No,Yes,1,1,2026-06-04T00:00:00,2026-12-18T23:59:59,26869265983,"C=US, O=Amazon, CN=Amazon RSA 2048 M01"
beta.secure.nwstc.noaa.gov,Yes,Yes,1,1,2026-06-04T00:00:00,2026-12-18T23:59:59,26869244880,"C=US, O=Amazon, CN=Amazon RSA 2048 M04"
beta.secure.wdtd.noaa.gov,Yes,Yes,1,1,2026-06-04T00:00:00,2026-12-18T23:59:59,26869245487,"C=US, O=Amazon, CN=Amazon RSA 2048 M01"
beta.w1.accessnoaa.noaa.gov,Yes,Yes,1,1,2026-06-04T00:00:00,2026-12-18T23:59:59,26869245967,"C=US, O=Amazon, CN=Amazon RSA 2048 M04"
beta.w1.asfc.fisheries.noaa.gov,Yes,Yes,1,1,2026-06-04T00:00:00,2026-12-18T23:59:59,26869245601,"C=US, O=Amazon, CN=Amazon RSA 2048 M01"
beta.w1.gps.woc.noaa.gov,Yes,Yes,1,1,2026-06-04T00:00:00,2026-12-18T23:59:59,26869304589,"C=US, O=Amazon, CN=Amazon RSA 2048 M01"
beta.w1.habitat.noaa.gov,Yes,Yes,1,1,2026-06-04T00:00:00,2026-12-18T23:59:59,26869245346,"C=US, O=Amazon, CN=Amazon RSA 2048 M04"
beta.w1.nwg.noaa.gov,Yes,Yes,1,1,2026-06-04T00:00:00,2026-12-18T23:59:59,26869245340,"C=US, O=Amazon, CN=Amazon RSA 2048 M04"
beta.w1.sero.nmfs.noaa.gov,Yes,Yes,1,1,2026-06-04T00:00:00,2026-12-18T23:59:59,26869245592,"C=US, O=Amazon, CN=Amazon RSA 2048 M01"
beta2.w1.jpss.noaa.gov,Yes,Yes,1,1,2026-06-04T00:00:00,2026-12-18T23:59:59,26869245005,"C=US, O=Amazon, CN=Amazon RSA 2048 M01"
beta2.w1.nmfs.noaa.gov,Yes,Yes,1,1,2026-06-04T00:00:00,2026-12-18T23:59:59,26869265983,"C=US, O=Amazon, CN=Amazon RSA 2048 M01"
bicarbonate.pmel.noaa.gov,No,Yes,5,1,2025-09-12T00:00:00,2026-10-13T23:59:59,20977242448;20976430097;20979386850;20976430174;20977992906,"C=US, O=DigiCert Inc, CN=DigiCert Global G2 TLS RSA SHA256 2020 CA1"
bigsouthfork.atdd.noaa.gov,No,Yes,2,1,2026-07-12T12:03:41,2026-10-10T12:03:40,27874780877;27874779075,"C=US, O=Let's Encrypt, CN=YE1"
bld1-101-1.pmel.noaa.gov,No,Yes,3,1,2025-09-12T00:00:00,2026-10-13T23:59:59,20977242448;20976430174;20976430097,"C=US, O=DigiCert Inc, CN=DigiCert Global G2 TLS RSA SHA256 2020 CA1"
bld3-1041-1.pmel.noaa.gov,No,Yes,3,1,2025-09-12T00:00:00,2026-10-13T23:59:59,20977242448;20976430174;20976430097,"C=US, O=DigiCert Inc, CN=DigiCert Global G2 TLS RSA SHA256 2020 CA1"
bld3-1041-2.pmel.noaa.gov,No,Yes,3,1,2025-09-12T00:00:00,2026-10-13T23:59:59,20977242448;20976430174;20976430097,"C=US, O=DigiCert Inc, CN=DigiCert Global G2 TLS RSA SHA256 2020 CA1"
bld3-1078-1.pmel.noaa.gov,No,Yes,3,1,2025-09-12T00:00:00,2026-10-13T23:59:59,20977242448;20976430174;20976430097,"C=US, O=DigiCert Inc, CN=DigiCert Global G2 TLS RSA SHA256 2020 CA1"
bld3-1078-2.pmel.noaa.gov,No,Yes,3,1,2025-09-12T00:00:00,2026-10-13T23:59:59,20977242448;20976430174;20976430097,"C=US, O=DigiCert Inc, CN=DigiCert Global G2 TLS RSA SHA256 2020 CA1"
bld3-1101-1.pmel.noaa.gov,No,Yes,3,1,2025-09-12T00:00:00,2026-10-13T23:59:59,20977242448;20976430174;20976430097,"C=US, O=DigiCert Inc, CN=DigiCert Global G2 TLS RSA SHA256 2020 CA1"
bld3-1101-2.pmel.noaa.gov,No,Yes,3,1,2025-09-12T00:00:00,2026-10-13T23:59:59,20977242448;20976430174;20976430097,"C=US, O=DigiCert Inc, CN=DigiCert Global G2 TLS RSA SHA256 2020 CA1"
bld3-2091-1.pmel.noaa.gov,No,Yes,3,1,2025-09-12T00:00:00,2026-10-13T23:59:59,20977242448;20976430174;20976430097,"C=US, O=DigiCert Inc, CN=DigiCert Global G2 TLS RSA SHA256 2020 CA1"
bld3-2091-2.pmel.noaa.gov,No,Yes,3,1,2025-09-12T00:00:00,2026-10-13T23:59:59,20977242448;20976430174;20976430097,"C=US, O=DigiCert Inc, CN=DigiCert Global G2 TLS RSA SHA256 2020 CA1"
bld3-2091-3.pmel.noaa.gov,No,Yes,3,1,2025-09-12T00:00:00,2026-10-13T23:59:59,20977242448;20976430174;20976430097,"C=US, O=DigiCert Inc, CN=DigiCert Global G2 TLS RSA SHA256 2020 CA1"
bld3-2101-1.pmel.noaa.gov,No,Yes,3,1,2025-09-12T00:00:00,2026-10-13T23:59:59,20977242448;20976430174;20976430097,"C=US, O=DigiCert Inc, CN=DigiCert Global G2 TLS RSA SHA256 2020 CA1"
bld3-2101-2.pmel.noaa.gov,No,Yes,3,1,2025-09-12T00:00:00,2026-10-13T23:59:59,20977242448;20976430174;20976430097,"C=US, O=DigiCert Inc, CN=DigiCert Global G2 TLS RSA SHA256 2020 CA1"
bld8-pmel-1.pmel.noaa.gov,No,Yes,3,1,2025-09-12T00:00:00,2026-10-13T23:59:59,20977242448;20976430174;20976430097,"C=US, O=DigiCert Inc, CN=DigiCert Global G2 TLS RSA SHA256 2020 CA1"
bld8-pmel-2.pmel.noaa.gov,No,Yes,3,1,2025-09-12T00:00:00,2026-10-13T23:59:59,20977242448;20976430174;20976430097,"C=US, O=DigiCert Inc, CN=DigiCert Global G2 TLS RSA SHA256 2020 CA1"
bld8-pmel-3.pmel.noaa.gov,No,Yes,3,1,2025-09-12T00:00:00,2026-10-13T23:59:59,20977242448;20976430174;20976430097,"C=US, O=DigiCert Inc, CN=DigiCert Global G2 TLS RSA SHA256 2020 CA1"
bldr.ncep.noaa.gov,No,Yes,3,1,2026-05-21T21:44:52,2026-12-11T20:45:54,26532526621;26689796855;28496658134,"C=US, ST=Arizona, L=Scottsdale, O=""GoDaddy.com, Inc."", OU=http://certs.godaddy.com/repository/, CN=Go Daddy Secure Certificate Authority - G2"
blend-c.mdl.nws.noaa.gov,Yes,Yes,2,1,2026-07-13T19:09:08,2026-10-11T19:09:07,27907083896;27907080206,"C=US, O=Let's Encrypt, CN=YR1"
blend.mdl.nws.noaa.gov,Yes,Yes,2,1,2026-08-02T22:35:40,2026-10-31T22:35:39,28474797012;28474802315,"C=US, O=Let's Encrypt, CN=YR2"
bock.pmel.noaa.gov,No,Yes,3,1,2025-09-12T00:00:00,2026-10-13T23:59:59,20977242448;20976430174;20976430097,"C=US, O=DigiCert Inc, CN=DigiCert Global G2 TLS RSA SHA256 2020 CA1"
bondville.atdd.noaa.gov,No,Yes,2,1,2026-07-12T12:03:41,2026-10-10T12:03:40,27874780877;27874779075,"C=US, O=Let's Encrypt, CN=YE1"
bones.pmel.noaa.gov,No,Yes,4,1,2025-09-12T00:00:00,2026-10-13T23:59:59,20977242448;20976430097;20976430174;21254043591,"C=US, O=DigiCert Inc, CN=DigiCert Global G2 TLS RSA SHA256 2020 CA1"
bonita.pmel.noaa.gov,No,Yes,3,1,2025-09-12T00:00:00,2026-10-13T23:59:59,20977242448;20976430174;20976430097,"C=US, O=DigiCert Inc, CN=DigiCert Global G2 TLS RSA SHA256 2020 CA1"
bosun.pmel.noaa.gov,No,Yes,3,1,2025-09-12T00:00:00,2026-10-13T23:59:59,20977242448;20976430174;20976430097,"C=US, O=DigiCert Inc, CN=DigiCert Global G2 TLS RSA SHA256 2020 CA1"
boulder.noaa.gov,Yes,Yes,2,1,2026-08-19T15:28:30,2026-11-17T15:28:29,29123154254;28980003719,"C=US, O=Let's Encrypt, CN=YE1"
bridge.ztna.asos.noaa.gov,Yes,Yes,8,2,2026-08-01T14:57:40,2026-10-30T15:11:55,28439092758;28439092103;28439380884;28439093107;28439369219;28439092246;28439383293;28439379139,"C=US, O=Let's Encrypt, CN=YR1;C=US, O=Let's Encrypt, CN=YE2"
bt.iso.noaa.gov,Yes,Yes,1,1,2025-12-09T22:10:27,2026-12-09T22:10:27,23012553769,"C=US, ST=Arizona, L=Scottsdale, O=""GoDaddy.com, Inc."", OU=http://certs.godaddy.com/repository/, CN=Go Daddy Secure Certificate Authority - G2"
btr.coast.noaa.gov,Yes,Yes,2,1,2026-08-02T18:48:43,2026-10-31T18:48:42,28470137607;28470138277,"C=US, O=Let's Encrypt, CN=YR2"
buoybay.noaa.gov,Yes,Yes,2,1,2026-05-31T00:00:00,2026-12-14T23:59:59,26772195174;26824820976,"C=US, O=Amazon, CN=Amazon RSA 2048 M04"
burnscar.wpc-vlab.noaa.gov,Yes,Yes,5,1,2026-06-03T00:00:00,2026-12-22T23:59:59,26893883791;27061717812;26893823254;26996783310;26846095184,"C=US, O=Amazon, CN=Amazon RSA 2048 M01"
bycatchreporting.fisheries.noaa.gov,Yes,Yes,2,1,2026-08-07T04:26:53,2026-11-05T04:26:52,28610524914;28610527376,"C=US, O=Let's Encrypt, CN=YR1"
cameo.noaa.gov,Yes,Yes,2,1,2025-09-29T20:50:12,2026-10-31T20:50:11,27357743032;21354767643,"C=BE, O=GlobalSign nv-sa, CN=GlobalSign GCC R6 AlphaSSL CA 2025"
cameochemicals.noaa.gov,Yes,Yes,3,1,2025-10-06T20:47:45,2026-11-07T20:47:44,22571136232;21529490048;22571135717,"C=BE, O=GlobalSign nv-sa, CN=GlobalSign GCC R6 AlphaSSL CA 2025"
campcreek.atdd.noaa.gov,No,Yes,2,1,2026-07-12T12:03:41,2026-10-10T12:03:40,27874780877;27874779075,"C=US, O=Let's Encrypt, CN=YE1"
carbontracker.noaa.gov,No,Yes,2,1,2026-07-10T00:00:00,2026-10-08T23:59:59,27823787112;27823790513,"C=AT, O=ZeroSSL GmbH, CN=ZeroSSL RSA DV SSL CA 2"
carto-new.bldc.nwave.noaa.gov,No,Yes,4,2,2026-07-20T16:51:56,2026-10-19T16:22:08,28099796899;28129815030;28129810243;28099792261,"C=US, O=Let's Encrypt, CN=YR1;C=US, O=Let's Encrypt, CN=YR2"
carto-new.ctc.nwave.noaa.gov,No,Yes,4,1,2026-07-19T16:55:14,2026-10-19T06:42:57,28070355755;28117090903;28070357727;28117085242,"C=US, O=Let's Encrypt, CN=YR2"
carto.bldc.nwave.noaa.gov,Yes,Yes,4,2,2026-07-20T16:51:56,2026-10-19T16:22:08,28099796899;28129815030;28129810243;28099792261,"C=US, O=Let's Encrypt, CN=YR1;C=US, O=Let's Encrypt, CN=YR2"
carto.boul.nwave.noaa.gov,Yes,Yes,7,2,2026-07-07T19:02:08,2026-12-06T10:18:41,29365232646;27764561909;29466390364;27807041325;27764563189;27807038312;29440800474,"C=US, O=Let's Encrypt, CN=YR1;C=US, O=Let's Encrypt, CN=YR2"
carto.ctc.nwave.noaa.gov,Yes,Yes,4,1,2026-07-19T16:55:14,2026-10-19T06:42:57,28070355755;28117090903;28070357727;28117085242,"C=US, O=Let's Encrypt, CN=YR2"
carto.nwave.noaa.gov,No,Yes,15,2,2026-07-07T19:02:08,2026-12-06T10:18:41,29365232646;28070357727;28099792261;27764561909;29466390364;27807041325;28070355755;28129810243;28129815030;28117090903;28099796899;27807038312;28117085242;27764563189;29440800474,"C=US, O=Let's Encrypt, CN=YR1;C=US, O=Let's Encrypt, CN=YR2"
casper.gsd.esrl.noaa.gov,Yes,Yes,2,1,2026-07-29T09:05:30,2026-10-27T09:05:29,28347011645;28347013147,"C=US, O=Let's Encrypt, CN=YR2"
cbex.noaa.gov,Yes,Yes,1,1,2026-05-29T00:00:00,2026-12-12T23:59:59,26723293181,"C=US, O=Amazon, CN=Amazon RSA 2048 M01"
cbwofs.nssl.noaa.gov,Yes,Yes,2,1,2026-06-12T00:00:00,2026-12-12T23:59:59,27123115037;27263754191,"C=US, O=DigiCert Inc, OU=www.digicert.com, CN=GeoTrust TLS RSA CA G1"
cbwofs.vlab.noaa.gov,Yes,Yes,2,1,2026-06-11T00:00:00,2026-12-11T23:59:59,27078739672;27076914646,"C=US, O=DigiCert Inc, OU=www.digicert.com, CN=GeoTrust TLS RSA CA G1"
cdhc.noaa.gov,Yes,Yes,2,1,2026-08-01T08:09:01,2026-10-30T08:09:00,28431591853;28431586142,"C=US, O=Let's Encrypt, CN=YR2"
cdn.coastalscience.noaa.gov,Yes,Yes,2,1,2026-05-23T00:00:00,2026-11-23T23:59:59,26584653049;26624843257,"C=US, O=DigiCert Inc, OU=www.digicert.com, CN=GeoTrust TLS RSA CA G1"
cdn.ioos.noaa.gov,Yes,Yes,2,1,2026-05-19T00:00:00,2026-11-19T23:59:59,26459679861;26569870662,"C=US, O=DigiCert Inc, OU=www.digicert.com, CN=GeoTrust TLS RSA CA G1"
cdn.ngs.noaa.gov,No,Yes,2,1,2026-04-28T00:00:00,2026-11-12T23:59:59,26133266577;25887068807,"C=US, O=DigiCert Inc, CN=DigiCert Global G2 TLS RSA SHA256 2020 CA1"
cdn.oceanservice.noaa.gov,Yes,Yes,2,1,2026-05-16T00:00:00,2026-11-16T23:59:59,26389861024;26388419025,"C=US, O=DigiCert Inc, OU=www.digicert.com, CN=GeoTrust TLS RSA CA G1"
cdn.star.nesdis.noaa.gov,Yes,Yes,4,2,2026-07-16T00:20:46,2026-10-22T17:06:24,28217708645;27968690100;27968680999;28217706457,"C=US, O=Let's Encrypt, CN=YR1;C=US, O=Let's Encrypt, CN=YR2"
cert-srv.gsd.esrl.noaa.gov,Yes,Yes,2,1,2026-07-16T09:09:53,2026-10-14T09:09:52,27979219693;27979212347,"C=US, O=Let's Encrypt, CN=YR2"
certificate.seafoodinspection.nmfs.noaa.gov,No,Yes,8,3,2026-04-09T00:00:00,2026-10-31T23:59:59,25528596533;25456682906;25456698325;28299357218;25547299431;25547316029;25705344977;28299361868,"C=US, O=DigiCert Inc, CN=DigiCert Global G3 TLS ECC SHA384 2020 CA1;C=US, O=Let's Encrypt, CN=YR2;C=US, O=DigiCert Inc, CN=DigiCert Global G2 TLS RSA SHA256 2020 CA1"
channelislands.noaa.gov,Yes,Yes,2,1,2026-08-01T04:57:46,2026-10-30T04:57:45,28427882599;28427878770,"C=US, O=Let's Encrypt, CN=YR2"
chesapeakebay.noaa.gov,No,Yes,8,3,2026-04-09T00:00:00,2026-10-31T23:59:59,25528596533;25456682906;25456698325;28299357218;25547299431;25547316029;25705344977;28299361868,"C=US, O=DigiCert Inc, CN=DigiCert Global G3 TLS ECC SHA384 2020 CA1;C=US, O=Let's Encrypt, CN=YR2;C=US, O=DigiCert Inc, CN=DigiCert Global G2 TLS RSA SHA256 2020 CA1"
chessboard.atdd.noaa.gov,No,Yes,2,1,2026-07-12T12:03:41,2026-10-10T12:03:40,27874780877;27874779075,"C=US, O=Let's Encrypt, CN=YE1"
chiffer.pmel.noaa.gov,No,Yes,3,1,2025-09-12T00:00:00,2026-10-13T23:59:59,20977242448;20976430174;20976430097,"C=US, O=DigiCert Inc, CN=DigiCert Global G2 TLS RSA SHA256 2020 CA1"
chimaera.pmel.noaa.gov,No,Yes,3,1,2025-09-12T00:00:00,2026-10-13T23:59:59,20977242448;20976430174;20976430097,"C=US, O=DigiCert Inc, CN=DigiCert Global G2 TLS RSA SHA256 2020 CA1"
chinstrap.pmel.noaa.gov,No,Yes,3,1,2025-09-12T00:00:00,2026-10-13T23:59:59,20977242448;20976430174;20976430097,"C=US, O=DigiCert Inc, CN=DigiCert Global G2 TLS RSA SHA256 2020 CA1"
chocobo.pmel.noaa.gov,No,Yes,3,1,2025-09-12T00:00:00,2026-10-13T23:59:59,20977242448;20976430174;20976430097,"C=US, O=DigiCert Inc, CN=DigiCert Global G2 TLS RSA SHA256 2020 CA1"
chs.coast.noaa.gov,Yes,Yes,1,1,2026-08-30T06:10:58,2026-11-28T06:10:57,29385018053,"C=US, O=Let's Encrypt, CN=YR2"
chs.qa.coast.noaa.gov,Yes,Yes,2,1,2026-08-18T09:19:28,2026-11-16T09:19:27,29071437866;28953182362,"C=US, O=Let's Encrypt, CN=YE2"
chum.afsc.noaa.gov,No,Yes,6,2,2026-04-09T00:00:00,2026-10-31T23:59:59,25528596533;25456682906;25456698325;25547299431;25547316029;25705344977,"C=US, O=DigiCert Inc, CN=DigiCert Global G3 TLS ECC SHA384 2020 CA1;C=US, O=DigiCert Inc, CN=DigiCert Global G2 TLS RSA SHA256 2020 CA1"
ci-private.oarcloud.noaa.gov,Yes,Yes,2,1,2026-03-30T00:00:00,2026-10-13T23:59:59,25299953040;25276353065,"C=US, O=Amazon, CN=Amazon RSA 2048 M01"
ci.dev.oarcloud.noaa.gov,Yes,Yes,2,1,2026-05-12T00:00:00,2026-11-25T23:59:59,26269636151;26270442091,"C=US, O=Amazon, CN=Amazon RSA 2048 M01"
ci.noaa.gov,Yes,Yes,6,2,2026-03-30T00:00:00,2026-12-12T23:59:59,26739372405;26689318467;25276663412;26739321090;25301206000;26689475793,"C=US, O=Amazon, CN=Amazon RSA 2048 M04;C=US, O=Amazon, CN=Amazon RSA 2048 M01"
clamav.nwave.noaa.gov,Yes,Yes,26,2,2026-07-07T12:46:59,2026-12-06T22:24:48,27827837633;27822943134;29371142355;27832039178;27782903910;27773731031;27757968662;29409471890;27798194400;29448077575;27757975173;27827848186;27822941930;29400525155;29399504065;27764586980;27832044970;27782903225;27764572019;29391383877;29399541092;29400451266;27798192486;29371142365;27773730261;29391375201,"C=US, O=Let's Encrypt, CN=YR1;C=US, O=Let's Encrypt, CN=YR2"
class.noaa.gov,Yes,Yes,1,1,2026-04-06T12:56:09,2026-10-22T12:56:09,25448853975,"C=BE, O=GlobalSign nv-sa, CN=GlobalSign RSA OV SSL CA 2018"
climate-engine-api.ncei.noaa.gov,Yes,Yes,2,1,2026-07-14T19:24:08,2026-10-12T19:24:07,27935174257;27935161010,"C=US, O=Let's Encrypt, CN=YR2"
climate.gov,Yes,No,1,1,2026-06-10T00:00:00,2026-12-24T23:59:59,27037504797,"C=US, O=Amazon, CN=Amazon RSA 2048 M04"
climate.noaa.gov,Yes,Yes,3,2,2026-06-10T00:00:00,2026-12-24T23:59:59,29133577663;27037504797;29155398543,"C=US, O=Amazon, CN=Amazon RSA 2048 M04;C=US, O=Let's Encrypt, CN=YE2"
cloud-new.bldc.nwave.noaa.gov,Yes,Yes,5,2,2026-07-07T12:47:03,2026-12-03T21:04:07,27757969436;27757976260;29344542980;29360863879;29360866443,"C=US, O=Let's Encrypt, CN=YE2;C=US, O=Let's Encrypt, CN=YE1"
cloud-new.ctc.nwave.noaa.gov,Yes,Yes,4,2,2026-07-28T22:32:08,2026-10-27T19:43:42,28360217768;28334066448;28334069747;28360218589,"C=US, O=Let's Encrypt, CN=YR1;C=US, O=Let's Encrypt, CN=YR2"
cloud.alaskafisheries.noaa.gov,No,Yes,2,1,2026-08-25T18:42:04,2026-11-23T18:42:03,29075163185;29249985447,"C=US, O=Let's Encrypt, CN=YR2"
cloud.bldc.nwave.noaa.gov,Yes,Yes,2,1,2026-07-07T08:55:19,2026-10-05T08:55:18,27754020236;27754024689,"C=US, O=Let's Encrypt, CN=YR2"
cloud.boul.nwave.noaa.gov,Yes,Yes,4,2,2026-07-16T06:42:24,2026-10-14T08:08:58,27976125535;27976132547;27978049672;27978044462,"C=US, O=Let's Encrypt, CN=YE2;C=US, O=Let's Encrypt, CN=YE1"
cloud.ctc.nwave.noaa.gov,No,Yes,4,2,2026-07-28T22:32:08,2026-10-27T19:43:42,28360217768;28334066448;28334069747;28360218589,"C=US, O=Let's Encrypt, CN=YR1;C=US, O=Let's Encrypt, CN=YR2"
clouddata.noaa.gov,Yes,Yes,2,1,2026-03-24T00:00:00,2026-10-07T23:59:59,25202296190;25186273044,"C=US, O=Amazon, CN=Amazon RSA 2048 M01"
clouddatadev.noaa.gov,Yes,Yes,2,1,2026-05-26T00:00:00,2026-12-09T23:59:59,26650096749;26648768338,"C=US, O=Amazon, CN=Amazon RSA 2048 M01"
cmist.noaa.gov,Yes,Yes,1,1,2025-12-17T00:00:00,2026-12-17T23:59:59,23177492893,"C=US, O=DigiCert Inc, CN=DigiCert Global G2 TLS RSA SHA256 2020 CA1"
cnrfc.noaa.gov,No,Yes,1,1,2025-11-03T00:00:00,2026-11-02T23:59:59,22183882357,"C=US, O=DigiCert Inc, CN=DigiCert Global G2 TLS RSA SHA256 2020 CA1"
cns.pmel.noaa.gov,No,Yes,5,1,2025-09-12T00:00:00,2026-10-13T23:59:59,20977242448;20976430097;20979386850;20976430174;20977992906,"C=US, O=DigiCert Inc, CN=DigiCert Global G2 TLS RSA SHA256 2020 CA1"
co2op.pmel.noaa.gov,No,Yes,3,1,2025-09-12T00:00:00,2026-10-13T23:59:59,20977242448;20976430174;20976430097,"C=US, O=DigiCert Inc, CN=DigiCert Global G2 TLS RSA SHA256 2020 CA1"
coast.noaa.gov,Yes,Yes,2,1,2026-08-23T07:22:27,2026-11-21T07:22:26,29158613466;29397187463,"C=US, O=Let's Encrypt, CN=YR2"
coastal.pmel.noaa.gov,No,Yes,5,1,2025-09-12T00:00:00,2026-10-13T23:59:59,20977242448;20976430097;20979386850;20976430174;20977992906,"C=US, O=DigiCert Inc, CN=DigiCert Global G2 TLS RSA SHA256 2020 CA1"
coastalscience.noaa.gov,Yes,Yes,2,1,2026-08-01T08:19:28,2026-10-30T08:19:27,28431782374;28431777662,"C=US, O=Let's Encrypt, CN=YR2"
coastwatch.noaa.gov,Yes,Yes,2,1,2026-09-05T00:55:17,2026-12-04T00:55:16,29358681903;29358682245,"C=US, O=Let's Encrypt, CN=YR2"
coastwatch.oarcloud.noaa.gov,Yes,Yes,1,1,2025-09-26T00:00:00,2026-10-25T23:59:59,21280145266,"C=US, O=Amazon, CN=Amazon RSA 2048 M01"
coastwatch.pfeg.noaa.gov,No,Yes,6,2,2026-04-09T00:00:00,2026-10-31T23:59:59,25528596533;25456682906;25456698325;25547299431;25547316029;25705344977,"C=US, O=DigiCert Inc, CN=DigiCert Global G3 TLS ECC SHA384 2020 CA1;C=US, O=DigiCert Inc, CN=DigiCert Global G2 TLS RSA SHA256 2020 CA1"
coastwatch.star.nesdis.noaa.gov,No,Yes,2,1,2026-09-05T00:55:17,2026-12-04T00:55:16,29358681903;29358682245,"C=US, O=Let's Encrypt, CN=YR2"
cobbler.bldc.nwave.noaa.gov,Yes,Yes,6,1,2026-07-08T04:05:32,2026-12-05T06:07:20,27778809215;29389445572;27778815680;27773758046;29391388293;27773750231,"C=US, O=Let's Encrypt, CN=YE1"
codeload.github.nwave.noaa.gov,No,Yes,4,2,2026-07-17T07:01:06,2026-10-17T08:08:12,28060184600;28005784207;28060165929;28005791772,"C=US, O=Let's Encrypt, CN=YE1;C=US, O=Let's Encrypt, CN=YE2"
codes.nws.noaa.gov,Yes,Yes,2,1,2026-08-12T02:07:51,2026-11-10T02:07:50,28759637099;28759633367,"C=US, O=Let's Encrypt, CN=YR2"
collab.swfsc.noaa.gov,No,Yes,6,2,2026-04-09T00:00:00,2026-10-31T23:59:59,25528596533;25456682906;25456698325;25547299431;25547316029;25705344977,"C=US, O=DigiCert Inc, CN=DigiCert Global G3 TLS ECC SHA384 2020 CA1;C=US, O=DigiCert Inc, CN=DigiCert Global G2 TLS RSA SHA256 2020 CA1"
columbo.pmel.noaa.gov,No,Yes,4,1,2025-09-12T00:00:00,2026-10-13T23:59:59,20977242448;20976430097;20976430174;21254043591,"C=US, O=DigiCert Inc, CN=DigiCert Global G2 TLS RSA SHA256 2020 CA1"
comet.nefsc.noaa.gov,No,Yes,8,3,2026-04-09T00:00:00,2026-10-31T23:59:59,25528596533;25456682906;25456698325;28299357218;25547299431;25547316029;25705344977;28299361868,"C=US, O=DigiCert Inc, CN=DigiCert Global G3 TLS ECC SHA384 2020 CA1;C=US, O=Let's Encrypt, CN=YR2;C=US, O=DigiCert Inc, CN=DigiCert Global G2 TLS RSA SHA256 2020 CA1"
conference.pmel.noaa.gov,No,Yes,3,1,2025-09-12T00:00:00,2026-10-13T23:59:59,20977242448;20976430174;20976430097,"C=US, O=DigiCert Inc, CN=DigiCert Global G2 TLS RSA SHA256 2020 CA1"
conference2.pmel.noaa.gov,No,Yes,3,1,2025-09-12T00:00:00,2026-10-13T23:59:59,20977242448;20976430174;20976430097,"C=US, O=DigiCert Inc, CN=DigiCert Global G2 TLS RSA SHA256 2020 CA1"
conference3.pmel.noaa.gov,No,Yes,3,1,2025-09-12T00:00:00,2026-10-13T23:59:59,20977242448;20976430174;20976430097,"C=US, O=DigiCert Inc, CN=DigiCert Global G2 TLS RSA SHA256 2020 CA1"
confluence.co-ops.nos.noaa.gov,Yes,Yes,1,1,2026-03-30T00:00:00,2026-10-14T23:59:59,25267421295,"C=US, O=DigiCert Inc, CN=DigiCert Global G2 TLS RSA SHA256 2020 CA1"
connect.fisheries.noaa.gov,No,Yes,8,2,2026-07-17T18:19:18,2026-11-23T18:42:03,29249985447;28019527451;29067215286;28189897208;28019530271;29075163185;28189896256;29093044714,"C=US, O=Let's Encrypt, CN=YR1;C=US, O=Let's Encrypt, CN=YR2"
containers.github.nwave.noaa.gov,No,Yes,4,2,2026-07-17T07:01:06,2026-10-17T08:08:12,28060184600;28005784207;28060165929;28005791772,"C=US, O=Let's Encrypt, CN=YE1;C=US, O=Let's Encrypt, CN=YE2"
cooper.noaa.gov,Yes,Yes,1,1,2025-11-25T00:00:00,2026-12-24T23:59:59,22713230859,"C=US, O=Amazon, CN=Amazon RSA 2048 M01"
cope.bldc.nwave.noaa.gov,No,Yes,4,2,2026-07-30T22:27:54,2026-10-29T19:50:41,28417896496;28392437294;28392437318;28417896024,"C=US, O=Let's Encrypt, CN=YE1;C=US, O=Let's Encrypt, CN=YE2"
cope.ctc.nwave.noaa.gov,No,Yes,12,4,2026-07-25T06:52:48,2026-10-28T10:24:04,28232765490;28363252854;28275868536;28363256222;28330680818;28275865343;28363247779;28232759876;28377608932;28377601843;28330681933;28363248886,"C=US, O=Let's Encrypt, CN=YR1;C=US, O=Let's Encrypt, CN=YR2;C=US, O=Let's Encrypt, CN=YE1;C=US, O=Let's Encrypt, CN=YE2"
copper-broker.ztna.asos.noaa.gov,Yes,Yes,8,3,2026-08-08T23:28:41,2026-11-07T04:32:36,28668014619;28662032097;28668014439;28668011777;28662035776;28662069296;28668010079;28662036100,"C=US, O=Let's Encrypt, CN=YR1;C=US, O=Let's Encrypt, CN=YR2;C=US, O=Let's Encrypt, CN=YE1"
copper.ztna.asos.noaa.gov,Yes,Yes,8,3,2026-08-08T22:13:35,2026-11-06T23:51:27,28662595729;28660472666;28662587621;28660477427;28662595922;28660473446;28662579749;28660472749,"C=US, O=Let's Encrypt, CN=YR1;C=US, O=Let's Encrypt, CN=YR2;C=US, O=Let's Encrypt, CN=YE2"
coral.aoml.noaa.gov,Yes,Yes,1,1,2025-10-30T00:00:00,2026-11-05T23:59:59,22105175765,"C=US, O=DigiCert Inc, CN=DigiCert Global G2 TLS RSA SHA256 2020 CA1"
coralreef.noaa.gov,No,Yes,3,2,2025-11-22T00:00:00,2026-12-21T23:59:59,29158613466;29397187463;22666416615,"C=US, O=Let's Encrypt, CN=YR2;C=US, O=Amazon, CN=Amazon RSA 2048 M04"
coralreefwatch.noaa.gov,No,Yes,1,1,2026-09-05T23:37:55,2026-12-04T23:37:54,29384911378,"C=US, O=Let's Encrypt, CN=YR2"
cordellbank.noaa.gov,Yes,Yes,2,1,2026-08-01T05:03:32,2026-10-30T05:03:31,28427981416;28427978928,"C=US, O=Let's Encrypt, CN=YR1"
corex01.pmel.noaa.gov,No,Yes,3,1,2025-09-12T00:00:00,2026-10-13T23:59:59,20977242448;20976430174;20976430097,"C=US, O=DigiCert Inc, CN=DigiCert Global G2 TLS RSA SHA256 2020 CA1"
corex02.pmel.noaa.gov,No,Yes,3,1,2025-09-12T00:00:00,2026-10-13T23:59:59,20977242448;20976430174;20976430097,"C=US, O=DigiCert Inc, CN=DigiCert Global G2 TLS RSA SHA256 2020 CA1"
coris.noaa.gov,No,Yes,2,1,2026-08-18T13:06:52,2026-11-16T13:06:51,29077514711;28923997073,"C=US, O=Let's Encrypt, CN=YR2"
corpscpc.noaa.gov,Yes,Yes,1,1,2026-05-19T00:00:00,2026-12-02T23:59:59,26452664559,"C=US, O=Amazon, CN=Amazon RSA 2048 M04"
cosign.bldc.nwave.noaa.gov,No,Yes,4,1,2026-07-14T19:25:26,2026-10-13T09:01:19,27935197733;27950185564;27950191283;27935205360,"C=US, O=Let's Encrypt, CN=YR1"
cosign.boul.nwave.noaa.gov,Yes,Yes,6,2,2026-07-07T19:05:07,2026-12-05T13:23:39,27782903529;27764610478;29399518288;29381925736;27764615758;27782911920,"C=US, O=Let's Encrypt, CN=YR1;C=US, O=Let's Encrypt, CN=YR2"
cosign.ctc.nwave.noaa.gov,No,Yes,4,1,2026-07-14T19:25:26,2026-10-13T09:01:19,27935197733;27950185564;27950191283;27935205360,"C=US, O=Let's Encrypt, CN=YR1"
councils.fisheries.noaa.gov,Yes,Yes,2,1,2026-08-03T16:50:54,2026-11-01T16:50:53,28500113342;28500122730,"C=US, O=Let's Encrypt, CN=YR2"
countmyfish.noaa.gov,No,Yes,8,3,2026-04-09T00:00:00,2026-10-31T23:59:59,25528596533;25456682906;25456698325;28299357218;25547299431;25547316029;25705344977;28299361868,"C=US, O=DigiCert Inc, CN=DigiCert Global G3 TLS ECC SHA384 2020 CA1;C=US, O=Let's Encrypt, CN=YR2;C=US, O=DigiCert Inc, CN=DigiCert Global G2 TLS RSA SHA256 2020 CA1"
cpc.ncep.noaa.gov,No,Yes,3,1,2026-05-21T21:44:52,2026-12-11T20:45:54,26532526621;26689796855;28496658134,"C=US, ST=Arizona, L=Scottsdale, O=""GoDaddy.com, Inc."", OU=http://certs.godaddy.com/repository/, CN=Go Daddy Secure Certificate Authority - G2"
cpo.dev.oarcloud.noaa.gov,Yes,Yes,2,1,2026-03-30T00:00:00,2026-10-13T23:59:59,25267965885;25304549749,"C=US, O=Amazon, CN=Amazon RSA 2048 M01"
cpo.noaa.gov,Yes,Yes,3,1,2025-10-23T00:00:00,2026-11-21T23:59:59,21928079905;21929569406;21931248202,"C=US, O=Amazon, CN=Amazon RSA 2048 M01"
cprk.ncep.noaa.gov,No,Yes,3,1,2026-05-21T21:44:52,2026-12-11T20:45:54,26532526621;26689796855;28496658134,"C=US, ST=Arizona, L=Scottsdale, O=""GoDaddy.com, Inc."", OU=http://certs.godaddy.com/repository/, CN=Go Daddy Secure Certificate Authority - G2"
cprkvpn.ncep.noaa.gov,Yes,Yes,1,1,2025-12-05T14:22:36,2026-10-20T14:51:58,22904265066,"C=US, ST=Arizona, L=Scottsdale, O=""GoDaddy.com, Inc."", OU=http://certs.godaddy.com/repository/, CN=Go Daddy Secure Certificate Authority - G2"
cpvpn.ncep.noaa.gov,No,Yes,1,1,2025-12-05T14:22:36,2026-10-20T14:51:58,22904265066,"C=US, ST=Arizona, L=Scottsdale, O=""GoDaddy.com, Inc."", OU=http://certs.godaddy.com/repository/, CN=Go Daddy Secure Certificate Authority - G2"
creek.atdd.noaa.gov,No,Yes,2,1,2026-07-12T12:03:41,2026-10-10T12:03:40,27874780877;27874779075,"C=US, O=Let's Encrypt, CN=YE1"
crw-test.star.nesdis.noaa.gov,Yes,Yes,2,1,2026-07-12T00:30:58,2026-10-10T00:30:57,27864910038;27864907244,"C=US, O=Let's Encrypt, CN=YR1"
csc.noaa.gov,No,Yes,1,1,2026-08-30T06:10:58,2026-11-28T06:10:57,29385018053,"C=US, O=Let's Encrypt, CN=YR2"
csl.noaa.gov,Yes,Yes,1,1,2025-10-09T00:00:00,2026-11-09T23:59:59,21610018108,"C=US, O=DigiCert Inc, CN=DigiCert Global G2 TLS RSA SHA256 2020 CA1"
csp.noaa.gov,Yes,Yes,2,1,2026-08-15T03:07:45,2026-11-13T03:07:44,28871646046;28940372737,"C=US, O=Let's Encrypt, CN=YE1"
ctbto.ncep.noaa.gov,No,Yes,3,1,2026-05-21T21:44:52,2026-12-11T20:45:54,26532526621;26689796855;28496658134,"C=US, ST=Arizona, L=Scottsdale, O=""GoDaddy.com, Inc."", OU=http://certs.godaddy.com/repository/, CN=Go Daddy Secure Certificate Authority - G2"
current.pmel.noaa.gov,No,Yes,3,1,2025-09-12T00:00:00,2026-10-13T23:59:59,20977242448;20976430174;20976430097,"C=US, O=DigiCert Inc, CN=DigiCert Global G2 TLS RSA SHA256 2020 CA1"
cw-test.star.nesdis.noaa.gov,Yes,Yes,2,1,2026-08-31T18:48:56,2026-11-29T18:48:55,29202699393;29202690938,"C=US, O=Let's Encrypt, CN=YR2"
cwcaribbean.aoml.noaa.gov,Yes,Yes,2,1,2025-09-25T00:00:00,2026-10-06T23:59:59,21269280585;21267882479,"C=US, O=DigiCert Inc, CN=DigiCert Global G2 TLS RSA SHA256 2020 CA1"
cwcgom.aoml.noaa.gov,Yes,Yes,2,1,2025-09-25T00:00:00,2026-10-06T23:59:59,21267865459;21269280729,"C=US, O=DigiCert Inc, CN=DigiCert Global G2 TLS RSA SHA256 2020 CA1"
darrp.noaa.gov,Yes,Yes,2,1,2025-09-23T00:00:00,2026-10-22T23:59:59,21232324982;27381245844,"C=US, O=Amazon, CN=Amazon RSA 2048 M04"
dash-temp.pmel.noaa.gov,No,Yes,6,1,2025-09-12T00:00:00,2026-10-13T23:59:59,20977242448;20976430097;20976430174;21039237143;21383989218;21040359707,"C=US, O=DigiCert Inc, CN=DigiCert Global G2 TLS RSA SHA256 2020 CA1"
dash.pmel.noaa.gov,No,Yes,6,1,2025-09-12T00:00:00,2026-10-13T23:59:59,20977242448;20976430097;20976430174;21039237143;21383989218;21040359707,"C=US, O=DigiCert Inc, CN=DigiCert Global G2 TLS RSA SHA256 2020 CA1"
dashboard.nhc.noaa.gov,Yes,Yes,20,1,2026-07-08T00:00:00,2026-12-15T23:59:59,28341399711;29277393587;29454967372;27945078629;27774241005;28895497131;28762685485;28542065181;29153669942;28762685244;29260246541;29323364770;27774241095;28370302698;28341378868;27945074610;28995360863;28370314516;28542065179;29043448136,"C=AT, O=ZeroSSL GmbH, CN=ZeroSSL RSA DV SSL CA 2"
dashboards.nwave.noaa.gov,Yes,Yes,14,2,2026-07-17T16:35:15,2026-10-17T08:16:58,28044305603;28033218301;28060313963;28033033089;28017352553;28033287335;28033026611;28044307791;28033222448;28017348324;28060361344;28033286666;28060359765;28060316456,"C=US, O=Let's Encrypt, CN=YE1;C=US, O=Let's Encrypt, CN=YE2"
dashboart.nhc.noaa.gov,Yes,Yes,15,1,2026-07-11T00:00:00,2026-12-16T23:59:59,28878545549;27967798551;28690177255;27843034104;27843033950;28828009734;29463733557;28024827390;28878188501;28966682263;28024827579;27967798890;29464013704;28690177527;29429710428,"C=AT, O=ZeroSSL GmbH, CN=ZeroSSL RSA DV SSL CA 2"
data-alliance.noaa.gov,Yes,Yes,1,1,2026-05-12T00:00:00,2026-11-25T23:59:59,26271604662,"C=US, O=Amazon, CN=Amazon RSA 2048 M04"
data-dev.nesdis.noaa.gov,Yes,Yes,1,1,2026-05-06T00:00:00,2026-11-19T23:59:59,26104687068,"C=US, O=Amazon, CN=Amazon RSA 2048 M01"
data-uat.nesdis.noaa.gov,Yes,Yes,1,1,2026-04-15T00:00:00,2026-10-29T23:59:59,25556559076,"C=US, O=Amazon, CN=Amazon RSA 2048 M01"
data.ngdc.noaa.gov,No,Yes,9,1,2025-11-21T00:00:00,2026-11-30T23:59:59,22645036451;22645131856;22645255660;22645375235;22645036172;22645374952;22644959575;22644864414;24039337785,"C=US, O=DigiCert Inc, CN=DigiCert Global G2 TLS RSA SHA256 2020 CA1"
data.noaa.gov,Yes,Yes,2,1,2026-08-18T13:06:17,2026-11-16T13:06:16,29038680732;28930973021,"C=US, O=Let's Encrypt, CN=YR1"
data.nodc.noaa.gov,No,Yes,2,1,2026-08-18T13:06:52,2026-11-16T13:06:51,29077514711;28923997073,"C=US, O=Let's Encrypt, CN=YR2"
data.pmel.noaa.gov,No,Yes,5,1,2025-09-12T00:00:00,2026-10-13T23:59:59,20977242448;20976430097;23063015363;20976430174;21037150454,"C=US, O=DigiCert Inc, CN=DigiCert Global G2 TLS RSA SHA256 2020 CA1"
data.ztna.asos.noaa.gov,Yes,Yes,4,2,2026-07-21T01:31:30,2026-10-19T01:31:37,28110651108;28110649643;28110650113;28110649339,"C=US, O=Let's Encrypt, CN=YR2;C=US, O=Let's Encrypt, CN=YE2"
datadev.pmel.noaa.gov,No,Yes,3,1,2025-09-12T00:00:00,2026-10-13T23:59:59,20977242448;20976430174;20976430097,"C=US, O=DigiCert Inc, CN=DigiCert Global G2 TLS RSA SHA256 2020 CA1"
dataexplorer.northwestscience.fisheries.noaa.gov,No,Yes,6,2,2026-04-09T00:00:00,2026-10-31T23:59:59,25528596533;25456682906;25456698325;25547299431;25547316029;25705344977,"C=US, O=DigiCert Inc, CN=DigiCert Global G3 TLS ECC SHA384 2020 CA1;C=US, O=DigiCert Inc, CN=DigiCert Global G2 TLS RSA SHA256 2020 CA1"
datahub.vlab-dev.noaa.gov,Yes,Yes,2,1,2025-11-23T00:00:00,2026-12-22T23:59:59,22675795844;22677619722,"C=US, O=Amazon, CN=Amazon RSA 2048 M04"
dataintheclassroom.noaa.gov,Yes,Yes,2,1,2026-08-19T15:28:38,2026-11-17T15:28:37,28980978163;28946448666,"C=US, O=Let's Encrypt, CN=YR2"
datalocal.pmel.noaa.gov,No,Yes,3,1,2025-09-12T00:00:00,2026-10-13T23:59:59,20977242448;20976430174;20976430097,"C=US, O=DigiCert Inc, CN=DigiCert Global G2 TLS RSA SHA256 2020 CA1"
datamover.gsd.esrl.noaa.gov,Yes,Yes,2,1,2026-07-14T12:56:36,2026-10-12T12:56:35,27927615276;27927615798,"C=US, O=Let's Encrypt, CN=YR1"
db-stage.bldc.nwave.noaa.gov,Yes,Yes,4,1,2026-07-07T12:47:08,2026-12-04T06:09:58,29365267155;27757969969;29364353558;27757976549,"C=US, O=Let's Encrypt, CN=YE1"
db-stage.nwave.noaa.gov,Yes,Yes,5,2,2026-07-07T08:56:51,2026-12-06T06:11:54,27798188756;27754058383;27754058284;27798197305;29430230368,"C=US, O=Let's Encrypt, CN=YE2;C=US, O=Let's Encrypt, CN=YE1"
db.bldc.nwave.noaa.gov,Yes,Yes,4,1,2026-07-12T08:56:16,2026-10-12T23:40:30,27939890259;27872100433;27939898077;27872104827,"C=US, O=Let's Encrypt, CN=YE2"
db.boul.nwave.noaa.gov,Yes,Yes,7,1,2026-07-08T04:06:59,2026-12-05T14:11:13,27778809032;29408952783;27773771712;29390505646;27773777087;27778816208;29409037919,"C=US, O=Let's Encrypt, CN=YE2"
db.ctc.nwave.noaa.gov,Yes,Yes,4,1,2026-07-12T23:44:40,2026-10-12T09:00:13,27922869144;27886115133;27886108478;27922870816,"C=US, O=Let's Encrypt, CN=YE1"
db.nwave.noaa.gov,Yes,Yes,7,2,2026-07-07T08:58:19,2026-12-04T14:11:13,27754078135;29381921670;27755279809;29353748870;29381921563;27755273644;27754070886,"C=US, O=Let's Encrypt, CN=YE1;C=US, O=Let's Encrypt, CN=YE2"
db2-stage.nwave.noaa.gov,Yes,Yes,4,2,2026-07-07T12:47:13,2026-12-04T21:07:12,29364403531;27757976538;27757965900;29389265279,"C=US, O=Let's Encrypt, CN=YE1;C=US, O=Let's Encrypt, CN=YE2"
db2.bldc.nwave.noaa.gov,Yes,Yes,7,2,2026-07-08T04:08:29,2026-12-05T14:11:17,29400535926;29408954192;27778815191;27778810813;29382464670;27773804225;27773809793,"C=US, O=Let's Encrypt, CN=YR1;C=US, O=Let's Encrypt, CN=YR2"
db2.boul.nwave.noaa.gov,Yes,Yes,4,2,2026-07-13T12:47:13,2026-10-11T19:09:53,27900017795;27907096786;27907094138;27900029301,"C=US, O=Let's Encrypt, CN=YR1;C=US, O=Let's Encrypt, CN=YR2"
db2.ctc.nwave.noaa.gov,Yes,Yes,4,1,2026-07-16T06:43:54,2026-10-14T08:09:04,27978044160;27976156720;27978037017;27976158480,"C=US, O=Let's Encrypt, CN=YR1"
db2.nwave.noaa.gov,Yes,Yes,3,1,2026-07-08T04:08:34,2026-12-05T06:07:24,29391411706;27773801784;27773806153,"C=US, O=Let's Encrypt, CN=YR1"
dc-h17-ex4400mge.pmel.noaa.gov,No,Yes,3,1,2025-09-12T00:00:00,2026-10-13T23:59:59,20977242448;20976430174;20976430097,"C=US, O=DigiCert Inc, CN=DigiCert Global G2 TLS RSA SHA256 2020 CA1"
dc-h18-ex4400mge.pmel.noaa.gov,No,Yes,3,1,2025-09-12T00:00:00,2026-10-13T23:59:59,20977242448;20976430174;20976430097,"C=US, O=DigiCert Inc, CN=DigiCert Global G2 TLS RSA SHA256 2020 CA1"
dc-h19-ex4400mge.pmel.noaa.gov,No,Yes,3,1,2025-09-12T00:00:00,2026-10-13T23:59:59,20977242448;20976430174;20976430097,"C=US, O=DigiCert Inc, CN=DigiCert Global G2 TLS RSA SHA256 2020 CA1"
dc-h20-ex4400mge.pmel.noaa.gov,No,Yes,3,1,2025-09-12T00:00:00,2026-10-13T23:59:59,20977242448;20976430174;20976430097,"C=US, O=DigiCert Inc, CN=DigiCert Global G2 TLS RSA SHA256 2020 CA1"
dc-h21-ex4400mge.pmel.noaa.gov,No,Yes,3,1,2025-09-12T00:00:00,2026-10-13T23:59:59,20977242448;20976430174;20976430097,"C=US, O=DigiCert Inc, CN=DigiCert Global G2 TLS RSA SHA256 2020 CA1"
dcinv-test.star.nesdis.noaa.gov,Yes,Yes,1,1,2026-08-31T17:39:26,2026-11-29T17:39:25,29201221998,"C=US, O=Let's Encrypt, CN=YR2"
dcinv.star.nesdis.noaa.gov,Yes,Yes,2,1,2026-07-14T23:46:26,2026-10-12T23:46:25,27940020537;27940022186,"C=US, O=Let's Encrypt, CN=YR1"
dcm.ztna.asos.noaa.gov,Yes,Yes,4,2,2026-08-01T15:04:27,2026-10-30T15:04:29,28439212971;28439221162;28439209322;28439220442,"C=US, O=Let's Encrypt, CN=YR2;C=US, O=Let's Encrypt, CN=YE2"
dcv.vlab-dev.noaa.gov,No,Yes,2,1,2026-04-10T00:00:00,2026-10-24T23:59:59,25953402274;25468570131,"C=US, O=Amazon, CN=Amazon RSA 2048 M01"
dcv.vlab.noaa.gov,No,Yes,2,1,2026-04-10T00:00:00,2026-10-24T23:59:59,25468595778;27833369612,"C=US, O=Amazon, CN=Amazon RSA 2048 M01"
deep-sea.pmel.noaa.gov,No,Yes,5,1,2025-09-12T00:00:00,2026-10-13T23:59:59,20977242448;20976430097;20979386850;20976430174;20977992906,"C=US, O=DigiCert Inc, CN=DigiCert Global G2 TLS RSA SHA256 2020 CA1"
deepseacoraldata.noaa.gov,Yes,Yes,1,1,2025-10-23T00:00:00,2026-11-21T23:59:59,21930438483,"C=US, O=Amazon, CN=Amazon RSA 2048 M04"
desi-dev.noaa.gov,No,Yes,2,1,2026-04-22T00:00:00,2026-11-05T23:59:59,25654362395;25975234911,"C=US, O=Amazon, CN=Amazon RSA 2048 M01"
desi.nhc.noaa.gov,Yes,Yes,29,2,2026-07-13T02:05:32,2026-12-06T02:01:35,28367395255;29136885677;28367389224;28081057804;28280250550;28081056212;28479341280;28693135989;28479353228;27888487874;28898691367;29366938595;29189409414;29054309192;29364825787;28280245404;28479352452;29422371314;28367386976;29422445563;27888497455;28898694254;29041751194;28693138074;28479342072;28081053048;28367394918;28081062368;29413124330,"C=US, O=Let's Encrypt, CN=YR1;C=US, O=Let's Encrypt, CN=YR2"
desi.noaa.gov,Yes,Yes,2,1,2026-04-22T00:00:00,2026-11-05T23:59:59,25654362395;25975234911,"C=US, O=Amazon, CN=Amazon RSA 2048 M01"
dev-admin.sisp.fisheries.noaa.gov,No,Yes,8,2,2026-07-17T18:19:18,2026-11-23T18:42:03,29249985447;28019527451;29067215286;28189897208;28019530271;29075163185;28189896256;29093044714,"C=US, O=Let's Encrypt, CN=YR1;C=US, O=Let's Encrypt, CN=YR2"
dev-api.admin.sisp.fisheries.noaa.gov,No,Yes,8,2,2026-07-17T18:19:18,2026-11-23T18:42:03,29249985447;28019527451;29067215286;28189897208;28019530271;29075163185;28189896256;29093044714,"C=US, O=Let's Encrypt, CN=YR1;C=US, O=Let's Encrypt, CN=YR2"
dev-api.certificates.sisp.fisheries.noaa.gov,No,Yes,8,2,2026-07-17T18:19:18,2026-11-23T18:42:03,29249985447;28019527451;29067215286;28189897208;28019530271;29075163185;28189896256;29093044714,"C=US, O=Let's Encrypt, CN=YR1;C=US, O=Let's Encrypt, CN=YR2"
dev-api.healthmap.fisheries.noaa.gov,No,Yes,8,2,2026-07-17T18:19:18,2026-11-23T18:42:03,29249985447;28019527451;29067215286;28189897208;28019530271;29075163185;28189896256;29093044714,"C=US, O=Let's Encrypt, CN=YR1;C=US, O=Let's Encrypt, CN=YR2"
dev-api.sisp.fisheries.noaa.gov,No,Yes,8,2,2026-07-17T18:19:18,2026-11-23T18:42:03,29249985447;28019527451;29067215286;28189897208;28019530271;29075163185;28189896256;29093044714,"C=US, O=Let's Encrypt, CN=YR1;C=US, O=Let's Encrypt, CN=YR2"
dev-app-02-sefsc.fisheries.noaa.gov,No,Yes,8,2,2026-07-17T18:19:18,2026-11-23T18:42:03,29249985447;28019527451;29067215286;28189897208;28019530271;29075163185;28189896256;29093044714,"C=US, O=Let's Encrypt, CN=YR1;C=US, O=Let's Encrypt, CN=YR2"
dev-apps-garfo.fisheries.noaa.gov,No,Yes,5,3,2026-04-16T00:00:00,2026-10-31T23:59:59,28299357218;25547299431;25547316029;25705344977;28299361868,"C=US, O=DigiCert Inc, CN=DigiCert Global G3 TLS ECC SHA384 2020 CA1;C=US, O=Let's Encrypt, CN=YR2;C=US, O=DigiCert Inc, CN=DigiCert Global G2 TLS RSA SHA256 2020 CA1"
dev-apps-st.fisheries.noaa.gov,No,Yes,8,2,2026-07-17T18:19:18,2026-11-23T18:42:03,29249985447;28019527451;29067215286;28189897208;28019530271;29075163185;28189896256;29093044714,"C=US, O=Let's Encrypt, CN=YR1;C=US, O=Let's Encrypt, CN=YR2"
dev-certificates.sisp.fisheries.noaa.gov,No,Yes,8,2,2026-07-17T18:19:18,2026-11-23T18:42:03,29249985447;28019527451;29067215286;28189897208;28019530271;29075163185;28189896256;29093044714,"C=US, O=Let's Encrypt, CN=YR1;C=US, O=Let's Encrypt, CN=YR2"
dev-connect.fisheries.noaa.gov,No,Yes,8,2,2026-07-17T18:19:18,2026-11-23T18:42:03,29249985447;28019527451;29067215286;28189897208;28019530271;29075163185;28189896256;29093044714,"C=US, O=Let's Encrypt, CN=YR1;C=US, O=Let's Encrypt, CN=YR2"
dev-edge.swfsc.noaa.gov,No,Yes,8,3,2026-04-09T00:00:00,2026-10-31T23:59:59,25528596533;25456682906;25456698325;28299357218;25547299431;25547316029;25705344977;28299361868,"C=US, O=DigiCert Inc, CN=DigiCert Global G3 TLS ECC SHA384 2020 CA1;C=US, O=Let's Encrypt, CN=YR2;C=US, O=DigiCert Inc, CN=DigiCert Global G2 TLS RSA SHA256 2020 CA1"
dev-ftpnos.woc.noaa.gov,Yes,Yes,2,1,2026-07-27T09:31:59,2026-10-25T09:31:58,28289031491;28289029332,"C=US, O=Let's Encrypt, CN=YR1"
dev-gaia.fisheries.noaa.gov,Yes,Yes,1,1,2026-06-29T00:00:00,2026-12-29T23:59:59,27575294007,"C=US, O=DigiCert Inc, OU=www.digicert.com, CN=GeoTrust TLS RSA CA G1"
dev-healthmap.fisheries.noaa.gov,No,Yes,8,2,2026-07-17T18:19:18,2026-11-23T18:42:03,29249985447;28019527451;29067215286;28189897208;28019530271;29075163185;28189896256;29093044714,"C=US, O=Let's Encrypt, CN=YR1;C=US, O=Let's Encrypt, CN=YR2"
dev-internal-api.admin.sisp.fisheries.noaa.gov,No,Yes,8,2,2026-07-17T18:19:18,2026-11-23T18:42:03,29249985447;28019527451;29067215286;28189897208;28019530271;29075163185;28189896256;29093044714,"C=US, O=Let's Encrypt, CN=YR1;C=US, O=Let's Encrypt, CN=YR2"
dev-internal-api.certificates.sisp.fisheries.noaa.gov,No,Yes,8,2,2026-07-17T18:19:18,2026-11-23T18:42:03,29249985447;28019527451;29067215286;28189897208;28019530271;29075163185;28189896256;29093044714,"C=US, O=Let's Encrypt, CN=YR1;C=US, O=Let's Encrypt, CN=YR2"
dev-internal-api.healthmap.fisheries.noaa.gov,No,Yes,8,2,2026-07-17T18:19:18,2026-11-23T18:42:03,29249985447;28019527451;29067215286;28189897208;28019530271;29075163185;28189896256;29093044714,"C=US, O=Let's Encrypt, CN=YR1;C=US, O=Let's Encrypt, CN=YR2"
dev-internal-api.sisp.fisheries.noaa.gov,No,Yes,8,2,2026-07-17T18:19:18,2026-11-23T18:42:03,29249985447;28019527451;29067215286;28189897208;28019530271;29075163185;28189896256;29093044714,"C=US, O=Let's Encrypt, CN=YR1;C=US, O=Let's Encrypt, CN=YR2"
dev-sisp.fisheries.noaa.gov,No,Yes,8,2,2026-07-17T18:19:18,2026-11-23T18:42:03,29249985447;28019527451;29067215286;28189897208;28019530271;29075163185;28189896256;29093044714,"C=US, O=Let's Encrypt, CN=YR1;C=US, O=Let's Encrypt, CN=YR2"
dev-wordpress-oarhq.woc.noaa.gov,Yes,Yes,1,1,2025-10-13T00:00:00,2026-11-11T23:59:59,21681626122,"C=US, O=Amazon, CN=Amazon RSA 2048 M04"
dev-www.fisheries.noaa.gov,No,Yes,8,2,2026-07-17T18:19:18,2026-11-23T18:42:03,29249985447;28019527451;29067215286;28189897208;28019530271;29075163185;28189896256;29093044714,"C=US, O=Let's Encrypt, CN=YR1;C=US, O=Let's Encrypt, CN=YR2"
dev.admin.coastalscience.noaa.gov,No,Yes,2,1,2026-08-01T08:04:58,2026-10-30T08:04:57,28431514089;28431515347,"C=US, O=Let's Encrypt, CN=YR2"
dev.app.coastalscience.noaa.gov,No,Yes,2,1,2026-08-01T08:13:48,2026-10-30T08:13:47,28431682001;28431682724,"C=US, O=Let's Encrypt, CN=YR2"
dev.archive.data.noaa.gov,Yes,Yes,2,1,2026-04-28T00:00:00,2026-11-11T23:59:59,25870578627;26036451611,"C=US, O=Amazon, CN=Amazon RSA 2048 M04"
dev.cbits.nws.noaa.gov,Yes,Yes,10,4,2026-04-02T19:57:09,2026-10-19T15:54:21,28129195915;25380947039;25367997181;28129192700;25337929202;25412394474;25369129756;25376670521;28129195492;28129198396,"C=US, O=Let's Encrypt, CN=YR1;C=US, O=""CLOUDFLARE, INC."", CN=Cloudflare TLS Issuing RSA CA 1;C=US, O=""CLOUDFLARE, INC."", CN=Cloudflare TLS Issuing ECC CA 1;C=US, O=Let's Encrypt, CN=YE1"
dev.cdhc.noaa.gov,No,Yes,2,1,2026-08-01T08:09:01,2026-10-30T08:09:00,28431591853;28431586142,"C=US, O=Let's Encrypt, CN=YR2"
dev.cmist.noaa.gov,No,Yes,1,1,2025-12-17T00:00:00,2026-12-17T23:59:59,23177492893,"C=US, O=DigiCert Inc, CN=DigiCert Global G2 TLS RSA SHA256 2020 CA1"
dev.coast.noaa.gov,Yes,Yes,2,1,2026-07-19T06:32:45,2026-10-17T06:32:44,28058325359;28058320198,"C=US, O=Let's Encrypt, CN=YR1"
dev.coastalscience.noaa.gov,No,Yes,2,1,2026-08-01T08:19:28,2026-10-30T08:19:27,28431782374;28431777662,"C=US, O=Let's Encrypt, CN=YR2"
dev.coralreef.noaa.gov,No,Yes,2,1,2026-07-19T06:32:45,2026-10-17T06:32:44,28058325359;28058320198,"C=US, O=Let's Encrypt, CN=YR1"
dev.ioos.noaa.gov,No,Yes,2,1,2026-08-01T08:23:49,2026-10-30T08:23:48,28431851938;28431844611,"C=US, O=Let's Encrypt, CN=YR1"
dev.maps.coastalscience.noaa.gov,No,Yes,2,1,2026-08-01T08:28:20,2026-10-30T08:28:19,28431923582;28431919485,"C=US, O=Let's Encrypt, CN=YR1"
dev.nesdis.noaa.gov,Yes,Yes,2,1,2026-08-12T15:37:41,2026-11-10T15:37:40,28792060940;28778159343,"C=US, O=Let's Encrypt, CN=YE1"
dev.pmel.noaa.gov,No,Yes,3,1,2025-09-12T00:00:00,2026-10-13T23:59:59,20977242448;20976430174;20976430097,"C=US, O=DigiCert Inc, CN=DigiCert Global G2 TLS RSA SHA256 2020 CA1"
dev.products.coastalscience.noaa.gov,No,Yes,2,1,2026-08-01T08:33:33,2026-10-30T08:33:32,28432007536;28432004518,"C=US, O=Let's Encrypt, CN=YR2"
dev.restoreactscienceprogram.noaa.gov,No,Yes,2,1,2026-08-01T08:38:21,2026-10-30T08:38:20,28432080092;28432071988,"C=US, O=Let's Encrypt, CN=YR1"
dev.water.noaa.gov,Yes,Yes,2,1,2026-05-22T00:00:00,2026-12-05T23:59:59,26550157262;26550062695,"C=US, O=Amazon, CN=Amazon RSA 2048 M04"
digital.mdl.nws.noaa.gov,No,Yes,1,1,2026-04-27T00:00:00,2026-11-10T23:59:59,25833079032,"C=US, O=Amazon, CN=Amazon RSA 2048 M01"
dist.bldc.nwave.noaa.gov,No,Yes,4,2,2026-07-12T09:01:30,2026-10-11T19:09:57,27872171139;27907096421;27872166455;27907091361,"C=US, O=Let's Encrypt, CN=YR1;C=US, O=Let's Encrypt, CN=YR2"
dist.nwave.noaa.gov,Yes,Yes,4,2,2026-07-12T09:01:30,2026-10-11T19:09:57,27872171139;27907096421;27872166455;27907091361,"C=US, O=Let's Encrypt, CN=YR1;C=US, O=Let's Encrypt, CN=YR2"
diver.orr.noaa.gov,Yes,Yes,2,1,2026-04-27T19:22:27,2026-11-12T19:22:27,28924874528;26029775243,"C=BE, O=GlobalSign nv-sa, CN=GlobalSign GCC R6 AlphaSSL CA 2025"
diwakar.water.noaa.gov,Yes,Yes,1,1,2026-05-04T00:00:00,2026-11-17T23:59:59,26060095058,"C=US, O=Amazon, CN=Amazon RSA 2048 M04"
dmz-smtp-gw3.gsd.esrl.noaa.gov,Yes,Yes,2,1,2026-07-28T23:10:01,2026-10-26T23:10:00,28334846122;28334790142,"C=US, O=Let's Encrypt, CN=YR2"
dmz-smtp-gw4.gsd.esrl.noaa.gov,Yes,Yes,2,1,2026-08-01T13:00:12,2026-10-30T13:00:11,28436880277;28436884218,"C=US, O=Let's Encrypt, CN=YR2"
dnstest.noaa.gov,Yes,Yes,2,1,2026-08-19T15:28:50,2026-11-17T15:28:49,28954175942;28954202725,"C=US, O=Let's Encrypt, CN=YR1"
dnstest1.noaa.gov,Yes,Yes,2,1,2026-08-31T03:02:03,2026-11-29T03:02:02,29182381097;29182370881,"C=US, O=Let's Encrypt, CN=YR2"
docker.github.nwave.noaa.gov,No,Yes,4,2,2026-07-17T07:01:06,2026-10-17T08:08:12,28060184600;28005784207;28060165929;28005791772,"C=US, O=Let's Encrypt, CN=YE1;C=US, O=Let's Encrypt, CN=YE2"
docs-01.globalnoc.iu.edu,Yes,No,5,2,2026-07-17T11:56:34,2026-11-22T17:55:19,28011722121;28011720043;29069461380;28378523773;28378524673,"C=US, O=Let's Encrypt, CN=YR1;C=US, O=Let's Encrypt, CN=YE1"
docs.nwave.noaa.gov,No,Yes,5,2,2026-07-17T11:56:34,2026-11-22T17:55:19,28011722121;28011720043;29069461380;28378523773;28378524673,"C=US, O=Let's Encrypt, CN=YR1;C=US, O=Let's Encrypt, CN=YE1"
docs.rdhpcs.noaa.gov,Yes,Yes,2,1,2026-07-20T05:54:19,2026-10-18T05:54:18,28085484683;28085480280,"C=US, O=Let's Encrypt, CN=YR1"
dodo.pmel.noaa.gov,No,Yes,4,1,2025-09-12T00:00:00,2026-10-13T23:59:59,20977242448;20976430097;20976430174;23062986168,"C=US, O=DigiCert Inc, CN=DigiCert Global G2 TLS RSA SHA256 2020 CA1"
dove.pmel.noaa.gov,No,Yes,3,1,2025-09-12T00:00:00,2026-10-13T23:59:59,20977242448;20976430174;20976430097,"C=US, O=DigiCert Inc, CN=DigiCert Global G2 TLS RSA SHA256 2020 CA1"
downloads.psl.noaa.gov,Yes,Yes,2,1,2026-08-31T16:29:46,2026-11-29T16:29:45,29199796299;29199801006,"C=US, O=Let's Encrypt, CN=YR2"
drupal.pmel.noaa.gov,No,Yes,3,1,2025-09-12T00:00:00,2026-10-13T23:59:59,20977242448;20976430174;20976430097,"C=US, O=DigiCert Inc, CN=DigiCert Global G2 TLS RSA SHA256 2020 CA1"
dsfa.nmfs.noaa.gov,No,Yes,8,3,2026-04-09T00:00:00,2026-10-31T23:59:59,25528596533;25456682906;25456698325;28299357218;25547299431;25547316029;25705344977;28299361868,"C=US, O=DigiCert Inc, CN=DigiCert Global G3 TLS ECC SHA384 2020 CA1;C=US, O=Let's Encrypt, CN=YR2;C=US, O=DigiCert Inc, CN=DigiCert Global G2 TLS RSA SHA256 2020 CA1"
dsg-docs-dev.gsd.esrl.noaa.gov,Yes,Yes,2,1,2026-08-02T09:08:46,2026-10-31T09:08:45,28458533688;28458527238,"C=US, O=Let's Encrypt, CN=YR2"
dsg-docs.gsd.esrl.noaa.gov,Yes,Yes,2,1,2026-08-22T09:04:40,2026-11-20T09:04:39,29019766482;29009419877,"C=US, O=Let's Encrypt, CN=YR1"
dsg-dtg-in.gsd.esrl.noaa.gov,Yes,Yes,4,2,2026-07-08T09:06:22,2026-12-05T15:09:16,29401399208;27778975603;29401444641;27778974040,"C=US, O=Let's Encrypt, CN=YR1;C=US, O=Let's Encrypt, CN=YR2"
dsg.fsl.noaa.gov,Yes,Yes,2,1,2026-08-02T09:09:35,2026-10-31T09:09:34,28458544477;28458542517,"C=US, O=Let's Encrypt, CN=YR1"
dsg7.gsd.esrl.noaa.gov,Yes,Yes,2,1,2026-08-02T09:10:20,2026-10-31T09:10:19,28458560578;28458560426,"C=US, O=Let's Encrypt, CN=YR2"
dsg8.gsd.esrl.noaa.gov,Yes,Yes,2,1,2026-07-12T09:10:00,2026-10-10T09:09:59,27872291701;27872286560,"C=US, O=Let's Encrypt, CN=YR2"
dtrack-api.vlab-dev.noaa.gov,No,Yes,2,1,2026-04-10T00:00:00,2026-10-24T23:59:59,25953402274;25468570131,"C=US, O=Amazon, CN=Amazon RSA 2048 M01"
dtrack-api.vlab.noaa.gov,No,Yes,2,1,2026-04-10T00:00:00,2026-10-24T23:59:59,25468595778;27833369612,"C=US, O=Amazon, CN=Amazon RSA 2048 M01"
dtrack.vlab-dev.noaa.gov,No,Yes,2,1,2026-04-10T00:00:00,2026-10-24T23:59:59,25953402274;25468570131,"C=US, O=Amazon, CN=Amazon RSA 2048 M01"
dtrack.vlab.noaa.gov,No,Yes,2,1,2026-04-10T00:00:00,2026-10-24T23:59:59,25468595778;27833369612,"C=US, O=Amazon, CN=Amazon RSA 2048 M01"
eaop.nmfs.noaa.gov,No,Yes,8,3,2026-04-09T00:00:00,2026-10-31T23:59:59,25528596533;25456682906;25456698325;28299357218;25547299431;25547316029;25705344977;28299361868,"C=US, O=DigiCert Inc, CN=DigiCert Global G3 TLS ECC SHA384 2020 CA1;C=US, O=Let's Encrypt, CN=YR2;C=US, O=DigiCert Inc, CN=DigiCert Global G2 TLS RSA SHA256 2020 CA1"
eastcoast.coastwatch.noaa.gov,Yes,Yes,2,1,2026-07-12T00:41:09,2026-10-10T00:41:08,27865069010;27865062867,"C=US, O=Let's Encrypt, CN=YR2"
ecofoci-int.pmel.noaa.gov,No,Yes,3,1,2025-09-12T00:00:00,2026-10-13T23:59:59,20977242448;20976430174;20976430097,"C=US, O=DigiCert Inc, CN=DigiCert Global G2 TLS RSA SHA256 2020 CA1"
ecofoci.noaa.gov,No,Yes,2,1,2026-08-13T08:10:17,2026-11-11T08:10:16,28802367731;28801733752,"C=US, O=Let's Encrypt, CN=YR1"
ecofoci.pmel.noaa.gov,No,Yes,5,1,2025-09-12T00:00:00,2026-10-13T23:59:59,20977242448;20976430097;20979386850;20976430174;20977992906,"C=US, O=DigiCert Inc, CN=DigiCert Global G2 TLS RSA SHA256 2020 CA1"
edd-intra.pmel.noaa.gov,No,Yes,3,1,2025-09-12T00:00:00,2026-10-13T23:59:59,20977242448;20976430174;20976430097,"C=US, O=DigiCert Inc, CN=DigiCert Global G2 TLS RSA SHA256 2020 CA1"
edd.pmel.noaa.gov,No,Yes,3,1,2025-09-12T00:00:00,2026-10-13T23:59:59,20977242448;20976430174;20976430097,"C=US, O=DigiCert Inc, CN=DigiCert Global G2 TLS RSA SHA256 2020 CA1"
edr-api-c.mdl.nws.noaa.gov,Yes,Yes,1,1,2026-04-27T00:00:00,2026-11-10T23:59:59,25833079032,"C=US, O=Amazon, CN=Amazon RSA 2048 M01"
edr-api.mdl.nws.noaa.gov,No,Yes,1,1,2026-04-27T00:00:00,2026-11-10T23:59:59,25833079032,"C=US, O=Amazon, CN=Amazon RSA 2048 M01"
education.noaa.gov,Yes,Yes,1,1,2025-09-08T00:00:00,2026-10-07T23:59:59,20864775882,"C=US, O=Amazon, CN=Amazon RSA 2048 M02"
egitlab.gfdl.noaa.gov,Yes,Yes,3,1,2026-07-31T19:00:40,2026-11-29T16:55:22,28416841748;28416835328;29200473576,"C=US, O=Let's Encrypt, CN=YR1"
elnino.noaa.gov,Yes,Yes,2,1,2026-08-21T22:22:24,2026-11-19T22:22:23,29090729528;29280334038,"C=US, O=Let's Encrypt, CN=YE2"
emc.ncep.noaa.gov,No,Yes,3,1,2026-05-21T21:44:52,2026-12-11T20:45:54,26532526621;26689796855;28496658134,"C=US, ST=Arizona, L=Scottsdale, O=""GoDaddy.com, Inc."", OU=http://certs.godaddy.com/repository/, CN=Go Daddy Secure Certificate Authority - G2"
encdirect.noaa.gov,Yes,Yes,2,1,2026-05-28T00:00:00,2026-12-12T23:59:59,26711694834;26757151123,"C=US, O=DigiCert Inc, CN=DigiCert Global G2 TLS RSA SHA256 2020 CA1"
enroll.bldc.nwave.noaa.gov,Yes,Yes,11,3,2026-07-14T09:00:06,2026-12-03T04:04:14,27922868851;29303887651;27978048174;27978054348;29299969937;27978045414;29331726820;27922869486;27978035190;27922864270;27922868058,"C=US, O=Let's Encrypt, CN=YR1;C=US, O=Let's Encrypt, CN=YR2;C=US, O=Let's Encrypt, CN=YE1"
enroll.boul.nwave.noaa.gov,No,Yes,12,3,2026-07-12T23:46:09,2026-10-14T08:09:08,27922868851;27978048174;27886130865;27978054348;27900023676;27978045414;27922869486;27900017642;27886141774;27978035190;27922864270;27922868058,"C=US, O=Let's Encrypt, CN=YR1;C=US, O=Let's Encrypt, CN=YR2;C=US, O=Let's Encrypt, CN=YE1"
enroll.ctc.nwave.noaa.gov,Yes,Yes,14,3,2026-07-07T08:59:48,2026-12-05T14:11:21,29400462027;27922868851;27978048174;27754102743;27789136186;27789131245;27978054348;27978045414;27922869486;27754097629;27978035190;27922864270;27922868058;29371284117,"C=US, O=Let's Encrypt, CN=YR1;C=US, O=Let's Encrypt, CN=YR2;C=US, O=Let's Encrypt, CN=YE1"
enroll.nwave.noaa.gov,Yes,Yes,14,3,2026-07-08T08:59:04,2026-12-05T14:12:50,27922868851;29400482984;27978048174;27778842533;27789132906;27789138222;27778833942;27978054348;29409019604;27978045414;27922869486;27978035190;27922864270;27922868058,"C=US, O=Let's Encrypt, CN=YR1;C=US, O=Let's Encrypt, CN=YR2;C=US, O=Let's Encrypt, CN=YE1"
envoy.pmel.noaa.gov,No,Yes,3,1,2025-09-12T00:00:00,2026-10-13T23:59:59,20977242448;20976430174;20976430097,"C=US, O=DigiCert Inc, CN=DigiCert Global G2 TLS RSA SHA256 2020 CA1"
epic-intra.pmel.noaa.gov,No,Yes,3,1,2025-09-12T00:00:00,2026-10-13T23:59:59,20977242448;20976430174;20976430097,"C=US, O=DigiCert Inc, CN=DigiCert Global G2 TLS RSA SHA256 2020 CA1"
epic.noaa.gov,Yes,Yes,3,2,2026-03-23T00:00:00,2026-10-06T23:59:59,25164657173;25163949555;25184913391,"C=US, O=Amazon, CN=Amazon RSA 2048 M04;C=US, O=Amazon, CN=Amazon RSA 2048 M01"
epp.gsd.esrl.noaa.gov,Yes,Yes,2,1,2026-08-01T13:00:58,2026-10-30T13:00:57,28436894508;28436889410,"C=US, O=Let's Encrypt, CN=YR1"
erddap.aoml.noaa.gov,Yes,Yes,2,1,2025-09-25T00:00:00,2026-10-06T23:59:59,21269280345;21267774905,"C=US, O=DigiCert Inc, CN=DigiCert Global G2 TLS RSA SHA256 2020 CA1"
erddap.gml.noaa.gov,Yes,Yes,2,1,2026-08-20T16:28:29,2026-11-18T16:28:28,28978909329;28969067415,"C=US, O=Let's Encrypt, CN=YR2"
erddap.pfeg.noaa.gov,No,Yes,6,2,2026-04-09T00:00:00,2026-10-31T23:59:59,25528596533;25456682906;25456698325;25547299431;25547316029;25705344977,"C=US, O=DigiCert Inc, CN=DigiCert Global G3 TLS ECC SHA384 2020 CA1;C=US, O=DigiCert Inc, CN=DigiCert Global G2 TLS RSA SHA256 2020 CA1"
erms.noaa.gov,Yes,Yes,1,1,2026-03-26T00:00:00,2026-10-09T23:59:59,25240278775,"C=US, O=Amazon, CN=Amazon RSA 2048 M04"
erso.aoml.noaa.gov,Yes,Yes,1,1,2025-09-25T00:00:00,2026-10-20T23:59:59,21268034255,"C=US, O=DigiCert Inc, CN=DigiCert Global G2 TLS RSA SHA256 2020 CA1"
esail-dev.omao.noaa.gov,Yes,Yes,2,1,2026-06-15T00:00:00,2026-12-15T23:59:59,27206480867;27310955574,"C=US, O=DigiCert Inc, OU=www.digicert.com, CN=GeoTrust TLS RSA CA G1"
esail-staging.omao.noaa.gov,Yes,Yes,2,1,2026-06-15T00:00:00,2026-12-15T23:59:59,27206480271;27310925934,"C=US, O=DigiCert Inc, OU=www.digicert.com, CN=GeoTrust TLS RSA CA G1"
esail.omao.noaa.gov,Yes,Yes,2,1,2026-06-16T00:00:00,2026-12-16T23:59:59,27235108159;27325299213,"C=US, O=DigiCert Inc, OU=www.digicert.com, CN=GeoTrust TLS RSA CA G1"
esrl.noaa.gov,No,Yes,2,1,2026-07-07T00:00:00,2026-10-05T23:59:59,27761646010;27761645834,"C=AT, O=ZeroSSL GmbH, CN=ZeroSSL RSA DV SSL CA 2"
exemptedhmspermits.fisheries.noaa.gov,Yes,Yes,4,2,2025-11-13T00:00:00,2026-12-14T23:59:59,28610462857;28610454654;22442280655;22442330266,"C=US, O=Let's Encrypt, CN=YR1;C=US, O=Network Solutions L.L.C., CN=Network Solutions RSA DV SSL CA 3"
explorer.pmel.noaa.gov,No,Yes,6,1,2025-09-12T00:00:00,2026-10-13T23:59:59,20977242448;20976430097;20979386850;20976430174;20977992906;21207669781,"C=US, O=DigiCert Inc, CN=DigiCert Global G2 TLS RSA SHA256 2020 CA1"
fakr.noaa.gov,Yes,Yes,4,2,2026-07-09T02:26:55,2026-12-06T03:05:25,29423707666;29414255098;27796547088;27796547093,"C=US, O=Let's Encrypt, CN=YR1;C=US, O=Let's Encrypt, CN=YR2"
farallones.noaa.gov,Yes,Yes,2,1,2026-08-01T05:12:48,2026-10-30T05:12:47,28428158741;28428146923,"C=US, O=Let's Encrypt, CN=YR1"
ferret.pmel.noaa.gov,No,Yes,7,1,2025-09-12T00:00:00,2026-10-13T23:59:59,20977242448;20976430097;20979386850;23063015363;20976430174;20977992906;21037150454,"C=US, O=DigiCert Inc, CN=DigiCert Global G2 TLS RSA SHA256 2020 CA1"
fg1100e-1-mgmt.pmel.noaa.gov,Yes,Yes,5,1,2025-09-12T00:00:00,2026-10-13T23:59:59,20977242448;20976430097;20976430174;21115328574;21114744783,"C=US, O=DigiCert Inc, CN=DigiCert Global G2 TLS RSA SHA256 2020 CA1"
fg1100e-2-mgmt.pmel.noaa.gov,No,Yes,5,1,2025-09-12T00:00:00,2026-10-13T23:59:59,20977242448;20976430097;20976430174;21115328574;21114744783,"C=US, O=DigiCert Inc, CN=DigiCert Global G2 TLS RSA SHA256 2020 CA1"
fics.fsl.noaa.gov,Yes,Yes,2,1,2026-08-02T09:11:06,2026-10-31T09:11:05,28458559099;28458568031,"C=US, O=Let's Encrypt, CN=YR1"
fim.noaa.gov,Yes,Yes,14,4,2026-07-14T15:14:29,2026-10-28T00:08:53,28364000448;27944048910;28363982079;27930448094;27940191601;27930463724;27940191552;27944053191;27940185784;27930487830;27940191369;27974461774;27930470734;27974455549,"C=US, O=Let's Encrypt, CN=YR2;C=US, O=SSL Corporation, CN=Cloudflare TLS Issuing RSA CA 4;C=US, O=SSL Corporation, CN=Cloudflare TLS Issuing ECC CA 4;C=US, O=Let's Encrypt, CN=YE1"
financialservices.fisheries.noaa.gov,No,Yes,8,2,2026-07-17T18:19:18,2026-11-23T18:42:03,29249985447;28019527451;29067215286;28189897208;28019530271;29075163185;28189896256;29093044714,"C=US, O=Let's Encrypt, CN=YR1;C=US, O=Let's Encrypt, CN=YR2"
fiqas-admin2.gsd.esrl.noaa.gov,Yes,Yes,1,1,2026-08-24T07:15:19,2026-11-22T07:15:18,29251310603,"C=US, O=Let's Encrypt, CN=YR2"
fiqas.gsd.esrl.noaa.gov,Yes,Yes,2,1,2026-08-02T13:07:07,2026-10-31T13:07:06,28462991103;28462989178,"C=US, O=Let's Encrypt, CN=YR1"
fireweather.atdd.noaa.gov,No,Yes,2,1,2026-07-12T12:03:41,2026-10-10T12:03:40,27874780877;27874779075,"C=US, O=Let's Encrypt, CN=YE1"
fish.nefsc.noaa.gov,No,Yes,6,2,2026-04-09T00:00:00,2026-10-31T23:59:59,25528596533;25456682906;25456698325;25547299431;25547316029;25705344977,"C=US, O=DigiCert Inc, CN=DigiCert Global G3 TLS ECC SHA384 2020 CA1;C=US, O=DigiCert Inc, CN=DigiCert Global G2 TLS RSA SHA256 2020 CA1"
fisheries.noaa.gov,Yes,Yes,10,5,2026-03-30T00:00:00,2026-12-31T23:59:59,25528596533;25456682906;27251897761;25456698325;28299357218;25547299431;25547316029;25705344977;28299361868;25276354946,"C=US, O=DigiCert Inc, CN=DigiCert Global G2 TLS RSA SHA256 2020 CA1;C=US, O=Amazon, CN=Amazon RSA 2048 M04;C=US, O=DigiCert Inc, CN=DigiCert Global G3 TLS ECC SHA384 2020 CA1;C=US, O=Let's Encrypt, CN=YR2;C=US, O=Amazon, CN=Amazon RSA 2048 M01"
fisheriespermits.noaa.gov,No,Yes,8,3,2026-04-09T00:00:00,2026-10-31T23:59:59,25528596533;25456682906;25456698325;28299357218;25547299431;25547316029;25705344977;28299361868,"C=US, O=DigiCert Inc, CN=DigiCert Global G3 TLS ECC SHA384 2020 CA1;C=US, O=Let's Encrypt, CN=YR2;C=US, O=DigiCert Inc, CN=DigiCert Global G2 TLS RSA SHA256 2020 CA1"
fisherybulletin.nmfs.noaa.gov,No,Yes,8,3,2026-04-09T00:00:00,2026-10-31T23:59:59,25528596533;25456682906;25456698325;28299357218;25547299431;25547316029;25705344977;28299361868,"C=US, O=DigiCert Inc, CN=DigiCert Global G3 TLS ECC SHA384 2020 CA1;C=US, O=Let's Encrypt, CN=YR2;C=US, O=DigiCert Inc, CN=DigiCert Global G2 TLS RSA SHA256 2020 CA1"
floatplan.noaa.gov,No,Yes,8,3,2026-04-09T00:00:00,2026-10-31T23:59:59,25528596533;25456682906;25456698325;28299357218;25547299431;25547316029;25705344977;28299361868,"C=US, O=DigiCert Inc, CN=DigiCert Global G3 TLS ECC SHA384 2020 CA1;C=US, O=Let's Encrypt, CN=YR2;C=US, O=DigiCert Inc, CN=DigiCert Global G2 TLS RSA SHA256 2020 CA1"
floats.pmel.noaa.gov,No,Yes,7,1,2025-09-12T00:00:00,2026-10-13T23:59:59,20977242448;20976430097;20979386850;23063015363;20976430174;20977992906;21037150454,"C=US, O=DigiCert Inc, CN=DigiCert Global G2 TLS RSA SHA256 2020 CA1"
floridakeys.noaa.gov,Yes,Yes,2,1,2026-08-01T05:07:52,2026-10-30T05:07:51,28428065384;28428063505,"C=US, O=Let's Encrypt, CN=YR1"
flow.bldc.nwave.noaa.gov,No,Yes,8,4,2026-07-14T19:11:06,2026-10-19T16:50:39,27934917450;27950119466;28069867984;28130406954;27934917896;28130405449;28069864506;27950118442,"C=US, O=Let's Encrypt, CN=YR1;C=US, O=Let's Encrypt, CN=YR2;C=US, O=Let's Encrypt, CN=YE1;C=US, O=Let's Encrypt, CN=YE2"
flow.ctc.nwave.noaa.gov,Yes,Yes,11,3,2026-07-07T19:07:55,2026-12-05T13:23:50,27778832930;27764662151;28099815628;29381986230;29399521447;28099820074;29408290597;27778843677;28058463906;28058458321;27764666350,"C=US, O=Let's Encrypt, CN=YR1;C=US, O=Let's Encrypt, CN=YE2;C=US, O=Let's Encrypt, CN=YE1"
flow.nwave.noaa.gov,No,Yes,11,2,2026-07-07T19:07:55,2026-12-05T13:23:50,27934917450;27778832930;27764662151;27950119466;27934917896;29381986230;29399521447;27778843677;29408290597;27950118442;27764666350,"C=US, O=Let's Encrypt, CN=YR1;C=US, O=Let's Encrypt, CN=YR2"
flowergarden.noaa.gov,Yes,Yes,2,1,2026-08-01T05:17:48,2026-10-30T05:17:47,28428269759;28428270075,"C=US, O=Let's Encrypt, CN=YR2"
fmds-staging.nesdis.noaa.gov,No,Yes,2,1,2026-03-25T00:00:00,2026-10-09T23:59:59,25218590784;29463434778,"C=US, O=DigiCert Inc, CN=DigiCert Global G2 TLS RSA SHA256 2020 CA1"
fmds.nesdis.noaa.gov,No,Yes,2,1,2026-03-25T00:00:00,2026-10-09T23:59:59,25218590784;29463434778,"C=US, O=DigiCert Inc, CN=DigiCert Global G2 TLS RSA SHA256 2020 CA1"
fme-sdd.woc.noaa.gov,No,Yes,2,1,2026-03-24T00:00:00,2026-10-07T23:59:59,25202296190;25186273044,"C=US, O=Amazon, CN=Amazon RSA 2048 M01"
focsle.pmel.noaa.gov,No,Yes,4,1,2025-09-12T00:00:00,2026-10-13T23:59:59,20977242448;20976430097;20976430174;21254043591,"C=US, O=DigiCert Inc, CN=DigiCert Global G2 TLS RSA SHA256 2020 CA1"
footprints.pmel.noaa.gov,No,Yes,3,1,2025-09-12T00:00:00,2026-10-13T23:59:59,20977242448;20976430174;20976430097,"C=US, O=DigiCert Inc, CN=DigiCert Global G2 TLS RSA SHA256 2020 CA1"
foss.nmfs.noaa.gov,No,Yes,8,3,2026-04-09T00:00:00,2026-10-31T23:59:59,25528596533;25456682906;25456698325;28299357218;25547299431;25547316029;25705344977;28299361868,"C=US, O=DigiCert Inc, CN=DigiCert Global G3 TLS ECC SHA384 2020 CA1;C=US, O=Let's Encrypt, CN=YR2;C=US, O=DigiCert Inc, CN=DigiCert Global G2 TLS RSA SHA256 2020 CA1"
fosterscholars.noaa.gov,Yes,Yes,2,1,2026-08-01T05:22:43,2026-10-30T05:22:42,28428375231;28428375807,"C=US, O=Let's Encrypt, CN=YR1"
fsw.nws.noaa.gov,Yes,Yes,1,1,2026-09-03T02:06:40,2026-12-02T02:06:39,29297717307,"C=US, O=Let's Encrypt, CN=YR1"
ftp-opc-ops-cprk.ncep.noaa.gov,No,Yes,2,1,2026-09-04T14:05:41,2026-12-03T14:05:40,29344383625;29344383116,"C=US, O=Let's Encrypt, CN=YR2"
ftp-wpc-ops-cprk.ncep.noaa.gov,No,Yes,1,1,2026-09-04T14:11:32,2026-12-03T14:11:31,29344527933,"C=US, O=Let's Encrypt, CN=YR2"
ftp.ncep.noaa.gov,No,Yes,3,1,2026-05-21T21:44:52,2026-12-11T20:45:54,26532526621;26689796855;28496658134,"C=US, ST=Arizona, L=Scottsdale, O=""GoDaddy.com, Inc."", OU=http://certs.godaddy.com/repository/, CN=Go Daddy Secure Certificate Authority - G2"
ftp.nhc.noaa.gov,Yes,Yes,2,1,2026-08-09T11:44:56,2026-11-07T11:44:55,28676075132;28676074930,"C=US, O=Let's Encrypt, CN=YR2"
ftp.opc.ncep.noaa.gov,No,Yes,2,1,2026-09-04T14:05:41,2026-12-03T14:05:40,29344383625;29344383116,"C=US, O=Let's Encrypt, CN=YR2"
ftp.pmel.noaa.gov,Yes,Yes,8,1,2025-09-12T00:00:00,2026-10-13T23:59:59,20977242448;20976430097;20979386850;23063015363;20976430174;20977992906;21037150454;21207669781,"C=US, O=DigiCert Inc, CN=DigiCert Global G2 TLS RSA SHA256 2020 CA1"
ftp.wpc.ncep.noaa.gov,No,Yes,1,1,2026-09-04T14:11:32,2026-12-03T14:11:31,29344527933,"C=US, O=Let's Encrypt, CN=YR2"
ftpnos-x.woc.noaa.gov,Yes,Yes,2,1,2026-07-27T21:05:50,2026-10-25T21:05:49,28302761880;28302774142,"C=US, O=Let's Encrypt, CN=YR2"
ftpnos.woc.noaa.gov,Yes,Yes,2,1,2026-07-24T23:53:34,2026-10-22T23:53:33,28225525377;28225531997,"C=US, O=Let's Encrypt, CN=YR1"
ftps-in1.bldr.ncep.noaa.gov,No,Yes,1,1,2026-05-21T19:20:13,2026-12-05T19:20:13,26528860861,"C=US, ST=Arizona, L=Scottsdale, O=""GoDaddy.com, Inc."", OU=http://certs.godaddy.com/repository/, CN=Go Daddy Secure Certificate Authority - G2"
ftps-in1.cprk.ncep.noaa.gov,No,Yes,1,1,2026-05-21T19:20:13,2026-12-05T19:20:13,26528860861,"C=US, ST=Arizona, L=Scottsdale, O=""GoDaddy.com, Inc."", OU=http://certs.godaddy.com/repository/, CN=Go Daddy Secure Certificate Authority - G2"
ftps-in1.ncep.noaa.gov,No,Yes,1,1,2026-05-21T19:20:13,2026-12-05T19:20:13,26528860861,"C=US, ST=Arizona, L=Scottsdale, O=""GoDaddy.com, Inc."", OU=http://certs.godaddy.com/repository/, CN=Go Daddy Secure Certificate Authority - G2"
ftps-in2.bldr.ncep.noaa.gov,No,Yes,1,1,2026-05-21T19:20:13,2026-12-05T19:20:13,26528860861,"C=US, ST=Arizona, L=Scottsdale, O=""GoDaddy.com, Inc."", OU=http://certs.godaddy.com/repository/, CN=Go Daddy Secure Certificate Authority - G2"
ftps-in2.cprk.ncep.noaa.gov,No,Yes,1,1,2026-05-21T19:20:13,2026-12-05T19:20:13,26528860861,"C=US, ST=Arizona, L=Scottsdale, O=""GoDaddy.com, Inc."", OU=http://certs.godaddy.com/repository/, CN=Go Daddy Secure Certificate Authority - G2"
ftps-in2.ncep.noaa.gov,No,Yes,1,1,2026-05-21T19:20:13,2026-12-05T19:20:13,26528860861,"C=US, ST=Arizona, L=Scottsdale, O=""GoDaddy.com, Inc."", OU=http://certs.godaddy.com/repository/, CN=Go Daddy Secure Certificate Authority - G2"
ftps-out1.bldr.ncep.noaa.gov,No,Yes,1,1,2026-05-21T19:20:13,2026-12-05T19:20:13,26528860861,"C=US, ST=Arizona, L=Scottsdale, O=""GoDaddy.com, Inc."", OU=http://certs.godaddy.com/repository/, CN=Go Daddy Secure Certificate Authority - G2"
ftps-out1.cprk.ncep.noaa.gov,No,Yes,1,1,2026-05-21T19:20:13,2026-12-05T19:20:13,26528860861,"C=US, ST=Arizona, L=Scottsdale, O=""GoDaddy.com, Inc."", OU=http://certs.godaddy.com/repository/, CN=Go Daddy Secure Certificate Authority - G2"
ftps-out1.ncep.noaa.gov,No,Yes,1,1,2026-05-21T19:20:13,2026-12-05T19:20:13,26528860861,"C=US, ST=Arizona, L=Scottsdale, O=""GoDaddy.com, Inc."", OU=http://certs.godaddy.com/repository/, CN=Go Daddy Secure Certificate Authority - G2"
ftps.ngdc.noaa.gov,No,Yes,9,1,2025-11-21T00:00:00,2026-11-30T23:59:59,22645036451;22645131856;22645255660;22645375235;22645036172;22645374952;22644959575;22644864414;24039337785,"C=US, O=DigiCert Inc, CN=DigiCert Global G2 TLS RSA SHA256 2020 CA1"
ftps.pmel.noaa.gov,No,Yes,6,1,2025-09-12T00:00:00,2026-10-13T23:59:59,20977242448;20976430097;20979386850;20976430174;20977992906;21207669781,"C=US, O=DigiCert Inc, CN=DigiCert Global G2 TLS RSA SHA256 2020 CA1"
fwt.gsl.noaa.gov,Yes,Yes,2,1,2026-08-13T23:07:42,2026-11-11T23:07:41,28819626474;28836344243,"C=US, O=Let's Encrypt, CN=YR1"
fxc.noaa.gov,Yes,Yes,2,1,2026-08-05T09:09:42,2026-11-03T09:09:41,28554203306;28554187098,"C=US, O=Let's Encrypt, CN=YR1"
ganglia-el7.bldc.nwave.noaa.gov,Yes,Yes,6,2,2026-07-07T19:09:22,2026-12-06T14:36:52,27764684467;27764688836;29451008634;27803238747;29373508684;27803238669,"C=US, O=Let's Encrypt, CN=YR1;C=US, O=Let's Encrypt, CN=YR2"
ganglia.bldc.nwave.noaa.gov,No,Yes,4,1,2026-07-14T09:03:05,2026-10-14T08:09:17,27922918515;27922926061;27978054930;27978048234,"C=US, O=Let's Encrypt, CN=YR2"
ganglia.nwave.noaa.gov,Yes,Yes,4,1,2026-07-14T09:03:05,2026-10-14T08:09:17,27922918515;27922926061;27978054930;27978048234,"C=US, O=Let's Encrypt, CN=YR2"
gate-10.esrl.noaa.gov,Yes,Yes,2,1,2026-08-21T00:00:00,2026-11-19T23:59:59,28932552544;29057178651,"C=AT, O=ZeroSSL GmbH, CN=ZeroSSL RSA DV SSL CA 2"
gate-11.esrl.noaa.gov,Yes,Yes,2,1,2026-08-21T00:00:00,2026-11-19T23:59:59,29057245728;28950527368,"C=AT, O=ZeroSSL GmbH, CN=ZeroSSL RSA DV SSL CA 2"
gate-12.esrl.noaa.gov,Yes,Yes,2,1,2026-08-23T00:00:00,2026-11-21T23:59:59,29132273708;29132273625,"C=AT, O=ZeroSSL GmbH, CN=ZeroSSL RSA DV SSL CA 2"
gate-13.esrl.noaa.gov,Yes,Yes,2,1,2026-08-20T00:00:00,2026-11-18T23:59:59,28912598315;29020244931,"C=AT, O=ZeroSSL GmbH, CN=ZeroSSL RSA DV SSL CA 2"
gate-gml.esrl.noaa.gov,Yes,Yes,2,1,2026-07-28T00:00:00,2026-10-26T23:59:59,28312131343;28312128360,"C=AT, O=ZeroSSL GmbH, CN=ZeroSSL RSA DV SSL CA 2"
gate.csl.noaa.gov,Yes,Yes,2,1,2026-07-28T00:00:00,2026-10-26T23:59:59,28312186356;28312183899,"C=AT, O=ZeroSSL GmbH, CN=ZeroSSL RSA DV SSL CA 2"
gate.esrl.noaa.gov,Yes,Yes,2,1,2026-08-21T00:00:00,2026-11-19T23:59:59,29057427088;28932729427,"C=AT, O=ZeroSSL GmbH, CN=ZeroSSL RSA DV SSL CA 2"
gate.gsl.noaa.gov,Yes,Yes,2,1,2026-08-19T00:00:00,2026-11-17T23:59:59,28995886636;28895765969,"C=AT, O=ZeroSSL GmbH, CN=ZeroSSL RSA DV SSL CA 2"
gate.psl.noaa.gov,Yes,Yes,2,1,2026-07-28T00:00:00,2026-10-26T23:59:59,28312233700;28312249245,"C=AT, O=ZeroSSL GmbH, CN=ZeroSSL RSA DV SSL CA 2"
gateway.esrl.noaa.gov,No,Yes,1,1,2026-09-03T00:00:00,2026-12-02T23:59:59,29300944633,"C=AT, O=ZeroSSL GmbH, CN=ZeroSSL RSA DV SSL CA 2"
gcintranet.noaa.gov,Yes,Yes,1,1,2026-06-09T00:00:00,2026-12-23T23:59:59,27014337723,"C=US, O=Amazon, CN=Amazon RSA 2048 M04"
gcld.nmfs.noaa.gov,No,Yes,8,3,2026-04-09T00:00:00,2026-10-31T23:59:59,25528596533;25456682906;25456698325;28299357218;25547299431;25547316029;25705344977;28299361868,"C=US, O=DigiCert Inc, CN=DigiCert Global G3 TLS ECC SHA384 2020 CA1;C=US, O=Let's Encrypt, CN=YR2;C=US, O=DigiCert Inc, CN=DigiCert Global G2 TLS RSA SHA256 2020 CA1"
geotowr.nws.noaa.gov,Yes,Yes,2,1,2026-04-14T00:00:00,2026-10-28T23:59:59,25837628353;25844534210,"C=US, O=Amazon, CN=Amazon RSA 2048 M04"
gfdl.noaa.gov,No,Yes,7,4,2026-06-08T00:00:00,2026-12-23T23:59:59,28416822300;29308743466;29277457276;28416818265;27001271169;29200387680;27001077445,"C=US, O=Let's Encrypt, CN=YR1;C=GB, O=Sectigo Limited, CN=Sectigo Public Server Authentication CA DV R36;C=US, O=Let's Encrypt, CN=YR2;C=US, O=Let's Encrypt, CN=YE2"
gis.ncdc.noaa.gov,No,Yes,2,1,2026-08-18T13:06:34,2026-11-16T13:06:33,28930978683;28976739004,"C=US, O=Let's Encrypt, CN=YR2"
gis.ngdc.noaa.gov,No,Yes,9,1,2025-11-21T00:00:00,2026-11-30T23:59:59,22645036451;22645131856;22645255660;22645375235;22645036172;22645374952;22644959575;22644864414;24039337785,"C=US, O=DigiCert Inc, CN=DigiCert Global G2 TLS RSA SHA256 2020 CA1"
gis.noaa.gov,Yes,Yes,2,1,2025-11-07T00:00:00,2026-12-04T23:59:59,22294911587;22293499361,"C=US, O=Amazon, CN=Amazon RSA 2048 M01"
gisc-washington.ncep.noaa.gov,Yes,Yes,2,1,2025-10-12T00:00:00,2026-11-10T23:59:59,21661401937;21663151136,"C=US, O=Amazon, CN=Amazon RSA 2048 M04"
gissupport-test.noaa.gov,Yes,Yes,2,1,2026-07-31T21:41:54,2026-10-29T21:41:53,28420014027;28420025577,"C=US, O=Let's Encrypt, CN=YR2"
gissupport.noaa.gov,No,Yes,2,1,2026-07-31T21:41:54,2026-10-29T21:41:53,28420014027;28420025577,"C=US, O=Let's Encrypt, CN=YR2"
gist.github.nwave.noaa.gov,No,Yes,4,2,2026-07-17T07:01:06,2026-10-17T08:08:12,28060184600;28005784207;28060165929;28005791772,"C=US, O=Let's Encrypt, CN=YE1;C=US, O=Let's Encrypt, CN=YE2"
git-dash-temp.pmel.noaa.gov,No,Yes,6,1,2025-09-12T00:00:00,2026-10-13T23:59:59,20977242448;20976430097;20976430174;21039237143;21383989218;21040359707,"C=US, O=DigiCert Inc, CN=DigiCert Global G2 TLS RSA SHA256 2020 CA1"
git-dash.pmel.noaa.gov,No,Yes,6,1,2025-09-12T00:00:00,2026-10-13T23:59:59,20977242448;20976430097;20976430174;21039237143;21383989218;21040359707,"C=US, O=DigiCert Inc, CN=DigiCert Global G2 TLS RSA SHA256 2020 CA1"
git-viz-temp.pmel.noaa.gov,No,Yes,6,1,2025-09-12T00:00:00,2026-10-13T23:59:59,20977242448;20976430097;20976430174;21039237143;21383989218;21040359707,"C=US, O=DigiCert Inc, CN=DigiCert Global G2 TLS RSA SHA256 2020 CA1"
git-viz.pmel.noaa.gov,No,Yes,6,1,2025-09-12T00:00:00,2026-10-13T23:59:59,20977242448;20976430097;20976430174;21039237143;21383989218;21040359707,"C=US, O=DigiCert Inc, CN=DigiCert Global G2 TLS RSA SHA256 2020 CA1"
git.gsd.esrl.noaa.gov,Yes,Yes,2,1,2026-08-21T07:15:48,2026-11-19T07:15:47,29215205287;28985184137,"C=US, O=Let's Encrypt, CN=YR2"
git.star.nesdis.noaa.gov,Yes,Yes,4,2,2026-07-24T17:27:03,2026-11-16T00:42:16,28218113843;29000816751;28933114773;28218121629,"C=US, O=Let's Encrypt, CN=YR1;C=US, O=Let's Encrypt, CN=YR2"
github-adm.gsd.esrl.noaa.gov,Yes,Yes,2,1,2026-07-29T09:06:14,2026-10-27T09:06:13,28347028194;28347031060,"C=US, O=Let's Encrypt, CN=YR2"
github.bldc.nwave.noaa.gov,No,Yes,4,2,2026-07-17T07:01:06,2026-10-17T08:08:12,28060184600;28005784207;28060165929;28005791772,"C=US, O=Let's Encrypt, CN=YE1;C=US, O=Let's Encrypt, CN=YE2"
github.nwave.noaa.gov,Yes,Yes,7,2,2026-07-17T07:01:06,2026-11-22T03:55:21,28005791772;29420767048;28060165929;28060184600;29055917573;29033111491;28005784207,"C=US, O=Let's Encrypt, CN=YE2;C=US, O=Let's Encrypt, CN=YE1"
gitlab-community.vlab-dev.noaa.gov,No,Yes,2,1,2026-05-18T00:00:00,2026-12-01T23:59:59,26486567016;26430915854,"C=US, O=Amazon, CN=Amazon RSA 2048 M04"
gitlab-community.vlab.noaa.gov,No,Yes,2,1,2026-05-19T00:00:00,2026-12-02T23:59:59,26460160137;26458761540,"C=US, O=Amazon, CN=Amazon RSA 2048 M04"
gitlab-licensed.vlab-dev.noaa.gov,No,Yes,2,1,2026-05-18T00:00:00,2026-12-01T23:59:59,26486567016;26430915854,"C=US, O=Amazon, CN=Amazon RSA 2048 M04"
gitlab-licensed.vlab.noaa.gov,No,Yes,2,1,2026-05-19T00:00:00,2026-12-02T23:59:59,26460160137;26458761540,"C=US, O=Amazon, CN=Amazon RSA 2048 M04"
gitlab.afsc.noaa.gov,No,Yes,6,2,2026-04-09T00:00:00,2026-10-31T23:59:59,25528596533;25456682906;25456698325;25547299431;25547316029;25705344977,"C=US, O=DigiCert Inc, CN=DigiCert Global G3 TLS ECC SHA384 2020 CA1;C=US, O=DigiCert Inc, CN=DigiCert Global G2 TLS RSA SHA256 2020 CA1"
glerl.dev.oarcloud.noaa.gov,Yes,Yes,2,1,2026-05-11T00:00:00,2026-11-24T23:59:59,26412223070;26246419795,"C=US, O=Amazon, CN=Amazon RSA 2048 M04"
globalocean.noaa.gov,Yes,Yes,3,1,2025-11-06T00:00:00,2026-12-05T23:59:59,22242045024;22244149960;22245468034,"C=US, O=Amazon, CN=Amazon RSA 2048 M04"
globus-dev.gsd.esrl.noaa.gov,Yes,Yes,2,1,2026-08-07T09:03:36,2026-11-05T09:03:35,28616340462;28616345504,"C=US, O=Let's Encrypt, CN=YR1"
gml.noaa.gov,Yes,Yes,2,1,2026-08-17T05:09:05,2026-11-15T05:09:04,28920911874;29028447101,"C=US, O=Let's Encrypt, CN=YE1"
gnat-new.bldc.nwave.noaa.gov,Yes,Yes,6,2,2026-07-07T19:10:50,2026-12-05T06:07:32,27778846717;29391380030;29391379597;27764709585;27778841394;27764712199,"C=US, O=Let's Encrypt, CN=YE2;C=US, O=Let's Encrypt, CN=YE1"
gnat-new.ctc.nwave.noaa.gov,Yes,Yes,4,1,2026-07-14T09:04:33,2026-10-12T19:11:10,27922944213;27922941376;27934915338;27934921135,"C=US, O=Let's Encrypt, CN=YE1"
gnat.bldc.nwave.noaa.gov,Yes,Yes,12,3,2026-07-07T10:11:16,2026-12-05T13:23:55,27778845336;27778846717;27778832330;27755325114;29365407463;27755332405;29391380030;29391379597;27764709585;27764712199;27778841394;29400948081,"C=US, O=Let's Encrypt, CN=YR1;C=US, O=Let's Encrypt, CN=YE2;C=US, O=Let's Encrypt, CN=YE1"
gnat.ctc.nwave.noaa.gov,No,Yes,10,2,2026-07-07T10:11:16,2026-12-05T13:23:55,27778845336;27934915338;27778832330;27755325114;27922944213;29365407463;27755332405;27934921135;27922941376;29400948081,"C=US, O=Let's Encrypt, CN=YR1;C=US, O=Let's Encrypt, CN=YE1"
gneiss.pmel.noaa.gov,No,Yes,4,1,2025-09-12T00:00:00,2026-10-13T23:59:59,20977242448;20976430097;20976430174;23062986168,"C=US, O=DigiCert Inc, CN=DigiCert Global G2 TLS RSA SHA256 2020 CA1"
goes.noaa.gov,Yes,Yes,3,2,2026-05-26T00:00:00,2026-12-09T23:59:59,29022452000;29032472143;26648304082,"C=US, O=Let's Encrypt, CN=YR1;C=US, O=Amazon, CN=Amazon RSA 2048 M01"
goesrtest.woc.noaa.gov,No,Yes,1,1,2026-06-15T00:00:00,2026-12-29T23:59:59,27211654684,"C=US, O=Amazon, CN=Amazon RSA 2048 M04"
governmentshutdown.noaa.gov,Yes,Yes,2,1,2025-09-30T00:00:00,2026-10-29T23:59:59,21382512085;21381225546,"C=US, O=Amazon, CN=Amazon RSA 2048 M01"
grafana-new.bldc.nwave.noaa.gov,No,Yes,10,2,2026-07-17T16:35:15,2026-10-17T08:16:58,28033218301;28060313963;28033033089;28017352553;28033026611;28033222448;28017348324;28060361344;28060359765;28060316456,"C=US, O=Let's Encrypt, CN=YE1;C=US, O=Let's Encrypt, CN=YE2"
grafana-new.ctc.nwave.noaa.gov,No,Yes,4,2,2026-07-18T06:54:57,2026-10-16T17:02:12,28044305603;28033287335;28033286666;28044307791,"C=US, O=Let's Encrypt, CN=YE1;C=US, O=Let's Encrypt, CN=YE2"
grafana.awips-refactor-dev.vlab.nws.noaa.gov,No,Yes,2,1,2026-03-31T00:00:00,2026-10-14T23:59:59,25286305913;25310335269,"C=US, O=Amazon, CN=Amazon RSA 2048 M01"
grafana.bldc.nwave.noaa.gov,No,Yes,10,2,2026-07-17T16:35:15,2026-10-17T08:16:58,28033218301;28060313963;28033033089;28017352553;28033026611;28033222448;28017348324;28060361344;28060359765;28060316456,"C=US, O=Let's Encrypt, CN=YE1;C=US, O=Let's Encrypt, CN=YE2"
grafana.ctc.nwave.noaa.gov,No,Yes,4,2,2026-07-18T06:54:57,2026-10-16T17:02:12,28044305603;28033287335;28033286666;28044307791,"C=US, O=Let's Encrypt, CN=YE1;C=US, O=Let's Encrypt, CN=YE2"
granite.pmel.noaa.gov,No,Yes,4,1,2025-09-12T00:00:00,2026-10-13T23:59:59,20977242448;20976430097;20976430174;23062986168,"C=US, O=DigiCert Inc, CN=DigiCert Global G2 TLS RSA SHA256 2020 CA1"
graphical.mdl.nws.noaa.gov,No,Yes,1,1,2026-04-27T00:00:00,2026-11-10T23:59:59,25833079032,"C=US, O=Amazon, CN=Amazon RSA 2048 M01"
graysreef.noaa.gov,Yes,Yes,2,1,2026-08-01T05:27:47,2026-10-30T05:27:46,28428502629;28428498284,"C=US, O=Let's Encrypt, CN=YR1"
greateratlantic.fisheries.noaa.gov,No,Yes,8,3,2026-04-09T00:00:00,2026-10-31T23:59:59,25528596533;25456682906;25456698325;28299357218;25547299431;25547316029;25705344977;28299361868,"C=US, O=DigiCert Inc, CN=DigiCert Global G3 TLS ECC SHA384 2020 CA1;C=US, O=Let's Encrypt, CN=YR2;C=US, O=DigiCert Inc, CN=DigiCert Global G2 TLS RSA SHA256 2020 CA1"
grunt.sefsc.noaa.gov,No,Yes,8,3,2026-04-09T00:00:00,2026-10-31T23:59:59,25528596533;25456682906;25456698325;28299357218;25547299431;25547316029;25705344977;28299361868,"C=US, O=DigiCert Inc, CN=DigiCert Global G3 TLS ECC SHA384 2020 CA1;C=US, O=Let's Encrypt, CN=YR2;C=US, O=DigiCert Inc, CN=DigiCert Global G2 TLS RSA SHA256 2020 CA1"
gscs-new.bldc.nwave.noaa.gov,Yes,Yes,4,1,2026-07-12T19:16:11,2026-10-11T09:00:46,27881670733;27881666081;27895821766;27895831268,"C=US, O=Let's Encrypt, CN=YE1"
gscs.bldc.nwave.noaa.gov,No,Yes,4,1,2026-07-12T19:16:11,2026-10-11T09:00:46,27881670733;27881666081;27895821766;27895831268,"C=US, O=Let's Encrypt, CN=YE1"
gsl-webint.gsd.esrl.noaa.gov,Yes,Yes,2,1,2026-08-01T23:11:31,2026-10-30T23:11:30,28447993157;28447996644,"C=US, O=Let's Encrypt, CN=YR1"
gsl-webprod.gsd.esrl.noaa.gov,Yes,Yes,2,1,2026-08-02T09:11:50,2026-10-31T09:11:49,28458585684;28458591787,"C=US, O=Let's Encrypt, CN=YR1"
gsl-webssop.gsd.esrl.noaa.gov,Yes,Yes,2,1,2026-07-23T01:56:38,2026-10-21T01:56:37,28170210082;28170200422,"C=US, O=Let's Encrypt, CN=YR1"
gsl-webstage8.gsd.esrl.noaa.gov,Yes,Yes,2,1,2026-08-22T09:05:29,2026-11-20T09:05:28,29019776586;29009435111,"C=US, O=Let's Encrypt, CN=YR2"
gsl-wordpress-int.gsd.esrl.noaa.gov,Yes,Yes,2,1,2026-07-12T12:56:47,2026-10-10T12:56:46,27875609009;27875619257,"C=US, O=Let's Encrypt, CN=YR1"
gsl.dev.oarcloud.noaa.gov,Yes,Yes,2,1,2025-09-29T00:00:00,2026-10-28T23:59:59,21353372324;21351945022,"C=US, O=Amazon, CN=Amazon RSA 2048 M01"
gsl.noaa.gov,Yes,Yes,8,3,2026-03-26T00:00:00,2026-10-29T09:04:25,28216525028;25242051537;28404772439;28216523745;28404774257;28216526194;28216520128;25242052583,"C=US, O=Let's Encrypt, CN=YR2;C=US, O=Amazon, CN=Amazon RSA 2048 M01;C=US, O=Let's Encrypt, CN=YE2"
gsl.oarcloud.noaa.gov,Yes,Yes,2,1,2025-09-25T00:00:00,2026-10-24T23:59:59,21257609837;21257121301,"C=US, O=Amazon, CN=Amazon RSA 2048 M04"
gulfspillrestoration.noaa.gov,Yes,Yes,2,1,2026-04-23T00:00:00,2026-11-06T23:59:59,25705232617;25689186439,"C=US, O=Amazon, CN=Amazon RSA 2048 M01"
habitat.noaa.gov,Yes,Yes,3,1,2025-11-19T00:00:00,2026-12-24T23:59:59,22608680517;27037505191;22602792439,"C=US, O=Amazon, CN=Amazon RSA 2048 M01"
hads.ncep.noaa.gov,No,Yes,5,2,2026-05-21T21:44:52,2026-12-11T20:45:54,28494560539;28494560988;26532526621;28496658134;26689796855,"C=US, ST=Arizona, L=Scottsdale, O=""GoDaddy.com, Inc."", OU=http://certs.godaddy.com/repository/, CN=Go Daddy Secure Certificate Authority - G2;C=US, O=Let's Encrypt, CN=YR2"
hadsqa.ncep.noaa.gov,No,Yes,4,2,2026-08-03T13:00:21,2026-11-11T14:31:30,28810944352;28808933938;28494560988;28494560539,"C=US, O=Let's Encrypt, CN=YR1;C=US, O=Let's Encrypt, CN=YR2"
haproxy.bldc.nwave.noaa.gov,No,Yes,7,1,2026-07-08T09:03:22,2026-12-06T06:12:06,27778911776;27789134469;27789134540;29430159211;29389371013;27778915967;29382562063,"C=US, O=Let's Encrypt, CN=YR2"
haproxy.ctc.nwave.noaa.gov,No,Yes,7,1,2026-07-08T09:03:22,2026-12-06T06:12:06,27778911776;27789134469;27789134540;29430159211;29389371013;27778915967;29382562063,"C=US, O=Let's Encrypt, CN=YR2"
haproxy.nwave.noaa.gov,Yes,Yes,7,1,2026-07-08T09:03:22,2026-12-06T06:12:06,27778911776;27789134469;27789134540;29430159211;29389371013;27778915967;29382562063,"C=US, O=Let's Encrypt, CN=YR2"
haproxy2.bldc.nwave.noaa.gov,Yes,Yes,22,2,2026-07-07T09:03:50,2026-12-05T06:12:29,29391379815;27886138226;29363253803;27907182944;27773996928;27754413371;27872203331;27907178358;27754179456;27754408792;27872191945;27764702554;29371379935;27872200876;27773996822;29372664706;29391392482;27886136986;27754178100;27872191102;29399645286;27764712437,"C=US, O=Let's Encrypt, CN=YE1;C=US, O=Let's Encrypt, CN=YE2"
haproxy2.ctc.nwave.noaa.gov,No,Yes,22,2,2026-07-07T09:03:50,2026-12-05T06:12:29,29391379815;27886138226;29363253803;27907182944;27773996928;27754413371;27872203331;27907178358;27754179456;27754408792;27872191945;27764702554;29371379935;27872200876;27773996822;29372664706;29391392482;27886136986;27754178100;27872191102;29399645286;27764712437,"C=US, O=Let's Encrypt, CN=YE1;C=US, O=Let's Encrypt, CN=YE2"
harbor-dev.gsd.esrl.noaa.gov,Yes,Yes,2,1,2026-07-29T13:07:49,2026-10-27T13:07:48,28351985455;28351986223,"C=US, O=Let's Encrypt, CN=YR1"
harbor-prod.gsd.esrl.noaa.gov,Yes,Yes,2,1,2026-08-21T07:16:32,2026-11-19T07:16:31,28985198836;29215272868,"C=US, O=Let's Encrypt, CN=YR2"
harbor-test2.gsd.esrl.noaa.gov,Yes,Yes,2,1,2026-08-18T15:11:04,2026-11-16T15:11:03,28979150994;28956526726,"C=US, O=Let's Encrypt, CN=YR1"
hatfield2.pmel.noaa.gov,No,Yes,3,1,2025-09-12T00:00:00,2026-10-13T23:59:59,20977242448;20976430174;20976430097,"C=US, O=DigiCert Inc, CN=DigiCert Global G2 TLS RSA SHA256 2020 CA1"
hawaiihumpbackwhale.noaa.gov,Yes,Yes,2,1,2026-08-01T05:32:55,2026-10-30T05:32:54,28428607949;28428609795,"C=US, O=Let's Encrypt, CN=YR1"
hawk.pmel.noaa.gov,No,Yes,4,1,2025-09-12T00:00:00,2026-10-13T23:59:59,20977242448;20976430097;20976430174;23062986168,"C=US, O=DigiCert Inc, CN=DigiCert Global G2 TLS RSA SHA256 2020 CA1"
hazy.pmel.noaa.gov,No,Yes,3,1,2025-09-12T00:00:00,2026-10-13T23:59:59,20977242448;20976430174;20976430097,"C=US, O=DigiCert Inc, CN=DigiCert Global G2 TLS RSA SHA256 2020 CA1"
hdsc.nws.noaa.gov,Yes,Yes,1,1,2025-09-10T00:00:00,2026-10-11T23:59:59,20922810641,"C=US, O=DigiCert Inc, CN=DigiCert Global G2 TLS RSA SHA256 2020 CA1"
health.haes.noaa.gov,Yes,Yes,2,1,2026-07-13T13:03:31,2026-10-11T13:03:30,27900301770;27900316389,"C=US, O=Let's Encrypt, CN=YR2"
heatrisk.wpc-vlab.noaa.gov,Yes,Yes,2,1,2026-06-08T00:00:00,2026-12-22T23:59:59,27195837956;26994972487,"C=US, O=Amazon, CN=Amazon RSA 2048 M04"
heceta.pmel.noaa.gov,No,Yes,6,1,2025-09-12T00:00:00,2026-10-13T23:59:59,20977242448;20976430097;20979386850;20976430174;20977992906;21207669781,"C=US, O=DigiCert Inc, CN=DigiCert Global G2 TLS RSA SHA256 2020 CA1"
help.noaa.gov,Yes,Yes,4,2,2026-07-09T03:04:50,2026-12-06T03:05:37,29414257736;27797154732;29414312066;27797152619,"C=US, O=Let's Encrypt, CN=YR1;C=US, O=Let's Encrypt, CN=YR2"
help.star.nesdis.noaa.gov,Yes,Yes,4,2,2026-07-24T17:16:38,2026-11-24T00:39:40,28217900850;29179818213;28217897809;29437336759,"C=US, O=Let's Encrypt, CN=YR1;C=US, O=Let's Encrypt, CN=YR2"
helpdesk-test.star.nesdis.noaa.gov,No,Yes,1,1,2026-08-31T17:39:26,2026-11-29T17:39:25,29201221998,"C=US, O=Let's Encrypt, CN=YR2"
helpdesk.gfdl.noaa.gov,Yes,Yes,3,2,2026-07-31T18:59:39,2026-11-29T16:54:25,28416819791;28416824913;29200337098,"C=US, O=Let's Encrypt, CN=YR1;C=US, O=Let's Encrypt, CN=YR2"
helpdesk.noaa.gov,Yes,Yes,1,1,2026-08-27T03:06:10,2026-11-25T03:06:09,29414289234,"C=US, O=Let's Encrypt, CN=YR1"
helpdesk.pmel.noaa.gov,No,Yes,3,1,2025-09-12T00:00:00,2026-10-13T23:59:59,20977242448;20976430174;20976430097,"C=US, O=DigiCert Inc, CN=DigiCert Global G2 TLS RSA SHA256 2020 CA1"
helpdesk.star.nesdis.noaa.gov,No,Yes,2,1,2026-07-14T23:46:26,2026-10-12T23:46:25,27940020537;27940022186,"C=US, O=Let's Encrypt, CN=YR1"
heron.pmel.noaa.gov,No,Yes,3,1,2025-09-12T00:00:00,2026-10-13T23:59:59,20977242448;20976430174;20976430097,"C=US, O=DigiCert Inc, CN=DigiCert Global G2 TLS RSA SHA256 2020 CA1"
hfip.noaa.gov,No,Yes,1,1,2026-04-27T00:00:00,2026-11-10T23:59:59,25833079032,"C=US, O=Amazon, CN=Amazon RSA 2048 M01"
hilo.pmel.noaa.gov,No,Yes,3,1,2025-09-12T00:00:00,2026-10-13T23:59:59,20977242448;20976430174;20976430097,"C=US, O=DigiCert Inc, CN=DigiCert Global G2 TLS RSA SHA256 2020 CA1"
history.noaa.gov,Yes,Yes,2,1,2026-08-31T03:02:13,2026-11-29T03:02:12,29182371010;29401419555,"C=US, O=Let's Encrypt, CN=YR2"
hmspermits.noaa.gov,Yes,Yes,2,1,2025-10-23T00:00:00,2026-11-15T23:59:59,21944491637;21944474749,"C=US, O=""Network Solutions, LLC"", CN=Network Solutions RSA DV SSL CA 4"
hmsworkshop.fisheries.noaa.gov,Yes,Yes,2,1,2026-08-03T16:49:51,2026-11-01T16:49:50,28500087740;28500100549,"C=US, O=Let's Encrypt, CN=YR1"
hmt.noaa.gov,Yes,Yes,1,1,2026-08-31T15:42:18,2026-11-29T15:42:17,29198753477,"C=US, O=Let's Encrypt, CN=YR2"
homelandsecurity.noaa.gov,Yes,Yes,1,1,2026-06-10T00:00:00,2026-12-24T23:59:59,27037369059,"C=US, O=Amazon, CN=Amazon RSA 2048 M01"
hop.silv.nwave.noaa.gov,Yes,Yes,4,2,2026-07-14T09:06:03,2026-10-12T19:11:14,27934909166;27922992341;27934921999;27922982891,"C=US, O=Let's Encrypt, CN=YR1;C=US, O=Let's Encrypt, CN=YR2"
hop.silv2.nwave.noaa.gov,Yes,Yes,4,2,2026-07-07T19:12:22,2026-10-06T09:03:25,27778906638;27764737367;27764739720;27778913823,"C=US, O=Let's Encrypt, CN=YR1;C=US, O=Let's Encrypt, CN=YR2"
hqbi.fisheries.noaa.gov,No,Yes,8,2,2026-07-17T18:19:18,2026-11-23T18:42:03,29249985447;28019527451;29067215286;28189897208;28019530271;29075163185;28189896256;29093044714,"C=US, O=Let's Encrypt, CN=YR1;C=US, O=Let's Encrypt, CN=YR2"
hspo.noaa.gov,Yes,Yes,1,1,2026-06-09T00:00:00,2026-12-23T23:59:59,27013684954,"C=US, O=Amazon, CN=Amazon RSA 2048 M01"
http-syslog.ztna.asos.noaa.gov,Yes,Yes,8,2,2026-08-01T16:38:20,2026-10-30T18:38:59,28441115469;28441110355;28441105169;28443219669;28443214282;28441115166;28443226414;28443225092,"C=US, O=Let's Encrypt, CN=YR2;C=US, O=Let's Encrypt, CN=YE1"
hwrf-rt.gsd.esrl.noaa.gov,Yes,Yes,2,1,2026-07-29T13:08:39,2026-10-27T13:08:38,28351988343;28351999056,"C=US, O=Let's Encrypt, CN=YR1"
hydrology.nws.noaa.gov,Yes,Yes,1,1,2025-11-26T00:00:00,2026-12-06T23:59:59,22749697307,"C=US, O=DigiCert Inc, CN=DigiCert Global G2 TLS RSA SHA256 2020 CA1"
hysplit-arl-pub.woc.noaa.gov,No,Yes,2,1,2026-08-22T03:05:54,2026-11-20T03:05:53,29297419833;29094977212,"C=US, O=Let's Encrypt, CN=YR2"
hysplit-pub.noaa.gov,No,Yes,2,1,2026-08-22T03:05:54,2026-11-20T03:05:53,29297419833;29094977212,"C=US, O=Let's Encrypt, CN=YR2"
hysplit.noaa.gov,No,Yes,2,1,2026-08-22T03:05:54,2026-11-20T03:05:53,29297419833;29094977212,"C=US, O=Let's Encrypt, CN=YR2"
icam.noaa.gov,Yes,Yes,8,1,2026-07-07T00:00:00,2026-10-14T23:59:59,27990011496;27763678673;27763680110;27763397055;27763582123;27990010911;27763582279;27763397216,"C=AT, O=ZeroSSL GmbH, CN=ZeroSSL RSA DV SSL CA 2"
icoads.noaa.gov,Yes,Yes,3,2,2026-06-15T00:00:00,2026-12-29T23:59:59,27846099598;27846099881;27208150728,"C=US, O=Let's Encrypt, CN=YR2;C=US, O=Amazon, CN=Amazon RSA 2048 M01"
identity.psl.noaa.gov,Yes,Yes,1,1,2026-08-31T16:03:55,2026-11-29T16:03:54,29210414558,"C=US, O=Let's Encrypt, CN=YR1"
idp-new.nwave.noaa.gov,Yes,Yes,7,2,2026-07-07T10:12:45,2026-12-05T14:41:24,27755339938;29399583205;29391384334;27755347413;27782914025;29409646002;27782908775,"C=US, O=Let's Encrypt, CN=YE1;C=US, O=Let's Encrypt, CN=YE2"
idp.bldc.nwave.noaa.gov,No,Yes,6,2,2026-07-07T09:09:03,2026-12-06T06:12:13,27754270760;29389571564;29417807602;27754255003;27798189948;27798196202,"C=US, O=Let's Encrypt, CN=YR1;C=US, O=Let's Encrypt, CN=YR2"
idp.boul.nwave.noaa.gov,No,Yes,6,2,2026-07-07T09:09:03,2026-12-06T06:12:13,27754270760;29389571564;29417807602;27754255003;27798189948;27798196202,"C=US, O=Let's Encrypt, CN=YR1;C=US, O=Let's Encrypt, CN=YR2"
idp.ctc.nwave.noaa.gov,No,Yes,6,2,2026-07-07T09:09:03,2026-12-06T06:12:13,27754270760;29389571564;29417807602;27754255003;27798189948;27798196202,"C=US, O=Let's Encrypt, CN=YR1;C=US, O=Let's Encrypt, CN=YR2"
idp.nwave.noaa.gov,Yes,Yes,6,2,2026-07-07T09:09:03,2026-12-06T06:12:13,27754270760;29389571564;29417807602;27754255003;27798189948;27798196202,"C=US, O=Let's Encrypt, CN=YR1;C=US, O=Let's Encrypt, CN=YR2"
imagery.coast.noaa.gov,No,Yes,2,1,2026-08-23T07:22:27,2026-11-21T07:22:26,29158613466;29397187463,"C=US, O=Let's Encrypt, CN=YR2"
imagery.dev.coast.noaa.gov,No,Yes,2,1,2026-07-19T06:32:45,2026-10-17T06:32:44,28058325359;28058320198,"C=US, O=Let's Encrypt, CN=YR1"
imagery1.coast.noaa.gov,No,Yes,2,1,2026-08-23T07:22:27,2026-11-21T07:22:26,29158613466;29397187463,"C=US, O=Let's Encrypt, CN=YR2"
imagery1.dev.coast.noaa.gov,No,Yes,2,1,2026-07-19T06:32:45,2026-10-17T06:32:44,28058325359;28058320198,"C=US, O=Let's Encrypt, CN=YR1"
imagery2.coast.noaa.gov,No,Yes,2,1,2026-08-23T07:22:27,2026-11-21T07:22:26,29158613466;29397187463,"C=US, O=Let's Encrypt, CN=YR2"
imagery2.dev.coast.noaa.gov,No,Yes,2,1,2026-07-19T06:32:45,2026-10-17T06:32:44,28058325359;28058320198,"C=US, O=Let's Encrypt, CN=YR1"
imagesrv-stage.bldc.nwave.noaa.gov,No,Yes,4,2,2026-07-21T06:47:08,2026-10-19T08:11:37,28117177811;28119136029;28119125294;28117167348,"C=US, O=Let's Encrypt, CN=YE1;C=US, O=Let's Encrypt, CN=YE2"
imagesrv.bldc.nwave.noaa.gov,No,Yes,4,2,2026-07-21T06:47:08,2026-10-19T08:11:37,28117177811;28119136029;28119125294;28117167348,"C=US, O=Let's Encrypt, CN=YE1;C=US, O=Let's Encrypt, CN=YE2"
imagesrv.nwave.noaa.gov,Yes,Yes,4,2,2026-07-21T06:47:08,2026-10-19T08:11:37,28117177811;28119136029;28119125294;28117167348,"C=US, O=Let's Encrypt, CN=YE1;C=US, O=Let's Encrypt, CN=YE2"
inetdev.coast.noaa.gov,No,Yes,2,1,2026-07-19T06:32:45,2026-10-17T06:32:44,28058325359;28058320198,"C=US, O=Let's Encrypt, CN=YR1"
inport.nmfs.noaa.gov,No,Yes,8,3,2026-04-09T00:00:00,2026-10-31T23:59:59,25528596533;25456682906;25456698325;28299357218;25547299431;25547316029;25705344977;28299361868,"C=US, O=DigiCert Inc, CN=DigiCert Global G3 TLS ECC SHA384 2020 CA1;C=US, O=Let's Encrypt, CN=YR2;C=US, O=DigiCert Inc, CN=DigiCert Global G2 TLS RSA SHA256 2020 CA1"
inside.omao.noaa.gov,Yes,Yes,1,1,2026-05-12T00:00:00,2026-11-25T23:59:59,26420754728,"C=US, O=Amazon, CN=Amazon RSA 2048 M04"
integratedecosystemassessment.noaa.gov,No,Yes,8,3,2026-04-09T00:00:00,2026-10-31T23:59:59,25528596533;25456682906;25456698325;28299357218;25547299431;25547316029;25705344977;28299361868,"C=US, O=DigiCert Inc, CN=DigiCert Global G3 TLS ECC SHA384 2020 CA1;C=US, O=Let's Encrypt, CN=YR2;C=US, O=DigiCert Inc, CN=DigiCert Global G2 TLS RSA SHA256 2020 CA1"
internal.pmel.noaa.gov,No,Yes,3,1,2025-09-12T00:00:00,2026-10-13T23:59:59,20977242448;20976430174;20976430097,"C=US, O=DigiCert Inc, CN=DigiCert Global G2 TLS RSA SHA256 2020 CA1"
internals.coast.noaa.gov,No,Yes,2,1,2026-07-19T06:32:45,2026-10-17T06:32:44,28058325359;28058320198,"C=US, O=Let's Encrypt, CN=YR1"
intra-remote.pmel.noaa.gov,No,Yes,3,1,2025-09-12T00:00:00,2026-10-13T23:59:59,20977242448;20976430174;20976430097,"C=US, O=DigiCert Inc, CN=DigiCert Global G2 TLS RSA SHA256 2020 CA1"
intra.prod.ncep.noaa.gov,Yes,Yes,2,2,2026-09-04T13:36:46,2026-12-03T13:52:18,29344158663;29343698801,"C=US, O=Let's Encrypt, CN=YR1;C=US, O=Let's Encrypt, CN=YR2"
intranet.gfdl.noaa.gov,Yes,Yes,3,1,2026-07-31T19:00:23,2026-11-29T16:55:11,28416837521;29200355002;28416841048,"C=US, O=Let's Encrypt, CN=YR1"
intranet.pmel.noaa.gov,No,Yes,3,1,2025-09-12T00:00:00,2026-10-13T23:59:59,20977242448;20976430174;20976430097,"C=US, O=DigiCert Inc, CN=DigiCert Global G2 TLS RSA SHA256 2020 CA1"
invicti.shared.oarcloud.noaa.gov,Yes,Yes,1,1,2025-11-30T00:00:00,2026-12-29T23:59:59,22815442201,"C=US, O=Amazon, CN=Amazon RSA 2048 M01"
inws.ncep.noaa.gov,No,Yes,2,1,2026-08-03T13:00:21,2026-11-01T13:00:20,28494560988;28494560539,"C=US, O=Let's Encrypt, CN=YR2"
inwsqa.ncep.noaa.gov,No,Yes,4,2,2026-08-03T13:00:21,2026-11-11T14:31:30,28810944352;28808933938;28494560988;28494560539,"C=US, O=Let's Encrypt, CN=YR1;C=US, O=Let's Encrypt, CN=YR2"
ioos.noaa.gov,Yes,Yes,2,1,2026-08-01T08:23:49,2026-10-30T08:23:48,28431851938;28431844611,"C=US, O=Let's Encrypt, CN=YR1"
ip-10-29-75-26.pmel.noaa.gov,No,Yes,5,1,2025-09-12T00:00:00,2026-10-13T23:59:59,20977242448;20976430097;20976430174;21039237143;21040359707,"C=US, O=DigiCert Inc, CN=DigiCert Global G2 TLS RSA SHA256 2020 CA1"
ipam-new.bldc.nwave.noaa.gov,Yes,Yes,5,2,2026-07-08T12:48:33,2026-12-05T13:23:59,27789139321;27782928946;29399526348;27782922252;27789139287,"C=US, O=Let's Encrypt, CN=YE2;C=US, O=Let's Encrypt, CN=YE1"
ipam-stage.bldc.nwave.noaa.gov,Yes,Yes,5,2,2026-07-08T18:57:38,2026-12-05T14:14:22,27789161681;29400517199;27807048465;27789156778;27807043754,"C=US, O=Let's Encrypt, CN=YE1;C=US, O=Let's Encrypt, CN=YE2"
ipam-stage.nwave.noaa.gov,Yes,Yes,4,2,2026-07-14T19:12:44,2026-10-13T08:57:15,27934945933;27934934000;27950120568;27950118791,"C=US, O=Let's Encrypt, CN=YE1;C=US, O=Let's Encrypt, CN=YE2"
ipam.bldc.nwave.noaa.gov,No,Yes,14,2,2026-07-07T09:14:14,2026-12-06T06:12:17,27773731031;27757968662;27754360636;29399504065;29420816451;29382723427;29371142355;27789156022;29391383877;29371142365;27773730261;27757975173;27754370971;27789156480,"C=US, O=Let's Encrypt, CN=YR1;C=US, O=Let's Encrypt, CN=YR2"
ipam.boul.nwave.noaa.gov,No,Yes,13,2,2026-07-07T09:14:14,2026-12-06T06:12:17,27782903910;27754360636;27764586980;29420816451;29382723427;27789156022;27782903225;27764572019;29409471890;29399541092;27754370971;27789156480;29391375201,"C=US, O=Let's Encrypt, CN=YR1;C=US, O=Let's Encrypt, CN=YR2"
ipam.ctc.nwave.noaa.gov,No,Yes,12,2,2026-07-07T09:14:14,2026-12-06T06:12:17,27827837633;27754360636;29400451266;29400525155;27798192486;29420816451;29382723427;27789156022;27789156480;27798194400;27754370971;27827848186,"C=US, O=Let's Encrypt, CN=YR1;C=US, O=Let's Encrypt, CN=YR2"
ipam.nwave.noaa.gov,Yes,Yes,27,2,2026-07-07T09:14:14,2026-12-06T06:12:17,27827837633;27754360636;29371142355;27789156480;27782903910;27773731031;27757968662;29420816451;27789156022;29409471890;27798194400;27757975173;27827848186;29400525155;29399504065;27764586980;27782903225;27764572019;29391383877;29399541092;29400451266;27798192486;29382723427;29371142365;27773730261;27754370971;29391375201,"C=US, O=Let's Encrypt, CN=YR1;C=US, O=Let's Encrypt, CN=YR2"
iris.ncep.noaa.gov,No,Yes,2,1,2026-08-03T13:00:21,2026-11-01T13:00:20,28494560988;28494560539,"C=US, O=Let's Encrypt, CN=YR2"
irisqa.ncep.noaa.gov,No,Yes,2,1,2026-08-03T13:00:21,2026-11-01T13:00:20,28494560988;28494560539,"C=US, O=Let's Encrypt, CN=YR2"
irr-controller.bldc.nwave.noaa.gov,Yes,Yes,4,1,2026-07-18T16:55:12,2026-10-18T06:42:41,28044197822;28086429935;28044205103;28086425389,"C=US, O=Let's Encrypt, CN=YE2"
it-status.gsd.esrl.noaa.gov,Yes,Yes,2,1,2026-07-14T12:57:18,2026-10-12T12:57:17,27927617962;27927611542,"C=US, O=Let's Encrypt, CN=YR2"
its-gitea.gsd.esrl.noaa.gov,Yes,Yes,2,1,2026-08-12T23:07:50,2026-11-10T23:07:49,28793089630;28793014876,"C=US, O=Let's Encrypt, CN=YR1"
jamf-endpoint-new.ctc.nwave.noaa.gov,Yes,Yes,1,1,2026-09-04T06:09:49,2026-12-03T06:09:48,29334632447,"C=US, O=Let's Encrypt, CN=YE1"
jamf-endpoint-new.nwave.noaa.gov,No,Yes,1,1,2026-09-04T06:09:49,2026-12-03T06:09:48,29334632447,"C=US, O=Let's Encrypt, CN=YE1"
jamf-endpoint.ctc.nwave.noaa.gov,Yes,Yes,4,2,2026-08-02T19:45:15,2026-10-31T22:30:32,28474703935;28471330671;28474704241;28471337393,"C=US, O=Let's Encrypt, CN=YE1;C=US, O=Let's Encrypt, CN=YE2"
jamf-endpoint.nwave.noaa.gov,No,Yes,4,2,2026-08-02T19:45:15,2026-10-31T22:30:32,28474703935;28471330671;28474704241;28471337393,"C=US, O=Let's Encrypt, CN=YE1;C=US, O=Let's Encrypt, CN=YE2"
jamf-fs.gsd.esrl.noaa.gov,Yes,Yes,2,1,2026-08-01T13:01:45,2026-10-30T13:01:44,28436904624;28436899889,"C=US, O=Let's Encrypt, CN=YR1"
jamf.cmdl.noaa.gov,Yes,Yes,1,1,2026-06-01T00:00:00,2026-12-15T23:59:59,26804527437,"C=US, O=Amazon, CN=Amazon RSA 2048 M04"
jenkins.awips-refactor-dev.vlab.nws.noaa.gov,No,Yes,2,1,2026-05-30T00:00:00,2026-12-13T23:59:59,26747405041;26790539156,"C=US, O=Amazon, CN=Amazon RSA 2048 M01"
journal-intra.pmel.noaa.gov,No,Yes,3,1,2025-09-12T00:00:00,2026-10-13T23:59:59,20977242448;20976430174;20976430097,"C=US, O=DigiCert Inc, CN=DigiCert Global G2 TLS RSA SHA256 2020 CA1"
journalinfo-intra.pmel.noaa.gov,No,Yes,3,1,2025-09-12T00:00:00,2026-10-13T23:59:59,20977242448;20976430174;20976430097,"C=US, O=DigiCert Inc, CN=DigiCert Global G2 TLS RSA SHA256 2020 CA1"
jpss.noaa.gov,No,Yes,1,1,2025-09-04T00:00:00,2026-10-05T23:59:59,20785873544,"C=US, O=DigiCert Inc, CN=DigiCert Global G2 TLS RSA SHA256 2020 CA1"
k8s-dev-m1.gsd.esrl.noaa.gov,Yes,Yes,2,1,2026-07-24T16:09:50,2026-10-22T16:09:49,28216715955;28216705650,"C=US, O=Let's Encrypt, CN=YE2"
kestral.pmel.noaa.gov,No,Yes,3,1,2025-09-12T00:00:00,2026-10-13T23:59:59,20977242448;20976430174;20976430097,"C=US, O=DigiCert Inc, CN=DigiCert Global G2 TLS RSA SHA256 2020 CA1"
kestrel.pmel.noaa.gov,No,Yes,3,1,2025-09-12T00:00:00,2026-10-13T23:59:59,20977242448;20976430174;20976430097,"C=US, O=DigiCert Inc, CN=DigiCert Global G2 TLS RSA SHA256 2020 CA1"
keycloak-t.gsd.esrl.noaa.gov,Yes,Yes,3,2,2026-07-08T09:07:02,2026-12-06T15:09:19,27778987128;29452371217;27778985857,"C=US, O=Let's Encrypt, CN=YR1;C=US, O=Let's Encrypt, CN=YR2"
keycloak.gfdl.noaa.gov,Yes,Yes,3,1,2026-07-31T19:01:07,2026-11-29T16:55:49,28416847568;28416851883;29200363709,"C=US, O=Let's Encrypt, CN=YR2"
kiosk.pmel.noaa.gov,No,Yes,3,1,2025-09-12T00:00:00,2026-10-13T23:59:59,20977242448;20976430174;20976430097,"C=US, O=DigiCert Inc, CN=DigiCert Global G2 TLS RSA SHA256 2020 CA1"
kiosk2.pmel.noaa.gov,No,Yes,3,1,2025-09-12T00:00:00,2026-10-13T23:59:59,20977242448;20976430174;20976430097,"C=US, O=DigiCert Inc, CN=DigiCert Global G2 TLS RSA SHA256 2020 CA1"
kiwi.pmel.noaa.gov,No,Yes,3,1,2025-09-12T00:00:00,2026-10-13T23:59:59,20977242448;20976430174;20976430097,"C=US, O=DigiCert Inc, CN=DigiCert Global G2 TLS RSA SHA256 2020 CA1"
kona.pmel.noaa.gov,No,Yes,3,1,2025-09-12T00:00:00,2026-10-13T23:59:59,20977242448;20976430174;20976430097,"C=US, O=DigiCert Inc, CN=DigiCert Global G2 TLS RSA SHA256 2020 CA1"
labcp01dp.lab.nwave.noaa.gov,Yes,Yes,1,1,2026-04-10T00:00:00,2026-10-25T23:59:59,25487500092,"C=US, O=DigiCert Inc, CN=DigiCert Global G2 TLS RSA SHA256 2020 CA1"
lamp.mdl.nws.noaa.gov,Yes,Yes,1,1,2026-09-01T14:44:58,2026-11-30T14:44:57,29229376009,"C=US, O=Let's Encrypt, CN=YR2"
lark.pmel.noaa.gov,No,Yes,3,1,2025-09-12T00:00:00,2026-10-13T23:59:59,20977242448;20976430174;20976430097,"C=US, O=DigiCert Inc, CN=DigiCert Global G2 TLS RSA SHA256 2020 CA1"
ldap.woc.noaa.gov,Yes,Yes,2,1,2026-08-17T10:12:38,2026-11-15T10:12:37,28901100221;28901098520,"C=US, O=Let's Encrypt, CN=YR1"
ldm2.woc.noaa.gov,Yes,Yes,4,2,2026-08-17T10:12:38,2026-11-15T10:12:43,28901100221;28901098520;28929389137;29036188074,"C=US, O=Let's Encrypt, CN=YR1;C=US, O=Let's Encrypt, CN=YR2"
legacy.esrl.noaa.gov,Yes,Yes,2,1,2026-07-10T00:00:00,2026-10-08T23:59:59,27823787112;27823790513,"C=AT, O=ZeroSSL GmbH, CN=ZeroSSL RSA DV SSL CA 2"
legislative.noaa.gov,No,Yes,2,1,2026-08-16T03:04:51,2026-11-14T03:04:50,28872487198;28872490104,"C=US, O=Let's Encrypt, CN=YR2"
libguides.library.noaa.gov,No,Yes,4,2,2026-08-16T22:19:45,2026-11-23T12:18:52,28890067150;29182907359;28890068499;29070844105,"C=US, O=Let's Encrypt, CN=YR2;C=US, O=Let's Encrypt, CN=YE1"
library.noaa.gov,Yes,Yes,2,1,2026-08-25T12:18:53,2026-11-23T12:18:52,29182907359;29070844105,"C=US, O=Let's Encrypt, CN=YE1"
linguine.pmel.noaa.gov,No,Yes,3,1,2025-09-12T00:00:00,2026-10-13T23:59:59,20977242448;20976430174;20976430097,"C=US, O=DigiCert Inc, CN=DigiCert Global G2 TLS RSA SHA256 2020 CA1"
lionhead.pmel.noaa.gov,No,Yes,4,1,2025-09-12T00:00:00,2026-10-13T23:59:59,20977242448;20976430097;20976430174;21254043591,"C=US, O=DigiCert Inc, CN=DigiCert Global G2 TLS RSA SHA256 2020 CA1"
list.woc.noaa.gov,Yes,Yes,2,1,2026-07-20T03:02:20,2026-10-18T03:02:19,28082122074;28082116231,"C=US, O=Let's Encrypt, CN=YR1"
lm-int-mgmt.pmel.noaa.gov,No,Yes,3,1,2025-09-12T00:00:00,2026-10-13T23:59:59,20977242448;20976430174;20976430097,"C=US, O=DigiCert Inc, CN=DigiCert Global G2 TLS RSA SHA256 2020 CA1"
loadmaster167.pmel.noaa.gov,No,Yes,3,1,2025-09-12T00:00:00,2026-10-13T23:59:59,20977242448;20976430174;20976430097,"C=US, O=DigiCert Inc, CN=DigiCert Global G2 TLS RSA SHA256 2020 CA1"
localonly.nefsc.noaa.gov,No,Yes,6,2,2026-04-09T00:00:00,2026-10-31T23:59:59,25528596533;25456682906;25456698325;25547299431;25547316029;25705344977,"C=US, O=DigiCert Inc, CN=DigiCert Global G3 TLS ECC SHA384 2020 CA1;C=US, O=DigiCert Inc, CN=DigiCert Global G2 TLS RSA SHA256 2020 CA1"
loch.pmel.noaa.gov,No,Yes,7,1,2025-09-12T00:00:00,2026-10-13T23:59:59,20977242448;20976430097;20979386850;23063015363;20976430174;20977992906;21037150454,"C=US, O=DigiCert Inc, CN=DigiCert Global G2 TLS RSA SHA256 2020 CA1"
lstsrv.ncep.noaa.gov,No,Yes,3,1,2026-05-21T21:44:52,2026-12-11T20:45:54,26532526621;26689796855;28496658134,"C=US, ST=Arizona, L=Scottsdale, O=""GoDaddy.com, Inc."", OU=http://certs.godaddy.com/repository/, CN=Go Daddy Secure Certificate Authority - G2"
m.cameochemicals.noaa.gov,Yes,Yes,2,1,2025-11-19T19:32:29,2026-12-21T19:32:28,22598254874;22601769007,"C=BE, O=GlobalSign nv-sa, CN=GlobalSign GCC R6 AlphaSSL CA 2025"
m.nauticalcharts.noaa.gov,Yes,Yes,3,2,2026-04-30T00:00:00,2026-11-14T23:59:59,25930881745;25959810606;26055399460,"C=US, O=Amazon, CN=Amazon RSA 2048 M04;C=US, O=Amazon, CN=Amazon RSA 2048 M01"
m.nauticalcharts.woc.noaa.gov,Yes,Yes,3,1,2026-05-18T00:00:00,2026-12-02T23:59:59,26428491061;26429798434;26497462264,"C=US, O=Amazon, CN=Amazon RSA 2048 M04"
maas.ctc.nwave.noaa.gov,Yes,Yes,4,1,2026-08-01T22:31:26,2026-10-31T10:29:47,28447305542;28447311847;28460004738;28460012130,"C=US, O=Let's Encrypt, CN=YR2"
maas.nwave.noaa.gov,No,Yes,4,1,2026-08-01T22:31:26,2026-10-31T10:29:47,28447305542;28447311847;28460004738;28460012130,"C=US, O=Let's Encrypt, CN=YR2"
madis-bldr.ncep.noaa.gov,No,Yes,1,1,2026-05-21T19:20:13,2026-12-05T19:20:13,26528860861,"C=US, ST=Arizona, L=Scottsdale, O=""GoDaddy.com, Inc."", OU=http://certs.godaddy.com/repository/, CN=Go Daddy Secure Certificate Authority - G2"
madis-cprk.ncep.noaa.gov,No,Yes,1,1,2026-05-21T19:20:13,2026-12-05T19:20:13,26528860861,"C=US, ST=Arizona, L=Scottsdale, O=""GoDaddy.com, Inc."", OU=http://certs.godaddy.com/repository/, CN=Go Daddy Secure Certificate Authority - G2"
madis.ncep.noaa.gov,No,Yes,3,2,2026-05-21T19:20:13,2026-12-05T19:20:13,28494560988;26528860861;28494560539,"C=US, ST=Arizona, L=Scottsdale, O=""GoDaddy.com, Inc."", OU=http://certs.godaddy.com/repository/, CN=Go Daddy Secure Certificate Authority - G2;C=US, O=Let's Encrypt, CN=YR2"
madisqa-data.ncep.noaa.gov,No,Yes,4,2,2026-08-03T13:00:21,2026-11-11T14:31:30,28810944352;28808933938;28494560988;28494560539,"C=US, O=Let's Encrypt, CN=YR1;C=US, O=Let's Encrypt, CN=YR2"
madisqa.ncep.noaa.gov,No,Yes,4,2,2026-08-03T13:00:21,2026-11-11T14:31:30,28810944352;28808933938;28494560988;28494560539,"C=US, O=Let's Encrypt, CN=YR1;C=US, O=Let's Encrypt, CN=YR2"
manati.star.nesdis.noaa.gov,Yes,Yes,4,2,2026-07-24T17:37:19,2026-11-20T00:03:14,29012010110;28218347350;28218347101;29012008015,"C=US, O=Let's Encrypt, CN=YR1;C=US, O=Let's Encrypt, CN=YR2"
map-builder.bldc.nwave.noaa.gov,Yes,Yes,4,1,2026-07-16T06:46:44,2026-10-14T08:09:23,27978040984;27976217789;27976217770;27978047463,"C=US, O=Let's Encrypt, CN=YR2"
map-builder.nwave.noaa.gov,No,Yes,12,2,2026-07-16T06:46:44,2026-10-19T16:22:08,27976217789;28070357727;28099792261;27978047463;27978040984;28070355755;28129810243;28099796899;28129815030;28117090903;28117085242;27976217770,"C=US, O=Let's Encrypt, CN=YR1;C=US, O=Let's Encrypt, CN=YR2"
maps.coast.noaa.gov,No,Yes,2,1,2026-08-23T07:22:27,2026-11-21T07:22:26,29158613466;29397187463,"C=US, O=Let's Encrypt, CN=YR2"
maps.coastalscience.noaa.gov,Yes,Yes,2,1,2026-08-01T08:28:20,2026-10-30T08:28:19,28431923582;28431919485,"C=US, O=Let's Encrypt, CN=YR1"
maps.dev.coast.noaa.gov,No,Yes,2,1,2026-07-19T06:32:45,2026-10-17T06:32:44,28058325359;28058320198,"C=US, O=Let's Encrypt, CN=YR1"
maps.fisheries.noaa.gov,Yes,Yes,2,1,2026-04-29T00:00:00,2026-11-12T23:59:59,25896389236;26046695201,"C=US, O=Amazon, CN=Amazon RSA 2048 M01"
maps1.coast.noaa.gov,No,Yes,2,1,2026-08-23T07:22:27,2026-11-21T07:22:26,29158613466;29397187463,"C=US, O=Let's Encrypt, CN=YR2"
maps1.dev.coast.noaa.gov,No,Yes,2,1,2026-07-19T06:32:45,2026-10-17T06:32:44,28058325359;28058320198,"C=US, O=Let's Encrypt, CN=YR1"
maps2.coast.noaa.gov,No,Yes,2,1,2026-08-23T07:22:27,2026-11-21T07:22:26,29158613466;29397187463,"C=US, O=Let's Encrypt, CN=YR2"
maps2.dev.coast.noaa.gov,No,Yes,2,1,2026-07-19T06:32:45,2026-10-17T06:32:44,28058325359;28058320198,"C=US, O=Let's Encrypt, CN=YR1"
mapservices.weather.noaa.gov,Yes,Yes,1,1,2025-10-28T12:22:14,2026-11-29T12:22:14,22061558826,"C=US, ST=Arizona, L=Scottsdale, O=""GoDaddy.com, Inc."", OU=http://certs.godaddy.com/repository/, CN=Go Daddy Secure Certificate Authority - G2"
marble.pmel.noaa.gov,No,Yes,3,1,2025-09-12T00:00:00,2026-10-13T23:59:59,20977242448;20976430174;20976430097,"C=US, O=DigiCert Inc, CN=DigiCert Global G2 TLS RSA SHA256 2020 CA1"
maremoto.pmel.noaa.gov,No,Yes,3,1,2025-09-12T00:00:00,2026-10-13T23:59:59,20977242448;20976430174;20976430097,"C=US, O=DigiCert Inc, CN=DigiCert Global G2 TLS RSA SHA256 2020 CA1"
marine.pmel.noaa.gov,No,Yes,5,1,2025-09-12T00:00:00,2026-10-13T23:59:59,20977242448;20976430097;20979386850;20976430174;20977992906,"C=US, O=DigiCert Inc, CN=DigiCert Global G2 TLS RSA SHA256 2020 CA1"
marinecadastre.dev.coast.noaa.gov,No,Yes,2,1,2026-07-19T06:32:45,2026-10-17T06:32:44,28058325359;28058320198,"C=US, O=Let's Encrypt, CN=YR1"
marineprotectedareas.noaa.gov,Yes,Yes,2,1,2026-08-01T05:37:58,2026-10-30T05:37:57,28428724824;28428732147,"C=US, O=Let's Encrypt, CN=YR2"
marineresponse.fisheries.noaa.gov,No,Yes,8,2,2026-07-17T18:19:18,2026-11-23T18:42:03,29249985447;28019527451;29067215286;28189897208;28019530271;29075163185;28189896256;29093044714,"C=US, O=Let's Encrypt, CN=YR1;C=US, O=Let's Encrypt, CN=YR2"
marinerhiring.noaa.gov,Yes,Yes,2,1,2026-06-04T00:00:00,2026-12-19T23:59:59,26890500670;27054284945,"C=US, O=DigiCert Inc, CN=DigiCert Global G2 TLS RSA SHA256 2020 CA1"
mate.pmel.noaa.gov,No,Yes,4,1,2025-09-12T00:00:00,2026-10-13T23:59:59,20977242448;20976430097;20976430174;21254043591,"C=US, O=DigiCert Inc, CN=DigiCert Global G2 TLS RSA SHA256 2020 CA1"
mats-dev.gsd.esrl.noaa.gov,Yes,Yes,1,1,2026-09-01T19:43:03,2026-11-30T19:43:02,29241099100,"C=US, O=Let's Encrypt, CN=YR2"
mats-docker-dev.gsd.esrl.noaa.gov,Yes,Yes,2,1,2026-08-01T13:02:33,2026-10-30T13:02:32,28436919117;28436912254,"C=US, O=Let's Encrypt, CN=YR2"
mats-docker-int.gsd.esrl.noaa.gov,Yes,Yes,2,1,2026-07-29T09:07:05,2026-10-27T09:07:04,28347053163;28347042940,"C=US, O=Let's Encrypt, CN=YR2"
mats-docker-preint.gsd.esrl.noaa.gov,Yes,Yes,2,1,2026-07-28T23:10:50,2026-10-26T23:10:49,28334821602;28334817444,"C=US, O=Let's Encrypt, CN=YR1"
mats-docker.gsd.esrl.noaa.gov,Yes,Yes,2,1,2026-08-01T09:03:12,2026-10-30T09:03:11,28432502627;28432511918,"C=US, O=Let's Encrypt, CN=YR1"
mats-docs.gsl.noaa.gov,Yes,Yes,4,2,2026-08-18T20:52:48,2026-11-16T20:52:57,28964716461;28938425140;28955308480;29089964169,"C=US, O=Let's Encrypt, CN=YR1;C=US, O=Let's Encrypt, CN=YE2"
mats-int.gsd.esrl.noaa.gov,Yes,Yes,2,1,2026-08-13T23:08:29,2026-11-11T23:08:28,28878330103;28832942551,"C=US, O=Let's Encrypt, CN=YR1"
mats-preint.gsd.esrl.noaa.gov,Yes,Yes,2,1,2026-09-01T19:43:46,2026-11-30T19:43:45,29241004382;29241092760,"C=US, O=Let's Encrypt, CN=YR2"
mats-prod.gsd.esrl.noaa.gov,Yes,Yes,2,1,2026-07-28T23:11:35,2026-10-26T23:11:34,28334853390;28334901255,"C=US, O=Let's Encrypt, CN=YR1"
maven.github.nwave.noaa.gov,No,Yes,4,2,2026-07-17T07:01:06,2026-10-17T08:08:12,28060184600;28005784207;28060165929;28005791772,"C=US, O=Let's Encrypt, CN=YE1;C=US, O=Let's Encrypt, CN=YE2"
mcp-01.bldc.nwave.noaa.gov,No,Yes,4,1,2026-07-31T19:50:23,2026-10-29T22:28:52,28420831683;28417887008;28417889449;28420828824,"C=US, O=Let's Encrypt, CN=YE2"
mcp.nwave.noaa.gov,Yes,Yes,4,1,2026-07-31T19:50:23,2026-10-29T22:28:52,28420831683;28417887008;28417889449;28420828824,"C=US, O=Let's Encrypt, CN=YE2"
mdl.nws.noaa.gov,Yes,Yes,1,1,2026-05-13T00:00:00,2026-11-26T23:59:59,26298153558,"C=US, O=Amazon, CN=Amazon RSA 2048 M01"
media.fisheries.noaa.gov,No,Yes,14,4,2026-04-09T00:00:00,2026-11-23T18:42:03,25528596533;29249985447;25456682906;28019527451;25456698325;25547299431;25547316029;29067215286;28189897208;28019530271;25705344977;29075163185;28189896256;29093044714,"C=US, O=Let's Encrypt, CN=YR1;C=US, O=Let's Encrypt, CN=YR2;C=US, O=DigiCert Inc, CN=DigiCert Global G2 TLS RSA SHA256 2020 CA1;C=US, O=DigiCert Inc, CN=DigiCert Global G3 TLS ECC SHA384 2020 CA1"
media.github.nwave.noaa.gov,No,Yes,4,2,2026-07-17T07:01:06,2026-10-17T08:08:12,28060184600;28005784207;28060165929;28005791772,"C=US, O=Let's Encrypt, CN=YE1;C=US, O=Let's Encrypt, CN=YE2"
medusa.pmel.noaa.gov,No,Yes,3,1,2025-09-12T00:00:00,2026-10-13T23:59:59,20977242448;20976430174;20976430097,"C=US, O=DigiCert Inc, CN=DigiCert Global G2 TLS RSA SHA256 2020 CA1"
merge1.pmel.noaa.gov,No,Yes,3,1,2025-09-12T00:00:00,2026-10-13T23:59:59,20977242448;20976430174;20976430097,"C=US, O=DigiCert Inc, CN=DigiCert Global G2 TLS RSA SHA256 2020 CA1"
merge2.pmel.noaa.gov,No,Yes,3,1,2025-09-12T00:00:00,2026-10-13T23:59:59,20977242448;20976430174;20976430097,"C=US, O=DigiCert Inc, CN=DigiCert Global G2 TLS RSA SHA256 2020 CA1"
merge3.pmel.noaa.gov,No,Yes,3,1,2025-09-12T00:00:00,2026-10-13T23:59:59,20977242448;20976430174;20976430097,"C=US, O=DigiCert Inc, CN=DigiCert Global G2 TLS RSA SHA256 2020 CA1"
metrics.epic.noaa.gov,Yes,Yes,2,1,2026-03-26T00:00:00,2026-10-09T23:59:59,25227563291;25223494081,"C=US, O=Amazon, CN=Amazon RSA 2048 M04"
metv-gsd.gsd.esrl.noaa.gov,Yes,Yes,2,1,2026-07-28T23:12:25,2026-10-26T23:12:24,28334861240;28334883864,"C=US, O=Let's Encrypt, CN=YR1"
mgmt.pmel.noaa.gov,No,Yes,3,1,2025-09-12T00:00:00,2026-10-13T23:59:59,20977242448;20976430174;20976430097,"C=US, O=DigiCert Inc, CN=DigiCert Global G2 TLS RSA SHA256 2020 CA1"
minerals.pmel.noaa.gov,No,Yes,6,1,2025-09-12T00:00:00,2026-10-13T23:59:59,20977242448;20976430097;20979386850;20976430174;20977992906;23062986168,"C=US, O=DigiCert Inc, CN=DigiCert Global G2 TLS RSA SHA256 2020 CA1"
minio1.gsd.esrl.noaa.gov,Yes,Yes,2,1,2026-07-29T09:07:53,2026-10-27T09:07:52,28347051910;28347057954,"C=US, O=Let's Encrypt, CN=YR2"
minio2.gsd.esrl.noaa.gov,Yes,Yes,2,1,2026-07-21T09:04:04,2026-10-19T09:04:03,28120187798;28120168874,"C=US, O=Let's Encrypt, CN=YR2"
miq-mmoir.gsd.esrl.noaa.gov,Yes,Yes,2,1,2026-07-11T23:15:48,2026-10-09T23:15:47,27863689377;27863690408,"C=US, O=Let's Encrypt, CN=YR2"
miq-prod.gsd.esrl.noaa.gov,Yes,Yes,2,1,2026-07-29T09:08:42,2026-10-27T09:08:41,28347075303;28347077310,"C=US, O=Let's Encrypt, CN=YR1"
misc-relay.nwave.noaa.gov,No,Yes,5,2,2026-07-10T04:09:14,2026-12-06T22:24:48,27822943134;27832044970;27832039178;29448077575;27822941930,"C=US, O=Let's Encrypt, CN=YR1;C=US, O=Let's Encrypt, CN=YR2"
misc-stage.bldc.nwave.noaa.gov,Yes,Yes,6,1,2026-07-07T19:13:50,2026-12-05T04:12:26,29390551554;29375040890;27778919618;27764759820;27778914386;27764759632,"C=US, O=Let's Encrypt, CN=YE2"
misc-stage.ctc.nwave.noaa.gov,Yes,Yes,4,1,2026-07-10T08:58:38,2026-10-08T18:57:05,27838537059;27827875653;27838538168;27827872407,"C=US, O=Let's Encrypt, CN=YE2"
misc.bldc.nwave.noaa.gov,No,Yes,13,2,2026-07-07T12:46:59,2026-12-06T22:24:48,27773731031;27757968662;29399504065;27822943134;27773730261;27832044970;29371142355;27832039178;29391383877;29371142365;29448077575;27757975173;27822941930,"C=US, O=Let's Encrypt, CN=YR1;C=US, O=Let's Encrypt, CN=YR2"
misc.boul.nwave.noaa.gov,No,Yes,12,2,2026-07-07T19:03:39,2026-12-06T22:24:48,27782903910;27822943134;27764586980;27832044970;27782903225;27832039178;27764572019;29409471890;29399541092;27822941930;29448077575;29391375201,"C=US, O=Let's Encrypt, CN=YR1;C=US, O=Let's Encrypt, CN=YR2"
misc.ctc.nwave.noaa.gov,No,Yes,11,2,2026-07-09T04:07:15,2026-12-06T22:24:48,27827837633;29400451266;29400525155;27822943134;27798192486;27832044970;27832039178;27798194400;29448077575;27827848186;27822941930,"C=US, O=Let's Encrypt, CN=YR1;C=US, O=Let's Encrypt, CN=YR2"
mmhsrp.nmfs.noaa.gov,No,Yes,8,3,2026-04-09T00:00:00,2026-10-31T23:59:59,25528596533;25456682906;25456698325;28299357218;25547299431;25547316029;25705344977;28299361868,"C=US, O=DigiCert Inc, CN=DigiCert Global G3 TLS ECC SHA384 2020 CA1;C=US, O=Let's Encrypt, CN=YR2;C=US, O=DigiCert Inc, CN=DigiCert Global G2 TLS RSA SHA256 2020 CA1"
model-vxtest.gsd.esrl.noaa.gov,Yes,Yes,2,1,2026-08-21T07:17:22,2026-11-19T07:17:21,29215339669;29058584078,"C=US, O=Let's Encrypt, CN=YR1"
modelizeit.shared.oarcloud.noaa.gov,Yes,Yes,2,1,2026-05-12T00:00:00,2026-11-25T23:59:59,26292153099;26296766590,"C=US, O=Amazon, CN=Amazon RSA 2048 M01"
moms-test.omao.noaa.gov,Yes,Yes,2,1,2026-06-17T00:00:00,2026-12-17T23:59:59,27256947367;27334149573,"C=US, O=DigiCert Inc, OU=www.digicert.com, CN=GeoTrust TLS RSA CA G1"
moms.omao.noaa.gov,Yes,Yes,2,1,2026-06-17T00:00:00,2026-12-17T23:59:59,27267552220;27338902969,"C=US, O=DigiCert Inc, OU=www.digicert.com, CN=GeoTrust TLS RSA CA G1"
mon-new.bldc.nwave.noaa.gov,No,Yes,4,1,2026-07-18T17:00:26,2026-10-17T06:36:57,28044282545;28058392080;28058394296;28044279046,"C=US, O=Let's Encrypt, CN=YR2"
mon-new.boul.nwave.noaa.gov,Yes,Yes,7,2,2026-07-08T04:16:23,2026-12-06T10:18:54,27773927364;29422878844;29375173643;27773933018;27803246216;27803245287;29422879425,"C=US, O=Let's Encrypt, CN=YR1;C=US, O=Let's Encrypt, CN=YR2"
mon-new.ctc.nwave.noaa.gov,Yes,Yes,4,1,2026-07-17T16:40:36,2026-10-17T08:15:14,28017449479;28017440563;28060315344;28060326374,"C=US, O=Let's Encrypt, CN=YR2"
mon-probe-silv.bldc.nwave.noaa.gov,Yes,Yes,6,2,2026-07-07T19:15:18,2026-12-05T13:24:06,27764782694;27764773142;29375206751;29408270499;27778906854;27778916201,"C=US, O=Let's Encrypt, CN=YR1;C=US, O=Let's Encrypt, CN=YR2"
mon-probe-silv.ctc.nwave.noaa.gov,Yes,Yes,4,2,2026-07-16T16:23:49,2026-10-15T08:12:00,27988335167;28007318909;27988339144;28007315058,"C=US, O=Let's Encrypt, CN=YR1;C=US, O=Let's Encrypt, CN=YR2"
mon-probe-silv2.bldc.nwave.noaa.gov,Yes,Yes,6,2,2026-07-08T09:05:04,2026-12-06T22:24:54,29402177853;27778952452;27813617945;27813616241;29448074089;27778951199,"C=US, O=Let's Encrypt, CN=YR1;C=US, O=Let's Encrypt, CN=YR2"
mon-probe-silv2.ctc.nwave.noaa.gov,Yes,Yes,4,1,2026-07-16T06:48:12,2026-10-14T08:09:27,27978039342;27976252023;27978048120;27976247956,"C=US, O=Let's Encrypt, CN=YR2"
mon-probe.silv.nwave.noaa.gov,Yes,Yes,4,2,2026-07-14T12:47:02,2026-10-14T08:09:31,27927418282;27927421903;27978050028;27978037215,"C=US, O=Let's Encrypt, CN=YR1;C=US, O=Let's Encrypt, CN=YR2"
mon-probe.silv2.nwave.noaa.gov,Yes,Yes,6,2,2026-07-08T04:19:05,2026-12-06T06:12:24,27773977092;27778950897;29409592807;29417856228;27778952049;27773977844,"C=US, O=Let's Encrypt, CN=YR1;C=US, O=Let's Encrypt, CN=YR2"
mon-silv.bldc.nwave.noaa.gov,No,Yes,4,1,2026-07-18T17:00:26,2026-10-17T06:36:57,28044282545;28058392080;28058394296;28044279046,"C=US, O=Let's Encrypt, CN=YR2"
mon-silv.boul.nwave.noaa.gov,No,Yes,7,2,2026-07-08T04:16:23,2026-12-06T10:18:54,27773927364;29422878844;29375173643;27773933018;27803246216;27803245287;29422879425,"C=US, O=Let's Encrypt, CN=YR1;C=US, O=Let's Encrypt, CN=YR2"
mon-silv.ctc.nwave.noaa.gov,No,Yes,4,1,2026-07-17T16:40:36,2026-10-17T08:15:14,28017449479;28017440563;28060315344;28060326374,"C=US, O=Let's Encrypt, CN=YR2"
mon-silv.nwave.noaa.gov,No,Yes,15,2,2026-07-08T04:16:23,2026-12-06T10:18:54,28017449479;27773927364;29422878844;28060326374;28060315344;28058394296;28017440563;28044282545;29375173643;27773933018;28058392080;27803246216;28044279046;27803245287;29422879425,"C=US, O=Let's Encrypt, CN=YR1;C=US, O=Let's Encrypt, CN=YR2"
mon-silv2.bldc.nwave.noaa.gov,No,Yes,4,1,2026-07-18T17:00:26,2026-10-17T06:36:57,28044282545;28058392080;28058394296;28044279046,"C=US, O=Let's Encrypt, CN=YR2"
mon-silv2.boul.nwave.noaa.gov,No,Yes,7,2,2026-07-08T04:16:23,2026-12-06T10:18:54,27773927364;29422878844;29375173643;27773933018;27803246216;27803245287;29422879425,"C=US, O=Let's Encrypt, CN=YR1;C=US, O=Let's Encrypt, CN=YR2"
mon-silv2.ctc.nwave.noaa.gov,No,Yes,4,1,2026-07-17T16:40:36,2026-10-17T08:15:14,28017449479;28017440563;28060315344;28060326374,"C=US, O=Let's Encrypt, CN=YR2"
mon-silv2.nwave.noaa.gov,No,Yes,15,2,2026-07-08T04:16:23,2026-12-06T10:18:54,28017449479;27773927364;29422878844;28060326374;28060315344;28058394296;28017440563;28044282545;29375173643;27773933018;28058392080;27803246216;28044279046;27803245287;29422879425,"C=US, O=Let's Encrypt, CN=YR1;C=US, O=Let's Encrypt, CN=YR2"
mon.bldc.nwave.noaa.gov,Yes,Yes,4,1,2026-07-18T17:00:26,2026-10-17T06:36:57,28044282545;28058392080;28058394296;28044279046,"C=US, O=Let's Encrypt, CN=YR2"
mon.boul.nwave.noaa.gov,No,Yes,12,2,2026-07-08T04:16:23,2026-12-06T10:18:54,27773927364;29422878844;28058394296;28044282545;29375173643;27773933018;28058392080;27803246216;29340257285;28044279046;27803245287;29422879425,"C=US, O=Let's Encrypt, CN=YR1;C=US, O=Let's Encrypt, CN=YR2"
mon.ctc.nwave.noaa.gov,No,Yes,8,1,2026-07-17T16:40:36,2026-10-17T08:15:14,28017449479;28060315344;28058394296;28060326374;28017440563;28044282545;28058392080;28044279046,"C=US, O=Let's Encrypt, CN=YR2"
mon.nwave.noaa.gov,No,Yes,15,2,2026-07-08T04:16:23,2026-12-06T10:18:54,28017449479;27773927364;29422878844;28060326374;28060315344;28058394296;28017440563;28044282545;29375173643;27773933018;28058392080;27803246216;28044279046;27803245287;29422879425,"C=US, O=Let's Encrypt, CN=YR1;C=US, O=Let's Encrypt, CN=YR2"
mon.silv.nwave.noaa.gov,No,Yes,4,2,2026-07-14T12:47:02,2026-10-14T08:09:31,27927418282;27927421903;27978050028;27978037215,"C=US, O=Let's Encrypt, CN=YR1;C=US, O=Let's Encrypt, CN=YR2"
mon.silv2.nwave.noaa.gov,No,Yes,6,2,2026-07-08T04:19:05,2026-12-06T06:12:24,27773977092;27778950897;29409592807;29417856228;27778952049;27773977844,"C=US, O=Let's Encrypt, CN=YR1;C=US, O=Let's Encrypt, CN=YR2"
monitor.noaa.gov,Yes,Yes,2,1,2026-08-01T06:17:58,2026-10-30T06:17:57,28429497262;28429495525,"C=US, O=Let's Encrypt, CN=YR1"
montereybay.noaa.gov,Yes,Yes,2,1,2026-08-01T06:33:13,2026-10-30T06:33:12,28429751144;28429756974,"C=US, O=Let's Encrypt, CN=YR1"
moonfish-internal.nhc.noaa.gov,Yes,Yes,16,1,2026-07-12T00:00:00,2026-11-21T23:59:59,27950983947;29138516128;28891741122;27872671717;28261763579;28891736828;28061897616;27950984084;28061898577;29138515837;27872672253;28673609981;28261783024;28673600132;28921007229;28921008420,"C=AT, O=ZeroSSL GmbH, CN=ZeroSSL ECC DV SSL CA 2"
moonfish.nhc.noaa.gov,No,Yes,16,1,2026-07-12T00:00:00,2026-11-21T23:59:59,27950983947;29138516128;28891741122;27872671717;28261763579;28891736828;28061897616;27950984084;28061898577;29138515837;27872672253;28673609981;28261783024;28673600132;28921007229;28921008420,"C=AT, O=ZeroSSL GmbH, CN=ZeroSSL ECC DV SSL CA 2"
mrelay.cprk.ncep.noaa.gov,No,Yes,1,1,2026-05-21T19:20:13,2026-12-05T19:20:13,26528860861,"C=US, ST=Arizona, L=Scottsdale, O=""GoDaddy.com, Inc."", OU=http://certs.godaddy.com/repository/, CN=Go Daddy Secure Certificate Authority - G2"
mrelay.ncep.noaa.gov,No,Yes,1,1,2026-05-21T19:20:13,2026-12-05T19:20:13,26528860861,"C=US, ST=Arizona, L=Scottsdale, O=""GoDaddy.com, Inc."", OU=http://certs.godaddy.com/repository/, CN=Go Daddy Secure Certificate Authority - G2"
mrtg1.noc.noaa.gov,Yes,Yes,1,1,2026-07-22T00:00:00,2026-10-19T23:59:59,28150346486,"C=US, O=DigiCert Inc, OU=www.digicert.com, CN=Encryption Everywhere DV TLS CA - G2"
mslsson.nesdis.noaa.gov,Yes,Yes,2,1,2026-07-23T00:00:00,2026-10-21T23:59:59,28187967883;28187967593,"C=GB, O=Sectigo Limited, CN=Sectigo Public Server Authentication CA DV R36"
mslvhs.nesdis.noaa.gov,Yes,Yes,2,1,2026-07-23T00:00:00,2026-10-21T23:59:59,28188009285;28188009550,"C=GB, O=Sectigo Limited, CN=Sectigo Public Server Authentication CA DV R36"
mta.noaa.gov,Yes,Yes,2,1,2026-04-08T00:00:00,2026-10-23T23:59:59,25446530847;25447437309,"C=US, O=DigiCert Inc, CN=DigiCert Global G2 TLS RSA SHA256 2020 CA1"
mule.pmel.noaa.gov,No,Yes,3,1,2025-09-12T00:00:00,2026-10-13T23:59:59,20977242448;20976430174;20976430097,"C=US, O=DigiCert Inc, CN=DigiCert Global G2 TLS RSA SHA256 2020 CA1"
munki.psl.noaa.gov,Yes,Yes,2,1,2026-08-31T15:41:05,2026-11-29T15:41:04,29198753449;29198809486,"C=US, O=Let's Encrypt, CN=YE1"
munkireport.psl.noaa.gov,Yes,Yes,1,1,2026-08-31T15:41:33,2026-11-29T15:41:32,29198797991,"C=US, O=Let's Encrypt, CN=YR2"
muster.pmel.noaa.gov,No,Yes,4,1,2025-09-12T00:00:00,2026-10-13T23:59:59,20977242448;20976430097;20976430174;21254043591,"C=US, O=DigiCert Inc, CN=DigiCert Global G2 TLS RSA SHA256 2020 CA1"
myna.pmel.noaa.gov,No,Yes,3,1,2025-09-12T00:00:00,2026-10-13T23:59:59,20977242448;20976430174;20976430097,"C=US, O=DigiCert Inc, CN=DigiCert Global G2 TLS RSA SHA256 2020 CA1"
mysql-stage.bldc.nwave.noaa.gov,Yes,Yes,4,1,2026-07-14T09:07:32,2026-10-12T19:12:49,27934934563;27934944759;27923003706;27923018255,"C=US, O=Let's Encrypt, CN=YE2"
mysql-stage.nwave.noaa.gov,Yes,Yes,4,2,2026-07-15T12:43:07,2026-10-14T08:09:36,27978064030;27954603655;27978063204;27954602209,"C=US, O=Let's Encrypt, CN=YE2;C=US, O=Let's Encrypt, CN=YE1"
mysql.bldc.nwave.noaa.gov,Yes,Yes,4,1,2026-07-20T16:53:36,2026-10-19T06:47:13,28117177111;28099823231;28117171871;28099819649,"C=US, O=Let's Encrypt, CN=YE1"
mysql.boul.nwave.noaa.gov,Yes,Yes,4,1,2026-07-19T16:25:03,2026-10-17T16:55:33,28069797611;28070364040;28070366731;28069804223,"C=US, O=Let's Encrypt, CN=YE2"
mysql.ctc.nwave.noaa.gov,Yes,Yes,4,1,2026-07-19T06:38:33,2026-10-18T08:10:36,28088404691;28058423823;28088413107;28058418909,"C=US, O=Let's Encrypt, CN=YE1"
mysql.nwave.noaa.gov,Yes,Yes,4,2,2026-07-19T08:16:44,2026-10-18T06:42:48,28086435868;28086429347;28060347652;28060342892,"C=US, O=Let's Encrypt, CN=YE1;C=US, O=Let's Encrypt, CN=YE2"
nac-er.pmel.noaa.gov,No,Yes,3,1,2025-09-12T00:00:00,2026-10-13T23:59:59,20977242448;20976430174;20976430097,"C=US, O=DigiCert Inc, CN=DigiCert Global G2 TLS RSA SHA256 2020 CA1"
nacmaster.pmel.noaa.gov,No,Yes,3,1,2025-09-12T00:00:00,2026-10-13T23:59:59,20977242448;20976430174;20976430097,"C=US, O=DigiCert Inc, CN=DigiCert Global G2 TLS RSA SHA256 2020 CA1"
nadir.pmel.noaa.gov,No,Yes,3,1,2025-09-12T00:00:00,2026-10-13T23:59:59,20977242448;20976430174;20976430097,"C=US, O=DigiCert Inc, CN=DigiCert Global G2 TLS RSA SHA256 2020 CA1"
national-systematics-lab.fisheries.noaa.gov,No,Yes,6,1,2026-07-27T17:59:53,2026-11-23T18:42:03,28299361868;29249985447;28299357218;29067215286;29075163185;29093044714,"C=US, O=Let's Encrypt, CN=YR2"
ncbo.noaa.gov,Yes,Yes,1,1,2026-05-31T00:00:00,2026-12-14T23:59:59,26771225609,"C=US, O=Amazon, CN=Amazon RSA 2048 M04"
ncc-test.star.nesdis.noaa.gov,Yes,Yes,2,1,2026-08-31T18:08:50,2026-11-29T18:08:49,29201807185;29201807618,"C=US, O=Let's Encrypt, CN=YR1"
ncc.nesdis.noaa.gov,Yes,Yes,2,1,2026-08-23T01:19:37,2026-11-21T01:19:36,29032591437;29022536394,"C=US, O=Let's Encrypt, CN=YR1"
ncdc.noaa.gov,No,Yes,2,1,2026-08-18T13:06:34,2026-11-16T13:06:33,28930978683;28976739004,"C=US, O=Let's Encrypt, CN=YR2"
ncei.noaa.gov,No,Yes,2,1,2026-08-18T13:06:43,2026-11-16T13:06:42,29077512606;28957025867,"C=US, O=Let's Encrypt, CN=YR2"
ncep.noaa.gov,Yes,Yes,5,2,2025-11-21T16:03:46,2026-12-11T20:45:54,29344527933;26532526621;28496658134;22644158695;26689796855,"C=US, ST=Arizona, L=Scottsdale, O=""GoDaddy.com, Inc."", OU=http://certs.godaddy.com/repository/, CN=Go Daddy Secure Certificate Authority - G2;C=US, O=Let's Encrypt, CN=YR2"
nco.ncep.noaa.gov,Yes,Yes,3,1,2026-05-21T21:44:52,2026-12-11T20:45:54,26532526621;26689796855;28496658134,"C=US, ST=Arizona, L=Scottsdale, O=""GoDaddy.com, Inc."", OU=http://certs.godaddy.com/repository/, CN=Go Daddy Secure Certificate Authority - G2"
ncrmp-data-entry.fisheries.noaa.gov,No,Yes,8,2,2026-07-17T18:19:18,2026-11-23T18:42:03,29249985447;28019527451;29067215286;28189897208;28019530271;29075163185;28189896256;29093044714,"C=US, O=Let's Encrypt, CN=YR1;C=US, O=Let's Encrypt, CN=YR2"
ncrmp.coralreef.noaa.gov,Yes,Yes,3,2,2026-07-07T11:57:43,2026-12-04T11:57:49,27757132281;27757126086;29372475902,"C=US, O=Let's Encrypt, CN=YE1;C=US, O=Let's Encrypt, CN=YE2"
nctr-intra.pmel.noaa.gov,No,Yes,3,1,2025-09-12T00:00:00,2026-10-13T23:59:59,20977242448;20976430174;20976430097,"C=US, O=DigiCert Inc, CN=DigiCert Global G2 TLS RSA SHA256 2020 CA1"
nctr-remote.pmel.noaa.gov,No,Yes,5,1,2025-09-12T00:00:00,2026-10-13T23:59:59,20977242448;20976430097;20979386850;20976430174;20977992906,"C=US, O=DigiCert Inc, CN=DigiCert Global G2 TLS RSA SHA256 2020 CA1"
nctr.pmel.noaa.gov,No,Yes,7,1,2025-09-12T00:00:00,2026-10-13T23:59:59,20977242448;20976430097;20979386850;23063015363;20976430174;20977992906;21037150454,"C=US, O=DigiCert Inc, CN=DigiCert Global G2 TLS RSA SHA256 2020 CA1"
ndbc.noaa.gov,Yes,Yes,5,3,2026-04-08T00:00:00,2026-12-04T23:59:59,25444751603;26804288388;26494285664;26804485399;29182374067,"C=US, O=DigiCert Inc, OU=www.digicert.com, CN=GeoTrust TLS RSA CA G1;C=US, O=Let's Encrypt, CN=YR2;C=US, O=Amazon, CN=Amazon RSA 2048 M04"
ndbc.woc.noaa.gov,Yes,Yes,2,1,2026-05-27T00:00:00,2026-12-10T23:59:59,26723263065;26683653429,"C=US, O=Amazon, CN=Amazon RSA 2048 M04"
ndl.noaa.gov,Yes,Yes,1,1,2026-03-26T00:00:00,2026-10-10T23:59:59,25238834056,"C=US, O=DigiCert Inc, CN=DigiCert Global G2 TLS RSA SHA256 2020 CA1"
nebula.pmel.noaa.gov,No,Yes,3,1,2025-09-12T00:00:00,2026-10-13T23:59:59,20977242448;20976430174;20976430097,"C=US, O=DigiCert Inc, CN=DigiCert Global G2 TLS RSA SHA256 2020 CA1"
nec-sso-test.water.noaa.gov,Yes,Yes,3,1,2026-05-01T00:00:00,2026-11-16T23:59:59,26071283949;25986356113;26039560359,"C=US, O=Amazon, CN=Amazon RSA 2048 M01"
nec-test.water.noaa.gov,Yes,Yes,2,1,2026-05-05T00:00:00,2026-11-18T23:59:59,26095902276;26105697947,"C=US, O=Amazon, CN=Amazon RSA 2048 M01"
nefsc.noaa.gov,No,Yes,8,3,2026-04-09T00:00:00,2026-10-31T23:59:59,25528596533;25456682906;25456698325;28299357218;25547299431;25547316029;25705344977;28299361868,"C=US, O=DigiCert Inc, CN=DigiCert Global G3 TLS ECC SHA384 2020 CA1;C=US, O=Let's Encrypt, CN=YR2;C=US, O=DigiCert Inc, CN=DigiCert Global G2 TLS RSA SHA256 2020 CA1"
nepa.noaa.gov,Yes,Yes,4,2,2026-07-09T03:33:11,2026-12-06T03:05:46,27797620372;29415598520;27797627067;29423713702,"C=US, O=Let's Encrypt, CN=YR1;C=US, O=Let's Encrypt, CN=YR2"
nesdis.noaa.gov,Yes,Yes,4,3,2025-09-04T00:00:00,2026-11-11T23:59:59,28299861685;21708228360;20785873544;28299863049,"C=US, O=Let's Encrypt, CN=YR1;C=US, O=DigiCert Inc, CN=DigiCert Global G2 TLS RSA SHA256 2020 CA1;C=US, O=Amazon, CN=Amazon RSA 2048 M01"
nessus-mgr.coast.noaa.gov,Yes,Yes,2,1,2026-08-23T07:15:57,2026-11-21T07:15:56,29026759308;29026760723,"C=US, O=Let's Encrypt, CN=YR1"
nessus.boul.nwave.noaa.gov,Yes,Yes,1,1,2026-09-02T21:05:17,2026-12-01T21:05:16,29284719705,"C=US, O=Let's Encrypt, CN=YR2"
nessus.silv2.nwave.noaa.gov,Yes,Yes,3,2,2026-09-02T06:14:48,2026-12-03T04:04:28,29331712524;29263431489;29263435594,"C=US, O=Let's Encrypt, CN=YR1;C=US, O=Let's Encrypt, CN=YR2"
net-vc.fsl.noaa.gov,Yes,Yes,2,1,2026-08-08T00:00:00,2026-11-06T23:59:59,28640619402;28640619301,"C=AT, O=ZeroSSL GmbH, CN=ZeroSSL RSA DV SSL CA 2"
netaccon.pmel.noaa.gov,No,Yes,4,1,2025-09-12T00:00:00,2026-10-13T23:59:59,20977242448;20976430174;21096032981;20976430097,"C=US, O=DigiCert Inc, CN=DigiCert Global G2 TLS RSA SHA256 2020 CA1"
netflow-data-dev.bldc.nwave.noaa.gov,Yes,Yes,4,1,2026-07-14T12:48:29,2026-10-12T23:40:39,27939900787;27927453594;27927451143;27939902172,"C=US, O=Let's Encrypt, CN=YR2"
netflow-data-dev.ctc.nwave.noaa.gov,Yes,Yes,4,1,2026-07-14T19:14:17,2026-10-13T08:59:10,27950153937;27934976270;27950157094;27934980827,"C=US, O=Let's Encrypt, CN=YR1"
netflow-data.bldc.nwave.noaa.gov,Yes,Yes,7,2,2026-07-08T04:20:33,2026-12-05T06:10:43,29390520961;27778951514;27774002224;29391412457;27778957633;27774001365;29399613878,"C=US, O=Let's Encrypt, CN=YR1;C=US, O=Let's Encrypt, CN=YR2"
netflow-data.ctc.nwave.noaa.gov,Yes,Yes,4,1,2026-07-14T19:15:45,2026-10-14T06:48:18,27976233540;27934998591;27934995203;27976249474,"C=US, O=Let's Encrypt, CN=YR2"
netflow-data2.bldc.nwave.noaa.gov,Yes,Yes,4,2,2026-07-16T06:49:46,2026-10-14T08:09:39,27976279485;27978066775;27976284096;27978061284,"C=US, O=Let's Encrypt, CN=YR1;C=US, O=Let's Encrypt, CN=YR2"
netflow-frontend-dev.bldc.nwave.noaa.gov,Yes,Yes,4,1,2026-07-12T19:17:41,2026-10-12T09:07:37,27923022425;27923019998;27881685605;27881688094,"C=US, O=Let's Encrypt, CN=YR2"
netflow-logstash.bldc.nwave.noaa.gov,Yes,Yes,4,1,2026-07-16T06:51:15,2026-10-14T16:48:49,27976308522;27988820560;27988823043;27976315110,"C=US, O=Let's Encrypt, CN=YR2"
netflow-processor.bldc.nwave.noaa.gov,Yes,Yes,4,1,2026-07-15T12:44:36,2026-10-14T08:09:43,27954623472;27978067318;27954627419;27978067366,"C=US, O=Let's Encrypt, CN=YR2"
netflow.nwave.noaa.gov,Yes,Yes,12,3,2026-07-11T23:42:50,2026-10-20T15:27:08,27881682973;27872195754;28157497576;27881689520;27864129206;28117262676;27872203187;27872193128;27872201616;28157501934;27864138599;28117258500,"C=US, O=Let's Encrypt, CN=YR1;C=US, O=Let's Encrypt, CN=YE2;C=US, O=Let's Encrypt, CN=YE1"
netservices.pmel.noaa.gov,Yes,Yes,4,1,2025-09-12T00:00:00,2026-10-13T23:59:59,20977242448;20976430174;21096032981;20976430097,"C=US, O=DigiCert Inc, CN=DigiCert Global G2 TLS RSA SHA256 2020 CA1"
netservicesnewp.pmel.noaa.gov,No,Yes,4,1,2025-09-12T00:00:00,2026-10-13T23:59:59,20977242448;20976430174;21096032981;20976430097,"C=US, O=DigiCert Inc, CN=DigiCert Global G2 TLS RSA SHA256 2020 CA1"
network-troubleshooter-new.bldc.nwave.noaa.gov,Yes,Yes,4,2,2026-07-18T06:47:40,2026-10-16T08:09:07,28034704189;28034697849;28033143859;28033156616,"C=US, O=Let's Encrypt, CN=YE2;C=US, O=Let's Encrypt, CN=YE1"
network-troubleshooter.bldc.nwave.noaa.gov,No,Yes,4,2,2026-07-18T06:47:40,2026-10-16T08:09:07,28034704189;28034697849;28033143859;28033156616,"C=US, O=Let's Encrypt, CN=YE2;C=US, O=Let's Encrypt, CN=YE1"
network-troubleshooter.nwave.noaa.gov,Yes,Yes,4,1,2026-07-18T16:20:51,2026-10-18T08:10:42,28088413806;28043665183;28043659491;28088408719,"C=US, O=Let's Encrypt, CN=YR2"
network.fsl.noaa.gov,Yes,Yes,2,1,2026-07-20T05:13:35,2026-10-18T05:13:34,28084638314;28084628152,"C=US, O=Let's Encrypt, CN=YR1"
nexus.awips-refactor-dev.vlab.nws.noaa.gov,No,Yes,2,1,2026-05-30T00:00:00,2026-12-13T23:59:59,26747405041;26790539156,"C=US, O=Amazon, CN=Amazon RSA 2048 M01"
nfig-dev.haes.noaa.gov,Yes,Yes,2,1,2026-04-24T00:00:00,2026-11-07T23:59:59,25751114216;26019730998,"C=US, O=Amazon, CN=Amazon RSA 2048 M04"
nfig-test.haes.noaa.gov,Yes,Yes,2,1,2026-07-14T00:08:40,2026-10-12T00:08:39,27912571456;27912577584,"C=US, O=Let's Encrypt, CN=YR2"
ngdc.noaa.gov,Yes,Yes,9,1,2025-11-21T00:00:00,2026-11-30T23:59:59,22645036451;22645131856;22645255660;22645375235;22645036172;22645374952;22644959575;22644864414;24039337785,"C=US, O=DigiCert Inc, CN=DigiCert Global G2 TLS RSA SHA256 2020 CA1"
ngfs-coordinator1.bldc.nwave.noaa.gov,Yes,Yes,8,2,2026-07-11T23:42:50,2026-10-10T19:17:45,27881682973;27872195754;27881689520;27864129206;27872193128;27872201616;27872203187;27864138599,"C=US, O=Let's Encrypt, CN=YE2;C=US, O=Let's Encrypt, CN=YE1"
ngfs-coordinator1.ctc.nwave.noaa.gov,Yes,Yes,4,2,2026-07-11T23:42:50,2026-10-10T09:03:19,27864138599;27864129206;27872203187;27872195754,"C=US, O=Let's Encrypt, CN=YE1;C=US, O=Let's Encrypt, CN=YE2"
ngfs-data.bldc.nwave.noaa.gov,Yes,Yes,4,1,2026-07-18T06:49:08,2026-10-16T08:09:11,28034700441;28034699264;28033187056;28033185236,"C=US, O=Let's Encrypt, CN=YR1"
ngfs-data.ctc.nwave.noaa.gov,Yes,Yes,4,1,2026-07-21T06:48:43,2026-10-19T08:11:45,28119136862;28117189960;28119129354;28117196967,"C=US, O=Let's Encrypt, CN=YR1"
ngfs-flow.bldc.nwave.noaa.gov,Yes,Yes,4,2,2026-07-19T16:27:47,2026-10-19T16:50:39,28069867984;28069864506;28130406954;28130405449,"C=US, O=Let's Encrypt, CN=YE1;C=US, O=Let's Encrypt, CN=YE2"
ngfs-flow.ctc.nwave.noaa.gov,Yes,Yes,4,2,2026-07-19T06:41:17,2026-10-18T16:53:41,28099820074;28058463906;28058458321;28099815628,"C=US, O=Let's Encrypt, CN=YE2;C=US, O=Let's Encrypt, CN=YE1"
ngfs-frontend.bldc.nwave.noaa.gov,No,Yes,4,1,2026-07-21T06:51:27,2026-10-20T15:27:08,28157497576;28117262676;28157501934;28117258500,"C=US, O=Let's Encrypt, CN=YR1"
ngfs-logstash.bldc.nwave.noaa.gov,No,Yes,4,2,2026-07-13T19:12:51,2026-10-13T08:59:16,27950151935;27907151104;27907152239;27950159604,"C=US, O=Let's Encrypt, CN=YR1;C=US, O=Let's Encrypt, CN=YR2"
ngfs-logstash.ctc.nwave.noaa.gov,No,Yes,4,1,2026-07-14T19:18:28,2026-10-13T08:59:20,27935062787;27935055610;27950155603;27950156918,"C=US, O=Let's Encrypt, CN=YR1"
ngfs-manager1.bldc.nwave.noaa.gov,Yes,Yes,4,2,2026-07-15T12:46:03,2026-10-14T08:09:46,27954646153;27978058191;27954643101;27978068377,"C=US, O=Let's Encrypt, CN=YE1;C=US, O=Let's Encrypt, CN=YE2"
ngfs-manager1.ctc.nwave.noaa.gov,Yes,Yes,7,2,2026-07-07T10:14:17,2026-12-05T13:24:12,27755375434;29391444158;29399529614;29391443712;27755376366;27778953164;27778957400,"C=US, O=Let's Encrypt, CN=YE2;C=US, O=Let's Encrypt, CN=YE1"
ngfs-rabbitmq.bldc.nwave.noaa.gov,Yes,Yes,4,1,2026-08-02T10:31:23,2026-10-31T22:30:41,28474708855;28474710055;28460042570;28460046725,"C=US, O=Let's Encrypt, CN=YR2"
ngfs-rabbitmq.ctc.nwave.noaa.gov,No,Yes,5,2,2026-07-08T09:07:59,2026-12-05T13:26:58,27798195222;29408353024;27779012922;27798192111;27779009004,"C=US, O=Let's Encrypt, CN=YR1;C=US, O=Let's Encrypt, CN=YR2"
ngfs-rabbitmq1.ctc.nwave.noaa.gov,Yes,Yes,4,2,2026-07-25T19:46:51,2026-10-23T22:29:12,28249903613;28249910991;28246999854;28247000818,"C=US, O=Let's Encrypt, CN=YE1;C=US, O=Let's Encrypt, CN=YE2"
ngfs-test-frontend.bldc.nwave.noaa.gov,Yes,Yes,4,2,2026-07-17T16:42:07,2026-10-16T17:00:32,28017476252;28044275016;28044282958;28017479725,"C=US, O=Let's Encrypt, CN=YR1;C=US, O=Let's Encrypt, CN=YR2"
ngfs-test-rabbitmq.bldc.nwave.noaa.gov,Yes,Yes,4,2,2026-07-17T08:13:32,2026-10-17T16:27:51,28007357804;28007350242;28069856361;28069864179,"C=US, O=Let's Encrypt, CN=YR1;C=US, O=Let's Encrypt, CN=YR2"
ngfs.frontend.bldc.nwave.noaa.gov,No,Yes,4,1,2026-07-21T06:51:27,2026-10-20T15:27:08,28157497576;28117262676;28157501934;28117258500,"C=US, O=Let's Encrypt, CN=YR1"
ngfs.logstash.bldc.nwave.noaa.gov,Yes,Yes,4,2,2026-07-13T19:12:51,2026-10-13T08:59:16,27950151935;27907151104;27907152239;27950159604,"C=US, O=Let's Encrypt, CN=YR1;C=US, O=Let's Encrypt, CN=YR2"
ngfs.logstash.ctc.nwave.noaa.gov,Yes,Yes,4,1,2026-07-14T19:18:28,2026-10-13T08:59:20,27935062787;27935055610;27950155603;27950156918,"C=US, O=Let's Encrypt, CN=YR1"
ngfs.rabbitmq.ctc.nwave.noaa.gov,Yes,Yes,5,2,2026-07-08T09:07:59,2026-12-05T13:26:58,27798195222;29408353024;27779012922;27798192111;27779009004,"C=US, O=Let's Encrypt, CN=YR1;C=US, O=Let's Encrypt, CN=YR2"
nhc-dev.vlab.noaa.gov,Yes,Yes,2,1,2026-06-08T00:00:00,2026-12-22T23:59:59,26985771064;26984964371,"C=US, O=Amazon, CN=Amazon RSA 2048 M01"
nhc-ls-nhcweb03.nhc.noaa.gov,No,Yes,15,1,2026-07-13T00:00:00,2026-11-29T23:59:59,28946767324;28285382483;29187090578;28868465028;28086315069;27893178737;28285376739;28485087173;27893179383;28005339974;28485087395;28698941892;28005340297;28698941582;28086315235,"C=AT, O=ZeroSSL GmbH, CN=ZeroSSL RSA DV SSL CA 2"
nhc-ls-www03.nhc.noaa.gov,No,Yes,24,1,2026-07-07T00:00:00,2026-12-13T23:59:59,28698941263;28542185829;29323490158;28698941708;28485087477;27893177920;28285380580;27744183978;28285404362;28573075997;29440939491;28485087480;27893179369;29355493430;28086313512;29187084702;28086309866;28542185521;28573076372;27825336059;28946704153;28946704334;27825336163;27744183938,"C=AT, O=ZeroSSL GmbH, CN=ZeroSSL RSA DV SSL CA 2"
nhc-ls-www2.nhc.noaa.gov,No,Yes,17,1,2026-07-08T00:00:00,2026-12-01T23:59:59,28141414595;28141413962;28545403050;28367482077;27942488757;28367480402;29254981884;28759642931;27771870655;28338612812;28759642648;27942488621;28992752703;28545402700;27771870370;28338615216;28992753229,"C=AT, O=ZeroSSL GmbH, CN=ZeroSSL RSA DV SSL CA 2"
nhc-lw-dev-tsb1.nhc.noaa.gov,No,Yes,17,1,2026-07-11T00:00:00,2026-12-04T23:59:59,28041652678;28651294676;28241114976;29106954954;28438678296;28651294025;29371464889;29166171497;29206964096;28393939649;27856283445;28041652043;29106955734;27856285191;28241122259;28393938818;28438677960,"C=AT, O=ZeroSSL GmbH, CN=ZeroSSL RSA DV SSL CA 2"
nhc-vm-dev-ucar1.nhc.noaa.gov,No,Yes,17,1,2026-07-11T00:00:00,2026-12-04T23:59:59,28041652678;28651294676;28241114976;29106954954;28438678296;28651294025;29371464889;29166171497;29206964096;28393939649;27856283445;28041652043;29106955734;27856285191;28241122259;28393938818;28438677960,"C=AT, O=ZeroSSL GmbH, CN=ZeroSSL RSA DV SSL CA 2"
nhc-vm-dev-ucar2.nhc.noaa.gov,Yes,Yes,14,1,2026-07-11T00:00:00,2026-12-04T23:59:59,28651294676;28241114976;29106954954;28438678296;28651294025;29371464889;29166171497;27856283445;28041652043;29106955734;27856285191;28241122259;28041652678;28438677960,"C=AT, O=ZeroSSL GmbH, CN=ZeroSSL RSA DV SSL CA 2"
nhc-vm-nhcweb01.nhc.noaa.gov,No,Yes,15,1,2026-07-13T00:00:00,2026-11-29T23:59:59,28946767324;28285382483;29187090578;28868465028;28086315069;27893178737;28285376739;28485087173;27893179383;28005339974;28485087395;28698941892;28005340297;28698941582;28086315235,"C=AT, O=ZeroSSL GmbH, CN=ZeroSSL RSA DV SSL CA 2"
nhc-vm-nhcweb02.nhc.noaa.gov,No,Yes,15,1,2026-07-13T00:00:00,2026-11-29T23:59:59,28946767324;28285382483;29187090578;28868465028;28086315069;27893178737;28285376739;28485087173;27893179383;28005339974;28485087395;28698941892;28005340297;28698941582;28086315235,"C=AT, O=ZeroSSL GmbH, CN=ZeroSSL RSA DV SSL CA 2"
nhc-vm-nhcweb03.nhc.noaa.gov,No,Yes,15,1,2026-07-13T00:00:00,2026-11-29T23:59:59,28946767324;28285382483;29187090578;28868465028;28086315069;27893178737;28285376739;28485087173;27893179383;28005339974;28485087395;28698941892;28005340297;28698941582;28086315235,"C=AT, O=ZeroSSL GmbH, CN=ZeroSSL RSA DV SSL CA 2"
nhc-vm-nhcwebdev01.nhc.noaa.gov,No,Yes,15,1,2026-07-13T00:00:00,2026-11-29T23:59:59,28946767324;28285382483;29187090578;28868465028;28086315069;27893178737;28285376739;28485087173;27893179383;28005339974;28485087395;28698941892;28005340297;28698941582;28086315235,"C=AT, O=ZeroSSL GmbH, CN=ZeroSSL RSA DV SSL CA 2"
nhc-vm-nhcwebdev02.nhc.noaa.gov,No,Yes,15,1,2026-07-13T00:00:00,2026-11-29T23:59:59,28946767324;28285382483;29187090578;28868465028;28086315069;27893178737;28285376739;28485087173;27893179383;28005339974;28485087395;28698941892;28005340297;28698941582;28086315235,"C=AT, O=ZeroSSL GmbH, CN=ZeroSSL RSA DV SSL CA 2"
nhc-vm-nhcwebdev03.nhc.noaa.gov,No,Yes,15,1,2026-07-13T00:00:00,2026-11-29T23:59:59,28946767324;28285382483;29187090578;28868465028;28086315069;27893178737;28285376739;28485087173;27893179383;28005339974;28485087395;28698941892;28005340297;28698941582;28086315235,"C=AT, O=ZeroSSL GmbH, CN=ZeroSSL RSA DV SSL CA 2"
nhc-vm-ssu-dev-gis01.nhc.noaa.gov,Yes,Yes,19,2,2026-07-07T02:01:37,2026-11-28T02:01:34,28308685293;29060125501;28726210994;28111335704;28512972587;28512949222;29155166360;27914687740;28914698805;27746623778;28111337091;29169217565;28726206906;28308685919;28367394672;27747363509;27914682961;28367392720;29377293316,"C=US, O=Let's Encrypt, CN=YR1;C=US, O=Let's Encrypt, CN=YR2"
nhc-vm-ssu-gis01.nhc.noaa.gov,Yes,Yes,13,1,2026-07-12T00:00:00,2026-12-12T23:59:59,28253746828;28253749022;28451212246;28911596207;28666749570;28367479972;27866279249;28666751698;28451214231;28367480884;27866273936;29391997714;28848822671,"C=AT, O=ZeroSSL GmbH, CN=ZeroSSL ECC DV SSL CA 2"
nhc-vm-sysadm.nhc.noaa.gov,No,Yes,20,1,2026-07-08T00:00:00,2026-12-15T23:59:59,28341399711;29277393587;29454967372;27945078629;27774241005;28895497131;28762685485;28542065181;29153669942;28762685244;29260246541;29323364770;27774241095;28370302698;28341378868;27945074610;28995360863;28370314516;28542065179;29043448136,"C=AT, O=ZeroSSL GmbH, CN=ZeroSSL RSA DV SSL CA 2"
nhc-vm-www01.nhc.noaa.gov,No,Yes,24,1,2026-07-07T00:00:00,2026-12-13T23:59:59,28698941263;28542185829;29323490158;28698941708;28485087477;27893177920;28285380580;27744183978;28285404362;28573075997;29440939491;28485087480;27893179369;29355493430;28086313512;29187084702;28086309866;28542185521;28573076372;27825336059;28946704153;28946704334;27825336163;27744183938,"C=AT, O=ZeroSSL GmbH, CN=ZeroSSL RSA DV SSL CA 2"
nhc-vm-www02.nhc.noaa.gov,No,Yes,24,1,2026-07-07T00:00:00,2026-12-13T23:59:59,28698941263;28542185829;29323490158;28698941708;28485087477;27893177920;28285380580;27744183978;28285404362;28573075997;29440939491;28485087480;27893179369;29355493430;28086313512;29187084702;28086309866;28542185521;28573076372;27825336059;28946704153;28946704334;27825336163;27744183938,"C=AT, O=ZeroSSL GmbH, CN=ZeroSSL RSA DV SSL CA 2"
nhc-vm-www2.nhc.noaa.gov,No,Yes,17,1,2026-07-08T00:00:00,2026-12-01T23:59:59,28141414595;28141413962;28545403050;28367482077;27942488757;28367480402;29254981884;28759642931;27771870655;28338612812;28759642648;27942488621;28992752703;28545402700;27771870370;28338615216;28992753229,"C=AT, O=ZeroSSL GmbH, CN=ZeroSSL RSA DV SSL CA 2"
nhc-vm-wwwdev01.nhc.noaa.gov,No,Yes,20,1,2026-07-12T00:00:00,2026-12-03T23:59:59,28858471315;28070016663;28681738148;28681755877;28448548140;27959395091;28467391772;28467391859;27879210312;29206988819;28269528099;28540736436;28269529082;27959401456;28448547143;28929817676;28540746339;28070016616;29322788782;27879210784,"C=AT, O=ZeroSSL GmbH, CN=ZeroSSL RSA DV SSL CA 2"
nhc-vm-wwwdev02.nhc.noaa.gov,No,Yes,20,1,2026-07-12T00:00:00,2026-12-03T23:59:59,28858471315;28070016663;28681738148;28681755877;28448548140;27959395091;28467391772;28467391859;27879210312;29206988819;28269528099;28540736436;28269529082;27959401456;28448547143;28929817676;28540746339;28070016616;29322788782;27879210784,"C=AT, O=ZeroSSL GmbH, CN=ZeroSSL RSA DV SSL CA 2"
nhc-vm-wwwdev03.nhc.noaa.gov,No,Yes,20,1,2026-07-12T00:00:00,2026-12-03T23:59:59,28858471315;28070016663;28681738148;28681755877;28448548140;27959395091;28467391772;28467391859;27879210312;29206988819;28269528099;28540736436;28269529082;27959401456;28448547143;28929817676;28540746339;28070016616;29322788782;27879210784,"C=AT, O=ZeroSSL GmbH, CN=ZeroSSL RSA DV SSL CA 2"
nhc.ncep.noaa.gov,No,Yes,3,1,2026-05-21T21:44:52,2026-12-11T20:45:54,26532526621;26689796855;28496658134,"C=US, ST=Arizona, L=Scottsdale, O=""GoDaddy.com, Inc."", OU=http://certs.godaddy.com/repository/, CN=Go Daddy Secure Certificate Authority - G2"
nhc.noaa.gov,Yes,Yes,3,2,2026-07-09T03:05:04,2026-12-06T03:05:55,27797162745;29414314388;27797162877,"C=US, O=Let's Encrypt, CN=YE2;C=US, O=Let's Encrypt, CN=YE1"
nhcweb.nhc.noaa.gov,Yes,Yes,15,1,2026-07-13T00:00:00,2026-11-29T23:59:59,28946767324;28285382483;29187090578;28868465028;28086315069;27893178737;28285376739;28485087173;27893179383;28005339974;28485087395;28698941892;28005340297;28698941582;28086315235,"C=AT, O=ZeroSSL GmbH, CN=ZeroSSL RSA DV SSL CA 2"
nihhis.cpo.noaa.gov,Yes,Yes,1,1,2026-08-25T03:07:00,2026-11-23T03:06:59,29293299185,"C=US, O=Let's Encrypt, CN=YE2"
nlsc.noaa.gov,Yes,Yes,3,1,2026-05-14T16:06:16,2026-12-03T14:17:15,26353610798;26353475854;26439873567,"C=BE, O=GlobalSign nv-sa, CN=GlobalSign RSA OV SSL CA 2018"
nmfs-test-pages.fisheries.noaa.gov,No,Yes,8,3,2026-04-09T00:00:00,2026-10-31T23:59:59,25528596533;25456682906;25456698325;28299357218;25547299431;25547316029;25705344977;28299361868,"C=US, O=DigiCert Inc, CN=DigiCert Global G3 TLS ECC SHA384 2020 CA1;C=US, O=Let's Encrypt, CN=YR2;C=US, O=DigiCert Inc, CN=DigiCert Global G2 TLS RSA SHA256 2020 CA1"
nmfs.noaa.gov,No,Yes,6,2,2026-04-09T00:00:00,2026-10-31T23:59:59,25528596533;25456682906;25456698325;25547299431;25547316029;25705344977,"C=US, O=DigiCert Inc, CN=DigiCert Global G3 TLS ECC SHA384 2020 CA1;C=US, O=DigiCert Inc, CN=DigiCert Global G2 TLS RSA SHA256 2020 CA1"
noaa.gov,Yes,Yes,6,3,2025-11-08T00:00:00,2026-12-12T23:59:59,29216157965;26061966932;29216385524;22296564989;22449510346;25764739319,"C=US, O=Let's Encrypt, CN=YR1;C=US, O=Amazon, CN=Amazon RSA 2048 M04;C=US, O=Amazon, CN=Amazon RSA 2048 M01"
noaaguestvpn.ncep.noaa.gov,No,Yes,1,1,2025-12-05T14:22:36,2026-10-20T14:51:58,22904265066,"C=US, ST=Arizona, L=Scottsdale, O=""GoDaddy.com, Inc."", OU=http://certs.godaddy.com/repository/, CN=Go Daddy Secure Certificate Authority - G2"
noaasis.noaa.gov,No,Yes,2,1,2026-05-14T00:00:00,2026-11-27T23:59:59,26354167408;26445027396,"C=US, O=Amazon, CN=Amazon RSA 2048 M01"
noc.nwave.noaa.gov,No,Yes,5,2,2026-07-17T11:56:34,2026-11-22T17:55:19,28011722121;28011720043;29069461380;28378523773;28378524673,"C=US, O=Let's Encrypt, CN=YR1;C=US, O=Let's Encrypt, CN=YE1"
nodules.pmel.noaa.gov,No,Yes,5,1,2025-09-12T00:00:00,2026-10-13T23:59:59,20977242448;20976430097;20979386850;20976430174;20977992906,"C=US, O=DigiCert Inc, CN=DigiCert Global G2 TLS RSA SHA256 2020 CA1"
nohrsc.noaa.gov,Yes,Yes,2,1,2026-07-14T04:44:14,2026-10-12T04:44:13,27917709238;27917704690,"C=US, O=Let's Encrypt, CN=YR2"
nominate.noaa.gov,Yes,Yes,2,1,2026-08-01T06:27:43,2026-10-30T06:27:42,28429663222;28429658479,"C=US, O=Let's Encrypt, CN=YR2"
notebooks.github.nwave.noaa.gov,No,Yes,4,2,2026-07-17T07:01:06,2026-10-17T08:08:12,28060184600;28005784207;28060165929;28005791772,"C=US, O=Let's Encrypt, CN=YE1;C=US, O=Let's Encrypt, CN=YE2"
notifications.nwave.noaa.gov,No,Yes,14,2,2026-07-17T16:35:15,2026-10-17T08:16:58,28044305603;28033218301;28060313963;28033033089;28017352553;28033287335;28033026611;28044307791;28033222448;28017348324;28060361344;28033286666;28060359765;28060316456,"C=US, O=Let's Encrypt, CN=YE1;C=US, O=Let's Encrypt, CN=YE2"
npad.noaa.gov,Yes,Yes,1,1,2026-03-26T00:00:00,2026-10-10T23:59:59,25238834250,"C=US, O=DigiCert Inc, CN=DigiCert Global G2 TLS RSA SHA256 2020 CA1"
npkc.pmel.noaa.gov,No,Yes,8,1,2025-09-12T00:00:00,2026-10-13T23:59:59,20977242448;20976430097;20979386850;23063015363;20976430174;20977992906;21037150454;23062986168,"C=US, O=DigiCert Inc, CN=DigiCert Global G2 TLS RSA SHA256 2020 CA1"
npm.fsl.noaa.gov,Yes,Yes,6,1,2026-07-31T00:00:00,2026-12-01T23:59:59,29210063670;28399916027;29185150519;28399902692;29154235940;29261068613,"C=AT, O=ZeroSSL GmbH, CN=ZeroSSL RSA DV SSL CA 2"
npm.github.nwave.noaa.gov,No,Yes,4,2,2026-07-17T07:01:06,2026-10-17T08:08:12,28060184600;28005784207;28060165929;28005791772,"C=US, O=Let's Encrypt, CN=YE1;C=US, O=Let's Encrypt, CN=YE2"
nrdd.oarcloud.noaa.gov,Yes,Yes,1,1,2026-05-25T00:00:00,2026-12-08T23:59:59,26621881440,"C=US, O=Amazon, CN=Amazon RSA 2048 M01"
nsd.rdc.noaa.gov,Yes,Yes,1,1,2025-09-20T00:00:00,2026-10-19T23:59:59,21159388456,"C=US, O=Amazon, CN=Amazon RSA 2048 M01"
nsddev.rdc.noaa.gov,Yes,Yes,1,1,2025-09-18T00:00:00,2026-10-17T23:59:59,21115889410,"C=US, O=Amazon, CN=Amazon RSA 2048 M01"
nsdesk.noaa.gov,Yes,Yes,1,1,2026-05-01T00:00:00,2026-11-14T23:59:59,25959809033,"C=US, O=Amazon, CN=Amazon RSA 2048 M01"
nsdtest.rdc.noaa.gov,Yes,Yes,1,1,2025-09-20T00:00:00,2026-10-19T23:59:59,21159353632,"C=US, O=Amazon, CN=Amazon RSA 2048 M01"
nssl.noaa.gov,Yes,Yes,2,1,2026-03-10T00:00:00,2026-10-26T23:59:59,24899506089;24899501569,"C=GB, O=Sectigo Limited, CN=Sectigo Public Server Authentication CA DV R36"
ntwc.arh.noaa.gov,No,Yes,2,1,2026-08-03T13:00:21,2026-11-01T13:00:20,28494560988;28494560539,"C=US, O=Let's Encrypt, CN=YR2"
ntwc.ncep.noaa.gov,No,Yes,2,1,2026-08-03T13:00:21,2026-11-01T13:00:20,28494560988;28494560539,"C=US, O=Let's Encrypt, CN=YR2"
nuget.github.nwave.noaa.gov,No,Yes,4,2,2026-07-17T07:01:06,2026-10-17T08:08:12,28060184600;28005784207;28060165929;28005791772,"C=US, O=Let's Encrypt, CN=YE1;C=US, O=Let's Encrypt, CN=YE2"
nwave.noaa.gov,No,Yes,5,2,2026-07-17T11:56:34,2026-11-22T17:55:19,28011722121;28011720043;29069461380;28378523773;28378524673,"C=US, O=Let's Encrypt, CN=YR1;C=US, O=Let's Encrypt, CN=YE1"
nwcoa3.nwfsc.noaa.gov,No,Yes,8,3,2026-04-09T00:00:00,2026-10-31T23:59:59,25528596533;25456682906;25456698325;28299357218;25547299431;25547316029;25705344977;28299361868,"C=US, O=DigiCert Inc, CN=DigiCert Global G3 TLS ECC SHA384 2020 CA1;C=US, O=Let's Encrypt, CN=YR2;C=US, O=DigiCert Inc, CN=DigiCert Global G2 TLS RSA SHA256 2020 CA1"
nws.noaa.gov,No,Yes,6,3,2026-04-07T00:00:00,2026-12-11T20:45:54,26532526621;26528860861;28496658134;26689796855;26660931209;25433981775,"C=US, ST=Arizona, L=Scottsdale, O=""GoDaddy.com, Inc."", OU=http://certs.godaddy.com/repository/, CN=Go Daddy Secure Certificate Authority - G2;C=US, O=DigiCert Inc, CN=DigiCert Global G2 TLS RSA SHA256 2020 CA1;C=US, O=Amazon, CN=Amazon RSA 2048 M04"
nwschat-production-us-east-1.nws.noaa.gov,No,Yes,2,1,2026-06-16T00:00:00,2026-12-30T23:59:59,27224680915;27225529277,"C=US, O=Amazon, CN=Amazon RSA 2048 M01"
nwschat-production-us-east-2.nws.noaa.gov,No,Yes,2,1,2026-06-16T00:00:00,2026-12-30T23:59:59,27224680915;27225529277,"C=US, O=Amazon, CN=Amazon RSA 2048 M01"
nwschat-staging-us-east-1.nws.noaa.gov,No,Yes,4,2,2025-11-05T00:00:00,2026-12-29T23:59:59,27195954164;22240760181;27194703622;22216361063,"C=US, O=Amazon, CN=Amazon RSA 2048 M04;C=US, O=Amazon, CN=Amazon RSA 2048 M01"
nwschat-staging-us-east-2.nws.noaa.gov,No,Yes,4,2,2025-11-05T00:00:00,2026-12-29T23:59:59,27195954164;22240760181;27194703622;22216361063,"C=US, O=Amazon, CN=Amazon RSA 2048 M04;C=US, O=Amazon, CN=Amazon RSA 2048 M01"
nwschat-staging.nws.noaa.gov,No,Yes,4,2,2025-11-05T00:00:00,2026-12-29T23:59:59,27195954164;22240760181;27194703622;22216361063,"C=US, O=Amazon, CN=Amazon RSA 2048 M04;C=US, O=Amazon, CN=Amazon RSA 2048 M01"
nwschat.nws.noaa.gov,No,Yes,2,1,2026-06-16T00:00:00,2026-12-30T23:59:59,27224680915;27225529277,"C=US, O=Amazon, CN=Amazon RSA 2048 M01"
nwstc.noaa.gov,Yes,Yes,2,1,2026-07-15T17:09:58,2026-10-13T17:09:57,27959978141;27959977426,"C=US, O=Let's Encrypt, CN=YR1"
oap-remote.pmel.noaa.gov,No,Yes,5,1,2025-09-12T00:00:00,2026-10-13T23:59:59,20977242448;20976430097;20979386850;20976430174;20977992906,"C=US, O=DigiCert Inc, CN=DigiCert Global G2 TLS RSA SHA256 2020 CA1"
oar.noaa.gov,Yes,Yes,2,1,2026-08-31T03:02:38,2026-11-29T03:02:37,29182379087;29182378932,"C=US, O=Let's Encrypt, CN=YE1"
oartest3.dev.oarcloud.noaa.gov,Yes,Yes,2,1,2025-10-04T00:00:00,2026-11-02T23:59:59,21457001090;21460036822,"C=US, O=Amazon, CN=Amazon RSA 2048 M01"
obj.cloud.bldc.nwave.noaa.gov,No,Yes,6,2,2026-07-17T16:58:04,2026-11-02T17:35:51,28533706934;28017776682;28533703815;28033192833;28033187857;28017777078,"C=US, O=Let's Encrypt, CN=YR2;C=US, O=Let's Encrypt, CN=YE2"
obj.cloud.ctc.nwave.noaa.gov,No,Yes,6,3,2026-07-19T06:44:01,2026-11-02T17:35:51,28058514218;28533706934;28119147631;28533703815;28058521666;28119143731,"C=US, O=Let's Encrypt, CN=YR1;C=US, O=Let's Encrypt, CN=YR2;C=US, O=Let's Encrypt, CN=YE2"
obj.cloud.nwave.noaa.gov,Yes,Yes,6,2,2026-07-16T06:54:01,2026-11-02T17:35:51,28533706934;28007346732;27976359010;28007350719;28533703815;27976362059,"C=US, O=Let's Encrypt, CN=YR2;C=US, O=Let's Encrypt, CN=YE2"
object-restricted.ncei.noaa.gov,Yes,Yes,2,1,2026-08-18T13:06:26,2026-11-16T13:06:25,28954402571;29077507745,"C=US, O=Let's Encrypt, CN=YR1"
ocean.pmel.noaa.gov,No,Yes,5,1,2025-09-12T00:00:00,2026-10-13T23:59:59,20977242448;20976430097;20979386850;20976430174;20977992906,"C=US, O=DigiCert Inc, CN=DigiCert Global G2 TLS RSA SHA256 2020 CA1"
ocean.weather.gov,Yes,No,2,1,2026-09-04T14:05:41,2026-12-03T14:05:40,29344383625;29344383116,"C=US, O=Let's Encrypt, CN=YR2"
oceanacidification.noaa.gov,Yes,Yes,1,1,2026-04-06T00:00:00,2026-10-20T23:59:59,25411573323,"C=US, O=Amazon, CN=Amazon RSA 2048 M01"
oceanexplorer.noaa.gov,Yes,Yes,3,2,2025-10-17T00:00:00,2026-12-24T23:59:59,27037877530;21786807753;27037692992,"C=US, O=Amazon, CN=Amazon RSA 2048 M04;C=US, O=Amazon, CN=Amazon RSA 2048 M01"
oceannoise.noaa.gov,No,Yes,8,2,2026-07-17T18:19:18,2026-11-23T18:42:03,29249985447;28019527451;29067215286;28189897208;28019530271;29075163185;28189896256;29093044714,"C=US, O=Let's Encrypt, CN=YR1;C=US, O=Let's Encrypt, CN=YR2"
oceans.pmel.noaa.gov,No,Yes,7,1,2025-09-12T00:00:00,2026-10-13T23:59:59,20977242448;20976430097;20979386850;23063015363;20976430174;20977992906;21037150454,"C=US, O=DigiCert Inc, CN=DigiCert Global G2 TLS RSA SHA256 2020 CA1"
oceanservice.noaa.gov,Yes,Yes,2,1,2026-08-01T08:19:22,2026-10-30T08:19:21,28431777371;28431769266,"C=US, O=Let's Encrypt, CN=YR1"
oceansmap.nos.noaa.gov,Yes,Yes,2,1,2026-05-08T00:00:00,2026-11-22T23:59:59,26190183613;26169939626,"C=US, O=DigiCert Inc, CN=DigiCert Global G2 TLS RSA SHA256 2020 CA1"
oceantoday.noaa.gov,Yes,Yes,2,1,2026-08-01T08:48:32,2026-10-30T08:48:31,28432252056;28432251234,"C=US, O=Let's Encrypt, CN=YR2"
oceanview.pfeg.noaa.gov,No,Yes,8,3,2026-04-09T00:00:00,2026-10-31T23:59:59,25528596533;25456682906;25456698325;28299357218;25547299431;25547316029;25705344977;28299361868,"C=US, O=DigiCert Inc, CN=DigiCert Global G3 TLS ECC SHA384 2020 CA1;C=US, O=Let's Encrypt, CN=YR2;C=US, O=DigiCert Inc, CN=DigiCert Global G2 TLS RSA SHA256 2020 CA1"
oceanwatch.aoml.noaa.gov,Yes,Yes,1,1,2025-09-25T00:00:00,2026-10-06T23:59:59,21267826559,"C=US, O=DigiCert Inc, CN=DigiCert Global G2 TLS RSA SHA256 2020 CA1"
oceanwatch.noaa.gov,No,Yes,2,1,2026-09-05T00:55:17,2026-12-04T00:55:16,29358681903;29358682245,"C=US, O=Let's Encrypt, CN=YR2"
oceanwatch.pfeg.noaa.gov,No,Yes,6,2,2026-04-09T00:00:00,2026-10-31T23:59:59,25528596533;25456682906;25456698325;25547299431;25547316029;25705344977,"C=US, O=DigiCert Inc, CN=DigiCert Global G3 TLS ECC SHA384 2020 CA1;C=US, O=DigiCert Inc, CN=DigiCert Global G2 TLS RSA SHA256 2020 CA1"
oceanwatch.pifsc.noaa.gov,No,Yes,9,3,2025-09-26T00:00:00,2026-10-31T23:59:59,25528596533;25456682906;25456698325;28299357218;25547299431;25547316029;25705344977;28299361868;21299173798,"C=US, O=DigiCert Inc, CN=DigiCert Global G3 TLS ECC SHA384 2020 CA1;C=US, O=Let's Encrypt, CN=YR2;C=US, O=DigiCert Inc, CN=DigiCert Global G2 TLS RSA SHA256 2020 CA1"
oclo-dev-dcv-1.nws.noaa.gov,Yes,Yes,6,2,2026-04-04T00:00:00,2026-11-10T02:02:14,25446750824;28759529935;28693128769;28693141745;28759525511;25520133502,"C=US, O=Let's Encrypt, CN=YR1;C=US, O=Amazon, CN=Amazon RSA 2048 M04"
oclo-dev-dcv-2.nws.noaa.gov,Yes,Yes,1,1,2026-04-14T00:00:00,2026-10-28T23:59:59,25533548875,"C=US, O=Amazon, CN=Amazon RSA 2048 M04"
ocrd.pmel.noaa.gov,No,Yes,3,1,2025-09-12T00:00:00,2026-10-13T23:59:59,20977242448;20976430174;20976430097,"C=US, O=DigiCert Inc, CN=DigiCert Global G2 TLS RSA SHA256 2020 CA1"
oculus.atdd.noaa.gov,No,Yes,2,1,2026-07-12T12:03:41,2026-10-10T12:03:40,27874780877;27874779075,"C=US, O=Let's Encrypt, CN=YE1"
odds.afsc.noaa.gov,No,Yes,8,3,2026-04-09T00:00:00,2026-10-31T23:59:59,25528596533;25456682906;25456698325;28299357218;25547299431;25547316029;25705344977;28299361868,"C=US, O=DigiCert Inc, CN=DigiCert Global G3 TLS ECC SHA384 2020 CA1;C=US, O=Let's Encrypt, CN=YR2;C=US, O=DigiCert Inc, CN=DigiCert Global G2 TLS RSA SHA256 2020 CA1"
oed-fence.esrl.noaa.gov,Yes,Yes,2,1,2026-09-01T00:00:00,2026-12-01T23:59:59,29261074267;29210102431,"C=AT, O=ZeroSSL GmbH, CN=ZeroSSL RSA DV SSL CA 2"
oedwebdbapps.iso.noaa.gov,Yes,Yes,1,1,2025-11-19T22:07:47,2026-12-21T22:07:47,22601347028,"C=US, ST=Arizona, L=Scottsdale, O=""GoDaddy.com, Inc."", OU=http://certs.godaddy.com/repository/, CN=Go Daddy Secure Certificate Authority - G2"
oerd.pmel.noaa.gov,No,Yes,3,1,2025-09-12T00:00:00,2026-10-13T23:59:59,20977242448;20976430174;20976430097,"C=US, O=DigiCert Inc, CN=DigiCert Global G2 TLS RSA SHA256 2020 CA1"
oid.ztna.asos.noaa.gov,Yes,Yes,8,3,2026-08-01T15:38:53,2026-10-30T16:48:33,28440023266;28441278988;28440014691;28441278512;28440014121;28441281359;28441270054;28440019887,"C=US, O=Let's Encrypt, CN=YR1;C=US, O=Let's Encrypt, CN=YR2;C=US, O=Let's Encrypt, CN=YE2"
oleivr.nmfs.noaa.gov,No,Yes,8,2,2026-07-17T18:19:18,2026-11-23T18:42:03,29249985447;28019527451;29067215286;28189897208;28019530271;29075163185;28189896256;29093044714,"C=US, O=Let's Encrypt, CN=YR1;C=US, O=Let's Encrypt, CN=YR2"
olvm-int-he.gsl.noaa.gov,Yes,Yes,2,1,2026-07-18T09:07:54,2026-10-16T09:07:53,28035711500;28035706483,"C=US, O=Let's Encrypt, CN=YR1"
olvm-prod-he.gsl.noaa.gov,Yes,Yes,1,1,2026-09-01T19:44:37,2026-11-30T19:44:36,29244143554,"C=US, O=Let's Encrypt, CN=YR2"
olympiccoast.noaa.gov,Yes,Yes,2,1,2026-08-01T06:23:50,2026-10-30T06:23:49,28429591708;28429586868,"C=US, O=Let's Encrypt, CN=YR1"
om.cmdl.noaa.gov,Yes,Yes,1,1,2026-08-27T06:53:08,2026-11-25T06:53:07,29415035095,"C=US, O=Let's Encrypt, CN=YE1"
omao.noaa.gov,Yes,Yes,3,2,2026-05-19T00:00:00,2026-12-24T23:59:59,26576696720;26471573148;27038446934,"C=US, O=DigiCert Inc, CN=DigiCert Global G2 TLS RSA SHA256 2020 CA1;C=US, O=Amazon, CN=Amazon RSA 2048 M01"
omi.cmdl.noaa.gov,Yes,Yes,2,1,2026-08-10T14:15:54,2026-11-08T14:15:53,28709773318;28709775424,"C=US, O=Let's Encrypt, CN=YR2"
opc.ncep.noaa.gov,No,Yes,3,1,2026-05-21T21:44:52,2026-12-11T20:45:54,26532526621;26689796855;28496658134,"C=US, ST=Arizona, L=Scottsdale, O=""GoDaddy.com, Inc."", OU=http://certs.godaddy.com/repository/, CN=Go Daddy Secure Certificate Authority - G2"
openbmp-stage.ctc.nwave.noaa.gov,Yes,Yes,5,2,2026-07-08T09:09:27,2026-12-05T14:47:02,29409620302;27779040942;27779026103;27789156710;27789157744,"C=US, O=Let's Encrypt, CN=YE2;C=US, O=Let's Encrypt, CN=YE1"
openbmp.bldc.nwave.noaa.gov,No,Yes,4,2,2026-07-26T10:30:55,2026-10-24T22:28:12,28275869774;28262700436;28275861565;28262699290,"C=US, O=Let's Encrypt, CN=YE1;C=US, O=Let's Encrypt, CN=YE2"
openbmp.ctc.nwave.noaa.gov,No,Yes,4,2,2026-07-26T10:30:55,2026-10-24T22:28:12,28275869774;28262700436;28275861565;28262699290,"C=US, O=Let's Encrypt, CN=YE1;C=US, O=Let's Encrypt, CN=YE2"
openbmp.nwave.noaa.gov,Yes,Yes,4,2,2026-07-26T10:30:55,2026-10-24T22:28:12,28275869774;28262700436;28275861565;28262699290,"C=US, O=Let's Encrypt, CN=YE1;C=US, O=Let's Encrypt, CN=YE2"
opengeo.ncep.noaa.gov,No,Yes,2,1,2026-08-03T13:00:21,2026-11-01T13:00:20,28494560988;28494560539,"C=US, O=Let's Encrypt, CN=YR2"
opensearch-d1.gsd.esrl.noaa.gov,Yes,Yes,2,1,2026-08-21T09:11:03,2026-11-19T09:11:02,29063271856;29222683251,"C=US, O=Let's Encrypt, CN=YR1"
opensearch-d2.gsd.esrl.noaa.gov,Yes,Yes,2,1,2026-08-21T07:18:04,2026-11-19T07:18:03,28985222182;29215400798,"C=US, O=Let's Encrypt, CN=YR2"
opensearch-d3.gsd.esrl.noaa.gov,Yes,Yes,2,1,2026-08-21T07:18:44,2026-11-19T07:18:43,29058640726;29048609948,"C=US, O=Let's Encrypt, CN=YR1"
opensearch-gui1.gsd.esrl.noaa.gov,Yes,Yes,2,1,2026-08-21T09:11:49,2026-11-19T09:11:48,28987674707;28987676867,"C=US, O=Let's Encrypt, CN=YR2"
opensearch-i1.gsd.esrl.noaa.gov,Yes,Yes,2,1,2026-08-22T07:15:42,2026-11-20T07:15:41,29313760650;29108736630,"C=US, O=Let's Encrypt, CN=YR2"
origin-east-hysplit-arl.woc.noaa.gov,Yes,Yes,2,1,2026-08-22T03:05:54,2026-11-20T03:05:53,29297419833;29094977212,"C=US, O=Let's Encrypt, CN=YR2"
origin-east-hysplit-pub.woc.noaa.gov,No,Yes,2,1,2026-08-22T03:05:54,2026-11-20T03:05:53,29297419833;29094977212,"C=US, O=Let's Encrypt, CN=YR2"
origin-east-www-trainweather.woc.noaa.gov,Yes,Yes,6,2,2026-08-18T04:08:21,2026-11-17T04:03:21,28982283323;28937111454;28945628850;28982280462;28937111902;29063195477,"C=US, O=Let's Encrypt, CN=YR1;C=US, O=Let's Encrypt, CN=YR2"
origin-prd-secatchshares.fisheries.noaa.gov,Yes,Yes,2,1,2026-01-08T00:00:00,2026-12-06T23:59:59,23640484697;23640471782,"C=US, O=Network Solutions L.L.C., CN=Network Solutions RSA DV SSL CA 3"
origin-www.nws.noaa.gov,No,Yes,1,1,2026-05-21T19:20:13,2026-12-05T19:20:13,26528860861,"C=US, ST=Arizona, L=Scottsdale, O=""GoDaddy.com, Inc."", OU=http://certs.godaddy.com/repository/, CN=Go Daddy Secure Certificate Authority - G2"
origin-www.swpc.noaa.gov,No,Yes,1,1,2025-11-11T00:00:00,2026-12-09T23:59:59,22392832002,"C=US, O=Amazon, CN=Amazon RSA 2048 M04"
origin.www.nhc.noaa.gov,Yes,Yes,1,1,2026-06-15T00:00:00,2026-12-29T23:59:59,27211654684,"C=US, O=Amazon, CN=Amazon RSA 2048 M04"
orpheus.pfeg.noaa.gov,No,Yes,6,2,2026-04-09T00:00:00,2026-10-31T23:59:59,25528596533;25456682906;25456698325;25547299431;25547316029;25705344977,"C=US, O=DigiCert Inc, CN=DigiCert Global G3 TLS ECC SHA384 2020 CA1;C=US, O=DigiCert Inc, CN=DigiCert Global G2 TLS RSA SHA256 2020 CA1"
orr.noaa.gov,Yes,Yes,4,3,2026-04-27T19:23:07,2026-12-29T23:59:59,25855272007;27192112987;26663091003;26688688101,"C=BE, O=GlobalSign nv-sa, CN=GlobalSign GCC R6 AlphaSSL CA 2025;C=US, O=Amazon, CN=Amazon RSA 2048 M04;C=US, O=Amazon, CN=Amazon RSA 2048 M01"
orta-staging.research.noaa.gov,Yes,Yes,2,1,2026-06-09T00:00:00,2026-12-23T23:59:59,27012757647;27014153878,"C=US, O=Amazon, CN=Amazon RSA 2048 M01"
osmc.noaa.gov,No,Yes,3,1,2026-05-20T00:00:00,2026-12-04T23:59:59,26494285664;26804485399;26804288388,"C=US, O=DigiCert Inc, OU=www.digicert.com, CN=GeoTrust TLS RSA CA G1"
osmc.pmel.noaa.gov,No,Yes,5,1,2025-09-12T00:00:00,2026-10-13T23:59:59,20977242448;20976430097;20979386850;20976430174;20977992906,"C=US, O=DigiCert Inc, CN=DigiCert Global G2 TLS RSA SHA256 2020 CA1"
ospo.noaa.gov,Yes,Yes,3,1,2026-05-26T00:00:00,2026-12-24T23:59:59,27038880197;26646090162;26646391335,"C=US, O=Amazon, CN=Amazon RSA 2048 M04"
oss.research.noaa.gov,Yes,Yes,2,1,2026-05-27T00:00:00,2026-12-10T23:59:59,26669950067;26705573818,"C=US, O=Amazon, CN=Amazon RSA 2048 M04"
otp-el7.bldc.nwave.noaa.gov,Yes,Yes,4,1,2026-07-20T08:20:54,2026-10-19T06:51:34,28117263226;28117257077;28088634031;28088643016,"C=US, O=Let's Encrypt, CN=YR1"
otp-el7.boul.nwave.noaa.gov,No,Yes,4,1,2026-07-20T08:20:54,2026-10-19T06:51:34,28117263226;28117257077;28088634031;28088643016,"C=US, O=Let's Encrypt, CN=YR1"
otp-el7.ctc.nwave.noaa.gov,No,Yes,4,1,2026-07-20T08:20:54,2026-10-19T06:51:34,28117263226;28117257077;28088634031;28088643016,"C=US, O=Let's Encrypt, CN=YR1"
otp-new.nwave.noaa.gov,Yes,Yes,6,2,2026-07-09T04:09:09,2026-12-05T14:16:00,27827882223;29409054793;27827875522;27798234272;27798225645;29400539924,"C=US, O=Let's Encrypt, CN=YE2;C=US, O=Let's Encrypt, CN=YE1"
otp.bldc.nwave.noaa.gov,No,Yes,4,1,2026-07-20T08:20:54,2026-10-19T06:51:34,28117263226;28117257077;28088634031;28088643016,"C=US, O=Let's Encrypt, CN=YR1"
otp.boul.nwave.noaa.gov,No,Yes,4,1,2026-07-20T08:20:54,2026-10-19T06:51:34,28117263226;28117257077;28088634031;28088643016,"C=US, O=Let's Encrypt, CN=YR1"
otp.ctc.nwave.noaa.gov,No,Yes,4,1,2026-07-20T08:20:54,2026-10-19T06:51:34,28117263226;28117257077;28088634031;28088643016,"C=US, O=Let's Encrypt, CN=YR1"
otp.nwave.noaa.gov,No,Yes,4,1,2026-07-20T08:20:54,2026-10-19T06:51:34,28117263226;28117257077;28088634031;28088643016,"C=US, O=Let's Encrypt, CN=YR1"
overwatch.pmel.noaa.gov,No,Yes,4,1,2025-09-12T00:00:00,2026-10-13T23:59:59,20977242448;20976430097;20976430174;23062986168,"C=US, O=DigiCert Inc, CN=DigiCert Global G2 TLS RSA SHA256 2020 CA1"
ow-test.star.nesdis.noaa.gov,No,Yes,2,1,2026-08-31T18:48:56,2026-11-29T18:48:55,29202699393;29202690938,"C=US, O=Let's Encrypt, CN=YR2"
owaq.noaa.gov,Yes,Yes,2,1,2026-03-31T00:00:00,2026-10-14T23:59:59,25286062639;25310237765,"C=US, O=Amazon, CN=Amazon RSA 2048 M01"
owp-assist.nws.noaa.gov,Yes,Yes,1,1,2026-04-01T00:00:00,2026-10-16T23:59:59,25304502232,"C=US, O=DigiCert Inc, CN=DigiCert Global G2 TLS RSA SHA256 2020 CA1"
p9000.pmel.noaa.gov,No,Yes,3,1,2025-09-12T00:00:00,2026-10-13T23:59:59,20977242448;20976430174;20976430097,"C=US, O=DigiCert Inc, CN=DigiCert Global G2 TLS RSA SHA256 2020 CA1"
pages-gitlab-community-vlab-dev.noaa.gov,No,Yes,2,1,2026-05-18T00:00:00,2026-12-01T23:59:59,26486567016;26430915854,"C=US, O=Amazon, CN=Amazon RSA 2048 M04"
pages-gitlab-community-vlab.noaa.gov,No,Yes,2,1,2026-05-19T00:00:00,2026-12-02T23:59:59,26460160137;26458761540,"C=US, O=Amazon, CN=Amazon RSA 2048 M04"
pages-gitlab-licensed-vlab-dev.noaa.gov,No,Yes,2,1,2026-05-18T00:00:00,2026-12-01T23:59:59,26486567016;26430915854,"C=US, O=Amazon, CN=Amazon RSA 2048 M04"
pages-gitlab-licensed-vlab.noaa.gov,Yes,Yes,2,1,2026-05-19T00:00:00,2026-12-02T23:59:59,26460160137;26458761540,"C=US, O=Amazon, CN=Amazon RSA 2048 M04"
pages.github.nwave.noaa.gov,No,Yes,4,2,2026-07-17T07:01:06,2026-10-17T08:08:12,28060184600;28005784207;28060165929;28005791772,"C=US, O=Let's Encrypt, CN=YE1;C=US, O=Let's Encrypt, CN=YE2"
pandora.gsd.esrl.noaa.gov,Yes,Yes,2,1,2026-07-31T23:12:11,2026-10-29T23:12:10,28421633862;28421625274,"C=US, O=Let's Encrypt, CN=YR1"
pandorafms.gsd.esrl.noaa.gov,Yes,Yes,2,1,2026-07-28T23:13:15,2026-10-26T23:13:14,28334991507;28334880103,"C=US, O=Let's Encrypt, CN=YR1"
partnerservices-staging.nws.noaa.gov,Yes,Yes,2,1,2026-06-15T00:00:00,2026-12-29T23:59:59,27195954164;27194703622,"C=US, O=Amazon, CN=Amazon RSA 2048 M01"
partnerservices.nws.noaa.gov,Yes,Yes,2,1,2026-06-16T00:00:00,2026-12-30T23:59:59,27224680915;27225529277,"C=US, O=Amazon, CN=Amazon RSA 2048 M01"
passiveacoustics.fisheries.noaa.gov,No,Yes,8,2,2026-07-17T18:19:18,2026-11-23T18:42:03,29249985447;28019527451;29067215286;28189897208;28019530271;29075163185;28189896256;29093044714,"C=US, O=Let's Encrypt, CN=YR1;C=US, O=Let's Encrypt, CN=YR2"
passwords.bldc.nwave.noaa.gov,Yes,Yes,4,1,2026-08-15T10:28:31,2026-11-14T06:03:39,28897493349;28956038875;28876040412;28911968822,"C=US, O=Let's Encrypt, CN=YE2"
passwords.gfdl.noaa.gov,Yes,Yes,3,2,2026-07-31T18:59:12,2026-11-29T16:53:58,29200391741;28416813474;28416822808,"C=US, O=Let's Encrypt, CN=YR1;C=US, O=Let's Encrypt, CN=YR2"
passwords.nwave.noaa.gov,No,Yes,4,1,2026-08-15T10:28:31,2026-11-14T06:03:39,28897493349;28956038875;28876040412;28911968822,"C=US, O=Let's Encrypt, CN=YE2"
patron.dev.oarcloud.noaa.gov,Yes,Yes,1,1,2025-11-03T00:00:00,2026-12-02T23:59:59,22172078910,"C=US, O=Amazon, CN=Amazon RSA 2048 M04"
pco2-intra.pmel.noaa.gov,No,Yes,3,1,2025-09-12T00:00:00,2026-10-13T23:59:59,20977242448;20976430174;20976430097,"C=US, O=DigiCert Inc, CN=DigiCert Global G2 TLS RSA SHA256 2020 CA1"
pco2.pmel.noaa.gov,No,Yes,3,1,2025-09-12T00:00:00,2026-10-13T23:59:59,20977242448;20976430174;20976430097,"C=US, O=DigiCert Inc, CN=DigiCert Global G2 TLS RSA SHA256 2020 CA1"
pdev-rudics.pmel.noaa.gov,No,Yes,3,1,2025-09-12T00:00:00,2026-10-13T23:59:59,20977242448;20976430174;20976430097,"C=US, O=DigiCert Inc, CN=DigiCert Global G2 TLS RSA SHA256 2020 CA1"
pdm.pmel.noaa.gov,No,Yes,3,1,2025-09-12T00:00:00,2026-10-13T23:59:59,20977242448;20976430174;20976430097,"C=US, O=DigiCert Inc, CN=DigiCert Global G2 TLS RSA SHA256 2020 CA1"
perf-copilot.gsd.esrl.noaa.gov,Yes,Yes,2,1,2026-07-29T09:09:29,2026-10-27T09:09:28,28347087607;28347094975,"C=US, O=Let's Encrypt, CN=YR1"
perf-copilot2.gsd.esrl.noaa.gov,Yes,Yes,2,1,2026-07-16T20:42:20,2026-10-14T20:42:19,27993314656;27993318489,"C=US, O=Let's Encrypt, CN=YE2"
perf01-archiver.bldc.nwave.noaa.gov,Yes,Yes,4,1,2026-07-18T17:02:02,2026-10-18T16:21:44,28044304220;28099169110;28044313355;28099164468,"C=US, O=Let's Encrypt, CN=YE1"
pgadmin.awips-refactor-dev.vlab.nws.noaa.gov,No,Yes,2,1,2026-05-30T00:00:00,2026-12-13T23:59:59,26747405041;26790539156,"C=US, O=Amazon, CN=Amazon RSA 2048 M01"
pico.atdd.noaa.gov,Yes,Yes,2,1,2026-08-03T17:03:45,2026-11-01T17:03:44,28500420808;28500406670,"C=US, O=Let's Encrypt, CN=YE2"
pidvms.irc.noaa.gov,No,Yes,6,2,2026-04-09T00:00:00,2026-10-31T23:59:59,25528596533;25456682906;25456698325;25547299431;25547316029;25705344977,"C=US, O=DigiCert Inc, CN=DigiCert Global G3 TLS ECC SHA384 2020 CA1;C=US, O=DigiCert Inc, CN=DigiCert Global G2 TLS RSA SHA256 2020 CA1"
pier-enhancements.dev.oarcloud.noaa.gov,Yes,Yes,1,1,2026-04-07T00:00:00,2026-10-21T23:59:59,25435310834,"C=US, O=Amazon, CN=Amazon RSA 2048 M01"
pier.dev.oarcloud.noaa.gov,Yes,Yes,1,1,2026-06-04T00:00:00,2026-12-18T23:59:59,26869700424,"C=US, O=Amazon, CN=Amazon RSA 2048 M04"
pier.webform.dev.oarcloud.noaa.gov,Yes,Yes,1,1,2026-06-05T00:00:00,2026-12-19T23:59:59,26920547460,"C=US, O=Amazon, CN=Amazon RSA 2048 M01"
pifsc-irc-proxy.irc.noaa.gov,No,Yes,6,2,2026-04-09T00:00:00,2026-10-31T23:59:59,25528596533;25456682906;25456698325;25547299431;25547316029;25705344977,"C=US, O=DigiCert Inc, CN=DigiCert Global G3 TLS ECC SHA384 2020 CA1;C=US, O=DigiCert Inc, CN=DigiCert Global G2 TLS RSA SHA256 2020 CA1"
pifsc-oceanwatch.irc.noaa.gov,No,Yes,6,2,2026-04-09T00:00:00,2026-10-31T23:59:59,25528596533;25456682906;25456698325;25547299431;25547316029;25705344977,"C=US, O=DigiCert Inc, CN=DigiCert Global G3 TLS ECC SHA384 2020 CA1;C=US, O=DigiCert Inc, CN=DigiCert Global G2 TLS RSA SHA256 2020 CA1"
pifsc-vpn.irc.noaa.gov,No,Yes,6,2,2026-04-09T00:00:00,2026-10-31T23:59:59,25528596533;25456682906;25456698325;25547299431;25547316029;25705344977,"C=US, O=DigiCert Inc, CN=DigiCert Global G3 TLS ECC SHA384 2020 CA1;C=US, O=DigiCert Inc, CN=DigiCert Global G2 TLS RSA SHA256 2020 CA1"
pifsc-vpn.prc.noaa.gov,No,Yes,6,2,2026-04-09T00:00:00,2026-10-31T23:59:59,25528596533;25456682906;25456698325;25547299431;25547316029;25705344977,"C=US, O=DigiCert Inc, CN=DigiCert Global G3 TLS ECC SHA384 2020 CA1;C=US, O=DigiCert Inc, CN=DigiCert Global G2 TLS RSA SHA256 2020 CA1"
pifsc-www.irc.noaa.gov,No,Yes,6,2,2026-04-09T00:00:00,2026-10-31T23:59:59,25528596533;25456682906;25456698325;25547299431;25547316029;25705344977,"C=US, O=DigiCert Inc, CN=DigiCert Global G3 TLS ECC SHA384 2020 CA1;C=US, O=DigiCert Inc, CN=DigiCert Global G2 TLS RSA SHA256 2020 CA1"
pifsc.noaa.gov,Yes,Yes,2,1,2026-07-14T05:13:53,2026-10-12T05:13:52,27918292179;27918275838,"C=US, O=Let's Encrypt, CN=YR1"
pkc.pmel.noaa.gov,Yes,Yes,8,1,2025-09-12T00:00:00,2026-10-13T23:59:59,20977242448;20976430097;20979386850;23063015363;20976430174;20977992906;21037150454;23062986168,"C=US, O=DigiCert Inc, CN=DigiCert Global G2 TLS RSA SHA256 2020 CA1"
plotly.pmel.noaa.gov,No,Yes,8,1,2025-09-12T00:00:00,2026-10-13T23:59:59,20977242448;20976430097;20979386850;20976430174;21039237143;21383989218;20977992906;21040359707,"C=US, O=DigiCert Inc, CN=DigiCert Global G2 TLS RSA SHA256 2020 CA1"
plutonic.pmel.noaa.gov,No,Yes,3,1,2025-09-12T00:00:00,2026-10-13T23:59:59,20977242448;20976430174;20976430097,"C=US, O=DigiCert Inc, CN=DigiCert Global G2 TLS RSA SHA256 2020 CA1"
pmb.ncep.noaa.gov,No,Yes,3,1,2026-05-21T21:44:52,2026-12-11T20:45:54,26532526621;26689796855;28496658134,"C=US, ST=Arizona, L=Scottsdale, O=""GoDaddy.com, Inc."", OU=http://certs.godaddy.com/repository/, CN=Go Daddy Secure Certificate Authority - G2"
pmel-dev.oarcloud.noaa.gov,Yes,Yes,1,1,2025-09-17T00:00:00,2026-10-16T23:59:59,21073309503,"C=US, O=Amazon, CN=Amazon RSA 2048 M04"
pmel-nctr.pmel.noaa.gov,No,Yes,3,1,2025-09-12T00:00:00,2026-10-13T23:59:59,20977242448;20976430174;20976430097,"C=US, O=DigiCert Inc, CN=DigiCert Global G2 TLS RSA SHA256 2020 CA1"
pmel-remote.pmel.noaa.gov,No,Yes,4,1,2025-09-12T00:00:00,2026-10-13T23:59:59,20977242448;20976430174;21115328574;20976430097,"C=US, O=DigiCert Inc, CN=DigiCert Global G2 TLS RSA SHA256 2020 CA1"
pmel-sift.pmel.noaa.gov,No,Yes,3,1,2025-09-12T00:00:00,2026-10-13T23:59:59,20977242448;20976430174;20976430097,"C=US, O=DigiCert Inc, CN=DigiCert Global G2 TLS RSA SHA256 2020 CA1"
pmel-temp.pmel.noaa.gov,No,Yes,3,1,2025-09-12T00:00:00,2026-10-13T23:59:59,20977242448;20976430174;20976430097,"C=US, O=DigiCert Inc, CN=DigiCert Global G2 TLS RSA SHA256 2020 CA1"
pmel.noaa.gov,Yes,Yes,6,1,2025-09-12T00:00:00,2026-10-13T23:59:59,20976430097;20979386850;23063015363;20976430174;20977992906;21037150454,"C=US, O=DigiCert Inc, CN=DigiCert Global G2 TLS RSA SHA256 2020 CA1"
pmel1-temp.pmel.noaa.gov,No,Yes,3,1,2025-09-12T00:00:00,2026-10-13T23:59:59,20977242448;20976430174;20976430097,"C=US, O=DigiCert Inc, CN=DigiCert Global G2 TLS RSA SHA256 2020 CA1"
pndi.pmel.noaa.gov,No,Yes,3,1,2025-09-12T00:00:00,2026-10-13T23:59:59,20977242448;20976430174;20976430097,"C=US, O=DigiCert Inc, CN=DigiCert Global G2 TLS RSA SHA256 2020 CA1"
polarwatch.noaa.gov,No,Yes,6,2,2026-04-09T00:00:00,2026-10-31T23:59:59,25528596533;25456682906;25456698325;25547299431;25547316029;25705344977,"C=US, O=DigiCert Inc, CN=DigiCert Global G3 TLS ECC SHA384 2020 CA1;C=US, O=DigiCert Inc, CN=DigiCert Global G2 TLS RSA SHA256 2020 CA1"
portal.esrl.noaa.gov,Yes,Yes,1,1,2026-09-03T00:00:00,2026-12-02T23:59:59,29300944633,"C=AT, O=ZeroSSL GmbH, CN=ZeroSSL RSA DV SSL CA 2"
portal.southeast.fisheries.noaa.gov,No,Yes,6,2,2026-04-09T00:00:00,2026-10-31T23:59:59,25528596533;25456682906;25456698325;25547299431;25547316029;25705344977,"C=US, O=DigiCert Inc, CN=DigiCert Global G3 TLS ECC SHA384 2020 CA1;C=US, O=DigiCert Inc, CN=DigiCert Global G2 TLS RSA SHA256 2020 CA1"
preview-opengeo.ncep.noaa.gov,No,Yes,8,2,2026-08-03T13:00:21,2026-11-11T14:31:30,28808933938;28608380323;28494560539;28494560988;28804267094;28810944352;28608386029;28816264921,"C=US, O=Let's Encrypt, CN=YR1;C=US, O=Let's Encrypt, CN=YR2"
preview.fisheries.noaa.gov,No,Yes,6,2,2026-04-09T00:00:00,2026-10-31T23:59:59,25528596533;25456682906;25456698325;25547299431;25547316029;25705344977,"C=US, O=DigiCert Inc, CN=DigiCert Global G3 TLS ECC SHA384 2020 CA1;C=US, O=DigiCert Inc, CN=DigiCert Global G2 TLS RSA SHA256 2020 CA1"
preview.weather.gov,Yes,No,4,1,2026-08-13T10:38:57,2026-11-11T14:31:30,28810944352;28808933938;28816264921;28804267094,"C=US, O=Let's Encrypt, CN=YR1"
prod-01-east-ftp-nhc.woc.noaa.gov,No,Yes,2,1,2026-08-09T11:44:56,2026-11-07T11:44:55,28676075132;28676074930,"C=US, O=Let's Encrypt, CN=YR2"
prod-01-west-ftp-nhc.woc.noaa.gov,Yes,Yes,2,1,2026-08-09T03:17:33,2026-11-07T03:17:32,28666213381;28666493769,"C=US, O=Let's Encrypt, CN=YR2"
prod-app-01-sefsc.fisheries.noaa.gov,No,Yes,8,2,2026-07-17T18:19:18,2026-11-23T18:42:03,29249985447;28019527451;29067215286;28189897208;28019530271;29075163185;28189896256;29093044714,"C=US, O=Let's Encrypt, CN=YR1;C=US, O=Let's Encrypt, CN=YR2"
prod-app-02-sefsc.fisheries.noaa.gov,No,Yes,8,2,2026-07-17T18:19:18,2026-11-23T18:42:03,29249985447;28019527451;29067215286;28189897208;28019530271;29075163185;28189896256;29093044714,"C=US, O=Let's Encrypt, CN=YR1;C=US, O=Let's Encrypt, CN=YR2"
prod.cbits.nws.noaa.gov,Yes,Yes,8,4,2026-07-21T15:43:46,2026-10-19T15:51:48,28129138883;28128955140;28128957038;28129133501;28128942580;28129151026;28129150489;28128941213,"C=US, O=Let's Encrypt, CN=YR1;C=US, O=Let's Encrypt, CN=YR2;C=US, O=Let's Encrypt, CN=YE1;C=US, O=Let's Encrypt, CN=YE2"
prod.cmist.noaa.gov,No,Yes,1,1,2025-12-17T00:00:00,2026-12-17T23:59:59,23177492893,"C=US, O=DigiCert Inc, CN=DigiCert Global G2 TLS RSA SHA256 2020 CA1"
prod.woc.noaa.gov,Yes,Yes,1,1,2025-11-04T00:00:00,2026-12-03T23:59:59,22192684230,"C=US, O=Amazon, CN=Amazon RSA 2048 M04"
products.coastalscience.noaa.gov,Yes,Yes,2,1,2026-08-01T08:33:33,2026-10-30T08:33:32,28432007536;28432004518,"C=US, O=Let's Encrypt, CN=YR2"
projects.osd.noaa.gov,No,Yes,2,1,2026-05-14T00:00:00,2026-11-27T23:59:59,26355856997;26329882639,"C=US, O=Amazon, CN=Amazon RSA 2048 M01"
prometheus.awips-refactor-dev.vlab.nws.noaa.gov,Yes,Yes,2,1,2026-03-31T00:00:00,2026-10-14T23:59:59,25286305913;25310335269,"C=US, O=Amazon, CN=Amazon RSA 2048 M01"
ps-archiver.bldc.nwave.noaa.gov,No,Yes,4,2,2026-07-20T06:44:29,2026-10-18T16:53:51,28099811559;28086456091;28086446439;28099822270,"C=US, O=Let's Encrypt, CN=YE2;C=US, O=Let's Encrypt, CN=YE1"
ps-archiver.nwave.noaa.gov,Yes,Yes,8,2,2026-07-16T06:55:34,2026-10-18T16:53:51,28086446439;27976394988;28099822270;28099811559;27978070237;27978060311;28086456091;27976390892,"C=US, O=Let's Encrypt, CN=YE2;C=US, O=Let's Encrypt, CN=YE1"
ps-test-jdratlif.ctc.nwave.noaa.gov,Yes,Yes,4,1,2026-07-15T09:01:06,2026-10-14T08:09:58,27978071639;27950172267;27950191181;27978066087,"C=US, O=Let's Encrypt, CN=YE1"
ps.ctc.nwave.noaa.gov,Yes,Yes,4,2,2026-09-01T15:38:32,2026-12-02T06:14:18,29303946608;29303902008;29279459694;29231668427,"C=US, O=Let's Encrypt, CN=YR1;C=US, O=Let's Encrypt, CN=YR2"
psd.esrl.noaa.gov,Yes,Yes,1,1,2025-12-16T00:00:00,2026-12-22T23:59:59,23144776489,"C=US, O=DigiCert Inc, OU=www.digicert.com, CN=RapidSSL TLS RSA CA G1"
psl.noaa.gov,No,Yes,1,1,2026-08-31T16:11:40,2026-11-29T16:11:39,29470154666,"C=US, O=Let's Encrypt, CN=YR2"
public-auth.noaa.gov,Yes,Yes,2,1,2026-06-10T00:00:00,2026-12-24T23:59:59,27230782655;27061459800,"C=US, O=Amazon, CN=Amazon RSA 2048 M04"
publications.gsl.noaa.gov,Yes,Yes,2,1,2026-07-31T23:13:00,2026-10-29T23:12:59,28421641884;28421639684,"C=US, O=Let's Encrypt, CN=YR2"
pubsadmin-intra.pmel.noaa.gov,No,Yes,3,1,2025-09-12T00:00:00,2026-10-13T23:59:59,20977242448;20976430174;20976430097,"C=US, O=DigiCert Inc, CN=DigiCert Global G2 TLS RSA SHA256 2020 CA1"
pulsar.awips-refactor-dev.vlab.nws.noaa.gov,Yes,Yes,1,1,2025-11-17T00:00:00,2026-12-16T23:59:59,22545524004,"C=US, O=Amazon, CN=Amazon RSA 2048 M04"
puppet.bldc.nwave.noaa.gov,No,Yes,4,2,2026-07-12T09:01:30,2026-10-11T19:09:57,27872171139;27907096421;27872166455;27907091361,"C=US, O=Let's Encrypt, CN=YR1;C=US, O=Let's Encrypt, CN=YR2"
puppet.nwave.noaa.gov,No,Yes,4,2,2026-07-12T09:01:30,2026-10-11T19:09:57,27872171139;27907096421;27872166455;27907091361,"C=US, O=Let's Encrypt, CN=YR1;C=US, O=Let's Encrypt, CN=YR2"
purchaseknob.atdd.noaa.gov,No,Yes,2,1,2026-07-12T12:03:41,2026-10-10T12:03:40,27874780877;27874779075,"C=US, O=Let's Encrypt, CN=YE1"
pwa.nwave.noaa.gov,Yes,Yes,4,2,2026-07-14T09:09:11,2026-10-14T08:10:02,27978071922;27923055842;27923063340;27978062782,"C=US, O=Let's Encrypt, CN=YR1;C=US, O=Let's Encrypt, CN=YR2"
qosap-private.oarcloud.noaa.gov,Yes,Yes,2,1,2025-09-17T00:00:00,2026-10-16T23:59:59,21071677712;21072363427,"C=US, O=Amazon, CN=Amazon RSA 2048 M04"
qosap.research.noaa.gov,Yes,Yes,2,1,2025-09-29T00:00:00,2026-10-28T23:59:59,21346230848;21345824171,"C=US, O=Amazon, CN=Amazon RSA 2048 M01"
qrba-dev.gsd.esrl.noaa.gov,Yes,Yes,2,1,2026-08-21T07:19:31,2026-11-19T07:19:30,29058665312;29215470444,"C=US, O=Let's Encrypt, CN=YR2"
qrba-int.gsd.esrl.noaa.gov,Yes,Yes,2,1,2026-08-22T09:06:12,2026-11-20T09:06:11,29009442037;29145275651,"C=US, O=Let's Encrypt, CN=YR2"
qumulo-dev1-1.gsd.esrl.noaa.gov,Yes,Yes,2,1,2026-07-30T09:04:27,2026-10-28T09:04:26,28375862047;28375874336,"C=US, O=Let's Encrypt, CN=YR2"
qumulo-dev1.gsd.esrl.noaa.gov,Yes,Yes,2,1,2026-07-15T12:56:24,2026-10-13T12:56:23,27954848495;27954855065,"C=US, O=Let's Encrypt, CN=YR2"
qumulo-int1-1.gsd.esrl.noaa.gov,Yes,Yes,2,1,2026-07-29T23:11:58,2026-10-27T23:11:57,28363961815;28363978337,"C=US, O=Let's Encrypt, CN=YR1"
qumulo-int1.gsd.esrl.noaa.gov,Yes,Yes,2,1,2026-07-15T09:10:05,2026-10-13T09:10:04,27950376476;27950369694,"C=US, O=Let's Encrypt, CN=YR2"
rabbitmq.tsds.bldc.nwave.noaa.gov,Yes,Yes,4,2,2026-07-14T09:10:39,2026-10-14T08:10:05,27978064903;27978063199;27923101117;27923092573,"C=US, O=Let's Encrypt, CN=YE1;C=US, O=Let's Encrypt, CN=YE2"
rabbitmq.tsds.boul.nwave.noaa.gov,Yes,Yes,4,2,2026-07-13T09:02:29,2026-10-12T23:40:48,27895844392;27939897970;27895838017;27939906535,"C=US, O=Let's Encrypt, CN=YE2;C=US, O=Let's Encrypt, CN=YE1"
rabbitmq.tsds.ctc.nwave.noaa.gov,Yes,Yes,4,1,2026-07-14T09:12:07,2026-10-14T08:10:11,27923132142;27978069287;27978072452;27923143946,"C=US, O=Let's Encrypt, CN=YE1"
rabbitmq.tsds.hchb.bldc.nwave.noaa.gov,Yes,Yes,4,2,2026-07-13T19:14:25,2026-10-12T12:48:37,27907183277;27927448553;27907190361;27927456532,"C=US, O=Let's Encrypt, CN=YE1;C=US, O=Let's Encrypt, CN=YE2"
radb-populator.bldc.nwave.noaa.gov,No,Yes,4,2,2026-07-17T08:16:24,2026-10-16T06:49:23,28033188457;28007401580;28033185256;28007397195,"C=US, O=Let's Encrypt, CN=YE2;C=US, O=Let's Encrypt, CN=YE1"
radb-populator.nwave.noaa.gov,Yes,Yes,4,2,2026-07-17T08:16:24,2026-10-16T06:49:23,28033188457;28007401580;28033185256;28007397195,"C=US, O=Let's Encrypt, CN=YE2;C=US, O=Let's Encrypt, CN=YE1"
radius.pmel.noaa.gov,No,Yes,3,1,2025-09-12T00:00:00,2026-10-13T23:59:59,20977242448;20976430174;20976430097,"C=US, O=DigiCert Inc, CN=DigiCert Global G2 TLS RSA SHA256 2020 CA1"
rancher-b1.gsd.esrl.noaa.gov,Yes,Yes,1,1,2026-09-01T19:45:23,2026-11-30T19:45:22,29241078608,"C=US, O=Let's Encrypt, CN=YE2"
rancher-prod.gsd.esrl.noaa.gov,Yes,Yes,2,1,2026-07-29T09:10:21,2026-10-27T09:10:20,28347110719;28347113721,"C=US, O=Let's Encrypt, CN=YR2"
rancher.awips-refactor-dev.vlab.nws.noaa.gov,No,Yes,2,1,2026-05-30T00:00:00,2026-12-13T23:59:59,26747405041;26790539156,"C=US, O=Amazon, CN=Amazon RSA 2048 M01"
rancher.gsd.esrl.noaa.gov,Yes,Yes,2,1,2026-08-05T13:00:02,2026-11-03T13:00:01,28559430351;28559426067,"C=US, O=Let's Encrypt, CN=YR1"
rancher.k8s.nwave.noaa.gov,Yes,Yes,2,1,2026-07-22T14:51:28,2026-10-20T14:51:27,28156664949;28156663065,"C=US, O=Let's Encrypt, CN=YR2"
rancid-new.bldc.nwave.noaa.gov,No,Yes,4,1,2026-07-14T19:21:17,2026-10-14T06:55:37,27976393027;27935103020;27935115734;27976393838,"C=US, O=Let's Encrypt, CN=YR2"
rancid-new.boul.nwave.noaa.gov,No,Yes,4,2,2026-07-15T12:48:49,2026-10-14T16:49:01,27988822945;27954713058;27988819425;27954701968,"C=US, O=Let's Encrypt, CN=YR1;C=US, O=Let's Encrypt, CN=YR2"
rancid-new.ctc.nwave.noaa.gov,No,Yes,2,2,2026-09-02T14:18:48,2026-12-03T04:04:41,29331789341;29289253249,"C=US, O=Let's Encrypt, CN=YR1;C=US, O=Let's Encrypt, CN=YR2"
rancid.bldc.nwave.noaa.gov,Yes,Yes,4,1,2026-07-14T19:21:17,2026-10-14T06:55:37,27976393027;27935103020;27935115734;27976393838,"C=US, O=Let's Encrypt, CN=YR2"
rancid.boul.nwave.noaa.gov,Yes,Yes,4,2,2026-07-15T12:48:49,2026-10-14T16:49:01,27988822945;27954713058;27988819425;27954701968,"C=US, O=Let's Encrypt, CN=YR1;C=US, O=Let's Encrypt, CN=YR2"
rancid.ctc.nwave.noaa.gov,Yes,Yes,2,2,2026-09-02T14:18:48,2026-12-03T04:04:41,29331789341;29289253249,"C=US, O=Let's Encrypt, CN=YR1;C=US, O=Let's Encrypt, CN=YR2"
rapidrefresh.noaa.gov,Yes,Yes,14,5,2026-07-14T15:15:13,2026-10-28T02:14:51,27938715524;27938716924;27930484033;28366510544;27934631321;27930484169;27930497588;27930481271;27934634334;27973421503;27934638516;28366533142;27973416522;27934634083,"C=US, O=SSL Corporation, CN=Cloudflare TLS Issuing RSA CA 4;C=US, O=Let's Encrypt, CN=YR2;C=US, O=Let's Encrypt, CN=YE1;C=US, O=Let's Encrypt, CN=YR1;C=US, O=SSL Corporation, CN=Cloudflare TLS Issuing ECC CA 4"
ras.pmel.noaa.gov,No,Yes,6,1,2025-09-12T00:00:00,2026-10-13T23:59:59,20977242448;20976430097;20979386850;20976430174;20977992906;21115328574,"C=US, O=DigiCert Inc, CN=DigiCert Global G2 TLS RSA SHA256 2020 CA1"
raskc.pmel.noaa.gov,No,Yes,5,1,2025-09-12T00:00:00,2026-10-13T23:59:59,20977242448;20976430097;20979386850;20976430174;20977992906,"C=US, O=DigiCert Inc, CN=DigiCert Global G2 TLS RSA SHA256 2020 CA1"
raw.github.nwave.noaa.gov,No,Yes,4,2,2026-07-17T07:01:06,2026-10-17T08:08:12,28060184600;28005784207;28060165929;28005791772,"C=US, O=Let's Encrypt, CN=YE1;C=US, O=Let's Encrypt, CN=YE2"
rec-tools-northeast.fisheries.noaa.gov,No,Yes,2,1,2026-08-25T18:42:04,2026-11-23T18:42:03,29075163185;29249985447,"C=US, O=Let's Encrypt, CN=YR2"
redis.awips-refactor-dev.vlab.nws.noaa.gov,Yes,Yes,2,1,2026-04-14T00:00:00,2026-10-28T23:59:59,25839114968;25515552905,"C=US, O=Amazon, CN=Amazon RSA 2048 M04"
redwing.pmel.noaa.gov,No,Yes,3,1,2025-09-12T00:00:00,2026-10-13T23:59:59,20977242448;20976430174;20976430097,"C=US, O=DigiCert Inc, CN=DigiCert Global G2 TLS RSA SHA256 2020 CA1"
reef.coast.noaa.gov,No,Yes,1,1,2026-08-30T06:10:58,2026-11-28T06:10:57,29385018053,"C=US, O=Let's Encrypt, CN=YR2"
regions.noaa.gov,Yes,Yes,1,1,2026-06-09T00:00:00,2026-12-23T23:59:59,27013788795,"C=US, O=Amazon, CN=Amazon RSA 2048 M04"
registry-dash-temp.pmel.noaa.gov,No,Yes,6,1,2025-09-12T00:00:00,2026-10-13T23:59:59,20977242448;20976430097;20976430174;21039237143;21383989218;21040359707,"C=US, O=DigiCert Inc, CN=DigiCert Global G2 TLS RSA SHA256 2020 CA1"
registry-dash.pmel.noaa.gov,No,Yes,6,1,2025-09-12T00:00:00,2026-10-13T23:59:59,20977242448;20976430097;20976430174;21039237143;21383989218;21040359707,"C=US, O=DigiCert Inc, CN=DigiCert Global G2 TLS RSA SHA256 2020 CA1"
registry-viz-temp.pmel.noaa.gov,No,Yes,6,1,2025-09-12T00:00:00,2026-10-13T23:59:59,20977242448;20976430097;20976430174;21039237143;21383989218;21040359707,"C=US, O=DigiCert Inc, CN=DigiCert Global G2 TLS RSA SHA256 2020 CA1"
registry-viz.pmel.noaa.gov,No,Yes,6,1,2025-09-12T00:00:00,2026-10-13T23:59:59,20977242448;20976430097;20976430174;21039237143;21383989218;21040359707,"C=US, O=DigiCert Inc, CN=DigiCert Global G2 TLS RSA SHA256 2020 CA1"
registry.gitlab-community.vlab-dev.noaa.gov,Yes,Yes,2,1,2026-05-18T00:00:00,2026-12-01T23:59:59,26486567016;26430915854,"C=US, O=Amazon, CN=Amazon RSA 2048 M04"
registry.gitlab-community.vlab.noaa.gov,No,Yes,2,1,2026-05-19T00:00:00,2026-12-02T23:59:59,26460160137;26458761540,"C=US, O=Amazon, CN=Amazon RSA 2048 M04"
registry.gitlab-licensed.vlab-dev.noaa.gov,No,Yes,2,1,2026-05-18T00:00:00,2026-12-01T23:59:59,26486567016;26430915854,"C=US, O=Amazon, CN=Amazon RSA 2048 M04"
registry.gitlab-licensed.vlab.noaa.gov,No,Yes,2,1,2026-05-19T00:00:00,2026-12-02T23:59:59,26460160137;26458761540,"C=US, O=Amazon, CN=Amazon RSA 2048 M04"
remote-pmel.pmel.noaa.gov,No,Yes,3,1,2025-09-12T00:00:00,2026-10-13T23:59:59,20977242448;20976430174;20976430097,"C=US, O=DigiCert Inc, CN=DigiCert Global G2 TLS RSA SHA256 2020 CA1"
remote-socat.pmel.noaa.gov,No,Yes,6,1,2025-09-12T00:00:00,2026-10-13T23:59:59,20977242448;20976430097;20979386850;20976430174;20977992906;21117538588,"C=US, O=DigiCert Inc, CN=DigiCert Global G2 TLS RSA SHA256 2020 CA1"
remote.pmel.noaa.gov,No,Yes,7,1,2025-09-12T00:00:00,2026-10-13T23:59:59,20977242448;20976430097;20979386850;23063015363;20976430174;20977992906;21037150454,"C=US, O=DigiCert Inc, CN=DigiCert Global G2 TLS RSA SHA256 2020 CA1"
remotesupport.nos.noaa.gov,Yes,Yes,1,1,2026-05-05T00:00:00,2026-11-19T23:59:59,26091891807,"C=US, O=DigiCert Inc, CN=DigiCert Global G2 TLS RSA SHA256 2020 CA1"
reply.github.nwave.noaa.gov,No,Yes,4,2,2026-07-17T07:01:06,2026-10-17T08:08:12,28060184600;28005784207;28060165929;28005791772,"C=US, O=Let's Encrypt, CN=YE1;C=US, O=Let's Encrypt, CN=YE2"
repos.star.nesdis.noaa.gov,Yes,Yes,2,1,2026-07-20T23:23:25,2026-10-18T23:23:24,28107869376;28107874061,"C=US, O=Let's Encrypt, CN=YR2"
repository.library.noaa.gov,No,Yes,2,1,2026-07-29T15:06:01,2026-10-27T15:06:00,28354452068;28354459649,"C=US, O=Let's Encrypt, CN=YR1"
research.noaa.gov,Yes,Yes,5,1,2025-10-09T00:00:00,2026-11-07T23:59:59,21589468559;21588319254;25514865200;21586047475;21586046152,"C=US, O=Amazon, CN=Amazon RSA 2048 M01"
researchprojects.noaa.gov,Yes,Yes,2,1,2026-06-13T00:00:00,2026-12-27T23:59:59,27142024282;27275561782,"C=US, O=Amazon, CN=Amazon RSA 2048 M04"
response.restoration.noaa.gov,Yes,Yes,4,2,2025-10-15T00:00:00,2026-11-18T23:59:59,21861236518;21746715404;21862626045;21861236796,"C=US, O=Amazon, CN=Amazon RSA 2048 M04;C=US, O=Amazon, CN=Amazon RSA 2048 M01"
restic.psl.noaa.gov,Yes,Yes,1,1,2026-08-31T15:53:03,2026-11-29T15:53:02,29210244367,"C=US, O=Let's Encrypt, CN=YE2"
restoration.noaa.gov,No,Yes,2,1,2025-11-19T00:00:00,2026-12-16T23:59:59,22608680517;22602792439,"C=US, O=Amazon, CN=Amazon RSA 2048 M01"
restorationdata.noaa.gov,No,Yes,2,1,2026-07-17T18:19:18,2026-10-15T18:19:17,28019527451;28019530271,"C=US, O=Let's Encrypt, CN=YR2"
restoreactscienceprogram.noaa.gov,Yes,Yes,2,1,2026-08-01T08:38:21,2026-10-30T08:38:20,28432080092;28432071988,"C=US, O=Let's Encrypt, CN=YR1"
rhs9025.star.nesdis.noaa.gov,Yes,Yes,4,1,2026-07-24T17:47:33,2026-11-06T00:14:44,28218538811;28635228159;28218549911;28635233285,"C=US, O=Let's Encrypt, CN=YR1"
rhsm-proxy.gsd.esrl.noaa.gov,Yes,Yes,2,1,2026-07-11T23:16:36,2026-10-09T23:16:35,27863714600;27863708901,"C=US, O=Let's Encrypt, CN=YR2"
rightwhalessouth.nmfs.noaa.gov,No,Yes,8,3,2026-04-09T00:00:00,2026-10-31T23:59:59,25528596533;25456682906;25456698325;28299357218;25547299431;25547316029;25705344977;28299361868,"C=US, O=DigiCert Inc, CN=DigiCert Global G3 TLS ECC SHA384 2020 CA1;C=US, O=Let's Encrypt, CN=YR2;C=US, O=DigiCert Inc, CN=DigiCert Global G2 TLS RSA SHA256 2020 CA1"
ripcurrents.noaa.gov,No,Yes,2,1,2026-08-03T13:00:21,2026-11-01T13:00:20,28494560988;28494560539,"C=US, O=Let's Encrypt, CN=YR2"
roc.noaa.gov,No,Yes,1,1,2026-05-19T00:00:00,2026-12-03T23:59:59,26476320299,"C=US, O=DigiCert Inc, CN=DigiCert Global G2 TLS RSA SHA256 2020 CA1"
rogue.pmel.noaa.gov,No,Yes,3,1,2025-09-12T00:00:00,2026-10-13T23:59:59,20977242448;20976430174;20976430097,"C=US, O=DigiCert Inc, CN=DigiCert Global G2 TLS RSA SHA256 2020 CA1"
rsa-vlc-ftp1.cnrfc.noaa.gov,Yes,Yes,1,1,2025-11-03T00:00:00,2026-11-02T23:59:59,22183882445,"C=US, O=DigiCert Inc, CN=DigiCert Global G2 TLS RSA SHA256 2020 CA1"
rssic-dev.nws.noaa.gov,No,Yes,2,1,2026-04-22T00:00:00,2026-11-05T23:59:59,25654362395;25975234911,"C=US, O=Amazon, CN=Amazon RSA 2048 M01"
rssic.nws.noaa.gov,No,Yes,2,1,2026-04-22T00:00:00,2026-11-05T23:59:59,25654362395;25975234911,"C=US, O=Amazon, CN=Amazon RSA 2048 M01"
rubygems.github.nwave.noaa.gov,No,Yes,4,2,2026-07-17T07:01:06,2026-10-17T08:08:12,28060184600;28005784207;28060165929;28005791772,"C=US, O=Let's Encrypt, CN=YE1;C=US, O=Let's Encrypt, CN=YE2"
ruc.noaa.gov,Yes,Yes,2,1,2026-08-04T23:14:23,2026-11-02T23:14:22,28540822054;28540869530,"C=US, O=Let's Encrypt, CN=YR1"
rucsoundings.noaa.gov,Yes,Yes,2,1,2026-08-05T13:00:45,2026-11-03T13:00:44,28559455288;28559439535,"C=US, O=Let's Encrypt, CN=YR2"
rudics.pmel.noaa.gov,No,Yes,5,1,2025-09-12T00:00:00,2026-10-13T23:59:59,20977242448;20976430097;20979386850;20976430174;20977992906,"C=US, O=DigiCert Inc, CN=DigiCert Global G2 TLS RSA SHA256 2020 CA1"
sab.noaa.gov,Yes,Yes,3,2,2025-09-18T00:00:00,2026-10-17T23:59:59,21100095878;21099279553;21100498976,"C=US, O=Amazon, CN=Amazon RSA 2048 M04;C=US, O=Amazon, CN=Amazon RSA 2048 M01"
salt-foreman-t.gsd.esrl.noaa.gov,Yes,Yes,2,1,2026-07-28T23:14:07,2026-10-26T23:14:06,28334997313;28334897903,"C=US, O=Let's Encrypt, CN=YR2"
salt-foreman.gsd.esrl.noaa.gov,Yes,Yes,2,1,2026-07-07T16:39:57,2026-10-05T16:39:56,27762181296;27762177447,"C=US, O=Let's Encrypt, CN=R13"
salt-syndic-t.gsd.esrl.noaa.gov,Yes,Yes,2,1,2026-08-01T09:03:57,2026-10-30T09:03:56,28432525980;28432531159,"C=US, O=Let's Encrypt, CN=YR2"
salt-syndic-t2.gsd.esrl.noaa.gov,Yes,Yes,2,1,2026-08-21T09:12:40,2026-11-19T09:12:39,29058625365;29222758204,"C=US, O=Let's Encrypt, CN=YR2"
salt-syndic1.gsd.esrl.noaa.gov,Yes,Yes,2,1,2026-08-21T07:20:14,2026-11-19T07:20:13,29058681931;29215529114,"C=US, O=Let's Encrypt, CN=YR1"
saml.woc.noaa.gov,Yes,Yes,4,1,2026-08-17T10:12:38,2026-11-15T10:12:48,28901101716;28901098520;28977595910;28901100221,"C=US, O=Let's Encrypt, CN=YR1"
sanctuaries.noaa.gov,Yes,Yes,2,1,2026-08-01T06:12:54,2026-10-30T06:12:53,28429400936;28429388862,"C=US, O=Let's Encrypt, CN=YR2"
satellitemaps.nesdis.noaa.gov,Yes,Yes,2,1,2026-03-25T00:00:00,2026-10-09T23:59:59,25218590784;29463434778,"C=US, O=DigiCert Inc, CN=DigiCert Global G2 TLS RSA SHA256 2020 CA1"
satepsanone.espc.nesdis.noaa.gov,No,Yes,2,1,2026-05-27T00:00:00,2026-12-10T23:59:59,26683439566;26722954560,"C=US, O=Amazon, CN=Amazon RSA 2048 M01"
satepsanone.nesdis.noaa.gov,Yes,Yes,2,1,2026-05-27T00:00:00,2026-12-10T23:59:59,26683439566;26722954560,"C=US, O=Amazon, CN=Amazon RSA 2048 M01"
scdr-api.star.nesdis.noaa.gov,Yes,Yes,4,2,2026-07-24T17:57:46,2026-11-01T00:13:35,28218735770;28218735587;28477043382;28477050037,"C=US, O=Let's Encrypt, CN=YR1;C=US, O=Let's Encrypt, CN=YR2"
sched.wdtd.nws.noaa.gov,Yes,Yes,6,2,2026-04-04T00:00:00,2026-11-10T02:02:27,25446750824;28637369204;28637368824;28759519619;28759530450;25520133502,"C=US, O=Let's Encrypt, CN=YR2;C=US, O=Amazon, CN=Amazon RSA 2048 M04"
schist.pmel.noaa.gov,No,Yes,4,1,2025-09-12T00:00:00,2026-10-13T23:59:59,20977242448;20976430097;20976430174;23062986168,"C=US, O=DigiCert Inc, CN=DigiCert Global G2 TLS RSA SHA256 2020 CA1"
scsshore.noaa.gov,Yes,Yes,1,1,2025-12-03T00:00:00,2026-10-26T23:59:59,22887204080,"C=US, O=DigiCert Inc, CN=DigiCert Global G2 TLS RSA SHA256 2020 CA1"
scupper.pmel.noaa.gov,No,Yes,3,1,2025-09-12T00:00:00,2026-10-13T23:59:59,20977242448;20976430174;20976430097,"C=US, O=DigiCert Inc, CN=DigiCert Global G2 TLS RSA SHA256 2020 CA1"
sdat.noaa.gov,Yes,Yes,2,1,2026-06-01T00:00:00,2026-12-16T23:59:59,26803610490;26924014125,"C=US, O=DigiCert Inc, CN=DigiCert Global G2 TLS RSA SHA256 2020 CA1"
sdd.noaa.gov,Yes,Yes,2,1,2026-08-16T03:04:07,2026-11-14T03:04:06,28879222656;28937724838,"C=US, O=Let's Encrypt, CN=YR2"
seafoodinspection.nmfs.noaa.gov,No,Yes,8,3,2026-04-09T00:00:00,2026-10-31T23:59:59,25528596533;25456682906;25456698325;28299357218;25547299431;25547316029;25705344977;28299361868,"C=US, O=DigiCert Inc, CN=DigiCert Global G3 TLS ECC SHA384 2020 CA1;C=US, O=Let's Encrypt, CN=YR2;C=US, O=DigiCert Inc, CN=DigiCert Global G2 TLS RSA SHA256 2020 CA1"
seafoodtrace.noaa.gov,No,Yes,8,3,2026-04-09T00:00:00,2026-10-31T23:59:59,25528596533;25456682906;25456698325;28299357218;25547299431;25547316029;25705344977;28299361868,"C=US, O=DigiCert Inc, CN=DigiCert Global G3 TLS ECC SHA384 2020 CA1;C=US, O=Let's Encrypt, CN=YR2;C=US, O=DigiCert Inc, CN=DigiCert Global G2 TLS RSA SHA256 2020 CA1"
seagrant.dev.oarcloud.noaa.gov,Yes,Yes,2,1,2026-04-21T00:00:00,2026-11-04T23:59:59,25970301963;25638090765,"C=US, O=Amazon, CN=Amazon RSA 2048 M04"
seahorse.nhc.noaa.gov,No,Yes,29,2,2026-07-07T00:00:00,2026-12-04T23:59:59,28800820847;28829908494;28746925953;27744140757;28595127666;28189902205;28826612981;29355326600;28746925875;29323437661;27988602332;27811192402;27811199305;27988594665;28542125356;28385664688;28189902547;29038567119;27744140766;27858171484;28385664387;27858171323;29038567262;28572945603;28542125672;28572945141;29316039818;28595128394;28826596487,"C=AT, O=ZeroSSL GmbH, CN=ZeroSSL ECC DV SSL CA 2;C=AT, O=ZeroSSL GmbH, CN=ZeroSSL RSA DV SSL CA 2"
seahorse3-internal.nhc.noaa.gov,Yes,Yes,29,2,2026-07-07T00:00:00,2026-12-04T23:59:59,28800820847;28829908494;28746925953;27744140757;28595127666;28189902205;28826612981;29355326600;28746925875;29323437661;27988602332;27811192402;27811199305;27988594665;28542125356;28385664688;28189902547;29038567119;27744140766;27858171484;28385664387;27858171323;29038567262;28572945603;28542125672;28572945141;29316039818;28595128394;28826596487,"C=AT, O=ZeroSSL GmbH, CN=ZeroSSL ECC DV SSL CA 2;C=AT, O=ZeroSSL GmbH, CN=ZeroSSL RSA DV SSL CA 2"
seahorse3.nhc.noaa.gov,No,Yes,2,1,2026-08-13T00:00:00,2026-11-11T23:59:59,28826596487;28826612981,"C=AT, O=ZeroSSL GmbH, CN=ZeroSSL ECC DV SSL CA 2"
search.noaa.gov,No,Yes,2,1,2026-07-07T16:53:32,2026-10-05T16:53:31,27762408067;27762411898,"C=US, O=Let's Encrypt, CN=YR1"
search.usa.gov,Yes,No,2,1,2026-07-07T16:53:32,2026-10-05T16:53:31,27762408067;27762411898,"C=US, O=Let's Encrypt, CN=YR1"
secatchshares.fisheries.noaa.gov,Yes,Yes,2,1,2025-10-23T00:00:00,2026-11-18T23:59:59,21944492598;21944508653,"C=US, O=""Network Solutions, LLC"", CN=Network Solutions RSA DV SSL CA 4"
seco.noaa.gov,Yes,Yes,2,1,2026-07-14T11:48:46,2026-10-12T11:48:45,27926332633;27926327427,"C=US, O=Let's Encrypt, CN=YR1"
secure.cao.noaa.gov,No,Yes,2,1,2026-04-15T00:00:00,2026-10-29T23:59:59,25905317331;25875957156,"C=US, O=Amazon, CN=Amazon RSA 2048 M01"
secure.pps.noaa.gov,No,Yes,2,1,2026-04-15T00:00:00,2026-10-29T23:59:59,25905317331;25875957156,"C=US, O=Amazon, CN=Amazon RSA 2048 M01"
secure.seco.noaa.gov,Yes,Yes,2,1,2026-04-15T00:00:00,2026-10-29T23:59:59,25905317331;25875957156,"C=US, O=Amazon, CN=Amazon RSA 2048 M01"
secure.weather.training.noaa.gov,Yes,Yes,1,1,2026-06-04T00:00:00,2026-12-18T23:59:59,26869244753,"C=US, O=Amazon, CN=Amazon RSA 2048 M01"
security.ncep.noaa.gov,No,Yes,3,1,2026-05-21T21:44:52,2026-12-11T20:45:54,26532526621;26689796855;28496658134,"C=US, ST=Arizona, L=Scottsdale, O=""GoDaddy.com, Inc."", OU=http://certs.godaddy.com/repository/, CN=Go Daddy Secure Certificate Authority - G2"
sentinel.pmel.noaa.gov,No,Yes,4,1,2025-09-12T00:00:00,2026-10-13T23:59:59,20977242448;20976430097;20976430174;21254043591,"C=US, O=DigiCert Inc, CN=DigiCert Global G2 TLS RSA SHA256 2020 CA1"
sentry.pmel.noaa.gov,No,Yes,4,1,2025-09-12T00:00:00,2026-10-13T23:59:59,20977242448;20976430097;20976430174;21254043591,"C=US, O=DigiCert Inc, CN=DigiCert Global G2 TLS RSA SHA256 2020 CA1"
sero.nmfs.noaa.gov,No,Yes,8,3,2026-04-09T00:00:00,2026-10-31T23:59:59,25528596533;25456682906;25456698325;28299357218;25547299431;25547316029;25705344977;28299361868,"C=US, O=DigiCert Inc, CN=DigiCert Global G3 TLS ECC SHA384 2020 CA1;C=US, O=Let's Encrypt, CN=YR2;C=US, O=DigiCert Inc, CN=DigiCert Global G2 TLS RSA SHA256 2020 CA1"
service.pmel.noaa.gov,No,Yes,7,1,2025-09-12T00:00:00,2026-10-13T23:59:59,20977242448;20976430097;20979386850;23063015363;20976430174;20977992906;21037150454,"C=US, O=DigiCert Inc, CN=DigiCert Global G2 TLS RSA SHA256 2020 CA1"
servicedesk.aoml.noaa.gov,Yes,Yes,1,1,2025-12-18T00:00:00,2026-12-17T23:59:59,23202979380,"C=US, O=DigiCert Inc, OU=www.digicert.com, CN=GeoTrust TLS RSA CA G1"
servicedesk.gfdl.noaa.gov,Yes,Yes,5,2,2026-07-31T18:59:55,2026-11-29T16:54:48,29200359075;29200343110;29200335972;28416837175;28416829093,"C=US, O=Let's Encrypt, CN=YR1;C=US, O=Let's Encrypt, CN=YR2"
services.dat.noaa.gov,Yes,Yes,1,1,2026-04-07T00:00:00,2026-10-22T23:59:59,25619686588,"C=US, O=DigiCert Inc, OU=www.digicert.com, CN=GeoTrust TLS RSA CA G1"
services.nesdis.noaa.gov,Yes,Yes,1,1,2025-11-12T00:00:00,2026-11-17T23:59:59,22414437064,"C=US, O=DigiCert Inc, CN=DigiCert Global G2 TLS RSA SHA256 2020 CA1"
services.swpc.noaa.gov,Yes,Yes,3,2,2025-09-23T00:00:00,2026-10-23T23:59:59,21226118595;21227654638;21251356052,"C=US, O=Amazon, CN=Amazon RSA 2048 M04;C=US, O=Amazon, CN=Amazon RSA 2048 M01"
services.swpc.woc.noaa.gov,No,Yes,3,2,2025-09-23T00:00:00,2026-10-23T23:59:59,21226118595;21227654638;21251356052,"C=US, O=Amazon, CN=Amazon RSA 2048 M04;C=US, O=Amazon, CN=Amazon RSA 2048 M01"
services.tsds.bldc.nwave.noaa.gov,No,Yes,14,2,2026-07-07T09:03:50,2026-12-05T06:12:29,29391379815;29391392482;27764702554;29371379935;29363253803;27754179456;27773996928;27754413371;27754408792;27773996822;27754178100;29372664706;29399645286;27764712437,"C=US, O=Let's Encrypt, CN=YE1;C=US, O=Let's Encrypt, CN=YE2"
services.tsds.ctc.nwave.noaa.gov,No,Yes,8,2,2026-07-12T09:03:07,2026-10-11T19:14:29,27907178358;27886138226;27907182944;27872200876;27886136986;27872191945;27872191102;27872203331,"C=US, O=Let's Encrypt, CN=YE1;C=US, O=Let's Encrypt, CN=YE2"
services.tsds.hchb.bldc.nwave.noaa.gov,No,Yes,1,1,2026-09-02T14:18:55,2026-12-01T14:18:54,29278048257,"C=US, O=Let's Encrypt, CN=YE1"
services.tsds.hchb.ctc.nwave.noaa.gov,No,Yes,5,2,2026-08-23T06:08:04,2026-12-01T14:18:54,29278048257;29096836659;29253021030;29036355505;29025924714,"C=US, O=Let's Encrypt, CN=YE2;C=US, O=Let's Encrypt, CN=YE1"
services.tsds.hchb.nwave.noaa.gov,Yes,Yes,1,1,2026-09-02T14:18:55,2026-12-01T14:18:54,29278048257,"C=US, O=Let's Encrypt, CN=YE1"
services.tsds.nwave.noaa.gov,No,Yes,11,2,2026-07-07T09:15:53,2026-12-05T06:12:29,27907178358;29371379935;29363253803;27907182944;27773996928;27754413371;27754408792;27773996822;27872191945;29399645286;27872203331,"C=US, O=Let's Encrypt, CN=YE1;C=US, O=Let's Encrypt, CN=YE2"
sftp.afsc.noaa.gov,No,Yes,6,2,2026-04-09T00:00:00,2026-10-31T23:59:59,25528596533;25456682906;25456698325;25547299431;25547316029;25705344977,"C=US, O=DigiCert Inc, CN=DigiCert Global G3 TLS ECC SHA384 2020 CA1;C=US, O=DigiCert Inc, CN=DigiCert Global G2 TLS RSA SHA256 2020 CA1"
sftp.pmel.noaa.gov,No,Yes,6,1,2025-09-12T00:00:00,2026-10-13T23:59:59,20977242448;20976430097;20979386850;20976430174;20977992906;21207669781,"C=US, O=DigiCert Inc, CN=DigiCert Global G2 TLS RSA SHA256 2020 CA1"
shared.woc.noaa.gov,Yes,Yes,1,1,2026-05-27T00:00:00,2026-12-10T23:59:59,26669454392,"C=US, O=Amazon, CN=Amazon RSA 2048 M04"
shark-west.haes.noaa.gov,Yes,Yes,2,1,2026-08-11T12:01:43,2026-11-09T12:01:42,28740204644;28740156537,"C=US, O=Let's Encrypt, CN=YR1"
shark.haes.noaa.gov,Yes,Yes,2,1,2026-07-31T11:31:59,2026-10-29T11:31:58,28407766938;28407774167,"C=US, O=Let's Encrypt, CN=YR1"
shoreline.dev.coast.noaa.gov,No,Yes,2,1,2026-07-19T06:32:45,2026-10-17T06:32:44,28058325359;28058320198,"C=US, O=Let's Encrypt, CN=YR1"
sift-docs.pmel.noaa.gov,No,Yes,3,1,2025-09-12T00:00:00,2026-10-13T23:59:59,20977242448;20976430174;20976430097,"C=US, O=DigiCert Inc, CN=DigiCert Global G2 TLS RSA SHA256 2020 CA1"
sift.pmel.noaa.gov,No,Yes,7,1,2025-09-12T00:00:00,2026-10-13T23:59:59,20977242448;20976430097;20979386850;23063015363;20976430174;20977992906;21037150454,"C=US, O=DigiCert Inc, CN=DigiCert Global G2 TLS RSA SHA256 2020 CA1"
silver.pmel.noaa.gov,No,Yes,3,1,2025-09-12T00:00:00,2026-10-13T23:59:59,20977242448;20976430174;20976430097,"C=US, O=DigiCert Inc, CN=DigiCert Global G2 TLS RSA SHA256 2020 CA1"
simp-data-silv.ctc.nwave.noaa.gov,Yes,Yes,4,2,2026-07-16T16:52:03,2026-10-15T07:05:43,27988871333;28005858584;27988862374;28005873272,"C=US, O=Let's Encrypt, CN=YR1;C=US, O=Let's Encrypt, CN=YR2"
simp-poller.silv.nwave.noaa.gov,Yes,Yes,4,1,2026-07-17T16:59:37,2026-10-16T06:49:27,28017798083;28033186346;28017801660;28033187705,"C=US, O=Let's Encrypt, CN=YR2"
simp-poller.silv2.nwave.noaa.gov,Yes,Yes,4,1,2026-07-12T23:47:50,2026-10-14T06:55:43,27886176697;27976394467;27886185682;27976394494,"C=US, O=Let's Encrypt, CN=YR2"
sitereg.awips-refactor-dev.vlab.nws.noaa.gov,No,Yes,2,1,2026-05-30T00:00:00,2026-12-13T23:59:59,26747405041;26790539156,"C=US, O=Amazon, CN=Amazon RSA 2048 M01"
sites.gsl.noaa.gov,Yes,Yes,2,1,2026-08-19T07:13:02,2026-11-17T07:13:01,28939705626;28985628309,"C=US, O=Let's Encrypt, CN=YR2"
skywalker.aoml.noaa.gov,Yes,Yes,1,1,2025-09-26T00:00:00,2026-10-16T23:59:59,21294536146,"C=US, O=DigiCert Inc, OU=www.digicert.com, CN=GeoTrust TLS RSA CA G1"
skywalkertest.aoml.noaa.gov,Yes,Yes,1,1,2025-09-26T00:00:00,2026-10-16T23:59:59,21294139356,"C=US, O=DigiCert Inc, OU=www.digicert.com, CN=GeoTrust TLS RSA CA G1"
slosh.nws.noaa.gov,Yes,Yes,1,1,2026-08-31T14:55:17,2026-11-29T14:55:16,29420092599,"C=US, O=Let's Encrypt, CN=YR1"
smokey.pmel.noaa.gov,No,Yes,3,1,2025-09-12T00:00:00,2026-10-13T23:59:59,20977242448;20976430174;20976430097,"C=US, O=DigiCert Inc, CN=DigiCert Global G2 TLS RSA SHA256 2020 CA1"
smtp-gw1.gsd.esrl.noaa.gov,Yes,Yes,2,1,2026-08-01T13:03:19,2026-10-30T13:03:18,28436929643;28436919505,"C=US, O=Let's Encrypt, CN=YR1"
smtp-gw2.gsd.esrl.noaa.gov,Yes,Yes,2,1,2026-08-02T13:07:57,2026-10-31T13:07:56,28463008167;28463009808,"C=US, O=Let's Encrypt, CN=YR2"
snapp-frontend.bldc.nwave.noaa.gov,Yes,Yes,4,2,2026-07-19T16:58:30,2026-10-18T06:46:02,28070421535;28086486832;28070407432;28086488163,"C=US, O=Let's Encrypt, CN=YR1;C=US, O=Let's Encrypt, CN=YR2"
snapp-frontend.ctc.nwave.noaa.gov,Yes,Yes,4,2,2026-07-11T19:11:32,2026-10-10T09:03:38,27860345275;27872193716;27872202965;27860342639,"C=US, O=Let's Encrypt, CN=YR1;C=US, O=Let's Encrypt, CN=YR2"
snapp-frontend.nwave.noaa.gov,No,Yes,8,2,2026-07-11T19:11:32,2026-10-18T06:46:02,27872202965;27860342639;28070421535;28070407432;27860345275;28086486832;27872193716;28086488163,"C=US, O=Let's Encrypt, CN=YR1;C=US, O=Let's Encrypt, CN=YR2"
snapp-portal.bldc.nwave.noaa.gov,Yes,Yes,14,2,2026-07-17T16:35:15,2026-10-29T19:50:41,28417896496;28033218301;28060313963;28033033089;28017352553;28033026611;28392437318;28033222448;28017348324;28060361344;28417896024;28060359765;28060316456;28392437294,"C=US, O=Let's Encrypt, CN=YE1;C=US, O=Let's Encrypt, CN=YE2"
snapp-portal.ctc.nwave.noaa.gov,Yes,Yes,8,4,2026-07-18T06:54:57,2026-10-28T10:24:04,28044305603;28363252854;28033287335;28044307791;28363247779;28377608932;28033286666;28377601843,"C=US, O=Let's Encrypt, CN=YR1;C=US, O=Let's Encrypt, CN=YR2;C=US, O=Let's Encrypt, CN=YE1;C=US, O=Let's Encrypt, CN=YE2"
snapp-portal.nwave.noaa.gov,Yes,Yes,18,2,2026-07-17T16:35:15,2026-10-24T22:28:25,28044305603;28033218301;28060313963;28033033089;28017352553;28033287335;28275868536;28033026611;28044307791;28033222448;28275865343;28017348324;28060361344;28232759876;28060316456;28033286666;28060359765;28232765490,"C=US, O=Let's Encrypt, CN=YE2;C=US, O=Let's Encrypt, CN=YE1"
snapp-rabbit.bldc.nwave.noaa.gov,Yes,Yes,4,2,2026-07-12T12:48:54,2026-10-10T19:18:03,27875500038;27881702380;27881698076;27875494358,"C=US, O=Let's Encrypt, CN=YR1;C=US, O=Let's Encrypt, CN=YR2"
snapp-rabbit.ctc.nwave.noaa.gov,Yes,Yes,7,2,2026-07-07T09:18:42,2026-12-04T06:18:47,29365461792;29353871466;27755381408;27755372725;29361087752;27754465003;27754468515,"C=US, O=Let's Encrypt, CN=YR1;C=US, O=Let's Encrypt, CN=YR2"
snapp-rabbit.nwave.noaa.gov,No,Yes,11,2,2026-07-07T09:18:42,2026-12-04T06:18:47,27875494358;29365461792;29353871466;27754465003;27755381408;27755372725;29361087752;27875500038;27881702380;27881698076;27754468515,"C=US, O=Let's Encrypt, CN=YR1;C=US, O=Let's Encrypt, CN=YR2"
snapp-services.bldc.nwave.noaa.gov,Yes,Yes,4,2,2026-07-12T12:51:37,2026-10-10T23:47:58,27875541936;27886183709;27875528830;27886178097,"C=US, O=Let's Encrypt, CN=YR1;C=US, O=Let's Encrypt, CN=YR2"
snapp-services.ctc.nwave.noaa.gov,Yes,Yes,6,2,2026-07-07T09:22:38,2026-12-05T13:27:16,27754534933;27755380564;29400932444;27754539333;27755385540;29399650829,"C=US, O=Let's Encrypt, CN=YR1;C=US, O=Let's Encrypt, CN=YR2"
snapp-services.nwave.noaa.gov,No,Yes,17,2,2026-07-07T09:22:38,2026-12-06T06:12:06,27754534933;27778911776;27886183709;27789134469;27755380564;29400932444;27789134540;29430159211;29389371013;27886178097;27875541936;27875528830;27754539333;27778915967;27755385540;29382562063;29399650829,"C=US, O=Let's Encrypt, CN=YR1;C=US, O=Let's Encrypt, CN=YR2"
snapp-test.ctc.nwave.noaa.gov,No,Yes,4,2,2026-07-20T06:48:51,2026-10-19T08:12:08,28119142719;28086538977;28119139833;28086526120,"C=US, O=Let's Encrypt, CN=YR1;C=US, O=Let's Encrypt, CN=YR2"
snapp-test.nwave.noaa.gov,Yes,Yes,4,2,2026-07-20T06:48:51,2026-10-19T08:12:08,28119142719;28086538977;28119139833;28086526120,"C=US, O=Let's Encrypt, CN=YR1;C=US, O=Let's Encrypt, CN=YR2"
snapp.bldc.nwave.noaa.gov,No,Yes,4,2,2026-07-19T16:58:30,2026-10-18T06:46:02,28070421535;28086486832;28070407432;28086488163,"C=US, O=Let's Encrypt, CN=YR1;C=US, O=Let's Encrypt, CN=YR2"
snapp.ctc.nwave.noaa.gov,No,Yes,4,2,2026-07-11T19:11:32,2026-10-10T09:03:38,27860345275;27872193716;27872202965;27860342639,"C=US, O=Let's Encrypt, CN=YR1;C=US, O=Let's Encrypt, CN=YR2"
snapp.nwave.noaa.gov,No,Yes,8,2,2026-07-11T19:11:32,2026-10-18T06:46:02,27872202965;27860342639;28070421535;28070407432;27860345275;28086486832;27872193716;28086488163,"C=US, O=Let's Encrypt, CN=YR1;C=US, O=Let's Encrypt, CN=YR2"
socat-remote.pmel.noaa.gov,No,Yes,8,1,2025-09-12T00:00:00,2026-10-13T23:59:59,20977242448;20976430097;20979386850;23063015363;20976430174;20977992906;21117538588;21037150454,"C=US, O=DigiCert Inc, CN=DigiCert Global G2 TLS RSA SHA256 2020 CA1"
socat.pmel.noaa.gov,No,Yes,6,1,2025-09-12T00:00:00,2026-10-13T23:59:59,20977242448;20976430097;20979386850;20976430174;20977992906;21117538588,"C=US, O=DigiCert Inc, CN=DigiCert Global G2 TLS RSA SHA256 2020 CA1"
societalinsights.noaa.gov,Yes,Yes,8,2,2025-10-24T00:00:00,2026-11-22T23:59:59,21975888533;21975888735;21975888790;21975888309;21975888738;21975888731;21976349421;21977529406,"C=US, O=Amazon, CN=Amazon RSA 2048 M04;C=US, O=Amazon, CN=Amazon RSA 2048 M01"
sonarqube.awips-refactor-dev.vlab.nws.noaa.gov,No,Yes,2,1,2026-05-30T00:00:00,2026-12-13T23:59:59,26747405041;26790539156,"C=US, O=Amazon, CN=Amazon RSA 2048 M01"
sos-explorer-s3.noaa.gov,Yes,Yes,2,1,2025-11-19T00:00:00,2026-12-18T23:59:59,22579105556;22577302599,"C=US, O=Amazon, CN=Amazon RSA 2048 M01"
sos.noaa.gov,Yes,Yes,1,1,2026-06-07T00:00:00,2026-12-21T23:59:59,26958190208,"C=US, O=Amazon, CN=Amazon RSA 2048 M04"
soteria.pmel.noaa.gov,Yes,Yes,4,1,2025-09-12T00:00:00,2026-10-13T23:59:59,20977242448;20976430097;20976430174;21254043591,"C=US, O=DigiCert Inc, CN=DigiCert Global G2 TLS RSA SHA256 2020 CA1"
sour.pmel.noaa.gov,Yes,Yes,4,1,2025-09-12T00:00:00,2026-10-13T23:59:59,20977242448;20976430097;20976430174;21117462993,"C=US, O=DigiCert Inc, CN=DigiCert Global G2 TLS RSA SHA256 2020 CA1"
sparrow.pmel.noaa.gov,No,Yes,3,1,2025-09-12T00:00:00,2026-10-13T23:59:59,20977242448;20976430174;20976430097,"C=US, O=DigiCert Inc, CN=DigiCert Global G2 TLS RSA SHA256 2020 CA1"
spc.noaa.gov,Yes,Yes,3,2,2025-10-18T00:00:00,2026-11-15T23:59:59,21795091902;27846103209;27846103788,"C=US, O=Let's Encrypt, CN=YR2;C=US, O=Amazon, CN=Amazon RSA 2048 M01"
spc.woc.noaa.gov,Yes,Yes,1,1,2026-06-08T00:00:00,2026-12-22T23:59:59,26983619309,"C=US, O=Amazon, CN=Amazon RSA 2048 M04"
specimens-afsc.fisheries.noaa.gov,No,Yes,8,2,2026-07-17T18:19:18,2026-11-23T18:42:03,29249985447;28019527451;29067215286;28189897208;28019530271;29075163185;28189896256;29093044714,"C=US, O=Let's Encrypt, CN=YR1;C=US, O=Let's Encrypt, CN=YR2"
spo.nmfs.noaa.gov,No,Yes,8,3,2026-04-09T00:00:00,2026-10-31T23:59:59,25528596533;25456682906;25456698325;28299357218;25547299431;25547316029;25705344977;28299361868,"C=US, O=DigiCert Inc, CN=DigiCert Global G3 TLS ECC SHA384 2020 CA1;C=US, O=Let's Encrypt, CN=YR2;C=US, O=DigiCert Inc, CN=DigiCert Global G2 TLS RSA SHA256 2020 CA1"
spog.atdd.noaa.gov,Yes,Yes,2,1,2026-07-27T18:26:47,2026-10-25T18:26:46,28299850075;28299862261,"C=US, O=Let's Encrypt, CN=YE2"
sponsorportal.gfdl.noaa.gov,Yes,Yes,4,2,2026-07-31T19:00:10,2026-11-29T16:55:00,28416839075;28416831422;29200350523;29200349080,"C=US, O=Let's Encrypt, CN=YR1;C=US, O=Let's Encrypt, CN=YR2"
squatch.pmel.noaa.gov,No,Yes,3,1,2025-09-12T00:00:00,2026-10-13T23:59:59,20977242448;20976430174;20976430097,"C=US, O=DigiCert Inc, CN=DigiCert Global G2 TLS RSA SHA256 2020 CA1"
ssd.noaa.gov,Yes,Yes,2,1,2026-05-26T00:00:00,2026-12-09T23:59:59,26646391335;26646090162,"C=US, O=Amazon, CN=Amazon RSA 2048 M04"
sso-dev.noaa.gov,Yes,Yes,4,1,2026-08-27T00:00:00,2026-11-25T23:59:59,29341080254;29340987720;29340984976;29341085843,"C=AT, O=ZeroSSL GmbH, CN=ZeroSSL RSA DV SSL CA 2"
sso-dev5.haes.noaa.gov,Yes,Yes,2,1,2026-08-27T00:00:00,2026-11-25T23:59:59,29075191756;29340987886,"C=AT, O=ZeroSSL GmbH, CN=ZeroSSL RSA DV SSL CA 2"
sso-dev6.haes.noaa.gov,Yes,Yes,2,1,2026-08-12T00:00:00,2026-11-10T23:59:59,28755558239;28755557552,"C=AT, O=ZeroSSL GmbH, CN=ZeroSSL RSA DV SSL CA 2"
sso-internal.vlab-dev.noaa.gov,No,Yes,2,1,2026-04-10T00:00:00,2026-10-24T23:59:59,25953402274;25468570131,"C=US, O=Amazon, CN=Amazon RSA 2048 M01"
sso-internal.vlab.noaa.gov,No,Yes,2,1,2026-04-10T00:00:00,2026-10-24T23:59:59,25468595778;27833369612,"C=US, O=Amazon, CN=Amazon RSA 2048 M01"
sso.dev.oarcloud.noaa.gov,Yes,Yes,2,1,2025-09-27T00:00:00,2026-10-26T23:59:59,21305607445;21306853738,"C=US, O=Amazon, CN=Amazon RSA 2048 M04"
sso.esrl.noaa.gov,Yes,Yes,4,1,2026-07-17T23:57:19,2026-11-15T23:57:34,28025908277;28025913264;28932501676;28913205205,"C=US, O=Let's Encrypt, CN=YR2"
sso.noaa.gov,Yes,Yes,10,1,2026-07-09T00:00:00,2026-11-18T23:59:59,29038636045;27811046162;29038106677;27811044917;29038106389;29038706389;29038298885;29038635838;29038706438;29038299251,"C=AT, O=ZeroSSL GmbH, CN=ZeroSSL RSA DV SSL CA 2"
sso.oarcloud.noaa.gov,Yes,Yes,1,1,2025-10-06T00:00:00,2026-11-04T23:59:59,21513546806,"C=US, O=Amazon, CN=Amazon RSA 2048 M04"
sso3-central.haes.noaa.gov,Yes,Yes,2,1,2026-08-20T00:00:00,2026-11-18T23:59:59,29038172500;28921774384,"C=AT, O=ZeroSSL GmbH, CN=ZeroSSL RSA DV SSL CA 2"
sso3-east.haes.noaa.gov,Yes,Yes,2,1,2026-08-20T00:00:00,2026-11-18T23:59:59,28921903259;29038493175,"C=AT, O=ZeroSSL GmbH, CN=ZeroSSL RSA DV SSL CA 2"
sso3-usc.haes.noaa.gov,Yes,Yes,4,1,2026-07-09T00:00:00,2026-11-18T23:59:59,29038780291;27811063790;28922039749;27811063329,"C=AT, O=ZeroSSL GmbH, CN=ZeroSSL RSA DV SSL CA 2"
sso3-west.haes.noaa.gov,Yes,Yes,2,1,2026-08-20T00:00:00,2026-11-18T23:59:59,29038685829;28921983324,"C=AT, O=ZeroSSL GmbH, CN=ZeroSSL RSA DV SSL CA 2"
st-dev.nmfs.noaa.gov,No,Yes,6,2,2026-04-09T00:00:00,2026-10-31T23:59:59,25528596533;25456682906;25456698325;25547299431;25547316029;25705344977,"C=US, O=DigiCert Inc, CN=DigiCert Global G3 TLS ECC SHA384 2020 CA1;C=US, O=DigiCert Inc, CN=DigiCert Global G2 TLS RSA SHA256 2020 CA1"
st-test.nmfs.noaa.gov,No,Yes,6,2,2026-04-09T00:00:00,2026-10-31T23:59:59,25528596533;25456682906;25456698325;25547299431;25547316029;25705344977,"C=US, O=DigiCert Inc, CN=DigiCert Global G3 TLS ECC SHA384 2020 CA1;C=US, O=DigiCert Inc, CN=DigiCert Global G2 TLS RSA SHA256 2020 CA1"
st.nmfs.noaa.gov,No,Yes,8,3,2026-04-09T00:00:00,2026-10-31T23:59:59,25528596533;25456682906;25456698325;28299357218;25547299431;25547316029;25705344977;28299361868,"C=US, O=DigiCert Inc, CN=DigiCert Global G3 TLS ECC SHA384 2020 CA1;C=US, O=Let's Encrypt, CN=YR2;C=US, O=DigiCert Inc, CN=DigiCert Global G2 TLS RSA SHA256 2020 CA1"
stacks.cdc.gov,Yes,No,2,1,2026-07-29T15:06:01,2026-10-27T15:06:00,28354452068;28354459649,"C=US, O=Let's Encrypt, CN=YR1"
staging-appscloud.fisheries.noaa.gov,Yes,Yes,2,1,2026-04-10T00:00:00,2026-10-24T23:59:59,25477199756;25453243452,"C=US, O=Amazon, CN=Amazon RSA 2048 M04"
staging-orta.research.noaa.gov,Yes,Yes,3,1,2026-06-09T00:00:00,2026-12-23T23:59:59,27011101605;27011100656;27011903002,"C=US, O=Amazon, CN=Amazon RSA 2048 M04"
staging.admin.coastalscience.noaa.gov,No,Yes,2,1,2026-08-01T08:04:58,2026-10-30T08:04:57,28431514089;28431515347,"C=US, O=Let's Encrypt, CN=YR2"
staging.app.coastalscience.noaa.gov,No,Yes,2,1,2026-08-01T08:13:48,2026-10-30T08:13:47,28431682001;28431682724,"C=US, O=Let's Encrypt, CN=YR2"
staging.ci.noaa.gov,Yes,Yes,2,1,2026-05-28T00:00:00,2026-12-11T23:59:59,26695963871;26738093298,"C=US, O=Amazon, CN=Amazon RSA 2048 M01"
staging.maps.coastalscience.noaa.gov,No,Yes,2,1,2026-08-01T08:28:20,2026-10-30T08:28:19,28431923582;28431919485,"C=US, O=Let's Encrypt, CN=YR1"
staging.oeab.noaa.gov,Yes,Yes,2,1,2026-06-09T00:00:00,2026-12-23T23:59:59,27014606183;27016335167,"C=US, O=Amazon, CN=Amazon RSA 2048 M04"
staging.pmel.noaa.gov,No,Yes,3,1,2025-09-12T00:00:00,2026-10-13T23:59:59,20977242448;20976430174;20976430097,"C=US, O=DigiCert Inc, CN=DigiCert Global G2 TLS RSA SHA256 2020 CA1"
staging.products.coastalscience.noaa.gov,No,Yes,2,1,2026-08-01T08:33:33,2026-10-30T08:33:32,28432007536;28432004518,"C=US, O=Let's Encrypt, CN=YR2"
staging.testbeds.noaa.gov,Yes,Yes,3,2,2026-06-16T00:00:00,2026-12-31T23:59:59,27327503123;27239104749;27273813508,"C=US, O=Amazon, CN=Amazon RSA 2048 M04;C=US, O=Amazon, CN=Amazon RSA 2048 M01"
staging.water.noaa.gov,Yes,Yes,1,1,2026-03-25T00:00:00,2026-10-08T23:59:59,25203415188,"C=US, O=Amazon, CN=Amazon RSA 2048 M04"
staging2.pmel.noaa.gov,No,Yes,3,1,2025-09-12T00:00:00,2026-10-13T23:59:59,20977242448;20976430174;20976430097,"C=US, O=DigiCert Inc, CN=DigiCert Global G2 TLS RSA SHA256 2020 CA1"
stakeholder.epic.noaa.gov,Yes,Yes,2,1,2026-03-31T00:00:00,2026-10-14T23:59:59,25285170728;25302423317,"C=US, O=Amazon, CN=Amazon RSA 2048 M04"
star.nesdis.noaa.gov,No,Yes,2,1,2026-07-20T23:13:10,2026-10-18T23:13:09,28107635261;28107607612,"C=US, O=Let's Encrypt, CN=YR1"
stateoftheocean.osmc.noaa.gov,Yes,Yes,2,1,2026-08-13T08:10:35,2026-11-11T08:10:34,28812401550;28801743643,"C=US, O=Let's Encrypt, CN=YR1"
stats.star.nesdis.noaa.gov,Yes,Yes,1,1,2026-08-25T00:36:55,2026-11-23T00:36:54,29222721145,"C=US, O=Let's Encrypt, CN=YR2"
status.nwave.noaa.gov,No,Yes,18,2,2026-07-17T16:35:15,2026-10-27T22:28:59,28044305603;28033218301;28060313963;28033033089;28017352553;28033287335;28363256222;28033026611;28044307791;28330680818;28033222448;28017348324;28060361344;28060316456;28033286666;28060359765;28330681933;28363248886,"C=US, O=Let's Encrypt, CN=YE1;C=US, O=Let's Encrypt, CN=YE2"
stellwagen.noaa.gov,Yes,Yes,2,1,2026-08-01T06:09:23,2026-10-30T06:09:22,28429328761;28429338604,"C=US, O=Let's Encrypt, CN=YR2"
storm.aoml.noaa.gov,Yes,Yes,1,1,2025-09-25T00:00:00,2026-10-06T23:59:59,21267914788,"C=US, O=DigiCert Inc, CN=DigiCert Global G2 TLS RSA SHA256 2020 CA1"
storms.ngs.noaa.gov,Yes,Yes,2,1,2026-04-28T00:00:00,2026-11-12T23:59:59,26133266577;25887068807,"C=US, O=DigiCert Inc, CN=DigiCert Global G2 TLS RSA SHA256 2020 CA1"
stormsa.ngs.noaa.gov,No,Yes,2,1,2026-04-28T00:00:00,2026-11-12T23:59:59,26133266577;25887068807,"C=US, O=DigiCert Inc, CN=DigiCert Global G2 TLS RSA SHA256 2020 CA1"
stormscdn.ngs.noaa.gov,No,Yes,2,1,2026-04-28T00:00:00,2026-11-12T23:59:59,26133266577;25887068807,"C=US, O=DigiCert Inc, CN=DigiCert Global G2 TLS RSA SHA256 2020 CA1"
stormsg.ngs.noaa.gov,No,Yes,2,1,2026-04-28T00:00:00,2026-11-12T23:59:59,26133266577;25887068807,"C=US, O=DigiCert Inc, CN=DigiCert Global G2 TLS RSA SHA256 2020 CA1"
stormsurge.noaa.gov,Yes,Yes,2,1,2025-09-17T00:00:00,2026-10-16T23:59:59,21070809625;25927257795,"C=US, O=Amazon, CN=Amazon RSA 2048 M01"
swfsc-publications.fisheries.noaa.gov,No,Yes,8,3,2026-04-09T00:00:00,2026-10-31T23:59:59,25528596533;25456682906;25456698325;28299357218;25547299431;25547316029;25705344977;28299361868,"C=US, O=DigiCert Inc, CN=DigiCert Global G3 TLS ECC SHA384 2020 CA1;C=US, O=Let's Encrypt, CN=YR2;C=US, O=DigiCert Inc, CN=DigiCert Global G2 TLS RSA SHA256 2020 CA1"
swfsc.noaa.gov,No,Yes,8,3,2026-04-09T00:00:00,2026-10-31T23:59:59,25528596533;25456682906;25456698325;28299357218;25547299431;25547316029;25705344977;28299361868,"C=US, O=DigiCert Inc, CN=DigiCert Global G3 TLS ECC SHA384 2020 CA1;C=US, O=Let's Encrypt, CN=YR2;C=US, O=DigiCert Inc, CN=DigiCert Global G2 TLS RSA SHA256 2020 CA1"
swfscdata.nmfs.noaa.gov,No,Yes,8,3,2026-04-09T00:00:00,2026-10-31T23:59:59,25528596533;25456682906;25456698325;28299357218;25547299431;25547316029;25705344977;28299361868,"C=US, O=DigiCert Inc, CN=DigiCert Global G3 TLS ECC SHA384 2020 CA1;C=US, O=Let's Encrypt, CN=YR2;C=US, O=DigiCert Inc, CN=DigiCert Global G2 TLS RSA SHA256 2020 CA1"
sworm.gov,Yes,No,1,1,2026-05-27T00:00:00,2026-12-10T23:59:59,26688088798,"C=US, O=Amazon, CN=Amazon RSA 2048 M01"
swpc.dnstest.noaa.gov,Yes,Yes,2,1,2026-08-19T15:29:17,2026-11-17T15:29:16,28946480253;28994542679,"C=US, O=Let's Encrypt, CN=YR1"
swpc.noaa.gov,Yes,Yes,3,2,2025-11-11T00:00:00,2026-12-09T23:59:59,29123181526;28980038070;22392832002,"C=US, O=Let's Encrypt, CN=YR2;C=US, O=Amazon, CN=Amazon RSA 2048 M04"
syslog-c.bldc.nwave.noaa.gov,Yes,Yes,4,1,2026-07-19T08:18:34,2026-10-18T06:48:54,28086550048;28060383196;28060377133;28086544522,"C=US, O=Let's Encrypt, CN=YE2"
syslog-c.ctc.nwave.noaa.gov,Yes,Yes,4,2,2026-07-19T06:45:44,2026-10-18T08:21:09,28088634886;28088647822;28058543502;28058540960,"C=US, O=Let's Encrypt, CN=YE2;C=US, O=Let's Encrypt, CN=YE1"
syslog-kibana.nwave.noaa.gov,No,Yes,24,4,2026-07-07T19:18:18,2026-12-05T13:27:21,27779040491;27895888802;29382668598;27927457177;29399583109;27927451053;29408332452;27764832332;27789168570;29391446973;29375310697;29391447360;27782924541;27935125860;27907178623;27907185963;27789172028;29382712936;27782935320;27935122728;29382228228;27764836965;27779045889;27895874988,"C=US, O=Let's Encrypt, CN=YR1;C=US, O=Let's Encrypt, CN=YE2;C=US, O=Let's Encrypt, CN=YR2;C=US, O=Let's Encrypt, CN=YE1"
syslog-m.bldc.nwave.noaa.gov,Yes,Yes,4,2,2026-07-16T06:57:20,2026-10-14T16:52:12,27988873203;27976423074;27988864373;27976409775,"C=US, O=Let's Encrypt, CN=YR1;C=US, O=Let's Encrypt, CN=YR2"
syslog-m1.bldc.nwave.noaa.gov,No,Yes,14,2,2026-07-07T09:29:07,2026-12-05T06:12:51,27779040491;29382729141;27754643964;27789168570;29391446973;29382336937;29391447360;29382668598;27789172028;27764837510;29382712936;27754639351;27764831659;27779045889,"C=US, O=Let's Encrypt, CN=YR1;C=US, O=Let's Encrypt, CN=YR2"
syslog-m2.bldc.nwave.noaa.gov,No,Yes,14,2,2026-07-07T09:29:07,2026-12-05T06:12:51,27779040491;29382729141;27754643964;27789168570;29391446973;29382336937;29391447360;29382668598;27789172028;27764837510;29382712936;27754639351;27764831659;27779045889,"C=US, O=Let's Encrypt, CN=YR1;C=US, O=Let's Encrypt, CN=YR2"
syslog-m3.ctc.nwave.noaa.gov,No,Yes,14,2,2026-07-07T09:29:07,2026-12-05T06:12:51,27779040491;29382729141;27754643964;27789168570;29391446973;29382336937;29391447360;29382668598;27789172028;27764837510;29382712936;27754639351;27764831659;27779045889,"C=US, O=Let's Encrypt, CN=YR1;C=US, O=Let's Encrypt, CN=YR2"
syslog-p.bldc.nwave.noaa.gov,Yes,Yes,8,2,2026-07-13T09:04:08,2026-10-12T19:21:27,27927451053;27895888802;27927457177;27935125860;27907178623;27895874988;27935122728;27907185963,"C=US, O=Let's Encrypt, CN=YR1;C=US, O=Let's Encrypt, CN=YE2"
syslog-p.ctc.nwave.noaa.gov,Yes,Yes,12,3,2026-07-07T19:18:18,2026-12-05T13:27:21,27927451053;29382228228;29408332452;27764832332;27764836965;29375310697;27927457177;27782924541;27782935320;27907178623;29399583109;27907185963,"C=US, O=Let's Encrypt, CN=YR1;C=US, O=Let's Encrypt, CN=YE2;C=US, O=Let's Encrypt, CN=YE1"
syslog.bldc.nwave.noaa.gov,No,Yes,14,3,2026-07-07T09:29:07,2026-12-04T21:23:46,27927451053;29382729141;27754643964;27895888802;29382336937;27927457177;27764837510;27754639351;27935125860;27907178623;27764831659;27895874988;27935122728;27907185963,"C=US, O=Let's Encrypt, CN=YR1;C=US, O=Let's Encrypt, CN=YR2;C=US, O=Let's Encrypt, CN=YE2"
syslog.ctc.nwave.noaa.gov,No,Yes,22,4,2026-07-07T09:29:07,2026-12-05T13:27:21,27754643964;27927457177;27764831659;29458347940;29399583109;29278054219;29219872799;27927451053;29408332452;27764832332;29375310697;27782924541;27907178623;27907185963;29382729141;29274384998;29382336937;27754639351;27782935320;29382228228;27764836965;27764837510,"C=US, O=Let's Encrypt, CN=YR1;C=US, O=Let's Encrypt, CN=YR2;C=US, O=Let's Encrypt, CN=YE2;C=US, O=Let's Encrypt, CN=YE1"
syslog.nwave.noaa.gov,No,Yes,26,4,2026-07-07T09:29:07,2026-12-05T13:27:21,27754643964;27895888802;27764831659;29399583109;29408332452;27764832332;29375310697;27782924541;27935125860;28088634886;28060377133;28058543502;28060383196;29382729141;29382336937;27754639351;27782935320;27935122728;28058540960;29382228228;27764836965;27764837510;28088647822;28086550048;28086544522;27895874988,"C=US, O=Let's Encrypt, CN=YR1;C=US, O=Let's Encrypt, CN=YR2;C=US, O=Let's Encrypt, CN=YE2;C=US, O=Let's Encrypt, CN=YE1"
sysmon.bldc.nwave.noaa.gov,Yes,Yes,4,2,2026-07-13T19:17:24,2026-10-12T09:12:20,27923134609;27907238527;27923174932;27907231096,"C=US, O=Let's Encrypt, CN=YR1;C=US, O=Let's Encrypt, CN=YR2"
sysmon.nwave.noaa.gov,No,Yes,4,2,2026-07-13T19:17:24,2026-10-12T09:12:20,27923134609;27907238527;27923174932;27907231096,"C=US, O=Let's Encrypt, CN=YR1;C=US, O=Let's Encrypt, CN=YR2"
syspc.pmel.noaa.gov,No,Yes,3,1,2025-09-12T00:00:00,2026-10-13T23:59:59,20977242448;20976430174;20976430097,"C=US, O=DigiCert Inc, CN=DigiCert Global G2 TLS RSA SHA256 2020 CA1"
teacheratsea.noaa.gov,Yes,Yes,3,2,2025-09-14T00:00:00,2026-11-11T02:06:25,28794207217;21003900045;28792752578,"C=US, O=Let's Encrypt, CN=YR1;C=US, O=Amazon, CN=Amazon RSA 2048 M04"
techpartnerships.noaa.gov,Yes,Yes,1,1,2025-10-12T00:00:00,2026-11-10T23:59:59,21660738987,"C=US, O=Amazon, CN=Amazon RSA 2048 M01"
telecom.apps.noaa.gov,Yes,Yes,3,1,2025-10-14T00:00:00,2026-11-20T23:59:59,21716331306;21917719468;21917732580,"C=US, O=Amazon, CN=Amazon RSA 2048 M01"
tenable-new.ctc.nwave.noaa.gov,Yes,Yes,4,2,2026-07-16T08:11:49,2026-10-15T07:05:55,27978100249;28005880017;28005887603;27978103353,"C=US, O=Let's Encrypt, CN=YE1;C=US, O=Let's Encrypt, CN=YE2"
tenable.bldc.nwave.noaa.gov,Yes,Yes,6,2,2026-07-07T19:19:50,2026-12-05T13:27:26,27764864492;29408333830;27779036590;27764865071;29399584906;27779047668,"C=US, O=Let's Encrypt, CN=YR1;C=US, O=Let's Encrypt, CN=YR2"
tenable.ctc.nwave.noaa.gov,Yes,Yes,3,2,2026-09-04T04:06:21,2026-12-04T06:18:52,29331758116;29365440189;29337602087,"C=US, O=Let's Encrypt, CN=YE2;C=US, O=Let's Encrypt, CN=YE1"
terminal-broker.ztna.asos.noaa.gov,Yes,Yes,8,3,2026-08-01T14:53:59,2026-10-30T15:08:35,28439029573;28439312303;28439024532;28439029153;28439311717;28439023694;28439304429;28439300777,"C=US, O=Let's Encrypt, CN=YR1;C=US, O=Let's Encrypt, CN=YR2;C=US, O=Let's Encrypt, CN=YE2"
terraviz.test.gsl.noaa.gov,Yes,Yes,4,2,2026-08-18T01:58:53,2026-11-16T01:59:04,28945875508;29060065092;28964404100;28945871817,"C=US, O=Let's Encrypt, CN=YR2;C=US, O=Let's Encrypt, CN=YE2"
test-admin.sisp.fisheries.noaa.gov,No,Yes,8,2,2026-07-17T18:19:18,2026-11-23T18:42:03,29249985447;28019527451;29067215286;28189897208;28019530271;29075163185;28189896256;29093044714,"C=US, O=Let's Encrypt, CN=YR1;C=US, O=Let's Encrypt, CN=YR2"
test-api.admin.sisp.fisheries.noaa.gov,No,Yes,8,2,2026-07-17T18:19:18,2026-11-23T18:42:03,29249985447;28019527451;29067215286;28189897208;28019530271;29075163185;28189896256;29093044714,"C=US, O=Let's Encrypt, CN=YR1;C=US, O=Let's Encrypt, CN=YR2"
test-api.certificates.sisp.fisheries.noaa.gov,No,Yes,8,2,2026-07-17T18:19:18,2026-11-23T18:42:03,29249985447;28019527451;29067215286;28189897208;28019530271;29075163185;28189896256;29093044714,"C=US, O=Let's Encrypt, CN=YR1;C=US, O=Let's Encrypt, CN=YR2"
test-api.healthmap.fisheries.noaa.gov,No,Yes,8,2,2026-07-17T18:19:18,2026-11-23T18:42:03,29249985447;28019527451;29067215286;28189897208;28019530271;29075163185;28189896256;29093044714,"C=US, O=Let's Encrypt, CN=YR1;C=US, O=Let's Encrypt, CN=YR2"
test-api.sisp.fisheries.noaa.gov,No,Yes,8,2,2026-07-17T18:19:18,2026-11-23T18:42:03,29249985447;28019527451;29067215286;28189897208;28019530271;29075163185;28189896256;29093044714,"C=US, O=Let's Encrypt, CN=YR1;C=US, O=Let's Encrypt, CN=YR2"
test-app-01-sefsc.fisheries.noaa.gov,No,Yes,8,2,2026-07-17T18:19:18,2026-11-23T18:42:03,29249985447;28019527451;29067215286;28189897208;28019530271;29075163185;28189896256;29093044714,"C=US, O=Let's Encrypt, CN=YR1;C=US, O=Let's Encrypt, CN=YR2"
test-app-02-sefsc.fisheries.noaa.gov,No,Yes,8,2,2026-07-17T18:19:18,2026-11-23T18:42:03,29249985447;28019527451;29067215286;28189897208;28019530271;29075163185;28189896256;29093044714,"C=US, O=Let's Encrypt, CN=YR1;C=US, O=Let's Encrypt, CN=YR2"
test-apps-garfo.fisheries.noaa.gov,No,Yes,5,3,2026-04-16T00:00:00,2026-10-31T23:59:59,28299357218;25547299431;25547316029;25705344977;28299361868,"C=US, O=DigiCert Inc, CN=DigiCert Global G3 TLS ECC SHA384 2020 CA1;C=US, O=Let's Encrypt, CN=YR2;C=US, O=DigiCert Inc, CN=DigiCert Global G2 TLS RSA SHA256 2020 CA1"
test-apps-st.fisheries.noaa.gov,No,Yes,8,2,2026-07-17T18:19:18,2026-11-23T18:42:03,29249985447;28019527451;29067215286;28189897208;28019530271;29075163185;28189896256;29093044714,"C=US, O=Let's Encrypt, CN=YR1;C=US, O=Let's Encrypt, CN=YR2"
test-certificates.sisp.fisheries.noaa.gov,No,Yes,8,2,2026-07-17T18:19:18,2026-11-23T18:42:03,29249985447;28019527451;29067215286;28189897208;28019530271;29075163185;28189896256;29093044714,"C=US, O=Let's Encrypt, CN=YR1;C=US, O=Let's Encrypt, CN=YR2"
test-connect.fisheries.noaa.gov,No,Yes,8,2,2026-07-17T18:19:18,2026-11-23T18:42:03,29249985447;28019527451;29067215286;28189897208;28019530271;29075163185;28189896256;29093044714,"C=US, O=Let's Encrypt, CN=YR1;C=US, O=Let's Encrypt, CN=YR2"
test-financialservices.fisheries.noaa.gov,No,Yes,8,2,2026-07-17T18:19:18,2026-11-23T18:42:03,29249985447;28019527451;29067215286;28189897208;28019530271;29075163185;28189896256;29093044714,"C=US, O=Let's Encrypt, CN=YR1;C=US, O=Let's Encrypt, CN=YR2"
test-floatplan.noaa.gov,No,Yes,8,2,2026-07-17T18:19:18,2026-11-23T18:42:03,29249985447;28019527451;29067215286;28189897208;28019530271;29075163185;28189896256;29093044714,"C=US, O=Let's Encrypt, CN=YR1;C=US, O=Let's Encrypt, CN=YR2"
test-healthmap.fisheries.noaa.gov,No,Yes,8,2,2026-07-17T18:19:18,2026-11-23T18:42:03,29249985447;28019527451;29067215286;28189897208;28019530271;29075163185;28189896256;29093044714,"C=US, O=Let's Encrypt, CN=YR1;C=US, O=Let's Encrypt, CN=YR2"
test-internal-api.admin.sisp.fisheries.noaa.gov,No,Yes,8,2,2026-07-17T18:19:18,2026-11-23T18:42:03,29249985447;28019527451;29067215286;28189897208;28019530271;29075163185;28189896256;29093044714,"C=US, O=Let's Encrypt, CN=YR1;C=US, O=Let's Encrypt, CN=YR2"
test-internal-api.certificates.sisp.fisheries.noaa.gov,No,Yes,8,2,2026-07-17T18:19:18,2026-11-23T18:42:03,29249985447;28019527451;29067215286;28189897208;28019530271;29075163185;28189896256;29093044714,"C=US, O=Let's Encrypt, CN=YR1;C=US, O=Let's Encrypt, CN=YR2"
test-internal-api.healthmap.fisheries.noaa.gov,No,Yes,8,2,2026-07-17T18:19:18,2026-11-23T18:42:03,29249985447;28019527451;29067215286;28189897208;28019530271;29075163185;28189896256;29093044714,"C=US, O=Let's Encrypt, CN=YR1;C=US, O=Let's Encrypt, CN=YR2"
test-internal-api.sisp.fisheries.noaa.gov,No,Yes,8,2,2026-07-17T18:19:18,2026-11-23T18:42:03,29249985447;28019527451;29067215286;28189897208;28019530271;29075163185;28189896256;29093044714,"C=US, O=Let's Encrypt, CN=YR1;C=US, O=Let's Encrypt, CN=YR2"
test-media.fisheries.noaa.gov,No,Yes,14,4,2026-04-09T00:00:00,2026-11-23T18:42:03,25528596533;29249985447;25456682906;28019527451;25456698325;25547299431;25547316029;29067215286;28189897208;28019530271;25705344977;29075163185;28189896256;29093044714,"C=US, O=Let's Encrypt, CN=YR1;C=US, O=Let's Encrypt, CN=YR2;C=US, O=DigiCert Inc, CN=DigiCert Global G2 TLS RSA SHA256 2020 CA1;C=US, O=DigiCert Inc, CN=DigiCert Global G3 TLS ECC SHA384 2020 CA1"
test-oleivr.nmfs.noaa.gov,No,Yes,8,2,2026-07-17T18:19:18,2026-11-23T18:42:03,29249985447;28019527451;29067215286;28189897208;28019530271;29075163185;28189896256;29093044714,"C=US, O=Let's Encrypt, CN=YR1;C=US, O=Let's Encrypt, CN=YR2"
test-sisp.fisheries.noaa.gov,No,Yes,8,2,2026-07-17T18:19:18,2026-11-23T18:42:03,29249985447;28019527451;29067215286;28189897208;28019530271;29075163185;28189896256;29093044714,"C=US, O=Let's Encrypt, CN=YR1;C=US, O=Let's Encrypt, CN=YR2"
test-vms.nmfs.noaa.gov,No,Yes,8,2,2026-07-17T18:19:18,2026-11-23T18:42:03,29249985447;28019527451;29067215286;28189897208;28019530271;29075163185;28189896256;29093044714,"C=US, O=Let's Encrypt, CN=YR1;C=US, O=Let's Encrypt, CN=YR2"
test-www.fisheries.noaa.gov,No,Yes,8,3,2026-04-09T00:00:00,2026-10-31T23:59:59,25528596533;25456682906;25456698325;28299357218;25547299431;25547316029;25705344977;28299361868,"C=US, O=DigiCert Inc, CN=DigiCert Global G3 TLS ECC SHA384 2020 CA1;C=US, O=Let's Encrypt, CN=YR2;C=US, O=DigiCert Inc, CN=DigiCert Global G2 TLS RSA SHA256 2020 CA1"
test.ago.woc.noaa.gov,No,Yes,1,1,2026-05-14T00:00:00,2026-11-27T23:59:59,26332554797,"C=US, O=Amazon, CN=Amazon RSA 2048 M01"
test.bldc.nwave.noaa.gov,Yes,Yes,2,1,2026-09-03T04:04:25,2026-12-02T04:04:24,29295890949;29300634110,"C=US, O=Let's Encrypt, CN=YR1"
test.cbits.nws.noaa.gov,Yes,Yes,9,4,2026-04-02T20:23:14,2026-12-12T22:24:12,25376630019;25379035994;25369240159;29349079377;25369583973;25409374153;25337460921;29349080935;29470826699,"C=US, O=""CLOUDFLARE, INC."", CN=Cloudflare TLS Issuing RSA CA 1;C=GB, O=Sectigo Limited, CN=Sectigo Public Server Authentication CA DV R36;C=GB, O=Sectigo Limited, CN=Sectigo Public Server Authentication CA DV E36;C=US, O=""CLOUDFLARE, INC."", CN=Cloudflare TLS Issuing ECC CA 1"
test.goes.woc.noaa.gov,No,Yes,1,1,2026-05-26T00:00:00,2026-12-09T23:59:59,26648304082,"C=US, O=Amazon, CN=Amazon RSA 2048 M01"
test.gsl.noaa.gov,Yes,Yes,5,3,2026-03-26T00:00:00,2026-10-22T16:01:22,28216547327;28216545215;28216553668;25225432740;28216544189,"C=US, O=Let's Encrypt, CN=YR2;C=US, O=Amazon, CN=Amazon RSA 2048 M01;C=US, O=Let's Encrypt, CN=YE2"
test.hq.woc.noaa.gov,No,Yes,1,1,2026-05-14T00:00:00,2026-11-27T23:59:59,26332554797,"C=US, O=Amazon, CN=Amazon RSA 2048 M01"
test.icoads.woc.noaa.gov,No,Yes,2,1,2026-03-27T00:00:00,2026-10-10T23:59:59,25246442959;25245368661,"C=US, O=Amazon, CN=Amazon RSA 2048 M01"
test.international.woc.noaa.gov,No,Yes,1,1,2026-05-14T00:00:00,2026-11-27T23:59:59,26332554797,"C=US, O=Amazon, CN=Amazon RSA 2048 M01"
test.labtrain.woc.noaa.gov,No,Yes,1,1,2026-05-14T00:00:00,2026-11-27T23:59:59,26332554797,"C=US, O=Amazon, CN=Amazon RSA 2048 M01"
test.nepa.woc.noaa.gov,Yes,Yes,1,1,2026-05-14T00:00:00,2026-11-27T23:59:59,26332554797,"C=US, O=Amazon, CN=Amazon RSA 2048 M01"
test.nesdis.noaa.gov,Yes,Yes,2,1,2026-08-12T15:38:26,2026-11-10T15:38:25,28780610583;28778186914,"C=US, O=Let's Encrypt, CN=YE2"
test.ospo.woc.noaa.gov,No,Yes,2,1,2026-05-26T00:00:00,2026-12-09T23:59:59,26646391335;26646090162,"C=US, O=Amazon, CN=Amazon RSA 2048 M04"
test.sandbox.oarcloud.noaa.gov,Yes,Yes,1,1,2026-06-03T00:00:00,2026-12-17T23:59:59,26842086962,"C=US, O=Amazon, CN=Amazon RSA 2048 M04"
test.ssd.woc.noaa.gov,No,Yes,2,1,2026-05-26T00:00:00,2026-12-09T23:59:59,26646391335;26646090162,"C=US, O=Amazon, CN=Amazon RSA 2048 M04"
test.telecom.apps.noaa.gov,Yes,Yes,3,2,2025-10-14T00:00:00,2026-11-19T23:59:59,21716295806;21892908650;21892927762,"C=US, O=Amazon, CN=Amazon RSA 2048 M04;C=US, O=Amazon, CN=Amazon RSA 2048 M01"
test.woc.noaa.gov,No,Yes,2,1,2026-03-27T00:00:00,2026-10-10T23:59:59,25247382954;25246388809,"C=US, O=Amazon, CN=Amazon RSA 2048 M04"
testbed.swpc.dnstest.noaa.gov,Yes,Yes,2,1,2026-08-19T15:29:56,2026-11-17T15:29:55,28983063939;29016702435,"C=US, O=Let's Encrypt, CN=YR2"
testbed.swpc.noaa.gov,Yes,Yes,4,2,2026-03-22T00:00:00,2026-11-17T15:30:07,28994557835;25145453620;29123204167;25166742070,"C=US, O=Let's Encrypt, CN=YR2;C=US, O=Amazon, CN=Amazon RSA 2048 M01"
testbeds-private.oarcloud.noaa.gov,Yes,Yes,2,1,2026-03-30T00:00:00,2026-10-13T23:59:59,25300081914;25276375887,"C=US, O=Amazon, CN=Amazon RSA 2048 M01"
testbeds.noaa.gov,Yes,Yes,2,1,2026-04-11T00:00:00,2026-10-25T23:59:59,25769028851;25477736210,"C=US, O=Amazon, CN=Amazon RSA 2048 M01"
texting.awips-refactor-dev.vlab.nws.noaa.gov,No,Yes,2,1,2026-05-30T00:00:00,2026-12-13T23:59:59,26747405041;26790539156,"C=US, O=Amazon, CN=Amazon RSA 2048 M01"
tgftp-bldr.ncep.noaa.gov,No,Yes,1,1,2026-05-21T19:20:13,2026-12-05T19:20:13,26528860861,"C=US, ST=Arizona, L=Scottsdale, O=""GoDaddy.com, Inc."", OU=http://certs.godaddy.com/repository/, CN=Go Daddy Secure Certificate Authority - G2"
tgftp-cprk.ncep.noaa.gov,No,Yes,1,1,2026-05-21T19:20:13,2026-12-05T19:20:13,26528860861,"C=US, ST=Arizona, L=Scottsdale, O=""GoDaddy.com, Inc."", OU=http://certs.godaddy.com/repository/, CN=Go Daddy Secure Certificate Authority - G2"
tgftp.ncep.noaa.gov,No,Yes,1,1,2026-05-21T19:20:13,2026-12-05T19:20:13,26528860861,"C=US, ST=Arizona, L=Scottsdale, O=""GoDaddy.com, Inc."", OU=http://certs.godaddy.com/repository/, CN=Go Daddy Secure Certificate Authority - G2"
tgftp.nws.noaa.gov,No,Yes,1,1,2026-05-21T19:20:13,2026-12-05T19:20:13,26528860861,"C=US, ST=Arizona, L=Scottsdale, O=""GoDaddy.com, Inc."", OU=http://certs.godaddy.com/repository/, CN=Go Daddy Secure Certificate Authority - G2"
thredds1.pfeg.noaa.gov,No,Yes,6,2,2026-04-09T00:00:00,2026-10-31T23:59:59,25528596533;25456682906;25456698325;25547299431;25547316029;25705344977,"C=US, O=DigiCert Inc, CN=DigiCert Global G3 TLS ECC SHA384 2020 CA1;C=US, O=DigiCert Inc, CN=DigiCert Global G2 TLS RSA SHA256 2020 CA1"
thunderbay.noaa.gov,Yes,Yes,2,1,2026-08-01T06:03:24,2026-10-30T06:03:23,28429211271;28429206269,"C=US, O=Let's Encrypt, CN=YR2"
ticket.pmel.noaa.gov,No,Yes,5,1,2025-09-12T00:00:00,2026-10-13T23:59:59,20977242448;20976430097;20979386850;20976430174;20977992906,"C=US, O=DigiCert Inc, CN=DigiCert Global G2 TLS RSA SHA256 2020 CA1"
ticketing.pmel.noaa.gov,No,Yes,5,1,2025-09-12T00:00:00,2026-10-13T23:59:59,20977242448;20976430097;20979386850;20976430174;20977992906,"C=US, O=DigiCert Inc, CN=DigiCert Global G2 TLS RSA SHA256 2020 CA1"
tickets.nwave.noaa.gov,Yes,Yes,2,1,2026-07-31T05:44:45,2026-10-29T05:44:44,28400731042;28400739219,"C=US, O=Let's Encrypt, CN=YR2"
tickets.pmel.noaa.gov,No,Yes,7,1,2025-09-12T00:00:00,2026-10-13T23:59:59,20977242448;20976430097;20979386850;23063015363;20976430174;20977992906;21037150454,"C=US, O=DigiCert Inc, CN=DigiCert Global G2 TLS RSA SHA256 2020 CA1"
tmp.fisheries.noaa.gov,Yes,Yes,2,1,2026-08-12T16:02:07,2026-11-10T16:02:06,28779025465;28785846281,"C=US, O=Let's Encrypt, CN=YR1"
token.esrl.noaa.gov,Yes,Yes,3,1,2026-07-21T00:00:00,2026-12-19T23:59:59,28115066303;28115066751;29464083180,"C=AT, O=ZeroSSL GmbH, CN=ZeroSSL RSA DV SSL CA 2"
token.gfdl.noaa.gov,Yes,Yes,3,2,2026-07-31T19:01:37,2026-11-29T16:55:58,29200367493;28416858185;28416866492,"C=US, O=Let's Encrypt, CN=YR1;C=US, O=Let's Encrypt, CN=YR2"
toursadmin.esrl.noaa.gov,Yes,Yes,2,1,2026-08-31T15:53:35,2026-11-29T15:53:34,29421885880;29199016991,"C=US, O=Let's Encrypt, CN=YR1"
training.weather.gov,Yes,No,2,1,2026-08-18T04:08:21,2026-11-16T04:08:20,29063195477;28945628850,"C=US, O=Let's Encrypt, CN=YR1"
training.weather.woc.noaa.gov,No,Yes,8,3,2026-03-27T00:00:00,2026-11-17T04:03:21,28982283323;28937111454;28945628850;28982280462;25245368661;28937111902;25246442959;29063195477,"C=US, O=Let's Encrypt, CN=YR1;C=US, O=Let's Encrypt, CN=YR2;C=US, O=Amazon, CN=Amazon RSA 2048 M01"
trivy-dashboard.k8s.nwave.noaa.gov,Yes,Yes,2,1,2026-08-28T18:31:43,2026-11-26T18:31:42,29372892051;29128679525,"C=US, O=Let's Encrypt, CN=YR1"
tsds.bldc.nwave.noaa.gov,No,Yes,4,2,2026-07-12T12:51:37,2026-10-10T23:47:58,27875541936;27886183709;27875528830;27886178097,"C=US, O=Let's Encrypt, CN=YR1;C=US, O=Let's Encrypt, CN=YR2"
tsds.ctc.nwave.noaa.gov,No,Yes,6,2,2026-07-07T09:22:38,2026-12-05T13:27:16,27754534933;27755380564;29400932444;27754539333;27755385540;29399650829,"C=US, O=Let's Encrypt, CN=YR1;C=US, O=Let's Encrypt, CN=YR2"
tsunami-us.pmel.noaa.gov,No,Yes,5,1,2025-09-12T00:00:00,2026-10-13T23:59:59,20977242448;20976430097;20979386850;20976430174;20977992906,"C=US, O=DigiCert Inc, CN=DigiCert Global G2 TLS RSA SHA256 2020 CA1"
tsunami.coast.noaa.gov,No,Yes,2,1,2026-08-23T07:22:27,2026-11-21T07:22:26,29158613466;29397187463,"C=US, O=Let's Encrypt, CN=YR2"
tsunami.dev.coast.noaa.gov,No,Yes,2,1,2026-07-19T06:32:45,2026-10-17T06:32:44,28058325359;28058320198,"C=US, O=Let's Encrypt, CN=YR1"
tsunami.noaa.gov,No,Yes,2,1,2026-08-14T08:09:23,2026-11-12T08:09:22,28831175895;28831180224,"C=US, O=Let's Encrypt, CN=YR1"
tsunami.pmel.noaa.gov,No,Yes,5,1,2025-09-12T00:00:00,2026-10-13T23:59:59,20977242448;20976430097;20979386850;20976430174;20977992906,"C=US, O=DigiCert Inc, CN=DigiCert Global G2 TLS RSA SHA256 2020 CA1"
tw.gsd.esrl.noaa.gov,Yes,Yes,4,1,2026-07-29T09:11:09,2026-11-30T21:40:39,28347120138;28347108800;29415627378;29263765424,"C=US, O=Let's Encrypt, CN=YR1"
tweb.pmel.noaa.gov,No,Yes,3,1,2025-09-12T00:00:00,2026-10-13T23:59:59,20977242448;20976430174;20976430097,"C=US, O=DigiCert Inc, CN=DigiCert Global G2 TLS RSA SHA256 2020 CA1"
tweb7.pmel.noaa.gov,No,Yes,3,1,2025-09-12T00:00:00,2026-10-13T23:59:59,20977242448;20976430174;20976430097,"C=US, O=DigiCert Inc, CN=DigiCert Global G2 TLS RSA SHA256 2020 CA1"
twilight.pmel.noaa.gov,No,Yes,3,1,2025-09-12T00:00:00,2026-10-13T23:59:59,20977242448;20976430174;20976430097,"C=US, O=DigiCert Inc, CN=DigiCert Global G2 TLS RSA SHA256 2020 CA1"
uat.archive.data.noaa.gov,Yes,Yes,2,1,2026-04-28T00:00:00,2026-11-11T23:59:59,25870776739;26036513430,"C=US, O=Amazon, CN=Amazon RSA 2048 M01"
uat.cmist.noaa.gov,No,Yes,1,1,2025-12-17T00:00:00,2026-12-17T23:59:59,23177492893,"C=US, O=DigiCert Inc, CN=DigiCert Global G2 TLS RSA SHA256 2020 CA1"
uat.oceanservice.noaa.gov,No,Yes,2,1,2026-08-01T08:19:22,2026-10-30T08:19:21,28431777371;28431769266,"C=US, O=Let's Encrypt, CN=YR1"
uat.oceantoday.noaa.gov,No,Yes,2,1,2026-08-01T08:48:32,2026-10-30T08:48:31,28432252056;28432251234,"C=US, O=Let's Encrypt, CN=YR2"
ucarp-otp.nwave.noaa.gov,No,Yes,4,1,2026-07-20T08:20:54,2026-10-19T06:51:34,28117263226;28117257077;28088634031;28088643016,"C=US, O=Let's Encrypt, CN=YR1"
ufs.epic.noaa.gov,Yes,Yes,2,1,2025-11-18T00:00:00,2026-12-17T23:59:59,22556754208;22555503175,"C=US, O=Amazon, CN=Amazon RSA 2048 M04"
umpqua.pmel.noaa.gov,No,Yes,3,1,2025-09-12T00:00:00,2026-10-13T23:59:59,20977242448;20976430174;20976430097,"C=US, O=DigiCert Inc, CN=DigiCert Global G2 TLS RSA SHA256 2020 CA1"
ums.noaa.gov,Yes,Yes,4,2,2025-11-07T00:00:00,2026-12-04T23:59:59,28545879080;22294911587;22293499361;28545894689,"C=US, O=Let's Encrypt, CN=YR2;C=US, O=Amazon, CN=Amazon RSA 2048 M01"
unlock.bldc.nwave.noaa.gov,No,Yes,3,2,2026-07-07T09:29:11,2026-12-02T14:14:57,27754644783;27754639476;29472251610,"C=US, O=Let's Encrypt, CN=YE1;C=US, O=Let's Encrypt, CN=YE2"
unlock.nwave.noaa.gov,Yes,Yes,3,2,2026-07-07T09:29:11,2026-12-02T14:14:57,27754644783;27754639476;29472251610,"C=US, O=Let's Encrypt, CN=YE1;C=US, O=Let's Encrypt, CN=YE2"
uploads.github.nwave.noaa.gov,No,Yes,4,2,2026-07-17T07:01:06,2026-10-17T08:08:12,28060184600;28005784207;28060165929;28005791772,"C=US, O=Let's Encrypt, CN=YE1;C=US, O=Let's Encrypt, CN=YE2"
upwell.pfeg.noaa.gov,No,Yes,6,2,2026-04-09T00:00:00,2026-10-31T23:59:59,25528596533;25456682906;25456698325;25547299431;25547316029;25705344977,"C=US, O=DigiCert Inc, CN=DigiCert Global G3 TLS ECC SHA384 2020 CA1;C=US, O=DigiCert Inc, CN=DigiCert Global G2 TLS RSA SHA256 2020 CA1"
urrd.wpc-vlab.noaa.gov,Yes,Yes,2,1,2025-09-22T00:00:00,2026-10-21T23:59:59,21192428504;21193790528,"C=US, O=Amazon, CN=Amazon RSA 2048 M01"
usregionalclimatecenter.noaa.gov,Yes,Yes,1,1,2026-05-01T00:00:00,2026-11-14T23:59:59,25959808490,"C=US, O=Amazon, CN=Amazon RSA 2048 M04"
uwseis.pmel.noaa.gov,No,Yes,5,1,2025-09-12T00:00:00,2026-10-13T23:59:59,20977242448;20976430097;20979386850;20976430174;20977992906,"C=US, O=DigiCert Inc, CN=DigiCert Global G2 TLS RSA SHA256 2020 CA1"
vast1-vms.gsl.noaa.gov,Yes,Yes,2,1,2026-07-30T09:05:10,2026-10-28T09:05:09,28375893004;28375898067,"C=US, O=Let's Encrypt, CN=YR2"
vault.awips-refactor-dev.vlab.nws.noaa.gov,No,Yes,2,1,2026-05-30T00:00:00,2026-12-13T23:59:59,26747405041;26790539156,"C=US, O=Amazon, CN=Amazon RSA 2048 M01"
vault.gsd.esrl.noaa.gov,Yes,Yes,2,1,2026-08-12T09:08:47,2026-11-10T09:08:46,28768363497;28768358202,"C=US, O=Let's Encrypt, CN=YR1"
vault33.esrl.noaa.gov,Yes,Yes,3,1,2026-08-03T05:02:18,2026-12-01T05:02:15,28482892855;28482883161;29340754850,"C=US, O=Let's Encrypt, CN=YR2"
verification.nws.noaa.gov,Yes,Yes,4,1,2025-11-26T00:00:00,2026-12-27T23:59:59,25220848025;25220833400;22735990906;22736004973,"C=US, O=Network Solutions L.L.C., CN=Network Solutions RSA DV SSL CA 3"
veritas-c.mdl.nws.noaa.gov,Yes,Yes,2,1,2026-07-13T19:11:38,2026-10-11T19:11:37,27907136029;27907127346,"C=US, O=Let's Encrypt, CN=YR1"
veritas.mdl.nws.noaa.gov,Yes,Yes,2,1,2026-07-28T02:09:48,2026-10-26T02:09:47,28308825639;28308835204,"C=US, O=Let's Encrypt, CN=YR2"
video.test.gsl.noaa.gov,No,Yes,4,2,2026-07-22T18:40:20,2026-10-20T18:40:26,28161454721;28161448219;28161455989;28161450049,"C=US, O=Let's Encrypt, CN=YR1;C=US, O=Let's Encrypt, CN=YE2"
viewscreen.github.nwave.noaa.gov,No,Yes,4,2,2026-07-17T07:01:06,2026-10-17T08:08:12,28060184600;28005784207;28060165929;28005791772,"C=US, O=Let's Encrypt, CN=YE1;C=US, O=Let's Encrypt, CN=YE2"
viz-temp.pmel.noaa.gov,No,Yes,6,1,2025-09-12T00:00:00,2026-10-13T23:59:59,20977242448;20976430097;20976430174;21039237143;21383989218;21040359707,"C=US, O=DigiCert Inc, CN=DigiCert Global G2 TLS RSA SHA256 2020 CA1"
viz.pmel.noaa.gov,Yes,Yes,8,1,2025-09-12T00:00:00,2026-10-13T23:59:59,20977242448;20976430097;23063015363;20976430174;21039237143;21383989218;21040359707;21037150454,"C=US, O=DigiCert Inc, CN=DigiCert Global G2 TLS RSA SHA256 2020 CA1"
vlab-dev.noaa.gov,Yes,Yes,2,1,2026-04-10T00:00:00,2026-10-24T23:59:59,25953402274;25468570131,"C=US, O=Amazon, CN=Amazon RSA 2048 M01"
vlab-next-dev.noaa.gov,No,Yes,2,1,2026-04-10T00:00:00,2026-10-24T23:59:59,25953402274;25468570131,"C=US, O=Amazon, CN=Amazon RSA 2048 M01"
vlab-next-internal-dev.noaa.gov,No,Yes,2,1,2026-04-10T00:00:00,2026-10-24T23:59:59,25953402274;25468570131,"C=US, O=Amazon, CN=Amazon RSA 2048 M01"
vlab.noaa.gov,Yes,Yes,2,1,2026-04-10T00:00:00,2026-10-24T23:59:59,25468595778;27833369612,"C=US, O=Amazon, CN=Amazon RSA 2048 M01"
vm-lnx7-mailrt1.ncep.noaa.gov,No,Yes,1,1,2026-05-21T19:20:13,2026-12-05T19:20:13,26528860861,"C=US, ST=Arizona, L=Scottsdale, O=""GoDaddy.com, Inc."", OU=http://certs.godaddy.com/repository/, CN=Go Daddy Secure Certificate Authority - G2"
vm-lnx7-mailrt2.ncep.noaa.gov,No,Yes,1,1,2026-05-21T19:20:13,2026-12-05T19:20:13,26528860861,"C=US, ST=Arizona, L=Scottsdale, O=""GoDaddy.com, Inc."", OU=http://certs.godaddy.com/repository/, CN=Go Daddy Secure Certificate Authority - G2"
vms.nmfs.noaa.gov,No,Yes,8,3,2026-04-09T00:00:00,2026-10-31T23:59:59,25528596533;25456682906;25456698325;28299357218;25547299431;25547316029;25705344977;28299361868,"C=US, O=DigiCert Inc, CN=DigiCert Global G3 TLS ECC SHA384 2020 CA1;C=US, O=Let's Encrypt, CN=YR2;C=US, O=DigiCert Inc, CN=DigiCert Global G2 TLS RSA SHA256 2020 CA1"
vmsmaps.nmfs.noaa.gov,No,Yes,8,3,2026-04-09T00:00:00,2026-10-31T23:59:59,25528596533;25456682906;25456698325;28299357218;25547299431;25547316029;25705344977;28299361868,"C=US, O=DigiCert Inc, CN=DigiCert Global G3 TLS ECC SHA384 2020 CA1;C=US, O=Let's Encrypt, CN=YR2;C=US, O=DigiCert Inc, CN=DigiCert Global G2 TLS RSA SHA256 2020 CA1"
vmweb1.pmel.noaa.gov,No,Yes,3,1,2025-09-12T00:00:00,2026-10-13T23:59:59,20977242448;20976430174;20976430097,"C=US, O=DigiCert Inc, CN=DigiCert Global G2 TLS RSA SHA256 2020 CA1"
voices.nmfs.noaa.gov,No,Yes,8,3,2026-04-09T00:00:00,2026-10-31T23:59:59,25528596533;25456682906;25456698325;28299357218;25547299431;25547316029;25705344977;28299361868,"C=US, O=DigiCert Inc, CN=DigiCert Global G3 TLS ECC SHA384 2020 CA1;C=US, O=Let's Encrypt, CN=YR2;C=US, O=DigiCert Inc, CN=DigiCert Global G2 TLS RSA SHA256 2020 CA1"
vos.noaa.gov,Yes,Yes,4,2,2026-08-22T17:44:26,2026-11-21T05:38:33,29353817462;29133057683;29103257852;29130174279,"C=US, O=Let's Encrypt, CN=YR1;C=US, O=Let's Encrypt, CN=YR2"
vpn.w1.woc.noaa.gov,Yes,Yes,4,1,2026-08-17T10:12:38,2026-11-15T10:12:54,28901100221;28901098520;28937017150;28922162157,"C=US, O=Let's Encrypt, CN=YR1"
vpngw01.gfdl.noaa.gov,Yes,Yes,2,1,2026-06-09T00:00:00,2026-12-24T23:59:59,27024512971;27024468454,"C=GB, O=Sectigo Limited, CN=Sectigo Public Server Authentication CA DV R36"
w1.pps.noaa.gov,No,Yes,2,1,2026-03-27T00:00:00,2026-10-10T23:59:59,25246643823;25245669269,"C=US, O=Amazon, CN=Amazon RSA 2048 M04"
w1.sarsat.noaa.gov,No,Yes,2,1,2026-03-27T00:00:00,2026-10-10T23:59:59,25246643823;25245669269,"C=US, O=Amazon, CN=Amazon RSA 2048 M04"
w1.seco.noaa.gov,No,Yes,2,1,2026-03-27T00:00:00,2026-10-10T23:59:59,25246643823;25245669269,"C=US, O=Amazon, CN=Amazon RSA 2048 M04"
wake.pmel.noaa.gov,No,Yes,4,1,2025-09-12T00:00:00,2026-10-13T23:59:59,20977242448;20976430097;20976430174;21254043591,"C=US, O=DigiCert Inc, CN=DigiCert Global G2 TLS RSA SHA256 2020 CA1"
watchlight.pmel.noaa.gov,No,Yes,3,1,2025-09-12T00:00:00,2026-10-13T23:59:59,20977242448;20976430174;20976430097,"C=US, O=DigiCert Inc, CN=DigiCert Global G2 TLS RSA SHA256 2020 CA1"
water.noaa.gov,Yes,Yes,2,1,2025-10-08T00:00:00,2026-12-08T23:59:59,21579689254;22326969485,"C=US, O=Amazon, CN=Amazon RSA 2048 M04"
wdtd.noaa.gov,Yes,Yes,2,1,2026-08-09T03:05:00,2026-11-07T03:04:59,28666321132;28665905155,"C=US, O=Let's Encrypt, CN=YR2"
weather.gov,Yes,No,4,2,2026-08-03T13:00:21,2026-11-05T02:46:19,28494560988;28608386029;28608380323;28494560539,"C=US, O=Let's Encrypt, CN=YR1;C=US, O=Let's Encrypt, CN=YR2"
webargo.pmel.noaa.gov,No,Yes,3,1,2025-09-12T00:00:00,2026-10-13T23:59:59,20977242448;20976430174;20976430097,"C=US, O=DigiCert Inc, CN=DigiCert Global G2 TLS RSA SHA256 2020 CA1"
webeast.ngs.noaa.gov,Yes,Yes,3,1,2026-04-08T00:00:00,2026-11-08T23:59:59,25755256884;25652649258;25806797167,"C=US, O=DigiCert Inc, CN=DigiCert Global G2 TLS RSA SHA256 2020 CA1"
webform.pier.dev.oarcloud.noaa.gov,Yes,Yes,2,1,2026-06-05T00:00:00,2026-12-19T23:59:59,26923247795;26923451321,"C=US, O=Amazon, CN=Amazon RSA 2048 M01"
weblogin.nwave.noaa.gov,Yes,Yes,4,1,2026-07-14T19:25:26,2026-10-13T09:01:19,27935197733;27950185564;27950191283;27935205360,"C=US, O=Let's Encrypt, CN=YR1"
webmap.afsc.noaa.gov,No,Yes,6,2,2026-04-09T00:00:00,2026-10-31T23:59:59,25528596533;25456682906;25456698325;25547299431;25547316029;25705344977,"C=US, O=DigiCert Inc, CN=DigiCert Global G3 TLS ECC SHA384 2020 CA1;C=US, O=DigiCert Inc, CN=DigiCert Global G2 TLS RSA SHA256 2020 CA1"
websrvc2.gsd.esrl.noaa.gov,Yes,Yes,2,1,2026-08-21T09:13:25,2026-11-19T09:13:24,29058653354;29222764658,"C=US, O=Let's Encrypt, CN=YR1"
webssm.roc.noaa.gov,No,Yes,1,1,2026-05-19T00:00:00,2026-12-03T23:59:59,26476320299,"C=US, O=DigiCert Inc, CN=DigiCert Global G2 TLS RSA SHA256 2020 CA1"
westcoast.fisheries.noaa.gov,No,Yes,8,3,2026-04-09T00:00:00,2026-10-31T23:59:59,25528596533;25456682906;25456698325;28299357218;25547299431;25547316029;25705344977;28299361868,"C=US, O=DigiCert Inc, CN=DigiCert Global G3 TLS ECC SHA384 2020 CA1;C=US, O=Let's Encrypt, CN=YR2;C=US, O=DigiCert Inc, CN=DigiCert Global G2 TLS RSA SHA256 2020 CA1"
wf.pmel.noaa.gov,No,Yes,5,1,2025-09-12T00:00:00,2026-10-13T23:59:59,20977242448;20976430097;20979386850;20976430174;20977992906,"C=US, O=DigiCert Inc, CN=DigiCert Global G2 TLS RSA SHA256 2020 CA1"
wfm.noaa.gov,Yes,Yes,1,1,2026-06-09T00:00:00,2026-12-23T23:59:59,27013626226,"C=US, O=Amazon, CN=Amazon RSA 2048 M01"
whitepages.noaa.gov,Yes,Yes,8,1,2026-07-07T00:00:00,2026-10-14T23:59:59,27763682178;27763622961;27990032637;27763414236;27763681571;27763415412;27763605636;27990031118,"C=AT, O=ZeroSSL GmbH, CN=ZeroSSL RSA DV SSL CA 2"
whoami.k8s.nwave.noaa.gov,Yes,Yes,2,1,2026-07-26T14:43:45,2026-10-24T14:43:44,28267260927;28267261884,"C=US, O=Let's Encrypt, CN=YR1"
wiki.gfdl.noaa.gov,Yes,Yes,4,2,2026-07-31T19:00:55,2026-11-29T16:55:36,28416834399;29200361489;29423465440;28416842429,"C=US, O=Let's Encrypt, CN=YR1;C=US, O=Let's Encrypt, CN=YR2"
wimbi.pmel.noaa.gov,No,Yes,3,1,2025-09-12T00:00:00,2026-10-13T23:59:59,20977242448;20976430174;20976430097,"C=US, O=DigiCert Inc, CN=DigiCert Global G2 TLS RSA SHA256 2020 CA1"
winhelp.cmdl.noaa.gov,Yes,Yes,4,1,2026-07-27T15:00:51,2026-10-25T15:33:03,28296347918;28295570808;28295570915;28296352412,"C=US, O=Let's Encrypt, CN=YR1"
wis2broker.globaldata.nws.noaa.gov,Yes,Yes,2,1,2026-06-02T00:00:00,2026-12-16T23:59:59,26920007636;26819546307,"C=US, O=Amazon, CN=Amazon RSA 2048 M04"
wis2brokerdev.dev.globaldata.nws.noaa.gov,Yes,Yes,1,1,2026-03-23T00:00:00,2026-10-06T23:59:59,25171909798,"C=US, O=Amazon, CN=Amazon RSA 2048 M04"
wis2brokerqa.qa.globaldata.nws.noaa.gov,Yes,Yes,1,1,2026-05-26T00:00:00,2026-12-09T23:59:59,26646819637,"C=US, O=Amazon, CN=Amazon RSA 2048 M01"
wis2cache.globaldata.nws.noaa.gov,Yes,Yes,1,1,2025-09-29T00:00:00,2026-10-28T23:59:59,21353846407,"C=US, O=Amazon, CN=Amazon RSA 2048 M04"
wis2cachedev.dev.globaldata.nws.noaa.gov,Yes,Yes,3,2,2025-09-24T00:00:00,2026-10-23T23:59:59,21253765232;25668391737;25439879941,"C=US, O=Amazon, CN=Amazon RSA 2048 M04;C=US, O=Amazon, CN=Amazon RSA 2048 M01"
wis2cacheqa.qa.globaldata.nws.noaa.gov,Yes,Yes,15,3,2025-09-09T00:00:00,2026-11-14T23:59:59,21253165574;20923890876;21037995474;20954269924;21228643368;21066562889;20979855351;21768302123;21136883585;21209069804;21044777652;21249471679;20906707024;20976453526;21266224820,"C=US, O=Amazon, CN=Amazon RSA 2048 M03;C=US, O=Amazon, CN=Amazon RSA 2048 M04;C=US, O=Amazon, CN=Amazon RSA 2048 M01"
wis2node.globaldata.nws.noaa.gov,Yes,Yes,2,1,2026-03-31T00:00:00,2026-10-14T23:59:59,25310203784;25285988022,"C=US, O=Amazon, CN=Amazon RSA 2048 M01"
woc.noaa.gov,No,Yes,6,2,2025-09-27T00:00:00,2026-12-31T23:59:59,26997499393;27251897761;21306756770;21681641627;25242838055;25531761422,"C=US, O=Amazon, CN=Amazon RSA 2048 M04;C=US, O=Amazon, CN=Amazon RSA 2048 M01"
workspaces.test-pages.services.nesdis.noaa.gov,Yes,Yes,1,1,2026-06-09T00:00:00,2026-12-23T23:59:59,27028353811,"C=US, O=Amazon, CN=Amazon RSA 2048 M04"
wp-oarhqdev1.oarcloud.noaa.gov,Yes,Yes,1,1,2025-11-09T00:00:00,2026-12-08T23:59:59,22327246612,"C=US, O=Amazon, CN=Amazon RSA 2048 M01"
wpc-cluster.nhc.noaa.gov,No,Yes,29,2,2026-07-13T02:05:32,2026-12-06T02:01:35,28367395255;29136885677;28367389224;28081057804;28280250550;28081056212;28479341280;28693135989;28479353228;27888487874;28898691367;29366938595;29189409414;29054309192;29364825787;28280245404;28479352452;29422371314;28367386976;29422445563;27888497455;28898694254;29041751194;28693138074;28479342072;28081053048;28367394918;28081062368;29413124330,"C=US, O=Let's Encrypt, CN=YR1;C=US, O=Let's Encrypt, CN=YR2"
wpc-ftp.ncep.noaa.gov,No,Yes,1,1,2026-09-04T14:11:32,2026-12-03T14:11:31,29344527933,"C=US, O=Let's Encrypt, CN=YR2"
wpc-vm-nhc-server1.nhc.noaa.gov,No,Yes,29,2,2026-07-13T02:05:32,2026-12-06T02:01:35,28367395255;29136885677;28367389224;28081057804;28280250550;28081056212;28479341280;28693135989;28479353228;27888487874;28898691367;29366938595;29189409414;29054309192;29364825787;28280245404;28479352452;29422371314;28367386976;29422445563;27888497455;28898694254;29041751194;28693138074;28479342072;28081053048;28367394918;28081062368;29413124330,"C=US, O=Let's Encrypt, CN=YR1;C=US, O=Let's Encrypt, CN=YR2"
wpc.ncep.noaa.gov,No,Yes,3,1,2026-05-21T21:44:52,2026-12-11T20:45:54,26532526621;26689796855;28496658134,"C=US, ST=Arizona, L=Scottsdale, O=""GoDaddy.com, Inc."", OU=http://certs.godaddy.com/repository/, CN=Go Daddy Secure Certificate Authority - G2"
wpc.woc.noaa.gov,Yes,Yes,1,1,2025-10-14T00:00:00,2026-11-12T23:59:59,21706544478,"C=US, O=Amazon, CN=Amazon RSA 2048 M04"
wrclib.noaa.gov,Yes,Yes,2,1,2026-07-23T03:10:08,2026-10-21T03:10:07,28171527238;28171565562,"C=US, O=Let's Encrypt, CN=YR1"
wrclib.pmel.noaa.gov,No,Yes,5,1,2025-09-12T00:00:00,2026-10-13T23:59:59,20977242448;20976430097;20979386850;20976430174;20977992906,"C=US, O=DigiCert Inc, CN=DigiCert Global G2 TLS RSA SHA256 2020 CA1"
ws-dash-temp.pmel.noaa.gov,No,Yes,6,1,2025-09-12T00:00:00,2026-10-13T23:59:59,20977242448;20976430097;20976430174;21039237143;21383989218;21040359707,"C=US, O=DigiCert Inc, CN=DigiCert Global G2 TLS RSA SHA256 2020 CA1"
ws-dash.pmel.noaa.gov,No,Yes,6,1,2025-09-12T00:00:00,2026-10-13T23:59:59,20977242448;20976430097;20976430174;21039237143;21383989218;21040359707,"C=US, O=DigiCert Inc, CN=DigiCert Global G2 TLS RSA SHA256 2020 CA1"
ws-viz-temp.pmel.noaa.gov,No,Yes,6,1,2025-09-12T00:00:00,2026-10-13T23:59:59,20977242448;20976430097;20976430174;21039237143;21383989218;21040359707,"C=US, O=DigiCert Inc, CN=DigiCert Global G2 TLS RSA SHA256 2020 CA1"
ws-viz.pmel.noaa.gov,No,Yes,6,1,2025-09-12T00:00:00,2026-10-13T23:59:59,20977242448;20976430097;20976430174;21039237143;21383989218;21040359707,"C=US, O=DigiCert Inc, CN=DigiCert Global G2 TLS RSA SHA256 2020 CA1"
wsup.mdl.nws.noaa.gov,Yes,Yes,5,2,2026-04-27T00:00:00,2026-12-06T02:11:20,29413264156;27796240878;27796246530;29422605589;25833079032,"C=US, O=Let's Encrypt, CN=YR1;C=US, O=Amazon, CN=Amazon RSA 2048 M01"
www-c.star.nesdis.noaa.gov,Yes,Yes,2,1,2026-07-27T00:32:54,2026-10-25T00:32:53,28278540985;28278541969,"C=US, O=Let's Encrypt, CN=YR2"
www-dev.star.nesdis.noaa.gov,Yes,Yes,2,1,2026-07-12T00:20:44,2026-10-10T00:20:43,27864757802;27864766154,"C=US, O=Let's Encrypt, CN=YR1"
www-test.star.nesdis.noaa.gov,Yes,Yes,2,1,2026-08-31T00:45:02,2026-11-29T00:45:01,29179417511;29185672893,"C=US, O=Let's Encrypt, CN=YR2"
www.admin.hmspermits.noaa.gov,No,Yes,2,1,2025-10-23T00:00:00,2026-11-18T23:59:59,21944491613;21944471256,"C=US, O=""Network Solutions, LLC"", CN=Network Solutions RSA DV SSL CA 4"
www.adp.noaa.gov,No,Yes,2,1,2026-05-15T00:00:00,2026-11-28T23:59:59,26358647225;26362958084,"C=US, O=Amazon, CN=Amazon RSA 2048 M04"
www.afsc.noaa.gov,No,Yes,8,3,2026-04-09T00:00:00,2026-10-31T23:59:59,25528596533;25456682906;25456698325;28299357218;25547299431;25547316029;25705344977;28299361868,"C=US, O=DigiCert Inc, CN=DigiCert Global G3 TLS ECC SHA384 2020 CA1;C=US, O=Let's Encrypt, CN=YR2;C=US, O=DigiCert Inc, CN=DigiCert Global G2 TLS RSA SHA256 2020 CA1"
www.ago.noaa.gov,No,Yes,5,2,2026-04-30T00:00:00,2026-12-29T23:59:59,27208754257;25927197275;28694351512;27312189001;28694329069,"C=US, O=Let's Encrypt, CN=YR2;C=US, O=Amazon, CN=Amazon RSA 2048 M01"
www.al.noaa.gov,No,Yes,2,1,2026-07-10T00:00:00,2026-10-08T23:59:59,27823787112;27823790513,"C=AT, O=ZeroSSL GmbH, CN=ZeroSSL RSA DV SSL CA 2"
www.americansamoa.noaa.gov,No,Yes,2,1,2026-08-01T04:52:45,2026-10-30T04:52:44,28427794490;28427797712,"C=US, O=Let's Encrypt, CN=YR1"
www.apec.noaa.gov,No,Yes,5,2,2026-04-24T00:00:00,2026-12-04T16:55:17,27756743661;25959812892;27756751764;25757585735;29377834204,"C=US, O=Let's Encrypt, CN=YR2;C=US, O=Amazon, CN=Amazon RSA 2048 M04"
www.arctic.noaa.gov,No,Yes,2,1,2026-04-28T00:00:00,2026-11-11T23:59:59,25868516760;26035658690,"C=US, O=Amazon, CN=Amazon RSA 2048 M01"
www.atlhmscatchshares.fisheries.noaa.gov,No,Yes,2,1,2025-12-19T00:00:00,2026-12-19T23:59:59,23215774193;23215797735,"C=US, O=Network Solutions L.L.C., CN=Network Solutions RSA DV SSL CA 3"
www.auv.noaa.gov,Yes,Yes,2,1,2026-04-29T00:00:00,2026-11-12T23:59:59,26046536954;25895548124,"C=US, O=Amazon, CN=Amazon RSA 2048 M01"
www.beringclimate.noaa.gov,Yes,Yes,2,1,2026-08-13T08:09:50,2026-11-11T08:09:49,28802354577;28821811110,"C=US, O=Let's Encrypt, CN=YR1"
www.boulderdoc.noaa.gov,Yes,Yes,2,1,2026-03-27T00:00:00,2026-10-10T23:59:59,25246643823;25245669269,"C=US, O=Amazon, CN=Amazon RSA 2048 M04"
www.bt.iso.noaa.gov,No,Yes,1,1,2025-12-09T22:10:27,2026-12-09T22:10:27,23012553769,"C=US, ST=Arizona, L=Scottsdale, O=""GoDaddy.com, Inc."", OU=http://certs.godaddy.com/repository/, CN=Go Daddy Secure Certificate Authority - G2"
www.cachedefault.noaa.gov,Yes,Yes,3,1,2026-05-01T00:00:00,2026-11-14T23:59:59,26063712641;25962250527;25959808470,"C=US, O=Amazon, CN=Amazon RSA 2048 M04"
www.cao.noaa.gov,No,Yes,3,1,2026-05-01T00:00:00,2026-12-29T23:59:59,25959811847;27208754257;27312189001,"C=US, O=Amazon, CN=Amazon RSA 2048 M01"
www.careers.noaa.gov,Yes,Yes,1,1,2026-04-30T00:00:00,2026-11-13T23:59:59,25927198199,"C=US, O=Amazon, CN=Amazon RSA 2048 M04"
www.cbrfc.noaa.gov,Yes,Yes,1,1,2026-09-05T13:28:47,2026-12-04T13:28:46,29374140491,"C=US, O=Let's Encrypt, CN=YR1"
www.cdc.noaa.gov,No,Yes,2,1,2026-07-10T00:00:00,2026-10-08T23:59:59,27823787112;27823790513,"C=AT, O=ZeroSSL GmbH, CN=ZeroSSL RSA DV SSL CA 2"
www.cdhc.noaa.gov,No,Yes,2,1,2026-08-01T08:09:01,2026-10-30T08:09:00,28431591853;28431586142,"C=US, O=Let's Encrypt, CN=YR2"
www.channelislands.noaa.gov,No,Yes,2,1,2026-08-01T04:57:46,2026-10-30T04:57:45,28427882599;28427878770,"C=US, O=Let's Encrypt, CN=YR2"
www.chs.coast.noaa.gov,No,Yes,1,1,2026-08-30T06:10:58,2026-11-28T06:10:57,29385018053,"C=US, O=Let's Encrypt, CN=YR2"
www.chs.qa.coast.noaa.gov,No,Yes,2,1,2026-08-18T09:19:28,2026-11-16T09:19:27,29071437866;28953182362,"C=US, O=Let's Encrypt, CN=YE2"
www.cio.noaa.gov,Yes,Yes,3,2,2026-04-30T00:00:00,2026-11-13T23:59:59,28423654682;28423646156;25927198893,"C=US, O=Let's Encrypt, CN=YR2;C=US, O=Amazon, CN=Amazon RSA 2048 M04"
www.climate.noaa.gov,No,Yes,2,1,2026-08-29T03:05:28,2026-11-27T03:05:27,29133577663;29155398543,"C=US, O=Let's Encrypt, CN=YE2"
www.cmdl.noaa.gov,No,Yes,2,1,2026-07-10T00:00:00,2026-10-08T23:59:59,27823787112;27823790513,"C=AT, O=ZeroSSL GmbH, CN=ZeroSSL RSA DV SSL CA 2"
www.cnrfc.noaa.gov,Yes,Yes,1,1,2025-11-03T00:00:00,2026-11-02T23:59:59,22183882357,"C=US, O=DigiCert Inc, CN=DigiCert Global G2 TLS RSA SHA256 2020 CA1"
www.coast.noaa.gov,No,Yes,2,1,2026-08-23T07:22:27,2026-11-21T07:22:26,29158613466;29397187463,"C=US, O=Let's Encrypt, CN=YR2"
www.coastalscience.noaa.gov,No,Yes,2,1,2026-08-01T08:19:28,2026-10-30T08:19:27,28431782374;28431777662,"C=US, O=Let's Encrypt, CN=YR2"
www.coralreef.noaa.gov,No,Yes,2,1,2026-08-23T07:22:27,2026-11-21T07:22:26,29158613466;29397187463,"C=US, O=Let's Encrypt, CN=YR2"
www.coralreefwatch.noaa.gov,Yes,Yes,1,1,2026-09-05T23:37:55,2026-12-04T23:37:54,29384911378,"C=US, O=Let's Encrypt, CN=YR2"
www.cordellbank.noaa.gov,No,Yes,2,1,2026-08-01T05:03:32,2026-10-30T05:03:31,28427981416;28427978928,"C=US, O=Let's Encrypt, CN=YR1"
www.coris.noaa.gov,No,Yes,2,1,2026-08-18T13:06:52,2026-11-16T13:06:51,29077514711;28923997073,"C=US, O=Let's Encrypt, CN=YR2"
www.corpscpc.noaa.gov,Yes,Yes,3,1,2025-11-19T00:00:00,2026-12-16T23:59:59,22602356163;22608008748;25927200825,"C=US, O=Amazon, CN=Amazon RSA 2048 M04"
www.countmyfish.noaa.gov,No,Yes,8,3,2026-04-09T00:00:00,2026-10-31T23:59:59,25528596533;25456682906;25456698325;28299357218;25547299431;25547316029;25705344977;28299361868,"C=US, O=DigiCert Inc, CN=DigiCert Global G3 TLS ECC SHA384 2020 CA1;C=US, O=Let's Encrypt, CN=YR2;C=US, O=DigiCert Inc, CN=DigiCert Global G2 TLS RSA SHA256 2020 CA1"
www.cpo.noaa.gov,No,Yes,2,1,2025-10-23T00:00:00,2026-11-21T23:59:59,21928079905;21929569406,"C=US, O=Amazon, CN=Amazon RSA 2048 M01"
www.cprkvpn.ncep.noaa.gov,No,Yes,1,1,2025-12-05T14:22:36,2026-10-20T14:51:58,22904265066,"C=US, ST=Arizona, L=Scottsdale, O=""GoDaddy.com, Inc."", OU=http://certs.godaddy.com/repository/, CN=Go Daddy Secure Certificate Authority - G2"
www.csc.noaa.gov,No,Yes,1,1,2026-08-30T06:10:58,2026-11-28T06:10:57,29385018053,"C=US, O=Let's Encrypt, CN=YR2"
www.csl.noaa.gov,No,Yes,1,1,2025-10-09T00:00:00,2026-11-09T23:59:59,21610018108,"C=US, O=DigiCert Inc, CN=DigiCert Global G2 TLS RSA SHA256 2020 CA1"
www.csp.noaa.gov,No,Yes,2,1,2026-08-15T03:07:45,2026-11-13T03:07:44,28871646046;28940372737,"C=US, O=Let's Encrypt, CN=YE1"
www.dev.coast.noaa.gov,No,Yes,2,1,2026-07-19T06:32:45,2026-10-17T06:32:44,28058325359;28058320198,"C=US, O=Let's Encrypt, CN=YR1"
www.dev.noaa.gov,Yes,Yes,2,1,2026-05-29T00:00:00,2026-12-12T23:59:59,26767719259;26722985189,"C=US, O=Amazon, CN=Amazon RSA 2048 M01"
www.ecofoci.noaa.gov,Yes,Yes,2,1,2026-08-13T08:10:17,2026-11-11T08:10:16,28802367731;28801733752,"C=US, O=Let's Encrypt, CN=YR1"
www.edge-hdq.woc.noaa.gov,Yes,Yes,3,1,2026-05-01T00:00:00,2026-11-27T23:59:59,26331140691;25959812430;26354751326,"C=US, O=Amazon, CN=Amazon RSA 2048 M01"
www.edge-nesdis.woc.noaa.gov,No,Yes,3,1,2026-05-01T00:00:00,2026-11-27T23:59:59,25959807018;26331140691;26354751326,"C=US, O=Amazon, CN=Amazon RSA 2048 M01"
www.edge-nmfs.woc.noaa.gov,No,Yes,3,1,2026-05-01T00:00:00,2026-11-27T23:59:59,26331140691;25959806579;26354751326,"C=US, O=Amazon, CN=Amazon RSA 2048 M01"
www.edge-nos.woc.noaa.gov,No,Yes,3,1,2026-05-01T00:00:00,2026-11-27T23:59:59,25959809233;26331140691;26354751326,"C=US, O=Amazon, CN=Amazon RSA 2048 M01"
www.edge-nws.woc.noaa.gov,No,Yes,3,1,2026-05-01T00:00:00,2026-11-27T23:59:59,26331140691;25959811657;26354751326,"C=US, O=Amazon, CN=Amazon RSA 2048 M01"
www.edge-oar.woc.noaa.gov,Yes,Yes,3,2,2026-05-01T00:00:00,2026-12-02T23:59:59,26472147809;25959808976;26475257323,"C=US, O=Amazon, CN=Amazon RSA 2048 M04;C=US, O=Amazon, CN=Amazon RSA 2048 M01"
www.edge-omao.woc.noaa.gov,No,Yes,4,2,2026-05-01T00:00:00,2026-12-02T23:59:59,25959813109;26472147809;25959811096;26475257323,"C=US, O=Amazon, CN=Amazon RSA 2048 M04;C=US, O=Amazon, CN=Amazon RSA 2048 M01"
www.edge-p1.l.noaa.gov,No,Yes,2,1,2026-05-19T00:00:00,2026-12-02T23:59:59,26472147809;26475257323,"C=US, O=Amazon, CN=Amazon RSA 2048 M04"
www.edge-p2.l.noaa.gov,No,Yes,2,1,2026-05-19T00:00:00,2026-12-02T23:59:59,26472147809;26475257323,"C=US, O=Amazon, CN=Amazon RSA 2048 M04"
www.edge-p3.l.noaa.gov,No,Yes,2,1,2026-05-19T00:00:00,2026-12-02T23:59:59,26472147809;26475257323,"C=US, O=Amazon, CN=Amazon RSA 2048 M04"
www.education.noaa.gov,Yes,Yes,4,2,2026-05-01T00:00:00,2026-11-27T23:59:59,25959811458;28522374854;26331782719;28522376704,"C=US, O=Let's Encrypt, CN=YR1;C=US, O=Amazon, CN=Amazon RSA 2048 M01"
www.elnino.noaa.gov,No,Yes,2,1,2026-08-21T22:22:24,2026-11-19T22:22:23,29090729528;29280334038,"C=US, O=Let's Encrypt, CN=YE2"
www.elp-awards.education.noaa.gov,Yes,Yes,4,3,2026-04-29T00:00:00,2026-11-14T23:59:59,28599281089;28599255520;25897892149;25959808431,"C=US, O=Let's Encrypt, CN=YR1;C=US, O=Amazon, CN=Amazon RSA 2048 M04;C=US, O=Amazon, CN=Amazon RSA 2048 M01"
www.energy.noaa.gov,Yes,Yes,2,1,2026-04-01T00:00:00,2026-10-15T23:59:59,25337798265;25305351323,"C=US, O=Amazon, CN=Amazon RSA 2048 M01"
www.ens.noaa.gov,Yes,Yes,3,2,2025-11-07T00:00:00,2026-12-04T23:59:59,25959809675;22294911587;22293499361,"C=US, O=Amazon, CN=Amazon RSA 2048 M04;C=US, O=Amazon, CN=Amazon RSA 2048 M01"
www.epic.noaa.gov,No,Yes,2,1,2026-03-23T00:00:00,2026-10-06T23:59:59,25164657173;25184913391,"C=US, O=Amazon, CN=Amazon RSA 2048 M01"
www.epp.noaa.gov,No,Yes,1,1,2026-05-14T00:00:00,2026-11-27T23:59:59,26331782719,"C=US, O=Amazon, CN=Amazon RSA 2048 M01"
www.esrl.noaa.gov,Yes,Yes,2,1,2026-07-07T00:00:00,2026-10-05T23:59:59,27761646010;27761645834,"C=AT, O=ZeroSSL GmbH, CN=ZeroSSL RSA DV SSL CA 2"
www.etl.noaa.gov,No,Yes,2,1,2026-07-10T00:00:00,2026-10-08T23:59:59,27823787112;27823790513,"C=AT, O=ZeroSSL GmbH, CN=ZeroSSL RSA DV SSL CA 2"
www.exemptedhmspermits.fisheries.noaa.gov,No,Yes,2,1,2025-11-13T00:00:00,2026-12-14T23:59:59,22442330266;22442280655,"C=US, O=Network Solutions L.L.C., CN=Network Solutions RSA DV SSL CA 3"
www.fakr.noaa.gov,No,Yes,8,3,2026-04-09T00:00:00,2026-10-31T23:59:59,25528596533;25456682906;25456698325;28299357218;25547299431;25547316029;25705344977;28299361868,"C=US, O=DigiCert Inc, CN=DigiCert Global G3 TLS ECC SHA384 2020 CA1;C=US, O=Let's Encrypt, CN=YR2;C=US, O=DigiCert Inc, CN=DigiCert Global G2 TLS RSA SHA256 2020 CA1"
www.farallones.noaa.gov,No,Yes,2,1,2026-08-01T05:12:48,2026-10-30T05:12:47,28428158741;28428146923,"C=US, O=Let's Encrypt, CN=YR1"
www.fdtb.noaa.gov,Yes,Yes,4,2,2026-04-30T00:00:00,2026-11-25T23:59:59,25927198362;28629921583;28629919075;26420800464,"C=US, O=Let's Encrypt, CN=YR2;C=US, O=Amazon, CN=Amazon RSA 2048 M04"
www.firedetect.noaa.gov,Yes,Yes,2,1,2026-05-14T00:00:00,2026-11-27T23:59:59,26355856997;26329882639,"C=US, O=Amazon, CN=Amazon RSA 2048 M01"
www.fisheries.noaa.gov,Yes,Yes,16,4,2026-04-09T00:00:00,2026-11-23T18:42:03,28299361868;25528596533;29249985447;25456682906;28019527451;25456698325;28299357218;25547299431;25547316029;29067215286;28189897208;28019530271;25705344977;29075163185;28189896256;29093044714,"C=US, O=Let's Encrypt, CN=YR1;C=US, O=Let's Encrypt, CN=YR2;C=US, O=DigiCert Inc, CN=DigiCert Global G2 TLS RSA SHA256 2020 CA1;C=US, O=DigiCert Inc, CN=DigiCert Global G3 TLS ECC SHA384 2020 CA1"
www.fisherybulletin.nmfs.noaa.gov,No,Yes,8,3,2026-04-09T00:00:00,2026-10-31T23:59:59,25528596533;25456682906;25456698325;28299357218;25547299431;25547316029;25705344977;28299361868,"C=US, O=DigiCert Inc, CN=DigiCert Global G3 TLS ECC SHA384 2020 CA1;C=US, O=Let's Encrypt, CN=YR2;C=US, O=DigiCert Inc, CN=DigiCert Global G2 TLS RSA SHA256 2020 CA1"
www.floridakeys.noaa.gov,No,Yes,2,1,2026-08-01T05:07:52,2026-10-30T05:07:51,28428065384;28428063505,"C=US, O=Let's Encrypt, CN=YR1"
www.flowergarden.noaa.gov,No,Yes,2,1,2026-08-01T05:17:48,2026-10-30T05:17:47,28428269759;28428270075,"C=US, O=Let's Encrypt, CN=YR2"
www.fosterscholars.noaa.gov,No,Yes,2,1,2026-08-01T05:22:43,2026-10-30T05:22:42,28428375231;28428375807,"C=US, O=Let's Encrypt, CN=YR1"
www.fpir.noaa.gov,No,Yes,8,3,2026-04-09T00:00:00,2026-10-31T23:59:59,25528596533;25456682906;25456698325;28299357218;25547299431;25547316029;25705344977;28299361868,"C=US, O=DigiCert Inc, CN=DigiCert Global G3 TLS ECC SHA384 2020 CA1;C=US, O=Let's Encrypt, CN=YR2;C=US, O=DigiCert Inc, CN=DigiCert Global G2 TLS RSA SHA256 2020 CA1"
www.ftp.cpc.ncep.noaa.gov,No,Yes,3,1,2026-05-21T21:44:52,2026-12-11T20:45:54,26532526621;26689796855;28496658134,"C=US, ST=Arizona, L=Scottsdale, O=""GoDaddy.com, Inc."", OU=http://certs.godaddy.com/repository/, CN=Go Daddy Secure Certificate Authority - G2"
www.ftp.emc.ncep.noaa.gov,No,Yes,3,1,2026-05-21T21:44:52,2026-12-11T20:45:54,26532526621;26689796855;28496658134,"C=US, ST=Arizona, L=Scottsdale, O=""GoDaddy.com, Inc."", OU=http://certs.godaddy.com/repository/, CN=Go Daddy Secure Certificate Authority - G2"
www.ftp.nco.ncep.noaa.gov,No,Yes,3,1,2026-05-21T21:44:52,2026-12-11T20:45:54,26532526621;26689796855;28496658134,"C=US, ST=Arizona, L=Scottsdale, O=""GoDaddy.com, Inc."", OU=http://certs.godaddy.com/repository/, CN=Go Daddy Secure Certificate Authority - G2"
www.ftp.nhc.ncep.noaa.gov,No,Yes,3,1,2026-05-21T21:44:52,2026-12-11T20:45:54,26532526621;26689796855;28496658134,"C=US, ST=Arizona, L=Scottsdale, O=""GoDaddy.com, Inc."", OU=http://certs.godaddy.com/repository/, CN=Go Daddy Secure Certificate Authority - G2"
www.ftp.opc.ncep.noaa.gov,No,Yes,5,2,2026-05-21T21:44:52,2026-12-11T20:45:54,29344383625;26532526621;29344383116;28496658134;26689796855,"C=US, ST=Arizona, L=Scottsdale, O=""GoDaddy.com, Inc."", OU=http://certs.godaddy.com/repository/, CN=Go Daddy Secure Certificate Authority - G2;C=US, O=Let's Encrypt, CN=YR2"
www.ftp.wpc.ncep.noaa.gov,No,Yes,1,1,2026-09-04T14:11:32,2026-12-03T14:11:31,29344527933,"C=US, O=Let's Encrypt, CN=YR2"
www.galvestonlab.sefsc.noaa.gov,No,Yes,8,3,2026-04-09T00:00:00,2026-10-31T23:59:59,25528596533;25456682906;25456698325;28299357218;25547299431;25547316029;25705344977;28299361868,"C=US, O=DigiCert Inc, CN=DigiCert Global G3 TLS ECC SHA384 2020 CA1;C=US, O=Let's Encrypt, CN=YR2;C=US, O=DigiCert Inc, CN=DigiCert Global G2 TLS RSA SHA256 2020 CA1"
www.gc.noaa.gov,Yes,Yes,1,1,2026-05-01T00:00:00,2026-11-14T23:59:59,25959806747,"C=US, O=Amazon, CN=Amazon RSA 2048 M01"
www.geonetcastamericas.noaa.gov,No,Yes,3,1,2026-05-01T00:00:00,2026-11-27T23:59:59,25959811384;26354167408;26445027396,"C=US, O=Amazon, CN=Amazon RSA 2048 M01"
www.gfdl.noaa.gov,Yes,Yes,3,2,2026-07-31T18:59:27,2026-11-29T16:54:13,28416822300;29200387680;28416818265,"C=US, O=Let's Encrypt, CN=YR1;C=US, O=Let's Encrypt, CN=YR2"
www.glerl.noaa.gov,Yes,Yes,2,1,2026-08-26T03:48:53,2026-11-24T03:48:52,29183213055;29081597998,"C=US, O=Let's Encrypt, CN=YE1"
www.globalocean.noaa.gov,No,Yes,2,1,2025-11-06T00:00:00,2026-12-05T23:59:59,22244149960;22245468034,"C=US, O=Amazon, CN=Amazon RSA 2048 M04"
www.gml.noaa.gov,No,Yes,2,1,2026-08-17T05:09:05,2026-11-15T05:09:04,28920911874;29028447101,"C=US, O=Let's Encrypt, CN=YE1"
www.goes.noaa.gov,No,Yes,3,2,2026-05-26T00:00:00,2026-12-09T23:59:59,29022452000;29032472143;26648304082,"C=US, O=Let's Encrypt, CN=YR1;C=US, O=Amazon, CN=Amazon RSA 2048 M01"
www.governmentshutdown.noaa.gov,No,Yes,2,1,2025-09-30T00:00:00,2026-10-29T23:59:59,21382512085;21381225546,"C=US, O=Amazon, CN=Amazon RSA 2048 M01"
www.gps.gov,Yes,No,2,1,2026-04-24T00:00:00,2026-11-07T23:59:59,25758344366;25999709671,"C=US, O=Amazon, CN=Amazon RSA 2048 M04"
www.gps.woc.noaa.gov,No,Yes,2,1,2026-04-24T00:00:00,2026-11-07T23:59:59,25758344366;25999709671,"C=US, O=Amazon, CN=Amazon RSA 2048 M04"
www.graysreef.noaa.gov,No,Yes,2,1,2026-08-01T05:27:47,2026-10-30T05:27:46,28428502629;28428498284,"C=US, O=Let's Encrypt, CN=YR1"
www.greateratlantic.fisheries.noaa.gov,No,Yes,8,3,2026-04-09T00:00:00,2026-10-31T23:59:59,25528596533;25456682906;25456698325;28299357218;25547299431;25547316029;25705344977;28299361868,"C=US, O=DigiCert Inc, CN=DigiCert Global G3 TLS ECC SHA384 2020 CA1;C=US, O=Let's Encrypt, CN=YR2;C=US, O=DigiCert Inc, CN=DigiCert Global G2 TLS RSA SHA256 2020 CA1"
www.gsl.noaa.gov,Yes,Yes,2,1,2026-09-01T19:46:10,2026-11-30T19:46:09,29241107327;29244297030,"C=US, O=Let's Encrypt, CN=YR1"
www.gulfspillrestoration.noaa.gov,Yes,Yes,1,1,2026-04-24T00:00:00,2026-11-07T23:59:59,25730091868,"C=US, O=Amazon, CN=Amazon RSA 2048 M01"
www.habitat.noaa.gov,No,Yes,2,1,2025-11-19T00:00:00,2026-12-16T23:59:59,22608680517;22602792439,"C=US, O=Amazon, CN=Amazon RSA 2048 M01"
www.habitat.woc.noaa.gov,No,Yes,2,1,2025-11-19T00:00:00,2026-12-16T23:59:59,22608680517;22602792439,"C=US, O=Amazon, CN=Amazon RSA 2048 M01"
www.habitatblueprint.noaa.gov,Yes,Yes,2,1,2026-06-08T00:00:00,2026-12-22T23:59:59,26984767624;26984217710,"C=US, O=Amazon, CN=Amazon RSA 2048 M01"
www.hawaiihumpbackwhale.noaa.gov,No,Yes,2,1,2026-08-01T05:32:55,2026-10-30T05:32:54,28428607949;28428609795,"C=US, O=Let's Encrypt, CN=YR1"
www.history.noaa.gov,No,Yes,2,1,2026-08-31T03:02:13,2026-11-29T03:02:12,29182371010;29401419555,"C=US, O=Let's Encrypt, CN=YR2"
www.hmspermits.noaa.gov,No,Yes,2,1,2025-10-23T00:00:00,2026-11-15T23:59:59,21944491637;21944474749,"C=US, O=""Network Solutions, LLC"", CN=Network Solutions RSA DV SSL CA 4"
www.hpcc.noaa.gov,Yes,Yes,3,2,2026-05-14T00:00:00,2026-11-27T23:59:59,26331782719;28384750493;28384756713,"C=US, O=Let's Encrypt, CN=YR1;C=US, O=Amazon, CN=Amazon RSA 2048 M01"
www.hq.noaa.gov,Yes,Yes,2,2,2026-04-24T00:00:00,2026-11-14T23:59:59,25757585735;25959807757,"C=US, O=Amazon, CN=Amazon RSA 2048 M04;C=US, O=Amazon, CN=Amazon RSA 2048 M01"
www.hysplit-pub.noaa.gov,No,Yes,2,1,2026-08-22T03:05:54,2026-11-20T03:05:53,29297419833;29094977212,"C=US, O=Let's Encrypt, CN=YR2"
www.hysplit.noaa.gov,No,Yes,2,1,2026-08-22T03:05:54,2026-11-20T03:05:53,29297419833;29094977212,"C=US, O=Let's Encrypt, CN=YR2"
www.icoads.noaa.gov,No,Yes,3,2,2026-06-15T00:00:00,2026-12-29T23:59:59,27846099598;27846099881;27208150728,"C=US, O=Let's Encrypt, CN=YR2;C=US, O=Amazon, CN=Amazon RSA 2048 M01"
www.integratedecosystemassessment.noaa.gov,No,Yes,8,3,2026-04-09T00:00:00,2026-10-31T23:59:59,25528596533;25456682906;25456698325;28299357218;25547299431;25547316029;25705344977;28299361868,"C=US, O=DigiCert Inc, CN=DigiCert Global G3 TLS ECC SHA384 2020 CA1;C=US, O=Let's Encrypt, CN=YR2;C=US, O=DigiCert Inc, CN=DigiCert Global G2 TLS RSA SHA256 2020 CA1"
www.international.noaa.gov,Yes,Yes,4,3,2026-04-24T00:00:00,2026-11-14T23:59:59,25757585735;28692338036;25959807588;28692343498,"C=US, O=Let's Encrypt, CN=YR2;C=US, O=Amazon, CN=Amazon RSA 2048 M04;C=US, O=Amazon, CN=Amazon RSA 2048 M01"
www.ioos.noaa.gov,No,Yes,2,1,2026-08-01T08:23:49,2026-10-30T08:23:48,28431851938;28431844611,"C=US, O=Let's Encrypt, CN=YR1"
www.jpss.noaa.gov,No,Yes,3,1,2026-04-30T00:00:00,2026-11-27T23:59:59,25927195849;26354167408;26445027396,"C=US, O=Amazon, CN=Amazon RSA 2048 M01"
www.jpss.woc.noaa.gov,No,Yes,2,1,2026-03-27T00:00:00,2026-10-10T23:59:59,25246643823;25245669269,"C=US, O=Amazon, CN=Amazon RSA 2048 M04"
www.labtrain.noaa.gov,No,Yes,1,1,2026-04-24T00:00:00,2026-11-07T23:59:59,25757585735,"C=US, O=Amazon, CN=Amazon RSA 2048 M04"
www.legislative.noaa.gov,Yes,Yes,3,2,2026-05-01T00:00:00,2026-11-14T23:59:59,28872487198;25959809458;28872490104,"C=US, O=Let's Encrypt, CN=YR2;C=US, O=Amazon, CN=Amazon RSA 2048 M04"
www.library.noaa.gov,No,Yes,2,1,2026-08-25T12:18:53,2026-11-23T12:18:52,29182907359;29070844105,"C=US, O=Let's Encrypt, CN=YE1"
www.marineprotectedareas.noaa.gov,No,Yes,2,1,2026-08-01T05:37:58,2026-10-30T05:37:57,28428724824;28428732147,"C=US, O=Let's Encrypt, CN=YR2"
www.metrics.epic.noaa.gov,No,Yes,2,1,2026-03-26T00:00:00,2026-10-09T23:59:59,25227563291;25223494081,"C=US, O=Amazon, CN=Amazon RSA 2048 M04"
www.mlo.noaa.gov,No,Yes,2,1,2026-07-10T00:00:00,2026-10-08T23:59:59,27823787112;27823790513,"C=AT, O=ZeroSSL GmbH, CN=ZeroSSL RSA DV SSL CA 2"
www.monitor.noaa.gov,No,Yes,2,1,2026-08-01T06:17:58,2026-10-30T06:17:57,28429497262;28429495525,"C=US, O=Let's Encrypt, CN=YR1"
www.montereybay.noaa.gov,No,Yes,2,1,2026-08-01T06:33:13,2026-10-30T06:33:12,28429751144;28429756974,"C=US, O=Let's Encrypt, CN=YR1"
www.montroserestoration.noaa.gov,Yes,Yes,2,1,2026-08-26T10:59:07,2026-11-24T10:59:06,29086511667;29104706528,"C=US, O=Let's Encrypt, CN=YE2"
www.ncdc.noaa.gov,Yes,Yes,2,1,2026-08-18T13:06:34,2026-11-16T13:06:33,28930978683;28976739004,"C=US, O=Let's Encrypt, CN=YR2"
www.ncei.noaa.gov,Yes,Yes,2,1,2026-08-18T13:06:43,2026-11-16T13:06:42,29077512606;28957025867,"C=US, O=Let's Encrypt, CN=YR2"
www.nco.ncep.noaa.gov,No,Yes,3,1,2026-05-21T21:44:52,2026-12-11T20:45:54,26532526621;26689796855;28496658134,"C=US, ST=Arizona, L=Scottsdale, O=""GoDaddy.com, Inc."", OU=http://certs.godaddy.com/repository/, CN=Go Daddy Secure Certificate Authority - G2"
www.nefsc.noaa.gov,No,Yes,8,3,2026-04-09T00:00:00,2026-10-31T23:59:59,25528596533;25456682906;25456698325;28299357218;25547299431;25547316029;25705344977;28299361868,"C=US, O=DigiCert Inc, CN=DigiCert Global G3 TLS ECC SHA384 2020 CA1;C=US, O=Let's Encrypt, CN=YR2;C=US, O=DigiCert Inc, CN=DigiCert Global G2 TLS RSA SHA256 2020 CA1"
www.nepa.noaa.gov,No,Yes,6,4,2026-04-24T00:00:00,2026-12-06T03:05:46,27797620372;27797627067;29415598520;25959812421;29423713702;25757585735,"C=US, O=Let's Encrypt, CN=YR1;C=US, O=Let's Encrypt, CN=YR2;C=US, O=Amazon, CN=Amazon RSA 2048 M04;C=US, O=Amazon, CN=Amazon RSA 2048 M01"
www.nesdis.noaa.gov,Yes,Yes,2,1,2026-08-12T15:36:55,2026-11-10T15:36:54,28782235652;28780578011,"C=US, O=Let's Encrypt, CN=YE1"
www.nesdisia.noaa.gov,Yes,Yes,4,2,2026-05-14T00:00:00,2026-11-27T23:59:59,28795843435;26354167408;28827020072;26445027396,"C=US, O=Let's Encrypt, CN=YR1;C=US, O=Amazon, CN=Amazon RSA 2048 M01"
www.ngdc.noaa.gov,No,Yes,9,1,2025-11-21T00:00:00,2026-11-30T23:59:59,22645036451;22645131856;22645255660;22645375235;22645036172;22645374952;22644959575;22644864414;24039337785,"C=US, O=DigiCert Inc, CN=DigiCert Global G2 TLS RSA SHA256 2020 CA1"
www.nhc.noaa.gov,Yes,Yes,2,1,2025-11-21T00:00:00,2026-12-20T23:59:59,22649664291;22676124335,"C=US, O=Amazon, CN=Amazon RSA 2048 M01"
www.nhc.woc.noaa.gov,No,Yes,2,1,2025-11-21T00:00:00,2026-12-20T23:59:59,22649664291;22676124335,"C=US, O=Amazon, CN=Amazon RSA 2048 M01"
www.nhcpara.noaa.gov,No,Yes,1,1,2026-06-15T00:00:00,2026-12-29T23:59:59,27211654684,"C=US, O=Amazon, CN=Amazon RSA 2048 M04"
www.nmfs.noaa.gov,No,Yes,9,4,2026-04-09T00:00:00,2026-12-15T23:59:59,25528596533;25456682906;25456698325;28299357218;25547299431;25547316029;26804591740;25705344977;28299361868,"C=US, O=DigiCert Inc, CN=DigiCert Global G3 TLS ECC SHA384 2020 CA1;C=US, O=Let's Encrypt, CN=YR2;C=US, O=DigiCert Inc, CN=DigiCert Global G2 TLS RSA SHA256 2020 CA1;C=US, O=Amazon, CN=Amazon RSA 2048 M04"
www.noaa.gov,Yes,Yes,2,1,2026-03-27T00:00:00,2026-10-10T23:59:59,25247382954;25246388809,"C=US, O=Amazon, CN=Amazon RSA 2048 M04"
www.noaacorps.noaa.gov,Yes,Yes,4,2,2026-03-27T00:00:00,2026-11-13T23:59:59,25927200639;28678924425;25246530606;28678917994,"C=US, O=Let's Encrypt, CN=YR1;C=US, O=Amazon, CN=Amazon RSA 2048 M01"
www.noaasis.noaa.gov,Yes,Yes,3,1,2026-04-30T00:00:00,2026-11-27T23:59:59,26354167408;25927200115;26445027396,"C=US, O=Amazon, CN=Amazon RSA 2048 M01"
www.noc.noaa.gov,Yes,Yes,5,3,2025-11-19T00:00:00,2026-12-16T23:59:59,28666330061;25927197751;22608008748;28665879661;22602356163,"C=US, O=Let's Encrypt, CN=YR2;C=US, O=Amazon, CN=Amazon RSA 2048 M04;C=US, O=Amazon, CN=Amazon RSA 2048 M01"
www.nodc.noaa.gov,Yes,Yes,2,1,2026-08-18T13:06:52,2026-11-16T13:06:51,29077514711;28923997073,"C=US, O=Let's Encrypt, CN=YR2"
www.nohrsc.noaa.gov,Yes,Yes,3,2,2026-06-11T00:00:00,2026-12-26T23:59:59,27089720344;27125257041;27125313941,"C=US, O=Amazon, CN=Amazon RSA 2048 M04;C=US, O=Amazon, CN=Amazon RSA 2048 M01"
www.nominate.noaa.gov,No,Yes,2,1,2026-08-01T06:27:43,2026-10-30T06:27:42,28429663222;28429658479,"C=US, O=Let's Encrypt, CN=YR2"
www.nwfsc.noaa.gov,No,Yes,8,3,2026-04-09T00:00:00,2026-10-31T23:59:59,25528596533;25456682906;25456698325;28299357218;25547299431;25547316029;25705344977;28299361868,"C=US, O=DigiCert Inc, CN=DigiCert Global G3 TLS ECC SHA384 2020 CA1;C=US, O=Let's Encrypt, CN=YR2;C=US, O=DigiCert Inc, CN=DigiCert Global G2 TLS RSA SHA256 2020 CA1"
www.nwrfc.noaa.gov,Yes,Yes,3,1,2026-05-18T13:44:29,2026-12-02T17:13:25,26493531497;26445055826;26490303205,"C=US, ST=Arizona, L=Scottsdale, O=""GoDaddy.com, Inc."", OU=http://certs.godaddy.com/repository/, CN=Go Daddy Secure Certificate Authority - G2"
www.nws.noaa.gov,No,Yes,3,2,2026-05-21T19:20:13,2026-12-05T19:20:13,28494560988;26528860861;28494560539,"C=US, ST=Arizona, L=Scottsdale, O=""GoDaddy.com, Inc."", OU=http://certs.godaddy.com/repository/, CN=Go Daddy Secure Certificate Authority - G2;C=US, O=Let's Encrypt, CN=YR2"
www.nwstc.noaa.gov,No,Yes,4,2,2026-04-30T00:00:00,2026-11-25T23:59:59,25927198031;27959978141;26420800464;27959977426,"C=US, O=Let's Encrypt, CN=YR1;C=US, O=Amazon, CN=Amazon RSA 2048 M04"
www.oceanacidification.noaa.gov,No,Yes,1,1,2026-04-06T00:00:00,2026-10-20T23:59:59,25411573323,"C=US, O=Amazon, CN=Amazon RSA 2048 M01"
www.oceanexplorer.noaa.gov,No,Yes,2,1,2025-10-17T00:00:00,2026-11-15T23:59:59,27037877530;21786807753,"C=US, O=Amazon, CN=Amazon RSA 2048 M04"
www.oceanexplorer.woc.noaa.gov,No,Yes,2,1,2026-03-27T00:00:00,2026-10-10T23:59:59,25246442959;25245368661,"C=US, O=Amazon, CN=Amazon RSA 2048 M01"
www.oceanservice.noaa.gov,No,Yes,2,1,2026-08-01T08:19:22,2026-10-30T08:19:21,28431777371;28431769266,"C=US, O=Let's Encrypt, CN=YR1"
www.oceantoday.noaa.gov,No,Yes,2,1,2026-08-01T08:48:32,2026-10-30T08:48:31,28432252056;28432251234,"C=US, O=Let's Encrypt, CN=YR2"
www.oceanwatch.pifsc.noaa.gov,No,Yes,1,1,2025-09-26T00:00:00,2026-10-16T23:59:59,21299173798,"C=US, O=DigiCert Inc, CN=DigiCert Global G2 TLS RSA SHA256 2020 CA1"
www.ocsdev.noaa.gov,Yes,Yes,3,1,2026-04-29T00:00:00,2026-11-14T23:59:59,25959808339;26047407552;25899071702,"C=US, O=Amazon, CN=Amazon RSA 2048 M01"
www.oedwebdbapps.iso.noaa.gov,No,Yes,1,1,2025-11-19T22:07:47,2026-12-21T22:07:47,22601347028,"C=US, ST=Arizona, L=Scottsdale, O=""GoDaddy.com, Inc."", OU=http://certs.godaddy.com/repository/, CN=Go Daddy Secure Certificate Authority - G2"
www.ofcm.noaa.gov,No,Yes,1,1,2026-05-27T00:00:00,2026-12-10T23:59:59,26688088798,"C=US, O=Amazon, CN=Amazon RSA 2048 M01"
www.ofcm.woc.noaa.gov,No,Yes,1,1,2026-05-27T00:00:00,2026-12-10T23:59:59,26688088798,"C=US, O=Amazon, CN=Amazon RSA 2048 M01"
www.olympiccoast.noaa.gov,No,Yes,2,1,2026-08-01T06:23:50,2026-10-30T06:23:49,28429591708;28429586868,"C=US, O=Let's Encrypt, CN=YR1"
www.opah.nhc.ncep.noaa.gov,No,Yes,3,1,2026-05-21T21:44:52,2026-12-11T20:45:54,26532526621;26689796855;28496658134,"C=US, ST=Arizona, L=Scottsdale, O=""GoDaddy.com, Inc."", OU=http://certs.godaddy.com/repository/, CN=Go Daddy Secure Certificate Authority - G2"
www.origin-prd-secatchshares.fisheries.noaa.gov,No,Yes,2,1,2026-01-08T00:00:00,2026-12-06T23:59:59,23640484697;23640471782,"C=US, O=Network Solutions L.L.C., CN=Network Solutions RSA DV SSL CA 3"
www.osmc.noaa.gov,Yes,Yes,2,1,2026-08-13T08:08:50,2026-11-11T08:08:49,28841170219;28809778840,"C=US, O=Let's Encrypt, CN=YR2"
www.ospo.noaa.gov,No,Yes,2,1,2026-05-26T00:00:00,2026-12-09T23:59:59,26646391335;26646090162,"C=US, O=Amazon, CN=Amazon RSA 2048 M04"
www.outlook.noaa.gov,Yes,Yes,5,2,2025-11-07T00:00:00,2026-12-04T23:59:59,28556478930;22293499361;28556472896;22294911587;25959811479,"C=US, O=Let's Encrypt, CN=YR1;C=US, O=Amazon, CN=Amazon RSA 2048 M01"
www.owaq.noaa.gov,No,Yes,2,1,2026-03-31T00:00:00,2026-10-14T23:59:59,25286062639;25310237765,"C=US, O=Amazon, CN=Amazon RSA 2048 M01"
www.ozonelayer.noaa.gov,No,Yes,2,1,2026-05-14T00:00:00,2026-11-27T23:59:59,26355856997;26329882639,"C=US, O=Amazon, CN=Amazon RSA 2048 M01"
www.performance.noaa.gov,Yes,Yes,2,1,2026-04-24T00:00:00,2026-11-07T23:59:59,25999597456;25757706577,"C=US, O=Amazon, CN=Amazon RSA 2048 M01"
www.pfeg.noaa.gov,No,Yes,6,2,2026-04-09T00:00:00,2026-10-31T23:59:59,25528596533;25456682906;25456698325;25547299431;25547316029;25705344977,"C=US, O=DigiCert Inc, CN=DigiCert Global G3 TLS ECC SHA384 2020 CA1;C=US, O=DigiCert Inc, CN=DigiCert Global G2 TLS RSA SHA256 2020 CA1"
www.photolib.noaa.gov,Yes,Yes,2,1,2026-04-15T00:00:00,2026-10-29T23:59:59,25856538962;25526559490,"C=US, O=Amazon, CN=Amazon RSA 2048 M01"
www.pier-enhancements.dev.oarcloud.noaa.gov,No,Yes,1,1,2026-04-07T00:00:00,2026-10-21T23:59:59,25435310834,"C=US, O=Amazon, CN=Amazon RSA 2048 M01"
www.pier.dev.oarcloud.noaa.gov,No,Yes,1,1,2026-06-04T00:00:00,2026-12-18T23:59:59,26869700424,"C=US, O=Amazon, CN=Amazon RSA 2048 M04"
www.pier.webform.dev.oarcloud.noaa.gov,No,Yes,1,1,2026-06-05T00:00:00,2026-12-19T23:59:59,26920547460,"C=US, O=Amazon, CN=Amazon RSA 2048 M01"
www.pifsc.noaa.gov,No,Yes,8,3,2026-04-09T00:00:00,2026-10-31T23:59:59,25528596533;25456682906;25456698325;28299357218;25547299431;25547316029;25705344977;28299361868,"C=US, O=DigiCert Inc, CN=DigiCert Global G3 TLS ECC SHA384 2020 CA1;C=US, O=Let's Encrypt, CN=YR2;C=US, O=DigiCert Inc, CN=DigiCert Global G2 TLS RSA SHA256 2020 CA1"
www.pmel.noaa.gov,No,Yes,7,1,2025-09-12T00:00:00,2026-10-13T23:59:59,20977242448;20976430097;20979386850;23063015363;20976430174;20977992906;21037150454,"C=US, O=DigiCert Inc, CN=DigiCert Global G2 TLS RSA SHA256 2020 CA1"
www.pps.noaa.gov,Yes,Yes,3,2,2026-04-30T00:00:00,2026-11-13T23:59:59,28580406489;28580408432;25927198676,"C=US, O=Let's Encrypt, CN=YR2;C=US, O=Amazon, CN=Amazon RSA 2048 M04"
www.protechservices.noaa.gov,No,Yes,3,2,2026-05-01T00:00:00,2026-12-29T23:59:59,25959811790;27208754257;27312189001,"C=US, O=Amazon, CN=Amazon RSA 2048 M04;C=US, O=Amazon, CN=Amazon RSA 2048 M01"
www.psl.noaa.gov,Yes,Yes,1,1,2026-08-31T16:11:40,2026-11-29T16:11:39,29470154666,"C=US, O=Let's Encrypt, CN=YR2"
www.ready.noaa.gov,Yes,Yes,1,1,2025-10-09T13:30:52,2026-11-10T13:30:52,21600111966,"C=US, ST=Arizona, L=Scottsdale, O=""GoDaddy.com, Inc."", OU=http://certs.godaddy.com/repository/, CN=Go Daddy Secure Certificate Authority - G2"
www.remotesupport.nos.noaa.gov,No,Yes,1,1,2026-05-05T00:00:00,2026-11-19T23:59:59,26091891807,"C=US, O=DigiCert Inc, CN=DigiCert Global G2 TLS RSA SHA256 2020 CA1"
www.research.noaa.gov,No,Yes,3,1,2025-10-09T00:00:00,2026-11-07T23:59:59,21586047475;21589468559;21586046152,"C=US, O=Amazon, CN=Amazon RSA 2048 M01"
www.restoration.noaa.gov,No,Yes,2,1,2025-11-19T00:00:00,2026-12-16T23:59:59,22608680517;22602792439,"C=US, O=Amazon, CN=Amazon RSA 2048 M01"
www.restoreactscienceprogram.noaa.gov,No,Yes,2,1,2026-08-01T08:38:21,2026-10-30T08:38:20,28432080092;28432071988,"C=US, O=Let's Encrypt, CN=YR1"
www.ripcurrents.noaa.gov,No,Yes,2,1,2026-08-03T13:00:21,2026-11-01T13:00:20,28494560988;28494560539,"C=US, O=Let's Encrypt, CN=YR2"
www.roc.noaa.gov,Yes,Yes,1,1,2026-05-19T00:00:00,2026-12-03T23:59:59,26476320299,"C=US, O=DigiCert Inc, CN=DigiCert Global G2 TLS RSA SHA256 2020 CA1"
www.rsa-vlc-ftp1.cnrfc.noaa.gov,No,Yes,1,1,2025-11-03T00:00:00,2026-11-02T23:59:59,22183882445,"C=US, O=DigiCert Inc, CN=DigiCert Global G2 TLS RSA SHA256 2020 CA1"
www.sab.noaa.gov,No,Yes,2,1,2025-09-18T00:00:00,2026-10-17T23:59:59,21100095878;21100498976,"C=US, O=Amazon, CN=Amazon RSA 2048 M04"
www.sanctuaries.noaa.gov,No,Yes,2,1,2026-08-01T06:12:54,2026-10-30T06:12:53,28429400936;28429388862,"C=US, O=Let's Encrypt, CN=YR2"
www.sarsat.noaa.gov,No,Yes,3,1,2026-04-30T00:00:00,2026-11-27T23:59:59,26355856997;25927197933;26329882639,"C=US, O=Amazon, CN=Amazon RSA 2048 M01"
www.satelliteconferences.noaa.gov,No,Yes,3,1,2026-04-30T00:00:00,2026-11-27T23:59:59,26355856997;25927200487;26329882639,"C=US, O=Amazon, CN=Amazon RSA 2048 M01"
www.sdr.woc.noaa.gov,No,Yes,2,1,2026-03-27T00:00:00,2026-10-10T23:59:59,25246442959;25245368661,"C=US, O=Amazon, CN=Amazon RSA 2048 M01"
www.secatchshares.fisheries.noaa.gov,No,Yes,2,1,2025-10-23T00:00:00,2026-11-18T23:59:59,21944492598;21944508653,"C=US, O=""Network Solutions, LLC"", CN=Network Solutions RSA DV SSL CA 4"
www.seco.noaa.gov,No,Yes,3,2,2026-04-30T00:00:00,2026-11-13T23:59:59,27926332633;25927200482;27926327427,"C=US, O=Let's Encrypt, CN=YR1;C=US, O=Amazon, CN=Amazon RSA 2048 M01"
www.see.noaa.gov,Yes,Yes,1,1,2026-05-14T00:00:00,2026-11-27T23:59:59,26329730378,"C=US, O=Amazon, CN=Amazon RSA 2048 M01"
www.sefsc.noaa.gov,No,Yes,8,3,2026-04-09T00:00:00,2026-10-31T23:59:59,25528596533;25456682906;25456698325;28299357218;25547299431;25547316029;25705344977;28299361868,"C=US, O=DigiCert Inc, CN=DigiCert Global G3 TLS ECC SHA384 2020 CA1;C=US, O=Let's Encrypt, CN=YR2;C=US, O=DigiCert Inc, CN=DigiCert Global G2 TLS RSA SHA256 2020 CA1"
www.srrb.noaa.gov,No,Yes,2,1,2026-07-10T00:00:00,2026-10-08T23:59:59,27823787112;27823790513,"C=AT, O=ZeroSSL GmbH, CN=ZeroSSL RSA DV SSL CA 2"
www.ssd.noaa.gov,No,Yes,2,1,2026-05-26T00:00:00,2026-12-09T23:59:59,26646391335;26646090162,"C=US, O=Amazon, CN=Amazon RSA 2048 M04"
www.st.nmfs.noaa.gov,No,Yes,8,3,2026-04-09T00:00:00,2026-10-31T23:59:59,25528596533;25456682906;25456698325;28299357218;25547299431;25547316029;25705344977;28299361868,"C=US, O=DigiCert Inc, CN=DigiCert Global G3 TLS ECC SHA384 2020 CA1;C=US, O=Let's Encrypt, CN=YR2;C=US, O=DigiCert Inc, CN=DigiCert Global G2 TLS RSA SHA256 2020 CA1"
www.star.nesdis.noaa.gov,Yes,Yes,2,1,2026-07-20T23:13:10,2026-10-18T23:13:09,28107635261;28107607612,"C=US, O=Let's Encrypt, CN=YR1"
www.stellwagen.noaa.gov,No,Yes,2,1,2026-08-01T06:09:23,2026-10-30T06:09:22,28429328761;28429338604,"C=US, O=Let's Encrypt, CN=YR2"
www.stormsurge.noaa.gov,No,Yes,2,1,2026-04-30T00:00:00,2026-12-29T23:59:59,25927200559;27211654684,"C=US, O=Amazon, CN=Amazon RSA 2048 M04"
www.susdev.noaa.gov,No,Yes,1,1,2026-05-14T00:00:00,2026-11-27T23:59:59,26331782719,"C=US, O=Amazon, CN=Amazon RSA 2048 M01"
www.sworm.noaa.gov,No,Yes,1,1,2026-05-27T00:00:00,2026-12-10T23:59:59,26688088798,"C=US, O=Amazon, CN=Amazon RSA 2048 M01"
www.sworm.woc.noaa.gov,No,Yes,1,1,2026-05-27T00:00:00,2026-12-10T23:59:59,26688088798,"C=US, O=Amazon, CN=Amazon RSA 2048 M01"
www.swpc.dnstest.noaa.gov,No,Yes,2,1,2026-08-19T15:29:17,2026-11-17T15:29:16,28946480253;28994542679,"C=US, O=Let's Encrypt, CN=YR1"
www.swpc.noaa.gov,No,Yes,3,2,2025-11-11T00:00:00,2026-12-09T23:59:59,29123181526;28980038070;22392832002,"C=US, O=Let's Encrypt, CN=YR2;C=US, O=Amazon, CN=Amazon RSA 2048 M04"
www.teacheratsea.noaa.gov,No,Yes,3,2,2025-09-14T00:00:00,2026-11-11T02:06:25,28794207217;21003900045;28792752578,"C=US, O=Let's Encrypt, CN=YR1;C=US, O=Amazon, CN=Amazon RSA 2048 M04"
www.teacheratsea.woc.noaa.gov,No,Yes,2,1,2026-03-27T00:00:00,2026-10-10T23:59:59,25246442959;25245368661,"C=US, O=Amazon, CN=Amazon RSA 2048 M01"
www.telecom.apps.noaa.gov,No,Yes,3,1,2025-10-14T00:00:00,2026-11-20T23:59:59,21716331306;21917719468;21917732580,"C=US, O=Amazon, CN=Amazon RSA 2048 M01"
www.test.telecom.apps.noaa.gov,No,Yes,3,2,2025-10-14T00:00:00,2026-11-19T23:59:59,21716295806;21892908650;21892927762,"C=US, O=Amazon, CN=Amazon RSA 2048 M04;C=US, O=Amazon, CN=Amazon RSA 2048 M01"
www.testbeds.noaa.gov,No,Yes,2,1,2026-04-11T00:00:00,2026-10-25T23:59:59,25769028851;25477736210,"C=US, O=Amazon, CN=Amazon RSA 2048 M01"
www.thunderbay.noaa.gov,No,Yes,2,1,2026-08-01T06:03:24,2026-10-30T06:03:23,28429211271;28429206269,"C=US, O=Let's Encrypt, CN=YR2"
www.tsunami.noaa.gov,Yes,Yes,2,1,2026-08-14T08:09:23,2026-11-12T08:09:22,28831175895;28831180224,"C=US, O=Let's Encrypt, CN=YR1"
www.ufs.epic.noaa.gov,No,Yes,2,1,2025-11-18T00:00:00,2026-12-17T23:59:59,22556754208;22555503175,"C=US, O=Amazon, CN=Amazon RSA 2048 M04"
www.verification.nws.noaa.gov,No,Yes,4,1,2025-11-26T00:00:00,2026-12-27T23:59:59,25220848025;25220833400;22735990906;22736004973,"C=US, O=Network Solutions L.L.C., CN=Network Solutions RSA DV SSL CA 3"
www.volunteer.noaa.gov,No,Yes,1,1,2026-05-14T00:00:00,2026-11-27T23:59:59,26331782719,"C=US, O=Amazon, CN=Amazon RSA 2048 M01"
www.vpngw01.gfdl.noaa.gov,No,Yes,2,1,2026-06-09T00:00:00,2026-12-24T23:59:59,27024512971;27024468454,"C=GB, O=Sectigo Limited, CN=Sectigo Public Server Authentication CA DV R36"
www.wcda.woc.noaa.gov,No,Yes,1,1,2026-03-27T00:00:00,2026-10-10T23:59:59,25246530606,"C=US, O=Amazon, CN=Amazon RSA 2048 M01"
www.wdtb.noaa.gov,No,Yes,1,1,2026-05-12T00:00:00,2026-11-25T23:59:59,26420800464,"C=US, O=Amazon, CN=Amazon RSA 2048 M04"
www.wdtd.noaa.gov,No,Yes,4,3,2026-04-30T00:00:00,2026-11-25T23:59:59,25927198982;26420800464;28666321132;28665905155,"C=US, O=Let's Encrypt, CN=YR2;C=US, O=Amazon, CN=Amazon RSA 2048 M04;C=US, O=Amazon, CN=Amazon RSA 2048 M01"
www.webapps.nwfsc.noaa.gov,No,Yes,8,3,2026-04-09T00:00:00,2026-10-31T23:59:59,25528596533;25456682906;25456698325;28299357218;25547299431;25547316029;25705344977;28299361868,"C=US, O=DigiCert Inc, CN=DigiCert Global G3 TLS ECC SHA384 2020 CA1;C=US, O=Let's Encrypt, CN=YR2;C=US, O=DigiCert Inc, CN=DigiCert Global G2 TLS RSA SHA256 2020 CA1"
www.webform.pier.dev.oarcloud.noaa.gov,No,Yes,2,1,2026-06-05T00:00:00,2026-12-19T23:59:59,26923247795;26923451321,"C=US, O=Amazon, CN=Amazon RSA 2048 M01"
www.westcoast.fisheries.noaa.gov,No,Yes,8,3,2026-04-09T00:00:00,2026-10-31T23:59:59,25528596533;25456682906;25456698325;28299357218;25547299431;25547316029;25705344977;28299361868,"C=US, O=DigiCert Inc, CN=DigiCert Global G3 TLS ECC SHA384 2020 CA1;C=US, O=Let's Encrypt, CN=YR2;C=US, O=DigiCert Inc, CN=DigiCert Global G2 TLS RSA SHA256 2020 CA1"
www.wfm.noaa.gov,Yes,Yes,3,2,2026-04-30T00:00:00,2026-11-13T23:59:59,25927200709;28711984209;28711916658,"C=US, O=Let's Encrypt, CN=YR1;C=US, O=Amazon, CN=Amazon RSA 2048 M04"
www.woc.noaa.gov,Yes,Yes,1,1,2026-04-30T00:00:00,2026-11-13T23:59:59,25927196092,"C=US, O=Amazon, CN=Amazon RSA 2048 M04"
www.wpc.ncep.noaa.gov,Yes,Yes,2,1,2026-08-31T03:05:35,2026-11-29T03:05:34,29182411238;29182424837,"C=US, O=Let's Encrypt, CN=YR2"
www.wrc.noaa.gov,Yes,Yes,4,2,2026-06-15T00:00:00,2026-12-29T23:59:59,28827040014;27208754257;27312189001;28802480157,"C=US, O=Let's Encrypt, CN=YR1;C=US, O=Amazon, CN=Amazon RSA 2048 M01"
www.wrclib.noaa.gov,Yes,Yes,2,1,2026-08-13T08:09:08,2026-11-11T08:09:07,28809795360;28841193180,"C=US, O=Let's Encrypt, CN=YR2"
www.wrh.noaa.gov,No,Yes,2,1,2026-08-03T13:00:21,2026-11-01T13:00:20,28494560988;28494560539,"C=US, O=Let's Encrypt, CN=YR2"
www1.ncdc.noaa.gov,No,Yes,2,1,2026-08-18T13:06:34,2026-11-16T13:06:33,28930978683;28976739004,"C=US, O=Let's Encrypt, CN=YR2"
www2.hads.bldr.ncep.noaa.gov,No,Yes,2,1,2026-05-27T20:45:54,2026-12-11T20:45:54,26689796855;28496658134,"C=US, ST=Arizona, L=Scottsdale, O=""GoDaddy.com, Inc."", OU=http://certs.godaddy.com/repository/, CN=Go Daddy Secure Certificate Authority - G2"
www2.hads.cprk.ncep.noaa.gov,No,Yes,2,1,2026-05-27T20:45:54,2026-12-11T20:45:54,26689796855;28496658134,"C=US, ST=Arizona, L=Scottsdale, O=""GoDaddy.com, Inc."", OU=http://certs.godaddy.com/repository/, CN=Go Daddy Secure Certificate Authority - G2"
www2.hads.ncep.noaa.gov,No,Yes,1,1,2026-05-21T19:20:13,2026-12-05T19:20:13,26528860861,"C=US, ST=Arizona, L=Scottsdale, O=""GoDaddy.com, Inc."", OU=http://certs.godaddy.com/repository/, CN=Go Daddy Secure Certificate Authority - G2"
www2.nco.ncep.noaa.gov,No,Yes,2,2,2026-09-04T13:36:46,2026-12-03T13:52:18,29344158663;29343698801,"C=US, O=Let's Encrypt, CN=YR1;C=US, O=Let's Encrypt, CN=YR2"
www2.nhc.noaa.gov,Yes,Yes,17,1,2026-07-08T00:00:00,2026-12-01T23:59:59,28141414595;28141413962;28545403050;28367482077;27942488757;28367480402;29254981884;28759642931;27771870655;28338612812;28759642648;27942488621;28992752703;28545402700;27771870370;28338615216;28992753229,"C=AT, O=ZeroSSL GmbH, CN=ZeroSSL RSA DV SSL CA 2"
wwwdev.nhc.noaa.gov,Yes,Yes,20,1,2026-07-12T00:00:00,2026-12-03T23:59:59,28858471315;28070016663;28681738148;28681755877;28448548140;27959395091;28467391772;28467391859;27879210312;29206988819;28269528099;28540736436;28269529082;27959401456;28448547143;28929817676;28540746339;28070016616;29322788782;27879210784,"C=AT, O=ZeroSSL GmbH, CN=ZeroSSL RSA DV SSL CA 2"
wwwprod.nhc.noaa.gov,Yes,Yes,24,1,2026-07-07T00:00:00,2026-12-13T23:59:59,28698941263;28542185829;29323490158;28698941708;28485087477;27893177920;28285380580;27744183978;28285404362;28573075997;29440939491;28485087480;27893179369;29355493430;28086313512;29187084702;28086309866;28542185521;28573076372;27825336059;28946704153;28946704334;27825336163;27744183938,"C=AT, O=ZeroSSL GmbH, CN=ZeroSSL RSA DV SSL CA 2"
wxincontext.wpc-vlab.noaa.gov,Yes,Yes,2,1,2026-04-08T00:00:00,2026-10-22T23:59:59,25437510409;25658426542,"C=US, O=Amazon, CN=Amazon RSA 2048 M01"
x-perf.denv.nwave.noaa.gov,Yes,Yes,4,2,2026-09-02T06:16:43,2026-12-01T21:05:41,29284728452;29263500009;29284786654;29260404151,"C=US, O=Let's Encrypt, CN=YE2;C=US, O=Let's Encrypt, CN=YE1"
x-perf.wash.nwave.noaa.gov,Yes,Yes,6,2,2026-07-08T09:11:19,2026-12-06T06:12:47,27779074525;27798227601;29399610698;27798238043;27779072585;29417892455,"C=US, O=Let's Encrypt, CN=YE1;C=US, O=Let's Encrypt, CN=YE2"
xtra2.pmel.noaa.gov,Yes,Yes,5,1,2025-09-12T00:00:00,2026-10-13T23:59:59,20977242448;20976430097;21117462993;20976430174;21117538588,"C=US, O=DigiCert Inc, CN=DigiCert Global G2 TLS RSA SHA256 2020 CA1"
yeti.pmel.noaa.gov,No,Yes,3,1,2025-09-12T00:00:00,2026-10-13T23:59:59,20977242448;20976430174;20976430097,"C=US, O=DigiCert Inc, CN=DigiCert Global G2 TLS RSA SHA256 2020 CA1"
yum-repo1.gsd.esrl.noaa.gov,Yes,Yes,2,1,2026-07-11T09:04:52,2026-10-09T09:04:51,27851327983;27851339962,"C=US, O=Let's Encrypt, CN=YR2"
ztna.asos.noaa.gov,Yes,Yes,8,3,2026-08-22T09:11:03,2026-11-20T09:25:50,29020003296;29009530090;29098306666;29009726346;29074708099;29074429437;29098619520;29322058517,"C=US, O=Let's Encrypt, CN=YR2;C=US, O=Let's Encrypt, CN=YE1;C=US, O=Let's Encrypt, CN=YE2"
ztna.nlsc.noaa.gov,Yes,Yes,7,4,2026-08-03T18:17:46,2026-11-19T05:12:49,28501477792;28982933046;29088491213;29049851270;28501092052;28501479690;29206237508,"C=US, O=Let's Encrypt, CN=YR1;C=US, O=SSL Corporation, CN=Cloudflare TLS Issuing RSA CA 4;C=US, O=SSL Corporation, CN=Cloudflare TLS Issuing ECC CA 4;C=US, O=Let's Encrypt, CN=YE2"
