domain,seen_in_common_name,seen_in_name_value,certificate_count,issuer_count,earliest_seen,latest_expiry,certificate_ids,issuers
1997-2001.state.gov,Yes,Yes,1,1,2025-12-11T00:00:00,2027-01-09T23:59:59,23046140218,"C=US, O=Amazon, CN=Amazon RSA 2048 M04"
2001-2009.state.gov,No,Yes,1,1,2025-12-11T00:00:00,2027-01-09T23:59:59,23046140218,"C=US, O=Amazon, CN=Amazon RSA 2048 M04"
2009-2017-fpc.state.gov,No,Yes,1,1,2025-12-11T00:00:00,2027-01-09T23:59:59,23046140218,"C=US, O=Amazon, CN=Amazon RSA 2048 M04"
2009-2017-usun.state.gov,No,Yes,1,1,2025-12-11T00:00:00,2027-01-09T23:59:59,23046140218,"C=US, O=Amazon, CN=Amazon RSA 2048 M04"
2009-2017.state.gov,No,Yes,1,1,2025-12-11T00:00:00,2027-01-09T23:59:59,23046140218,"C=US, O=Amazon, CN=Amazon RSA 2048 M04"
2012-2025.eca.state.gov,Yes,Yes,2,1,2026-05-10T00:00:00,2026-11-23T23:59:59,26223309885;26222363205,"C=US, O=Amazon, CN=Amazon RSA 2048 M01"
2012-keystonepipeline-xl.state.gov,No,Yes,1,1,2025-12-11T00:00:00,2027-01-09T23:59:59,23046140218,"C=US, O=Amazon, CN=Amazon RSA 2048 M04"
2017-2021-translations.state.gov,No,Yes,1,1,2025-12-11T00:00:00,2027-01-09T23:59:59,23046140218,"C=US, O=Amazon, CN=Amazon RSA 2048 M04"
2017-2021.state.gov,No,Yes,1,1,2025-12-11T00:00:00,2027-01-09T23:59:59,23046140218,"C=US, O=Amazon, CN=Amazon RSA 2048 M04"
2021-2025.state.gov,No,Yes,1,1,2025-12-11T00:00:00,2027-01-09T23:59:59,23046140218,"C=US, O=Amazon, CN=Amazon RSA 2048 M04"
ALT1-bimc.state.gov,No,Yes,3,1,2025-09-08T00:00:00,2027-03-19T23:59:59,20879117056;29231656883;29461192512,"C=US, O=DigiCert Inc, CN=DigiCert Global G2 TLS RSA SHA256 2020 CA1"
ALT1-ew.state.gov,No,Yes,3,1,2025-09-08T00:00:00,2027-03-19T23:59:59,20879117056;29231656883;29461192512,"C=US, O=DigiCert Inc, CN=DigiCert Global G2 TLS RSA SHA256 2020 CA1"
ALT2-bimc.state.gov,No,Yes,3,1,2025-09-08T00:00:00,2027-03-19T23:59:59,20879117056;29231656883;29461192512,"C=US, O=DigiCert Inc, CN=DigiCert Global G2 TLS RSA SHA256 2020 CA1"
ALT2-ew.state.gov,No,Yes,3,1,2025-09-08T00:00:00,2027-03-19T23:59:59,20879117056;29231656883;29461192512,"C=US, O=DigiCert Inc, CN=DigiCert Global G2 TLS RSA SHA256 2020 CA1"
ALT3-bimc.state.gov,No,Yes,3,1,2025-09-08T00:00:00,2027-03-19T23:59:59,20879117056;29231656883;29461192512,"C=US, O=DigiCert Inc, CN=DigiCert Global G2 TLS RSA SHA256 2020 CA1"
ALT3-ew.state.gov,No,Yes,3,1,2025-09-08T00:00:00,2027-03-19T23:59:59,20879117056;29231656883;29461192512,"C=US, O=DigiCert Inc, CN=DigiCert Global G2 TLS RSA SHA256 2020 CA1"
ALT4-bimc.state.gov,No,Yes,3,1,2025-09-08T00:00:00,2027-03-19T23:59:59,20879117056;29231656883;29461192512,"C=US, O=DigiCert Inc, CN=DigiCert Global G2 TLS RSA SHA256 2020 CA1"
ALT4-ew.state.gov,No,Yes,3,1,2025-09-08T00:00:00,2027-03-19T23:59:59,20879117056;29231656883;29461192512,"C=US, O=DigiCert Inc, CN=DigiCert Global G2 TLS RSA SHA256 2020 CA1"
ALT5-bimc.state.gov,No,Yes,3,1,2025-09-08T00:00:00,2027-03-19T23:59:59,20879117056;29231656883;29461192512,"C=US, O=DigiCert Inc, CN=DigiCert Global G2 TLS RSA SHA256 2020 CA1"
ALT5-ew.state.gov,No,Yes,3,1,2025-09-08T00:00:00,2027-03-19T23:59:59,20879117056;29231656883;29461192512,"C=US, O=DigiCert Inc, CN=DigiCert Global G2 TLS RSA SHA256 2020 CA1"
ALT6-bimc.state.gov,No,Yes,3,1,2025-09-08T00:00:00,2027-03-19T23:59:59,20879117056;29231656883;29461192512,"C=US, O=DigiCert Inc, CN=DigiCert Global G2 TLS RSA SHA256 2020 CA1"
ALT6-ew.state.gov,No,Yes,3,1,2025-09-08T00:00:00,2027-03-19T23:59:59,20879117056;29231656883;29461192512,"C=US, O=DigiCert Inc, CN=DigiCert Global G2 TLS RSA SHA256 2020 CA1"
AOPRALS.state.gov,No,Yes,1,1,2026-08-13T00:00:00,2027-02-27T23:59:59,28774601047,"C=US, O=DigiCert Inc, CN=DigiCert Global G2 TLS RSA SHA256 2020 CA1"
AUTODISCOVER.STATE.GOV,No,Yes,3,1,2025-09-08T00:00:00,2027-03-19T23:59:59,20879117056;29231656883;29461192512,"C=US, O=DigiCert Inc, CN=DigiCert Global G2 TLS RSA SHA256 2020 CA1"
AUTODISCOVERDR.STATE.GOV,No,Yes,3,1,2025-09-08T00:00:00,2027-03-19T23:59:59,20879117056;29231656883;29461192512,"C=US, O=DigiCert Inc, CN=DigiCert Global G2 TLS RSA SHA256 2020 CA1"
Brussels-ch-vg1.state.gov,Yes,Yes,1,1,2026-06-11T00:00:00,2026-12-26T23:59:59,27092084517,"C=US, O=DigiCert Inc, CN=DigiCert Global G2 TLS RSA SHA256 2020 CA1"
Brussels-ch-vg2.state.gov,No,Yes,1,1,2026-06-11T00:00:00,2026-12-26T23:59:59,27092084517,"C=US, O=DigiCert Inc, CN=DigiCert Global G2 TLS RSA SHA256 2020 CA1"
Canberra-ch-vg1.state.gov,Yes,Yes,2,1,2026-05-07T00:00:00,2026-11-29T23:59:59,26339883472;26148177877,"C=US, O=DigiCert Inc, CN=DigiCert Global G2 TLS RSA SHA256 2020 CA1"
Canberra-ch-vg2.state.gov,No,Yes,2,1,2026-05-07T00:00:00,2026-11-29T23:59:59,26339883472;26148177877,"C=US, O=DigiCert Inc, CN=DigiCert Global G2 TLS RSA SHA256 2020 CA1"
DPBAPI.state.gov,Yes,Yes,2,1,2026-04-23T00:00:00,2026-11-07T23:59:59,25719773389;26026571689,"C=CA, O=Entrust Limited, CN=Entrust DV TLS Issuing RSA CA 2"
EEGO.STATE.GOV,No,Yes,2,1,2025-12-04T00:00:00,2027-01-04T23:59:59,28857512489;22894427693,"C=US, O=DigiCert Inc, CN=DigiCert EV RSA CA G2"
EEGONPS.STATE.GOV,No,Yes,1,1,2025-12-04T00:00:00,2026-12-09T23:59:59,22893946968,"C=US, O=DigiCert Inc, CN=DigiCert Global G2 TLS RSA SHA256 2020 CA1"
EEGOPIV.STATE.GOV,No,Yes,1,1,2025-12-04T00:00:00,2026-12-09T23:59:59,22893921852,"C=US, O=DigiCert Inc, CN=DigiCert Global G2 TLS RSA SHA256 2020 CA1"
EEGOPIVOGR.STATE.GOV,No,Yes,1,1,2025-12-04T00:00:00,2026-12-09T23:59:59,22893921852,"C=US, O=DigiCert Inc, CN=DigiCert Global G2 TLS RSA SHA256 2020 CA1"
EEGOSAML.STATE.GOV,No,Yes,1,1,2025-12-04T00:00:00,2026-12-09T23:59:59,22893946968,"C=US, O=DigiCert Inc, CN=DigiCert Global G2 TLS RSA SHA256 2020 CA1"
EWGO.STATE.GOV,No,Yes,2,1,2025-12-04T00:00:00,2027-01-04T23:59:59,28857512489;22894427693,"C=US, O=DigiCert Inc, CN=DigiCert EV RSA CA G2"
EWGONPS.STATE.GOV,No,Yes,1,1,2025-12-04T00:00:00,2026-12-09T23:59:59,22893946968,"C=US, O=DigiCert Inc, CN=DigiCert Global G2 TLS RSA SHA256 2020 CA1"
EWGOPIV.STATE.GOV,No,Yes,1,1,2025-12-04T00:00:00,2026-12-09T23:59:59,22893921852,"C=US, O=DigiCert Inc, CN=DigiCert Global G2 TLS RSA SHA256 2020 CA1"
EWGOPIVOGR.STATE.GOV,No,Yes,1,1,2025-12-04T00:00:00,2026-12-09T23:59:59,22893921852,"C=US, O=DigiCert Inc, CN=DigiCert Global G2 TLS RSA SHA256 2020 CA1"
EWGOSAML.STATE.GOV,No,Yes,1,1,2025-12-04T00:00:00,2026-12-09T23:59:59,22893946968,"C=US, O=DigiCert Inc, CN=DigiCert Global G2 TLS RSA SHA256 2020 CA1"
HYBRID.STATE.GOV,No,Yes,3,1,2025-09-08T00:00:00,2027-03-19T23:59:59,20879117056;29231656883;29461192512,"C=US, O=DigiCert Inc, CN=DigiCert Global G2 TLS RSA SHA256 2020 CA1"
HYBRIDDR.STATE.GOV,No,Yes,3,1,2025-09-08T00:00:00,2027-03-19T23:59:59,20879117056;29231656883;29461192512,"C=US, O=DigiCert Inc, CN=DigiCert Global G2 TLS RSA SHA256 2020 CA1"
Hybrid1-bimc.state.gov,No,Yes,3,1,2025-09-08T00:00:00,2027-03-19T23:59:59,20879117056;29231656883;29461192512,"C=US, O=DigiCert Inc, CN=DigiCert Global G2 TLS RSA SHA256 2020 CA1"
Hybrid1-ew.state.gov,No,Yes,3,1,2025-09-08T00:00:00,2027-03-19T23:59:59,20879117056;29231656883;29461192512,"C=US, O=DigiCert Inc, CN=DigiCert Global G2 TLS RSA SHA256 2020 CA1"
Hybrid2-bimc.state.gov,No,Yes,3,1,2025-09-08T00:00:00,2027-03-19T23:59:59,20879117056;29231656883;29461192512,"C=US, O=DigiCert Inc, CN=DigiCert Global G2 TLS RSA SHA256 2020 CA1"
Hybrid2-ew.state.gov,No,Yes,3,1,2025-09-08T00:00:00,2027-03-19T23:59:59,20879117056;29231656883;29461192512,"C=US, O=DigiCert Inc, CN=DigiCert Global G2 TLS RSA SHA256 2020 CA1"
Hybrid3-bimc.state.gov,No,Yes,3,1,2025-09-08T00:00:00,2027-03-19T23:59:59,20879117056;29231656883;29461192512,"C=US, O=DigiCert Inc, CN=DigiCert Global G2 TLS RSA SHA256 2020 CA1"
Hybrid3-ew.state.gov,No,Yes,3,1,2025-09-08T00:00:00,2027-03-19T23:59:59,20879117056;29231656883;29461192512,"C=US, O=DigiCert Inc, CN=DigiCert Global G2 TLS RSA SHA256 2020 CA1"
Hybrid4-bimc.state.gov,No,Yes,3,1,2025-09-08T00:00:00,2027-03-19T23:59:59,20879117056;29231656883;29461192512,"C=US, O=DigiCert Inc, CN=DigiCert Global G2 TLS RSA SHA256 2020 CA1"
Hybrid4-ew.state.gov,No,Yes,3,1,2025-09-08T00:00:00,2027-03-19T23:59:59,20879117056;29231656883;29461192512,"C=US, O=DigiCert Inc, CN=DigiCert Global G2 TLS RSA SHA256 2020 CA1"
Hybrid5-bimc.state.gov,No,Yes,3,1,2025-09-08T00:00:00,2027-03-19T23:59:59,20879117056;29231656883;29461192512,"C=US, O=DigiCert Inc, CN=DigiCert Global G2 TLS RSA SHA256 2020 CA1"
Hybrid5-ew.state.gov,No,Yes,3,1,2025-09-08T00:00:00,2027-03-19T23:59:59,20879117056;29231656883;29461192512,"C=US, O=DigiCert Inc, CN=DigiCert Global G2 TLS RSA SHA256 2020 CA1"
Hybrid6-bimc.state.gov,No,Yes,3,1,2025-09-08T00:00:00,2027-03-19T23:59:59,20879117056;29231656883;29461192512,"C=US, O=DigiCert Inc, CN=DigiCert Global G2 TLS RSA SHA256 2020 CA1"
Hybrid6-ew.state.gov,No,Yes,3,1,2025-09-08T00:00:00,2027-03-19T23:59:59,20879117056;29231656883;29461192512,"C=US, O=DigiCert Inc, CN=DigiCert Global G2 TLS RSA SHA256 2020 CA1"
IAFDB.TRAVEL.STATE.GOV,Yes,Yes,1,1,2026-07-13T00:00:00,2027-01-27T23:59:59,27899701858,"C=US, O=DigiCert Inc, CN=DigiCert Global G2 TLS RSA SHA256 2020 CA1"
MAIL-INT.STATE.GOV,No,Yes,3,1,2025-09-08T00:00:00,2027-03-19T23:59:59,20879117056;29231656883;29461192512,"C=US, O=DigiCert Inc, CN=DigiCert Global G2 TLS RSA SHA256 2020 CA1"
MAILDR-INT.STATE.GOV,No,Yes,3,1,2025-09-08T00:00:00,2027-03-19T23:59:59,20879117056;29231656883;29461192512,"C=US, O=DigiCert Inc, CN=DigiCert Global G2 TLS RSA SHA256 2020 CA1"
MAILDR.STATE.GOV,No,Yes,3,1,2025-09-08T00:00:00,2027-03-19T23:59:59,20879117056;29231656883;29461192512,"C=US, O=DigiCert Inc, CN=DigiCert Global G2 TLS RSA SHA256 2020 CA1"
OOS.STATE.GOV,No,Yes,2,1,2025-09-08T00:00:00,2026-11-08T23:59:59,20879117056;29461192512,"C=US, O=DigiCert Inc, CN=DigiCert Global G2 TLS RSA SHA256 2020 CA1"
OOSDR.STATE.GOV,No,Yes,2,1,2025-09-08T00:00:00,2026-11-08T23:59:59,20879117056;29461192512,"C=US, O=DigiCert Inc, CN=DigiCert Global G2 TLS RSA SHA256 2020 CA1"
OWA.STATE.GOV,No,Yes,3,1,2025-09-08T00:00:00,2027-03-19T23:59:59,20879117056;29231656883;29461192512,"C=US, O=DigiCert Inc, CN=DigiCert Global G2 TLS RSA SHA256 2020 CA1"
OWADR.STATE.GOV,No,Yes,3,1,2025-09-08T00:00:00,2027-03-19T23:59:59,20879117056;29231656883;29461192512,"C=US, O=DigiCert Inc, CN=DigiCert Global G2 TLS RSA SHA256 2020 CA1"
PassportStatus.state.gov,Yes,Yes,2,1,2026-03-31T00:00:00,2027-04-07T23:59:59,25303214071;29497940129,"C=US, O=DigiCert Inc, CN=DigiCert Global G2 TLS RSA SHA256 2020 CA1"
SMTP.STATE.GOV,No,Yes,3,1,2025-09-08T00:00:00,2027-03-19T23:59:59,20879117056;29231656883;29461192512,"C=US, O=DigiCert Inc, CN=DigiCert Global G2 TLS RSA SHA256 2020 CA1"
SMTPDR.STATE.GOV,No,Yes,3,1,2025-09-08T00:00:00,2027-03-19T23:59:59,20879117056;29231656883;29461192512,"C=US, O=DigiCert Inc, CN=DigiCert Global G2 TLS RSA SHA256 2020 CA1"
able.state.gov,Yes,Yes,2,1,2026-06-15T00:00:00,2026-12-15T23:59:59,27196779740;27305261301,"C=US, O=DigiCert Inc, OU=www.digicert.com, CN=GeoTrust TLS RSA CA G1"
access.staging.pmddtc.state.gov,No,Yes,1,1,2026-08-19T00:00:00,2027-03-05T23:59:59,28854726525,"C=US, O=DigiCert Inc, CN=DigiCert Global G2 TLS RSA SHA256 2020 CA1"
accra-ch-vg1.state.gov,Yes,Yes,1,1,2026-09-11T00:00:00,2027-03-28T23:59:59,29361378461,"C=US, O=DigiCert Inc, CN=DigiCert Global G2 TLS RSA SHA256 2020 CA1"
accra-ch-vg2.state.gov,No,Yes,1,1,2026-09-11T00:00:00,2027-03-28T23:59:59,29361378461,"C=US, O=DigiCert Inc, CN=DigiCert Global G2 TLS RSA SHA256 2020 CA1"
acmebot-privatetest.inl.state.gov,Yes,Yes,2,1,2026-07-24T20:02:45,2026-10-22T20:02:44,28221051442;28221043881,"C=US, O=Let's Encrypt, CN=YR2"
acndataanalytics-dev.state.gov,Yes,Yes,2,1,2026-06-16T00:00:00,2026-12-30T23:59:59,27233476077;27324605564,"C=US, O=Amazon, CN=Amazon RSA 2048 M04"
acndataanalytics.state.gov,Yes,Yes,1,1,2026-01-14T00:00:00,2027-02-12T23:59:59,23768506138,"C=US, O=Amazon, CN=Amazon RSA 2048 M01"
adgcore-staging.state.gov,Yes,Yes,4,1,2026-04-13T00:00:00,2027-02-24T23:59:59,29000489273;29001932225;25511729575;25491358616,"C=US, O=DigiCert Inc, OU=www.digicert.com, CN=GeoTrust TLS RSA CA G1"
adgcore.state.gov,Yes,Yes,4,1,2026-04-13T00:00:00,2027-02-25T23:59:59,29011045505;29012096060;25602241619;25511142105,"C=US, O=DigiCert Inc, OU=www.digicert.com, CN=GeoTrust TLS RSA CA G1"
adggap-staging.state.gov,Yes,Yes,3,1,2026-04-13T00:00:00,2027-02-24T23:59:59,25528350403;28989068020;25639812991,"C=US, O=DigiCert Inc, OU=www.digicert.com, CN=GeoTrust TLS RSA CA G1"
adggap.state.gov,Yes,Yes,4,1,2026-04-13T00:00:00,2027-02-24T23:59:59,28990200013;25633799299;28989246198;25528292297,"C=US, O=DigiCert Inc, OU=www.digicert.com, CN=GeoTrust TLS RSA CA G1"
adgsupport.state.gov,Yes,Yes,2,1,2026-07-30T23:42:19,2026-10-28T23:42:18,28393960881;28393966630,"C=US, O=Let's Encrypt, CN=YR1"
admin-americanspaces.state.gov,No,Yes,2,1,2026-05-06T00:00:00,2026-11-19T23:59:59,26108055463;26112497272,"C=US, O=Amazon, CN=Amazon RSA 2048 M04"
admin-devamericanspaces.state.gov,No,Yes,2,1,2026-05-06T00:00:00,2026-11-19T23:59:59,26108055463;26112497272,"C=US, O=Amazon, CN=Amazon RSA 2048 M04"
admin.eca.dev.state.gov,No,Yes,3,1,2026-04-21T00:00:00,2027-04-06T23:59:59,29529156380;25969868641;25636919532,"C=US, O=Amazon, CN=Amazon RSA 2048 M01"
admin.eca.state.gov,No,Yes,3,1,2026-04-21T00:00:00,2027-04-06T23:59:59,29529156380;25969868641;25636919532,"C=US, O=Amazon, CN=Amazon RSA 2048 M01"
admin.eca.test.state.gov,No,Yes,3,1,2026-04-21T00:00:00,2027-04-06T23:59:59,29529156380;25969868641;25636919532,"C=US, O=Amazon, CN=Amazon RSA 2048 M01"
adoption.state.gov,No,Yes,1,1,2026-01-08T00:00:00,2027-01-19T23:59:59,23636554107,"C=US, O=DigiCert Inc, CN=DigiCert Global G2 TLS RSA SHA256 2020 CA1"
adoptions.state.gov,No,Yes,1,1,2026-01-08T00:00:00,2027-01-19T23:59:59,23636554107,"C=US, O=DigiCert Inc, CN=DigiCert Global G2 TLS RSA SHA256 2020 CA1"
adoptionusca.state.gov,Yes,Yes,2,1,2026-03-31T00:00:00,2027-04-07T23:59:59,29532043905;25302992014,"C=US, O=DigiCert Inc, CN=DigiCert Global G2 TLS RSA SHA256 2020 CA1"
ai4si.state.gov,Yes,Yes,8,4,2026-07-26T14:34:55,2026-10-24T14:51:57,28267398347;28267124822;28267397366;28267097180;28267105738;28267396810;28267390391;28267114876,"C=US, O=Let's Encrypt, CN=YR1;C=US, O=Let's Encrypt, CN=YE2;C=US, O=Let's Encrypt, CN=YR2;C=US, O=Let's Encrypt, CN=YE1"
allowances.state.gov,No,Yes,1,1,2026-08-13T00:00:00,2027-02-27T23:59:59,28774601047,"C=US, O=DigiCert Inc, CN=DigiCert Global G2 TLS RSA SHA256 2020 CA1"
alumni.dev.state.gov,No,Yes,4,2,2026-04-17T00:00:00,2027-04-02T23:59:59,29469428213;29503465487;25917182863;25557296390,"C=US, O=Amazon, CN=Amazon RSA 2048 M04;C=US, O=Amazon, CN=Amazon RSA 2048 M01"
alumni.ilea.ign-uat.inl.state.gov,Yes,Yes,3,1,2026-05-10T00:00:00,2027-03-21T23:59:59,29525964003;26216869186;26218215744,"C=US, O=DigiCert Inc, OU=www.digicert.com, CN=GeoTrust TLS RSA CA G1"
alumni.ilea.state.gov,Yes,Yes,3,1,2026-05-14T00:00:00,2027-03-27T23:59:59,29648907905;26326845449;26532620145,"C=US, O=DigiCert Inc, OU=www.digicert.com, CN=GeoTrust TLS RSA CA G1"
alumni.state.gov,No,Yes,6,2,2026-04-21T00:00:00,2027-04-06T23:59:59,28188272423;28188327583;28188271843;25969868641;25636919532;29529156380,"C=US, O=Amazon, CN=Amazon RSA 2048 M04;C=US, O=Amazon, CN=Amazon RSA 2048 M01"
alumni.test.state.gov,No,Yes,3,1,2026-04-21T00:00:00,2027-04-06T23:59:59,29529156380;25969868641;25636919532,"C=US, O=Amazon, CN=Amazon RSA 2048 M01"
americanenglish.dev.state.gov,No,Yes,4,2,2026-04-17T00:00:00,2027-04-02T23:59:59,29469428213;29503465487;25917182863;25557296390,"C=US, O=Amazon, CN=Amazon RSA 2048 M04;C=US, O=Amazon, CN=Amazon RSA 2048 M01"
americanenglish.state.gov,No,Yes,2,1,2026-06-09T00:00:00,2026-12-23T23:59:59,27011513504;27208379534,"C=US, O=Amazon, CN=Amazon RSA 2048 M04"
americanspaces.state.gov,Yes,Yes,2,1,2026-05-06T00:00:00,2026-11-19T23:59:59,26108055463;26112497272,"C=US, O=Amazon, CN=Amazon RSA 2048 M04"
amspaces.state.gov,Yes,Yes,2,1,2026-07-16T06:45:52,2026-10-14T06:45:51,27976198654;27976202115,"C=US, O=Let's Encrypt, CN=YE2"
ankara-ch-vg1.state.gov,Yes,Yes,1,1,2025-11-06T00:00:00,2026-12-01T23:59:59,22256649847,"C=US, O=DigiCert Inc, CN=DigiCert Global G2 TLS RSA SHA256 2020 CA1"
ankara-ch-vg2.state.gov,No,Yes,1,1,2025-11-06T00:00:00,2026-12-01T23:59:59,22256649847,"C=US, O=DigiCert Inc, CN=DigiCert Global G2 TLS RSA SHA256 2020 CA1"
api.ca.state.gov,Yes,Yes,1,1,2025-11-25T00:00:00,2026-12-11T23:59:59,22727634768,"C=US, O=DigiCert Inc, CN=DigiCert Global G2 TLS RSA SHA256 2020 CA1"
api.eais.state.gov,Yes,Yes,8,2,2026-07-15T12:09:31,2026-10-13T12:17:23,27954122424;27953952472;27953964834;27954120806;27953971408;27953980633;27954116863;27954117943,"C=US, O=Let's Encrypt, CN=YR1;C=US, O=Let's Encrypt, CN=YE2"
api.eaisstage.state.gov,Yes,Yes,10,4,2026-07-14T16:20:01,2026-12-10T16:00:03,27931850473;27932060059;27932063352;27932065967;27931842538;27931841826;27932059372;27931837014;29648554282;29648553928,"C=US, O=Let's Encrypt, CN=YE2;C=US, O=Let's Encrypt, CN=YR1;C=US, O=Let's Encrypt, CN=YR2;C=US, O=Let's Encrypt, CN=YE1"
api.opr.travel.state.gov,No,Yes,4,2,2026-08-18T16:12:23,2026-11-16T16:12:28,28926564976;29082859703;28980277925;28957684811,"C=US, O=Let's Encrypt, CN=YR2;C=US, O=Let's Encrypt, CN=YE1"
api.state.gov,Yes,Yes,8,2,2026-08-04T10:43:14,2026-11-02T10:57:23,28524656976;28524384284;28524663854;28524659471;28524667544;28524376441;28524386689;28524380084,"C=US, O=Let's Encrypt, CN=YE2;C=US, O=Let's Encrypt, CN=YR2"
api.travel.state.gov,Yes,Yes,7,5,2026-08-17T13:47:05,2027-03-03T23:59:59,28904607605;28960445233;29041690525;28994150863;28966533463;28837610799;28909813172,"C=US, O=Amazon, CN=Amazon RSA 2048 M01;C=US, O=Let's Encrypt, CN=YR2;C=US, O=Let's Encrypt, CN=YE2;C=US, O=Google Trust Services, CN=WE1;C=US, O=Google Trust Services, CN=WR1"
appian-prod.state.gov,Yes,Yes,5,3,2026-09-04T11:32:32,2026-12-03T11:44:03,29347775912;29347778058;29341369242;29341360719;29341360390,"C=US, O=Let's Encrypt, CN=YR1;C=US, O=Let's Encrypt, CN=YE2;C=US, O=Let's Encrypt, CN=YR2"
apps.sesexectech.state.gov,Yes,Yes,2,1,2025-09-17T00:00:00,2027-03-17T23:59:59,29210667585;21081931126,"C=US, O=Amazon, CN=Amazon RSA 2048 M01"
archibus.state.gov,Yes,Yes,8,3,2026-08-18T14:03:33,2026-11-16T14:16:06,29014771156;28955370997;28978096597;28967325980;28932089020;29079158313;28967612788;28924737206,"C=US, O=Let's Encrypt, CN=YE2;C=US, O=Let's Encrypt, CN=YR2;C=US, O=Let's Encrypt, CN=YE1"
archibusuat.state.gov,Yes,Yes,5,2,2026-09-05T09:20:07,2026-12-04T09:35:38,29369632442;29376768654;29665931534;29369634362;29377021806,"C=US, O=Let's Encrypt, CN=YR1;C=US, O=Let's Encrypt, CN=YE1"
art.state.gov,Yes,Yes,1,1,2026-04-30T10:49:55,2026-11-14T10:49:55,26269491562,"C=US, ST=Arizona, L=Scottsdale, O=""GoDaddy.com, Inc."", OU=http://certs.godaddy.com/repository/, CN=Go Daddy Secure Certificate Authority - G2"
asiv.cfa.state.gov,Yes,Yes,3,1,2026-03-31T00:00:00,2027-04-15T23:59:59,29614494921;25301725153;25337006580,"C=US, O=DigiCert Inc, CN=DigiCert Global G2 TLS RSA SHA256 2020 CA1"
auth.passportappointment.travel.state.gov,Yes,Yes,4,2,2026-08-21T21:15:17,2026-11-19T21:15:18,28999663443;29102785589;29115832165;29058999416,"C=US, O=Let's Encrypt, CN=YR1;C=US, O=Let's Encrypt, CN=YE1"
auth.pmddtc.state.gov,Yes,Yes,2,1,2026-05-20T00:00:00,2026-12-04T23:59:59,26501796149;26501740374,"C=US, O=DigiCert Inc, CN=DigiCert Global G2 TLS RSA SHA256 2020 CA1"
auth.staging.pmddtc.state.gov,No,Yes,1,1,2026-08-19T00:00:00,2027-03-05T23:59:59,28854726525,"C=US, O=DigiCert Inc, CN=DigiCert Global G2 TLS RSA SHA256 2020 CA1"
auth.test.pmddtc.state.gov,Yes,Yes,2,1,2026-05-19T00:00:00,2026-12-03T23:59:59,26471535088;26471508084,"C=US, O=DigiCert Inc, CN=DigiCert Global G2 TLS RSA SHA256 2020 CA1"
avapdastapi.state.gov,Yes,Yes,4,2,2026-08-24T18:40:34,2026-11-22T18:40:56,29348786735;29147152855;29552620510;29070237321,"C=US, O=Let's Encrypt, CN=YR2;C=US, O=Let's Encrypt, CN=YE1"
avapdeptrack.state.gov,Yes,Yes,4,2,2026-08-24T18:42:18,2026-11-22T18:42:33,29056301670;29056299671;29147239826;29056302619,"C=US, O=Let's Encrypt, CN=YR2;C=US, O=Let's Encrypt, CN=YE1"
avaplim.state.gov,Yes,Yes,4,2,2026-08-24T18:40:45,2026-11-22T18:40:59,29070239189;29147185782;29070234855;29552612252,"C=US, O=Let's Encrypt, CN=YR2;C=US, O=Let's Encrypt, CN=YE1"
avapsastctrl.state.gov,Yes,Yes,4,2,2026-08-24T18:40:26,2026-11-22T18:40:43,29070331039;29056270346;29056271842;29070235529,"C=US, O=Let's Encrypt, CN=YR1;C=US, O=Let's Encrypt, CN=YE2"
avapssc.state.gov,Yes,Yes,4,2,2026-08-24T18:39:59,2026-11-22T18:40:05,29070222708;29266776783;29552568017;29552573948,"C=US, O=Let's Encrypt, CN=YR2;C=US, O=Let's Encrypt, CN=YE1"
avs.apps.sesexectech.state.gov,Yes,Yes,1,1,2026-07-09T00:00:00,2027-01-09T23:59:59,27806530146,"C=US, O=DigiCert Inc, OU=www.digicert.com, CN=GeoTrust TLS RSA CA G1"
avsapi.apps.sesexectech.state.gov,Yes,Yes,1,1,2026-07-09T00:00:00,2027-01-09T23:59:59,27806416969,"C=US, O=DigiCert Inc, OU=www.digicert.com, CN=GeoTrust TLS RSA CA G1"
awards.state.gov,Yes,Yes,2,1,2026-06-11T00:00:00,2026-12-11T23:59:59,27244075954;27084775994,"C=US, O=DigiCert Inc, OU=www.digicert.com, CN=GeoTrust TLS RSA CA G1"
awis.state.gov,Yes,Yes,4,2,2026-08-04T20:15:25,2026-11-02T20:15:42,28537018519;28537010040;28537019554;28537009649,"C=US, O=Let's Encrypt, CN=YR1;C=US, O=Let's Encrypt, CN=YE2"
axiom.state.gov,Yes,Yes,1,1,2026-08-24T00:00:00,2027-03-10T23:59:59,28996818786,"C=US, O=DigiCert Inc, CN=DigiCert Global G2 TLS RSA SHA256 2020 CA1"
bangkok.ilea.ign-uat.inl.state.gov,Yes,Yes,3,1,2026-05-16T00:00:00,2027-03-28T23:59:59,26392566482;29650021810;26393870943,"C=US, O=DigiCert Inc, OU=www.digicert.com, CN=GeoTrust TLS RSA CA G1"
bangkok.ilea.state.gov,Yes,Yes,3,1,2026-05-14T00:00:00,2027-03-26T23:59:59,26338673154;29620441118;26355097552,"C=US, O=DigiCert Inc, OU=www.digicert.com, CN=GeoTrust TLS RSA CA G1"
belgrade-ch-vg1.state.gov,Yes,Yes,1,1,2026-06-25T00:00:00,2027-01-09T23:59:59,27476577598,"C=US, O=DigiCert Inc, CN=DigiCert Global G2 TLS RSA SHA256 2020 CA1"
belgrade-ch-vg2.state.gov,No,Yes,1,1,2026-06-25T00:00:00,2027-01-09T23:59:59,27476577598,"C=US, O=DigiCert Inc, CN=DigiCert Global G2 TLS RSA SHA256 2020 CA1"
beta.opr.travel.state.gov,No,Yes,4,2,2026-08-18T16:12:23,2026-11-16T16:12:28,28926564976;29082859703;28980277925;28957684811,"C=US, O=Let's Encrypt, CN=YR2;C=US, O=Let's Encrypt, CN=YE1"
boe.state.gov,Yes,Yes,6,2,2026-08-05T14:06:18,2027-01-01T18:26:42,28560998486;28561032239;29647321103;28561003725;28560999776;29647300516,"C=US, O=Let's Encrypt, CN=YR2;C=US, O=Let's Encrypt, CN=YE1"
bogota-ch-vg1.state.gov,Yes,Yes,1,1,2025-11-28T00:00:00,2026-12-01T23:59:59,22791656280,"C=US, O=DigiCert Inc, CN=DigiCert Global G2 TLS RSA SHA256 2020 CA1"
bogota-ch-vg2.state.gov,No,Yes,1,1,2025-11-28T00:00:00,2026-12-01T23:59:59,22791656280,"C=US, O=DigiCert Inc, CN=DigiCert Global G2 TLS RSA SHA256 2020 CA1"
bridge-uat.apps.sesexectech.state.gov,Yes,Yes,1,1,2026-10-01T00:00:00,2027-04-01T23:59:59,29632316383,"C=US, O=DigiCert Inc, OU=www.digicert.com, CN=GeoTrust TLS RSA CA G1"
bridgeusa.state.gov,Yes,Yes,1,1,2026-08-25T00:00:00,2027-03-10T23:59:59,29020447572,"C=US, O=Amazon, CN=Amazon RSA 2048 M01"
budapest.ilea.ign-uat.inl.state.gov,Yes,Yes,4,1,2026-05-10T00:00:00,2027-03-21T23:59:59,26216898586;26218198952;29485314699;29527112187,"C=US, O=DigiCert Inc, OU=www.digicert.com, CN=GeoTrust TLS RSA CA G1"
budapest.ilea.state.gov,Yes,Yes,2,1,2026-05-17T00:00:00,2026-11-17T23:59:59,26483158114;26421396621,"C=US, O=DigiCert Inc, OU=www.digicert.com, CN=GeoTrust TLS RSA CA G1"
bwc-cbm.acndataanalytics.state.gov,Yes,Yes,1,1,2026-08-08T00:00:00,2027-02-21T23:59:59,28637044688,"C=US, O=Amazon, CN=Amazon RSA 2048 M04"
c1-caservices.state.gov,Yes,Yes,1,1,2026-02-02T00:00:00,2027-02-19T23:59:59,24140219695,"C=US, O=DigiCert Inc, CN=DigiCert Global G2 TLS RSA SHA256 2020 CA1"
ca-csm.state.gov,Yes,Yes,1,1,2026-06-18T00:00:00,2027-01-02T23:59:59,27295526120,"C=US, O=DigiCert Inc, CN=DigiCert Global G2 TLS RSA SHA256 2020 CA1"
caapinpe.state.gov,Yes,Yes,1,1,2026-06-18T00:00:00,2027-01-02T23:59:59,27296061796,"C=US, O=DigiCert Inc, CN=DigiCert Global G2 TLS RSA SHA256 2020 CA1"
caauthservice.state.gov,Yes,Yes,1,1,2025-11-25T00:00:00,2026-12-02T23:59:59,22727616672,"C=US, O=DigiCert Inc, CN=DigiCert Global G2 TLS RSA SHA256 2020 CA1"
cacms.state.gov,Yes,Yes,10,4,2026-07-13T14:16:33,2026-12-09T14:11:38,27989635077;29575003908;27989642771;27901691315;29615332576;27901697114;27901694429;27901695550;27989642002;27989646767,"C=US, O=Let's Encrypt, CN=YE2;C=US, O=Let's Encrypt, CN=YR1;C=US, O=Let's Encrypt, CN=YR2;C=US, O=Let's Encrypt, CN=YE1"
cadataapi.state.gov,Yes,Yes,20,4,2025-11-03T00:00:00,2026-12-02T23:59:59,28981887748;28936534135;28982227401;29046828239;28954115722;28981888408;28936534107;28953443006;29121410038;28953477416;28944320650;29003587664;28954114703;29046831508;29120488948;22183238988;29003866437;22182203576;28907333046;28953504299,"C=US, O=Let's Encrypt, CN=YR1;C=US, O=Let's Encrypt, CN=YR2;C=US, O=Amazon, CN=Amazon RSA 2048 M01;C=US, O=Let's Encrypt, CN=YE1"
cadatacatalog.state.gov,Yes,Yes,12,6,2026-08-16T13:16:52,2026-11-15T09:48:20,28892230870;28994648972;28940843773;29028760275;28901664202;28925834894;29035580900;28921581395;28971043808;28900677116;28921222974;28900675004,"C=US, O=Let's Encrypt, CN=YR1;C=US, O=Let's Encrypt, CN=YR2;C=US, O=Let's Encrypt, CN=YE2;C=US, O=Google Trust Services, CN=WE1;C=US, O=Google Trust Services, CN=WR1;C=US, O=Let's Encrypt, CN=YE1"
cadi.state.gov,Yes,Yes,1,1,2026-01-08T00:00:00,2027-01-07T23:59:59,23640201305,"C=US, O=DigiCert Inc, CN=DigiCert Global G2 TLS RSA SHA256 2020 CA1"
caprovservice-npe-c1-dev-cs.state.gov,No,Yes,1,1,2026-08-28T00:00:00,2027-03-14T23:59:59,29115237738,"C=US, O=DigiCert Inc, CN=DigiCert Global G2 TLS RSA SHA256 2020 CA1"
caprovservice-npe-c1-dev-int.state.gov,No,Yes,1,1,2026-08-28T00:00:00,2027-03-14T23:59:59,29115237738,"C=US, O=DigiCert Inc, CN=DigiCert Global G2 TLS RSA SHA256 2020 CA1"
caprovservice-npe-c1-dev-shared.state.gov,No,Yes,1,1,2026-08-28T00:00:00,2027-03-14T23:59:59,29115237738,"C=US, O=DigiCert Inc, CN=DigiCert Global G2 TLS RSA SHA256 2020 CA1"
caprovservice-npe-c1-ivv.state.gov,Yes,Yes,1,1,2026-08-28T00:00:00,2027-03-14T23:59:59,29115237738,"C=US, O=DigiCert Inc, CN=DigiCert Global G2 TLS RSA SHA256 2020 CA1"
caprovservice-npe-c1-maint.state.gov,No,Yes,1,1,2026-08-28T00:00:00,2027-03-14T23:59:59,29115237738,"C=US, O=DigiCert Inc, CN=DigiCert Global G2 TLS RSA SHA256 2020 CA1"
caprovservice-npe-c1-test-perf.state.gov,No,Yes,1,1,2026-08-28T00:00:00,2027-03-14T23:59:59,29115237738,"C=US, O=DigiCert Inc, CN=DigiCert Global G2 TLS RSA SHA256 2020 CA1"
caprovservice-npe-c1-test-pi.state.gov,No,Yes,1,1,2026-08-28T00:00:00,2027-03-14T23:59:59,29115237738,"C=US, O=DigiCert Inc, CN=DigiCert Global G2 TLS RSA SHA256 2020 CA1"
caprovservice-npe-c1-test-pi2.state.gov,No,Yes,1,1,2026-08-28T00:00:00,2027-03-14T23:59:59,29115237738,"C=US, O=DigiCert Inc, CN=DigiCert Global G2 TLS RSA SHA256 2020 CA1"
caprovservice-npe-c1.state.gov,No,Yes,1,1,2026-05-01T00:00:00,2026-11-15T23:59:59,25979976189,"C=US, O=DigiCert Inc, CN=DigiCert Global G2 TLS RSA SHA256 2020 CA1"
caprovservice-npe.state.gov,Yes,Yes,1,1,2026-05-01T00:00:00,2026-11-15T23:59:59,25979976189,"C=US, O=DigiCert Inc, CN=DigiCert Global G2 TLS RSA SHA256 2020 CA1"
caprovservice.state.gov,Yes,Yes,1,1,2025-11-25T00:00:00,2026-12-02T23:59:59,22727598951,"C=US, O=DigiCert Inc, CN=DigiCert Global G2 TLS RSA SHA256 2020 CA1"
careers.state.gov,Yes,Yes,5,3,2026-08-05T18:42:02,2027-01-01T19:45:12,29649350557;28567175689;28567177675;28567176909;28567179401,"C=US, O=Let's Encrypt, CN=YE2;C=US, O=Let's Encrypt, CN=YR1;C=US, O=Let's Encrypt, CN=YR2"
caservices-npe-c1.state.gov,No,Yes,1,1,2026-01-08T00:00:00,2027-02-05T23:59:59,23636474798,"C=US, O=DigiCert Inc, CN=DigiCert Global G2 TLS RSA SHA256 2020 CA1"
caservices-npe.state.gov,Yes,Yes,1,1,2026-01-08T00:00:00,2027-02-05T23:59:59,23636474798,"C=US, O=DigiCert Inc, CN=DigiCert Global G2 TLS RSA SHA256 2020 CA1"
caservices.state.gov,Yes,Yes,2,1,2026-08-04T00:00:00,2027-02-18T23:59:59,28530153803;28530424787,"C=US, O=DigiCert Inc, CN=DigiCert Global G2 TLS RSA SHA256 2020 CA1"
casi.state.gov,Yes,Yes,1,1,2025-12-23T00:00:00,2027-01-06T23:59:59,23320851827,"C=US, O=DigiCert Inc, CN=DigiCert Global G2 TLS RSA SHA256 2020 CA1"
castartservicing.state.gov,Yes,Yes,1,1,2026-02-02T00:00:00,2027-02-19T23:59:59,24140226812,"C=US, O=DigiCert Inc, CN=DigiCert Global G2 TLS RSA SHA256 2020 CA1"
castartservicingnpe.state.gov,Yes,Yes,1,1,2026-09-03T00:00:00,2027-03-20T23:59:59,29234469003,"C=US, O=DigiCert Inc, CN=DigiCert Global G2 TLS RSA SHA256 2020 CA1"
ccdioga.state.gov,Yes,Yes,1,1,2026-01-08T00:00:00,2027-02-05T23:59:59,23639216042,"C=US, O=DigiCert Inc, CN=DigiCert Global G2 TLS RSA SHA256 2020 CA1"
ceac.state.gov,Yes,Yes,10,3,2026-03-31T00:00:00,2027-04-07T23:59:59,29108734360;29108548361;25303202633;29532093878;29446437983;25318760478;29108729725;29130199050;29108731510;29108593601,"C=US, O=Let's Encrypt, CN=YR1;C=US, O=DigiCert Inc, CN=DigiCert Global G2 TLS RSA SHA256 2020 CA1;C=US, O=Let's Encrypt, CN=YE1"
ceacnpe.state.gov,Yes,Yes,1,1,2026-06-18T00:00:00,2027-01-02T23:59:59,27296086863,"C=US, O=DigiCert Inc, CN=DigiCert Global G2 TLS RSA SHA256 2020 CA1"
cerc.state.gov,Yes,Yes,2,1,2025-12-08T00:00:00,2027-01-08T23:59:59,22987044250;22987044846,"C=CA, O=Entrust Limited, CN=Entrust DV TLS Issuing RSA CA 2"
ces.fsi.state.gov,Yes,Yes,2,1,2026-07-15T14:51:42,2026-10-13T14:51:41,27957197512;27957199640,"C=US, O=Let's Encrypt, CN=YR1"
cgfsaccountsreceivablebranch.state.gov,Yes,Yes,2,1,2026-06-04T00:00:00,2026-12-18T23:59:59,26886075461;27044697287,"C=US, O=Amazon, CN=Amazon RSA 2048 M01"
childabduction.state.gov,No,Yes,1,1,2026-01-08T00:00:00,2027-01-19T23:59:59,23636554107,"C=US, O=DigiCert Inc, CN=DigiCert Global G2 TLS RSA SHA256 2020 CA1"
china.playbooks.commons.state.gov,Yes,Yes,14,2,2026-07-11T11:41:05,2026-11-21T18:10:12,27858237814;27866765103;29046648395;29216067548;29431967633;27853688872;29023031081;29149059834;27853697581;29181480089;27866761569;27858232538;29036848253;29023022545,"C=US, O=Let's Encrypt, CN=YR1;C=US, O=Let's Encrypt, CN=YR2"
christopher-ew.state.gov,Yes,Yes,1,1,2026-09-09T00:00:00,2027-03-26T23:59:59,29313647932,"C=US, O=DigiCert Inc, CN=DigiCert Global G2 TLS RSA SHA256 2020 CA1"
chrv.investc.state.gov,No,Yes,3,1,2026-08-14T00:00:00,2027-04-11T23:59:59,28779374610;29581563133;29610293174,"C=US, O=DigiCert Inc, CN=DigiCert Global G2 TLS RSA SHA256 2020 CA1"
chrv.state.gov,No,Yes,2,1,2026-09-25T00:00:00,2027-04-11T23:59:59,29579425583;29579583050,"C=US, O=DigiCert Inc, CN=DigiCert Global G2 TLS RSA SHA256 2020 CA1"
ci.history.state.gov,Yes,Yes,2,1,2026-07-24T04:04:50,2026-10-22T04:04:49,28201975413;28201971408,"C=US, O=Let's Encrypt, CN=YR2"
clcbids.state.gov,Yes,Yes,4,2,2026-09-03T17:12:56,2026-12-02T17:13:18,29622788831;29316530157;29316536802;29321300837,"C=US, O=Let's Encrypt, CN=YE2;C=US, O=Let's Encrypt, CN=YR2"
climatecrisis.playbooks.commons.state.gov,Yes,Yes,8,2,2026-07-12T07:42:36,2026-11-22T10:19:19,29514648306;29324259630;27871022596;29148914791;29039625494;29110632010;27871028427;29133363649,"C=US, O=Let's Encrypt, CN=YR1;C=US, O=Let's Encrypt, CN=YR2"
cmprobe.inl.state.gov,Yes,Yes,2,1,2026-07-16T01:29:35,2026-10-14T01:29:34,27970054057;27970046112,"C=US, O=Let's Encrypt, CN=YR2"
cms.history.state.gov,Yes,Yes,3,2,2026-08-03T16:33:33,2027-01-01T00:53:43,28499715028;29657197208;28499712512,"C=US, O=Let's Encrypt, CN=YE2;C=US, O=Let's Encrypt, CN=YE1"
coins.state.gov,Yes,Yes,2,1,2026-07-01T00:00:00,2027-01-15T23:59:59,27618334798;27618336507,"C=CA, O=Entrust Limited, CN=Entrust OV TLS Issuing RSA CA 2"
commons.state.gov,Yes,Yes,6,2,2026-07-22T22:56:30,2026-12-01T15:26:10,28166237147;28176313196;28166244105;28175431875;29279991693;29276035513,"C=US, O=Let's Encrypt, CN=YR1;C=US, O=Let's Encrypt, CN=YR2"
confluence.state.gov,Yes,Yes,1,1,2025-11-14T00:00:00,2026-12-13T23:59:59,22467845508,"C=US, O=Amazon, CN=Amazon RSA 2048 M01"
confluencedev.state.gov,Yes,Yes,2,2,2025-09-11T00:00:00,2027-02-25T23:59:59,20947087445;28762102548,"C=US, O=Amazon, CN=Amazon RSA 2048 M04;C=US, O=Amazon, CN=Amazon RSA 2048 M01"
conftest.state.gov,Yes,Yes,2,1,2025-09-18T00:00:00,2027-03-04T23:59:59,28848331627;21113275111,"C=US, O=Amazon, CN=Amazon RSA 2048 M04"
controls-dev.state.gov,Yes,Yes,2,1,2026-06-16T00:00:00,2026-12-16T23:59:59,27234960793;27325170893,"C=US, O=DigiCert Inc, OU=www.digicert.com, CN=GeoTrust TLS RSA CA G1"
controls-staging.state.gov,Yes,Yes,2,1,2026-06-16T00:00:00,2026-12-16T23:59:59,27323075540;27230095460,"C=US, O=DigiCert Inc, OU=www.digicert.com, CN=GeoTrust TLS RSA CA G1"
controls.state.gov,Yes,Yes,2,1,2026-06-16T00:00:00,2026-12-16T23:59:59,27230121907;27323076006,"C=US, O=DigiCert Inc, OU=www.digicert.com, CN=GeoTrust TLS RSA CA G1"
cortex.oboces.state.gov,Yes,Yes,1,1,2026-06-12T00:00:00,2026-12-27T23:59:59,27123024078,"C=US, O=DigiCert Inc, CN=DigiCert Global G2 TLS RSA SHA256 2020 CA1"
cosqflow.state.gov,Yes,Yes,3,1,2026-03-31T00:00:00,2027-04-07T23:59:59,29239629933;29494431833;25298739880,"C=US, O=DigiCert Inc, CN=DigiCert Global G2 TLS RSA SHA256 2020 CA1"
covid19.playbooks.commons.state.gov,Yes,Yes,14,2,2026-07-11T21:45:12,2026-11-22T04:05:55,29343403745;27862489275;29287803155;29264344764;29056116435;29191239637;29456165649;29042012320;29124612472;29001564115;29456621095;29063341205;29042024882;27862493593,"C=US, O=Let's Encrypt, CN=YR1;C=US, O=Let's Encrypt, CN=YR2"
create-dev.state.gov,Yes,Yes,2,1,2026-05-14T00:00:00,2026-11-27T23:59:59,26919267505;26332841199,"C=US, O=Amazon, CN=Amazon RSA 2048 M04"
create-stg.state.gov,Yes,Yes,1,1,2026-05-14T00:00:00,2026-11-27T23:59:59,26332868998,"C=US, O=Amazon, CN=Amazon RSA 2048 M01"
create.state.gov,Yes,Yes,1,1,2026-05-14T00:00:00,2026-11-27T23:59:59,26332803601,"C=US, O=Amazon, CN=Amazon RSA 2048 M04"
csm.state.gov,Yes,Yes,1,1,2026-08-13T00:00:00,2027-02-27T23:59:59,28774601047,"C=US, O=DigiCert Inc, CN=DigiCert Global G2 TLS RSA SHA256 2020 CA1"
currenttopics.playbooks.commons.state.gov,Yes,Yes,10,2,2026-07-12T17:39:30,2026-11-22T13:52:13,29209532994;27880181951;29065212608;27880226231;29291655522;29483573132;29044592574;27880185764;27880229985;29141709470,"C=US, O=Let's Encrypt, CN=YR1;C=US, O=Let's Encrypt, CN=YR2"
dashboard.visibility.state.gov,Yes,Yes,4,2,2026-07-15T08:17:07,2026-10-13T08:17:30,27949405617;27949398200;27949394386;27949402526,"C=US, O=Let's Encrypt, CN=YR2;C=US, O=Let's Encrypt, CN=YE1"
data.geodata.state.gov,Yes,Yes,3,2,2025-09-16T00:00:00,2027-03-02T23:59:59,28828947291;21065674687;21065648633,"C=US, O=Amazon, CN=Amazon RSA 2048 M04;C=US, O=Amazon, CN=Amazon RSA 2048 M01"
dcas.state.gov,Yes,Yes,1,1,2026-09-17T23:06:08,2027-03-25T23:05:08,29477891067,"C=US, O=IdenTrust, OU=TrustID Server, CN=TrustID Server CA O1"
deps.ds.state.gov,Yes,Yes,8,3,2026-08-19T13:45:39,2026-11-17T14:05:46,29119580701;28953029774;28945188229;28993114795;28981425987;28945407942;29003094590;28953029654,"C=US, O=Let's Encrypt, CN=YR1;C=US, O=Let's Encrypt, CN=YR2;C=US, O=Let's Encrypt, CN=YE1"
dev.americanspaces.state.gov,Yes,Yes,5,2,2026-04-17T00:00:00,2027-04-02T23:59:59,26400009577;29469697588;26401390010;25917184835;25960318038,"C=US, O=Amazon, CN=Amazon RSA 2048 M04;C=US, O=Amazon, CN=Amazon RSA 2048 M01"
dev.cadataapi.state.gov,Yes,Yes,2,2,2025-10-08T00:00:00,2027-03-24T23:59:59,29279044005;21578784605,"C=US, O=Amazon, CN=Amazon RSA 2048 M04;C=US, O=Amazon, CN=Amazon RSA 2048 M01"
dev.cadatacatalog.state.gov,Yes,Yes,2,2,2025-10-08T00:00:00,2027-03-24T23:59:59,21578798866;29279042778,"C=US, O=Amazon, CN=Amazon RSA 2048 M04;C=US, O=Amazon, CN=Amazon RSA 2048 M01"
dev.data.geodata.state.gov,Yes,Yes,8,2,2025-09-16T00:00:00,2027-03-02T23:59:59,21059430688;21059430484;21065297186;21066085120;21059430891;21059430030;21059430031;28831386951,"C=US, O=Amazon, CN=Amazon RSA 2048 M04;C=US, O=Amazon, CN=Amazon RSA 2048 M01"
dev.geodata.state.gov,Yes,Yes,2,1,2026-08-04T23:07:16,2026-11-02T23:07:15,28540631658;28540613749,"C=US, O=Let's Encrypt, CN=YE1"
dev.j1visa.state.gov,No,Yes,4,2,2026-04-17T00:00:00,2027-04-02T23:59:59,29469428213;29503465487;25917182863;25557296390,"C=US, O=Amazon, CN=Amazon RSA 2048 M04;C=US, O=Amazon, CN=Amazon RSA 2048 M01"
dev.services.geodata.state.gov,Yes,Yes,2,1,2026-08-05T23:08:12,2026-11-03T23:08:11,28572901213;28572881243,"C=US, O=Let's Encrypt, CN=YE2"
dev.st.state.gov,Yes,Yes,2,1,2025-10-08T00:00:00,2027-03-24T23:59:59,21578783917;29279080807,"C=US, O=Amazon, CN=Amazon RSA 2048 M01"
dev.state.gov,Yes,Yes,1,1,2026-04-27T00:00:00,2026-11-10T23:59:59,25832348332,"C=US, O=Amazon, CN=Amazon RSA 2048 M01"
dev.tiles.geodata.state.gov,Yes,Yes,2,1,2026-05-01T00:00:00,2026-11-14T23:59:59,25981346628;26069159636,"C=US, O=Amazon, CN=Amazon RSA 2048 M01"
digitalprogrambook.state.gov,Yes,Yes,2,1,2026-04-30T00:00:00,2026-11-14T23:59:59,26108903624;25950883335,"C=CA, O=Entrust Limited, CN=Entrust DV TLS Issuing RSA CA 2"
diplomacy.state.gov,Yes,Yes,1,1,2026-08-27T22:37:07,2026-11-25T22:37:06,29371215206,"C=US, O=Let's Encrypt, CN=YR2"
diplomaticrooms.state.gov,Yes,Yes,1,1,2026-07-22T00:00:00,2027-02-04T23:59:59,28144563521,"C=US, O=Amazon, CN=Amazon RSA 2048 M01"
diplopedia.state.gov,Yes,Yes,1,1,2025-12-09T00:00:00,2027-01-04T23:59:59,23007832560,"C=US, O=DigiCert Inc, OU=www.digicert.com, CN=GeoTrust TLS RSA CA G1"
diplopediaaz.state.gov,No,Yes,1,1,2025-12-09T00:00:00,2027-01-04T23:59:59,23007832560,"C=US, O=DigiCert Inc, OU=www.digicert.com, CN=GeoTrust TLS RSA CA G1"
diplopediastgaz.state.gov,Yes,Yes,2,2,2025-10-22T00:00:00,2027-04-08T23:59:59,21917521780;29525102833,"C=US, O=DigiCert Inc, CN=DigiCert Global G2 TLS RSA SHA256 2020 CA1;C=US, O=DigiCert Inc, OU=www.digicert.com, CN=GeoTrust TLS RSA CA G1"
dipnotes-sandbox.state.gov,Yes,Yes,2,1,2026-06-12T00:00:00,2026-12-12T23:59:59,27268430525;27130448691,"C=US, O=DigiCert Inc, OU=www.digicert.com, CN=GeoTrust TLS RSA CA G1"
dipnotes.state.gov,Yes,Yes,2,1,2026-06-12T00:00:00,2026-12-12T23:59:59,27126262579;27265104558,"C=US, O=DigiCert Inc, OU=www.digicert.com, CN=GeoTrust TLS RSA CA G1"
directory-sandbox.state.gov,Yes,Yes,2,1,2026-06-15T00:00:00,2026-12-15T23:59:59,27193596448;27192997558,"C=US, O=DigiCert Inc, OU=www.digicert.com, CN=GeoTrust TLS RSA CA G1"
directory-staging.state.gov,Yes,Yes,3,1,2026-06-11T00:00:00,2027-04-03T23:59:59,27090577224;29643192441;27246566239,"C=US, O=DigiCert Inc, OU=www.digicert.com, CN=GeoTrust TLS RSA CA G1"
directory.state.gov,Yes,Yes,3,2,2025-12-23T21:48:05,2027-01-24T20:04:02,27090577103;23323880656;27246566081,"C=US, ST=Arizona, L=Scottsdale, O=""GoDaddy.com, Inc."", OU=http://certs.godaddy.com/repository/, CN=Go Daddy Secure Certificate Authority - G2;C=US, O=DigiCert Inc, OU=www.digicert.com, CN=GeoTrust TLS RSA CA G1"
dns01-test.inl.state.gov,Yes,Yes,2,1,2026-07-16T01:22:43,2026-10-14T01:22:42,27969898293;27969909429,"C=US, O=Let's Encrypt, CN=YR1"
docs.create-dev.state.gov,Yes,Yes,1,1,2026-07-09T00:00:00,2027-01-22T23:59:59,27805636972,"C=US, O=Amazon, CN=Amazon RSA 2048 M04"
docs.create-stg.state.gov,Yes,Yes,1,1,2026-08-26T00:00:00,2027-03-11T23:59:59,29053474383,"C=US, O=Amazon, CN=Amazon RSA 2048 M04"
docs.create-uat.state.gov,Yes,Yes,1,1,2026-07-09T00:00:00,2027-01-22T23:59:59,27805712952,"C=US, O=Amazon, CN=Amazon RSA 2048 M04"
dosteamsbimc.state.gov,Yes,Yes,1,1,2026-01-16T00:00:00,2027-02-16T23:59:59,23806956309,"C=US, O=DigiCert Inc, CN=DigiCert Global G2 TLS RSA SHA256 2020 CA1"
dosteamsew.state.gov,Yes,Yes,3,1,2025-10-29T00:00:00,2027-04-09T23:59:59,29562567355;22085410247;22085798016,"C=US, O=DigiCert Inc, CN=DigiCert Global G2 TLS RSA SHA256 2020 CA1"
dosteamshst.state.gov,Yes,Yes,1,1,2026-01-16T00:00:00,2027-02-16T23:59:59,23792370275,"C=US, O=DigiCert Inc, CN=DigiCert Global G2 TLS RSA SHA256 2020 CA1"
doswlan.state.gov,Yes,Yes,2,1,2025-11-11T00:00:00,2026-11-11T23:59:59,22387571978;22792914751,"C=US, O=DigiCert Inc, CN=DigiCert Global G2 TLS RSA SHA256 2020 CA1"
ds-mobilebiometrics-preprod.state.gov,Yes,Yes,8,4,2026-07-28T16:02:50,2026-12-24T15:47:14,28326091564;29623981685;29624484775;28326092892;28326106012;28326100817;29624311540;29624196320,"C=US, O=Let's Encrypt, CN=YR1;C=US, O=Let's Encrypt, CN=YE2;C=US, O=Let's Encrypt, CN=YR2;C=US, O=Let's Encrypt, CN=YE1"
ds-mobilebiometrics-prod.state.gov,Yes,Yes,8,2,2026-08-13T16:04:41,2026-11-11T16:26:02,28822458254;28811311418;28825439486;28812167442;28813615874;28810815888;28810811992;28863873024,"C=US, O=Let's Encrypt, CN=YE2;C=US, O=Let's Encrypt, CN=YR2"
dscribldmzleader.state.gov,Yes,Yes,4,2,2026-08-16T08:05:56,2026-11-14T08:06:02,28942306769;28881864893;28997916934;28901322371,"C=US, O=Let's Encrypt, CN=YR1;C=US, O=Let's Encrypt, CN=YE1"
dsctsonbimcscrc01.ds.state.gov,Yes,Yes,8,2,2026-07-27T14:09:37,2026-10-25T14:26:55,28294599142;28294611847;28294610184;28294907458;28294905600;28294599047;28294917326;28294914420,"C=US, O=Let's Encrypt, CN=YR1;C=US, O=Let's Encrypt, CN=YE1"
dsedp-evhns-prod.state.gov,Yes,Yes,8,2,2026-07-23T13:48:54,2026-10-21T13:51:03,28184190530;28184201253;28184162882;28184163575;28184205916;28184155430;28184199871;28184148830,"C=US, O=Let's Encrypt, CN=YR1;C=US, O=Let's Encrypt, CN=YE1"
dsgis.state.gov,Yes,Yes,4,2,2026-08-20T13:20:21,2026-11-18T13:20:24,28974989521;28965432235;28965396553;29013181942,"C=US, O=Let's Encrypt, CN=YR2;C=US, O=Let's Encrypt, CN=YE1"
dsiasai.state.gov,Yes,Yes,5,3,2026-07-28T12:17:30,2026-12-24T11:44:41,28321151469;28321145662;28321143595;28321138104;29610759924,"C=US, O=Let's Encrypt, CN=YR1;C=US, O=Let's Encrypt, CN=YE2;C=US, O=Let's Encrypt, CN=YE1"
dsir-sesapi.state.gov,Yes,Yes,7,3,2026-09-03T12:04:55,2026-12-02T12:20:06,29309124267;29313572833;29672491990;29602390458;29308803710;29309253979;29313559820,"C=US, O=Let's Encrypt, CN=YE2;C=US, O=Let's Encrypt, CN=YR2;C=US, O=Let's Encrypt, CN=YE1"
dsscrimetips.state.gov,Yes,Yes,2,1,2026-03-31T00:00:00,2026-10-15T23:59:59,25301840737;25301840736,"C=GB, O=Sectigo Limited, CN=Sectigo Public Server Authentication CA EV R36"
dvprogram.state.gov,Yes,Yes,9,4,2025-12-15T00:00:00,2027-01-07T23:59:59,28461257242;28461239164;28460959114;28461251648;28460959852;28460954400;28461249020;23137528476;28460952883,"C=US, O=Let's Encrypt, CN=YR1;C=US, O=Let's Encrypt, CN=YE2;C=US, O=DigiCert Inc, CN=DigiCert Global G2 TLS RSA SHA256 2020 CA1;C=US, O=Let's Encrypt, CN=YE1"
dvselectee.state.gov,No,Yes,1,1,2026-01-08T00:00:00,2027-01-19T23:59:59,23636554107,"C=US, O=DigiCert Inc, CN=DigiCert Global G2 TLS RSA SHA256 2020 CA1"
eastcosqflow.state.gov,No,Yes,2,1,2026-03-31T00:00:00,2027-04-07T23:59:59,29494431833;25298739880,"C=US, O=DigiCert Inc, CN=DigiCert Global G2 TLS RSA SHA256 2020 CA1"
eastkio.state.gov,No,Yes,2,1,2026-03-26T00:00:00,2027-04-07T23:59:59,29494399984;25238967982,"C=US, O=DigiCert Inc, CN=DigiCert Global G2 TLS RSA SHA256 2020 CA1"
eastpptqflow.state.gov,No,Yes,2,1,2026-03-26T00:00:00,2027-04-07T23:59:59,29494248605;25238953177,"C=US, O=DigiCert Inc, CN=DigiCert Global G2 TLS RSA SHA256 2020 CA1"
eca.dev.state.gov,Yes,Yes,7,2,2026-04-17T00:00:00,2027-04-06T23:59:59,29469428213;25557296390;25969868641;29503465487;25917182863;25636919532;29529156380,"C=US, O=Amazon, CN=Amazon RSA 2048 M04;C=US, O=Amazon, CN=Amazon RSA 2048 M01"
eca.state.gov,No,Yes,3,1,2026-04-21T00:00:00,2027-04-06T23:59:59,29529156380;25969868641;25636919532,"C=US, O=Amazon, CN=Amazon RSA 2048 M01"
eca.test.state.gov,No,Yes,3,1,2026-04-21T00:00:00,2027-04-06T23:59:59,29529156380;25969868641;25636919532,"C=US, O=Amazon, CN=Amazon RSA 2048 M01"
ecaapi-nonprod.state.gov,Yes,Yes,2,1,2026-04-30T00:00:00,2026-11-14T23:59:59,26108667569;25949827979,"C=CA, O=Entrust Limited, CN=Entrust DV TLS Issuing RSA CA 2"
ecaapi-prod.state.gov,Yes,Yes,6,1,2026-05-18T00:00:00,2026-12-03T23:59:59,26470638811;26476313273;26447930713;26472659885;26469018793;26447880712,"C=CA, O=Entrust Limited, CN=Entrust DV TLS Issuing RSA CA 2"
ecaapi.state.gov,Yes,Yes,4,1,2026-05-15T00:00:00,2026-12-03T23:59:59,26472659885;26371331147;26476313273;26364000179,"C=CA, O=Entrust Limited, CN=Entrust DV TLS Issuing RSA CA 2"
ecaexchanges.state.gov,Yes,Yes,5,2,2025-09-18T00:00:00,2027-03-04T23:59:59,21107973491;21114011151;28828589578;28787197514;22994871868,"C=US, O=Amazon, CN=Amazon RSA 2048 M04;C=US, O=Amazon, CN=Amazon RSA 2048 M01"
economicsecurity.playbooks.commons.state.gov,Yes,Yes,14,2,2026-07-12T17:43:27,2026-11-22T09:12:14,27884874826;29033121113;29052154050;29397706076;27884878848;29160562347;27880246691;27880242975;29048129975;29033096984;29072719887;29026370798;29026366267;29052115957,"C=US, O=Let's Encrypt, CN=YR1;C=US, O=Let's Encrypt, CN=YR2"
ecrba.c1-service-cloud.state.gov,Yes,Yes,3,2,2026-08-22T22:00:55,2026-11-20T23:01:02,29138233840;29150050132;29235048718,"C=US, O=Google Trust Services, CN=WR1;C=US, O=Google Trust Services, CN=WE1"
edit.state.gov,Yes,Yes,2,1,2026-05-19T00:00:00,2026-12-02T23:59:59,26457143386;26458570587,"C=US, O=Amazon, CN=Amazon RSA 2048 M01"
edp-portal.state.gov,Yes,Yes,3,2,2026-09-02T12:44:49,2026-12-01T12:44:53,29536563737;29568917142;29568913659,"C=US, O=Let's Encrypt, CN=YR2;C=US, O=Let's Encrypt, CN=YE1"
educationusa.dev.state.gov,No,Yes,4,2,2026-04-17T00:00:00,2027-04-02T23:59:59,29469428213;29503465487;25917182863;25557296390,"C=US, O=Amazon, CN=Amazon RSA 2048 M04;C=US, O=Amazon, CN=Amazon RSA 2048 M01"
educationusa.state.gov,No,Yes,2,1,2026-06-09T00:00:00,2026-12-23T23:59:59,27011513504;27208379534,"C=US, O=Amazon, CN=Amazon RSA 2048 M04"
eesbmid.state.gov,No,Yes,3,1,2026-04-07T00:00:00,2027-03-11T23:59:59,29027068582;25429409737;29027043112,"C=US, O=DigiCert Inc, CN=DigiCert Global G2 TLS RSA SHA256 2020 CA1"
eforms.state.gov,Yes,Yes,3,1,2026-03-31T00:00:00,2027-03-16T23:59:59,25301983108;25318033252;29190056273,"C=US, O=Amazon, CN=Amazon RSA 2048 M01"
egov.ofm.state.gov,Yes,Yes,4,2,2026-07-15T17:02:23,2026-10-13T17:02:42,27959826934;27959842653;27959835266;27959847120,"C=US, O=Let's Encrypt, CN=YE2;C=US, O=Let's Encrypt, CN=YR2"
elibraryusa.state.gov,Yes,Yes,2,1,2026-08-03T03:50:03,2026-11-01T03:50:02,28481310488;28481317846,"C=US, O=Let's Encrypt, CN=YE1"
emergingtech.playbooks.commons.state.gov,Yes,Yes,11,2,2026-07-11T11:39:23,2027-01-02T06:41:33,29667994081;29033030835;29022953514;29047023759;27884827339;29047083168;27884817993;27862436837;27862445116;27853679309;27853675416,"C=US, O=Let's Encrypt, CN=YR1;C=US, O=Let's Encrypt, CN=YR2"
energysecurity.playbooks.commons.state.gov,Yes,Yes,6,2,2026-07-12T22:39:22,2026-11-22T13:35:18,29064954182;27884773655;29483587253;29051967301;29203521133;27884771705,"C=US, O=Let's Encrypt, CN=YR1;C=US, O=Let's Encrypt, CN=YR2"
ent-ise-vm01.doswlan.state.gov,No,Yes,2,1,2025-11-11T00:00:00,2026-11-11T23:59:59,22387571978;22792914751,"C=US, O=DigiCert Inc, CN=DigiCert Global G2 TLS RSA SHA256 2020 CA1"
ent-ise-vm02.doswlan.state.gov,No,Yes,2,1,2025-11-11T00:00:00,2026-11-11T23:59:59,22387571978;22792914751,"C=US, O=DigiCert Inc, CN=DigiCert Global G2 TLS RSA SHA256 2020 CA1"
epms-dynamic.state.gov,No,Yes,4,2,2026-07-17T11:01:18,2026-10-15T11:01:26,28010488570;28010487667;28010499077;28010499190,"C=US, O=Let's Encrypt, CN=YR1;C=US, O=Let's Encrypt, CN=YE1"
epms-static.state.gov,No,Yes,4,2,2026-07-17T11:01:18,2026-10-15T11:01:26,28010488570;28010487667;28010499077;28010499190,"C=US, O=Let's Encrypt, CN=YR1;C=US, O=Let's Encrypt, CN=YE1"
epms.state.gov,Yes,Yes,4,2,2026-07-17T11:01:18,2026-10-15T11:01:26,28010488570;28010487667;28010499077;28010499190,"C=US, O=Let's Encrypt, CN=YR1;C=US, O=Let's Encrypt, CN=YE1"
erajobs.state.gov,Yes,Yes,2,1,2026-02-09T00:00:00,2027-02-12T23:59:59,24292957486;24293938647,"C=US, O=DigiCert Inc, CN=DigiCert Global G2 TLS RSA SHA256 2020 CA1"
erec-enrichment.state.gov,Yes,Yes,4,2,2026-09-08T09:17:52,2026-12-07T09:31:38,29608489070;29491549099;29491547936;29605793133,"C=US, O=Let's Encrypt, CN=YE2;C=US, O=Let's Encrypt, CN=YR2"
erec-notify.state.gov,Yes,Yes,4,2,2026-09-08T07:30:02,2026-12-07T07:30:14,29486689590;29486660064;29466551631;29466558420,"C=US, O=Let's Encrypt, CN=YR1;C=US, O=Let's Encrypt, CN=YE1"
erec-user-mgmt.state.gov,Yes,Yes,2,2,2026-09-08T08:46:13,2026-12-07T08:46:19,29489856705;29644111115,"C=US, O=Let's Encrypt, CN=YR1;C=US, O=Let's Encrypt, CN=YE1"
esocw-ise-oga-r1.tron.state.gov,No,Yes,1,1,2026-06-17T00:00:00,2027-01-01T23:59:59,27271638067,"C=US, O=DigiCert Inc, CN=DigiCert Global G2 TLS RSA SHA256 2020 CA1"
esocw-ise-oga-r1.wifi.state.gov,No,Yes,1,1,2026-06-17T00:00:00,2027-01-01T23:59:59,27271638067,"C=US, O=DigiCert Inc, CN=DigiCert Global G2 TLS RSA SHA256 2020 CA1"
eum.state.gov,Yes,Yes,2,1,2026-03-31T00:00:00,2027-04-07T23:59:59,29535682167;25302905245,"C=US, O=DigiCert Inc, CN=DigiCert Global G2 TLS RSA SHA256 2020 CA1"
evisaforms.state.gov,Yes,Yes,10,4,2026-05-01T00:00:00,2026-11-20T14:39:14,25983189017;29341010607;29106490003;29081968215;29341028974;29126939370;29107131627;29082097014;29013809942;25979999511,"C=US, O=Let's Encrypt, CN=YE2;C=US, O=DigiCert Inc, CN=DigiCert Global G2 TLS RSA SHA256 2020 CA1;C=US, O=Let's Encrypt, CN=YR2;C=US, O=Let's Encrypt, CN=YE1"
ewsbmid.state.gov,No,Yes,3,1,2026-04-07T00:00:00,2027-03-11T23:59:59,29027068582;25429409737;29027043112,"C=US, O=DigiCert Inc, CN=DigiCert Global G2 TLS RSA SHA256 2020 CA1"
exchangealumni.state.gov,Yes,Yes,1,1,2026-09-06T02:48:38,2026-12-05T02:48:37,29388184234,"C=US, O=Let's Encrypt, CN=YE2"
exchanges.dev.state.gov,No,Yes,4,2,2026-04-17T00:00:00,2027-04-02T23:59:59,29469428213;29503465487;25917182863;25557296390,"C=US, O=Amazon, CN=Amazon RSA 2048 M04;C=US, O=Amazon, CN=Amazon RSA 2048 M01"
exchanges.state.gov,No,Yes,2,1,2026-06-09T00:00:00,2026-12-23T23:59:59,27011513504;27208379534,"C=US, O=Amazon, CN=Amazon RSA 2048 M04"
execsec-ai-forum.apps.sesexectech.state.gov,Yes,Yes,2,1,2026-06-18T00:00:00,2026-12-18T23:59:59,27348757882;27285247965,"C=US, O=DigiCert Inc, OU=www.digicert.com, CN=GeoTrust TLS RSA CA G1"
external.api.state.gov,Yes,Yes,8,4,2026-08-04T10:40:16,2026-11-02T10:54:11,28524582875;28524587641;28524331400;28524322548;28524595469;28524328469;28524327973;28524590727,"C=US, O=Let's Encrypt, CN=YR1;C=US, O=Let's Encrypt, CN=YE2;C=US, O=Let's Encrypt, CN=YR2;C=US, O=Let's Encrypt, CN=YE1"
fagov-stg.state.gov,Yes,Yes,4,2,2026-08-18T11:10:33,2026-11-16T11:10:40,28928952704;28943410703;28922365156;28922399724,"C=US, O=Let's Encrypt, CN=YR1;C=US, O=Let's Encrypt, CN=YE1"
fam.state.gov,Yes,Yes,2,1,2025-12-03T00:00:00,2027-01-03T23:59:59,22888052419;22888053093,"C=GB, O=Sectigo Limited, CN=Sectigo Public Server Authentication CA OV R36"
file-preview-erec.state.gov,Yes,Yes,4,2,2026-08-07T21:17:13,2026-11-05T21:17:40,28631627719;28631632374;28631630292;28631626750,"C=US, O=Let's Encrypt, CN=YE2;C=US, O=Let's Encrypt, CN=YR2"
financials-sandbox.state.gov,Yes,Yes,2,1,2026-06-15T00:00:00,2026-12-15T23:59:59,27196677516;27305216489,"C=US, O=DigiCert Inc, OU=www.digicert.com, CN=GeoTrust TLS RSA CA G1"
financials-staging.state.gov,Yes,Yes,2,1,2026-06-14T00:00:00,2026-12-14T23:59:59,27167467706;27167680439,"C=US, O=DigiCert Inc, OU=www.digicert.com, CN=GeoTrust TLS RSA CA G1"
financials.state.gov,Yes,Yes,2,1,2026-06-14T00:00:00,2026-12-14T23:59:59,27169688169;27169125564,"C=US, O=DigiCert Inc, OU=www.digicert.com, CN=GeoTrust TLS RSA CA G1"
finops.inl.state.gov,Yes,Yes,4,2,2026-06-09T00:00:00,2026-12-09T23:59:59,27999383138;27999392573;27025240231;27214695538,"C=US, O=Let's Encrypt, CN=YR2;C=US, O=DigiCert Inc, OU=www.digicert.com, CN=GeoTrust TLS RSA CA G1"
finopstest.inl.state.gov,Yes,Yes,4,2,2026-07-17T09:31:03,2027-02-15T23:59:59,28800820397;28008795375;28008797535;28810917350,"C=US, O=Let's Encrypt, CN=YR1;C=US, O=DigiCert Inc, OU=www.digicert.com, CN=GeoTrust TLS RSA CA G1"
firma-sandbox.state.gov,Yes,Yes,2,1,2026-06-11T00:00:00,2026-12-11T23:59:59,27096815847;27250259008,"C=US, O=DigiCert Inc, OU=www.digicert.com, CN=GeoTrust TLS RSA CA G1"
firma-staging.state.gov,Yes,Yes,2,1,2026-06-11T00:00:00,2026-12-11T23:59:59,27250259168;27096845997,"C=US, O=DigiCert Inc, OU=www.digicert.com, CN=GeoTrust TLS RSA CA G1"
firma.state.gov,Yes,Yes,2,1,2026-06-11T00:00:00,2026-12-11T23:59:59,27096869169;27250292421,"C=US, O=DigiCert Inc, OU=www.digicert.com, CN=GeoTrust TLS RSA CA G1"
flyea.dev.inla.inl.state.gov,Yes,Yes,3,2,2025-10-14T10:03:29,2026-12-20T23:59:59,27335067074;27335392032;21711753097,"C=US, ST=Texas, L=Houston, O=SSL Corporation, CN=SSL.com RSA SSL subCA;C=US, O=DigiCert Inc, OU=www.digicert.com, CN=GeoTrust TLS RSA CA G1"
flyea.inla.inl.state.gov,Yes,Yes,2,2,2025-10-14T10:12:35,2027-01-14T23:59:59,21711922376;27919450526,"C=US, ST=Texas, L=Houston, O=SSL Corporation, CN=SSL.com RSA SSL subCA;C=US, O=DigiCert Inc, OU=www.digicert.com, CN=GeoTrust TLS RSA CA G1"
foia.state.gov,No,Yes,5,1,2026-03-31T00:00:00,2027-03-16T23:59:59,29190056273;26443647247;25301983108;25318033252;26442010310,"C=US, O=Amazon, CN=Amazon RSA 2048 M01"
fojems.state.gov,No,Yes,12,2,2025-09-16T00:00:00,2027-03-14T23:59:59,21062319004;29112214028;21062319006;29112198011;29112213670;29112200313;24760904435;29112195096;24760885581;24760903202;29112196939;24760886383,"C=GB, O=Sectigo Limited, CN=Sectigo Public Server Authentication CA DV R36;C=CA, O=Entrust Limited, CN=Entrust DV TLS Issuing RSA CA 2"
foodsecurity.playbooks.commons.state.gov,Yes,Yes,8,2,2026-07-11T16:39:42,2026-11-21T12:50:53,29170395571;27871041551;29133726605;27871034839;27858222377;27858214063;29009696563;29412403319,"C=US, O=Let's Encrypt, CN=YR1;C=US, O=Let's Encrypt, CN=YR2"
frankfurt-co-vg1.state.gov,Yes,Yes,1,1,2026-08-06T00:00:00,2027-02-20T23:59:59,28594310460,"C=US, O=DigiCert Inc, CN=DigiCert Global G2 TLS RSA SHA256 2020 CA1"
frankfurt-co-vg2.state.gov,No,Yes,1,1,2026-08-06T00:00:00,2027-02-20T23:59:59,28594310460,"C=US, O=DigiCert Inc, CN=DigiCert Global G2 TLS RSA SHA256 2020 CA1"
fsi-wman-ise-001.fsiwman.state.gov,Yes,Yes,2,1,2026-08-20T00:00:00,2027-03-06T23:59:59,28865214314;28852064344,"C=CA, O=Entrust Limited, CN=Entrust DV TLS Issuing RSA CA 2"
fsi-wman-ise-002.fsiwman.state.gov,Yes,Yes,2,1,2026-08-20T00:00:00,2027-03-06T23:59:59,28865106841;28851814986,"C=CA, O=Entrust Limited, CN=Entrust DV TLS Issuing RSA CA 2"
fsiapps.state.gov,Yes,Yes,8,4,2026-08-12T03:13:00,2026-11-10T03:45:43,28761724460;28760995970;28761723838;28760992630;28760983445;28760972716;28761728699;28761728706,"C=US, O=Let's Encrypt, CN=YR1;C=US, O=Let's Encrypt, CN=YE1;C=US, O=Let's Encrypt, CN=YE2;C=US, O=Let's Encrypt, CN=YR2"
fsitraining.state.gov,Yes,Yes,7,4,2026-07-11T13:29:19,2026-12-07T13:06:51,27855290354;27855282490;27855283293;29477978389;27855290742;29478067841;29480440394,"C=US, O=Let's Encrypt, CN=YE2;C=US, O=Let's Encrypt, CN=YR1;C=US, O=Let's Encrypt, CN=YR2;C=US, O=Let's Encrypt, CN=YE1"
fsiwman.state.gov,Yes,Yes,2,1,2026-08-20T00:00:00,2026-11-18T23:59:59,28918943939;29032781063,"C=GB, O=Sectigo Limited, CN=Sectigo Public Server Authentication CA DV R36"
fulbright.state.gov,No,Yes,3,1,2026-04-21T00:00:00,2027-04-06T23:59:59,29529156380;25969868641;25636919532,"C=US, O=Amazon, CN=Amazon RSA 2048 M01"
fusioncell-dev.acn.state.gov,Yes,Yes,2,1,2025-12-09T00:00:00,2027-01-07T23:59:59,23008023585;23008027910,"C=US, O=Amazon, CN=Amazon RSA 2048 M04"
g20.org,Yes,No,1,1,2025-11-30T00:00:00,2026-12-29T23:59:59,22815892459,"C=US, O=Amazon, CN=Amazon RSA 2048 M04"
g20.state.gov,No,Yes,2,2,2025-11-22T00:00:00,2026-12-29T23:59:59,22662008559;22815892459,"C=US, O=Amazon, CN=Amazon RSA 2048 M04;C=US, O=Amazon, CN=Amazon RSA 2048 M01"
gaborone.ilea.ign-uat.inl.state.gov,Yes,Yes,3,1,2026-05-10T00:00:00,2027-03-21T23:59:59,26356123519;29531062155;26224826897,"C=US, O=DigiCert Inc, OU=www.digicert.com, CN=GeoTrust TLS RSA CA G1"
gaborone.ilea.state.gov,Yes,Yes,3,1,2026-05-14T00:00:00,2027-03-27T23:59:59,26338689441;26326804819;29635372052,"C=US, O=DigiCert Inc, OU=www.digicert.com, CN=GeoTrust TLS RSA CA G1"
gbiext.cgfs.state.gov,Yes,Yes,8,3,2026-08-08T08:23:04,2026-11-06T08:40:21,28644571332;28644568203;28644242243;28644254845;28644256656;28644243171;28644582389;28644579467,"C=US, O=Let's Encrypt, CN=YR1;C=US, O=Let's Encrypt, CN=YR2;C=US, O=Let's Encrypt, CN=YE1"
gclo.state.gov,Yes,Yes,2,1,2026-08-18T08:22:54,2026-11-16T08:22:53,28919997806;28939940075,"C=US, O=Let's Encrypt, CN=YR2"
geodata.state.gov,Yes,Yes,2,1,2026-08-05T11:08:23,2026-11-03T11:08:22,28556895597;28556872015,"C=US, O=Let's Encrypt, CN=YE2"
ghsd-rstudio-connect.state.gov,Yes,Yes,1,1,2026-09-01T00:00:00,2027-03-17T23:59:59,29206507312,"C=US, O=Amazon, CN=Amazon RSA 2048 M01"
ghsd-rstudio-package.state.gov,Yes,Yes,1,1,2026-06-25T00:00:00,2027-01-08T23:59:59,27477666574,"C=US, O=Amazon, CN=Amazon RSA 2048 M01"
ghsd-rstudio-workbench.state.gov,Yes,Yes,1,1,2026-06-25T00:00:00,2027-01-08T23:59:59,27477649635,"C=US, O=Amazon, CN=Amazon RSA 2048 M01"
ghsd-test-wave.state.gov,Yes,Yes,3,1,2026-04-29T00:00:00,2027-04-14T23:59:59,29668509582;29633331837;25918517079,"C=US, O=Amazon, CN=Amazon RSA 2048 M04"
ghsd-wave.state.gov,Yes,Yes,2,1,2026-04-29T00:00:00,2027-04-14T23:59:59,29669815939;25918515112,"C=US, O=Amazon, CN=Amazon RSA 2048 M01"
gitlab.state.gov,Yes,Yes,2,2,2025-10-10T00:00:00,2027-03-26T23:59:59,29331668991;21629245218,"C=US, O=Amazon, CN=Amazon RSA 2048 M04;C=US, O=Amazon, CN=Amazon RSA 2048 M01"
gitlabtest.state.gov,Yes,Yes,2,1,2025-10-07T00:00:00,2027-03-23T23:59:59,29269829059;21547371005,"C=US, O=Amazon, CN=Amazon RSA 2048 M04"
globalhealth.playbooks.commons.state.gov,Yes,Yes,16,2,2026-07-11T11:42:28,2026-11-22T04:03:03,27853724236;29483316221;27875424874;27880198338;27875440637;27853718855;29227833830;29227835495;29203151447;29197612845;29037455151;27875439205;27866776620;27875419302;27880205219;27866770964,"C=US, O=Let's Encrypt, CN=YR1;C=US, O=Let's Encrypt, CN=YR2"
go.state.gov,Yes,Yes,2,1,2025-12-04T00:00:00,2027-01-04T23:59:59,28857512489;22894427693,"C=US, O=DigiCert Inc, CN=DigiCert EV RSA CA G2"
gombc.state.gov,Yes,Yes,3,1,2026-06-10T00:00:00,2027-04-03T23:59:59,29687254821;27227530000;27052464894,"C=US, O=DigiCert Inc, OU=www.digicert.com, CN=GeoTrust TLS RSA CA G1"
gomfa.state.gov,Yes,Yes,1,1,2025-12-04T00:00:00,2026-12-09T23:59:59,22893946968,"C=US, O=DigiCert Inc, CN=DigiCert Global G2 TLS RSA SHA256 2020 CA1"
gopiv.state.gov,Yes,Yes,1,1,2025-12-04T00:00:00,2026-12-09T23:59:59,22893921852,"C=US, O=DigiCert Inc, CN=DigiCert Global G2 TLS RSA SHA256 2020 CA1"
gpa-mdm.state.gov,Yes,Yes,7,3,2025-09-17T00:00:00,2027-04-17T23:59:59,21090625764;29213019957;26299094060;26302624455;29680600549;29211215304;21090625499,"C=GB, O=Sectigo Limited, CN=Sectigo Public Server Authentication CA DV R36;C=CA, O=Entrust Limited, CN=Entrust DV TLS Issuing RSA CA 2;C=US, O=Amazon, CN=Amazon RSA 2048 M01"
gpa-printer.state.gov,No,Yes,8,2,2025-11-19T00:00:00,2027-03-18T23:59:59,29213019957;22592373706;22592349077;24760904435;24760885581;24760903202;29211215304;24760886383,"C=GB, O=Sectigo Limited, CN=Sectigo Public Server Authentication CA DV R36;C=CA, O=Entrust Limited, CN=Entrust DV TLS Issuing RSA CA 2"
gpa-remspt.state.gov,No,Yes,6,1,2026-03-03T00:00:00,2027-03-18T23:59:59,29213019957;24760904435;24760885581;24760903202;29211215304;24760886383,"C=GB, O=Sectigo Limited, CN=Sectigo Public Server Authentication CA DV R36"
gpa-uat.state.gov,No,Yes,6,1,2026-03-03T00:00:00,2027-03-18T23:59:59,24760904435;24760885581;29213659027;24760903202;29211733068;24760886383,"C=GB, O=Sectigo Limited, CN=Sectigo Public Server Authentication CA DV R36"
gpaavap.state.gov,No,Yes,6,1,2026-03-03T00:00:00,2027-03-18T23:59:59,24760904435;24760885581;29213659027;24760903202;29211733068;24760886383,"C=GB, O=Sectigo Limited, CN=Sectigo Public Server Authentication CA DV R36"
gpafojems.state.gov,No,Yes,6,1,2026-03-03T00:00:00,2027-03-18T23:59:59,24760904435;24760885581;29213659027;24760903202;29211733068;24760886383,"C=GB, O=Sectigo Limited, CN=Sectigo Public Server Authentication CA DV R36"
gpaitstaging.state.gov,No,Yes,12,2,2025-09-16T00:00:00,2027-03-14T23:59:59,21062319004;29112214028;21062319006;29112198011;29112213670;29112200313;24760904435;29112195096;24760885581;24760903202;29112196939;24760886383,"C=GB, O=Sectigo Limited, CN=Sectigo Public Server Authentication CA DV R36;C=CA, O=Entrust Limited, CN=Entrust DV TLS Issuing RSA CA 2"
gpareviews.state.gov,No,Yes,14,2,2025-09-16T00:00:00,2027-03-14T23:59:59,29398375211;21062319004;29398375886;29112214028;21062319006;29112198011;29112213670;29112200313;24760904435;29112195096;24760885581;24760903202;29112196939;24760886383,"C=GB, O=Sectigo Limited, CN=Sectigo Public Server Authentication CA DV R36;C=CA, O=Entrust Limited, CN=Entrust DV TLS Issuing RSA CA 2"
gpaservices.state.gov,No,Yes,8,2,2025-09-16T00:00:00,2027-03-18T23:59:59,21062319004;21062319006;29212301851;29210581426;24760904435;24760885581;24760903202;24760886383,"C=GB, O=Sectigo Limited, CN=Sectigo Public Server Authentication CA DV R36;C=CA, O=Entrust Limited, CN=Entrust DV TLS Issuing RSA CA 2"
grafanatest.state.gov,Yes,Yes,1,1,2026-07-23T00:00:00,2027-02-05T23:59:59,28173431322,"C=US, O=Amazon, CN=Amazon RSA 2048 M01"
guadalajara-co-vg1.state.gov,Yes,Yes,1,1,2026-08-10T00:00:00,2027-02-24T23:59:59,28704925483,"C=US, O=DigiCert Inc, CN=DigiCert Global G2 TLS RSA SHA256 2020 CA1"
guadalajara-co-vg2.state.gov,No,Yes,1,1,2026-08-10T00:00:00,2027-02-24T23:59:59,28704925483,"C=US, O=DigiCert Inc, CN=DigiCert Global G2 TLS RSA SHA256 2020 CA1"
guatemala-ch-vg1.state.gov,Yes,Yes,2,1,2026-01-15T00:00:00,2027-01-21T23:59:59,23780052617;23779846832,"C=US, O=DigiCert Inc, CN=DigiCert Global G2 TLS RSA SHA256 2020 CA1"
guatemala-ch-vg2.state.gov,No,Yes,2,1,2026-01-15T00:00:00,2027-01-21T23:59:59,23780052617;23779846832,"C=US, O=DigiCert Inc, CN=DigiCert Global G2 TLS RSA SHA256 2020 CA1"
guest.wifi.state.gov,No,Yes,1,1,2026-09-23T00:00:00,2027-03-09T23:59:59,29545470672,"C=US, O=DigiCert Inc, CN=DigiCert Global G2 TLS RSA SHA256 2020 CA1"
guest1.wifi.state.gov,No,Yes,1,1,2026-09-23T00:00:00,2027-03-09T23:59:59,29545470672,"C=US, O=DigiCert Inc, CN=DigiCert Global G2 TLS RSA SHA256 2020 CA1"
guest2.wifi.state.gov,No,Yes,1,1,2026-09-23T00:00:00,2027-03-09T23:59:59,29545470672,"C=US, O=DigiCert Inc, CN=DigiCert Global G2 TLS RSA SHA256 2020 CA1"
guest3.wifi.state.gov,No,Yes,1,1,2026-09-23T00:00:00,2027-03-09T23:59:59,29545470672,"C=US, O=DigiCert Inc, CN=DigiCert Global G2 TLS RSA SHA256 2020 CA1"
guest4.wifi.state.gov,No,Yes,1,1,2026-09-23T00:00:00,2027-03-09T23:59:59,29545470672,"C=US, O=DigiCert Inc, CN=DigiCert Global G2 TLS RSA SHA256 2020 CA1"
guest5.wifi.state.gov,No,Yes,1,1,2026-09-23T00:00:00,2027-03-09T23:59:59,29545470672,"C=US, O=DigiCert Inc, CN=DigiCert Global G2 TLS RSA SHA256 2020 CA1"
guidance.geodata.state.gov,Yes,Yes,2,1,2026-06-16T00:00:00,2026-12-30T23:59:59,27328237760;27241267068,"C=US, O=Amazon, CN=Amazon RSA 2048 M04"
hamilton-ch-vg1.state.gov,Yes,Yes,1,1,2026-05-11T00:00:00,2026-11-25T23:59:59,26252614257,"C=US, O=DigiCert Inc, CN=DigiCert Global G2 TLS RSA SHA256 2020 CA1"
hamilton-ch-vg2.state.gov,No,Yes,1,1,2026-05-11T00:00:00,2026-11-25T23:59:59,26252614257,"C=US, O=DigiCert Inc, CN=DigiCert Global G2 TLS RSA SHA256 2020 CA1"
hanoi-ch-vg1.state.gov,Yes,Yes,1,1,2025-12-18T00:00:00,2026-12-17T23:59:59,23203218306,"C=US, O=DigiCert Inc, CN=DigiCert Global G2 TLS RSA SHA256 2020 CA1"
hanoi-ch-vg2.state.gov,No,Yes,1,1,2025-12-18T00:00:00,2026-12-17T23:59:59,23203218306,"C=US, O=DigiCert Inc, CN=DigiCert Global G2 TLS RSA SHA256 2020 CA1"
hilab.fsi.state.gov,Yes,Yes,2,2,2026-04-08T00:00:00,2027-03-24T23:59:59,29285901762;25448854203,"C=US, O=Amazon, CN=Amazon RSA 2048 M04;C=US, O=Amazon, CN=Amazon RSA 2048 M01"
history.state.gov,Yes,Yes,2,1,2026-08-08T00:00:00,2027-02-21T23:59:59,28637042271;28637871453,"C=US, O=Amazon, CN=Amazon RSA 2048 M04"
holidaysevents.playbooks.commons.state.gov,Yes,Yes,14,2,2026-07-12T12:42:56,2026-11-22T13:38:34,29169132164;27875397141;29032780180;29046658322;29240906974;29052190232;27875389363;29085773807;29173091714;29124165903;29062108164;29022670397;29410540023;29064998385,"C=US, O=Let's Encrypt, CN=YR1;C=US, O=Let's Encrypt, CN=YR2"
hosting.state.gov,No,Yes,3,1,2026-04-21T00:00:00,2027-04-06T23:59:59,29529156380;25969868641;25636919532,"C=US, O=Amazon, CN=Amazon RSA 2048 M01"
housing-sandbox.state.gov,Yes,Yes,3,1,2026-06-11T00:00:00,2027-04-03T23:59:59,29656822521;27082592658;27080949890,"C=US, O=DigiCert Inc, OU=www.digicert.com, CN=GeoTrust TLS RSA CA G1"
housing-staging.state.gov,Yes,Yes,2,1,2026-06-13T00:00:00,2026-12-13T23:59:59,27143201559;27144348562,"C=US, O=DigiCert Inc, OU=www.digicert.com, CN=GeoTrust TLS RSA CA G1"
housing.state.gov,Yes,Yes,3,1,2026-06-10T00:00:00,2027-04-02T23:59:59,29610032011;27058498463;27229420727,"C=US, O=DigiCert Inc, OU=www.digicert.com, CN=GeoTrust TLS RSA CA G1"
hrerajobs.state.gov,Yes,Yes,1,1,2026-09-02T15:29:37,2026-12-01T15:29:36,29382415779,"C=US, O=Let's Encrypt, CN=YR1"
hrevaljobs.state.gov,Yes,Yes,8,3,2026-08-15T17:49:27,2026-11-13T18:09:45,28902041398;28864227650;28863909466;28897382094;28897392312;28899416333;28864223435;28863910919,"C=US, O=Let's Encrypt, CN=YE1;C=US, O=Let's Encrypt, CN=YE2;C=US, O=Let's Encrypt, CN=YR2"
humanrights.playbooks.commons.state.gov,Yes,Yes,12,2,2026-07-11T21:39:39,2026-11-22T04:53:37,29087141278;29165943586;29044530819;29115887766;27875361174;27875353337;29127232575;27862413019;27862415402;29041977749;29058783777;29410116852,"C=US, O=Let's Encrypt, CN=YR1;C=US, O=Let's Encrypt, CN=YR2"
hx-bimc-vcenter.ucn.state.gov,Yes,Yes,14,4,2026-07-28T14:48:38,2026-12-24T14:50:17,28324322068;28324533140;28324317898;29620442210;28324580583;29620021319;28324577893;28324327606;29619767428;29620428955;28324318956;28324535119;28324578727;28324580817,"C=US, O=Let's Encrypt, CN=YR1;C=US, O=Let's Encrypt, CN=YE2;C=US, O=Let's Encrypt, CN=YR2;C=US, O=Let's Encrypt, CN=YE1"
iafdb.travel.state.gov,No,Yes,2,1,2026-05-27T00:00:00,2026-12-11T23:59:59,26722980035;26683485106,"C=US, O=DigiCert Inc, CN=DigiCert Global G2 TLS RSA SHA256 2020 CA1"
ict.ign-uat.inl.state.gov,Yes,Yes,3,1,2026-05-12T00:00:00,2027-03-24T23:59:59,26293769199;29588079579;26298112662,"C=US, O=DigiCert Inc, OU=www.digicert.com, CN=GeoTrust TLS RSA CA G1"
ict.state.gov,Yes,Yes,2,1,2026-09-14T00:00:00,2027-03-14T23:59:59,29419218846;29420252293,"C=US, O=DigiCert Inc, OU=www.digicert.com, CN=GeoTrust TLS RSA CA G1"
identix.state.gov,Yes,Yes,3,1,2026-03-31T00:00:00,2027-04-07T23:59:59,29533820593;25302914558;25318779932,"C=US, O=DigiCert Inc, CN=DigiCert Global G2 TLS RSA SHA256 2020 CA1"
ifms-dev.inl.state.gov,Yes,Yes,2,1,2026-06-11T00:00:00,2026-12-11T23:59:59,27082416290;27404439830,"C=US, O=DigiCert Inc, OU=www.digicert.com, CN=GeoTrust TLS RSA CA G1"
ifms-tst.inl.state.gov,Yes,Yes,4,1,2026-05-06T00:00:00,2027-03-15T23:59:59,29431194086;29434309460;26110875348;29434282958,"C=US, O=DigiCert Inc, OU=www.digicert.com, CN=GeoTrust TLS RSA CA G1"
ifms.inl.state.gov,Yes,Yes,3,1,2026-05-06T00:00:00,2027-03-15T23:59:59,26130821435;29434191873;26136003817,"C=US, O=DigiCert Inc, OU=www.digicert.com, CN=GeoTrust TLS RSA CA G1"
ilea.ign-uat.inl.state.gov,Yes,Yes,3,1,2026-05-10T00:00:00,2027-03-21T23:59:59,26224870167;29531094129;26356282935,"C=US, O=DigiCert Inc, OU=www.digicert.com, CN=GeoTrust TLS RSA CA G1"
ilea.state.gov,Yes,Yes,4,1,2026-09-14T00:00:00,2027-03-14T23:59:59,29419206303;29420100913;29422756139;29423501119,"C=US, O=DigiCert Inc, OU=www.digicert.com, CN=GeoTrust TLS RSA CA G1"
ilet.ign-uat.inl.state.gov,Yes,Yes,3,1,2026-05-10T00:00:00,2027-03-21T23:59:59,26224829632;29531075576;26356149276,"C=US, O=DigiCert Inc, OU=www.digicert.com, CN=GeoTrust TLS RSA CA G1"
ilet.state.gov,Yes,Yes,2,1,2026-09-14T00:00:00,2027-03-14T23:59:59,29420120568;29419210974,"C=US, O=DigiCert Inc, OU=www.digicert.com, CN=GeoTrust TLS RSA CA G1"
image.us.state.gov,No,Yes,5,1,2025-10-01T00:00:00,2026-11-01T23:59:59,21386993087;23056799974;21387031236;21387011851;21387049387,"C=US, O=DigiCert Inc, CN=DigiCert Global G2 TLS RSA SHA256 2020 CA1"
imatrix.state.gov,Yes,Yes,3,2,2026-08-26T07:27:42,2026-11-24T07:27:49,29375422499;29084000059;29101586301,"C=US, O=Let's Encrypt, CN=YR1;C=US, O=Let's Encrypt, CN=YE1"
imatrixconfig.state.gov,Yes,Yes,6,2,2026-08-26T07:30:46,2026-11-24T07:47:54,29371209358;29204371701;29084199769;29101874670;29291548565;29367245981,"C=US, O=Let's Encrypt, CN=YR1;C=US, O=Let's Encrypt, CN=YE2"
imatrixdr.state.gov,Yes,Yes,6,2,2026-08-26T07:28:17,2026-11-24T07:45:33,29423036157;29258046727;29101586964;29101822122;29371183184;29291466742,"C=US, O=Let's Encrypt, CN=YE2;C=US, O=Let's Encrypt, CN=YR2"
immuta-dev.inl.state.gov,Yes,Yes,5,2,2026-07-16T04:09:12,2027-02-15T23:59:59,28218984619;27973201397;27973209106;28808530504;28218984123,"C=US, O=Let's Encrypt, CN=YR1;C=US, O=DigiCert Inc, OU=www.digicert.com, CN=GeoTrust TLS RSA CA G1"
immuta.inl.state.gov,Yes,Yes,4,3,2026-07-12T22:36:26,2027-01-16T23:59:59,27884721762;27884719322;29597205968;27973473044,"C=US, O=Let's Encrypt, CN=YR1;C=US, O=Let's Encrypt, CN=YR2;C=US, O=DigiCert Inc, OU=www.digicert.com, CN=GeoTrust TLS RSA CA G1"
imstraining.ds.state.gov,Yes,Yes,8,3,2026-08-19T07:37:20,2026-11-17T07:59:24,28986096900;28986632491;29009528115;28969315737;28940094395;28969315231;28940469554;28969900177,"C=US, O=Let's Encrypt, CN=YR1;C=US, O=Let's Encrypt, CN=YR2;C=US, O=Let's Encrypt, CN=YE1"
inlassist.state.gov,Yes,Yes,2,1,2026-07-12T19:04:09,2026-10-10T19:04:08,27881483484;27881481342,"C=US, O=Let's Encrypt, CN=YR1"
inrdev.state.gov,Yes,Yes,1,1,2026-08-06T00:00:00,2027-02-19T23:59:59,28582834160,"C=US, O=Amazon, CN=Amazon RSA 2048 M04"
intake-dev.state.gov,Yes,Yes,2,1,2025-10-06T00:00:00,2027-03-22T23:59:59,29278493923;21523036196,"C=US, O=Amazon, CN=Amazon RSA 2048 M01"
intake-tst.state.gov,Yes,Yes,1,1,2026-07-09T00:00:00,2027-01-22T23:59:59,27796799211,"C=US, O=Amazon, CN=Amazon RSA 2048 M01"
intake-uat.state.gov,Yes,Yes,1,1,2026-07-09T00:00:00,2027-01-22T23:59:59,27796045206,"C=US, O=Amazon, CN=Amazon RSA 2048 M01"
intake.state.gov,Yes,Yes,1,1,2026-07-09T00:00:00,2027-01-22T23:59:59,27796343558,"C=US, O=Amazon, CN=Amazon RSA 2048 M04"
interactive.state.gov,Yes,Yes,2,1,2026-03-30T00:00:00,2027-03-15T23:59:59,25274759572;29157468759,"C=US, O=Amazon, CN=Amazon RSA 2048 M01"
intercedeaio.state.gov,Yes,Yes,8,3,2026-08-10T21:27:51,2026-11-08T21:47:59,28720374365;28719892990;28720383432;28719886078;28719893235;28720391396;28720384970;28719887494,"C=US, O=Let's Encrypt, CN=YR1;C=US, O=Let's Encrypt, CN=YE2;C=US, O=Let's Encrypt, CN=YE1"
internal.staging.pmddtc.state.gov,No,Yes,1,1,2026-08-19T00:00:00,2027-03-05T23:59:59,28854726525,"C=US, O=DigiCert Inc, CN=DigiCert Global G2 TLS RSA SHA256 2020 CA1"
investc.state.gov,Yes,Yes,9,1,2026-08-14T00:00:00,2027-04-11T23:59:59,29497594543;28779374610;29535799633;29610293174;29451905452;29579425583;29579583050;29581563133;29498401776,"C=US, O=DigiCert Inc, CN=DigiCert Global G2 TLS RSA SHA256 2020 CA1"
iocareers.state.gov,Yes,Yes,2,1,2026-06-16T00:00:00,2026-12-16T23:59:59,27221559696;27318212402,"C=US, O=DigiCert Inc, OU=www.digicert.com, CN=GeoTrust TLS RSA CA G1"
iofinance.state.gov,Yes,Yes,2,1,2026-06-12T00:00:00,2026-12-12T23:59:59,27270303782;27134577852,"C=US, O=DigiCert Inc, OU=www.digicert.com, CN=GeoTrust TLS RSA CA G1"
isms-pp.ds.state.gov,Yes,Yes,8,3,2026-08-19T08:22:44,2026-11-17T08:36:16,28970952566;28948334801;28940791932;28976140401;28970880852;28972877604;28941027316;28948155093,"C=US, O=Let's Encrypt, CN=YE2;C=US, O=Let's Encrypt, CN=YR2;C=US, O=Let's Encrypt, CN=YE1"
iva.rdc.state.gov,Yes,Yes,9,5,2026-02-23T00:00:00,2027-02-22T23:59:59,29431597702;29046676632;29183882556;29431614882;29180702806;29046675809;29149861702;24598196338;29429633037,"C=US, O=Let's Encrypt, CN=YR1;C=US, O=Let's Encrypt, CN=YR2;C=US, O=Let's Encrypt, CN=YE2;C=US, O=DigiCert Inc, CN=DigiCert Global G2 TLS RSA SHA256 2020 CA1;C=US, O=Let's Encrypt, CN=YE1"
ivlpresourcecenter.state.gov,Yes,Yes,6,2,2026-04-23T00:00:00,2026-11-07T23:59:59,26026203455;28097848910;25718227670;26026185836;25718299136;28097855645,"C=GB, O=Sectigo Limited, CN=Sectigo Public Server Authentication CA DV R36;C=CA, O=Entrust Limited, CN=Entrust DV TLS Issuing RSA CA 2"
ivvcadataapi.state.gov,Yes,Yes,3,3,2025-10-08T00:00:00,2027-03-24T23:59:59,29295268001;21578786226;23639971742,"C=US, O=DigiCert Inc, CN=DigiCert Global G2 TLS RSA SHA256 2020 CA1;C=US, O=Amazon, CN=Amazon RSA 2048 M04;C=US, O=Amazon, CN=Amazon RSA 2048 M01"
ivvcadatacatalog.state.gov,Yes,Yes,2,2,2026-01-08T00:00:00,2027-02-11T23:59:59,23639955043;23742132435,"C=US, O=DigiCert Inc, CN=DigiCert Global G2 TLS RSA SHA256 2020 CA1;C=US, O=Amazon, CN=Amazon RSA 2048 M01"
ivvsmarttraveler.state.gov,Yes,Yes,4,3,2025-10-08T00:00:00,2027-03-24T23:59:59,25996230963;21578786551;25746771398;29295293113,"C=US, O=DigiCert Inc, CN=DigiCert Global G2 TLS RSA SHA256 2020 CA1;C=US, O=Amazon, CN=Amazon RSA 2048 M04;C=US, O=Amazon, CN=Amazon RSA 2048 M01"
j1visa.state.gov,No,Yes,4,2,2026-04-17T00:00:00,2027-04-02T23:59:59,29469428213;29503465487;25917182863;25557296390,"C=US, O=Amazon, CN=Amazon RSA 2048 M04;C=US, O=Amazon, CN=Amazon RSA 2048 M01"
j1visawaiverrecommendation.state.gov,Yes,Yes,10,3,2026-03-31T00:00:00,2027-04-07T23:59:59,28361668048;29653287261;29598378369;29534099190;28361389393;28361633974;28361633439;28361666968;25303219346;28361499100,"C=US, O=SSL Corporation, CN=Cloudflare TLS Issuing RSA CA 3;C=US, O=SSL Corporation, CN=Cloudflare TLS Issuing ECC CA 3;C=US, O=DigiCert Inc, CN=DigiCert Global G2 TLS RSA SHA256 2020 CA1"
j1visawaiverstatus.state.gov,Yes,Yes,26,5,2026-07-13T00:00:00,2027-01-27T23:59:59,27899681015;28161377260;29661460595;27903403495;27903352179;28163128800;29583368391;28161383701;29619140880;27903350468;28163131590;29620091741;29668151672;29577248198;29577722998;28163133502;29577720063;27903351657;29661342251;27903400344;29668450756;29577721028;28161386435;28161383680;28163120700;27903346527,"C=US, O=Let's Encrypt, CN=YR1;C=US, O=Let's Encrypt, CN=YR2;C=US, O=Let's Encrypt, CN=YE2;C=US, O=DigiCert Inc, CN=DigiCert Global G2 TLS RSA SHA256 2020 CA1;C=US, O=Let's Encrypt, CN=YE1"
jamf.state.gov,Yes,Yes,8,3,2026-08-19T12:16:30,2026-11-17T12:41:22,28976015544;28951809800;28951423250;28991761919;29014038096;28976015961;28944296712;28943907457,"C=US, O=Let's Encrypt, CN=YR1;C=US, O=Let's Encrypt, CN=YR2;C=US, O=Let's Encrypt, CN=YE1"
jira-eca.state.gov,Yes,Yes,2,1,2025-10-22T00:00:00,2026-10-25T23:59:59,21917168310;21917149870,"C=CA, O=Entrust Limited, CN=Entrust DV TLS Issuing RSA CA 2"
jira.state.gov,Yes,Yes,2,1,2025-10-24T00:00:00,2027-04-09T23:59:59,21975679912;29572581080,"C=US, O=Amazon, CN=Amazon RSA 2048 M01"
jiradev.state.gov,Yes,Yes,2,1,2025-09-11T00:00:00,2027-02-25T23:59:59,28765685241;20947309671,"C=US, O=Amazon, CN=Amazon RSA 2048 M04"
jiratest.state.gov,Yes,Yes,2,2,2025-09-22T00:00:00,2027-03-08T23:59:59,28953978533;21204262856,"C=US, O=Amazon, CN=Amazon RSA 2048 M04;C=US, O=Amazon, CN=Amazon RSA 2048 M01"
kb.cgfs.state.gov,Yes,Yes,8,2,2026-08-01T11:48:41,2026-10-30T12:03:59,28435682568;28435928027;28435914342;28435674474;28435677921;28435942490;28435679066;28435930853,"C=US, O=Let's Encrypt, CN=YE2;C=US, O=Let's Encrypt, CN=YR2"
kbi.cgfs.state.gov,Yes,Yes,4,2,2026-08-01T11:46:47,2026-10-30T11:46:53,28435626834;28435636131;28435636804;28435630263,"C=US, O=Let's Encrypt, CN=YR1;C=US, O=Let's Encrypt, CN=YE1"
keystonepipeline-xl.state.gov,No,Yes,1,1,2025-12-11T00:00:00,2027-01-09T23:59:59,23046140218,"C=US, O=Amazon, CN=Amazon RSA 2048 M04"
kio.state.gov,Yes,Yes,2,1,2026-03-26T00:00:00,2027-04-07T23:59:59,29494399984;25238967982,"C=US, O=DigiCert Inc, CN=DigiCert Global G2 TLS RSA SHA256 2020 CA1"
kion-dev.inl.state.gov,Yes,Yes,2,1,2026-07-17T01:34:40,2026-10-15T01:34:39,27999421649;27999419603,"C=US, O=Let's Encrypt, CN=YR1"
knowledge-dev.pepfar.state.gov,Yes,Yes,2,1,2026-07-15T18:08:24,2026-10-13T18:08:23,27961198310;27961190481,"C=US, O=Let's Encrypt, CN=YE2"
knowledge.pepfar.state.gov,Yes,Yes,3,1,2026-07-27T20:01:25,2026-12-25T02:09:19,28301689211;29658319550;28301679879,"C=US, O=Let's Encrypt, CN=YR2"
krakow-co-vg1.state.gov,Yes,Yes,1,1,2026-05-19T00:00:00,2026-12-03T23:59:59,26459030680,"C=US, O=DigiCert Inc, CN=DigiCert Global G2 TLS RSA SHA256 2020 CA1"
krakow-co-vg2.state.gov,No,Yes,1,1,2026-05-19T00:00:00,2026-12-03T23:59:59,26459030680,"C=US, O=DigiCert Inc, CN=DigiCert Global G2 TLS RSA SHA256 2020 CA1"
labs.history.state.gov,Yes,Yes,2,1,2026-08-21T19:22:49,2026-11-19T19:22:48,28998051704;29007710921,"C=US, O=Let's Encrypt, CN=YE2"
landlord.ilea.ign-uat.inl.state.gov,Yes,Yes,3,1,2026-05-10T00:00:00,2027-03-21T23:59:59,26327546236;29525949406;26403770514,"C=US, O=DigiCert Inc, OU=www.digicert.com, CN=GeoTrust TLS RSA CA G1"
languages.state.gov,Yes,Yes,2,1,2026-05-17T00:00:00,2026-11-30T23:59:59,26400501753;26399108593,"C=US, O=Amazon, CN=Amazon RSA 2048 M01"
leopf.state.gov,Yes,Yes,2,1,2026-06-15T00:00:00,2026-12-15T23:59:59,27308902626;27201709682,"C=US, O=DigiCert Inc, OU=www.digicert.com, CN=GeoTrust TLS RSA CA G1"
lerecords.state.gov,Yes,Yes,2,1,2026-06-13T00:00:00,2026-12-13T23:59:59,27148888409;27149171551,"C=US, O=DigiCert Inc, OU=www.digicert.com, CN=GeoTrust TLS RSA CA G1"
login.state.gov,Yes,Yes,1,1,2026-07-02T00:00:00,2027-01-03T23:59:59,27640960642,"C=US, O=DigiCert Inc, CN=DigiCert Global G2 TLS RSA SHA256 2020 CA1"
logindev.state.gov,Yes,Yes,2,1,2026-07-02T00:00:00,2027-01-03T23:59:59,27642004182;27640961627,"C=US, O=DigiCert Inc, CN=DigiCert Global G2 TLS RSA SHA256 2020 CA1"
loginstaging.state.gov,Yes,Yes,1,1,2026-07-02T00:00:00,2027-01-03T23:59:59,27640959882,"C=US, O=DigiCert Inc, CN=DigiCert Global G2 TLS RSA SHA256 2020 CA1"
mail.state.gov,Yes,Yes,3,1,2025-09-08T00:00:00,2027-03-19T23:59:59,20879117056;29231656883;29461192512,"C=US, O=DigiCert Inc, CN=DigiCert Global G2 TLS RSA SHA256 2020 CA1"
manila-ch-vg1.state.gov,Yes,Yes,1,1,2026-08-26T00:00:00,2027-03-12T23:59:59,29038153581,"C=US, O=DigiCert Inc, CN=DigiCert Global G2 TLS RSA SHA256 2020 CA1"
manila-ch-vg2.state.gov,No,Yes,1,1,2026-08-26T00:00:00,2027-03-12T23:59:59,29038153581,"C=US, O=DigiCert Inc, CN=DigiCert Global G2 TLS RSA SHA256 2020 CA1"
mc.state.gov,Yes,Yes,2,1,2026-06-11T00:00:00,2026-12-11T23:59:59,27249654390;27095810816,"C=US, O=DigiCert Inc, OU=www.digicert.com, CN=GeoTrust TLS RSA CA G1"
mcmcvs.state.gov,Yes,Yes,3,3,2026-09-06T09:46:15,2026-12-05T09:57:34,29404174795;29395698791;29395562964,"C=US, O=Let's Encrypt, CN=YE1;C=US, O=Let's Encrypt, CN=YE2;C=US, O=Let's Encrypt, CN=YR2"
melbourne-co-vg.state.gov,Yes,Yes,11,2,2026-01-29T00:00:00,2027-02-05T23:59:59,24063258020;24059697750;24063020727;24062313880;24060005364;24060233470;24061561383;24062660553;24060783881;24062604656;24062661649,"C=US, O=DigiCert Inc, CN=DigiCert Global G2 TLS RSA SHA256 2020 CA1;C=US, O=DigiCert Inc, CN=DigiCert Global G3 TLS ECC SHA384 2020 CA1"
melbourne-co-vg2.state.gov,No,Yes,7,2,2026-01-29T00:00:00,2027-02-05T23:59:59,24059697750;24062313880;24060005364;24060233470;24061561383;24060783881;24062661649,"C=US, O=DigiCert Inc, CN=DigiCert Global G2 TLS RSA SHA256 2020 CA1;C=US, O=DigiCert Inc, CN=DigiCert Global G3 TLS ECC SHA384 2020 CA1"
mepi.state.gov,No,Yes,3,1,2026-03-29T00:00:00,2027-03-14T23:59:59,25271119032;25275338715;29132929985,"C=US, O=Amazon, CN=Amazon RSA 2048 M04"
merida-co-vg1.state.gov,Yes,Yes,1,1,2026-10-02T00:00:00,2027-03-19T23:59:59,29605215962,"C=US, O=DigiCert Inc, CN=DigiCert Global G2 TLS RSA SHA256 2020 CA1"
merida-co-vg2.state.gov,No,Yes,1,1,2026-10-02T00:00:00,2027-03-19T23:59:59,29605215962,"C=US, O=DigiCert Inc, CN=DigiCert Global G2 TLS RSA SHA256 2020 CA1"
mexico-ch-vg1.state.gov,Yes,Yes,1,1,2025-10-31T00:00:00,2026-10-30T23:59:59,22124074350,"C=US, O=DigiCert Inc, CN=DigiCert Global G2 TLS RSA SHA256 2020 CA1"
mexico-ch-vg2.state.gov,No,Yes,1,1,2025-10-31T00:00:00,2026-10-30T23:59:59,22124074350,"C=US, O=DigiCert Inc, CN=DigiCert Global G2 TLS RSA SHA256 2020 CA1"
mexicocity-ch-vg1.state.gov,Yes,Yes,1,1,2025-11-04T00:00:00,2026-10-31T23:59:59,22209418128,"C=US, O=DigiCert Inc, CN=DigiCert Global G2 TLS RSA SHA256 2020 CA1"
mexicocity-ch-vg2.state.gov,No,Yes,1,1,2025-11-04T00:00:00,2026-10-31T23:59:59,22209418128,"C=US, O=DigiCert Inc, CN=DigiCert Global G2 TLS RSA SHA256 2020 CA1"
migration.playbooks.commons.state.gov,Yes,Yes,14,2,2026-07-11T16:44:03,2026-11-21T22:50:57,29038804468;29124031502;29173210971;29038804694;29283591128;29026955578;29022460062;27858281511;29149318845;29022459952;29026952131;29011225708;27858276556;29428944947,"C=US, O=Let's Encrypt, CN=YR1;C=US, O=Let's Encrypt, CN=YR2"
mobilepa.state.gov,No,Yes,12,2,2025-09-16T00:00:00,2027-03-14T23:59:59,21062319004;29112214028;21062319006;29112198011;29112213670;29112200313;24760904435;29112195096;24760885581;24760903202;29112196939;24760886383,"C=GB, O=Sectigo Limited, CN=Sectigo Public Server Authentication CA DV R36;C=CA, O=Entrust Limited, CN=Entrust DV TLS Issuing RSA CA 2"
moscow-ch-vg1.state.gov,Yes,Yes,1,1,2026-09-02T00:00:00,2027-03-19T23:59:59,29229499868,"C=US, O=DigiCert Inc, CN=DigiCert Global G2 TLS RSA SHA256 2020 CA1"
moscow-ch-vg2.state.gov,No,Yes,1,1,2026-09-02T00:00:00,2027-03-19T23:59:59,29229499868,"C=US, O=DigiCert Inc, CN=DigiCert Global G2 TLS RSA SHA256 2020 CA1"
mpp.state.gov,No,Yes,1,1,2026-08-24T00:00:00,2027-03-10T23:59:59,28996818786,"C=US, O=DigiCert Inc, CN=DigiCert Global G2 TLS RSA SHA256 2020 CA1"
mumbai-co-vg1.state.gov,Yes,Yes,1,1,2026-09-16T00:00:00,2027-04-02T23:59:59,29436349366,"C=US, O=DigiCert Inc, CN=DigiCert Global G2 TLS RSA SHA256 2020 CA1"
mumbai-co-vg2.state.gov,No,Yes,1,1,2026-09-16T00:00:00,2027-04-02T23:59:59,29436349366,"C=US, O=DigiCert Inc, CN=DigiCert Global G2 TLS RSA SHA256 2020 CA1"
myid.state.gov,Yes,Yes,8,2,2026-08-10T05:04:11,2026-11-08T05:22:26,28697208952;28697200691;28696786517;28697212944;28696782410;28696788137;28697205201;28696778472,"C=US, O=Let's Encrypt, CN=YE2;C=US, O=Let's Encrypt, CN=YR2"
mymed.state.gov,No,Yes,1,1,2026-08-24T00:00:00,2027-03-10T23:59:59,28996818786,"C=US, O=DigiCert Inc, CN=DigiCert Global G2 TLS RSA SHA256 2020 CA1"
mytravel.state.gov,Yes,Yes,4,2,2026-08-15T23:55:36,2026-11-14T01:12:29,28950527500;28909019361;28876175961;28908807164,"C=US, O=Google Trust Services, CN=WR1;C=US, O=Google Trust Services, CN=WE1"
nagoya-co-vg1.state.gov,Yes,Yes,1,1,2026-07-29T00:00:00,2027-02-12T23:59:59,28356679719,"C=US, O=DigiCert Inc, CN=DigiCert Global G2 TLS RSA SHA256 2020 CA1"
ngoportal-stage.state.gov,Yes,Yes,8,4,2026-08-25T14:25:41,2026-11-23T14:42:56,29673821016;29088133077;29072586124;29328199683;29255831907;29072363792;29672018771;29072581244,"C=US, O=Let's Encrypt, CN=YE2;C=US, O=Let's Encrypt, CN=YR1;C=US, O=Let's Encrypt, CN=YR2;C=US, O=Let's Encrypt, CN=YE1"
ngoportal.state.gov,Yes,Yes,5,3,2026-08-18T15:46:00,2027-04-08T23:59:59,28994961608;28926228176;28933697026;29551935198;28969197234,"C=US, O=DigiCert Inc, CN=DigiCert Global G2 TLS RSA SHA256 2020 CA1;C=US, O=Let's Encrypt, CN=YE2;C=US, O=Let's Encrypt, CN=YR2"
npe03ra.state.gov,Yes,Yes,10,4,2026-08-06T13:28:20,2027-01-02T13:31:11,29680978097;28590984986;28591424012;28591469452;28590973798;28590995993;28591429752;29681818741;28591425734;28590968097,"C=US, O=Let's Encrypt, CN=YR1;C=US, O=Let's Encrypt, CN=YE2;C=US, O=Let's Encrypt, CN=YR2;C=US, O=Let's Encrypt, CN=YE1"
nsdd38.state.gov,Yes,Yes,1,1,2026-09-09T00:00:00,2027-03-19T23:59:59,29316415860,"C=US, O=DigiCert Inc, CN=DigiCert Global G2 TLS RSA SHA256 2020 CA1"
nvc.state.gov,No,Yes,1,1,2026-01-08T00:00:00,2027-01-19T23:59:59,23636554107,"C=US, O=DigiCert Inc, CN=DigiCert Global G2 TLS RSA SHA256 2020 CA1"
oasis.state.gov,Yes,Yes,2,1,2026-04-23T00:00:00,2026-11-07T23:59:59,25721679681;25808574241,"C=CA, O=Entrust Limited, CN=Entrust DV TLS Issuing RSA CA 2"
oasistraining.state.gov,Yes,Yes,2,1,2025-10-24T00:00:00,2026-10-23T23:59:59,21969919938;21969896823,"C=CA, O=Entrust Limited, CN=Entrust DV TLS Issuing RSA CA 2"
obo.state.gov,Yes,Yes,2,1,2026-08-06T05:53:12,2026-11-04T05:53:11,28581546285;28581532769,"C=US, O=Let's Encrypt, CN=YR2"
oboculturalheritage.state.gov,Yes,Yes,1,1,2025-09-10T00:00:00,2026-10-09T23:59:59,20921744998,"C=US, O=DigiCert Inc, CN=DigiCert Global G2 TLS RSA SHA256 2020 CA1"
oboportfolio.state.gov,Yes,Yes,1,1,2026-02-24T00:00:00,2027-03-02T23:59:59,24617434373,"C=US, O=DigiCert Inc, CN=DigiCert Global G2 TLS RSA SHA256 2020 CA1"
obowrapid7ap03.oboces.state.gov,Yes,Yes,1,1,2026-01-16T00:00:00,2027-02-16T23:59:59,23802785229,"C=US, O=DigiCert Inc, CN=DigiCert Global G2 TLS RSA SHA256 2020 CA1"
obowrdwebap02.oboces.state.gov,Yes,Yes,1,1,2026-05-15T00:00:00,2026-11-29T23:59:59,26358361677,"C=US, O=DigiCert Inc, CN=DigiCert Global G2 TLS RSA SHA256 2020 CA1"
ofm.state.gov,Yes,Yes,1,1,2026-07-06T00:00:00,2026-12-21T23:59:59,27736533211,"C=US, O=DigiCert Inc, CN=DigiCert Global G2 TLS RSA SHA256 2020 CA1"
online-auction-controlpanel-sandbox.state.gov,Yes,Yes,3,1,2026-06-12T00:00:00,2027-04-04T23:59:59,29681781510;27253872184;27104750984,"C=US, O=DigiCert Inc, OU=www.digicert.com, CN=GeoTrust TLS RSA CA G1"
online-auction-controlpanel-staging.state.gov,Yes,Yes,3,1,2026-06-11T00:00:00,2027-04-03T23:59:59,27101828592;29646841972;27252157807,"C=US, O=DigiCert Inc, OU=www.digicert.com, CN=GeoTrust TLS RSA CA G1"
online-auction-controlpanel.state.gov,Yes,Yes,3,1,2026-06-12T00:00:00,2027-04-04T23:59:59,27253915052;27104761013;29680023249,"C=US, O=DigiCert Inc, OU=www.digicert.com, CN=GeoTrust TLS RSA CA G1"
online-auction-sandbox.state.gov,Yes,Yes,2,1,2026-06-13T00:00:00,2026-12-13T23:59:59,27148299364;27147751508,"C=US, O=DigiCert Inc, OU=www.digicert.com, CN=GeoTrust TLS RSA CA G1"
online-auction-staging.state.gov,Yes,Yes,3,1,2026-06-11T00:00:00,2027-04-03T23:59:59,27252157974;29627603131;27101825259,"C=US, O=DigiCert Inc, OU=www.digicert.com, CN=GeoTrust TLS RSA CA G1"
online-auction.state.gov,Yes,Yes,2,1,2026-06-12T00:00:00,2026-12-12T23:59:59,27109184588;27253914985,"C=US, O=DigiCert Inc, OU=www.digicert.com, CN=GeoTrust TLS RSA CA G1"
online.fsi.state.gov,Yes,Yes,7,2,2026-07-22T05:46:59,2026-12-18T14:02:52,28145577802;29627357180;29627188764;28145587054;29627677152;28145573146;28145583315,"C=US, O=Let's Encrypt, CN=YR1;C=US, O=Let's Encrypt, CN=YE2"
opensearch.pded.state.gov,Yes,Yes,1,1,2026-06-02T00:00:00,2026-12-16T23:59:59,26817204305,"C=US, O=Amazon, CN=Amazon RSA 2048 M01"
opr.travel.state.gov,Yes,Yes,11,5,2025-09-22T00:00:00,2027-03-09T23:59:59,27933035171;27933274450;27933284195;28926564976;21206499862;28957684811;29082859703;21228068853;28980277925;28994966474;27933053458,"C=US, O=Let's Encrypt, CN=YR2;C=US, O=Amazon, CN=Amazon RSA 2048 M04;C=US, O=Google Trust Services, CN=WE1;C=US, O=Google Trust Services, CN=WR1;C=US, O=Let's Encrypt, CN=YE1"
ovq.state.gov,Yes,Yes,4,2,2026-08-02T06:41:54,2026-10-31T06:42:08,28455920616;28455918225;28455922324;28455923346,"C=US, O=Let's Encrypt, CN=YE2;C=US, O=Let's Encrypt, CN=YR2"
paclearances.state.gov,No,Yes,8,2,2025-09-16T00:00:00,2027-03-18T23:59:59,21062319004;21062319006;29212301851;29210581426;24760904435;24760885581;24760903202;24760886383,"C=GB, O=Sectigo Limited, CN=Sectigo Public Server Authentication CA DV R36;C=CA, O=Entrust Limited, CN=Entrust DV TLS Issuing RSA CA 2"
paitstaging.state.gov,No,Yes,8,2,2025-09-16T00:00:00,2027-03-18T23:59:59,21062319004;21062319006;29212301851;29210581426;24760904435;24760885581;24760903202;24760886383,"C=GB, O=Sectigo Limited, CN=Sectigo Public Server Authentication CA DV R36;C=CA, O=Entrust Limited, CN=Entrust DV TLS Issuing RSA CA 2"
pal.foia.state.gov,Yes,Yes,8,2,2026-08-23T08:24:23,2026-11-21T08:36:07,29027675232;29038264002;29107677523;29107341738;29047111166;29038395813;29027673161;29161255047,"C=US, O=Let's Encrypt, CN=YR2;C=US, O=Let's Encrypt, CN=YE1"
panorama-dev.pepfar.state.gov,Yes,Yes,1,1,2026-07-23T00:00:00,2027-02-05T23:59:59,28178900425,"C=US, O=Amazon, CN=Amazon RSA 2048 M01"
panorama-staging.pepfar.state.gov,Yes,Yes,2,1,2026-08-12T00:00:00,2027-02-25T23:59:59,28769726732;28768831543,"C=US, O=Amazon, CN=Amazon RSA 2048 M04"
panorama.pepfar.state.gov,Yes,Yes,1,1,2026-08-12T00:00:00,2027-02-25T23:59:59,28768804984,"C=US, O=Amazon, CN=Amazon RSA 2048 M04"
pareviews.state.gov,No,Yes,8,2,2025-09-16T00:00:00,2027-03-18T23:59:59,21062319004;29213063855;21062319006;24760904435;24760885581;29211237532;24760903202;24760886383,"C=GB, O=Sectigo Limited, CN=Sectigo Public Server Authentication CA DV R36;C=CA, O=Entrust Limited, CN=Entrust DV TLS Issuing RSA CA 2"
paservices.state.gov,No,Yes,8,2,2025-09-16T00:00:00,2027-03-18T23:59:59,21062319004;29213063855;21062319006;24760904435;24760885581;29211237532;24760903202;24760886383,"C=GB, O=Sectigo Limited, CN=Sectigo Public Server Authentication CA DV R36;C=CA, O=Entrust Limited, CN=Entrust DV TLS Issuing RSA CA 2"
passportappointment.travel.state.gov,Yes,Yes,5,2,2026-07-27T12:55:14,2026-10-25T16:35:33,28293158832;28293138746;28296496192;28549598834;28296480645,"C=US, O=Google Trust Services, CN=WR1;C=US, O=Google Trust Services, CN=WE1"
passportfacilitylocator.travel.state.gov,Yes,Yes,2,1,2026-05-27T00:00:00,2026-12-11T23:59:59,26722980035;26683485106,"C=US, O=DigiCert Inc, CN=DigiCert Global G2 TLS RSA SHA256 2020 CA1"
passportstatus.state.gov,Yes,Yes,8,3,2026-08-08T16:02:04,2026-11-06T16:23:50,28653501447;28653090002;28653074731;28653491218;28653066328;28653068489;28653500734;28653482505,"C=US, O=Let's Encrypt, CN=YR1;C=US, O=Let's Encrypt, CN=YR2;C=US, O=Let's Encrypt, CN=YE1"
pft-dev.state.gov,Yes,Yes,2,1,2026-06-02T00:00:00,2026-12-16T23:59:59,26818738588;26818308734,"C=US, O=Amazon, CN=Amazon RSA 2048 M01"
pft-stg.state.gov,Yes,Yes,2,1,2026-06-10T00:00:00,2026-12-24T23:59:59,27040156926;27039334032,"C=US, O=Amazon, CN=Amazon RSA 2048 M01"
pft-tst.state.gov,Yes,Yes,2,1,2026-06-10T00:00:00,2026-12-24T23:59:59,27038465272;27038965239,"C=US, O=Amazon, CN=Amazon RSA 2048 M01"
pftext-dev.state.gov,Yes,Yes,2,1,2026-06-10T00:00:00,2026-12-24T23:59:59,27041016456;27040083240,"C=US, O=Amazon, CN=Amazon RSA 2048 M04"
pftext-stg.state.gov,Yes,Yes,2,1,2026-06-10T00:00:00,2026-12-24T23:59:59,27039787227;27040694250,"C=US, O=Amazon, CN=Amazon RSA 2048 M01"
pftext-tst.state.gov,Yes,Yes,2,1,2026-06-10T00:00:00,2026-12-24T23:59:59,27038008631;27221075934,"C=US, O=Amazon, CN=Amazon RSA 2048 M04"
photos.state.gov,Yes,Yes,12,2,2026-07-23T16:45:12,2026-12-03T03:46:31,29337077386;29314083103;28200389229;28187949786;28194390900;28194401272;28187938033;29655874821;28200390236;28200397583;29309279189;28200394666,"C=US, O=Let's Encrypt, CN=YR1;C=US, O=Let's Encrypt, CN=YR2"
pibs.state.gov,Yes,Yes,8,4,2026-07-17T20:34:48,2026-10-15T20:49:41,28022157331;28022159776;28022402749;28022149738;28022152180;28022386380;28022396893;28022381249,"C=US, O=Let's Encrypt, CN=YR1;C=US, O=Let's Encrypt, CN=YE2;C=US, O=Let's Encrypt, CN=YR2;C=US, O=Let's Encrypt, CN=YE1"
pibsuat.state.gov,Yes,Yes,4,2,2026-08-18T13:01:19,2026-11-16T13:01:28,28977157266;28945644783;28923928349;28956924579,"C=US, O=Let's Encrypt, CN=YE2;C=US, O=Let's Encrypt, CN=YR2"
pkaps.pki.state.gov,Yes,Yes,2,1,2026-07-28T00:00:00,2027-02-11T23:59:59,28850716687;28317259712,"C=US, O=DigiCert Inc, CN=DigiCert EV RSA CA G2"
platform-uipath-stage.state.gov,Yes,Yes,8,4,2026-08-25T11:06:35,2026-11-23T11:27:52,29319880932;29652484607;29069971359;29070238894;29069973011;29085707508;29650149499;29069967080,"C=US, O=Let's Encrypt, CN=YR1;C=US, O=Let's Encrypt, CN=YE2;C=US, O=Let's Encrypt, CN=YR2;C=US, O=Let's Encrypt, CN=YE1"
platform-uipath.state.gov,Yes,Yes,8,2,2026-08-25T10:46:52,2026-11-23T11:06:02,29085395516;29317592883;29317593770;29648029041;29650030030;29648005286;29384812460;29165204158,"C=US, O=Let's Encrypt, CN=YR1;C=US, O=Let's Encrypt, CN=YE1"
platform.ai.state.gov,Yes,Yes,2,1,2026-05-05T00:00:00,2026-11-19T23:59:59,28917812176;26359307212,"C=US, O=DigiCert Inc, CN=DigiCert Global G2 TLS RSA SHA256 2020 CA1"
playbooks.commons.state.gov,Yes,Yes,14,2,2026-07-12T12:44:17,2026-11-22T09:11:43,29019090255;29158911618;29098471958;29094255482;29098279992;29397645148;27875423808;29022928112;29142828933;29048126980;27875422663;29412583241;29048126164;29088322917,"C=US, O=Let's Encrypt, CN=YR1;C=US, O=Let's Encrypt, CN=YR2"
pmddtc.state.gov,Yes,Yes,2,1,2026-08-31T00:00:00,2027-03-17T23:59:59,29199990604;29203425649,"C=US, O=DigiCert Inc, CN=DigiCert Global G2 TLS RSA SHA256 2020 CA1"
portal.nsdd38.state.gov,Yes,Yes,3,1,2026-05-15T00:00:00,2027-03-28T23:59:59,29643347527;26342300552;26565339135,"C=US, O=DigiCert Inc, OU=www.digicert.com, CN=GeoTrust TLS RSA CA G1"
pp-dash.state.gov,Yes,Yes,8,2,2026-08-21T07:27:49,2026-11-19T07:43:31,29039973623;28985327833;29094808142;29217310158;29055143071;29054588044;28996407786;28996258926,"C=US, O=Let's Encrypt, CN=YR2;C=US, O=Let's Encrypt, CN=YE1"
pptform.state.gov,Yes,Yes,6,3,2026-03-31T00:00:00,2027-04-07T23:59:59,25302997055;29534181030;28493507331;28493506251;28493517026;28493517681,"C=US, O=Let's Encrypt, CN=YR1;C=US, O=DigiCert Inc, CN=DigiCert Global G2 TLS RSA SHA256 2020 CA1;C=US, O=Let's Encrypt, CN=YE2"
pptqflow.state.gov,Yes,Yes,3,1,2026-03-26T00:00:00,2027-04-07T23:59:59,29239903944;29494248605;25238953177,"C=US, O=DigiCert Inc, CN=DigiCert Global G2 TLS RSA SHA256 2020 CA1"
preprod.platform.ai.state.gov,Yes,Yes,10,3,2026-05-05T00:00:00,2026-11-19T23:59:59,26359307212;28780681963;28780272276;28790454588;28791085017;28786672216;28780272436;28791082465;28917812176;28778732140,"C=US, O=DigiCert Inc, CN=DigiCert Global G2 TLS RSA SHA256 2020 CA1;C=US, O=Let's Encrypt, CN=YE2;C=US, O=Let's Encrypt, CN=YR2"
preproddcastemp.state.gov,Yes,Yes,1,1,2026-09-24T15:07:04,2027-04-03T15:06:04,29575030059,"C=US, O=IdenTrust, OU=TrustID Server, CN=TrustID Server CA O1"
preview.state.gov,Yes,Yes,3,2,2026-03-27T00:00:00,2027-03-12T23:59:59,25246154776;25245128696;29075605337,"C=US, O=Amazon, CN=Amazon RSA 2048 M04;C=US, O=Amazon, CN=Amazon RSA 2048 M01"
procurement-forecast-tool.state.gov,Yes,Yes,2,1,2026-06-10T00:00:00,2026-12-24T23:59:59,27041608741;27040475849,"C=US, O=Amazon, CN=Amazon RSA 2048 M01"
profile-sandbox.state.gov,Yes,Yes,3,1,2026-05-16T00:00:00,2027-03-29T23:59:59,26370830994;29669678158;26372369470,"C=US, O=DigiCert Inc, OU=www.digicert.com, CN=GeoTrust TLS RSA CA G1"
profile-staging.state.gov,Yes,Yes,3,1,2026-05-16T00:00:00,2027-03-29T23:59:59,26370878175;26372404616;29669702882,"C=US, O=DigiCert Inc, OU=www.digicert.com, CN=GeoTrust TLS RSA CA G1"
profile.state.gov,Yes,Yes,3,1,2026-05-16T00:00:00,2027-03-29T23:59:59,26372395591;29669701611;26370875260,"C=US, O=DigiCert Inc, OU=www.digicert.com, CN=GeoTrust TLS RSA CA G1"
prt-dev.inl.state.gov,Yes,Yes,1,1,2026-07-18T00:00:00,2027-01-18T23:59:59,28029258711,"C=US, O=DigiCert Inc, OU=www.digicert.com, CN=GeoTrust TLS RSA CA G1"
prt-tst.inl.state.gov,Yes,Yes,4,1,2026-05-13T00:00:00,2027-03-25T23:59:59,29572002530;26465186009;26428342661;29584726983,"C=US, O=DigiCert Inc, OU=www.digicert.com, CN=GeoTrust TLS RSA CA G1"
prt.inl.state.gov,Yes,Yes,4,1,2026-05-11T00:00:00,2027-03-23T23:59:59,29566593677;26314155489;29547463084;26245541842,"C=US, O=DigiCert Inc, OU=www.digicert.com, CN=GeoTrust TLS RSA CA G1"
pub-procurement-forecast-tool.state.gov,Yes,Yes,2,1,2026-06-10T00:00:00,2026-12-24T23:59:59,27221634590;27039160061,"C=US, O=Amazon, CN=Amazon RSA 2048 M01"
ram-dev.state.gov,Yes,Yes,2,1,2026-06-02T00:00:00,2026-12-16T23:59:59,26918419374;26818908518,"C=US, O=Amazon, CN=Amazon RSA 2048 M04"
ram-stg.state.gov,Yes,Yes,2,1,2026-06-10T00:00:00,2026-12-24T23:59:59,27221023106;27037909267,"C=US, O=Amazon, CN=Amazon RSA 2048 M01"
ram-test.state.gov,Yes,Yes,2,1,2026-06-02T00:00:00,2026-12-16T23:59:59,26915885838;26817364956,"C=US, O=Amazon, CN=Amazon RSA 2048 M04"
ram.state.gov,Yes,Yes,3,1,2026-04-13T00:00:00,2027-03-29T23:59:59,29391067683;25502691339;25822623781,"C=US, O=Amazon, CN=Amazon RSA 2048 M04"
ramportal-dev.state.gov,Yes,Yes,2,1,2026-06-02T00:00:00,2026-12-16T23:59:59,26919667371;26819449537,"C=US, O=Amazon, CN=Amazon RSA 2048 M01"
ramportal-stg.state.gov,Yes,Yes,2,1,2026-06-10T00:00:00,2026-12-24T23:59:59,27221216899;27038261558,"C=US, O=Amazon, CN=Amazon RSA 2048 M04"
ramportal-test.state.gov,Yes,Yes,2,1,2026-06-02T00:00:00,2026-12-16T23:59:59,26817610271;26816965394,"C=US, O=Amazon, CN=Amazon RSA 2048 M01"
ramportal.state.gov,Yes,Yes,3,1,2026-04-13T00:00:00,2027-03-29T23:59:59,29394034025;25823173663;25520136951,"C=US, O=Amazon, CN=Amazon RSA 2048 M04"
ratsportal.state.gov,Yes,Yes,1,1,2026-02-04T00:00:00,2027-03-07T23:59:59,24183278023,"C=US, O=DigiCert Inc, CN=DigiCert Global G2 TLS RSA SHA256 2020 CA1"
readmypins.state.gov,Yes,Yes,2,1,2026-08-22T01:25:08,2026-11-20T01:25:07,29096482768;29292108204,"C=US, O=Let's Encrypt, CN=YR1"
ready.state.gov,Yes,Yes,4,1,2026-05-15T00:00:00,2027-03-28T23:59:59,26358560342;26359986736;29589326631;29639526675,"C=US, O=DigiCert Inc, OU=www.digicert.com, CN=GeoTrust TLS RSA CA G1"
refugeesmigration.playbooks.commons.state.gov,Yes,Yes,12,2,2026-07-13T03:43:06,2026-11-22T10:21:15,29483596956;29147146276;29134344027;29044672546;29137521705;29043849778;29104723182;27890137662;29043708311;27890134198;29049087209;29056126235,"C=US, O=Let's Encrypt, CN=YR1;C=US, O=Let's Encrypt, CN=YR2"
register.state.gov,No,Yes,8,2,2025-09-16T00:00:00,2027-03-14T23:59:59,21062319004;21062319006;24760904435;24760885581;29112217251;24760903202;29112217436;24760886383,"C=GB, O=Sectigo Limited, CN=Sectigo Public Server Authentication CA DV R36;C=CA, O=Entrust Limited, CN=Entrust DV TLS Issuing RSA CA 2"
roswell.ilea.ign-uat.inl.state.gov,Yes,Yes,4,1,2026-05-10T00:00:00,2027-03-21T23:59:59,29485277367;26327361428;26216789043;29525932410,"C=US, O=DigiCert Inc, OU=www.digicert.com, CN=GeoTrust TLS RSA CA G1"
roswell.ilea.state.gov,Yes,Yes,3,1,2026-05-14T00:00:00,2027-03-27T23:59:59,29635376987;26326815112;26338711165,"C=US, O=DigiCert Inc, OU=www.digicert.com, CN=GeoTrust TLS RSA CA G1"
routej-1.state.gov,No,Yes,2,1,2026-05-17T00:00:00,2026-11-30T23:59:59,26403152660;26401886086,"C=US, O=Amazon, CN=Amazon RSA 2048 M04"
routej1.state.gov,Yes,Yes,2,1,2026-05-17T00:00:00,2026-11-30T23:59:59,26403152660;26401886086,"C=US, O=Amazon, CN=Amazon RSA 2048 M04"
rpc.state.gov,Yes,Yes,6,2,2025-10-24T00:00:00,2026-12-18T23:59:59,22262284127;22262284144;21976107478;21975660306;24142094800;22597954479,"C=US, O=DigiCert Inc, CN=DigiCert Global G2 TLS RSA SHA256 2020 CA1;C=US, O=Amazon, CN=Amazon ECDSA 256 M01"
rsotools-idol-prod.ds.state.gov,Yes,Yes,11,3,2026-07-22T17:21:52,2026-12-18T17:19:28,28160212513;28159923882;28160212707;29644565237;28160212251;28159918993;29643743030;29644659534;28159934103;28160204995;28159930036,"C=US, O=Let's Encrypt, CN=YR1;C=US, O=Let's Encrypt, CN=YR2;C=US, O=Let's Encrypt, CN=YE1"
rsotools-idol-stage.ds.state.gov,Yes,Yes,8,3,2026-08-10T10:29:55,2026-11-08T10:42:42,28704714845;28704446751;28704442423;28704702219;28704709969;28704711787;28704442559;28704452142,"C=US, O=Let's Encrypt, CN=YE1;C=US, O=Let's Encrypt, CN=YE2;C=US, O=Let's Encrypt, CN=YR2"
rusukr.playbooks.commons.state.gov,Yes,Yes,12,2,2026-07-11T16:38:58,2026-11-21T12:40:40,29041832379;29108362834;29411959454;29136616522;29030753851;29081605636;27858203804;29363616963;29107312028;29136173360;29364274286;27858202254,"C=US, O=Let's Encrypt, CN=YR1;C=US, O=Let's Encrypt, CN=YR2"
sa26-ise-oga-r1.ucn.state.gov,Yes,Yes,1,1,2026-06-17T00:00:00,2027-01-01T23:59:59,27271638067,"C=US, O=DigiCert Inc, CN=DigiCert Global G2 TLS RSA SHA256 2020 CA1"
sa26-ise-oga-r1.wifi.state.gov,No,Yes,1,1,2026-06-17T00:00:00,2027-01-01T23:59:59,27271638067,"C=US, O=DigiCert Inc, CN=DigiCert Global G2 TLS RSA SHA256 2020 CA1"
sa26-ise-oga-r2.ucn.state.gov,No,Yes,1,1,2026-06-17T00:00:00,2027-01-01T23:59:59,27271638067,"C=US, O=DigiCert Inc, CN=DigiCert Global G2 TLS RSA SHA256 2020 CA1"
sa26-ise-oga-r2.wifi.state.gov,No,Yes,1,1,2026-06-17T00:00:00,2027-01-01T23:59:59,27271638067,"C=US, O=DigiCert Inc, CN=DigiCert Global G2 TLS RSA SHA256 2020 CA1"
sa26-ise-psn-r1.ucn.state.gov,Yes,Yes,1,1,2026-09-23T00:00:00,2027-03-09T23:59:59,29545470672,"C=US, O=DigiCert Inc, CN=DigiCert Global G2 TLS RSA SHA256 2020 CA1"
sa26-ise-psn-r2.ucn.state.gov,No,Yes,1,1,2026-09-23T00:00:00,2027-03-09T23:59:59,29545470672,"C=US, O=DigiCert Inc, CN=DigiCert Global G2 TLS RSA SHA256 2020 CA1"
san-29-s12.tlsprovisioning.exacttarget.com,Yes,No,5,1,2025-10-01T00:00:00,2026-11-01T23:59:59,21386993087;23056799974;21387031236;21387011851;21387049387,"C=US, O=DigiCert Inc, CN=DigiCert Global G2 TLS RSA SHA256 2020 CA1"
sansalvador.ilea.ign-uat.inl.state.gov,Yes,Yes,3,1,2026-05-12T00:00:00,2027-03-24T23:59:59,29567542224;26296285917;26291796012,"C=US, O=DigiCert Inc, OU=www.digicert.com, CN=GeoTrust TLS RSA CA G1"
sansalvador.ilea.state.gov,Yes,Yes,3,1,2026-05-14T00:00:00,2027-03-27T23:59:59,29635394751;26532514109;26328673790,"C=US, O=DigiCert Inc, OU=www.digicert.com, CN=GeoTrust TLS RSA CA G1"
sbmid.state.gov,Yes,Yes,3,1,2026-04-07T00:00:00,2027-03-11T23:59:59,29027068582;25429409737;29027043112,"C=US, O=DigiCert Inc, CN=DigiCert Global G2 TLS RSA SHA256 2020 CA1"
secretarytravel.playbooks.commons.state.gov,Yes,Yes,14,2,2026-07-11T11:41:39,2026-11-22T04:55:04,29207901116;27884852023;27853705794;27871049019;27884793344;27871058507;27884850638;29146102304;27875526741;27853712418;27875530235;29139968022;29487638954;27884792932,"C=US, O=Let's Encrypt, CN=YR1;C=US, O=Let's Encrypt, CN=YR2"
security.rpc.state.gov,No,Yes,1,1,2025-10-24T00:00:00,2026-11-24T23:59:59,21976107478,"C=US, O=DigiCert Inc, CN=DigiCert Global G2 TLS RSA SHA256 2020 CA1"
seoul-ch-vg1.state.gov,Yes,Yes,1,1,2026-08-09T00:00:00,2027-02-23T23:59:59,28675826961,"C=US, O=DigiCert Inc, CN=DigiCert Global G2 TLS RSA SHA256 2020 CA1"
seoul-ch-vg2.state.gov,No,Yes,1,1,2026-08-09T00:00:00,2027-02-23T23:59:59,28675826961,"C=US, O=DigiCert Inc, CN=DigiCert Global G2 TLS RSA SHA256 2020 CA1"
services.geodata.state.gov,Yes,Yes,2,1,2026-07-18T23:09:19,2026-10-16T23:09:18,28050568343;28050574112,"C=US, O=Let's Encrypt, CN=YE1"
shifts.state.gov,Yes,Yes,1,1,2026-08-24T00:00:00,2027-03-10T23:59:59,29001210919,"C=US, O=DigiCert Inc, CN=DigiCert Global G2 TLS RSA SHA256 2020 CA1"
sis.fsi.state.gov,Yes,Yes,1,1,2026-08-06T00:00:00,2027-02-20T23:59:59,28600971469,"C=US, O=DigiCert Inc, CN=DigiCert Global G2 TLS RSA SHA256 2020 CA1"
sisapi.fsi.state.gov,No,Yes,1,1,2026-08-06T00:00:00,2027-02-20T23:59:59,28600971469,"C=US, O=DigiCert Inc, CN=DigiCert Global G2 TLS RSA SHA256 2020 CA1"
sisapitest.fsi.state.gov,Yes,Yes,1,1,2026-08-06T00:00:00,2027-02-20T23:59:59,28600881982,"C=US, O=DigiCert Inc, CN=DigiCert Global G2 TLS RSA SHA256 2020 CA1"
smart-center.state.gov,Yes,Yes,12,4,2026-07-21T11:00:30,2026-12-18T10:56:28,28122593739;28122600286;28122948898;29561184598;28122928851;28122601301;29611739881;29611755431;28122592342;28122928880;29561143726;28122918606,"C=US, O=Let's Encrypt, CN=YE2;C=US, O=Let's Encrypt, CN=YR1;C=US, O=Let's Encrypt, CN=YR2;C=US, O=Let's Encrypt, CN=YE1"
smart-dashboard.state.gov,Yes,Yes,10,2,2026-08-22T15:42:06,2026-11-20T16:04:34,29141908181;29345117293;29109299215;29025255462;29024944259;29024916139;29082304299;29014916850;29125550839;29346457356,"C=US, O=Let's Encrypt, CN=YR1;C=US, O=Let's Encrypt, CN=YE2"
smart-index.state.gov,Yes,Yes,5,3,2026-09-08T09:17:50,2026-12-07T09:31:36,29470584814;29491548357;29470591863;29470595699;29471117580,"C=US, O=Let's Encrypt, CN=YR1;C=US, O=Let's Encrypt, CN=YR2;C=US, O=Let's Encrypt, CN=YE1"
smart-ingest.state.gov,Yes,Yes,1,1,2026-09-08T08:46:31,2026-12-07T08:46:30,29472258982,"C=US, O=Let's Encrypt, CN=YE2"
smart-mobile.state.gov,Yes,Yes,3,2,2026-09-04T12:13:41,2026-12-03T12:13:44,29342083004;29343351218;29342179256,"C=US, O=Let's Encrypt, CN=YE2;C=US, O=Let's Encrypt, CN=YR2"
smart-oar.state.gov,Yes,Yes,1,1,2026-09-08T09:00:53,2026-12-07T09:00:52,29469953736,"C=US, O=Let's Encrypt, CN=YE2"
smart-repo.state.gov,Yes,Yes,5,2,2026-09-08T09:18:39,2026-12-07T09:32:44,29608774019;29491590367;29491063382;29491086059;29471162828,"C=US, O=Let's Encrypt, CN=YR2;C=US, O=Let's Encrypt, CN=YE1"
smart-search.state.gov,Yes,Yes,2,2,2026-09-08T08:01:12,2026-12-07T08:01:17,29487984546;29491098450,"C=US, O=Let's Encrypt, CN=YR1;C=US, O=Let's Encrypt, CN=YE1"
smart-user-mgmt.state.gov,Yes,Yes,5,4,2026-09-08T09:18:20,2026-12-07T09:32:00,29491600265;29605948632;29471133667;29471127675;29473703290,"C=US, O=Let's Encrypt, CN=YR1;C=US, O=Let's Encrypt, CN=YE1;C=US, O=Let's Encrypt, CN=YE2;C=US, O=Let's Encrypt, CN=YR2"
social-archive.state.gov,Yes,Yes,3,2,2025-11-24T00:00:00,2026-12-23T23:59:59,22705144409;22710015835;22703475460,"C=US, O=Amazon, CN=Amazon RSA 2048 M04;C=US, O=Amazon, CN=Amazon RSA 2048 M01"
sonarqube.inl.state.gov,Yes,Yes,4,2,2026-06-28T00:00:00,2026-12-28T23:59:59,29138014369;27533895746;28997829564;28912112737,"C=US, O=Let's Encrypt, CN=YR1;C=US, O=DigiCert Inc, OU=www.digicert.com, CN=GeoTrust TLS RSA CA G1"
sonarqube.pded.state.gov,Yes,Yes,2,1,2026-06-01T00:00:00,2026-12-15T23:59:59,26792562398;26866979365,"C=US, O=Amazon, CN=Amazon RSA 2048 M04"
sparc.state.gov,Yes,Yes,3,2,2026-07-20T00:00:00,2027-02-12T23:59:59,28094463028;28094465000;28387890284,"C=US, O=Amazon, CN=Amazon RSA 2048 M04;C=CA, O=Entrust Limited, CN=Entrust OV TLS Issuing RSA CA 2"
sparctraining.state.gov,Yes,Yes,1,1,2026-08-07T00:00:00,2027-02-20T23:59:59,28625000877,"C=US, O=Amazon, CN=Amazon RSA 2048 M04"
speakerinvitation.state.gov,No,Yes,8,2,2025-09-16T00:00:00,2027-03-14T23:59:59,21062319004;21062319006;24760904435;24760885581;29112217251;24760903202;29112217436;24760886383,"C=GB, O=Sectigo Limited, CN=Sectigo Public Server Authentication CA DV R36;C=CA, O=Entrust Limited, CN=Entrust DV TLS Issuing RSA CA 2"
speakerkit.state.gov,No,Yes,6,1,2026-03-03T00:00:00,2027-03-18T23:59:59,29213063855;24760904435;24760885581;29211237532;24760903202;24760886383,"C=GB, O=Sectigo Limited, CN=Sectigo Public Server Authentication CA DV R36"
speakerrequest.state.gov,No,Yes,8,2,2025-09-16T00:00:00,2027-03-14T23:59:59,21062319004;21062319006;24760904435;24760885581;29112217251;24760903202;29112217436;24760886383,"C=GB, O=Sectigo Limited, CN=Sectigo Public Server Authentication CA DV R36;C=CA, O=Entrust Limited, CN=Entrust DV TLS Issuing RSA CA 2"
splunk.inl.state.gov,Yes,Yes,3,1,2026-05-27T00:00:00,2026-11-29T23:59:59,26683606123;26780713530;26738594037,"C=US, O=DigiCert Inc, OU=www.digicert.com, CN=GeoTrust TLS RSA CA G1"
spm.platform.ai.state.gov,No,Yes,2,1,2026-05-05T00:00:00,2026-11-19T23:59:59,28917812176;26359307212,"C=US, O=DigiCert Inc, CN=DigiCert Global G2 TLS RSA SHA256 2020 CA1"
sponsor.wifi.state.gov,No,Yes,1,1,2026-09-23T00:00:00,2027-03-09T23:59:59,29545470672,"C=US, O=DigiCert Inc, CN=DigiCert Global G2 TLS RSA SHA256 2020 CA1"
spotlight-dev.pepfar.state.gov,Yes,Yes,1,1,2026-08-24T00:00:00,2027-03-09T23:59:59,28988419947,"C=US, O=Amazon, CN=Amazon RSA 2048 M01"
spotlight-staging.pepfar.state.gov,Yes,Yes,2,1,2026-08-24T00:00:00,2027-03-09T23:59:59,28987782391;28989254831,"C=US, O=Amazon, CN=Amazon RSA 2048 M01"
st.state.gov,Yes,Yes,1,1,2026-09-09T00:00:00,2027-03-26T23:59:59,29317868015,"C=US, O=DigiCert Inc, CN=DigiCert Global G2 TLS RSA SHA256 2020 CA1"
staging-tempo.state.gov,Yes,Yes,1,1,2025-12-15T00:00:00,2027-01-13T23:59:59,23122453120,"C=US, O=Amazon, CN=Amazon RSA 2048 M04"
staging.j1visa.state.gov,No,Yes,4,2,2026-04-17T00:00:00,2027-04-02T23:59:59,29469428213;29503465487;25917182863;25557296390,"C=US, O=Amazon, CN=Amazon RSA 2048 M04;C=US, O=Amazon, CN=Amazon RSA 2048 M01"
staging.pmddtc.state.gov,Yes,Yes,1,1,2026-08-19T00:00:00,2027-03-05T23:59:59,28854726525,"C=US, O=DigiCert Inc, CN=DigiCert Global G2 TLS RSA SHA256 2020 CA1"
state.gov,Yes,Yes,4,2,2026-03-29T00:00:00,2027-03-14T23:59:59,25263110301;29020854138;28841166153;29131740333,"C=US, O=Amazon, CN=Amazon RSA 2048 M04;C=US, O=Amazon, CN=Amazon RSA 2048 M01"
statemag.state.gov,Yes,Yes,3,1,2026-03-27T00:00:00,2027-03-12T23:59:59,25246921557;29066125790;25246015984,"C=US, O=Amazon, CN=Amazon RSA 2048 M01"
step.state.gov,Yes,Yes,8,3,2026-07-30T10:22:04,2026-10-28T10:33:24,28377557404;28377771236;28377568337;28377779517;28377786689;28377564235;28377566917;28377777426,"C=US, O=Let's Encrypt, CN=YR1;C=US, O=Let's Encrypt, CN=YR2;C=US, O=Let's Encrypt, CN=YE1"
stimson.state.gov,Yes,Yes,1,1,2026-09-09T00:00:00,2027-03-26T23:59:59,29313647516,"C=US, O=DigiCert Inc, CN=DigiCert Global G2 TLS RSA SHA256 2020 CA1"
stories.state.gov,Yes,Yes,2,2,2025-10-05T00:00:00,2027-03-21T23:59:59,21486718722;29271107875,"C=US, O=Amazon, CN=Amazon RSA 2048 M04;C=US, O=Amazon, CN=Amazon RSA 2048 M01"
streamline.axiom.state.gov,No,Yes,1,1,2026-08-24T00:00:00,2027-03-10T23:59:59,28996946643,"C=US, O=DigiCert Inc, CN=DigiCert Global G2 TLS RSA SHA256 2020 CA1"
streamline.mpp.state.gov,No,Yes,1,1,2026-08-24T00:00:00,2027-03-10T23:59:59,28996946643,"C=US, O=DigiCert Inc, CN=DigiCert Global G2 TLS RSA SHA256 2020 CA1"
streamline.mymed.state.gov,Yes,Yes,1,1,2026-08-24T00:00:00,2027-03-10T23:59:59,28996946643,"C=US, O=DigiCert Inc, CN=DigiCert Global G2 TLS RSA SHA256 2020 CA1"
student.fsi.state.gov,No,Yes,1,1,2026-08-06T00:00:00,2027-02-20T23:59:59,28600971469,"C=US, O=DigiCert Inc, CN=DigiCert Global G2 TLS RSA SHA256 2020 CA1"
studentsabroad.state.gov,No,Yes,1,1,2026-01-08T00:00:00,2027-01-19T23:59:59,23636554107,"C=US, O=DigiCert Inc, CN=DigiCert Global G2 TLS RSA SHA256 2020 CA1"
studyabroad.dev.state.gov,No,Yes,2,1,2026-05-17T00:00:00,2026-11-30T23:59:59,26400044607;26401406294,"C=US, O=Amazon, CN=Amazon RSA 2048 M01"
studyabroad.state.gov,Yes,Yes,2,1,2026-06-09T00:00:00,2026-12-23T23:59:59,27011513504;27208379534,"C=US, O=Amazon, CN=Amazon RSA 2048 M04"
tableau-dev.mve.state.gov,Yes,Yes,1,1,2026-10-06T00:00:00,2027-04-21T23:59:59,29680701067,"C=US, O=Amazon, CN=Amazon RSA 2048 M01"
tbilisi-ch-vg1.state.gov,Yes,Yes,1,1,2026-07-09T00:00:00,2027-01-23T23:59:59,27809929220,"C=US, O=DigiCert Inc, CN=DigiCert Global G2 TLS RSA SHA256 2020 CA1"
tbilisi-ch-vg2.state.gov,No,Yes,1,1,2026-07-09T00:00:00,2027-01-23T23:59:59,27809929220,"C=US, O=DigiCert Inc, CN=DigiCert Global G2 TLS RSA SHA256 2020 CA1"
teamsphone.state.gov,Yes,Yes,5,3,2026-07-15T19:55:26,2027-02-19T23:59:59,27963361913;27963356299;27963360710;27963361353;28565233537,"C=US, O=DigiCert Inc, CN=DigiCert Global G2 TLS RSA SHA256 2020 CA1;C=US, O=Let's Encrypt, CN=YR2;C=US, O=Let's Encrypt, CN=YE1"
telaviv-co-vg1.state.gov,Yes,Yes,1,1,2025-11-05T00:00:00,2026-11-04T23:59:59,22226003231,"C=US, O=DigiCert Inc, CN=DigiCert Global G2 TLS RSA SHA256 2020 CA1"
telaviv-co-vg2.state.gov,No,Yes,1,1,2025-11-05T00:00:00,2026-11-04T23:59:59,22226003231,"C=US, O=DigiCert Inc, CN=DigiCert Global G2 TLS RSA SHA256 2020 CA1"
telemetrycapture.mpp.state.gov,Yes,Yes,1,1,2026-07-07T00:00:00,2027-01-21T23:59:59,27758557637,"C=US, O=DigiCert Inc, CN=DigiCert Global G2 TLS RSA SHA256 2020 CA1"
test.egov.ofm.state.gov,Yes,Yes,4,2,2026-08-31T11:31:07,2026-11-29T11:31:12,29193300359;29193301472;29194837926;29554377467,"C=US, O=Let's Encrypt, CN=YR1;C=US, O=Let's Encrypt, CN=YE1"
test.history.state.gov,No,Yes,2,1,2026-08-08T00:00:00,2027-02-21T23:59:59,28637042271;28637871453,"C=US, O=Amazon, CN=Amazon RSA 2048 M04"
test.j1visa.state.gov,No,Yes,4,2,2026-04-17T00:00:00,2027-04-02T23:59:59,29469428213;29503465487;25917182863;25557296390,"C=US, O=Amazon, CN=Amazon RSA 2048 M04;C=US, O=Amazon, CN=Amazon RSA 2048 M01"
test.pmddtc.state.gov,Yes,Yes,1,1,2026-08-31T00:00:00,2027-02-17T23:59:59,29199992248,"C=US, O=DigiCert Inc, CN=DigiCert Global G2 TLS RSA SHA256 2020 CA1"
tijuana-co-vg1.state.gov,Yes,Yes,1,1,2026-09-08T00:00:00,2027-03-11T23:59:59,29297928677,"C=US, O=DigiCert Inc, CN=DigiCert Global G2 TLS RSA SHA256 2020 CA1"
tijuana-co-vg2.state.gov,No,Yes,1,1,2026-09-08T00:00:00,2027-03-11T23:59:59,29297928677,"C=US, O=DigiCert Inc, CN=DigiCert Global G2 TLS RSA SHA256 2020 CA1"
timekat.state.gov,No,Yes,14,2,2025-09-16T00:00:00,2027-03-14T23:59:59,21062319004;29112214028;21062319006;29112198011;29112213670;29112200313;24760904435;29112195096;24760885581;29112217251;24760903202;29112217436;29112196939;24760886383,"C=GB, O=Sectigo Limited, CN=Sectigo Public Server Authentication CA DV R36;C=CA, O=Entrust Limited, CN=Entrust DV TLS Issuing RSA CA 2"
tms-dev.inl.state.gov,Yes,Yes,4,1,2026-05-13T00:00:00,2027-03-28T23:59:59,26304032295;29653060599;29603560494;26472601028,"C=US, O=DigiCert Inc, OU=www.digicert.com, CN=GeoTrust TLS RSA CA G1"
tms-stg.inl.state.gov,Yes,Yes,2,1,2026-06-10T00:00:00,2026-12-10T23:59:59,27064039192;27232528298,"C=US, O=DigiCert Inc, OU=www.digicert.com, CN=GeoTrust TLS RSA CA G1"
tms-tst.inl.state.gov,Yes,Yes,3,1,2026-05-13T00:00:00,2027-03-25T23:59:59,26304084230;26306506475;29594034154,"C=US, O=DigiCert Inc, OU=www.digicert.com, CN=GeoTrust TLS RSA CA G1"
tms-uat.inl.state.gov,Yes,Yes,3,1,2026-05-11T00:00:00,2027-03-23T23:59:59,26357601714;29561079025;26264874489,"C=US, O=DigiCert Inc, OU=www.digicert.com, CN=GeoTrust TLS RSA CA G1"
tms.inl.state.gov,Yes,Yes,3,1,2026-05-10T00:00:00,2027-03-21T23:59:59,26226122550;26405567021;29534112873,"C=US, O=DigiCert Inc, OU=www.digicert.com, CN=GeoTrust TLS RSA CA G1"
touchbase.state.gov,No,Yes,14,2,2025-09-16T00:00:00,2027-03-14T23:59:59,21062319004;29112214028;21062319006;29112198011;29112213670;29112200313;24760904435;29112195096;24760885581;29112217251;24760903202;29112217436;29112196939;24760886383,"C=GB, O=Sectigo Limited, CN=Sectigo Public Server Authentication CA DV R36;C=CA, O=Entrust Limited, CN=Entrust DV TLS Issuing RSA CA 2"
training.state.gov,Yes,Yes,3,1,2026-03-27T00:00:00,2027-03-12T23:59:59,29067315983;25246251571;25247289928,"C=US, O=Amazon, CN=Amazon RSA 2048 M04"
trainingunit.fsi.state.gov,No,Yes,1,1,2026-08-06T00:00:00,2027-02-20T23:59:59,28600971469,"C=US, O=DigiCert Inc, CN=DigiCert Global G2 TLS RSA SHA256 2020 CA1"
travel.state.gov,Yes,Yes,16,6,2026-01-08T00:00:00,2027-01-19T23:59:59,27908973095;28904607605;29594101813;29041690525;29635435700;28966533463;27908981808;27908913327;28909813172;27908983462;23636554107;29636049104;27908919628;29594098643;29594738332;27908977078,"C=US, O=Let's Encrypt, CN=YR1;C=US, O=Let's Encrypt, CN=YR2;C=US, O=Let's Encrypt, CN=YE2;C=US, O=Google Trust Services, CN=WE1;C=US, O=Google Trust Services, CN=WR1;C=US, O=DigiCert Inc, CN=DigiCert Global G2 TLS RSA SHA256 2020 CA1"
travelmaps.state.gov,Yes,Yes,2,1,2026-05-18T00:00:00,2026-12-02T23:59:59,26445012103;26443370251,"C=US, O=DigiCert Inc, CN=DigiCert Global G2 TLS RSA SHA256 2020 CA1"
treaties-test.state.gov,Yes,Yes,1,1,2026-02-13T00:00:00,2027-03-16T23:59:59,24382365900,"C=US, O=DigiCert Inc, CN=DigiCert Global G2 TLS RSA SHA256 2020 CA1"
treaties.state.gov,Yes,Yes,1,1,2025-09-30T00:00:00,2026-10-27T23:59:59,21374246374,"C=US, O=DigiCert Inc, CN=DigiCert Global G2 TLS RSA SHA256 2020 CA1"
trino-dev.inl.state.gov,Yes,Yes,3,2,2026-07-24T00:00:00,2027-01-24T23:59:59,28219121925;28219703860;28219119712,"C=US, O=Let's Encrypt, CN=YR2;C=US, O=DigiCert Inc, OU=www.digicert.com, CN=GeoTrust TLS RSA CA G1"
trino.inl.state.gov,Yes,Yes,3,2,2026-07-12T16:32:53,2027-01-16T23:59:59,27879146614;27879152491;27973509586,"C=US, O=Let's Encrypt, CN=YR2;C=US, O=DigiCert Inc, OU=www.digicert.com, CN=GeoTrust TLS RSA CA G1"
tsg.phototool.state.gov,No,Yes,1,1,2026-01-08T00:00:00,2027-01-19T23:59:59,23636554107,"C=US, O=DigiCert Inc, CN=DigiCert Global G2 TLS RSA SHA256 2020 CA1"
tts-dev.inl.state.gov,Yes,Yes,1,1,2026-07-14T00:00:00,2027-01-14T23:59:59,27919156680,"C=US, O=DigiCert Inc, OU=www.digicert.com, CN=GeoTrust TLS RSA CA G1"
tts-tst.inl.state.gov,Yes,Yes,1,1,2026-07-07T00:00:00,2027-01-07T23:59:59,27750763407,"C=US, O=DigiCert Inc, OU=www.digicert.com, CN=GeoTrust TLS RSA CA G1"
tts-uat.inl.state.gov,Yes,Yes,1,1,2026-07-31T00:00:00,2027-01-31T23:59:59,28415119281,"C=US, O=DigiCert Inc, OU=www.digicert.com, CN=GeoTrust TLS RSA CA G1"
tts.inl.state.gov,Yes,Yes,3,1,2026-05-05T00:00:00,2027-03-13T23:59:59,26096576156;29398861879;26101720200,"C=US, O=DigiCert Inc, OU=www.digicert.com, CN=GeoTrust TLS RSA CA G1"
u-ctc-itsc-psn01.tron.state.gov,No,Yes,1,1,2026-09-23T00:00:00,2027-03-09T23:59:59,29545470672,"C=US, O=DigiCert Inc, CN=DigiCert Global G2 TLS RSA SHA256 2020 CA1"
u-eapcore-ise-psn-r1.tron.state.gov,No,Yes,1,1,2026-09-23T00:00:00,2027-03-09T23:59:59,29545470672,"C=US, O=DigiCert Inc, CN=DigiCert Global G2 TLS RSA SHA256 2020 CA1"
u-esocw-ise-psn-r1.tron.state.gov,No,Yes,1,1,2026-09-23T00:00:00,2027-03-09T23:59:59,29545470672,"C=US, O=DigiCert Inc, CN=DigiCert Global G2 TLS RSA SHA256 2020 CA1"
uipathacps.state.gov,Yes,Yes,8,4,2026-07-26T16:27:36,2026-10-24T16:43:02,28269365197;28269636212;28269626806;28269356429;28269633819;28269630323;28269365229;28269359521,"C=US, O=Let's Encrypt, CN=YE2;C=US, O=Let's Encrypt, CN=YR1;C=US, O=Let's Encrypt, CN=YR2;C=US, O=Let's Encrypt, CN=YE1"
us-dos-cd-2.unqorkgov.state.gov,Yes,Yes,15,4,2026-07-12T23:32:37,2026-12-08T23:02:53,27885961939;29551029276;29568241541;27885970591;27885823675;27885823658;27885837400;27885809398;29547986586;27928294041;27885895198;27885905077;27885896678;27928284574;27885895260,"C=US, O=Let's Encrypt, CN=YE1;C=US, O=Let's Encrypt, CN=YR1;C=US, O=Let's Encrypt, CN=YE2;C=US, O=Let's Encrypt, CN=YR2"
us-dos-cd.unqorkgov.state.gov,Yes,Yes,7,3,2026-09-07T15:04:04,2026-12-08T04:50:25,29510259108;29481320575;29510259859;29452485297;29480848402;29483807799;29432727193,"C=US, O=Let's Encrypt, CN=YR1;C=US, O=Let's Encrypt, CN=YE2;C=US, O=Let's Encrypt, CN=YE1"
us-dos-preprod.unqorkgov.state.gov,Yes,Yes,3,2,2026-09-07T14:49:37,2026-12-06T14:59:36,29431608573;29501426861;29451934038,"C=US, O=Let's Encrypt, CN=YR1;C=US, O=Let's Encrypt, CN=YE2"
us-dos.unqorkgov.state.gov,Yes,Yes,3,2,2026-09-07T15:03:22,2026-12-06T15:03:24,29480698668;29432092481;29454597671,"C=US, O=Let's Encrypt, CN=YR2;C=US, O=Let's Encrypt, CN=YE1"
usembassy-chisinau.state.gov,No,Yes,1,1,2026-02-24T00:00:00,2027-03-02T23:59:59,24617434373,"C=US, O=DigiCert Inc, CN=DigiCert Global G2 TLS RSA SHA256 2020 CA1"
usembassy.gov,Yes,No,1,1,2026-08-18T00:00:00,2027-03-03T23:59:59,28841166153,"C=US, O=Amazon, CN=Amazon RSA 2048 M04"
usvisas.state.gov,No,Yes,1,1,2026-01-08T00:00:00,2027-01-19T23:59:59,23636554107,"C=US, O=DigiCert Inc, CN=DigiCert Global G2 TLS RSA SHA256 2020 CA1"
v121-test.inl.state.gov,Yes,Yes,2,1,2026-07-16T04:15:16,2026-10-14T04:15:15,27973298097;27973302518,"C=US, O=Let's Encrypt, CN=YR1"
valletta-ch-vg1.state.gov,Yes,Yes,1,1,2026-04-19T00:00:00,2026-11-03T23:59:59,25577578823,"C=US, O=DigiCert Inc, CN=DigiCert Global G2 TLS RSA SHA256 2020 CA1"
valletta-ch-vg2.state.gov,No,Yes,1,1,2026-04-19T00:00:00,2026-11-03T23:59:59,25577578823,"C=US, O=DigiCert Inc, CN=DigiCert Global G2 TLS RSA SHA256 2020 CA1"
vast.state.gov,Yes,Yes,2,1,2026-08-13T00:00:00,2027-02-13T23:59:59,28779820061;28773079707,"C=US, O=DigiCert Inc, OU=www.digicert.com, CN=GeoTrust TLS RSA CA G1"
vienna-ch-vg1.state.gov,Yes,Yes,1,1,2026-08-28T00:00:00,2027-03-14T23:59:59,29113648949,"C=US, O=DigiCert Inc, CN=DigiCert Global G2 TLS RSA SHA256 2020 CA1"
vienna-ch-vg2.state.gov,No,Yes,1,1,2026-08-28T00:00:00,2027-03-14T23:59:59,29113648949,"C=US, O=DigiCert Inc, CN=DigiCert Global G2 TLS RSA SHA256 2020 CA1"
vienna-unvie-vg1.state.gov,Yes,Yes,1,1,2026-08-31T00:00:00,2027-03-17T23:59:59,29199733821,"C=US, O=DigiCert Inc, CN=DigiCert Global G2 TLS RSA SHA256 2020 CA1"
vienna-unvie-vg2.state.gov,No,Yes,1,1,2026-08-31T00:00:00,2027-03-17T23:59:59,29199733821,"C=US, O=DigiCert Inc, CN=DigiCert Global G2 TLS RSA SHA256 2020 CA1"
voyager-api.apps.sesexectech.state.gov,Yes,Yes,8,2,2026-08-20T11:05:37,2026-11-18T11:21:22,29160507894;29008980806;29029521776;28963351367;28962979003;29016887997;29161223434;29016114573,"C=US, O=Let's Encrypt, CN=YR1;C=US, O=Let's Encrypt, CN=YE1"
voyager-uat-api.apps.sesexectech.state.gov,Yes,Yes,4,2,2026-09-06T10:24:19,2026-12-05T10:39:22,29404767133;29397570581;29397568197;29396642895,"C=US, O=Let's Encrypt, CN=YR1;C=US, O=Let's Encrypt, CN=YE1"
voyager-uat.apps.sesexectech.state.gov,Yes,Yes,8,2,2026-08-18T18:34:36,2026-11-16T18:55:26,29086630701;28929042962;28929044129;28936388083;28962490517;28997671778;28952234001;28983374514,"C=US, O=Let's Encrypt, CN=YR1;C=US, O=Let's Encrypt, CN=YE2"
voyager.apps.sesexectech.state.gov,Yes,Yes,8,3,2026-08-20T11:41:53,2026-11-18T12:00:58,29017764783;28963927409;29161976053;28963980442;28963681384;28963651648;29031278175;28973532219,"C=US, O=Let's Encrypt, CN=YR1;C=US, O=Let's Encrypt, CN=YE2;C=US, O=Let's Encrypt, CN=YR2"
w-ms3722-ise-vm01.doswlan.state.gov,No,Yes,2,1,2025-11-11T00:00:00,2026-11-11T23:59:59,22387571978;22792914751,"C=US, O=DigiCert Inc, CN=DigiCert Global G2 TLS RSA SHA256 2020 CA1"
w-ms3722-ise-vm02.doswlan.state.gov,No,Yes,2,1,2025-11-11T00:00:00,2026-11-11T23:59:59,22387571978;22792914751,"C=US, O=DigiCert Inc, CN=DigiCert Global G2 TLS RSA SHA256 2020 CA1"
warsaw-ch-vg1.state.gov,Yes,Yes,1,1,2026-09-11T00:00:00,2027-03-28T23:59:59,29352601851,"C=US, O=DigiCert Inc, CN=DigiCert Global G2 TLS RSA SHA256 2020 CA1"
warsaw-ch-vg2.state.gov,No,Yes,1,1,2026-09-11T00:00:00,2027-03-28T23:59:59,29352601851,"C=US, O=DigiCert Inc, CN=DigiCert Global G2 TLS RSA SHA256 2020 CA1"
welkomcenter-staging.state.gov,Yes,Yes,2,1,2026-06-12T00:00:00,2026-12-12T23:59:59,27113507566;27258136519,"C=US, O=DigiCert Inc, OU=www.digicert.com, CN=GeoTrust TLS RSA CA G1"
welkomcenter.state.gov,Yes,Yes,2,1,2026-06-11T00:00:00,2026-12-11T23:59:59,27245174969;27086505859,"C=US, O=DigiCert Inc, OU=www.digicert.com, CN=GeoTrust TLS RSA CA G1"
westafrica.ilea.ign-uat.inl.state.gov,Yes,Yes,3,1,2026-05-10T00:00:00,2027-03-21T23:59:59,29525904423;26216744662;26218156895,"C=US, O=DigiCert Inc, OU=www.digicert.com, CN=GeoTrust TLS RSA CA G1"
westafrica.ilea.state.gov,Yes,Yes,3,1,2026-05-14T00:00:00,2027-03-26T23:59:59,26339635432;26443354259;29632441612,"C=US, O=DigiCert Inc, OU=www.digicert.com, CN=GeoTrust TLS RSA CA G1"
westcosqflow.state.gov,No,Yes,2,1,2026-03-31T00:00:00,2027-04-07T23:59:59,29494431833;25298739880,"C=US, O=DigiCert Inc, CN=DigiCert Global G2 TLS RSA SHA256 2020 CA1"
westkio.state.gov,No,Yes,2,1,2026-03-26T00:00:00,2027-04-07T23:59:59,29494399984;25238967982,"C=US, O=DigiCert Inc, CN=DigiCert Global G2 TLS RSA SHA256 2020 CA1"
westpptqflow.state.gov,No,Yes,2,1,2026-03-26T00:00:00,2027-04-07T23:59:59,29494248605;25238953177,"C=US, O=DigiCert Inc, CN=DigiCert Global G2 TLS RSA SHA256 2020 CA1"
workflows-sandbox.state.gov,Yes,Yes,2,1,2026-06-11T00:00:00,2026-12-11T23:59:59,27090577976;27246566113,"C=US, O=DigiCert Inc, OU=www.digicert.com, CN=GeoTrust TLS RSA CA G1"
workflows-staging.state.gov,Yes,Yes,2,1,2026-06-11T00:00:00,2026-12-11T23:59:59,27088889030;27245950127,"C=US, O=DigiCert Inc, OU=www.digicert.com, CN=GeoTrust TLS RSA CA G1"
workflows.state.gov,Yes,Yes,3,2,2025-12-23T21:48:08,2027-01-24T20:34:39,27246581242;23323880342;27090634534,"C=US, ST=Arizona, L=Scottsdale, O=""GoDaddy.com, Inc."", OU=http://certs.godaddy.com/repository/, CN=Go Daddy Secure Certificate Authority - G2;C=US, O=DigiCert Inc, OU=www.digicert.com, CN=GeoTrust TLS RSA CA G1"
www.DPBAPI.state.gov,No,Yes,2,1,2026-04-23T00:00:00,2026-11-07T23:59:59,25719773389;26026571689,"C=CA, O=Entrust Limited, CN=Entrust DV TLS Issuing RSA CA 2"
www.DigitalProgramBook.state.gov,No,Yes,2,1,2026-04-30T00:00:00,2026-11-14T23:59:59,26108903624;25950883335,"C=CA, O=Entrust Limited, CN=Entrust DV TLS Issuing RSA CA 2"
www.alumni.state.gov,Yes,Yes,2,1,2026-05-17T00:00:00,2026-11-30T23:59:59,26400503197;26399111526,"C=US, O=Amazon, CN=Amazon RSA 2048 M01"
www.americanenglish.state.gov,Yes,Yes,2,1,2026-05-17T00:00:00,2026-11-30T23:59:59,26400343580;26398913505,"C=US, O=Amazon, CN=Amazon RSA 2048 M01"
www.americanspaces.state.gov,Yes,Yes,2,1,2026-05-17T00:00:00,2026-11-30T23:59:59,26401390010;26400009577,"C=US, O=Amazon, CN=Amazon RSA 2048 M04"
www.art.state.gov,No,Yes,1,1,2026-04-30T10:49:55,2026-11-14T10:49:55,26269491562,"C=US, ST=Arizona, L=Scottsdale, O=""GoDaddy.com, Inc."", OU=http://certs.godaddy.com/repository/, CN=Go Daddy Secure Certificate Authority - G2"
www.bridgeusa.state.gov,No,Yes,1,1,2026-08-25T00:00:00,2027-03-10T23:59:59,29020447572,"C=US, O=Amazon, CN=Amazon RSA 2048 M01"
www.cerc.state.gov,No,Yes,2,1,2025-12-08T00:00:00,2027-01-08T23:59:59,22987044250;22987044846,"C=CA, O=Entrust Limited, CN=Entrust DV TLS Issuing RSA CA 2"
www.coins.state.gov,No,Yes,2,1,2026-07-01T00:00:00,2027-01-15T23:59:59,27618334798;27618336507,"C=CA, O=Entrust Limited, CN=Entrust OV TLS Issuing RSA CA 2"
www.cortex.oboces.state.gov,No,Yes,1,1,2026-06-12T00:00:00,2026-12-27T23:59:59,27123024078,"C=US, O=DigiCert Inc, CN=DigiCert Global G2 TLS RSA SHA256 2020 CA1"
www.directory.state.gov,No,Yes,1,1,2025-12-23T21:48:05,2027-01-24T20:04:02,23323880656,"C=US, ST=Arizona, L=Scottsdale, O=""GoDaddy.com, Inc."", OU=http://certs.godaddy.com/repository/, CN=Go Daddy Secure Certificate Authority - G2"
www.dosteamsbimc.state.gov,No,Yes,1,1,2026-01-16T00:00:00,2027-02-16T23:59:59,23806956309,"C=US, O=DigiCert Inc, CN=DigiCert Global G2 TLS RSA SHA256 2020 CA1"
www.dosteamsew.state.gov,No,Yes,3,1,2025-10-29T00:00:00,2027-04-09T23:59:59,29562567355;22085410247;22085798016,"C=US, O=DigiCert Inc, CN=DigiCert Global G2 TLS RSA SHA256 2020 CA1"
www.doswlan.state.gov,No,Yes,2,1,2025-11-11T00:00:00,2026-11-11T23:59:59,22387571978;22792914751,"C=US, O=DigiCert Inc, CN=DigiCert Global G2 TLS RSA SHA256 2020 CA1"
www.dsscrimetips.state.gov,No,Yes,2,1,2026-03-31T00:00:00,2026-10-15T23:59:59,25301840737;25301840736,"C=GB, O=Sectigo Limited, CN=Sectigo Public Server Authentication CA EV R36"
www.educationusa.state.gov,Yes,Yes,2,1,2026-05-17T00:00:00,2026-11-30T23:59:59,26401746622;26403056826,"C=US, O=Amazon, CN=Amazon RSA 2048 M04"
www.erajobs.state.gov,No,Yes,2,1,2026-02-09T00:00:00,2027-02-12T23:59:59,24292957486;24293938647,"C=US, O=DigiCert Inc, CN=DigiCert Global G2 TLS RSA SHA256 2020 CA1"
www.exchanges.state.gov,Yes,Yes,2,1,2026-05-17T00:00:00,2026-11-30T23:59:59,26401252381;26402668938,"C=US, O=Amazon, CN=Amazon RSA 2048 M04"
www.fam.state.gov,No,Yes,2,1,2025-12-03T00:00:00,2027-01-03T23:59:59,22888052419;22888053093,"C=GB, O=Sectigo Limited, CN=Sectigo Public Server Authentication CA OV R36"
www.geodata.state.gov,No,Yes,2,1,2026-08-05T11:08:23,2026-11-03T11:08:22,28556895597;28556872015,"C=US, O=Let's Encrypt, CN=YE2"
www.individualrequests.state.gov,Yes,Yes,3,1,2026-03-26T00:00:00,2027-03-11T23:59:59,25239422640;29047564381;25236174264,"C=US, O=Amazon, CN=Amazon RSA 2048 M04"
www.ivlpresourcecenter.state.gov,No,Yes,4,1,2026-04-23T00:00:00,2026-11-07T23:59:59,25718227670;26026203455;26026185836;25718299136,"C=CA, O=Entrust Limited, CN=Entrust DV TLS Issuing RSA CA 2"
www.j1visa.state.gov,No,Yes,2,1,2026-05-17T00:00:00,2026-11-30T23:59:59,26403152660;26401886086,"C=US, O=Amazon, CN=Amazon RSA 2048 M04"
www.keystonepipeline-xl.state.gov,No,Yes,1,1,2025-12-11T00:00:00,2027-01-09T23:59:59,23046140218,"C=US, O=Amazon, CN=Amazon RSA 2048 M04"
www.mepi.state.gov,Yes,Yes,3,1,2026-03-29T00:00:00,2027-03-14T23:59:59,25271119032;25275338715;29132929985,"C=US, O=Amazon, CN=Amazon RSA 2048 M04"
www.oasis.state.gov,No,Yes,2,1,2026-04-23T00:00:00,2026-11-07T23:59:59,25721679681;25808574241,"C=CA, O=Entrust Limited, CN=Entrust DV TLS Issuing RSA CA 2"
www.oboculturalheritage.state.gov,No,Yes,1,1,2025-09-10T00:00:00,2026-10-09T23:59:59,20921744998,"C=US, O=DigiCert Inc, CN=DigiCert Global G2 TLS RSA SHA256 2020 CA1"
www.obowrapid7ap03.oboces.state.gov,No,Yes,1,1,2026-01-16T00:00:00,2027-02-16T23:59:59,23802785229,"C=US, O=DigiCert Inc, CN=DigiCert Global G2 TLS RSA SHA256 2020 CA1"
www.obowrdwebap02.oboces.state.gov,No,Yes,1,1,2026-05-15T00:00:00,2026-11-29T23:59:59,26358361677,"C=US, O=DigiCert Inc, CN=DigiCert Global G2 TLS RSA SHA256 2020 CA1"
www.pkaps.pki.state.gov,No,Yes,2,1,2026-07-28T00:00:00,2027-02-11T23:59:59,28850716687;28317259712,"C=US, O=DigiCert Inc, CN=DigiCert EV RSA CA G2"
www.routej-1.state.gov,No,Yes,2,1,2026-05-17T00:00:00,2026-11-30T23:59:59,26403152660;26401886086,"C=US, O=Amazon, CN=Amazon RSA 2048 M04"
www.routej1.state.gov,No,Yes,2,1,2026-05-17T00:00:00,2026-11-30T23:59:59,26403152660;26401886086,"C=US, O=Amazon, CN=Amazon RSA 2048 M04"
www.sparc.state.gov,No,Yes,2,1,2026-07-20T00:00:00,2027-02-03T23:59:59,28094463028;28094465000,"C=CA, O=Entrust Limited, CN=Entrust OV TLS Issuing RSA CA 2"
www.studyabroad.state.gov,Yes,Yes,2,1,2026-05-17T00:00:00,2026-11-30T23:59:59,26400044607;26401406294,"C=US, O=Amazon, CN=Amazon RSA 2048 M01"
www.travel.state.gov,No,Yes,1,1,2026-01-08T00:00:00,2027-01-19T23:59:59,23636554107,"C=US, O=DigiCert Inc, CN=DigiCert Global G2 TLS RSA SHA256 2020 CA1"
www.webgels.state.gov,Yes,Yes,2,2,2026-09-02T04:15:13,2026-12-01T04:15:18,29680049549;29274388474,"C=US, O=Let's Encrypt, CN=YE2;C=US, O=Let's Encrypt, CN=YR2"
www.womenofcourage.state.gov,Yes,Yes,2,1,2026-05-17T00:00:00,2026-11-30T23:59:59,26400525222;26399183336,"C=US, O=Amazon, CN=Amazon RSA 2048 M01"
www.workflows.state.gov,No,Yes,1,1,2025-12-23T21:48:08,2027-01-24T20:34:39,23323880342,"C=US, ST=Arizona, L=Scottsdale, O=""GoDaddy.com, Inc."", OU=http://certs.godaddy.com/repository/, CN=Go Daddy Secure Certificate Authority - G2"
