domain,seen_in_common_name,seen_in_name_value,certificate_count,issuer_count,earliest_seen,latest_expiry,certificate_ids,issuers
0au4i312iwwl1o.intsvc.cloud.uat.earthdata.nasa.gov,Yes,Yes,1,1,2026-06-08T00:00:00,2026-12-22T23:59:59,26986132186,"C=US, O=Amazon, CN=Amazon RSA 2048 M04"
0y3qk91ywh84d9.intsvc.cloud.earthdata.nasa.gov,Yes,Yes,1,1,2025-11-18T00:00:00,2026-12-17T23:59:59,22550204937,"C=US, O=Amazon, CN=Amazon RSA 2048 M01"
2e59dvyzpg0j4d.intsvc.cloud.earthdata.nasa.gov,Yes,Yes,1,1,2025-11-18T00:00:00,2026-12-17T23:59:59,22550447227,"C=US, O=Amazon, CN=Amazon RSA 2048 M04"
3o3wsv5d5qgacz.intsvc.cloud.earthdata.nasa.gov,Yes,Yes,1,1,2025-10-23T00:00:00,2026-11-21T23:59:59,21945493687,"C=US, O=Amazon, CN=Amazon RSA 2048 M01"
45q2x0z4r0xyji.intsvc.cloud.sit.earthdata.nasa.gov,Yes,Yes,1,1,2025-11-16T00:00:00,2026-12-15T23:59:59,22499226081,"C=US, O=Amazon, CN=Amazon RSA 2048 M04"
556aac46-2a98-4cdd-b1f5-8bf58d31e31f.development.luna.nasa.gov,Yes,Yes,2,1,2026-07-14T14:22:39,2026-10-12T14:22:38,27929420280;27929427290,"C=US, O=Let's Encrypt, CN=YR2"
56p1lx55hjm3o0.intsvc.cloud.earthdata.nasa.gov,Yes,Yes,2,1,2026-06-08T00:00:00,2026-12-22T23:59:59,26980593279;27238793901,"C=US, O=Amazon, CN=Amazon RSA 2048 M01"
56yrqv3l1n806u.intsvc.cloud.earthdata.nasa.gov,Yes,Yes,1,1,2026-05-26T00:00:00,2026-12-09T23:59:59,26655709476,"C=US, O=Amazon, CN=Amazon RSA 2048 M01"
5udf4kplra6vbo.intsvc.cloud.earthdata.nasa.gov,Yes,Yes,1,1,2025-11-18T00:00:00,2026-12-17T23:59:59,22550448054,"C=US, O=Amazon, CN=Amazon RSA 2048 M01"
63qzg8b6r8rrfa.intsvc.cloud.earthdata.nasa.gov,Yes,Yes,1,1,2025-11-18T00:00:00,2026-12-17T23:59:59,22550338787,"C=US, O=Amazon, CN=Amazon RSA 2048 M01"
6l3o40nofjyb48.intsvc.cloud.earthdata.nasa.gov,Yes,Yes,1,1,2025-11-18T00:00:00,2026-12-17T23:59:59,22550261347,"C=US, O=Amazon, CN=Amazon RSA 2048 M01"
8b607d76-445c-469f-b027-e45600235be6.development.luna.nasa.gov,Yes,Yes,2,1,2026-07-14T17:32:41,2026-10-12T17:32:40,27933235830;27933232070,"C=US, O=Let's Encrypt, CN=YR2"
8tpxs5l8zsgs5k.intsvc.cloud.sit.earthdata.nasa.gov,Yes,Yes,1,1,2025-10-07T00:00:00,2026-11-05T23:59:59,21533342811,"C=US, O=Amazon, CN=Amazon RSA 2048 M04"
9444vymzv5xcv4.intsvc.cloud.sit.earthdata.nasa.gov,Yes,Yes,1,1,2026-04-26T00:00:00,2026-11-09T23:59:59,25801947635,"C=US, O=Amazon, CN=Amazon RSA 2048 M04"
9plsfc3qlwuxit.intsvc.cloud.earthdata.nasa.gov,Yes,Yes,1,1,2025-11-18T00:00:00,2026-12-17T23:59:59,22550355018,"C=US, O=Amazon, CN=Amazon RSA 2048 M04"
AI-BMC.ivv.nasa.gov,No,Yes,3,1,2026-04-29T00:00:00,2026-12-03T23:59:59,25952813031;25923352623;26470099980,"C=US, O=DigiCert Inc, CN=DigiCert Global G2 TLS RSA SHA256 2020 CA1"
ARCMOSMD1.ndc.nasa.gov,No,Yes,2,1,2025-11-13T00:00:00,2026-12-13T23:59:59,22445568866;22445524288,"C=CA, O=Entrust Limited, CN=Entrust DV TLS Issuing RSA CA 2"
Autodiscover.nasa.gov,Yes,Yes,2,1,2025-10-31T00:00:00,2026-11-30T23:59:59,22122730539;22122718991,"C=CA, O=Entrust Limited, CN=Entrust DV TLS Issuing RSA CA 2"
MOSM2dpex.nasa.gov,No,Yes,2,1,2025-11-13T00:00:00,2026-12-13T23:59:59,22445568866;22445524288,"C=CA, O=Entrust Limited, CN=Entrust DV TLS Issuing RSA CA 2"
SearchPub-Test.nssc.nasa.gov,Yes,Yes,1,1,2026-04-29T00:00:00,2026-11-13T23:59:59,25922493475,"C=US, O=DigiCert Inc, CN=DigiCert Global G2 TLS RSA SHA256 2020 CA1"
Tangolab-Mark-10.pl.jsl.nasa.gov,Yes,Yes,1,1,2025-10-07T00:00:00,2026-11-03T23:59:59,21550559495,"C=US, O=DigiCert Inc, CN=DigiCert Global G2 TLS RSA SHA256 2020 CA1"
Tangolab-Mark-5.pl.jsl.nasa.gov,Yes,Yes,1,1,2025-10-07T00:00:00,2026-11-03T23:59:59,21548971687,"C=US, O=DigiCert Inc, CN=DigiCert Global G2 TLS RSA SHA256 2020 CA1"
Tangolab-Mark-6.pl.jsl.nasa.gov,Yes,Yes,1,1,2025-10-07T00:00:00,2026-11-03T23:59:59,21549544563,"C=US, O=DigiCert Inc, CN=DigiCert Global G2 TLS RSA SHA256 2020 CA1"
Tangolab-Mark-7.pl.jsl.nasa.gov,Yes,Yes,1,1,2025-10-07T00:00:00,2026-11-03T23:59:59,21549838772,"C=US, O=DigiCert Inc, CN=DigiCert Global G2 TLS RSA SHA256 2020 CA1"
Tangolab-Mark-8.pl.jsl.nasa.gov,Yes,Yes,1,1,2025-10-07T00:00:00,2026-11-03T23:59:59,21550102143,"C=US, O=DigiCert Inc, CN=DigiCert Global G2 TLS RSA SHA256 2020 CA1"
Tangolab-Mark-9.pl.jsl.nasa.gov,Yes,Yes,1,1,2025-10-07T00:00:00,2026-11-03T23:59:59,21550306224,"C=US, O=DigiCert Inc, CN=DigiCert Global G2 TLS RSA SHA256 2020 CA1"
Torpedo.sewp.nasa.gov,Yes,Yes,1,1,2025-09-12T00:00:00,2026-10-13T23:59:59,20973564039,"C=US, O=DigiCert Inc, OU=www.digicert.com, CN=GeoTrust TLS RSA CA G1"
Torpedo.tplduck.sewp.nasa.gov,No,Yes,1,1,2025-09-12T00:00:00,2026-10-13T23:59:59,20973564039,"C=US, O=DigiCert Inc, OU=www.digicert.com, CN=GeoTrust TLS RSA CA G1"
VDI.ivv.nasa.gov,No,Yes,3,1,2026-04-29T00:00:00,2026-12-03T23:59:59,25952813031;25923352623;26470099980,"C=US, O=DigiCert Inc, CN=DigiCert Global G2 TLS RSA SHA256 2020 CA1"
VDI2.ivv.nasa.gov,No,Yes,3,1,2026-04-29T00:00:00,2026-12-03T23:59:59,25952813031;25923352623;26470099980,"C=US, O=DigiCert Inc, CN=DigiCert Global G2 TLS RSA SHA256 2020 CA1"
VM-UAG.ivv.nasa.gov,No,Yes,3,1,2026-04-29T00:00:00,2026-12-03T23:59:59,25952813031;25923352623;26470099980,"C=US, O=DigiCert Inc, CN=DigiCert Global G2 TLS RSA SHA256 2020 CA1"
VM-UAG2.ivv.nasa.gov,No,Yes,3,1,2026-04-29T00:00:00,2026-12-03T23:59:59,25952813031;25923352623;26470099980,"C=US, O=DigiCert Inc, CN=DigiCert Global G2 TLS RSA SHA256 2020 CA1"
a1.tb.srl.jpl.nasa.gov,Yes,Yes,1,1,2025-10-07T00:00:00,2026-11-05T23:59:59,21532807437,"C=US, O=Amazon, CN=Amazon RSA 2048 M01"
a2.tb.srl.jpl.nasa.gov,Yes,Yes,1,1,2025-12-02T00:00:00,2026-12-31T23:59:59,22852191178,"C=US, O=Amazon, CN=Amazon RSA 2048 M01"
aab.larc.nasa.gov,No,Yes,1,1,2026-01-07T00:00:00,2026-12-10T23:59:59,23598652111,"C=US, O=DigiCert Inc, OU=www.digicert.com, CN=Thawte TLS RSA CA G1"
aao.nasa.gov,Yes,Yes,4,1,2025-09-29T00:00:00,2026-12-18T23:59:59,21348422864;26858978624;21348439766;26858944720,"C=CA, O=Entrust Limited, CN=Entrust DV TLS Issuing RSA CA 2"
aart.nasa.gov,No,Yes,6,2,2025-09-29T00:00:00,2026-12-18T23:59:59,26858944720;21348422864;21348439766;25911947760;25553703742;26858978624,"C=GB, O=Sectigo Limited, CN=Sectigo Public Server Authentication CA DV R36;C=CA, O=Entrust Limited, CN=Entrust DV TLS Issuing RSA CA 2"
aart.uat.nasa.gov,No,Yes,6,2,2025-11-06T00:00:00,2026-12-27T23:59:59,23457941075;22258485537;22258442655;25911947760;25553703742;23457911902,"C=GB, O=Sectigo Limited, CN=Sectigo Public Server Authentication CA DV R36;C=CA, O=Entrust Limited, CN=Entrust DV TLS Issuing RSA CA 2"
aca-viewer.sops.m20.jpl.nasa.gov,Yes,Yes,1,1,2025-09-30T00:00:00,2026-10-29T23:59:59,21377068671,"C=US, O=Amazon, CN=Amazon RSA 2048 M04"
acacesmacmgmtdpex.nasa.gov,No,Yes,2,1,2025-11-13T00:00:00,2026-12-13T23:59:59,22445568866;22445524288,"C=CA, O=Entrust Limited, CN=Entrust DV TLS Issuing RSA CA 2"
access.vmmoc.gsfc.nasa.gov,Yes,Yes,1,1,2025-11-05T19:36:01,2026-11-16T00:48:22,22235797155,"C=US, ST=Arizona, L=Scottsdale, O=""GoDaddy.com, Inc."", OU=http://certs.godaddy.com/repository/, CN=Go Daddy Secure Certificate Authority - G2"
ace-server1.ccs.hst.nasa.gov,No,Yes,1,1,2026-04-08T11:15:27,2026-10-23T11:15:27,25500134987,"C=US, ST=Texas, L=Houston, O=SSL Corporation, CN=SSL.com RSA SSL subCA"
ace-server1.hst.nasa.gov,Yes,Yes,3,1,2026-04-08T10:49:52,2026-10-23T11:15:27,25500134987;25430413452;25499764763,"C=US, ST=Texas, L=Houston, O=SSL Corporation, CN=SSL.com RSA SSL subCA"
ace-server1.hst.nasa.govace-server1.ccs.hat.nasa.gov,No,Yes,1,1,2026-04-08T10:49:52,2026-10-23T10:49:52,25499764763,"C=US, ST=Texas, L=Houston, O=SSL Corporation, CN=SSL.com RSA SSL subCA"
ace-server1.hst.nasa.govace-server1.ccs.hst.nasa.gov,No,Yes,1,1,2026-04-08T11:00:17,2026-10-23T11:00:17,25430413452,"C=US, ST=Texas, L=Houston, O=SSL Corporation, CN=SSL.com RSA SSL subCA"
ace-server2.ccs.hst.nasa.gov,No,Yes,1,1,2026-04-28T13:21:31,2026-11-12T13:21:31,25880381249,"C=US, ST=Texas, L=Houston, O=SSL Corporation, CN=SSL.com RSA SSL subCA"
ace-server2.hst.nasa.gov,Yes,Yes,1,1,2026-04-28T13:21:31,2026-11-12T13:21:31,25880381249,"C=US, ST=Texas, L=Houston, O=SSL Corporation, CN=SSL.com RSA SSL subCA"
acesmacmgmt.nasa.gov,Yes,Yes,2,1,2025-11-13T00:00:00,2026-12-13T23:59:59,22445296865;22445296961,"C=CA, O=Entrust Limited, CN=Entrust DV TLS Issuing RSA CA 2"
acesmacmgmt.ndc.nasa.gov,No,Yes,2,1,2025-11-13T00:00:00,2026-12-13T23:59:59,22445296865;22445296961,"C=CA, O=Entrust Limited, CN=Entrust DV TLS Issuing RSA CA 2"
acesmacmgmt2.ndc.nasa.gov,No,Yes,2,1,2025-11-13T00:00:00,2026-12-13T23:59:59,22445296865;22445296961,"C=CA, O=Entrust Limited, CN=Entrust DV TLS Issuing RSA CA 2"
acesmacmgmtdpex.nasa.gov,Yes,Yes,2,1,2025-11-13T00:00:00,2026-12-13T23:59:59,22445568866;22445524288,"C=CA, O=Entrust Limited, CN=Entrust DV TLS Issuing RSA CA 2"
acm-table.sops.m20.jpl.nasa.gov,Yes,Yes,1,1,2025-09-30T00:00:00,2026-10-29T23:59:59,21376954383,"C=US, O=Amazon, CN=Amazon RSA 2048 M01"
acquisition-prod.jpl.nasa.gov,No,Yes,2,1,2025-12-04T00:00:00,2026-12-04T23:59:59,22908111525;22908134556,"C=CA, O=Entrust Limited, CN=Entrust OV TLS Issuing RSA CA 2"
acquisition.jpl.nasa.gov,No,Yes,2,1,2025-12-04T00:00:00,2026-12-04T23:59:59,22908111525;22908134556,"C=CA, O=Entrust Limited, CN=Entrust OV TLS Issuing RSA CA 2"
acquisitions.jpl.nasa.gov,No,Yes,2,1,2025-12-04T00:00:00,2026-12-04T23:59:59,22908111525;22908134556,"C=CA, O=Entrust Limited, CN=Entrust OV TLS Issuing RSA CA 2"
across.sciencecloud.nasa.gov,Yes,Yes,3,2,2026-05-09T00:00:00,2026-11-22T23:59:59,26214186564;26214322478;26214310949,"C=US, O=Amazon, CN=Amazon RSA 2048 M04;C=US, O=Amazon, CN=Amazon RSA 2048 M01"
activityplanner.ammos.mcp.nasa.gov,Yes,Yes,1,1,2026-06-04T00:00:00,2026-12-18T23:59:59,26869143243,"C=US, O=Amazon, CN=Amazon RSA 2048 M04"
ad-unstable.gd.m20.jpl.nasa.gov,Yes,Yes,1,1,2025-10-06T00:00:00,2026-11-04T23:59:59,21507980618,"C=US, O=Amazon, CN=Amazon RSA 2048 M04"
ad.srl.jpl.nasa.gov,Yes,Yes,1,1,2025-10-02T00:00:00,2026-10-31T23:59:59,21407252908,"C=US, O=Amazon, CN=Amazon RSA 2048 M04"
ad475425-3269-4441-b0c4-5f63f9b47981.development.luna.nasa.gov,Yes,Yes,2,1,2026-07-13T19:15:06,2026-10-11T19:15:05,27907207091;27907190948,"C=US, O=Let's Encrypt, CN=YR2"
adapt-public.aetc.appdat.jsc.nasa.gov,Yes,Yes,2,1,2026-07-24T23:52:19,2026-10-22T23:52:18,28225515286;28225514183,"C=US, O=Let's Encrypt, CN=YR2"
adapt-public.staging.aetc.appdat.jsc.nasa.gov,Yes,Yes,1,1,2026-08-27T07:45:12,2026-11-25T07:45:11,29276734206,"C=US, O=Let's Encrypt, CN=YR2"
adapt-rag.staging.aetc.appdat.jsc.nasa.gov,Yes,Yes,2,1,2026-07-14T05:38:08,2026-10-12T05:38:07,27918842203;27918840462,"C=US, O=Let's Encrypt, CN=YR1"
adaxes.hst.nasa.gov,Yes,Yes,2,1,2025-10-28T15:41:07,2026-11-06T21:19:44,22064777450;22266300068,"C=US, ST=Texas, L=Houston, O=SSL Corporation, CN=SSL.com RSA SSL subCA"
adeditor-unstable.gd.m20.jpl.nasa.gov,Yes,Yes,1,1,2026-03-26T00:00:00,2026-10-09T23:59:59,25222358062,"C=US, O=Amazon, CN=Amazon RSA 2048 M01"
adeditor.sops.m20.jpl.nasa.gov,Yes,Yes,1,1,2025-09-30T00:00:00,2026-10-29T23:59:59,21377391157,"C=US, O=Amazon, CN=Amazon RSA 2048 M04"
adeditor.train.m20.jpl.nasa.gov,Yes,Yes,1,1,2025-10-17T00:00:00,2026-11-15T23:59:59,21776515445,"C=US, O=Amazon, CN=Amazon RSA 2048 M01"
admin-panel-unstable.gd.m20.jpl.nasa.gov,Yes,Yes,1,1,2025-10-06T00:00:00,2026-11-04T23:59:59,21530634750,"C=US, O=Amazon, CN=Amazon RSA 2048 M01"
admin-panel.sops.m20.jpl.nasa.gov,Yes,Yes,1,1,2025-09-30T00:00:00,2026-10-29T23:59:59,21377488270,"C=US, O=Amazon, CN=Amazon RSA 2048 M01"
admin.eib.nasa.gov,No,Yes,6,2,2025-09-29T00:00:00,2026-12-18T23:59:59,26858944720;21348422864;25986986880;21348439766;25612398803;26858978624,"C=GB, O=Sectigo Limited, CN=Sectigo Public Server Authentication CA DV R36;C=CA, O=Entrust Limited, CN=Entrust DV TLS Issuing RSA CA 2"
admin.eib.uat.nasa.gov,No,Yes,6,2,2025-11-06T00:00:00,2026-12-27T23:59:59,23457941075;22258485537;22258442655;25986986880;25612398803;23457911902,"C=GB, O=Sectigo Limited, CN=Sectigo Public Server Authentication CA DV R36;C=CA, O=Entrust Limited, CN=Entrust DV TLS Issuing RSA CA 2"
admin.prosams.nasa.gov,Yes,Yes,2,1,2025-09-22T00:00:00,2026-10-21T23:59:59,21188983480;21190051443,"C=US, O=Amazon, CN=Amazon RSA 2048 M04"
adminapp-govprod.prosams.nasa.gov,Yes,Yes,2,1,2025-10-16T00:00:00,2026-11-14T23:59:59,21762774140;21763456067,"C=US, O=Amazon, CN=Amazon RSA 2048 M04"
adverse.ivv.nasa.gov,No,Yes,4,1,2026-04-29T00:00:00,2026-12-03T23:59:59,25952813031;25923352623;26470099980;25924315102,"C=US, O=DigiCert Inc, CN=DigiCert Global G2 TLS RSA SHA256 2020 CA1"
adversepre.ivv.nasa.gov,No,Yes,4,1,2026-04-29T00:00:00,2026-12-03T23:59:59,25952813031;25923352623;26470099980;25952926190,"C=US, O=DigiCert Inc, CN=DigiCert Global G2 TLS RSA SHA256 2020 CA1"
aeonodte.hosc.msfc.nasa.gov,Yes,Yes,2,1,2025-11-20T00:00:00,2026-12-21T23:59:59,23003548314;22622044554,"C=US, O=DigiCert Inc, CN=DigiCert Global G2 TLS RSA SHA256 2020 CA1"
aeonodte2.hosc.msfc.nasa.gov,Yes,Yes,2,1,2025-11-20T00:00:00,2026-12-21T23:59:59,22953728036;22622264763,"C=US, O=DigiCert Inc, CN=DigiCert Global G2 TLS RSA SHA256 2020 CA1"
aeonodte2ms.hosc.msfc.nasa.gov,No,Yes,2,1,2025-11-20T00:00:00,2026-12-21T23:59:59,22953728036;22622264763,"C=US, O=DigiCert Inc, CN=DigiCert Global G2 TLS RSA SHA256 2020 CA1"
aeonodte2owa.hosc.msfc.nasa.gov,No,Yes,2,1,2025-11-20T00:00:00,2026-12-21T23:59:59,22953728036;22622264763,"C=US, O=DigiCert Inc, CN=DigiCert Global G2 TLS RSA SHA256 2020 CA1"
aeonodte2sk.hosc.msfc.nasa.gov,No,Yes,2,1,2025-11-20T00:00:00,2026-12-21T23:59:59,22953728036;22622264763,"C=US, O=DigiCert Inc, CN=DigiCert Global G2 TLS RSA SHA256 2020 CA1"
aeonodte2sp.hosc.msfc.nasa.gov,No,Yes,2,1,2025-11-20T00:00:00,2026-12-21T23:59:59,22953728036;22622264763,"C=US, O=DigiCert Inc, CN=DigiCert Global G2 TLS RSA SHA256 2020 CA1"
aeonodtems.hosc.msfc.nasa.gov,No,Yes,2,1,2025-11-20T00:00:00,2026-12-21T23:59:59,23003548314;22622044554,"C=US, O=DigiCert Inc, CN=DigiCert Global G2 TLS RSA SHA256 2020 CA1"
aeonodteowa.hosc.msfc.nasa.gov,No,Yes,2,1,2025-11-20T00:00:00,2026-12-21T23:59:59,23003548314;22622044554,"C=US, O=DigiCert Inc, CN=DigiCert Global G2 TLS RSA SHA256 2020 CA1"
aeonodtesk.hosc.msfc.nasa.gov,No,Yes,2,1,2025-11-20T00:00:00,2026-12-21T23:59:59,23003548314;22622044554,"C=US, O=DigiCert Inc, CN=DigiCert Global G2 TLS RSA SHA256 2020 CA1"
aeonodtesp.hosc.msfc.nasa.gov,No,Yes,2,1,2025-11-20T00:00:00,2026-12-21T23:59:59,23003548314;22622044554,"C=US, O=DigiCert Inc, CN=DigiCert Global G2 TLS RSA SHA256 2020 CA1"
aepr.nasa.gov,No,Yes,6,2,2025-09-29T00:00:00,2026-12-18T23:59:59,26858944720;21348422864;25986986880;21348439766;25612398803;26858978624,"C=GB, O=Sectigo Limited, CN=Sectigo Public Server Authentication CA DV R36;C=CA, O=Entrust Limited, CN=Entrust DV TLS Issuing RSA CA 2"
aepr.uat.nasa.gov,No,Yes,6,2,2025-11-06T00:00:00,2026-12-27T23:59:59,23457941075;22258485537;22258442655;25553994932;25912505796;23457911902,"C=GB, O=Sectigo Limited, CN=Sectigo Public Server Authentication CA DV R36;C=CA, O=Entrust Limited, CN=Entrust DV TLS Issuing RSA CA 2"
aerie.tb.srl.jpl.nasa.gov,Yes,Yes,1,1,2026-04-04T00:00:00,2026-10-18T23:59:59,25380063902,"C=US, O=Amazon, CN=Amazon RSA 2048 M04"
aero.larc.nasa.gov,No,Yes,1,1,2026-01-07T00:00:00,2026-12-10T23:59:59,23598652111,"C=US, O=DigiCert Inc, OU=www.digicert.com, CN=Thawte TLS RSA CA G1"
aerocenter.gsfc.nasa.gov,No,Yes,2,1,2026-07-22T12:25:25,2026-10-20T12:25:24,28153629149;28153625557,"C=US, O=Let's Encrypt, CN=YE1"
aeroelasticity.larc.nasa.gov,No,Yes,1,1,2026-01-07T00:00:00,2026-12-10T23:59:59,23598652111,"C=US, O=DigiCert Inc, OU=www.digicert.com, CN=Thawte TLS RSA CA G1"
aeronet-rdb.airborne.smce.nasa.gov,Yes,Yes,2,1,2026-07-17T11:29:37,2026-10-15T11:29:36,28011171991;28011174966,"C=US, O=Let's Encrypt, CN=YR2"
aeronet.gsfc.nasa.gov,Yes,Yes,2,1,2026-07-23T03:01:43,2026-10-21T03:01:42,28171387520;28171376791,"C=US, O=Let's Encrypt, CN=YR2"
aerospace-django.jpl.nasa.gov,No,Yes,2,1,2025-10-12T00:00:00,2026-10-12T23:59:59,21669941841;21669977189,"C=CA, O=Entrust Limited, CN=Entrust OV TLS Issuing RSA CA 2"
aerospace.jpl.nasa.gov,No,Yes,2,1,2025-10-12T00:00:00,2026-10-12T23:59:59,21669941841;21669977189,"C=CA, O=Entrust Limited, CN=Entrust OV TLS Issuing RSA CA 2"
aerospacecontracttool.jpl.nasa.gov,No,Yes,2,1,2025-10-12T00:00:00,2026-10-12T23:59:59,21669941841;21669977189,"C=CA, O=Entrust Limited, CN=Entrust OV TLS Issuing RSA CA 2"
aesmir.gsfc.nasa.gov,No,Yes,2,1,2026-07-22T12:25:25,2026-10-20T12:25:24,28153629149;28153625557,"C=US, O=Let's Encrypt, CN=YE1"
afrc-relay.ndc.nasa.gov,No,Yes,2,1,2025-11-11T00:00:00,2026-12-11T23:59:59,22393320105;22393343612,"C=CA, O=Entrust Limited, CN=Entrust DV TLS Issuing RSA CA 2"
afzabbix.amesaero.nasa.gov,Yes,Yes,1,1,2026-04-13T00:00:00,2026-10-27T23:59:59,25519145527,"C=US, O=Amazon, CN=Amazon RSA 2048 M01"
agencytokens.nasa.gov,No,Yes,4,2,2025-09-30T00:00:00,2026-10-31T23:59:59,21379994353;25460093269;25737100514;21379975038,"C=GB, O=Sectigo Limited, CN=Sectigo Public Server Authentication CA DV R36;C=CA, O=Entrust Limited, CN=Entrust OV TLS Issuing RSA CA 2"
agit-eclvipmstic01.ndc.nasa.gov,Yes,Yes,1,1,2026-05-19T00:00:00,2026-12-03T23:59:59,26469027037,"C=US, O=DigiCert Inc, OU=www.digicert.com, CN=Thawte TLS RSA CA G1"
ai.dev-aw-us.htmpo.nmc.luna.nasa.gov,Yes,Yes,2,1,2026-07-16T20:16:22,2026-10-14T20:16:21,27992826966;27992819436,"C=US, O=Let's Encrypt, CN=YR1"
ai.ivv.nasa.gov,No,Yes,3,1,2026-04-29T00:00:00,2026-12-03T23:59:59,25952813031;25923352623;26470099980,"C=US, O=DigiCert Inc, CN=DigiCert Global G2 TLS RSA SHA256 2020 CA1"
ai.jpl.nasa.gov,No,Yes,2,1,2025-12-04T00:00:00,2026-12-04T23:59:59,22908111525;22908134556,"C=CA, O=Entrust Limited, CN=Entrust OV TLS Issuing RSA CA 2"
aiaa-dpw.larc.nasa.gov,Yes,Yes,2,2,2025-09-30T00:00:00,2026-10-29T23:59:59,21376457898;21376499030,"C=US, O=Amazon, CN=Amazon RSA 2048 M04;C=US, O=Amazon, CN=Amazon RSA 2048 M01"
aigateway.ivv.nasa.gov,No,Yes,3,1,2026-04-29T00:00:00,2026-12-03T23:59:59,25952813031;25923352623;26470099980,"C=US, O=DigiCert Inc, CN=DigiCert Global G2 TLS RSA SHA256 2020 CA1"
airborne.smce.nasa.gov,Yes,Yes,1,1,2026-04-06T00:00:00,2026-10-20T23:59:59,25418001351,"C=US, O=Amazon, CN=Amazon RSA 2048 M01"
airegistry.sciencecloud.nasa.gov,Yes,Yes,1,1,2026-03-26T00:00:00,2026-10-09T23:59:59,25236782850,"C=US, O=Amazon, CN=Amazon RSA 2048 M04"
airflow.3csxm6th-test.test.edp.nasa.gov,Yes,Yes,2,1,2026-07-13T20:00:56,2026-10-11T20:00:55,27907969383;27907954388,"C=US, O=Let's Encrypt, CN=YR1"
airflow.a11046e3-test.test.edp.nasa.gov,Yes,Yes,2,1,2026-07-13T20:00:56,2026-10-11T20:00:55,27907974789;27907969995,"C=US, O=Let's Encrypt, CN=YR1"
airflow.ccmc.smce.nasa.gov,Yes,Yes,1,1,2025-10-05T00:00:00,2026-11-03T23:59:59,21487536995,"C=US, O=Amazon, CN=Amazon RSA 2048 M04"
airflow.podaac.sit.earthdatacloud.nasa.gov,Yes,Yes,2,1,2026-06-15T00:00:00,2026-12-29T23:59:59,27195616316;27304740579,"C=US, O=Amazon, CN=Amazon RSA 2048 M01"
airflow.sqrx8s0w-test.test.edp.nasa.gov,Yes,Yes,2,1,2026-07-13T20:00:57,2026-10-11T20:00:56,27907961639;27907968266,"C=US, O=Let's Encrypt, CN=YR1"
airsnrt.jpl.nasa.gov,No,Yes,2,1,2025-12-19T00:00:00,2026-12-19T23:59:59,23217714798;23217741127,"C=CA, O=Entrust Limited, CN=Entrust OV TLS Issuing RSA CA 2"
airsnrt2.jpl.nasa.gov,Yes,Yes,2,1,2025-12-19T00:00:00,2026-12-19T23:59:59,23217714798;23217741127,"C=CA, O=Entrust Limited, CN=Entrust OV TLS Issuing RSA CA 2"
akama.arc.nasa.gov,Yes,Yes,1,1,2025-12-01T00:00:00,2026-12-17T23:59:59,22847424720,"C=US, O=DigiCert Inc, CN=DigiCert Global G2 TLS RSA SHA256 2020 CA1"
alb.intsvc.cloud.sit.earthdata.nasa.gov,No,Yes,1,1,2026-04-22T00:00:00,2026-11-05T23:59:59,25653813108,"C=US, O=Amazon, CN=Amazon RSA 2048 M04"
albetq-3482929815.auto.earthdatacloud.nasa.gov,Yes,Yes,4,1,2026-05-12T00:00:00,2026-11-26T23:59:59,26318868180;26328859073;26290816640;26293970566,"C=US, O=Amazon, CN=Amazon RSA 2048 M04"
alertus.jpl.nasa.gov,Yes,Yes,2,1,2026-04-16T00:00:00,2026-10-31T23:59:59,25566670088;25929401757,"C=CA, O=Entrust Limited, CN=Entrust OV TLS Issuing RSA CA 2"
alpri.voice.nasa.gov,Yes,Yes,2,1,2026-04-24T00:00:00,2026-11-11T23:59:59,25848073529;25755215465,"C=US, O=DigiCert Inc, CN=DigiCert Global G2 TLS RSA SHA256 2020 CA1"
alsec.voice.nasa.gov,No,Yes,2,1,2026-04-24T00:00:00,2026-11-11T23:59:59,25848073529;25755215465,"C=US, O=DigiCert Inc, CN=DigiCert Global G2 TLS RSA SHA256 2020 CA1"
altosvr1.hst.nasa.gov,Yes,Yes,1,1,2025-11-24T16:10:42,2026-11-24T16:10:42,22706519460,"C=US, ST=Texas, L=Houston, O=SSL Corporation, CN=SSL.com RSA SSL subCA"
altosvr2.hst.nasa.gov,Yes,Yes,1,1,2025-11-24T16:12:58,2026-11-24T16:12:58,22706550041,"C=US, ST=Texas, L=Houston, O=SSL Corporation, CN=SSL.com RSA SSL subCA"
amesapp2019.ndc.nasa.gov,Yes,Yes,2,1,2026-06-16T00:00:00,2026-12-31T23:59:59,27240483989;27240418996,"C=GB, O=Sectigo Limited, CN=Sectigo Public Server Authentication CA DV R36"
ami-inventory.gm.srl.jpl.nasa.gov,Yes,Yes,1,1,2025-10-09T00:00:00,2026-11-07T23:59:59,21584589676,"C=US, O=Amazon, CN=Amazon RSA 2048 M04"
ammos.mcp.nasa.gov,Yes,Yes,1,1,2026-06-02T00:00:00,2026-12-16T23:59:59,26812617118,"C=US, O=Amazon, CN=Amazon RSA 2048 M04"
amn-n213-acc-104a-1.amn.nasa.gov,Yes,Yes,1,1,2026-05-21T22:43:20,2026-12-05T22:43:20,26532441430,"C=US, ST=Texas, L=Houston, O=SSL Corporation, CN=SSL.com RSA SSL subCA"
amn-n236-acc-e201-1.amn.nasa.gov,Yes,Yes,1,1,2026-05-21T22:42:12,2026-12-05T22:42:12,26532416901,"C=US, ST=Texas, L=Houston, O=SSL Corporation, CN=SSL.com RSA SSL subCA"
amn-n239-acc-247a-1.amn.nasa.gov,Yes,Yes,1,1,2026-05-21T22:49:28,2026-12-05T22:49:28,26532590585,"C=US, ST=Texas, L=Houston, O=SSL Corporation, CN=SSL.com RSA SSL subCA"
amn-n240-acc-239-1-stk.amn.nasa.gov,Yes,Yes,1,1,2026-05-21T22:48:59,2026-12-05T22:48:59,26532587419,"C=US, ST=Texas, L=Houston, O=SSL Corporation, CN=SSL.com RSA SSL subCA"
amn-n240-acc-239-2-stk.amn.nasa.gov,Yes,Yes,1,1,2026-05-21T22:48:15,2026-12-05T22:48:15,26532551800,"C=US, ST=Texas, L=Houston, O=SSL Corporation, CN=SSL.com RSA SSL subCA"
amn-n240-acc-239-3-stk.amn.nasa.gov,Yes,Yes,1,1,2026-05-21T22:41:23,2026-12-05T22:41:23,26532403698,"C=US, ST=Texas, L=Houston, O=SSL Corporation, CN=SSL.com RSA SSL subCA"
amn-n240-acc-239-4.amn.nasa.gov,Yes,Yes,1,1,2026-05-21T22:46:11,2026-12-05T22:46:11,26532497473,"C=US, ST=Texas, L=Houston, O=SSL Corporation, CN=SSL.com RSA SSL subCA"
amn-n240-acc-239-5-stk.amn.nasa.gov,Yes,Yes,1,1,2026-06-08T19:29:11,2026-12-23T19:29:11,27002883866,"C=US, O=SSL Corporation, CN=SSL.com TLS Issuing RSA CA R1"
amn-n240-acc-e101-1.amn.nasa.gov,Yes,Yes,1,1,2026-05-21T22:35:37,2026-12-05T22:35:37,26532312886,"C=US, ST=Texas, L=Houston, O=SSL Corporation, CN=SSL.com RSA SSL subCA"
amn-n240-acc-e144-1-stk.amn.nasa.gov,Yes,Yes,1,1,2026-05-21T22:47:37,2026-12-05T22:47:37,26532549446,"C=US, ST=Texas, L=Houston, O=SSL Corporation, CN=SSL.com RSA SSL subCA"
amn-n240-acc-e144-2.amn.nasa.gov,Yes,Yes,1,1,2026-05-21T22:40:55,2026-12-05T22:40:55,26532401733,"C=US, ST=Texas, L=Houston, O=SSL Corporation, CN=SSL.com RSA SSL subCA"
amn-n240-acc-e201-1.amn.nasa.gov,Yes,Yes,1,1,2026-05-21T22:40:11,2026-12-05T22:40:11,26532388912,"C=US, ST=Texas, L=Houston, O=SSL Corporation, CN=SSL.com RSA SSL subCA"
amn-n244-acc-105-1-stk.amn.nasa.gov,Yes,Yes,1,1,2026-05-21T22:37:31,2026-12-05T22:37:31,26532352538,"C=US, ST=Texas, L=Houston, O=SSL Corporation, CN=SSL.com RSA SSL subCA"
amn-n244-acc-105-2.amn.nasa.gov,Yes,Yes,1,1,2026-06-08T19:39:49,2026-12-23T19:39:49,27003074419,"C=US, O=SSL Corporation, CN=SSL.com TLS Issuing RSA CA R1"
amn-n244-acc-203a-1-stk.amn.nasa.gov,Yes,Yes,1,1,2026-05-21T22:37:54,2026-12-05T22:37:54,26532361388,"C=US, ST=Texas, L=Houston, O=SSL Corporation, CN=SSL.com RSA SSL subCA"
amn-n244-acc-203a-3-stk.amn.nasa.gov,Yes,Yes,1,1,2026-05-21T22:37:10,2026-12-05T22:37:10,26532342804,"C=US, ST=Texas, L=Houston, O=SSL Corporation, CN=SSL.com RSA SSL subCA"
amn-n244-acc-203a-4-stk.amn.nasa.gov,Yes,Yes,1,1,2026-05-21T22:36:47,2026-12-05T22:36:47,26532340061,"C=US, ST=Texas, L=Houston, O=SSL Corporation, CN=SSL.com RSA SSL subCA"
amn-n244-acc-303-1-stk.amn.nasa.gov,Yes,Yes,1,1,2026-05-22T17:29:29,2026-12-06T17:29:29,26555546485,"C=US, ST=Texas, L=Houston, O=SSL Corporation, CN=SSL.com RSA SSL subCA"
amn-n244-acc-303-2.amn.nasa.gov,Yes,Yes,1,1,2026-05-22T17:29:03,2026-12-06T17:29:03,26555532205,"C=US, ST=Texas, L=Houston, O=SSL Corporation, CN=SSL.com RSA SSL subCA"
amn-n244-acc-e5a-1.amn.nasa.gov,Yes,Yes,1,1,2026-05-21T22:47:01,2026-12-05T22:47:01,26532549326,"C=US, ST=Texas, L=Houston, O=SSL Corporation, CN=SSL.com RSA SSL subCA"
amn-n261-acc-d125-1.amn.nasa.gov,Yes,Yes,1,1,2026-05-21T22:45:23,2026-12-05T22:45:23,26532488781,"C=US, ST=Texas, L=Houston, O=SSL Corporation, CN=SSL.com RSA SSL subCA"
amn-n269-acc-167.amn.nasa.gov,Yes,Yes,1,1,2026-05-21T22:44:57,2026-12-05T22:44:57,26532492978,"C=US, ST=Texas, L=Houston, O=SSL Corporation, CN=SSL.com RSA SSL subCA"
ampb.larc.nasa.gov,No,Yes,1,1,2026-01-07T00:00:00,2026-12-10T23:59:59,23598652111,"C=US, O=DigiCert Inc, OU=www.digicert.com, CN=Thawte TLS RSA CA G1"
ams.nasa.gov,No,Yes,2,1,2026-07-19T10:48:48,2026-10-17T10:48:47,28063145278;28063160664,"C=US, O=Let's Encrypt, CN=YR1"
analytics.mas.nasa.gov,No,Yes,1,1,2025-12-01T00:00:00,2026-12-03T23:59:59,22849838481,"C=US, O=DigiCert Inc, OU=www.digicert.com, CN=Thawte TLS RSA CA G1"
analytics.nas.nasa.gov,Yes,Yes,1,1,2025-12-01T00:00:00,2026-12-03T23:59:59,22849838481,"C=US, O=DigiCert Inc, OU=www.digicert.com, CN=Thawte TLS RSA CA G1"
ankonken-test.ngap.sit.earthdata.nasa.gov,Yes,Yes,2,1,2026-05-20T00:00:00,2026-12-03T23:59:59,26480794806;26478480514,"C=US, O=Amazon, CN=Amazon RSA 2048 M04"
apd440.gsfc.nasa.gov,No,Yes,2,1,2026-06-09T00:00:00,2026-12-23T23:59:59,27215046706;27026055844,"C=US, O=Amazon, CN=Amazon RSA 2048 M01"
api.cerebro.cloud.earthdata.nasa.gov,Yes,Yes,1,1,2025-10-08T00:00:00,2026-11-05T23:59:59,21561187430,"C=US, O=Amazon, CN=Amazon RSA 2048 M01"
api.cerebro.proto-cba.ngap.sit.earthdata.nasa.gov,Yes,Yes,2,1,2026-06-09T00:00:00,2026-12-23T23:59:59,27015157626;27300678448,"C=US, O=Amazon, CN=Amazon RSA 2048 M01"
api.cnsldcumulus.prod1.earthdatacloud.nasa.gov,Yes,Yes,2,1,2026-04-21T00:00:00,2026-11-04T23:59:59,25639991900;25654900244,"C=US, O=Amazon, CN=Amazon RSA 2048 M01"
api.cnsldcumulus.prod2.earthdatacloud.nasa.gov,Yes,Yes,2,1,2026-05-27T00:00:00,2026-12-10T23:59:59,26683316445;26722788647,"C=US, O=Amazon, CN=Amazon RSA 2048 M04"
api.cnsldcumulus.prod3.earthdatacloud.nasa.gov,Yes,Yes,2,1,2026-05-26T00:00:00,2026-12-09T23:59:59,26663044653;26696285871,"C=US, O=Amazon, CN=Amazon RSA 2048 M01"
api.cnsldcumulus.prod4.earthdatacloud.nasa.gov,Yes,Yes,2,1,2026-05-26T00:00:00,2026-12-09T23:59:59,26665147636;26665294699,"C=US, O=Amazon, CN=Amazon RSA 2048 M01"
api.cnsldcumulus.uat1.earthdatacloud.nasa.gov,Yes,Yes,2,1,2026-05-12T00:00:00,2026-11-25T23:59:59,26424596888;26290308219,"C=US, O=Amazon, CN=Amazon RSA 2048 M04"
api.cnsldcumulus.uat2.earthdatacloud.nasa.gov,Yes,Yes,2,1,2026-05-21T00:00:00,2026-12-04T23:59:59,26521994677;26519391526,"C=US, O=Amazon, CN=Amazon RSA 2048 M01"
api.cnsldcumulus.uat3.earthdatacloud.nasa.gov,Yes,Yes,2,1,2026-05-27T00:00:00,2026-12-10T23:59:59,26728638262;26687685182,"C=US, O=Amazon, CN=Amazon RSA 2048 M04"
api.cnsldcumulus.uat4.earthdatacloud.nasa.gov,Yes,Yes,2,1,2026-05-28T00:00:00,2026-12-11T23:59:59,26760636872;26714251335,"C=US, O=Amazon, CN=Amazon RSA 2048 M04"
api.cumulus.sit.earthdata.nasa.gov,No,Yes,2,1,2026-06-08T00:00:00,2026-12-22T23:59:59,26985666388;26986508879,"C=US, O=Amazon, CN=Amazon RSA 2048 M01"
api.cumulus.uat.earthdata.nasa.gov,Yes,Yes,1,1,2025-09-18T00:00:00,2026-10-17T23:59:59,21110262579,"C=US, O=Amazon, CN=Amazon RSA 2048 M01"
api.dip-dev.amesaero.nasa.gov,Yes,Yes,2,1,2026-04-24T00:00:00,2026-11-07T23:59:59,25730389886;25991810520,"C=US, O=Amazon, CN=Amazon RSA 2048 M01"
api.intsvc.cloud.sit.earthdata.nasa.gov,No,Yes,1,1,2026-04-22T00:00:00,2026-11-05T23:59:59,25653813108,"C=US, O=Amazon, CN=Amazon RSA 2048 M04"
api.iss.nasa.gov,No,Yes,1,1,2026-03-30T00:00:00,2026-10-14T23:59:59,25274471906,"C=US, O=DigiCert Inc, OU=www.digicert.com, CN=GeoTrust TLS RSA CA G1"
api.laadsdaac.uat.earthdatacloud.nasa.gov,Yes,Yes,1,1,2025-10-14T00:00:00,2026-11-12T23:59:59,21707660970,"C=US, O=Amazon, CN=Amazon RSA 2048 M01"
api.lpdaac.earthdata.nasa.gov,No,Yes,1,1,2025-10-16T00:00:00,2026-11-13T23:59:59,21750317173,"C=US, O=Amazon, CN=Amazon RSA 2048 M01"
api.lpdaac.earthdatacloud.nasa.gov,No,Yes,1,1,2025-10-16T00:00:00,2026-11-13T23:59:59,21750317173,"C=US, O=Amazon, CN=Amazon RSA 2048 M01"
api.lpdaac.uat.earthdatacloud.nasa.gov,No,Yes,1,1,2025-10-08T00:00:00,2026-11-05T23:59:59,21561244668,"C=US, O=Amazon, CN=Amazon RSA 2048 M04"
api.mmt.earthdatacloud.nasa.gov,Yes,Yes,2,1,2026-04-05T00:00:00,2026-10-19T23:59:59,25404274739;25549744384,"C=US, O=Amazon, CN=Amazon RSA 2048 M01"
api.nsidc.sit.earthdatacloud.nasa.gov,Yes,Yes,2,1,2025-09-20T00:00:00,2026-10-18T23:59:59,21158225788;21147053088,"C=US, O=Amazon, CN=Amazon RSA 2048 M01"
api.nsidc.uat.earthdatacloud.nasa.gov,Yes,Yes,1,1,2025-09-11T00:00:00,2026-10-09T23:59:59,20934876030,"C=US, O=Amazon, CN=Amazon RSA 2048 M01"
api.ornldaac.sit.earthdatacloud.nasa.gov,Yes,Yes,2,1,2025-11-16T00:00:00,2026-12-15T23:59:59,22505689794;22504329859,"C=US, O=Amazon, CN=Amazon RSA 2048 M01"
api.search.sit.earthdatacloud.nasa.gov,Yes,Yes,2,1,2025-09-17T00:00:00,2026-10-16T23:59:59,21074374940;21073026380,"C=US, O=Amazon, CN=Amazon RSA 2048 M01"
api.uat.lpdaac.earthdata.nasa.gov,No,Yes,1,1,2025-10-08T00:00:00,2026-11-05T23:59:59,21561244668,"C=US, O=Amazon, CN=Amazon RSA 2048 M04"
api.wrf-chem-servir.smce.nasa.gov,No,Yes,2,1,2026-05-10T00:00:00,2026-11-23T23:59:59,26221148188;26219940502,"C=US, O=Amazon, CN=Amazon RSA 2048 M04"
apiksc.hqmce.nasa.gov,Yes,Yes,1,1,2026-05-11T00:00:00,2026-11-24T23:59:59,26242547955,"C=US, O=Amazon, CN=Amazon RSA 2048 M01"
apollo.ivv.nasa.gov,No,Yes,3,1,2026-04-29T00:00:00,2026-12-03T23:59:59,25952813031;25923352623;26470099980,"C=US, O=DigiCert Inc, CN=DigiCert Global G2 TLS RSA SHA256 2020 CA1"
app.wrf-chem-servir.smce.nasa.gov,No,Yes,2,1,2026-05-10T00:00:00,2026-11-23T23:59:59,26221148188;26219940502,"C=US, O=Amazon, CN=Amazon RSA 2048 M04"
appeears.earthdatacloud.nasa.gov,Yes,Yes,1,1,2025-10-19T00:00:00,2026-11-17T23:59:59,21818178962,"C=US, O=Amazon, CN=Amazon RSA 2048 M01"
appeears.sdbx-0.earthdatacloud.nasa.gov,Yes,Yes,1,1,2025-12-02T00:00:00,2026-12-31T23:59:59,22856563277,"C=US, O=Amazon, CN=Amazon RSA 2048 M01"
appeears.sdbx-1.earthdatacloud.nasa.gov,Yes,Yes,1,1,2025-12-02T00:00:00,2026-12-31T23:59:59,22855577274,"C=US, O=Amazon, CN=Amazon RSA 2048 M04"
appeears.sdbx-2.earthdatacloud.nasa.gov,Yes,Yes,1,1,2025-12-02T00:00:00,2026-12-31T23:59:59,22855810640,"C=US, O=Amazon, CN=Amazon RSA 2048 M01"
appeears.sdbx-3.earthdatacloud.nasa.gov,Yes,Yes,1,1,2025-12-02T00:00:00,2026-12-31T23:59:59,22856719422,"C=US, O=Amazon, CN=Amazon RSA 2048 M04"
appeears.sdbx-4.earthdatacloud.nasa.gov,Yes,Yes,1,1,2025-12-02T00:00:00,2026-12-31T23:59:59,22856814939,"C=US, O=Amazon, CN=Amazon RSA 2048 M04"
appel.nasa.gov,Yes,Yes,2,1,2026-04-15T00:00:00,2026-10-29T23:59:59,25553715459;25869569119,"C=US, O=Amazon, CN=Amazon RSA 2048 M04"
apps-couchdb.gd.m20.jpl.nasa.gov,Yes,Yes,1,1,2026-05-18T00:00:00,2026-12-01T23:59:59,26423154384,"C=US, O=Amazon, CN=Amazon RSA 2048 M01"
apps.jpl.nasa.gov,No,Yes,2,1,2026-05-05T00:00:00,2026-11-19T23:59:59,26158951094;26096868895,"C=CA, O=Entrust Limited, CN=Entrust OV TLS Issuing RSA CA 2"
apps.nasa.gov,No,Yes,14,2,2026-04-15T00:00:00,2026-10-30T23:59:59,25912718088;25912311865;25912326319;25912298162;25912307138;25553915065;25553908477;25553910929;25553923779;25553920234;25912338415;25553916818;25554161214;25912301922,"C=GB, O=Sectigo Limited, CN=Sectigo Public Server Authentication CA DV R36;C=CA, O=Entrust Limited, CN=Entrust DV TLS Issuing RSA CA 2"
apps.test.nasa.gov,No,Yes,4,2,2026-04-15T00:00:00,2026-12-02T23:59:59,26441226492;25553994932;25912505796;26441348909,"C=GB, O=Sectigo Limited, CN=Sectigo Public Server Authentication CA DV R36;C=CA, O=Entrust Limited, CN=Entrust DV TLS Issuing RSA CA 2"
apps.uat.nasa.gov,No,Yes,6,2,2025-11-06T00:00:00,2026-12-27T23:59:59,23457941075;22258485537;22258442655;25553994932;25912505796;23457911902,"C=GB, O=Sectigo Limited, CN=Sectigo Public Server Authentication CA DV R36;C=CA, O=Entrust Limited, CN=Entrust DV TLS Issuing RSA CA 2"
apps01ca.jpl.nasa.gov,Yes,Yes,2,1,2026-05-05T00:00:00,2026-11-19T23:59:59,26158951094;26096868895,"C=CA, O=Entrust Limited, CN=Entrust OV TLS Issuing RSA CA 2"
ar-vg-n254-131-mssba.arc.nasa.gov,Yes,Yes,1,1,2026-05-13T00:00:00,2026-11-27T23:59:59,26318236886,"C=US, O=DigiCert Inc, CN=DigiCert Global G2 TLS RSA SHA256 2020 CA1"
arc-relay.ndc.nasa.gov,No,Yes,2,1,2025-11-11T00:00:00,2026-12-11T23:59:59,22393320105;22393343612,"C=CA, O=Entrust Limited, CN=Entrust DV TLS Issuing RSA CA 2"
archive.podaac.sit.earthdata.nasa.gov,No,Yes,2,1,2026-06-17T00:00:00,2026-12-31T23:59:59,27247514806;27331098010,"C=US, O=Amazon, CN=Amazon RSA 2048 M01"
archive.podaac.uat.earthdata.nasa.gov,Yes,Yes,2,1,2026-05-13T00:00:00,2026-11-26T23:59:59,26298210958;26302154855,"C=US, O=Amazon, CN=Amazon RSA 2048 M01"
archive.swot.podaac.sit.earthdata.nasa.gov,No,Yes,2,1,2026-06-17T00:00:00,2026-12-31T23:59:59,27250801031;27666954859,"C=US, O=Amazon, CN=Amazon RSA 2048 M04"
archive.swot.podaac.uat.earthdata.nasa.gov,Yes,Yes,1,1,2025-11-25T00:00:00,2026-12-23T23:59:59,22717517398,"C=US, O=Amazon, CN=Amazon RSA 2048 M01"
archiveapi-3430765158.auto.earthdatacloud.nasa.gov,Yes,Yes,2,1,2026-05-11T00:00:00,2026-11-24T23:59:59,26265557178;26264712068,"C=US, O=Amazon, CN=Amazon RSA 2048 M04"
archiveuatapi-3741558667.auto.earthdatacloud.nasa.gov,Yes,Yes,2,1,2026-05-06T00:00:00,2026-11-19T23:59:59,26133499829;26127991259,"C=US, O=Amazon, CN=Amazon RSA 2048 M01"
arcvpn.nasa.gov,No,Yes,1,1,2026-04-01T00:00:00,2026-10-16T23:59:59,25313413848,"C=US, O=DigiCert Inc, CN=DigiCert Global G2 TLS RSA SHA256 2020 CA1"
ares.jsc.nasa.gov,Yes,Yes,2,1,2025-09-12T00:00:00,2026-10-13T23:59:59,20978829169;20976702597,"C=US, O=DigiCert Inc, OU=www.digicert.com, CN=GeoTrust TLS RSA CA G1"
artemislibrary.ivv.nasa.gov,No,Yes,4,1,2026-04-29T00:00:00,2026-12-03T23:59:59,25952813031;25923352623;26470099980;25924315102,"C=US, O=DigiCert Inc, CN=DigiCert Global G2 TLS RSA SHA256 2020 CA1"
artemislibrarypre.ivv.nasa.gov,No,Yes,4,1,2026-04-29T00:00:00,2026-12-03T23:59:59,25952813031;25923352623;26470099980;25952926190,"C=US, O=DigiCert Inc, CN=DigiCert Global G2 TLS RSA SHA256 2020 CA1"
artifactory-uat.jpl.nasa.gov,Yes,Yes,2,1,2026-06-01T00:00:00,2026-12-16T23:59:59,26803840530;26803821444,"C=CA, O=Entrust Limited, CN=Entrust OV TLS Issuing RSA CA 2"
artifactory.amesaero.nasa.gov,Yes,Yes,1,1,2025-10-14T00:00:00,2026-11-12T23:59:59,21708132890,"C=US, O=Amazon, CN=Amazon RSA 2048 M04"
artifacts.etq.uat.earthdatacloud.nasa.gov,Yes,Yes,7,2,2026-05-08T00:00:00,2026-12-30T23:59:59,26311399186;27328170798;26336584250;27241059067;26321565536;26177015476;26177014796,"C=US, O=Amazon, CN=Amazon RSA 2048 M04;C=US, O=Amazon, CN=Amazon RSA 2048 M01"
artifacts.nasa.gov,No,Yes,15,3,2025-09-16T00:00:00,2026-10-30T23:59:59,25912718088;25912311865;25912326319;25912298162;25912307138;25553915065;21063781145;25553908477;25553910929;25553923779;25553920234;25912338415;25553916818;25554161214;25912301922,"C=GB, O=Sectigo Limited, CN=Sectigo Public Server Authentication CA DV R36;C=CA, O=Entrust Limited, CN=Entrust DV TLS Issuing RSA CA 2;C=US, O=Amazon, CN=Amazon RSA 2048 M01"
artifacts.uat.nasa.gov,No,Yes,6,2,2025-11-06T00:00:00,2026-12-27T23:59:59,23457941075;22258485537;22258442655;25553994932;25912505796;23457911902,"C=GB, O=Sectigo Limited, CN=Sectigo Public Server Authentication CA DV R36;C=CA, O=Entrust Limited, CN=Entrust DV TLS Issuing RSA CA 2"
arttest.hosc.msfc.nasa.gov,Yes,Yes,1,1,2025-09-15T00:00:00,2026-10-16T23:59:59,21039115690,"C=US, O=DigiCert Inc, CN=DigiCert Global G2 TLS RSA SHA256 2020 CA1"
arttestms.hosc.msfc.nasa.gov,No,Yes,1,1,2025-09-15T00:00:00,2026-10-16T23:59:59,21039115690,"C=US, O=DigiCert Inc, CN=DigiCert Global G2 TLS RSA SHA256 2020 CA1"
arttestowa.hosc.msfc.nasa.gov,No,Yes,1,1,2025-09-15T00:00:00,2026-10-16T23:59:59,21039115690,"C=US, O=DigiCert Inc, CN=DigiCert Global G2 TLS RSA SHA256 2020 CA1"
arttestsk.hosc.msfc.nasa.gov,No,Yes,1,1,2025-09-15T00:00:00,2026-10-16T23:59:59,21039115690,"C=US, O=DigiCert Inc, CN=DigiCert Global G2 TLS RSA SHA256 2020 CA1"
arttestsp.hosc.msfc.nasa.gov,No,Yes,1,1,2025-09-15T00:00:00,2026-10-16T23:59:59,21039115690,"C=US, O=DigiCert Inc, CN=DigiCert Global G2 TLS RSA SHA256 2020 CA1"
as3.winmd.ird.appdat.jsc.nasa.gov,Yes,Yes,2,1,2026-07-22T03:50:35,2026-10-20T03:50:34,28143295106;28143586072,"C=US, O=Let's Encrypt, CN=YR2"
asapdata.arc.nasa.gov,Yes,Yes,2,1,2026-06-16T00:00:00,2026-12-31T23:59:59,27235566250;27235503026,"C=GB, O=Sectigo Limited, CN=Sectigo Public Server Authentication CA DV R36"
ascan-artemis2.ivv.nasa.gov,No,Yes,4,1,2026-04-29T00:00:00,2026-12-03T23:59:59,25952813031;25923352623;26470099980;25924315102,"C=US, O=DigiCert Inc, CN=DigiCert Global G2 TLS RSA SHA256 2020 CA1"
ascan-artemis2pre.ivv.nasa.gov,No,Yes,3,1,2026-04-30T00:00:00,2026-12-03T23:59:59,25952813031;26470099980;25952926190,"C=US, O=DigiCert Inc, CN=DigiCert Global G2 TLS RSA SHA256 2020 CA1"
ascan.ivv.nasa.gov,No,Yes,4,1,2026-04-29T00:00:00,2026-12-03T23:59:59,25952813031;25923352623;26470099980;25924315102,"C=US, O=DigiCert Inc, CN=DigiCert Global G2 TLS RSA SHA256 2020 CA1"
ascanpre.ivv.nasa.gov,No,Yes,4,1,2026-04-29T00:00:00,2026-12-03T23:59:59,25952813031;25923352623;26470099980;25952926190,"C=US, O=DigiCert Inc, CN=DigiCert Global G2 TLS RSA SHA256 2020 CA1"
asct.jpl.nasa.gov,No,Yes,2,1,2025-10-12T00:00:00,2026-10-12T23:59:59,21669941841;21669977189,"C=CA, O=Entrust Limited, CN=Entrust OV TLS Issuing RSA CA 2"
asdc-gitlab-2.larc.nasa.gov,No,Yes,1,1,2026-05-06T00:00:00,2026-11-20T23:59:59,26122191012,"C=US, O=DigiCert Inc, OU=www.digicert.com, CN=Thawte TLS RSA CA G1"
asdc-gitlab.larc.nasa.gov,Yes,Yes,1,1,2026-05-06T00:00:00,2026-11-20T23:59:59,26122191012,"C=US, O=DigiCert Inc, OU=www.digicert.com, CN=Thawte TLS RSA CA G1"
asdc-registry.larc.nasa.gov,Yes,Yes,1,1,2026-05-12T00:00:00,2026-11-26T23:59:59,26289549997,"C=US, O=DigiCert Inc, OU=www.digicert.com, CN=Thawte TLS RSA CA G1"
asdc.larc.nasa.gov,Yes,Yes,1,1,2025-11-13T00:00:00,2026-11-19T23:59:59,22445288761,"C=US, O=DigiCert Inc, OU=www.digicert.com, CN=Thawte TLS RSA CA G1"
asdc.uat.larc.nasa.gov,Yes,Yes,1,1,2025-11-13T00:00:00,2026-11-18T23:59:59,22444798292,"C=US, O=DigiCert Inc, OU=www.digicert.com, CN=Thawte TLS RSA CA G1"
asdcjira.larc.nasa.gov,Yes,Yes,1,1,2026-05-12T00:00:00,2026-11-26T23:59:59,26289564464,"C=US, O=DigiCert Inc, OU=www.digicert.com, CN=Thawte TLS RSA CA G1"
asfdisplacement-79995621.auto.earthdatacloud.nasa.gov,Yes,Yes,1,1,2025-11-13T00:00:00,2026-12-12T23:59:59,22427687276,"C=US, O=Amazon, CN=Amazon RSA 2048 M01"
asfsearchvertex-3131310626.auto.earthdatacloud.nasa.gov,Yes,Yes,1,1,2025-11-13T00:00:00,2026-12-12T23:59:59,22426909288,"C=US, O=Amazon, CN=Amazon RSA 2048 M01"
asfvertex-168853458.auto.earthdatacloud.nasa.gov,Yes,Yes,1,1,2025-10-06T00:00:00,2026-11-04T23:59:59,21511829292,"C=US, O=Amazon, CN=Amazon RSA 2048 M04"
asfwebcntnt-87230363.auto.earthdatacloud.nasa.gov,Yes,Yes,2,1,2025-09-23T00:00:00,2026-10-22T23:59:59,21217166853;21215338033,"C=US, O=Amazon, CN=Amazon RSA 2048 M04"
asfwebs3-3210670779.auto.earthdatacloud.nasa.gov,Yes,Yes,2,1,2025-10-01T00:00:00,2026-10-30T23:59:59,21388284707;21386620532,"C=US, O=Amazon, CN=Amazon RSA 2048 M04"
asis-install1.jpl.nasa.gov,Yes,Yes,2,1,2026-04-13T00:00:00,2026-10-28T23:59:59,25860723052;25526575239,"C=CA, O=Entrust Limited, CN=Entrust OV TLS Issuing RSA CA 2"
asis-install2.jpl.nasa.gov,Yes,Yes,2,1,2026-04-13T00:00:00,2026-10-28T23:59:59,25859993178;25526247950,"C=CA, O=Entrust Limited, CN=Entrust OV TLS Issuing RSA CA 2"
asis-repo.jpl.nasa.gov,No,Yes,4,1,2025-11-19T00:00:00,2026-11-19T23:59:59,25526644803;25860961795;22576675720;22576656036,"C=CA, O=Entrust Limited, CN=Entrust OV TLS Issuing RSA CA 2"
asis-repo1.jpl.nasa.gov,Yes,Yes,2,1,2026-04-13T00:00:00,2026-10-28T23:59:59,25526644803;25860961795,"C=CA, O=Entrust Limited, CN=Entrust OV TLS Issuing RSA CA 2"
asis-repo2.jpl.nasa.gov,Yes,Yes,2,1,2025-11-19T00:00:00,2026-11-19T23:59:59,22576656036;22576675720,"C=CA, O=Entrust Limited, CN=Entrust OV TLS Issuing RSA CA 2"
assets-s.science.nasa.gov,Yes,Yes,1,1,2025-12-17T00:00:00,2026-12-22T23:59:59,23167786016,"C=US, O=DigiCert Inc, CN=DigiCert Global G2 TLS RSA SHA256 2020 CA1"
assets.developer.nasa.gov,No,Yes,4,1,2026-03-25T00:00:00,2026-10-09T23:59:59,25220086879;25216734825;25220105694;25216718827,"C=CA, O=Entrust Limited, CN=Entrust OV TLS Issuing RSA CA 2"
assets.science.nasa.gov,Yes,Yes,1,1,2025-12-17T00:00:00,2026-12-17T23:59:59,23181921076,"C=US, O=DigiCert Inc, CN=DigiCert Global G2 TLS RSA SHA256 2020 CA1"
astrobiology.gsfc.nasa.gov,Yes,Yes,1,1,2026-04-27T00:00:00,2026-11-10T23:59:59,25832623874,"C=US, O=Amazon, CN=Amazon RSA 2048 M01"
astrogeo.sciencecloud.nasa.gov,Yes,Yes,2,1,2026-07-21T18:52:54,2026-10-19T18:52:53,28132767658;28132768426,"C=US, O=Let's Encrypt, CN=YE2"
astromaterials.jsc.nasa.gov,No,Yes,2,1,2025-09-12T00:00:00,2026-10-13T23:59:59,20978829169;20976702597,"C=US, O=DigiCert Inc, OU=www.digicert.com, CN=GeoTrust TLS RSA CA G1"
astronautappearances.nasa.gov,Yes,Yes,2,1,2026-05-23T00:00:00,2026-12-06T23:59:59,26563115197;26568742612,"C=US, O=Amazon, CN=Amazon RSA 2048 M01"
asttro-unstable.gd.m20.jpl.nasa.gov,Yes,Yes,1,1,2026-06-02T00:00:00,2026-12-16T23:59:59,26812616980,"C=US, O=Amazon, CN=Amazon RSA 2048 M01"
asttro.sops.m20.jpl.nasa.gov,Yes,Yes,1,1,2025-09-30T00:00:00,2026-10-29T23:59:59,21377546927,"C=US, O=Amazon, CN=Amazon RSA 2048 M04"
asttro.train.m20.jpl.nasa.gov,Yes,Yes,1,1,2025-10-16T00:00:00,2026-11-14T23:59:59,21764104133,"C=US, O=Amazon, CN=Amazon RSA 2048 M01"
at.nasa.gov,Yes,Yes,2,1,2025-10-07T00:00:00,2026-11-06T23:59:59,21555375705;21555355672,"C=CA, O=Entrust Limited, CN=Entrust DV TLS Issuing RSA CA 2"
athenam.ndc.nasa.gov,No,Yes,14,2,2026-04-15T00:00:00,2026-10-30T23:59:59,25912718088;25912311865;25912326319;25912298162;25912307138;25553915065;25553908477;25553910929;25553923779;25553920234;25912338415;25553916818;25554161214;25912301922,"C=GB, O=Sectigo Limited, CN=Sectigo Public Server Authentication CA DV R36;C=CA, O=Entrust Limited, CN=Entrust DV TLS Issuing RSA CA 2"
atjsvnpf104.at.nasa.gov,No,Yes,2,1,2025-10-07T00:00:00,2026-11-06T23:59:59,21555375705;21555355672,"C=CA, O=Entrust Limited, CN=Entrust DV TLS Issuing RSA CA 2"
atjsvsmtp101.at.nasa.gov,No,Yes,2,1,2025-10-07T00:00:00,2026-11-06T23:59:59,21555375705;21555355672,"C=CA, O=Entrust Limited, CN=Entrust DV TLS Issuing RSA CA 2"
atl.jpl.nasa.gov,No,Yes,2,1,2025-12-04T00:00:00,2026-12-04T23:59:59,22908111525;22908134556,"C=CA, O=Entrust Limited, CN=Entrust OV TLS Issuing RSA CA 2"
atlas.nasa.gov,Yes,Yes,1,1,2026-04-02T00:00:00,2026-10-16T23:59:59,25315148334,"C=US, O=Amazon, CN=Amazon RSA 2048 M04"
atmjira.arc.nasa.gov,Yes,Yes,1,1,2026-04-23T15:13:55,2026-11-07T15:13:55,25719789729,"C=US, ST=Texas, L=Houston, O=SSL Corporation, CN=SSL.com RSA SSL subCA"
atmospheres.gsfc.nasa.gov,No,Yes,2,1,2026-07-22T12:25:25,2026-10-20T12:25:24,28153629149;28153625557,"C=US, O=Let's Encrypt, CN=YE1"
atmospheric-propagation.sciencecloud.nasa.gov,No,Yes,2,1,2026-07-21T18:52:54,2026-10-19T18:52:53,28132767658;28132768426,"C=US, O=Let's Encrypt, CN=YE2"
atmsdev.amesaero.nasa.gov,Yes,Yes,1,1,2026-05-13T00:00:00,2026-11-26T23:59:59,26317079732,"C=US, O=Amazon, CN=Amazon RSA 2048 M04"
atmsvex1901-pub.at.nasa.gov,No,Yes,2,1,2025-10-21T00:00:00,2026-11-19T23:59:59,21892411885;21892385209,"C=CA, O=Entrust Limited, CN=Entrust DV TLS Issuing RSA CA 2"
atmsvex1901.at.nasa.gov,No,Yes,2,1,2025-10-21T00:00:00,2026-11-19T23:59:59,21892411885;21892385209,"C=CA, O=Entrust Limited, CN=Entrust DV TLS Issuing RSA CA 2"
atmsvnpf104.at.nasa.gov,No,Yes,2,1,2025-10-07T00:00:00,2026-11-06T23:59:59,21555375705;21555355672,"C=CA, O=Entrust Limited, CN=Entrust DV TLS Issuing RSA CA 2"
atom.nasa.gov,Yes,Yes,2,1,2026-03-25T00:00:00,2026-10-09T23:59:59,25217568216;25217583290,"C=CA, O=Entrust Limited, CN=Entrust OV TLS Issuing RSA CA 2"
ats.ivv.nasa.gov,No,Yes,4,1,2026-04-29T00:00:00,2026-12-03T23:59:59,25952813031;27266546514;25923352623;26470099980,"C=US, O=DigiCert Inc, CN=DigiCert Global G2 TLS RSA SHA256 2020 CA1"
atspre.ivv.nasa.gov,No,Yes,4,1,2026-04-29T00:00:00,2026-12-03T23:59:59,25952813031;27234412079;25923352623;26470099980,"C=US, O=DigiCert Inc, CN=DigiCert Global G2 TLS RSA SHA256 2020 CA1"
aura.gsfc.nasa.gov,Yes,Yes,1,1,2025-09-12T00:00:00,2026-10-11T23:59:59,20971870855,"C=US, O=Amazon, CN=Amazon RSA 2048 M04"
auth.aao.nasa.gov,No,Yes,4,1,2025-09-29T00:00:00,2026-12-18T23:59:59,21348422864;26858978624;21348439766;26858944720,"C=CA, O=Entrust Limited, CN=Entrust DV TLS Issuing RSA CA 2"
auth.csdap.earthdatacloud.nasa.gov,Yes,Yes,2,1,2026-06-04T00:00:00,2026-12-18T23:59:59,27046739116;26887302612,"C=US, O=Amazon, CN=Amazon RSA 2048 M01"
auth.csdap.sit.earthdatacloud.nasa.gov,Yes,Yes,2,1,2025-10-07T00:00:00,2026-11-04T23:59:59,21541169301;21539702791,"C=US, O=Amazon, CN=Amazon RSA 2048 M01"
auth.csdap.uat.earthdatacloud.nasa.gov,Yes,Yes,1,1,2025-11-01T00:00:00,2026-11-29T23:59:59,22130843845,"C=US, O=Amazon, CN=Amazon RSA 2048 M01"
auth.dev.gcn.nasa.gov,Yes,Yes,1,1,2025-11-28T00:00:00,2026-12-27T23:59:59,22774997140,"C=US, O=Amazon, CN=Amazon RSA 2048 M04"
auth.dip-dev.amesaero.nasa.gov,Yes,Yes,2,1,2026-04-21T00:00:00,2026-11-04T23:59:59,25624738796;25965829832,"C=US, O=Amazon, CN=Amazon RSA 2048 M01"
auth.gcn.nasa.gov,Yes,Yes,1,1,2025-11-28T00:00:00,2026-12-27T23:59:59,22774801550,"C=US, O=Amazon, CN=Amazon RSA 2048 M01"
auth.iss.nasa.gov,No,Yes,1,1,2026-03-30T00:00:00,2026-10-14T23:59:59,25274471906,"C=US, O=DigiCert Inc, OU=www.digicert.com, CN=GeoTrust TLS RSA CA G1"
auth.sandbox.sciencecloud.nasa.gov,Yes,Yes,14,2,2026-04-23T00:00:00,2026-12-15T23:59:59,26803857799;25712821789;26522992679;26499852549;26362372240;26471871501;26005776367;26855321905;26095021388;26495880459;26522536907;26520390929;26446396670;26807906484,"C=US, O=Amazon, CN=Amazon RSA 2048 M04;C=US, O=Amazon, CN=Amazon RSA 2048 M01"
auth.sciencecloud.nasa.gov,Yes,Yes,3,2,2026-04-15T00:00:00,2026-10-30T23:59:59,25894886230;25535861502;25546577368,"C=US, O=Amazon, CN=Amazon RSA 2048 M04;C=US, O=Amazon, CN=Amazon RSA 2048 M01"
auth.test.gcn.nasa.gov,Yes,Yes,1,1,2025-11-28T00:00:00,2026-12-27T23:59:59,22775654858,"C=US, O=Amazon, CN=Amazon RSA 2048 M04"
author-assets-s.science.nasa.gov,Yes,Yes,1,1,2025-12-17T00:00:00,2026-12-22T23:59:59,23167818835,"C=US, O=DigiCert Inc, CN=DigiCert Global G2 TLS RSA SHA256 2020 CA1"
author-assets.science.nasa.gov,Yes,Yes,1,1,2025-12-17T00:00:00,2026-12-17T23:59:59,23181985870,"C=US, O=DigiCert Inc, CN=DigiCert Global G2 TLS RSA SHA256 2020 CA1"
authtest.sandbox.sciencecloud.nasa.gov,Yes,Yes,4,2,2026-05-12T00:00:00,2026-11-25T23:59:59,26395472514;26297633097;26294628946;26284864523,"C=US, O=Amazon, CN=Amazon RSA 2048 M04;C=US, O=Amazon, CN=Amazon RSA 2048 M01"
autodiscover.at.nasa.gov,Yes,Yes,2,1,2025-10-21T00:00:00,2026-11-19T23:59:59,21892411885;21892385209,"C=CA, O=Entrust Limited, CN=Entrust DV TLS Issuing RSA CA 2"
autodiscover.cdscc.nasa.gov,No,Yes,6,1,2026-05-19T00:00:00,2026-12-03T23:59:59,26455555227;26455965657;26455876909;26455852382;26455594833;26455995187,"C=CA, O=Entrust Limited, CN=Entrust OV TLS Issuing RSA CA 2"
autodiscover.jpl.nasa.gov,No,Yes,2,1,2025-11-06T00:00:00,2026-11-06T23:59:59,22268659074;22268644858,"C=CA, O=Entrust Limited, CN=Entrust OV TLS Issuing RSA CA 2"
avatars.developer.nasa.gov,No,Yes,4,1,2026-03-25T00:00:00,2026-10-09T23:59:59,25220086879;25216734825;25220105694;25216718827,"C=CA, O=Entrust Limited, CN=Entrust OV TLS Issuing RSA CA 2"
avdc.gsfc.nasa.gov,Yes,Yes,2,1,2026-07-14T07:33:21,2026-10-12T07:33:20,27921160748;27921126577,"C=US, O=Let's Encrypt, CN=YR1"
avdc1.gsfc.nasa.gov,No,Yes,2,1,2026-07-14T07:33:21,2026-10-12T07:33:20,27921160748;27921126577,"C=US, O=Let's Encrypt, CN=YR1"
aviris.jpl.nasa.gov,No,Yes,2,1,2025-12-04T00:00:00,2026-12-04T23:59:59,22908111525;22908134556,"C=CA, O=Entrust Limited, CN=Entrust OV TLS Issuing RSA CA 2"
avirisng.jpl.nasa.gov,No,Yes,2,1,2025-12-04T00:00:00,2026-12-04T23:59:59,22908111525;22908134556,"C=CA, O=Entrust Limited, CN=Entrust OV TLS Issuing RSA CA 2"
avng.jpl.nasa.gov,Yes,Yes,2,1,2026-05-11T00:00:00,2026-11-25T23:59:59,26257694179;26257765097,"C=CA, O=Entrust Limited, CN=Entrust OV TLS Issuing RSA CA 2"
awards.ivv.nasa.gov,No,Yes,4,1,2026-04-29T00:00:00,2026-12-03T23:59:59,25952813031;25923352623;26470099980;25924315102,"C=US, O=DigiCert Inc, CN=DigiCert Global G2 TLS RSA SHA256 2020 CA1"
awardspre.ivv.nasa.gov,No,Yes,4,1,2026-04-29T00:00:00,2026-12-03T23:59:59,25952813031;25923352623;26470099980;25952926190,"C=US, O=DigiCert Inc, CN=DigiCert Global G2 TLS RSA SHA256 2020 CA1"
aws-inventory.hqmce.nasa.gov,Yes,Yes,1,1,2026-06-09T00:00:00,2026-12-23T23:59:59,27030230056,"C=US, O=Amazon, CN=Amazon RSA 2048 M01"
b34zlctq14jtpr.intsvc.cloud.earthdata.nasa.gov,Yes,Yes,1,1,2026-06-15T00:00:00,2026-12-29T23:59:59,27197077246,"C=US, O=Amazon, CN=Amazon RSA 2048 M04"
b3b9trdm1w083v.intsvc.cloud.earthdata.nasa.gov,Yes,Yes,1,1,2025-11-18T00:00:00,2026-12-17T23:59:59,22550432015,"C=US, O=Amazon, CN=Amazon RSA 2048 M01"
backup.inf.earthdata.nasa.gov,Yes,Yes,2,1,2025-10-31T00:00:00,2026-11-30T23:59:59,22121666281;22121653968,"C=CA, O=Entrust Limited, CN=Entrust DV TLS Issuing RSA CA 2"
bam.ivv.nasa.gov,No,Yes,3,1,2026-04-29T00:00:00,2026-12-03T23:59:59,25952813031;25923352623;26470099980,"C=US, O=DigiCert Inc, CN=DigiCert Global G2 TLS RSA SHA256 2020 CA1"
bastion.satcorps.smce.nasa.gov,Yes,Yes,2,1,2026-07-13T10:40:30,2026-10-11T10:40:29,27897660277;27897653074,"C=US, O=Let's Encrypt, CN=YE1"
bcc.jsc.nasa.gov,Yes,Yes,1,1,2025-09-16T00:00:00,2026-10-17T23:59:59,21063845996,"C=US, O=DigiCert Inc, CN=DigiCert Global G2 TLS RSA SHA256 2020 CA1"
beacon.jpl.nasa.gov,No,Yes,2,1,2025-12-04T00:00:00,2026-12-04T23:59:59,22908111525;22908134556,"C=CA, O=Entrust Limited, CN=Entrust OV TLS Issuing RSA CA 2"
beautifulearth.gsfc.nasa.gov,No,Yes,2,1,2026-07-22T12:25:25,2026-10-20T12:25:24,28153629149;28153625557,"C=US, O=Let's Encrypt, CN=YE1"
benext.astg.smce.nasa.gov,Yes,Yes,2,1,2026-07-22T09:28:57,2026-10-20T09:28:56,28150065825;28150065317,"C=US, O=Let's Encrypt, CN=YE2"
bets-auth-api.gsfc.nasa.gov,Yes,Yes,2,1,2026-04-15T00:00:00,2026-10-29T23:59:59,25858156808;25546946039,"C=US, O=Amazon, CN=Amazon RSA 2048 M01"
bets-dev-auth-api.gsfc.nasa.gov,Yes,Yes,1,1,2025-11-16T00:00:00,2026-12-15T23:59:59,22502357720,"C=US, O=Amazon, CN=Amazon RSA 2048 M01"
bets-dev.gsfc.nasa.gov,Yes,Yes,2,1,2025-11-11T00:00:00,2026-12-10T23:59:59,22379170919;22380581007,"C=US, O=Amazon, CN=Amazon RSA 2048 M01"
bets-prod.gsfc.nasa.gov,Yes,Yes,1,1,2026-04-27T00:00:00,2026-11-10T23:59:59,25832205258,"C=US, O=Amazon, CN=Amazon RSA 2048 M04"
bets-test.gsfc.nasa.gov,Yes,Yes,2,1,2026-06-09T00:00:00,2026-12-23T23:59:59,27014672416;27300905952,"C=US, O=Amazon, CN=Amazon RSA 2048 M01"
bigbang.gsfc.nasa.gov,Yes,Yes,1,1,2025-11-25T00:00:00,2026-12-26T23:59:59,22729358972,"C=US, O=DigiCert Inc, CN=DigiCert Global G2 TLS RSA SHA256 2020 CA1"
biostar.jpl.nasa.gov,No,Yes,2,1,2025-12-04T00:00:00,2026-12-04T23:59:59,22908111525;22908134556,"C=CA, O=Entrust Limited, CN=Entrust OV TLS Issuing RSA CA 2"
bit-imaging.sops.m20.jpl.nasa.gov,Yes,Yes,1,1,2025-09-30T00:00:00,2026-10-29T23:59:59,21376916714,"C=US, O=Amazon, CN=Amazon RSA 2048 M01"
bmdb.jpl.nasa.gov,No,Yes,2,1,2026-05-19T00:00:00,2026-12-03T23:59:59,26472923142;26476566707,"C=CA, O=Entrust Limited, CN=Entrust OV TLS Issuing RSA CA 2"
bmoc.jwst.nasa.gov,No,Yes,2,1,2025-10-28T11:11:29,2026-10-28T11:11:29,22060588248;22065818941,"C=US, ST=Texas, L=Houston, O=SSL Corporation, CN=SSL.com RSA SSL subCA"
boeo.nasa.gov,No,Yes,6,2,2025-09-29T00:00:00,2026-12-18T23:59:59,26858944720;21348422864;25554011260;21348439766;25912528451;26858978624,"C=GB, O=Sectigo Limited, CN=Sectigo Public Server Authentication CA DV R36;C=CA, O=Entrust Limited, CN=Entrust DV TLS Issuing RSA CA 2"
boeo.uat.nasa.gov,No,Yes,6,2,2025-11-06T00:00:00,2026-12-27T23:59:59,23457941075;22258485537;25554011260;22258442655;25912528451;23457911902,"C=GB, O=Sectigo Limited, CN=Sectigo Public Server Authentication CA DV R36;C=CA, O=Entrust Limited, CN=Entrust DV TLS Issuing RSA CA 2"
bootstrap.events.luna.nasa.gov,Yes,Yes,2,1,2026-07-22T12:43:15,2026-10-20T12:43:14,28153952506;28153959886,"C=US, O=Let's Encrypt, CN=YR2"
box-external-low.nasa.gov,Yes,Yes,2,1,2026-06-08T00:00:00,2026-12-22T23:59:59,26997422515;27199097967,"C=US, O=Amazon, CN=Amazon RSA 2048 M01"
bqjqvv5ama2obx.intsvc.cloud.earthdata.nasa.gov,Yes,Yes,1,1,2025-12-02T00:00:00,2026-12-31T23:59:59,22869393560,"C=US, O=Amazon, CN=Amazon RSA 2048 M01"
brainbites.nasa.gov,No,Yes,1,1,2025-09-16T00:00:00,2026-10-14T23:59:59,21063781145,"C=US, O=Amazon, CN=Amazon RSA 2048 M01"
bready-dev.nasa.gov,No,Yes,4,2,2025-11-13T00:00:00,2026-12-13T23:59:59,22448168897;22448182796;25554011260;25912528451,"C=GB, O=Sectigo Limited, CN=Sectigo Public Server Authentication CA DV R36;C=CA, O=Entrust Limited, CN=Entrust DV TLS Issuing RSA CA 2"
bready-staging.nasa.gov,No,Yes,6,2,2025-11-06T00:00:00,2026-12-27T23:59:59,23457941075;22258485537;25554011260;22258442655;25912528451;23457911902,"C=GB, O=Sectigo Limited, CN=Sectigo Public Server Authentication CA DV R36;C=CA, O=Entrust Limited, CN=Entrust DV TLS Issuing RSA CA 2"
bready.nasa.gov,No,Yes,6,2,2025-09-29T00:00:00,2026-12-18T23:59:59,26858944720;21348422864;25554011260;21348439766;25912528451;26858978624,"C=GB, O=Sectigo Limited, CN=Sectigo Public Server Authentication CA DV R36;C=CA, O=Entrust Limited, CN=Entrust DV TLS Issuing RSA CA 2"
brizo.ivv.nasa.gov,Yes,Yes,4,1,2026-04-29T00:00:00,2026-12-03T23:59:59,27500477976;25952813031;25923352623;26470099980,"C=US, O=DigiCert Inc, CN=DigiCert Global G2 TLS RSA SHA256 2020 CA1"
broker-0.events.luna.nasa.gov,No,Yes,2,1,2026-07-22T12:43:15,2026-10-20T12:43:14,28153952506;28153959886,"C=US, O=Let's Encrypt, CN=YR2"
broker-1.events.luna.nasa.gov,No,Yes,2,1,2026-07-22T12:43:15,2026-10-20T12:43:14,28153952506;28153959886,"C=US, O=Let's Encrypt, CN=YR2"
broker-2.events.luna.nasa.gov,No,Yes,2,1,2026-07-22T12:43:15,2026-10-20T12:43:14,28153952506;28153959886,"C=US, O=Let's Encrypt, CN=YR2"
brr.nasa.gov,No,Yes,6,2,2025-09-29T00:00:00,2026-12-18T23:59:59,26858944720;21348422864;25554004114;25912523305;21348439766;26858978624,"C=GB, O=Sectigo Limited, CN=Sectigo Public Server Authentication CA DV R36;C=CA, O=Entrust Limited, CN=Entrust DV TLS Issuing RSA CA 2"
brr.uat.nasa.gov,No,Yes,6,2,2025-11-06T00:00:00,2026-12-27T23:59:59,23457941075;22258485537;25554004114;25912523305;22258442655;23457911902,"C=GB, O=Sectigo Limited, CN=Sectigo Public Server Authentication CA DV R36;C=CA, O=Entrust Limited, CN=Entrust DV TLS Issuing RSA CA 2"
bugs.earthdata.nasa.gov,Yes,Yes,2,1,2025-11-20T00:00:00,2026-12-20T23:59:59,22622175441;22622195919,"C=CA, O=Entrust Limited, CN=Entrust DV TLS Issuing RSA CA 2"
bugs.sit.earthdata.nasa.gov,No,Yes,2,1,2025-11-21T00:00:00,2026-12-21T23:59:59,22644252934;22644239048,"C=CA, O=Entrust Limited, CN=Entrust DV TLS Issuing RSA CA 2"
bugs.uat.earthdata.nasa.gov,No,Yes,2,1,2025-11-21T00:00:00,2026-12-21T23:59:59,22644318995;22644335666,"C=CA, O=Entrust Limited, CN=Entrust DV TLS Issuing RSA CA 2"
builds.worldwind.arc.nasa.gov,Yes,Yes,36,2,2026-07-12T00:37:49,2026-10-22T22:53:30,28195182499;28182959098;27899639438;28182957725;27899656170;28169166233;27865015920;28169166092;28136087908;27976313769;28052809542;28206630188;28136091772;28195183349;28195180348;28101174737;27865015664;28182943473;28224275471;28101183871;28027633204;27936403722;28206622363;28052806786;27976306634;28224275036;27936409519;27864999207;28182975621;27865004821;28169173750;28169175313;28195185256;28206621145;28027624739;28206622630,"C=US, O=Let's Encrypt, CN=YR1;C=US, O=Let's Encrypt, CN=YR2"
c-ras.cdscc.nasa.gov,Yes,Yes,4,1,2026-03-26T00:00:00,2026-10-10T23:59:59,25227124254;25226722292;25226703743;25227109371,"C=CA, O=Entrust Limited, CN=Entrust OV TLS Issuing RSA CA 2"
c-rasm2a.cdscc.nasa.gov,No,Yes,4,1,2026-03-26T00:00:00,2026-10-10T23:59:59,25227124254;25226722292;25226703743;25227109371,"C=CA, O=Entrust Limited, CN=Entrust OV TLS Issuing RSA CA 2"
c-rasm2b.cdscc.nasa.gov,No,Yes,4,1,2026-03-26T00:00:00,2026-10-10T23:59:59,25227124254;25226722292;25226703743;25227109371,"C=CA, O=Entrust Limited, CN=Entrust OV TLS Issuing RSA CA 2"
caam-unstable.gd.m20.jpl.nasa.gov,Yes,Yes,1,1,2025-10-06T00:00:00,2026-11-04T23:59:59,21530285894,"C=US, O=Amazon, CN=Amazon RSA 2048 M01"
caam.ectb.awsgw1.jpl.nasa.gov,Yes,Yes,2,1,2026-03-26T00:00:00,2026-10-10T23:59:59,25234668940;25234650932,"C=CA, O=Entrust Limited, CN=Entrust OV TLS Issuing RSA CA 2"
caam.sops.m20.jpl.nasa.gov,Yes,Yes,1,1,2025-09-30T00:00:00,2026-10-29T23:59:59,21377723423,"C=US, O=Amazon, CN=Amazon RSA 2048 M04"
caam.tb.m20.jpl.nasa.gov,Yes,Yes,1,1,2025-10-15T00:00:00,2026-11-13T23:59:59,21741375641,"C=US, O=Amazon, CN=Amazon RSA 2048 M01"
caam.tb.srl.jpl.nasa.gov,Yes,Yes,1,1,2026-06-17T00:00:00,2026-12-31T23:59:59,27246714226,"C=US, O=Amazon, CN=Amazon RSA 2048 M01"
caam.tbdev.m20.jpl.nasa.gov,Yes,Yes,1,1,2025-10-13T00:00:00,2026-11-11T23:59:59,21695413465,"C=US, O=Amazon, CN=Amazon RSA 2048 M01"
caam.train.m20.jpl.nasa.gov,Yes,Yes,1,1,2025-10-16T00:00:00,2026-11-14T23:59:59,21765696488,"C=US, O=Amazon, CN=Amazon RSA 2048 M01"
cacher-api.sops.m20.jpl.nasa.gov,Yes,Yes,1,1,2025-09-30T00:00:00,2026-10-29T23:59:59,21377706082,"C=US, O=Amazon, CN=Amazon RSA 2048 M01"
cacher-api.tb.srl.jpl.nasa.gov,Yes,Yes,1,1,2026-06-17T00:00:00,2026-12-31T23:59:59,27246712885,"C=US, O=Amazon, CN=Amazon RSA 2048 M04"
cacher-api.train.m20.jpl.nasa.gov,Yes,Yes,1,1,2025-10-16T00:00:00,2026-11-14T23:59:59,21765671481,"C=US, O=Amazon, CN=Amazon RSA 2048 M01"
cacher.sops.m20.jpl.nasa.gov,Yes,Yes,1,1,2025-09-30T00:00:00,2026-10-29T23:59:59,21377688759,"C=US, O=Amazon, CN=Amazon RSA 2048 M01"
cacher.tb.srl.jpl.nasa.gov,Yes,Yes,1,1,2026-06-17T00:00:00,2026-12-31T23:59:59,27246713022,"C=US, O=Amazon, CN=Amazon RSA 2048 M04"
cacher.train.m20.jpl.nasa.gov,Yes,Yes,1,1,2025-10-16T00:00:00,2026-11-14T23:59:59,21765669069,"C=US, O=Amazon, CN=Amazon RSA 2048 M01"
cadence.sstage.m20.jpl.nasa.gov,Yes,Yes,1,1,2025-11-19T00:00:00,2026-12-18T23:59:59,22601120307,"C=US, O=Amazon, CN=Amazon RSA 2048 M04"
cadence.tb.m20.jpl.nasa.gov,Yes,Yes,1,1,2025-10-21T00:00:00,2026-11-19T23:59:59,21867841915,"C=US, O=Amazon, CN=Amazon RSA 2048 M04"
cae-artifactory-uat.jpl.nasa.gov,No,Yes,2,1,2026-06-01T00:00:00,2026-12-16T23:59:59,26803840530;26803821444,"C=CA, O=Entrust Limited, CN=Entrust OV TLS Issuing RSA CA 2"
cae-bedrock-com-eval.jpl.nasa.gov,No,Yes,2,1,2025-12-11T00:00:00,2026-12-11T23:59:59,23058790889;23058803517,"C=CA, O=Entrust Limited, CN=Entrust OV TLS Issuing RSA CA 2"
cae-bedrock-com-pilot.jpl.nasa.gov,No,Yes,2,1,2025-12-15T00:00:00,2026-12-15T23:59:59,23138925989;23138926084,"C=CA, O=Entrust Limited, CN=Entrust OV TLS Issuing RSA CA 2"
cae-bedrock-gov-eval.jpl.nasa.gov,Yes,Yes,2,1,2025-12-11T00:00:00,2026-12-11T23:59:59,23058790889;23058803517,"C=CA, O=Entrust Limited, CN=Entrust OV TLS Issuing RSA CA 2"
cae-bedrock-gov-pilot.jpl.nasa.gov,Yes,Yes,2,1,2025-12-15T00:00:00,2026-12-15T23:59:59,23138925989;23138926084,"C=CA, O=Entrust Limited, CN=Entrust OV TLS Issuing RSA CA 2"
cae-bedrock-pub-eval.jpl.nasa.gov,No,Yes,2,1,2025-12-11T00:00:00,2026-12-11T23:59:59,23058790889;23058803517,"C=CA, O=Entrust Limited, CN=Entrust OV TLS Issuing RSA CA 2"
cae-bedrock-pub-pilot.jpl.nasa.gov,No,Yes,2,1,2025-12-15T00:00:00,2026-12-15T23:59:59,23138925989;23138926084,"C=CA, O=Entrust Limited, CN=Entrust OV TLS Issuing RSA CA 2"
cae-bedrock-pub.jpl.nasa.gov,Yes,Yes,2,1,2025-10-09T00:00:00,2026-10-09T23:59:59,21605624066;21605635079,"C=CA, O=Entrust Limited, CN=Entrust OV TLS Issuing RSA CA 2"
cae-binder-int.jpl.nasa.gov,No,Yes,2,1,2026-04-21T00:00:00,2026-11-05T23:59:59,25999392913;25641094012,"C=CA, O=Entrust Limited, CN=Entrust OV TLS Issuing RSA CA 2"
cae-binder-test.jpl.nasa.gov,No,Yes,2,1,2026-04-21T00:00:00,2026-11-05T23:59:59,25999392913;25641094012,"C=CA, O=Entrust Limited, CN=Entrust OV TLS Issuing RSA CA 2"
cae-binder-uat.jpl.nasa.gov,Yes,Yes,2,1,2026-04-21T00:00:00,2026-11-05T23:59:59,25999392913;25641094012,"C=CA, O=Entrust Limited, CN=Entrust OV TLS Issuing RSA CA 2"
cae-binder.jpl.nasa.gov,Yes,Yes,2,1,2026-04-21T00:00:00,2026-11-05T23:59:59,25999382706;25641076194,"C=CA, O=Entrust Limited, CN=Entrust OV TLS Issuing RSA CA 2"
cae-codesonarhub.jpl.nasa.gov,Yes,Yes,2,1,2026-04-23T00:00:00,2026-11-07T23:59:59,26024892338;25713649675,"C=CA, O=Entrust Limited, CN=Entrust OV TLS Issuing RSA CA 2"
cae-collaborator.jpl.nasa.gov,Yes,Yes,2,1,2026-04-23T00:00:00,2026-11-07T23:59:59,25714000004;26024995842,"C=CA, O=Entrust Limited, CN=Entrust OV TLS Issuing RSA CA 2"
cae-elvis-europa.jpl.nasa.gov,Yes,Yes,2,1,2026-04-02T00:00:00,2026-10-17T23:59:59,25362045898;25331281100,"C=CA, O=Entrust Limited, CN=Entrust OV TLS Issuing RSA CA 2"
cae-elvis-psyche.jpl.nasa.gov,Yes,Yes,2,1,2026-04-02T00:00:00,2026-10-17T23:59:59,25332353665;25362098217,"C=CA, O=Entrust Limited, CN=Entrust OV TLS Issuing RSA CA 2"
cae-elvis-sbg-otter.jpl.nasa.gov,Yes,Yes,2,1,2025-11-24T00:00:00,2026-11-24T23:59:59,22710801312;22710785399,"C=CA, O=Entrust Limited, CN=Entrust OV TLS Issuing RSA CA 2"
cae-elvis-srl.jpl.nasa.gov,Yes,Yes,2,1,2026-04-02T00:00:00,2026-10-17T23:59:59,25362150713;25331401576,"C=CA, O=Entrust Limited, CN=Entrust OV TLS Issuing RSA CA 2"
cae-helix-cgi-uat.jpl.nasa.gov,Yes,Yes,2,1,2026-04-20T00:00:00,2026-11-04T23:59:59,25614589448;25989766483,"C=CA, O=Entrust Limited, CN=Entrust OV TLS Issuing RSA CA 2"
cae-helix-cgi.jpl.nasa.gov,Yes,Yes,2,1,2026-04-21T00:00:00,2026-11-05T23:59:59,25990569099;25616248441,"C=CA, O=Entrust Limited, CN=Entrust OV TLS Issuing RSA CA 2"
cae-helix-europa-uat.jpl.nasa.gov,Yes,Yes,2,1,2026-04-20T00:00:00,2026-11-04T23:59:59,25989848854;25614627521,"C=CA, O=Entrust Limited, CN=Entrust OV TLS Issuing RSA CA 2"
cae-helix-europa.jpl.nasa.gov,Yes,Yes,2,1,2026-04-21T00:00:00,2026-11-05T23:59:59,25616447778;25990632407,"C=CA, O=Entrust Limited, CN=Entrust OV TLS Issuing RSA CA 2"
cae-helix-nisar-uat.jpl.nasa.gov,Yes,Yes,2,1,2026-04-20T00:00:00,2026-11-04T23:59:59,25614703113;25990020343,"C=CA, O=Entrust Limited, CN=Entrust OV TLS Issuing RSA CA 2"
cae-helix-nisar.jpl.nasa.gov,Yes,Yes,2,1,2026-04-21T00:00:00,2026-11-05T23:59:59,25990698481;25616705541,"C=CA, O=Entrust Limited, CN=Entrust OV TLS Issuing RSA CA 2"
cae-helix-psyche-uat.jpl.nasa.gov,Yes,Yes,2,1,2026-04-20T00:00:00,2026-11-04T23:59:59,25989924833;25614649390,"C=CA, O=Entrust Limited, CN=Entrust OV TLS Issuing RSA CA 2"
cae-helix-psyche.jpl.nasa.gov,Yes,Yes,2,1,2026-04-21T00:00:00,2026-11-05T23:59:59,25616584937;25990658406,"C=CA, O=Entrust Limited, CN=Entrust OV TLS Issuing RSA CA 2"
cae-helix-sentinel6-uat.jpl.nasa.gov,Yes,Yes,2,1,2026-04-20T00:00:00,2026-11-04T23:59:59,25990130773;25614801453,"C=CA, O=Entrust Limited, CN=Entrust OV TLS Issuing RSA CA 2"
cae-helix-sentinel6.jpl.nasa.gov,Yes,Yes,2,1,2026-04-21T00:00:00,2026-11-05T23:59:59,25990775328;25616976939,"C=CA, O=Entrust Limited, CN=Entrust OV TLS Issuing RSA CA 2"
cae-helix-smap-uat.jpl.nasa.gov,Yes,Yes,2,1,2026-04-20T00:00:00,2026-11-04T23:59:59,25989641639;25614460489,"C=CA, O=Entrust Limited, CN=Entrust OV TLS Issuing RSA CA 2"
cae-helix-smap.jpl.nasa.gov,Yes,Yes,2,1,2026-04-21T00:00:00,2026-11-05T23:59:59,25990729651;25616816973,"C=CA, O=Entrust Limited, CN=Entrust OV TLS Issuing RSA CA 2"
cae-helix-srl-uat.jpl.nasa.gov,Yes,Yes,2,1,2026-04-21T00:00:00,2026-11-05T23:59:59,25616102842;25990534139,"C=CA, O=Entrust Limited, CN=Entrust OV TLS Issuing RSA CA 2"
cae-helix-srl.jpl.nasa.gov,Yes,Yes,2,1,2026-04-21T00:00:00,2026-11-05T23:59:59,25617178215;25990851949,"C=CA, O=Entrust Limited, CN=Entrust OV TLS Issuing RSA CA 2"
cae-helix-swot-uat.jpl.nasa.gov,Yes,Yes,2,1,2026-04-20T00:00:00,2026-11-04T23:59:59,25990220098;25614923473,"C=CA, O=Entrust Limited, CN=Entrust OV TLS Issuing RSA CA 2"
cae-helix-swot.jpl.nasa.gov,Yes,Yes,2,1,2026-04-21T00:00:00,2026-11-05T23:59:59,25990808328;25617094694,"C=CA, O=Entrust Limited, CN=Entrust OV TLS Issuing RSA CA 2"
cae-jama-int.jpl.nasa.gov,No,Yes,2,1,2026-04-21T00:00:00,2026-11-05T23:59:59,25998282184;25638019447,"C=CA, O=Entrust Limited, CN=Entrust OV TLS Issuing RSA CA 2"
cae-jama-test.jpl.nasa.gov,No,Yes,2,1,2026-04-21T00:00:00,2026-11-05T23:59:59,25998282184;25638019447,"C=CA, O=Entrust Limited, CN=Entrust OV TLS Issuing RSA CA 2"
cae-jama-uat.jpl.nasa.gov,Yes,Yes,2,1,2026-04-21T00:00:00,2026-11-05T23:59:59,25998282184;25638019447,"C=CA, O=Entrust Limited, CN=Entrust OV TLS Issuing RSA CA 2"
cae-jama.jpl.nasa.gov,Yes,Yes,2,1,2026-04-24T00:00:00,2026-11-08T23:59:59,26035125566;25747604224,"C=CA, O=Entrust Limited, CN=Entrust OV TLS Issuing RSA CA 2"
cae-jenkins-resource.jpl.nasa.gov,No,Yes,2,1,2026-04-23T00:00:00,2026-11-07T23:59:59,26025015681;25714087055,"C=CA, O=Entrust Limited, CN=Entrust OV TLS Issuing RSA CA 2"
cae-jenkins.jpl.nasa.gov,No,Yes,2,1,2026-04-23T00:00:00,2026-11-07T23:59:59,26025015681;25714087055,"C=CA, O=Entrust Limited, CN=Entrust OV TLS Issuing RSA CA 2"
cae-jenkins2-resource.jpl.nasa.gov,No,Yes,2,1,2026-04-23T00:00:00,2026-11-07T23:59:59,26025015681;25714087055,"C=CA, O=Entrust Limited, CN=Entrust OV TLS Issuing RSA CA 2"
cae-jenkins2.jpl.nasa.gov,Yes,Yes,2,1,2026-04-23T00:00:00,2026-11-07T23:59:59,26025015681;25714087055,"C=CA, O=Entrust Limited, CN=Entrust OV TLS Issuing RSA CA 2"
cae-matomo.jpl.nasa.gov,Yes,Yes,2,1,2026-04-23T00:00:00,2026-11-07T23:59:59,26025036823;25714164024,"C=CA, O=Entrust Limited, CN=Entrust OV TLS Issuing RSA CA 2"
cae-n8n-eval.jpl.nasa.gov,No,Yes,2,1,2025-12-03T00:00:00,2026-12-03T23:59:59,22891121647;22891119004,"C=CA, O=Entrust Limited, CN=Entrust OV TLS Issuing RSA CA 2"
cae-n8n-test.jpl.nasa.gov,No,Yes,2,1,2025-12-03T00:00:00,2026-12-03T23:59:59,22891121647;22891119004,"C=CA, O=Entrust Limited, CN=Entrust OV TLS Issuing RSA CA 2"
cae-n8n-uat.jpl.nasa.gov,No,Yes,2,1,2025-12-03T00:00:00,2026-12-03T23:59:59,22891121647;22891119004,"C=CA, O=Entrust Limited, CN=Entrust OV TLS Issuing RSA CA 2"
cae-n8n.jpl.nasa.gov,Yes,Yes,2,1,2025-12-03T00:00:00,2026-12-03T23:59:59,22891121647;22891119004,"C=CA, O=Entrust Limited, CN=Entrust OV TLS Issuing RSA CA 2"
cae-nbviewer.jpl.nasa.gov,Yes,Yes,2,1,2026-04-21T00:00:00,2026-11-05T23:59:59,25641120642;25999401390,"C=CA, O=Entrust Limited, CN=Entrust OV TLS Issuing RSA CA 2"
cae-onyx-eval.jpl.nasa.gov,Yes,Yes,2,1,2025-12-03T00:00:00,2026-12-03T23:59:59,22879564848;22879579210,"C=CA, O=Entrust Limited, CN=Entrust OV TLS Issuing RSA CA 2"
cae-onyx-ppd-pilot.jpl.nasa.gov,Yes,Yes,2,1,2026-04-08T00:00:00,2026-10-23T23:59:59,25736544100;25438390483,"C=CA, O=Entrust Limited, CN=Entrust OV TLS Issuing RSA CA 2"
cae-onyx-ppd.jpl.nasa.gov,No,Yes,2,1,2026-04-08T00:00:00,2026-10-23T23:59:59,25736544100;25438390483,"C=CA, O=Entrust Limited, CN=Entrust OV TLS Issuing RSA CA 2"
cae-qvscribe.jpl.nasa.gov,Yes,Yes,10,1,2025-12-04T00:00:00,2026-12-06T23:59:59,22905600697;22906882341;22905617843;22896476117;22907648917;22907923669;22906860760;22907882668;22907629700;22907923225,"C=CA, O=Entrust Limited, CN=Entrust OV TLS Issuing RSA CA 2"
cae-sonarqube.jpl.nasa.gov,Yes,Yes,2,1,2026-05-27T00:00:00,2026-12-11T23:59:59,26690678080;26690670624,"C=CA, O=Entrust Limited, CN=Entrust OV TLS Issuing RSA CA 2"
cae-swaggerhub-admin.jpl.nasa.gov,No,Yes,2,1,2025-12-12T00:00:00,2026-12-12T23:59:59,23065400715;23065386421,"C=CA, O=Entrust Limited, CN=Entrust OV TLS Issuing RSA CA 2"
cae-swaggerhub.jpl.nasa.gov,Yes,Yes,2,1,2025-12-12T00:00:00,2026-12-12T23:59:59,23065400715;23065386421,"C=CA, O=Entrust Limited, CN=Entrust OV TLS Issuing RSA CA 2"
caego.jpl.nasa.gov,No,Yes,2,1,2026-06-16T00:00:00,2026-12-31T23:59:59,27238287706;27238235177,"C=CA, O=Entrust Limited, CN=Entrust OV TLS Issuing RSA CA 2"
caib1.nasa.gov,No,Yes,1,1,2025-09-16T00:00:00,2026-10-14T23:59:59,21063781145,"C=US, O=Amazon, CN=Amazon RSA 2048 M01"
cain.larc.nasa.gov,Yes,Yes,1,1,2025-11-13T00:00:00,2026-11-20T23:59:59,22446502281,"C=US, O=DigiCert Inc, OU=www.digicert.com, CN=Thawte TLS RSA CA G1"
calendar.nasa.gov,No,Yes,1,1,2025-09-16T00:00:00,2026-10-14T23:59:59,21063781145,"C=US, O=Amazon, CN=Amazon RSA 2048 M01"
calval.jpl.nasa.gov,No,Yes,2,1,2026-05-19T00:00:00,2026-12-03T23:59:59,26470308202;26471667692,"C=CA, O=Entrust Limited, CN=Entrust OV TLS Issuing RSA CA 2"
cam1.test.eurc.jpl.nasa.gov,Yes,Yes,2,1,2026-04-22T00:00:00,2026-11-06T23:59:59,26012972312;25675799247,"C=CA, O=Entrust Limited, CN=Entrust OV TLS Issuing RSA CA 2"
camp.sops.m20.jpl.nasa.gov,Yes,Yes,1,1,2025-09-30T00:00:00,2026-10-29T23:59:59,21381867083,"C=US, O=Amazon, CN=Amazon RSA 2048 M01"
camp.train.m20.jpl.nasa.gov,Yes,Yes,1,1,2025-10-16T00:00:00,2026-11-14T23:59:59,21768161633,"C=US, O=Amazon, CN=Amazon RSA 2048 M04"
camp2ex.jpl.nasa.gov,No,Yes,2,1,2026-05-31T00:00:00,2026-12-15T23:59:59,26784187213;26784205142,"C=CA, O=Entrust Limited, CN=Entrust OV TLS Issuing RSA CA 2"
cancer.jpl.nasa.gov,Yes,Yes,2,1,2026-05-19T00:00:00,2026-12-03T23:59:59,26472923142;26476566707,"C=CA, O=Entrust Limited, CN=Entrust OV TLS Issuing RSA CA 2"
cap.ivv.nasa.gov,Yes,Yes,4,1,2026-04-29T00:00:00,2026-12-03T23:59:59,25952813031;28124745403;25923352623;26470099980,"C=US, O=DigiCert Inc, CN=DigiCert Global G2 TLS RSA SHA256 2020 CA1"
capdev.ivv.nasa.gov,Yes,Yes,4,1,2026-04-29T00:00:00,2026-12-03T23:59:59,27400310619;25952813031;25923352623;26470099980,"C=US, O=DigiCert Inc, CN=DigiCert Global G2 TLS RSA SHA256 2020 CA1"
cappre.ivv.nasa.gov,Yes,Yes,4,1,2026-04-29T00:00:00,2026-12-03T23:59:59,27831935457;25952813031;25923352623;26470099980,"C=US, O=DigiCert Inc, CN=DigiCert Global G2 TLS RSA SHA256 2020 CA1"
capri.voice.nasa.gov,Yes,Yes,1,1,2026-04-24T00:00:00,2026-11-08T23:59:59,25755238001,"C=US, O=DigiCert Inc, CN=DigiCert Global G2 TLS RSA SHA256 2020 CA1"
cara-dev.nasa.gov,Yes,Yes,1,1,2025-10-01T00:00:00,2026-10-30T23:59:59,21399568413,"C=US, O=Amazon, CN=Amazon RSA 2048 M01"
cara-staging.nasa.gov,Yes,Yes,1,1,2025-09-30T00:00:00,2026-10-29T23:59:59,21382088145,"C=US, O=Amazon, CN=Amazon RSA 2048 M04"
cara.nasa.gov,Yes,Yes,1,1,2026-04-11T00:00:00,2026-10-25T23:59:59,25477227490,"C=US, O=Amazon, CN=Amazon RSA 2048 M01"
casec.voice.nasa.gov,No,Yes,1,1,2026-04-24T00:00:00,2026-11-08T23:59:59,25755238001,"C=US, O=DigiCert Inc, CN=DigiCert Global G2 TLS RSA SHA256 2020 CA1"
caspian.sops.m20.jpl.nasa.gov,Yes,Yes,1,1,2025-09-30T00:00:00,2026-10-29T23:59:59,21377084868,"C=US, O=Amazon, CN=Amazon RSA 2048 M04"
caster.cddis.eosdis.nasa.gov,Yes,Yes,2,1,2025-11-03T00:00:00,2026-12-02T23:59:59,22182281588;22182267752,"C=CA, O=Entrust Limited, CN=Entrust DV TLS Issuing RSA CA 2"
ccmcftp.ccmc.gsfc.nasa.gov,Yes,Yes,2,1,2026-07-13T07:01:54,2026-10-11T07:01:53,27893616228;27893607474,"C=US, O=Let's Encrypt, CN=YR2"
cddis-basin.gsfc.nasa.gov,Yes,Yes,6,1,2025-11-03T00:00:00,2026-12-02T23:59:59,26150133437;26179886902;26184261291;22182234698;26195697289;22182248764,"C=CA, O=Entrust Limited, CN=Entrust DV TLS Issuing RSA CA 2"
cddis-depotdev.cddis.eosdis.nasa.gov,Yes,Yes,2,1,2025-11-03T00:00:00,2026-12-02T23:59:59,22182297724;22182313791,"C=CA, O=Entrust Limited, CN=Entrust DV TLS Issuing RSA CA 2"
cddis-gritss-upload.cddis.eosdis.nasa.gov,Yes,Yes,2,1,2026-06-25T00:00:00,2026-12-02T23:59:59,27475699476;27475700035,"C=CA, O=Entrust Limited, CN=Entrust DV TLS Issuing RSA CA 2"
cddis.gsfc.nasa.gov,No,Yes,2,1,2025-11-03T00:00:00,2026-12-02T23:59:59,22182364824;22182347120,"C=CA, O=Entrust Limited, CN=Entrust DV TLS Issuing RSA CA 2"
cddis.nasa.gov,Yes,Yes,2,1,2025-11-03T00:00:00,2026-12-02T23:59:59,22182364824;22182347120,"C=CA, O=Entrust Limited, CN=Entrust DV TLS Issuing RSA CA 2"
cddissits3-1821602370.auto.earthdatacloud.nasa.gov,Yes,Yes,2,1,2026-04-08T00:00:00,2026-10-22T23:59:59,25468431777;25437744758,"C=US, O=Amazon, CN=Amazon RSA 2048 M04"
cdn.earthdata.nasa.gov,Yes,Yes,2,1,2025-11-20T00:00:00,2026-12-20T23:59:59,22621730517;22621784372,"C=CA, O=Entrust Limited, CN=Entrust DV TLS Issuing RSA CA 2"
cdn.sit.earthdata.nasa.gov,No,Yes,2,1,2025-11-21T00:00:00,2026-12-21T23:59:59,22644252934;22644239048,"C=CA, O=Entrust Limited, CN=Entrust DV TLS Issuing RSA CA 2"
cdn.uat.earthdata.nasa.gov,No,Yes,2,1,2025-11-21T00:00:00,2026-12-21T23:59:59,22644318995;22644335666,"C=CA, O=Entrust Limited, CN=Entrust DV TLS Issuing RSA CA 2"
cds-prod-gamma.pds.mcp.nasa.gov,Yes,Yes,1,1,2026-05-19T00:00:00,2026-12-02T23:59:59,26453215153,"C=US, O=Amazon, CN=Amazon RSA 2048 M01"
ceh.nasa.gov,No,Yes,1,1,2025-09-16T00:00:00,2026-10-14T23:59:59,21063781145,"C=US, O=Amazon, CN=Amazon RSA 2048 M01"
cerebrouitest-2426509789.auto.earthdatacloud.nasa.gov,Yes,Yes,2,1,2025-09-22T00:00:00,2026-10-21T23:59:59,21208524464;21207339266,"C=US, O=Amazon, CN=Amazon RSA 2048 M04"
ceres.larc.nasa.gov,Yes,Yes,1,1,2025-09-30T00:00:00,2026-10-21T23:59:59,21374822360,"C=US, O=DigiCert Inc, OU=www.digicert.com, CN=Thawte TLS RSA CA G1"
certauth.authfs.launchpad-sbx.nasa.gov,No,Yes,2,1,2025-10-08T00:00:00,2026-11-08T23:59:59,21573084669;21573065704,"C=CA, O=Entrust Limited, CN=Entrust OV TLS Issuing RSA CA 2"
certauth.authfs.launchpad-test.nasa.gov,No,Yes,2,1,2025-09-15T00:00:00,2026-10-16T23:59:59,21036233249;21036232593,"C=CA, O=Entrust Limited, CN=Entrust OV TLS Issuing RSA CA 2"
certauth.authfs.launchpad.nasa.gov,No,Yes,2,1,2025-10-10T00:00:00,2026-11-10T23:59:59,21626631333;21626649325,"C=CA, O=Entrust Limited, CN=Entrust OV TLS Issuing RSA CA 2"
certauth.sso2.jpl.nasa.gov,No,Yes,6,1,2026-05-11T00:00:00,2026-11-25T23:59:59,26257476019;26256866781;26256929852;26257429473;26257089995;26257041781,"C=CA, O=Entrust Limited, CN=Entrust OV TLS Issuing RSA CA 2"
certauth.sso3.jpl.nasa.gov,No,Yes,4,1,2026-06-02T00:00:00,2026-12-17T23:59:59,26826501116;26826731254;26826539184;26826714559,"C=CA, O=Entrust Limited, CN=Entrust OV TLS Issuing RSA CA 2"
certificatemanagement.nasa.gov,No,Yes,6,2,2025-09-29T00:00:00,2026-12-18T23:59:59,26858944720;21348422864;25554004114;25912523305;21348439766;26858978624,"C=GB, O=Sectigo Limited, CN=Sectigo Public Server Authentication CA DV R36;C=CA, O=Entrust Limited, CN=Entrust DV TLS Issuing RSA CA 2"
certificatemanagement.uat.nasa.gov,No,Yes,6,2,2025-11-06T00:00:00,2026-12-27T23:59:59,23457941075;22258485537;25554004114;25912523305;22258442655;23457911902,"C=GB, O=Sectigo Limited, CN=Sectigo Public Server Authentication CA DV R36;C=CA, O=Entrust Limited, CN=Entrust DV TLS Issuing RSA CA 2"
chandra.msfc.nasa.gov,No,Yes,1,1,2025-09-16T00:00:00,2026-10-14T23:59:59,21063781145,"C=US, O=Amazon, CN=Amazon RSA 2048 M01"
chandra.nasa.gov,No,Yes,1,1,2025-09-16T00:00:00,2026-10-14T23:59:59,21063781145,"C=US, O=Amazon, CN=Amazon RSA 2048 M01"
channel-viewer.ectb.awsgw1.jpl.nasa.gov,No,Yes,2,1,2026-03-26T00:00:00,2026-10-10T23:59:59,25234668940;25234650932,"C=CA, O=Entrust Limited, CN=Entrust OV TLS Issuing RSA CA 2"
channel-viewer.sops.m20.jpl.nasa.gov,Yes,Yes,1,1,2025-09-30T00:00:00,2026-10-29T23:59:59,21377763014,"C=US, O=Amazon, CN=Amazon RSA 2048 M01"
channel-viewer.tb.m20.jpl.nasa.gov,Yes,Yes,1,1,2025-10-15T00:00:00,2026-11-13T23:59:59,21741559588,"C=US, O=Amazon, CN=Amazon RSA 2048 M04"
chat.czdt.smce.nasa.gov,No,Yes,2,1,2026-07-24T13:06:37,2026-10-22T13:06:36,28213076651;28213078451,"C=US, O=Let's Encrypt, CN=YE1"
chat.ivv.nasa.gov,No,Yes,3,1,2026-04-29T00:00:00,2026-12-03T23:59:59,25952813031;25923352623;26470099980,"C=US, O=DigiCert Inc, CN=DigiCert Global G2 TLS RSA SHA256 2020 CA1"
chat.sol.nmc.az.luna.nasa.gov,Yes,Yes,1,1,2026-06-17T00:00:00,2026-12-17T23:59:59,27258148161,"C=US, O=DigiCert Inc, OU=www.digicert.com, CN=GeoTrust TLS RSA CA G1"
chat.staging.luna.nasa.gov,Yes,Yes,2,1,2026-07-21T18:26:34,2026-10-19T18:26:33,28132295528;28132300759,"C=US, O=Let's Encrypt, CN=YR2"
chats.nasa.gov,No,Yes,14,2,2026-04-15T00:00:00,2026-10-30T23:59:59,25912718088;25912311865;25912326319;25912298162;25912307138;25553915065;25553908477;25553910929;25553923779;25553920234;25912338415;25553916818;25554161214;25912301922,"C=GB, O=Sectigo Limited, CN=Sectigo Public Server Authentication CA DV R36;C=CA, O=Entrust Limited, CN=Entrust DV TLS Issuing RSA CA 2"
chats.uat.nasa.gov,No,Yes,6,2,2025-11-06T00:00:00,2026-12-27T23:59:59,23457941075;22258485537;25554004114;25912523305;22258442655;23457911902,"C=GB, O=Sectigo Limited, CN=Sectigo Public Server Authentication CA DV R36;C=CA, O=Entrust Limited, CN=Entrust DV TLS Issuing RSA CA 2"
chemistry.nasa.gov,No,Yes,1,1,2025-09-16T00:00:00,2026-10-14T23:59:59,21063781145,"C=US, O=Amazon, CN=Amazon RSA 2048 M01"
chillax-api.tb.srl.jpl.nasa.gov,Yes,Yes,1,1,2025-10-16T00:00:00,2026-11-14T23:59:59,21747756672,"C=US, O=Amazon, CN=Amazon RSA 2048 M01"
chillax-db.tb.srl.jpl.nasa.gov,Yes,Yes,1,1,2025-11-09T00:00:00,2026-12-08T23:59:59,22323191730,"C=US, O=Amazon, CN=Amazon RSA 2048 M04"
chillax-ui.tb.srl.jpl.nasa.gov,Yes,Yes,1,1,2025-10-26T00:00:00,2026-11-24T23:59:59,22004687635,"C=US, O=Amazon, CN=Amazon RSA 2048 M01"
chillax.ops.internal.eurc.jpl.nasa.gov,Yes,Yes,2,1,2025-12-09T00:00:00,2026-12-09T23:59:59,23009097161;23009111223,"C=CA, O=Entrust Limited, CN=Entrust OV TLS Issuing RSA CA 2"
chsupport.sewp.nasa.gov,No,Yes,2,1,2025-11-05T00:00:00,2026-11-11T23:59:59,22523971475;22238562088,"C=US, O=DigiCert Inc, CN=GeoTrust EV RSA CA G2"
ci.earthdata.nasa.gov,Yes,Yes,2,1,2025-11-20T00:00:00,2026-12-20T23:59:59,22622006649;22621986516,"C=CA, O=Entrust Limited, CN=Entrust DV TLS Issuing RSA CA 2"
ci.sit.earthdata.nasa.gov,No,Yes,2,1,2025-11-21T00:00:00,2026-12-21T23:59:59,22644252934;22644239048,"C=CA, O=Entrust Limited, CN=Entrust DV TLS Issuing RSA CA 2"
ci.uat.earthdata.nasa.gov,No,Yes,2,1,2025-11-21T00:00:00,2026-12-21T23:59:59,22644318995;22644335666,"C=CA, O=Entrust Limited, CN=Entrust DV TLS Issuing RSA CA 2"
cii.jpl.nasa.gov,No,Yes,2,1,2025-12-04T00:00:00,2026-12-04T23:59:59,22908111525;22908134556,"C=CA, O=Entrust Limited, CN=Entrust OV TLS Issuing RSA CA 2"
cilab.gsfc.nasa.gov,No,Yes,2,1,2026-07-17T17:58:03,2026-10-15T17:58:02,28019095126;28019099649,"C=US, O=Let's Encrypt, CN=YR2"
cima.nasa.gov,No,Yes,14,2,2026-04-15T00:00:00,2026-10-30T23:59:59,25912718088;25912311865;25912326319;25912298162;25912307138;25553915065;25553908477;25553910929;25553923779;25553920234;25912338415;25553916818;25554161214;25912301922,"C=GB, O=Sectigo Limited, CN=Sectigo Public Server Authentication CA DV R36;C=CA, O=Entrust Limited, CN=Entrust DV TLS Issuing RSA CA 2"
cio.gsfc.nasa.gov,No,Yes,1,1,2025-09-16T00:00:00,2026-10-14T23:59:59,21063781145,"C=US, O=Amazon, CN=Amazon RSA 2048 M01"
cipoem.nocc.fltops.jpl.nasa.gov,Yes,Yes,2,1,2025-10-20T00:00:00,2026-10-20T23:59:59,21858039316;21858050693,"C=CA, O=Entrust Limited, CN=Entrust OV TLS Issuing RSA CA 2"
clarreo-pathfinder.larc.nasa.gov,No,Yes,1,1,2026-01-07T00:00:00,2026-12-10T23:59:59,23598652111,"C=US, O=DigiCert Inc, OU=www.digicert.com, CN=Thawte TLS RSA CA G1"
clarsweather.jpl.nasa.gov,No,Yes,2,1,2025-12-04T00:00:00,2026-12-04T23:59:59,22908111525;22908134556,"C=CA, O=Entrust Limited, CN=Entrust OV TLS Issuing RSA CA 2"
clausefinder.aao.nasa.gov,No,Yes,4,1,2025-09-29T00:00:00,2026-12-18T23:59:59,21348422864;26858978624;21348439766;26858944720,"C=CA, O=Entrust Limited, CN=Entrust DV TLS Issuing RSA CA 2"
clausefinder.uat.nasa.gov,No,Yes,6,2,2025-11-06T00:00:00,2026-12-27T23:59:59,23457941075;22258485537;25554004114;25912523305;22258442655;23457911902,"C=GB, O=Sectigo Limited, CN=Sectigo Public Server Authentication CA DV R36;C=CA, O=Entrust Limited, CN=Entrust DV TLS Issuing RSA CA 2"
climate.gsfc.nasa.gov,No,Yes,2,1,2026-07-22T12:25:25,2026-10-20T12:25:24,28153629149;28153625557,"C=US, O=Let's Encrypt, CN=YE1"
climatesciences.jpl.nasa.gov,No,Yes,2,1,2025-12-04T00:00:00,2026-12-04T23:59:59,22908111525;22908134556,"C=CA, O=Entrust Limited, CN=Entrust OV TLS Issuing RSA CA 2"
clinic.jsc.nasa.gov,Yes,Yes,1,1,2025-10-28T00:00:00,2026-10-27T23:59:59,22068651379,"C=US, O=DigiCert Inc, CN=DigiCert Global G2 TLS RSA SHA256 2020 CA1"
clock-tv.sops.m20.jpl.nasa.gov,Yes,Yes,1,1,2025-09-30T00:00:00,2026-10-29T23:59:59,21378231172,"C=US, O=Amazon, CN=Amazon RSA 2048 M04"
clock.sops.m20.jpl.nasa.gov,Yes,Yes,1,1,2025-09-30T00:00:00,2026-10-29T23:59:59,21378230842,"C=US, O=Amazon, CN=Amazon RSA 2048 M04"
clock.sstage.m20.jpl.nasa.gov,Yes,Yes,1,1,2025-11-19T00:00:00,2026-12-18T23:59:59,22601475246,"C=US, O=Amazon, CN=Amazon RSA 2048 M04"
cloud-gateway.nasa.gov,No,Yes,6,2,2025-09-29T00:00:00,2026-12-18T23:59:59,25912545389;26858944720;21348422864;25554015610;21348439766;26858978624,"C=GB, O=Sectigo Limited, CN=Sectigo Public Server Authentication CA DV R36;C=CA, O=Entrust Limited, CN=Entrust DV TLS Issuing RSA CA 2"
cloud-gateway.uat.nasa.gov,No,Yes,6,2,2025-11-06T00:00:00,2026-12-27T23:59:59,25912545389;23457941075;22258485537;25554015610;22258442655;23457911902,"C=GB, O=Sectigo Limited, CN=Sectigo Public Server Authentication CA DV R36;C=CA, O=Entrust Limited, CN=Entrust DV TLS Issuing RSA CA 2"
cloud-object.larc.nasa.gov,Yes,Yes,1,1,2025-09-30T00:00:00,2026-10-20T23:59:59,21374562360,"C=US, O=DigiCert Inc, OU=www.digicert.com, CN=Thawte TLS RSA CA G1"
cloud.gsfc.nasa.gov,No,Yes,2,1,2026-07-22T12:25:25,2026-10-20T12:25:24,28153629149;28153625557,"C=US, O=Let's Encrypt, CN=YE1"
cloud.spoc.nasa.gov,Yes,Yes,1,1,2025-10-28T00:00:00,2026-11-26T23:59:59,22053746904,"C=US, O=Amazon, CN=Amazon RSA 2048 M01"
cloudresources.earthdatacloud.nasa.gov,Yes,Yes,2,1,2025-09-14T00:00:00,2026-10-13T23:59:59,21006175427;21005030592,"C=US, O=Amazon, CN=Amazon RSA 2048 M01"
cloudresources.sit.earthdatacloud.nasa.gov,Yes,Yes,1,1,2025-11-04T00:00:00,2026-12-03T23:59:59,22193799820,"C=US, O=Amazon, CN=Amazon RSA 2048 M04"
cmcs-dev.gsfc.nasa.gov,Yes,Yes,1,1,2025-10-22T00:00:00,2026-11-20T23:59:59,21899351927,"C=US, O=Amazon, CN=Amazon RSA 2048 M04"
cmp.nasa.gov,No,Yes,6,2,2025-09-29T00:00:00,2026-12-18T23:59:59,25912545389;26858944720;21348422864;25554015610;21348439766;26858978624,"C=GB, O=Sectigo Limited, CN=Sectigo Public Server Authentication CA DV R36;C=CA, O=Entrust Limited, CN=Entrust DV TLS Issuing RSA CA 2"
cmp.uat.nasa.gov,No,Yes,6,2,2025-11-06T00:00:00,2026-12-27T23:59:59,25912545389;23457941075;22258485537;25554015610;22258442655;23457911902,"C=GB, O=Sectigo Limited, CN=Sectigo Public Server Authentication CA DV R36;C=CA, O=Entrust Limited, CN=Entrust DV TLS Issuing RSA CA 2"
cmr.earthdata.nasa.gov,Yes,Yes,2,1,2026-05-24T00:00:00,2026-12-07T23:59:59,26608233293;26593406115,"C=US, O=Amazon, CN=Amazon RSA 2048 M04"
cmr.uat.earthdata.nasa.gov,Yes,Yes,2,1,2026-05-24T00:00:00,2026-12-07T23:59:59,26608267497;26593430247,"C=US, O=Amazon, CN=Amazon RSA 2048 M04"
cms-stage.nasa.gov,Yes,Yes,1,1,2025-09-30T00:00:00,2026-10-27T23:59:59,21374993156,"C=US, O=Amazon, CN=Amazon RSA 2048 M04"
cms.cima.nasa.gov,No,Yes,2,1,2025-09-29T00:00:00,2026-10-16T23:59:59,21348439766;21348422864,"C=CA, O=Entrust Limited, CN=Entrust DV TLS Issuing RSA CA 2"
cmsflux.jpl.nasa.gov,No,Yes,2,1,2025-12-04T00:00:00,2026-12-04T23:59:59,22908111525;22908134556,"C=CA, O=Entrust Limited, CN=Entrust OV TLS Issuing RSA CA 2"
cmss-mcp.czdt.smce.nasa.gov,No,Yes,2,1,2026-07-24T13:06:37,2026-10-22T13:06:36,28213076651;28213078451,"C=US, O=Let's Encrypt, CN=YE1"
cnldcumulusapi-494938152.auto.earthdatacloud.nasa.gov,Yes,Yes,2,1,2026-04-15T00:00:00,2026-10-29T23:59:59,25897750872;25869568841,"C=US, O=Amazon, CN=Amazon RSA 2048 M04"
cnldexternalapi-531023840.auto.earthdatacloud.nasa.gov,Yes,Yes,2,1,2026-05-15T00:00:00,2026-11-28T23:59:59,26365579855;26361187926,"C=US, O=Amazon, CN=Amazon RSA 2048 M04"
cnldexternalapi2-674519398.auto.earthdatacloud.nasa.gov,Yes,Yes,2,1,2026-05-15T00:00:00,2026-11-28T23:59:59,26366654140;26455096786,"C=US, O=Amazon, CN=Amazon RSA 2048 M01"
cnocvpn-gsfc.nasa.gov,No,Yes,1,1,2026-04-01T00:00:00,2026-10-16T23:59:59,25313413848,"C=US, O=DigiCert Inc, CN=DigiCert Global G2 TLS RSA SHA256 2020 CA1"
cnocvpn.nasa.gov,Yes,Yes,1,1,2026-04-01T00:00:00,2026-10-16T23:59:59,25313413848,"C=US, O=DigiCert Inc, CN=DigiCert Global G2 TLS RSA SHA256 2020 CA1"
cnsldarchiveapi-1259726480.auto.earthdatacloud.nasa.gov,Yes,Yes,2,1,2026-05-14T00:00:00,2026-11-27T23:59:59,26330317925;26355810637,"C=US, O=Amazon, CN=Amazon RSA 2048 M04"
cnslduat2s3-1213534071.auto.earthdatacloud.nasa.gov,Yes,Yes,2,1,2026-05-14T00:00:00,2026-11-27T23:59:59,26356224863;26330288920,"C=US, O=Amazon, CN=Amazon RSA 2048 M04"
cnslduat3s3-2578079502.auto.earthdatacloud.nasa.gov,Yes,Yes,2,1,2026-05-15T00:00:00,2026-11-28T23:59:59,26365580427;26361202785,"C=US, O=Amazon, CN=Amazon RSA 2048 M04"
co3tszgqbzf4fk.intsvc.cloud.sit.earthdata.nasa.gov,Yes,Yes,1,1,2026-06-07T00:00:00,2026-12-21T23:59:59,26953426688,"C=US, O=Amazon, CN=Amazon RSA 2048 M04"
cocpit-helper-scripts.sops.m20.jpl.nasa.gov,Yes,Yes,1,1,2025-09-30T00:00:00,2026-10-29T23:59:59,21377032499,"C=US, O=Amazon, CN=Amazon RSA 2048 M01"
cocpit.sops.m20.jpl.nasa.gov,Yes,Yes,1,1,2025-09-30T00:00:00,2026-10-29T23:59:59,21377391443,"C=US, O=Amazon, CN=Amazon RSA 2048 M04"
cocpit.train.m20.jpl.nasa.gov,Yes,Yes,1,1,2025-10-17T00:00:00,2026-11-15T23:59:59,21776515511,"C=US, O=Amazon, CN=Amazon RSA 2048 M01"
code-submission-app.staging-ds1.ds1.appdat.jsc.nasa.gov,Yes,Yes,2,1,2026-07-11T16:36:31,2026-10-09T16:36:30,27858173573;27858166886,"C=US, O=Let's Encrypt, CN=YR1"
code.luna.nasa.gov,Yes,Yes,6,2,2026-07-17T14:10:18,2026-10-20T05:01:45,28015547939;28144643843;28014445632;28015547998;28144644617;28014449686,"C=US, O=Let's Encrypt, CN=YR1;C=US, O=Let's Encrypt, CN=YR2"
code.nasa.gov,Yes,Yes,2,1,2026-07-11T17:54:07,2026-10-09T17:54:06,27859278487;27859280544,"C=US, O=Let's Encrypt, CN=YR2"
code.staging-ds1.ds1.appdat.jsc.nasa.gov,Yes,Yes,2,1,2026-07-11T16:36:32,2026-10-09T16:36:31,27858168329;27858172030,"C=US, O=Let's Encrypt, CN=YR2"
code.staging.luna.nasa.gov,Yes,Yes,6,2,2026-07-11T17:48:05,2026-10-20T14:16:43,28155898324;28155908346;28155937115;27859194481;27859191208;28155934137,"C=US, O=Let's Encrypt, CN=YR1;C=US, O=Let's Encrypt, CN=YR2"
codebeamer.oce.mcp.nasa.gov,Yes,Yes,1,1,2026-05-26T00:00:00,2026-12-09T23:59:59,26658960111,"C=US, O=Amazon, CN=Amazon RSA 2048 M01"
codeload.developer.nasa.gov,No,Yes,4,1,2026-03-25T00:00:00,2026-10-09T23:59:59,25220086879;25216734825;25220105694;25216718827,"C=CA, O=Entrust Limited, CN=Entrust OV TLS Issuing RSA CA 2"
cognitoauth-533486038.auto.earthdatacloud.nasa.gov,Yes,Yes,2,1,2026-06-04T00:00:00,2026-12-18T23:59:59,27046820622;26887321400,"C=US, O=Amazon, CN=Amazon RSA 2048 M01"
cohesity.ivv.nasa.gov,Yes,Yes,3,1,2026-05-19T00:00:00,2026-12-03T23:59:59,26831268028;26470099980;26467814122,"C=US, O=DigiCert Inc, CN=DigiCert Global G2 TLS RSA SHA256 2020 CA1"
coldatomlab.jpl.nasa.gov,No,Yes,2,1,2025-12-04T00:00:00,2026-12-04T23:59:59,22908111525;22908134556,"C=CA, O=Entrust Limited, CN=Entrust OV TLS Issuing RSA CA 2"
colloqsigma.larc.nasa.gov,No,Yes,1,1,2026-01-07T00:00:00,2026-12-10T23:59:59,23598652111,"C=US, O=DigiCert Inc, OU=www.digicert.com, CN=Thawte TLS RSA CA G1"
columbia.nasa.gov,Yes,Yes,2,1,2025-09-19T00:00:00,2026-10-18T23:59:59,21139507552;21139507836,"C=CA, O=Entrust Limited, CN=Entrust DV TLS Issuing RSA CA 2"
comm-tracker.sops.m20.jpl.nasa.gov,Yes,Yes,1,1,2025-09-30T00:00:00,2026-10-29T23:59:59,21377761471,"C=US, O=Amazon, CN=Amazon RSA 2048 M04"
comm-tracker.train.m20.jpl.nasa.gov,Yes,Yes,1,1,2025-10-17T00:00:00,2026-11-15T23:59:59,21776371315,"C=US, O=Amazon, CN=Amazon RSA 2048 M04"
commfuse.amesaero.nasa.gov,Yes,Yes,2,2,2025-11-19T00:00:00,2026-12-18T23:59:59,25731450183;22579083509,"C=US, ST=Texas, L=Houston, O=SSL Corporation, CN=SSL.com RSA SSL subCA;C=US, O=Amazon, CN=Amazon RSA 2048 M01"
commonresearchmodel.larc.nasa.gov,No,Yes,1,1,2026-01-07T00:00:00,2026-12-10T23:59:59,23598652111,"C=US, O=DigiCert Inc, OU=www.digicert.com, CN=Thawte TLS RSA CA G1"
compass.ivv.nasa.gov,No,Yes,4,1,2026-04-29T00:00:00,2026-12-03T23:59:59,25952813031;25923352623;26470099980;25924315102,"C=US, O=DigiCert Inc, CN=DigiCert Global G2 TLS RSA SHA256 2020 CA1"
compasspre.ivv.nasa.gov,No,Yes,4,1,2026-04-29T00:00:00,2026-12-03T23:59:59,25952813031;25923352623;26470099980;25952926190,"C=US, O=DigiCert Inc, CN=DigiCert Global G2 TLS RSA SHA256 2020 CA1"
conf.ivv.nasa.gov,Yes,Yes,4,1,2026-04-29T00:00:00,2026-12-03T23:59:59,25952813031;25923352623;27089559916;26470099980,"C=US, O=DigiCert Inc, CN=DigiCert Global G2 TLS RSA SHA256 2020 CA1"
confdev.ivv.nasa.gov,Yes,Yes,4,1,2026-04-29T00:00:00,2026-12-03T23:59:59,27088070700;25952813031;25923352623;26470099980,"C=US, O=DigiCert Inc, CN=DigiCert Global G2 TLS RSA SHA256 2020 CA1"
conference-2-standalonecluster.jpl.nasa.gov,No,Yes,4,1,2026-06-04T00:00:00,2026-12-19T23:59:59,26889955465;26889875014;26889932561;26889897150,"C=CA, O=Entrust Limited, CN=Entrust OV TLS Issuing RSA CA 2"
conference-2-standalonecluster4e694.jpl.nasa.gov,No,Yes,4,1,2026-06-04T00:00:00,2026-12-19T23:59:59,26889955465;26889875014;26889932561;26889897150,"C=CA, O=Entrust Limited, CN=Entrust OV TLS Issuing RSA CA 2"
conference-3-standalonecluster.jpl.nasa.gov,No,Yes,4,1,2026-06-04T00:00:00,2026-12-19T23:59:59,26889955465;26889875014;26889932561;26889897150,"C=CA, O=Entrust Limited, CN=Entrust OV TLS Issuing RSA CA 2"
conference-3-standalonecluster4e694.jpl.nasa.gov,No,Yes,4,1,2026-06-04T00:00:00,2026-12-19T23:59:59,26889955465;26889875014;26889932561;26889897150,"C=CA, O=Entrust Limited, CN=Entrust OV TLS Issuing RSA CA 2"
confluence.ivv.nasa.gov,No,Yes,4,1,2026-04-29T00:00:00,2026-12-03T23:59:59,25952813031;25923352623;27089559916;26470099980,"C=US, O=DigiCert Inc, CN=DigiCert Global G2 TLS RSA SHA256 2020 CA1"
connect.gdscc.nasa.gov,Yes,Yes,4,1,2025-10-17T00:00:00,2026-10-17T23:59:59,21789970055;21785627333;21785639466;21789982171,"C=CA, O=Entrust Limited, CN=Entrust OV TLS Issuing RSA CA 2"
connect.jpl.nasa.gov,Yes,Yes,2,1,2026-03-25T00:00:00,2026-10-09T23:59:59,25202663220;25202649509,"C=CA, O=Entrust Limited, CN=Entrust OV TLS Issuing RSA CA 2"
connectdirect.nacc.nasa.gov,Yes,Yes,2,1,2025-12-01T00:00:00,2026-12-31T23:59:59,22848856839;22848843025,"C=CA, O=Entrust Limited, CN=Entrust DV TLS Issuing RSA CA 2"
constructionsafety.ssc.nasa.gov,Yes,Yes,1,1,2025-12-08T00:00:00,2026-12-23T23:59:59,22982424335,"C=US, O=DigiCert Inc, CN=DigiCert Global G2 TLS RSA SHA256 2020 CA1"
contract.prosams.nasa.gov,Yes,Yes,2,1,2026-06-16T00:00:00,2026-12-30T23:59:59,27218898962;27316767143,"C=US, O=Amazon, CN=Amazon RSA 2048 M01"
contractapp-govprod.prosams.nasa.gov,Yes,Yes,1,1,2025-10-16T00:00:00,2026-11-14T23:59:59,21762093624,"C=US, O=Amazon, CN=Amazon RSA 2048 M04"
contractsapp-govprod.prosams.nasa.gov,Yes,Yes,1,1,2025-10-17T00:00:00,2026-11-15T23:59:59,21785855286,"C=US, O=Amazon, CN=Amazon RSA 2048 M01"
core.nasa.gov,No,Yes,1,1,2025-09-16T00:00:00,2026-10-14T23:59:59,21063781145,"C=US, O=Amazon, CN=Amazon RSA 2048 M01"
core.sierra.luna.nasa.gov,Yes,Yes,10,2,2026-07-15T18:33:51,2026-10-14T15:45:19,27961679501;27987533107;27961707968;27987235191;27961669489;27987228877;27987540571;27987222894;27987236390;27961693353,"C=US, O=Let's Encrypt, CN=YR1;C=US, O=Let's Encrypt, CN=YR2"
core1.nasa.gov,No,Yes,1,1,2025-09-16T00:00:00,2026-10-14T23:59:59,21063781145,"C=US, O=Amazon, CN=Amazon RSA 2048 M01"
cosmic-dev.redirects.appdat.nasa.gov,Yes,Yes,2,1,2026-07-17T15:21:23,2026-10-15T15:21:22,28015788686;28015799522,"C=US, O=Let's Encrypt, CN=YR1"
cosmic-production.redirects.appdat.nasa.gov,Yes,Yes,2,1,2026-07-17T15:20:07,2026-10-15T15:20:06,28015774404;28015763496,"C=US, O=Let's Encrypt, CN=YR1"
cosmic-staging.redirects.appdat.nasa.gov,Yes,Yes,2,1,2026-07-17T15:20:40,2026-10-15T15:20:39,28015780535;28015763373,"C=US, O=Let's Encrypt, CN=YR2"
cosmic.appdat.jsc.nasa.gov,No,Yes,2,1,2026-07-17T15:20:07,2026-10-15T15:20:06,28015774404;28015763496,"C=US, O=Let's Encrypt, CN=YR1"
cosmic.development.luna.nasa.gov,Yes,Yes,2,1,2026-07-19T16:37:06,2026-10-17T16:37:05,28070032197;28070023541,"C=US, O=Let's Encrypt, CN=YR2"
cosmic.staging.luna.nasa.gov,Yes,Yes,2,1,2026-07-19T17:08:14,2026-10-17T17:08:13,28070613675;28070613036,"C=US, O=Let's Encrypt, CN=YR2"
costar.jpl.nasa.gov,No,Yes,2,1,2025-12-04T00:00:00,2026-12-04T23:59:59,22908111525;22908134556,"C=CA, O=Entrust Limited, CN=Entrust OV TLS Issuing RSA CA 2"
course-mdm-intro-prod.aao.nasa.gov,No,Yes,4,1,2025-09-29T00:00:00,2026-12-18T23:59:59,21348422864;26858978624;21348439766;26858944720,"C=CA, O=Entrust Limited, CN=Entrust DV TLS Issuing RSA CA 2"
cpex-aw.jpl.nasa.gov,No,Yes,2,1,2026-05-31T00:00:00,2026-12-15T23:59:59,26784187213;26784205142,"C=CA, O=Entrust Limited, CN=Entrust OV TLS Issuing RSA CA 2"
cpex.jpl.nasa.gov,No,Yes,2,1,2026-05-31T00:00:00,2026-12-15T23:59:59,26784187213;26784205142,"C=CA, O=Entrust Limited, CN=Entrust OV TLS Issuing RSA CA 2"
cpexportal.jpl.nasa.gov,No,Yes,2,1,2026-05-31T00:00:00,2026-12-15T23:59:59,26784187213;26784205142,"C=CA, O=Entrust Limited, CN=Entrust OV TLS Issuing RSA CA 2"
cphg296wi8h0qw.intsvc.cloud.earthdata.nasa.gov,Yes,Yes,1,1,2025-11-16T00:00:00,2026-12-15T23:59:59,22504034622,"C=US, O=Amazon, CN=Amazon RSA 2048 M04"
cplms-sim.mas.nasa.gov,Yes,Yes,1,1,2026-03-25T00:00:00,2026-10-09T23:59:59,25211962011,"C=US, O=DigiCert Inc, OU=www.digicert.com, CN=Thawte TLS RSA CA G1"
cram.aps.smce.nasa.gov,Yes,Yes,2,1,2026-04-29T00:00:00,2026-11-12T23:59:59,25914494771;26050827986,"C=US, O=Amazon, CN=Amazon RSA 2048 M04"
crib11-web-dev.jpl.nasa.gov,Yes,Yes,2,1,2025-12-10T00:00:00,2026-12-10T23:59:59,23041628347;23041656989,"C=CA, O=Entrust Limited, CN=Entrust OV TLS Issuing RSA CA 2"
cribl-230-301-6.jpl.nasa.gov,Yes,Yes,2,1,2025-12-17T00:00:00,2026-12-17T23:59:59,23166643111;23166626270,"C=CA, O=Entrust Limited, CN=Entrust OV TLS Issuing RSA CA 2"
cribl-230-310-6.jpl.nasa.gov,Yes,Yes,2,1,2025-12-17T00:00:00,2026-12-17T23:59:59,23166625801;23166642801,"C=CA, O=Entrust Limited, CN=Entrust OV TLS Issuing RSA CA 2"
cribl-worker-a6.jpl.nasa.gov,No,Yes,2,1,2025-12-17T00:00:00,2026-12-17T23:59:59,23166625801;23166642801,"C=CA, O=Entrust Limited, CN=Entrust OV TLS Issuing RSA CA 2"
cribl-worker-b6.jpl.nasa.gov,No,Yes,2,1,2025-12-17T00:00:00,2026-12-17T23:59:59,23166643111;23166626270,"C=CA, O=Entrust Limited, CN=Entrust OV TLS Issuing RSA CA 2"
crisp.sops.m20.jpl.nasa.gov,Yes,Yes,1,1,2025-09-30T00:00:00,2026-10-29T23:59:59,21381899971,"C=US, O=Amazon, CN=Amazon RSA 2048 M01"
crm-hl.aetc.appdat.jsc.nasa.gov,Yes,Yes,2,1,2026-07-12T00:48:49,2026-10-10T00:48:48,27865173892;27865169335,"C=US, O=Let's Encrypt, CN=YR2"
cronus.ivv.nasa.gov,No,Yes,4,1,2026-04-29T00:00:00,2026-12-03T23:59:59,25952813031;25923352623;26470099980;25952926190,"C=US, O=DigiCert Inc, CN=DigiCert Global G2 TLS RSA SHA256 2020 CA1"
crosscheck.sops.m20.jpl.nasa.gov,Yes,Yes,1,1,2025-09-30T00:00:00,2026-10-29T23:59:59,21377392564,"C=US, O=Amazon, CN=Amazon RSA 2048 M01"
crosscheck.train.m20.jpl.nasa.gov,Yes,Yes,1,1,2025-10-17T00:00:00,2026-11-15T23:59:59,21776516131,"C=US, O=Amazon, CN=Amazon RSA 2048 M04"
cryosphere.gsfc.nasa.gov,No,Yes,2,1,2026-07-22T12:25:25,2026-10-20T12:25:24,28153629149;28153625557,"C=US, O=Let's Encrypt, CN=YE1"
csaob.larc.nasa.gov,No,Yes,1,1,2026-01-07T00:00:00,2026-12-10T23:59:59,23598652111,"C=US, O=DigiCert Inc, OU=www.digicert.com, CN=Thawte TLS RSA CA G1"
csbf.nasa.gov,No,Yes,7,1,2025-09-09T00:00:00,2026-11-08T23:59:59,20897252875;26383836111;20897232176;20897087997;20897381869;22890328888;26152347529,"C=US, O=DigiCert Inc, CN=DigiCert Global G2 TLS RSA SHA256 2020 CA1"
csdap.earthdata.nasa.gov,Yes,Yes,1,1,2025-10-02T00:00:00,2026-10-31T23:59:59,21407944226,"C=US, O=Amazon, CN=Amazon RSA 2048 M04"
cso.nasa.gov,Yes,Yes,1,1,2025-12-01T00:00:00,2026-12-30T23:59:59,22848380356,"C=US, O=Amazon, CN=Amazon RSA 2048 M01"
csr.jpl.nasa.gov,No,Yes,2,1,2025-12-04T00:00:00,2026-12-04T23:59:59,22908111525;22908134556,"C=CA, O=Entrust Limited, CN=Entrust OV TLS Issuing RSA CA 2"
cuesits3-297465085.auto.earthdatacloud.nasa.gov,Yes,Yes,1,1,2025-10-23T00:00:00,2026-11-21T23:59:59,21929437631,"C=US, O=Amazon, CN=Amazon RSA 2048 M04"
cumulus-api-int.asf.earthdatacloud.nasa.gov,Yes,Yes,2,1,2025-09-11T00:00:00,2026-10-10T23:59:59,20934125272;20936184527,"C=US, O=Amazon, CN=Amazon RSA 2048 M01"
cumulus-api-test.asf.earthdatacloud.nasa.gov,Yes,Yes,1,1,2025-10-21T00:00:00,2026-11-19T23:59:59,21875085008,"C=US, O=Amazon, CN=Amazon RSA 2048 M04"
cumulus-api.asf.earthdatacloud.nasa.gov,Yes,Yes,2,1,2025-11-05T00:00:00,2026-12-04T23:59:59,22215232953;22216585534,"C=US, O=Amazon, CN=Amazon RSA 2048 M04"
cumulus-dashboard-int.asf.earthdatacloud.nasa.gov,Yes,Yes,2,1,2025-09-11T00:00:00,2026-10-10T23:59:59,20935421857;20938426197,"C=US, O=Amazon, CN=Amazon RSA 2048 M01"
cumulus-dashboard-test.asf.earthdatacloud.nasa.gov,Yes,Yes,2,1,2025-10-21T00:00:00,2026-11-19T23:59:59,21875869492;21874506848,"C=US, O=Amazon, CN=Amazon RSA 2048 M04"
cumulus-dashboard.asf.earthdatacloud.nasa.gov,Yes,Yes,1,1,2025-11-05T00:00:00,2026-12-04T23:59:59,22215894806,"C=US, O=Amazon, CN=Amazon RSA 2048 M01"
cumulus-int.asf.earthdatacloud.nasa.gov,Yes,Yes,2,1,2025-09-11T00:00:00,2026-10-10T23:59:59,20937991658;20935504043,"C=US, O=Amazon, CN=Amazon RSA 2048 M04"
cumulus-test.asf.earthdatacloud.nasa.gov,Yes,Yes,1,1,2025-10-21T00:00:00,2026-11-19T23:59:59,21874041964,"C=US, O=Amazon, CN=Amazon RSA 2048 M04"
cumulus.asf.earthdatacloud.nasa.gov,Yes,Yes,1,1,2025-11-05T00:00:00,2026-12-04T23:59:59,22214282048,"C=US, O=Amazon, CN=Amazon RSA 2048 M01"
cumulus.podaac.earthdata.nasa.gov,Yes,Yes,2,1,2026-05-06T00:00:00,2026-11-19T23:59:59,26107783510;26112174001,"C=US, O=Amazon, CN=Amazon RSA 2048 M04"
cumulus.podaac.sit.earthdata.nasa.gov,No,Yes,2,1,2026-06-17T00:00:00,2026-12-31T23:59:59,27247514806;27331098010,"C=US, O=Amazon, CN=Amazon RSA 2048 M01"
cumulus.podaac.uat.earthdata.nasa.gov,Yes,Yes,2,1,2026-06-16T00:00:00,2026-12-30T23:59:59,27224750511;27223838206,"C=US, O=Amazon, CN=Amazon RSA 2048 M01"
cumulus.swot.podaac.sit.earthdata.nasa.gov,No,Yes,2,1,2026-06-17T00:00:00,2026-12-31T23:59:59,27250801031;27666954859,"C=US, O=Amazon, CN=Amazon RSA 2048 M04"
cumulus.swot.podaac.uat.earthdata.nasa.gov,No,Yes,1,1,2026-06-17T00:00:00,2026-12-31T23:59:59,27249693276,"C=US, O=Amazon, CN=Amazon RSA 2048 M01"
curator.jsc.nasa.gov,No,Yes,2,1,2025-09-12T00:00:00,2026-10-13T23:59:59,20978829169;20976702597,"C=US, O=DigiCert Inc, OU=www.digicert.com, CN=GeoTrust TLS RSA CA G1"
cutoff-alb.intsvc.cloud.sit.earthdata.nasa.gov,No,Yes,1,1,2026-04-22T00:00:00,2026-11-05T23:59:59,25653813108,"C=US, O=Amazon, CN=Amazon RSA 2048 M04"
cutoff-api.intsvc.cloud.sit.earthdata.nasa.gov,No,Yes,1,1,2026-04-22T00:00:00,2026-11-05T23:59:59,25653813108,"C=US, O=Amazon, CN=Amazon RSA 2048 M04"
cws-1025t2.gd.m20.jpl.nasa.gov,Yes,Yes,1,1,2025-11-10T00:00:00,2026-12-09T23:59:59,22368722961,"C=US, O=Amazon, CN=Amazon RSA 2048 M04"
cws-1025t3.gd.m20.jpl.nasa.gov,Yes,Yes,1,1,2025-11-13T00:00:00,2026-12-12T23:59:59,22443027021,"C=US, O=Amazon, CN=Amazon RSA 2048 M01"
cws-1025t4.gd.m20.jpl.nasa.gov,Yes,Yes,1,1,2025-11-13T00:00:00,2026-12-12T23:59:59,22443139678,"C=US, O=Amazon, CN=Amazon RSA 2048 M04"
cws-1025t5.gd.m20.jpl.nasa.gov,Yes,Yes,1,1,2025-11-17T00:00:00,2026-12-16T23:59:59,22547870910,"C=US, O=Amazon, CN=Amazon RSA 2048 M04"
cws-1025t6.gd.m20.jpl.nasa.gov,Yes,Yes,1,1,2025-11-18T00:00:00,2026-12-17T23:59:59,22569089909,"C=US, O=Amazon, CN=Amazon RSA 2048 M04"
cws-1025t7.gd.m20.jpl.nasa.gov,Yes,Yes,1,1,2025-11-19T00:00:00,2026-12-18T23:59:59,22592687068,"C=US, O=Amazon, CN=Amazon RSA 2048 M01"
cws-1125t1.gd.m20.jpl.nasa.gov,Yes,Yes,1,1,2025-11-03T00:00:00,2026-12-02T23:59:59,22183850359,"C=US, O=Amazon, CN=Amazon RSA 2048 M04"
cws-2604t1.gd.m20.jpl.nasa.gov,Yes,Yes,1,1,2026-05-06T00:00:00,2026-11-19T23:59:59,26128599206,"C=US, O=Amazon, CN=Amazon RSA 2048 M04"
cws-2604t2.gd.m20.jpl.nasa.gov,Yes,Yes,1,1,2026-05-11T00:00:00,2026-11-24T23:59:59,26263877077,"C=US, O=Amazon, CN=Amazon RSA 2048 M01"
cws-2604t3.gd.m20.jpl.nasa.gov,Yes,Yes,1,1,2026-05-12T00:00:00,2026-11-25T23:59:59,26289510688,"C=US, O=Amazon, CN=Amazon RSA 2048 M04"
cws-2604t4.gd.m20.jpl.nasa.gov,Yes,Yes,1,1,2026-05-13T00:00:00,2026-11-26T23:59:59,26316983106,"C=US, O=Amazon, CN=Amazon RSA 2048 M04"
cws-2605t1.gd.m20.jpl.nasa.gov,Yes,Yes,1,1,2026-05-04T00:00:00,2026-11-17T23:59:59,26071103640,"C=US, O=Amazon, CN=Amazon RSA 2048 M04"
cws-g87t1.gd.m20.jpl.nasa.gov,Yes,Yes,1,1,2025-09-18T00:00:00,2026-10-17T23:59:59,21109622743,"C=US, O=Amazon, CN=Amazon RSA 2048 M01"
cws-g87t2.gd.m20.jpl.nasa.gov,Yes,Yes,1,1,2025-10-08T00:00:00,2026-11-06T23:59:59,21583698595,"C=US, O=Amazon, CN=Amazon RSA 2048 M04"
cws-g87t3.gd.m20.jpl.nasa.gov,Yes,Yes,2,2,2025-10-20T00:00:00,2026-11-26T23:59:59,21862816020;22070635793,"C=US, O=Amazon, CN=Amazon RSA 2048 M04;C=US, O=Amazon, CN=Amazon RSA 2048 M01"
cws-lisa90.gd.m20.jpl.nasa.gov,Yes,Yes,1,1,2025-10-28T00:00:00,2026-11-26T23:59:59,22070063117,"C=US, O=Amazon, CN=Amazon RSA 2048 M04"
cws-lisa91.gd.m20.jpl.nasa.gov,Yes,Yes,1,1,2025-10-29T00:00:00,2026-11-27T23:59:59,22085813453,"C=US, O=Amazon, CN=Amazon RSA 2048 M01"
cws-lisa92.gd.m20.jpl.nasa.gov,Yes,Yes,1,1,2025-10-29T00:00:00,2026-11-27T23:59:59,22088829600,"C=US, O=Amazon, CN=Amazon RSA 2048 M04"
cws-lisa93.gd.m20.jpl.nasa.gov,Yes,Yes,1,1,2025-11-05T00:00:00,2026-12-04T23:59:59,22230302600,"C=US, O=Amazon, CN=Amazon RSA 2048 M04"
cws-lisa95.gd.m20.jpl.nasa.gov,Yes,Yes,1,1,2025-11-06T00:00:00,2026-12-05T23:59:59,22263366956,"C=US, O=Amazon, CN=Amazon RSA 2048 M04"
cws-lisa96.gd.m20.jpl.nasa.gov,Yes,Yes,1,1,2025-11-06T00:00:00,2026-12-05T23:59:59,22263712723,"C=US, O=Amazon, CN=Amazon RSA 2048 M01"
cws-sliua.gd.m20.jpl.nasa.gov,Yes,Yes,1,1,2026-03-30T00:00:00,2026-10-13T23:59:59,25270970927,"C=US, O=Amazon, CN=Amazon RSA 2048 M01"
cws-sliub.gd.m20.jpl.nasa.gov,Yes,Yes,1,1,2026-04-27T00:00:00,2026-11-10T23:59:59,25856203326,"C=US, O=Amazon, CN=Amazon RSA 2048 M01"
cws-sliud.gd.m20.jpl.nasa.gov,Yes,Yes,1,1,2026-05-08T00:00:00,2026-11-21T23:59:59,26183286789,"C=US, O=Amazon, CN=Amazon RSA 2048 M04"
cws-zef-1.gd.m20.jpl.nasa.gov,Yes,Yes,1,1,2025-10-20T00:00:00,2026-11-18T23:59:59,21864691874,"C=US, O=Amazon, CN=Amazon RSA 2048 M04"
cws-zef-2.gd.m20.jpl.nasa.gov,Yes,Yes,3,1,2025-09-12T00:00:00,2026-11-27T23:59:59,22070792707;22089108951;20977837159,"C=US, O=Amazon, CN=Amazon RSA 2048 M04"
cws-zef-3.gd.m20.jpl.nasa.gov,Yes,Yes,1,1,2025-11-04T00:00:00,2026-12-03T23:59:59,22190427368,"C=US, O=Amazon, CN=Amazon RSA 2048 M04"
cws.sops.m20.jpl.nasa.gov,Yes,Yes,1,1,2025-09-30T00:00:00,2026-10-29T23:59:59,21383139967,"C=US, O=Amazon, CN=Amazon RSA 2048 M01"
cws.tb.m20.jpl.nasa.gov,Yes,Yes,1,1,2025-10-15T00:00:00,2026-11-13T23:59:59,21745131941,"C=US, O=Amazon, CN=Amazon RSA 2048 M01"
cws.tbdev.m20.jpl.nasa.gov,Yes,Yes,1,1,2025-10-10T00:00:00,2026-11-08T23:59:59,21631532576,"C=US, O=Amazon, CN=Amazon RSA 2048 M04"
czbast.czdt.smce.nasa.gov,Yes,Yes,2,1,2026-07-24T13:06:37,2026-10-22T13:06:36,28213076651;28213078451,"C=US, O=Let's Encrypt, CN=YE1"
d34s3p9y4jznjb.intsvc.cloud.sit.earthdata.nasa.gov,Yes,Yes,1,1,2026-06-01T00:00:00,2026-12-15T23:59:59,26793069707,"C=US, O=Amazon, CN=Amazon RSA 2048 M01"
daedalus1.larc.nasa.gov,Yes,Yes,2,1,2025-11-26T00:00:00,2026-12-04T23:59:59,22745142062;22759149065,"C=US, O=DigiCert Inc, OU=www.digicert.com, CN=Thawte TLS RSA CA G1"
dartslab.jpl.nasa.gov,No,Yes,2,1,2026-06-03T00:00:00,2026-12-18T23:59:59,26864637380;26864612323,"C=CA, O=Entrust Limited, CN=Entrust OV TLS Issuing RSA CA 2"
dashboard.aa2.appdat.jsc.nasa.gov,Yes,Yes,2,1,2026-07-11T21:58:02,2026-10-09T21:58:01,27862643609;27862650228,"C=US, O=Let's Encrypt, CN=YR2"
dashboard.cnsldcumulus.prod1.earthdatacloud.nasa.gov,Yes,Yes,2,1,2026-04-21T00:00:00,2026-11-04T23:59:59,25639992397;25675619308,"C=US, O=Amazon, CN=Amazon RSA 2048 M01"
dashboard.cnsldcumulus.prod2.earthdatacloud.nasa.gov,Yes,Yes,2,1,2026-05-28T00:00:00,2026-12-11T23:59:59,26716006343;26762679282,"C=US, O=Amazon, CN=Amazon RSA 2048 M01"
dashboard.cnsldcumulus.prod3.earthdatacloud.nasa.gov,Yes,Yes,2,1,2026-05-27T00:00:00,2026-12-10T23:59:59,26685191398;26725336287,"C=US, O=Amazon, CN=Amazon RSA 2048 M04"
dashboard.cnsldcumulus.prod4.earthdatacloud.nasa.gov,Yes,Yes,2,1,2026-05-27T00:00:00,2026-12-10T23:59:59,26725283012;26685125228,"C=US, O=Amazon, CN=Amazon RSA 2048 M01"
dashboard.cnsldcumulus.uat1.earthdatacloud.nasa.gov,Yes,Yes,2,1,2026-05-12T00:00:00,2026-11-25T23:59:59,26285781273;26290308648,"C=US, O=Amazon, CN=Amazon RSA 2048 M01"
dashboard.cnsldcumulus.uat2.earthdatacloud.nasa.gov,Yes,Yes,2,1,2026-05-21T00:00:00,2026-12-04T23:59:59,26523374461;26520807034,"C=US, O=Amazon, CN=Amazon RSA 2048 M01"
dashboard.cnsldcumulus.uat3.earthdatacloud.nasa.gov,Yes,Yes,2,1,2026-05-27T00:00:00,2026-12-10T23:59:59,26728636515;26687688004,"C=US, O=Amazon, CN=Amazon RSA 2048 M04"
dashboard.cnsldcumulus.uat4.earthdatacloud.nasa.gov,Yes,Yes,2,1,2026-06-03T00:00:00,2026-12-17T23:59:59,26861720704;26996108684,"C=US, O=Amazon, CN=Amazon RSA 2048 M01"
dashboard.cumulus.sit.earthdata.nasa.gov,Yes,Yes,2,1,2026-06-08T00:00:00,2026-12-22T23:59:59,26985666388;26986508879,"C=US, O=Amazon, CN=Amazon RSA 2048 M01"
dashboard.dev.aa2.appdat.jsc.nasa.gov,Yes,Yes,2,1,2026-07-21T02:22:48,2026-10-19T02:22:47,28111657136;28111667355,"C=US, O=Let's Encrypt, CN=YR2"
dashboard.dev.gds.appdat.jsc.nasa.gov,Yes,Yes,2,1,2026-07-12T00:54:23,2026-10-10T00:54:22,27865242458;27865240180,"C=US, O=Let's Encrypt, CN=YR1"
dashboard.laadsdaac.uat.earthdatacloud.nasa.gov,Yes,Yes,1,1,2025-10-12T00:00:00,2026-11-10T23:59:59,21659474115,"C=US, O=Amazon, CN=Amazon RSA 2048 M01"
dashboard.lpdaac.earthdata.nasa.gov,No,Yes,1,1,2025-10-16T00:00:00,2026-11-13T23:59:59,21750317173,"C=US, O=Amazon, CN=Amazon RSA 2048 M01"
dashboard.lpdaac.earthdatacloud.nasa.gov,No,Yes,1,1,2025-10-16T00:00:00,2026-11-13T23:59:59,21750317173,"C=US, O=Amazon, CN=Amazon RSA 2048 M01"
dashboard.lpdaac.uat.earthdatacloud.nasa.gov,No,Yes,1,1,2025-10-08T00:00:00,2026-11-05T23:59:59,21561244668,"C=US, O=Amazon, CN=Amazon RSA 2048 M04"
dashboard.nsidc.sit.earthdata.nasa.gov,Yes,Yes,2,1,2026-06-07T00:00:00,2026-12-21T23:59:59,27172701114;26957008102,"C=US, O=Amazon, CN=Amazon RSA 2048 M04"
dashboard.nsidc.uat.earthdata.nasa.gov,Yes,Yes,2,1,2026-06-07T00:00:00,2026-12-21T23:59:59,26956685873;27172539051,"C=US, O=Amazon, CN=Amazon RSA 2048 M01"
dashboard.ornldaac.sit.earthdatacloud.nasa.gov,Yes,Yes,1,1,2025-11-16T00:00:00,2026-12-15T23:59:59,22502341546,"C=US, O=Amazon, CN=Amazon RSA 2048 M04"
dashboard.podaac.earthdata.nasa.gov,Yes,Yes,2,1,2026-05-04T00:00:00,2026-11-17T23:59:59,26090719685;26051782044,"C=US, O=Amazon, CN=Amazon RSA 2048 M04"
dashboard.podaac.sit.earthdata.nasa.gov,Yes,Yes,2,1,2026-06-17T00:00:00,2026-12-31T23:59:59,27247514806;27331098010,"C=US, O=Amazon, CN=Amazon RSA 2048 M01"
dashboard.podaac.uat.earthdata.nasa.gov,Yes,Yes,2,1,2026-06-17T00:00:00,2026-12-31T23:59:59,27248940072;27331496909,"C=US, O=Amazon, CN=Amazon RSA 2048 M04"
dashboard.staging.gds.appdat.jsc.nasa.gov,Yes,Yes,2,1,2026-07-19T00:50:49,2026-10-17T00:50:48,28052275738;28052281025,"C=US, O=Let's Encrypt, CN=YR2"
dashboard.swot.podaac.sit.earthdata.nasa.gov,Yes,Yes,2,1,2026-06-17T00:00:00,2026-12-31T23:59:59,27250801031;27666954859,"C=US, O=Amazon, CN=Amazon RSA 2048 M04"
dashboard.swot.podaac.uat.earthdata.nasa.gov,Yes,Yes,1,1,2026-06-17T00:00:00,2026-12-31T23:59:59,27249693276,"C=US, O=Amazon, CN=Amazon RSA 2048 M01"
dashboard.uat.lpdaac.earthdata.nasa.gov,No,Yes,1,1,2025-10-08T00:00:00,2026-11-05T23:59:59,21561244668,"C=US, O=Amazon, CN=Amazon RSA 2048 M04"
dashboards3-1699004259.auto.earthdatacloud.nasa.gov,Yes,Yes,2,1,2026-04-15T00:00:00,2026-10-29T23:59:59,25534363319;25530096766,"C=US, O=Amazon, CN=Amazon RSA 2048 M04"
dashboardv2.cnsldcumulus.earthdatacloud.nasa.gov,Yes,Yes,2,1,2026-06-09T00:00:00,2026-12-23T23:59:59,27028788300;27216304583,"C=US, O=Amazon, CN=Amazon RSA 2048 M04"
dashboardv2.cnsldcumulus.sit.earthdatacloud.nasa.gov,Yes,Yes,2,1,2026-05-22T00:00:00,2026-12-05T23:59:59,26555672088;26559340112,"C=US, O=Amazon, CN=Amazon RSA 2048 M04"
dashboardv2.cnsldcumulus.uat.earthdatacloud.nasa.gov,Yes,Yes,2,1,2026-05-27T00:00:00,2026-12-10T23:59:59,26729202765;26688167946,"C=US, O=Amazon, CN=Amazon RSA 2048 M01"
data.cnsldcumulus.prod1.earthdatacloud.nasa.gov,Yes,Yes,2,1,2026-06-12T00:00:00,2026-12-26T23:59:59,27125353544;27264701828,"C=US, O=Amazon, CN=Amazon RSA 2048 M04"
data.cnsldcumulus.uat1.earthdatacloud.nasa.gov,Yes,Yes,2,1,2026-04-01T00:00:00,2026-10-15T23:59:59,25310839209;25376129982,"C=US, O=Amazon, CN=Amazon RSA 2048 M04"
data.csdap.earthdata.nasa.gov,Yes,Yes,1,1,2025-10-12T00:00:00,2026-11-10T23:59:59,21661289814,"C=US, O=Amazon, CN=Amazon RSA 2048 M01"
data.cumulus.sit.earthdata.nasa.gov,Yes,Yes,2,1,2025-09-25T00:00:00,2026-10-23T23:59:59,21257637975;21257435433,"C=US, O=Amazon, CN=Amazon RSA 2048 M04"
data.earthdata.nasa.gov,Yes,Yes,2,1,2026-04-14T00:00:00,2026-10-28T23:59:59,25839096885;25532606100,"C=US, O=Amazon, CN=Amazon RSA 2048 M04"
data.ectb.awsgw1.jpl.nasa.gov,No,Yes,2,1,2026-03-26T00:00:00,2026-10-10T23:59:59,25234668940;25234650932,"C=CA, O=Entrust Limited, CN=Entrust OV TLS Issuing RSA CA 2"
data.gesdisc.earthdatacloud.nasa.gov,Yes,Yes,2,1,2026-04-11T00:00:00,2026-10-25T23:59:59,25663164467;25477086701,"C=US, O=Amazon, CN=Amazon RSA 2048 M04"
data.laadsdaac.uat.earthdatacloud.nasa.gov,Yes,Yes,1,1,2025-10-14T00:00:00,2026-11-12T23:59:59,21705702316,"C=US, O=Amazon, CN=Amazon RSA 2048 M04"
data.lpdaac.earthdatacloud.nasa.gov,No,Yes,1,1,2025-10-16T00:00:00,2026-11-13T23:59:59,21750317173,"C=US, O=Amazon, CN=Amazon RSA 2048 M01"
data.lpdaac.uat.earthdatacloud.nasa.gov,No,Yes,1,1,2025-10-08T00:00:00,2026-11-05T23:59:59,21561244668,"C=US, O=Amazon, CN=Amazon RSA 2048 M04"
data.ornldaac.sit.earthdatacloud.nasa.gov,Yes,Yes,1,1,2025-11-16T00:00:00,2026-12-15T23:59:59,22502826969,"C=US, O=Amazon, CN=Amazon RSA 2048 M01"
data.sbeta.m20.jpl.nasa.gov,Yes,Yes,1,1,2025-10-08T00:00:00,2026-11-06T23:59:59,21582177586,"C=US, O=Amazon, CN=Amazon RSA 2048 M04"
data.sops.m20.jpl.nasa.gov,Yes,Yes,1,1,2025-09-30T00:00:00,2026-10-29T23:59:59,21377488125,"C=US, O=Amazon, CN=Amazon RSA 2048 M04"
data.staging-ds1.ds1.appdat.jsc.nasa.gov,Yes,Yes,4,1,2026-07-11T16:36:33,2026-10-09T16:36:33,27858165192;27858165360;27858174406;27858172538,"C=US, O=Let's Encrypt, CN=YR1"
data.tb.m20.jpl.nasa.gov,Yes,Yes,1,1,2025-10-15T00:00:00,2026-11-13T23:59:59,21741263650,"C=US, O=Amazon, CN=Amazon RSA 2048 M01"
data.tbdev.m20.jpl.nasa.gov,Yes,Yes,1,1,2025-10-08T00:00:00,2026-11-06T23:59:59,21582104723,"C=US, O=Amazon, CN=Amazon RSA 2048 M04"
data.train.m20.jpl.nasa.gov,Yes,Yes,1,1,2025-10-16T00:00:00,2026-11-14T23:59:59,21764076968,"C=US, O=Amazon, CN=Amazon RSA 2048 M04"
data.worldwind.arc.nasa.gov,Yes,Yes,2,1,2026-04-21T17:20:31,2026-11-05T17:20:37,25777646603;25777646530,"C=US, ST=Texas, L=Houston, O=SSL Corporation, CN=SSL.com RSA SSL subCA"
dataact.nasa.gov,No,Yes,6,2,2025-09-29T00:00:00,2026-12-18T23:59:59,25912545389;26858944720;21348422864;25554015610;21348439766;26858978624,"C=GB, O=Sectigo Limited, CN=Sectigo Public Server Authentication CA DV R36;C=CA, O=Entrust Limited, CN=Entrust DV TLS Issuing RSA CA 2"
dataact.uat.nasa.gov,No,Yes,6,2,2025-11-06T00:00:00,2026-12-27T23:59:59,25912545389;23457941075;22258485537;25554015610;22258442655;23457911902,"C=GB, O=Sectigo Limited, CN=Sectigo Public Server Authentication CA DV R36;C=CA, O=Entrust Limited, CN=Entrust DV TLS Issuing RSA CA 2"
datadrive-unstable.gd.m20.jpl.nasa.gov,Yes,Yes,1,1,2026-03-26T00:00:00,2026-10-09T23:59:59,25222353833,"C=US, O=Amazon, CN=Amazon RSA 2048 M04"
datadrive.sops.m20.jpl.nasa.gov,Yes,Yes,1,1,2025-09-30T00:00:00,2026-10-29T23:59:59,21381966799,"C=US, O=Amazon, CN=Amazon RSA 2048 M04"
datadrive.tbdev.m20.jpl.nasa.gov,Yes,Yes,1,1,2025-10-13T00:00:00,2026-11-11T23:59:59,21695082093,"C=US, O=Amazon, CN=Amazon RSA 2048 M04"
datadrive.train.m20.jpl.nasa.gov,Yes,Yes,1,1,2025-10-16T00:00:00,2026-11-14T23:59:59,21768221737,"C=US, O=Amazon, CN=Amazon RSA 2048 M04"
datapipeline-marsadmin.jpl.nasa.gov,No,Yes,2,1,2026-06-15T00:00:00,2026-12-30T23:59:59,27215415840;27215384297,"C=CA, O=Entrust Limited, CN=Entrust OV TLS Issuing RSA CA 2"
dataverse.jpl.nasa.gov,No,Yes,2,1,2026-05-27T00:00:00,2026-12-11T23:59:59,26690492902;26690471036,"C=CA, O=Entrust Limited, CN=Entrust OV TLS Issuing RSA CA 2"
dbol1-prod.arc.nasa.gov,Yes,Yes,1,1,2026-07-20T00:00:00,2026-12-02T23:59:59,28104490592,"C=US, O=DigiCert Inc, CN=DigiCert Global G2 TLS RSA SHA256 2020 CA1"
dcms-ws.at.nasa.gov,Yes,Yes,6,2,2026-04-15T00:00:00,2026-10-31T23:59:59,25910467750;25552726341;25566052484;25910465584;25928673918;25552730050,"C=GB, O=Sectigo Limited, CN=Sectigo Public Server Authentication CA DV R36;C=GB, O=Sectigo Limited, CN=Sectigo Public Server Authentication CA OV R36"
dcms-ws.nasa.gov,Yes,Yes,6,2,2026-04-15T00:00:00,2026-11-01T23:59:59,25910467750;25910465584;25552726341;25572046882;25935902631;25552730050,"C=GB, O=Sectigo Limited, CN=Sectigo Public Server Authentication CA DV R36;C=GB, O=Sectigo Limited, CN=Sectigo Public Server Authentication CA OV R36"
dd-download-unstable.gd.m20.jpl.nasa.gov,Yes,Yes,1,1,2026-04-18T00:00:00,2026-11-01T23:59:59,25562390003,"C=US, O=Amazon, CN=Amazon RSA 2048 M01"
dd-middle-download.gd.m20.jpl.nasa.gov,Yes,Yes,1,1,2025-10-10T00:00:00,2026-11-08T23:59:59,21610630303,"C=US, O=Amazon, CN=Amazon RSA 2048 M04"
dd-middle-download.sops.m20.jpl.nasa.gov,Yes,Yes,1,1,2025-09-30T00:00:00,2026-10-29T23:59:59,21381935029,"C=US, O=Amazon, CN=Amazon RSA 2048 M01"
dd-middle-download.tb.m20.jpl.nasa.gov,Yes,Yes,1,1,2025-10-15T00:00:00,2026-11-13T23:59:59,21745197168,"C=US, O=Amazon, CN=Amazon RSA 2048 M01"
dd-middle-download.tbdev.m20.jpl.nasa.gov,Yes,Yes,1,1,2025-10-13T00:00:00,2026-11-11T23:59:59,21695061965,"C=US, O=Amazon, CN=Amazon RSA 2048 M01"
dd-middle-download.train.m20.jpl.nasa.gov,Yes,Yes,1,1,2025-10-16T00:00:00,2026-11-14T23:59:59,21768190148,"C=US, O=Amazon, CN=Amazon RSA 2048 M01"
dd-middle-unstable.gd.m20.jpl.nasa.gov,Yes,Yes,1,1,2026-03-26T00:00:00,2026-10-09T23:59:59,25222357691,"C=US, O=Amazon, CN=Amazon RSA 2048 M04"
dd-middle.sops.m20.jpl.nasa.gov,Yes,Yes,1,1,2025-09-30T00:00:00,2026-10-29T23:59:59,21381934297,"C=US, O=Amazon, CN=Amazon RSA 2048 M04"
dd-middle.tb.m20.jpl.nasa.gov,Yes,Yes,1,1,2025-10-15T00:00:00,2026-11-13T23:59:59,21745197074,"C=US, O=Amazon, CN=Amazon RSA 2048 M04"
dd-middle.tbdev.m20.jpl.nasa.gov,Yes,Yes,1,1,2025-10-13T00:00:00,2026-11-11T23:59:59,21695042182,"C=US, O=Amazon, CN=Amazon RSA 2048 M01"
dd-middle.train.m20.jpl.nasa.gov,Yes,Yes,1,1,2025-10-16T00:00:00,2026-11-14T23:59:59,21768190357,"C=US, O=Amazon, CN=Amazon RSA 2048 M04"
dd-middleware-download.ectb.awsgw1.jpl.nasa.gov,No,Yes,2,1,2026-03-26T00:00:00,2026-10-10T23:59:59,25234668940;25234650932,"C=CA, O=Entrust Limited, CN=Entrust OV TLS Issuing RSA CA 2"
dd-middleware.ectb.awsgw1.jpl.nasa.gov,No,Yes,2,1,2026-03-26T00:00:00,2026-10-10T23:59:59,25234668940;25234650932,"C=CA, O=Entrust Limited, CN=Entrust OV TLS Issuing RSA CA 2"
dd-thumbnail-generator.ectb.awsgw1.jpl.nasa.gov,No,Yes,2,1,2026-03-26T00:00:00,2026-10-10T23:59:59,25234668940;25234650932,"C=CA, O=Entrust Limited, CN=Entrust OV TLS Issuing RSA CA 2"
dd.ectb.awsgw1.jpl.nasa.gov,No,Yes,2,1,2026-03-26T00:00:00,2026-10-10T23:59:59,25234668940;25234650932,"C=CA, O=Entrust Limited, CN=Entrust OV TLS Issuing RSA CA 2"
ddtrb.larc.nasa.gov,No,Yes,1,1,2026-01-07T00:00:00,2026-12-10T23:59:59,23598652111,"C=US, O=DigiCert Inc, OU=www.digicert.com, CN=Thawte TLS RSA CA G1"
deapdmpm-dev102.jpl.nasa.gov,No,Yes,2,1,2026-04-28T00:00:00,2026-11-12T23:59:59,25889323595;26085249770,"C=CA, O=Entrust Limited, CN=Entrust OV TLS Issuing RSA CA 2"
deepblue.gsfc.nasa.gov,No,Yes,2,1,2026-07-22T12:25:25,2026-10-20T12:25:24,28153629149;28153625557,"C=US, O=Let's Encrypt, CN=YE1"
deepspace.jpl.nasa.gov,No,Yes,2,1,2025-12-04T00:00:00,2026-12-04T23:59:59,22908111525;22908134556,"C=CA, O=Entrust Limited, CN=Entrust OV TLS Issuing RSA CA 2"
depot-guardian.cddis.eosdis.nasa.gov,Yes,Yes,2,1,2025-11-03T00:00:00,2026-12-02T23:59:59,22182188449;22182202699,"C=CA, O=Entrust Limited, CN=Entrust DV TLS Issuing RSA CA 2"
depot.cddis.eosdis.nasa.gov,Yes,Yes,2,1,2025-11-03T00:00:00,2026-12-02T23:59:59,22182157092;22182172273,"C=CA, O=Entrust Limited, CN=Entrust DV TLS Issuing RSA CA 2"
depotdev-guardian.cddis.eosdis.nasa.gov,Yes,Yes,2,1,2025-11-03T00:00:00,2026-12-02T23:59:59,22182125115;22182108626,"C=CA, O=Entrust Limited, CN=Entrust DV TLS Issuing RSA CA 2"
descanso.jpl.nasa.gov,No,Yes,2,1,2025-12-04T00:00:00,2026-12-04T23:59:59,22908111525;22908134556,"C=CA, O=Entrust Limited, CN=Entrust OV TLS Issuing RSA CA 2"
detectionapi-1757013201.auto.earthdatacloud.nasa.gov,Yes,Yes,2,1,2025-10-07T00:00:00,2026-11-05T23:59:59,21555303106;21554141742,"C=US, O=Amazon, CN=Amazon RSA 2048 M01"
dev-influxdb.swsoc.smce.nasa.gov,Yes,Yes,2,1,2026-05-27T00:00:00,2026-12-10T23:59:59,26677940795;26716086323,"C=US, O=Amazon, CN=Amazon RSA 2048 M04"
dev.across.sciencecloud.nasa.gov,Yes,Yes,3,2,2026-05-07T00:00:00,2026-11-20T23:59:59,26150290436;26151953469;26150351673,"C=US, O=Amazon, CN=Amazon RSA 2048 M04;C=US, O=Amazon, CN=Amazon RSA 2048 M01"
dev.across.smce.nasa.gov,No,Yes,2,1,2026-05-07T00:00:00,2026-11-20T23:59:59,26150290436;26150351673,"C=US, O=Amazon, CN=Amazon RSA 2048 M04"
dev.corhel.ccmc.smce.nasa.gov,Yes,Yes,1,1,2025-10-22T00:00:00,2026-11-20T23:59:59,21901979647,"C=US, O=Amazon, CN=Amazon RSA 2048 M04"
dev.cosmic.appdat.jsc.nasa.gov,No,Yes,2,1,2026-07-17T15:21:23,2026-10-15T15:21:22,28015788686;28015799522,"C=US, O=Let's Encrypt, CN=YR1"
dev.gcn.nasa.gov,Yes,Yes,1,1,2025-11-28T00:00:00,2026-12-27T23:59:59,22775221737,"C=US, O=Amazon, CN=Amazon RSA 2048 M04"
dev.jsc.nasa.gov,Yes,Yes,1,1,2026-05-26T00:00:00,2026-12-10T23:59:59,26663263863,"C=US, O=DigiCert Inc, CN=DigiCert Global G2 TLS RSA SHA256 2020 CA1"
dev.ochco-connect.mcp.nasa.gov,Yes,Yes,1,1,2025-11-26T00:00:00,2026-12-25T23:59:59,22736125185,"C=US, O=Amazon, CN=Amazon RSA 2048 M01"
dev.ochco-workbench.ochco.nasa.gov,Yes,Yes,1,1,2026-04-21T00:00:00,2026-11-04T23:59:59,25620822774,"C=US, O=Amazon, CN=Amazon RSA 2048 M01"
dev.satcorps.smce.nasa.gov,No,Yes,2,1,2026-07-13T10:40:30,2026-10-11T10:40:29,27897660277;27897653074,"C=US, O=Let's Encrypt, CN=YE1"
dev.wsa.ccmc.smce.nasa.gov,Yes,Yes,1,1,2025-11-04T00:00:00,2026-12-03T23:59:59,22193860022,"C=US, O=Amazon, CN=Amazon RSA 2048 M01"
dev15testlg.ngap.earthdata.nasa.gov,Yes,Yes,2,1,2025-11-09T00:00:00,2026-12-08T23:59:59,22329019145;22327954198,"C=US, O=Amazon, CN=Amazon RSA 2048 M01"
devcentral.nasa.gov,No,Yes,6,2,2025-09-29T00:00:00,2026-12-18T23:59:59,25912545389;26858944720;21348422864;25554015610;21348439766;26858978624,"C=GB, O=Sectigo Limited, CN=Sectigo Public Server Authentication CA DV R36;C=CA, O=Entrust Limited, CN=Entrust DV TLS Issuing RSA CA 2"
developer.earthdata.nasa.gov,No,Yes,2,1,2025-11-20T00:00:00,2026-12-20T23:59:59,22622177711;22622157708,"C=CA, O=Entrust Limited, CN=Entrust DV TLS Issuing RSA CA 2"
developer.nasa.gov,Yes,Yes,4,1,2026-03-25T00:00:00,2026-10-09T23:59:59,25220086879;25216734825;25220105694;25216718827,"C=CA, O=Entrust Limited, CN=Entrust OV TLS Issuing RSA CA 2"
development.luna.nasa.gov,Yes,Yes,4,2,2026-07-15T18:36:21,2026-10-13T18:36:20,27961739594;27961736618;27961736675;27961732176,"C=US, O=Let's Encrypt, CN=YR1;C=US, O=Let's Encrypt, CN=YR2"
digitaltwin.jpl.nasa.gov,No,Yes,2,1,2025-11-10T00:00:00,2026-11-10T23:59:59,22366885806;22366864662,"C=CA, O=Entrust Limited, CN=Entrust OV TLS Issuing RSA CA 2"
dip-dev.amesaero.nasa.gov,Yes,Yes,2,1,2026-04-26T00:00:00,2026-11-09T23:59:59,26013023536;25798539310,"C=US, O=Amazon, CN=Amazon RSA 2048 M01"
dir-jplfs1.jpl.nasa.gov,No,Yes,4,1,2026-06-02T00:00:00,2026-12-17T23:59:59,26826501116;26826731254;26826539184;26826714559,"C=CA, O=Entrust Limited, CN=Entrust OV TLS Issuing RSA CA 2"
dir-jplfs2.jpl.nasa.gov,No,Yes,4,1,2026-06-02T00:00:00,2026-12-17T23:59:59,26826501116;26826731254;26826539184;26826714559,"C=CA, O=Entrust Limited, CN=Entrust OV TLS Issuing RSA CA 2"
dir.development.luna.nasa.gov,Yes,Yes,4,1,2026-07-15T18:32:35,2026-10-13T18:32:36,27961646715;27961660356;27961655546;27961645247,"C=US, O=Let's Encrypt, CN=YR2"
dir.jpl.nasa.gov,No,Yes,2,1,2025-12-04T00:00:00,2026-12-04T23:59:59,22908111525;22908134556,"C=CA, O=Entrust Limited, CN=Entrust OV TLS Issuing RSA CA 2"
dir.luna.nasa.gov,Yes,Yes,2,1,2026-07-17T14:10:16,2026-10-15T14:10:15,28014446884;28014449675,"C=US, O=Let's Encrypt, CN=YR2"
dir.staging.luna.nasa.gov,Yes,Yes,6,2,2026-07-11T17:48:11,2026-10-20T14:15:53,28155890977;28155882424;28155901746;27859194316;28155907429;27859191625,"C=US, O=Let's Encrypt, CN=YR1;C=US, O=Let's Encrypt, CN=YR2"
directory.jpl.nasa.gov,No,Yes,2,1,2025-12-04T00:00:00,2026-12-04T23:59:59,22908111525;22908134556,"C=CA, O=Entrust Limited, CN=Entrust OV TLS Issuing RSA CA 2"
directreadout.sci.gsfc.nasa.gov,Yes,Yes,2,1,2026-04-13T00:00:00,2026-10-27T23:59:59,25502977300;25822916597,"C=US, O=Amazon, CN=Amazon RSA 2048 M01"
disasters.nasa.gov,Yes,Yes,2,1,2025-09-22T00:00:00,2026-10-21T23:59:59,21205616215;21205189893,"C=US, O=Amazon, CN=Amazon RSA 2048 M04"
disposal-api.nasa.gov,No,Yes,2,1,2026-06-03T00:00:00,2026-12-18T23:59:59,26858978624;26858944720,"C=CA, O=Entrust Limited, CN=Entrust DV TLS Issuing RSA CA 2"
disposal-api.uat.nasa.gov,No,Yes,2,1,2025-12-30T00:00:00,2026-12-27T23:59:59,23457911902;23457941075,"C=CA, O=Entrust Limited, CN=Entrust DV TLS Issuing RSA CA 2"
disposal.nasa.gov,No,Yes,6,2,2025-09-29T00:00:00,2026-12-18T23:59:59,26858944720;21348422864;21348439766;26858978624;25554026418;25912552890,"C=GB, O=Sectigo Limited, CN=Sectigo Public Server Authentication CA DV R36;C=CA, O=Entrust Limited, CN=Entrust DV TLS Issuing RSA CA 2"
disposal.training.nasa.gov,No,Yes,6,2,2025-11-06T00:00:00,2026-12-27T23:59:59,23457941075;22258485537;22258442655;23457911902;25554026418;25912552890,"C=GB, O=Sectigo Limited, CN=Sectigo Public Server Authentication CA DV R36;C=CA, O=Entrust Limited, CN=Entrust DV TLS Issuing RSA CA 2"
disposal.uat.nasa.gov,No,Yes,6,2,2025-11-06T00:00:00,2026-12-27T23:59:59,23457941075;22258485537;22258442655;23457911902;25554026418;25912552890,"C=GB, O=Sectigo Limited, CN=Sectigo Public Server Authentication CA DV R36;C=CA, O=Entrust Limited, CN=Entrust DV TLS Issuing RSA CA 2"
diva.jpl.nasa.gov,Yes,Yes,2,1,2025-10-15T00:00:00,2026-10-15T23:59:59,21747400178;21747407426,"C=CA, O=Entrust Limited, CN=Entrust OV TLS Issuing RSA CA 2"
dive.sops.m20.jpl.nasa.gov,Yes,Yes,1,1,2025-09-30T00:00:00,2026-10-29T23:59:59,21382778868,"C=US, O=Amazon, CN=Amazon RSA 2048 M01"
diversitynews.msfc.nasa.gov,No,Yes,1,1,2025-09-16T00:00:00,2026-10-14T23:59:59,21063781145,"C=US, O=Amazon, CN=Amazon RSA 2048 M01"
dl-systems-dashboard.sops.m20.jpl.nasa.gov,Yes,Yes,1,1,2025-09-30T00:00:00,2026-10-29T23:59:59,21377068070,"C=US, O=Amazon, CN=Amazon RSA 2048 M01"
dln.nasa.gov,No,Yes,1,1,2025-09-16T00:00:00,2026-10-14T23:59:59,21063781145,"C=US, O=Amazon, CN=Amazon RSA 2048 M01"
dm6xz95uxl9nlt.intsvc.cloud.earthdata.nasa.gov,Yes,Yes,1,1,2025-11-18T00:00:00,2026-12-17T23:59:59,22550208145,"C=US, O=Amazon, CN=Amazon RSA 2048 M04"
dml.msfc.nasa.gov,No,Yes,14,2,2026-04-15T00:00:00,2026-10-30T23:59:59,25912718088;25912311865;25912326319;25912298162;25912307138;25553915065;25553908477;25553910929;25553923779;25553920234;25912338415;25553916818;25554161214;25912301922,"C=GB, O=Sectigo Limited, CN=Sectigo Public Server Authentication CA DV R36;C=CA, O=Entrust Limited, CN=Entrust DV TLS Issuing RSA CA 2"
dmt-api.sops.m20.jpl.nasa.gov,Yes,Yes,1,1,2025-09-30T00:00:00,2026-10-29T23:59:59,21381338941,"C=US, O=Amazon, CN=Amazon RSA 2048 M01"
dmt-ui.gd.m20.jpl.nasa.gov,Yes,Yes,1,1,2026-06-01T00:00:00,2026-12-15T23:59:59,26788914688,"C=US, O=Amazon, CN=Amazon RSA 2048 M04"
dmt-ui.sops.m20.jpl.nasa.gov,Yes,Yes,1,1,2025-09-30T00:00:00,2026-10-29T23:59:59,21381338959,"C=US, O=Amazon, CN=Amazon RSA 2048 M04"
dmt.gd.m20.jpl.nasa.gov,Yes,Yes,1,1,2025-09-17T00:00:00,2026-10-16T23:59:59,21069799889,"C=US, O=Amazon, CN=Amazon RSA 2048 M01"
dnar.jpl.nasa.gov,No,Yes,2,1,2026-06-05T00:00:00,2026-12-20T23:59:59,26914331815;26914293136,"C=CA, O=Entrust Limited, CN=Entrust OV TLS Issuing RSA CA 2"
dnsunitest-3018923676.auto.earthdatacloud.nasa.gov,Yes,Yes,2,1,2026-05-11T00:00:00,2026-11-24T23:59:59,26244955445;26246222097,"C=US, O=Amazon, CN=Amazon RSA 2048 M01"
doclib.eosdis.nasa.gov,No,Yes,2,1,2025-11-05T00:00:00,2026-12-05T23:59:59,22230105312;22230125861,"C=CA, O=Entrust Limited, CN=Entrust DV TLS Issuing RSA CA 2"
docs-bi.prosams.nasa.gov,Yes,Yes,1,1,2026-06-08T00:00:00,2026-12-22T23:59:59,27000900507,"C=US, O=Amazon, CN=Amazon RSA 2048 M01"
docs.cosmic.appdat.jsc.nasa.gov,No,Yes,2,1,2026-07-17T15:20:07,2026-10-15T15:20:06,28015774404;28015763496,"C=US, O=Let's Encrypt, CN=YR1"
docs.cosmic.development.luna.nasa.gov,Yes,Yes,2,1,2026-07-19T16:18:30,2026-10-17T16:18:29,28069686230;28069683768,"C=US, O=Let's Encrypt, CN=YR1"
docs.cosmic.staging.luna.nasa.gov,Yes,Yes,2,1,2026-07-19T16:36:36,2026-10-17T16:36:35,28070007422;28070011270,"C=US, O=Let's Encrypt, CN=YR1"
docs.dev.cosmic.appdat.jsc.nasa.gov,No,Yes,2,1,2026-07-17T15:21:23,2026-10-15T15:21:22,28015788686;28015799522,"C=US, O=Let's Encrypt, CN=YR1"
docs.staging.cosmic.appdat.jsc.nasa.gov,No,Yes,2,1,2026-07-17T15:20:40,2026-10-15T15:20:39,28015780535;28015763373,"C=US, O=Let's Encrypt, CN=YR2"
doingbusiness.msfc.nasa.gov,No,Yes,16,2,2026-04-15T00:00:00,2026-12-18T23:59:59,25912718088;25912311865;26858944720;25912326319;25912307138;25553915065;25912298162;25553908477;25912301922;25553910929;25553923779;25553920234;25912338415;25553916818;25554161214;26858978624,"C=GB, O=Sectigo Limited, CN=Sectigo Public Server Authentication CA DV R36;C=CA, O=Entrust Limited, CN=Entrust DV TLS Issuing RSA CA 2"
doingbusiness.uat.nasa.gov,No,Yes,6,2,2025-11-06T00:00:00,2026-12-27T23:59:59,23457941075;22258485537;22258442655;23457911902;25554026418;25912552890,"C=GB, O=Sectigo Limited, CN=Sectigo Public Server Authentication CA DV R36;C=CA, O=Entrust Limited, CN=Entrust DV TLS Issuing RSA CA 2"
doiserver-uat.ems.eosdis.nasa.gov,No,Yes,2,1,2025-11-05T00:00:00,2026-12-05T23:59:59,22230105312;22230125861,"C=CA, O=Entrust Limited, CN=Entrust DV TLS Issuing RSA CA 2"
doiserver.ems.eosdis.nasa.gov,No,Yes,2,1,2025-11-05T00:00:00,2026-12-05T23:59:59,22230105312;22230125861,"C=CA, O=Entrust Limited, CN=Entrust DV TLS Issuing RSA CA 2"
doiserver.eosdis.nasa.gov,Yes,Yes,2,1,2025-11-05T00:00:00,2026-12-05T23:59:59,22230105312;22230125861,"C=CA, O=Entrust Limited, CN=Entrust DV TLS Issuing RSA CA 2"
doors-dcc.iss.nasa.gov,No,Yes,1,1,2026-03-30T00:00:00,2026-10-14T23:59:59,25274471906,"C=US, O=DigiCert Inc, OU=www.digicert.com, CN=GeoTrust TLS RSA CA G1"
doors-lqe.iss.nasa.gov,No,Yes,1,1,2026-03-30T00:00:00,2026-10-14T23:59:59,25274471906,"C=US, O=DigiCert Inc, OU=www.digicert.com, CN=GeoTrust TLS RSA CA G1"
doors.iss.nasa.gov,No,Yes,1,1,2026-03-30T00:00:00,2026-10-14T23:59:59,25274471906,"C=US, O=DigiCert Inc, OU=www.digicert.com, CN=GeoTrust TLS RSA CA G1"
download.jpl.nasa.gov,No,Yes,2,1,2025-12-04T00:00:00,2026-12-04T23:59:59,22908111525;22908134556,"C=CA, O=Entrust Limited, CN=Entrust OV TLS Issuing RSA CA 2"
downshift-dashboard.sops.m20.jpl.nasa.gov,Yes,Yes,1,1,2025-09-30T00:00:00,2026-10-29T23:59:59,21377761482,"C=US, O=Amazon, CN=Amazon RSA 2048 M04"
downshift-dashboard.tb.m20.jpl.nasa.gov,Yes,Yes,1,1,2025-10-15T00:00:00,2026-11-13T23:59:59,21741572688,"C=US, O=Amazon, CN=Amazon RSA 2048 M04"
downshift-dashboard.train.m20.jpl.nasa.gov,Yes,Yes,1,1,2025-10-17T00:00:00,2026-11-15T23:59:59,21776371590,"C=US, O=Amazon, CN=Amazon RSA 2048 M04"
dpw.larc.nasa.gov,Yes,Yes,2,1,2026-07-16T15:19:31,2026-10-14T15:19:30,27986897589;27986912924,"C=US, O=Let's Encrypt, CN=YE1"
dqvx3zekq50vs2.intsvc.cloud.earthdata.nasa.gov,Yes,Yes,1,1,2026-05-11T00:00:00,2026-11-24T23:59:59,26245445598,"C=US, O=Amazon, CN=Amazon RSA 2048 M01"
draftmmt.earthdata.nasa.gov,Yes,Yes,2,1,2025-11-20T00:00:00,2026-12-20T23:59:59,22622006252;22622026706,"C=CA, O=Entrust Limited, CN=Entrust DV TLS Issuing RSA CA 2"
draw.mcp.nasa.gov,Yes,Yes,1,1,2025-11-20T00:00:00,2026-12-19T23:59:59,22626206171,"C=US, O=Amazon, CN=Amazon RSA 2048 M04"
drive-viewer.sops.m20.jpl.nasa.gov,Yes,Yes,1,1,2025-09-30T00:00:00,2026-10-29T23:59:59,21377050224,"C=US, O=Amazon, CN=Amazon RSA 2048 M04"
druva.jpl.nasa.gov,No,Yes,2,1,2025-12-04T00:00:00,2026-12-04T23:59:59,22908111525;22908134556,"C=CA, O=Entrust Limited, CN=Entrust OV TLS Issuing RSA CA 2"
drydenxnet.nasa.gov,No,Yes,1,1,2025-09-16T00:00:00,2026-10-14T23:59:59,21063781145,"C=US, O=Amazon, CN=Amazon RSA 2048 M01"
dse.jpl.nasa.gov,Yes,Yes,2,1,2026-04-21T00:00:00,2026-11-05T23:59:59,25635722872;25997194966,"C=CA, O=Entrust Limited, CN=Entrust OV TLS Issuing RSA CA 2"
dse2.jpl.nasa.gov,No,Yes,2,1,2026-04-21T00:00:00,2026-11-05T23:59:59,25635722872;25997194966,"C=CA, O=Entrust Limited, CN=Entrust OV TLS Issuing RSA CA 2"
dse3.jpl.nasa.gov,No,Yes,2,1,2026-04-21T00:00:00,2026-11-05T23:59:59,25635722872;25997194966,"C=CA, O=Entrust Limited, CN=Entrust OV TLS Issuing RSA CA 2"
dsn.mdscc.nasa.gov,No,Yes,4,1,2026-06-16T00:00:00,2026-12-31T23:59:59,27233651747;27234061510;27233686402;27234004179,"C=CA, O=Entrust Limited, CN=Entrust OV TLS Issuing RSA CA 2"
dsnscienceportal.fltops.jpl.nasa.gov,Yes,Yes,2,1,2025-10-22T00:00:00,2026-10-22T23:59:59,21923371237;21923388020,"C=CA, O=Entrust Limited, CN=Entrust OV TLS Issuing RSA CA 2"
dss.utm-bvlos-dev.amesaero.nasa.gov,Yes,Yes,1,1,2026-04-23T15:29:35,2026-11-07T15:29:35,25730525641,"C=US, ST=Texas, L=Houston, O=SSL Corporation, CN=SSL.com RSA SSL subCA"
eap.jpl.nasa.gov,No,Yes,2,1,2025-12-04T00:00:00,2026-12-04T23:59:59,22908111525;22908134556,"C=CA, O=Entrust Limited, CN=Entrust OV TLS Issuing RSA CA 2"
earth-highlights.jpl.nasa.gov,No,Yes,2,1,2025-12-04T00:00:00,2026-12-04T23:59:59,22908111525;22908134556,"C=CA, O=Entrust Limited, CN=Entrust OV TLS Issuing RSA CA 2"
earth.gsfc.nasa.gov,Yes,Yes,2,1,2026-07-22T12:25:25,2026-10-20T12:25:24,28153629149;28153625557,"C=US, O=Let's Encrypt, CN=YE1"
earthdata.nasa.gov,Yes,Yes,2,1,2025-11-20T00:00:00,2026-12-20T23:59:59,22622177711;22622157708,"C=CA, O=Entrust Limited, CN=Entrust DV TLS Issuing RSA CA 2"
earthrotation.sciencecloud.nasa.gov,No,Yes,2,1,2026-07-21T18:52:54,2026-10-19T18:52:53,28132767658;28132768426,"C=US, O=Let's Encrypt, CN=YE2"
ebgate.eno.ecs.nasa.gov,Yes,Yes,2,1,2025-12-01T00:00:00,2026-12-31T23:59:59,22844655175;22844642529,"C=CA, O=Entrust Limited, CN=Entrust DV TLS Issuing RSA CA 2"
ebgate01.eno.ecs.nasa.gov,No,Yes,4,1,2025-11-30T00:00:00,2026-12-31T23:59:59,22827716232;22844655175;22844642529;22827734655,"C=CA, O=Entrust Limited, CN=Entrust DV TLS Issuing RSA CA 2"
ecae-svnplm.jpl.nasa.gov,Yes,Yes,2,1,2025-10-28T00:00:00,2026-10-28T23:59:59,22063579918;22063593977,"C=CA, O=Entrust Limited, CN=Entrust OV TLS Issuing RSA CA 2"
ecc.earthdata.nasa.gov,Yes,Yes,2,1,2025-11-25T00:00:00,2026-12-25T23:59:59,22732146047;22732130243,"C=CA, O=Entrust Limited, CN=Entrust DV TLS Issuing RSA CA 2"
ecc.sit.earthdata.nasa.gov,No,Yes,2,1,2025-11-21T00:00:00,2026-12-21T23:59:59,22644252934;22644239048,"C=CA, O=Entrust Limited, CN=Entrust DV TLS Issuing RSA CA 2"
ecc.uat.earthdata.nasa.gov,No,Yes,2,1,2025-11-21T00:00:00,2026-12-21T23:59:59,22644318995;22644335666,"C=CA, O=Entrust Limited, CN=Entrust DV TLS Issuing RSA CA 2"
echo.jpl.nasa.gov,No,Yes,2,1,2025-12-04T00:00:00,2026-12-04T23:59:59,22908111525;22908134556,"C=CA, O=Entrust Limited, CN=Entrust OV TLS Issuing RSA CA 2"
eclips.arc.nasa.gov,Yes,Yes,2,1,2026-07-14T16:48:15,2026-10-12T16:48:14,27932344177;27932337791,"C=US, O=Let's Encrypt, CN=YE2"
ecm.ivv.nasa.gov,No,Yes,3,1,2026-04-29T00:00:00,2026-12-03T23:59:59,25952813031;25923352623;26470099980,"C=US, O=DigiCert Inc, CN=DigiCert Global G2 TLS RSA SHA256 2020 CA1"
ecmles.ivv.nasa.gov,No,Yes,3,1,2026-04-29T00:00:00,2026-12-03T23:59:59,25952813031;25923352623;26470099980,"C=US, O=DigiCert Inc, CN=DigiCert Global G2 TLS RSA SHA256 2020 CA1"
ecmsqlcl.ivv.nasa.gov,No,Yes,3,1,2026-04-29T00:00:00,2026-12-03T23:59:59,25952813031;25923352623;26470099980,"C=US, O=DigiCert Inc, CN=DigiCert Global G2 TLS RSA SHA256 2020 CA1"
ecofr.mas.nasa.gov,No,Yes,1,1,2025-12-01T00:00:00,2026-12-02T23:59:59,22849810307,"C=US, O=DigiCert Inc, OU=www.digicert.com, CN=Thawte TLS RSA CA G1"
ecofr.nasa.gov,Yes,Yes,1,1,2025-12-01T00:00:00,2026-12-02T23:59:59,22849810307,"C=US, O=DigiCert Inc, OU=www.digicert.com, CN=Thawte TLS RSA CA G1"
ecosar.gsfc.nasa.gov,No,Yes,2,1,2026-07-22T12:25:25,2026-10-20T12:25:24,28153629149;28153625557,"C=US, O=Let's Encrypt, CN=YE1"
ecostress.jpl.nasa.gov,No,Yes,2,1,2026-05-19T00:00:00,2026-12-03T23:59:59,26470308202;26471667692,"C=CA, O=Entrust Limited, CN=Entrust OV TLS Issuing RSA CA 2"
ecsinfo.gsfc.nasa.gov,No,Yes,2,1,2025-11-20T00:00:00,2026-12-20T23:59:59,22622229928;22622193787,"C=CA, O=Entrust Limited, CN=Entrust DV TLS Issuing RSA CA 2"
edgate.eno.ecs.nasa.gov,Yes,Yes,2,1,2025-11-30T00:00:00,2026-12-30T23:59:59,22827716232;22827734655,"C=CA, O=Entrust Limited, CN=Entrust DV TLS Issuing RSA CA 2"
edgate01.eno.ecs.nasa.gov,No,Yes,4,1,2025-11-30T00:00:00,2026-12-31T23:59:59,22827716232;22844655175;22844642529;22827734655,"C=CA, O=Entrust Limited, CN=Entrust DV TLS Issuing RSA CA 2"
edgate02.eno.ecs.nasa.gov,No,Yes,4,1,2025-11-30T00:00:00,2026-12-31T23:59:59,22827716232;22844655175;22844642529;22827734655,"C=CA, O=Entrust Limited, CN=Entrust DV TLS Issuing RSA CA 2"
edgate03.eno.ecs.nasa.gov,No,Yes,4,1,2025-11-30T00:00:00,2026-12-31T23:59:59,22827716232;22844655175;22844642529;22827734655,"C=CA, O=Entrust Limited, CN=Entrust DV TLS Issuing RSA CA 2"
edge.cdscc.nasa.gov,No,Yes,6,1,2026-05-19T00:00:00,2026-12-03T23:59:59,26455555227;26455965657;26455876909;26455852382;26455594833;26455995187,"C=CA, O=Entrust Limited, CN=Entrust OV TLS Issuing RSA CA 2"
edms.iss.nasa.gov,No,Yes,1,1,2026-03-30T00:00:00,2026-10-14T23:59:59,25274471906,"C=US, O=DigiCert Inc, OU=www.digicert.com, CN=GeoTrust TLS RSA CA G1"
edn.ecs.nasa.gov,Yes,Yes,2,1,2025-10-31T00:00:00,2026-11-30T23:59:59,22121702884;22121713591,"C=CA, O=Entrust Limited, CN=Entrust DV TLS Issuing RSA CA 2"
edocs.hst.nasa.gov,Yes,Yes,1,1,2025-11-14T14:58:33,2026-11-14T14:58:33,22466114082,"C=US, ST=Texas, L=Houston, O=SSL Corporation, CN=SSL.com RSA SSL subCA"
edrn-ds.jpl.nasa.gov,Yes,Yes,2,1,2026-05-22T00:00:00,2026-12-06T23:59:59,26559187935;26559237890,"C=CA, O=Entrust Limited, CN=Entrust OV TLS Issuing RSA CA 2"
edrn-labcas.jpl.nasa.gov,Yes,Yes,2,1,2026-05-29T00:00:00,2026-12-13T23:59:59,26736033757;26736011109,"C=CA, O=Entrust Limited, CN=Entrust OV TLS Issuing RSA CA 2"
edrn.jpl.nasa.gov,No,Yes,2,1,2026-05-19T00:00:00,2026-12-03T23:59:59,26472923142;26476566707,"C=CA, O=Entrust Limited, CN=Entrust OV TLS Issuing RSA CA 2"
eds.larc.nasa.gov,No,Yes,1,1,2026-01-07T00:00:00,2026-12-10T23:59:59,23598652111,"C=US, O=DigiCert Inc, OU=www.digicert.com, CN=Thawte TLS RSA CA G1"
eerppa10.jpl.nasa.gov,Yes,Yes,2,1,2026-04-19T00:00:00,2026-11-03T23:59:59,25601425629;25974502662,"C=CA, O=Entrust Limited, CN=Entrust OV TLS Issuing RSA CA 2"
eerpua40.jpl.nasa.gov,Yes,Yes,6,1,2026-03-31T00:00:00,2026-10-17T23:59:59,25303760654;25387356526;25302075978;25302121856;25341420239;25303860506,"C=CA, O=Entrust Limited, CN=Entrust OV TLS Issuing RSA CA 2"
eew-test.jpl.nasa.gov,No,Yes,4,1,2026-04-30T00:00:00,2026-11-14T23:59:59,25950679865;26108861389;26109917268;25954903974,"C=CA, O=Entrust Limited, CN=Entrust OV TLS Issuing RSA CA 2"
eew.jpl.nasa.gov,Yes,Yes,4,1,2026-04-30T00:00:00,2026-11-14T23:59:59,25950679865;26108861389;26109917268;25954903974,"C=CA, O=Entrust Limited, CN=Entrust OV TLS Issuing RSA CA 2"
efs.nasa.gov,No,Yes,2,1,2026-06-03T00:00:00,2026-12-18T23:59:59,26858978624;26858944720,"C=CA, O=Entrust Limited, CN=Entrust DV TLS Issuing RSA CA 2"
efs.uat.nasa.gov,No,Yes,4,1,2025-11-06T00:00:00,2026-12-27T23:59:59,23457911902;22258485537;23457941075;22258442655,"C=CA, O=Entrust Limited, CN=Entrust DV TLS Issuing RSA CA 2"
ehpd.gsfc.nasa.gov,No,Yes,2,1,2025-11-06T00:00:00,2026-12-07T23:59:59,22260015134;22260038060,"C=GB, O=Sectigo Limited, CN=Sectigo Public Server Authentication CA DV R36"
einstein.jpl.nasa.gov,No,Yes,2,1,2026-06-03T00:00:00,2026-12-18T23:59:59,26864637380;26864612323,"C=CA, O=Entrust Limited, CN=Entrust OV TLS Issuing RSA CA 2"
eirb.jsc.nasa.gov,Yes,Yes,1,1,2025-11-12T00:00:00,2026-12-09T23:59:59,22413374313,"C=US, O=DigiCert Inc, CN=DigiCert Global G2 TLS RSA SHA256 2020 CA1"
eis.smce.nasa.gov,Yes,Yes,2,1,2026-06-01T00:00:00,2026-12-15T23:59:59,26867524643;26792854821,"C=US, O=Amazon, CN=Amazon RSA 2048 M04"
elkalb-1112792393.auto.earthdatacloud.nasa.gov,Yes,Yes,2,1,2025-09-19T00:00:00,2026-10-18T23:59:59,21132880450;21136170120,"C=US, O=Amazon, CN=Amazon RSA 2048 M04"
elkalb-2269629600.auto.earthdatacloud.nasa.gov,Yes,Yes,2,1,2025-09-18T00:00:00,2026-10-17T23:59:59,21114581770;21113191688,"C=US, O=Amazon, CN=Amazon RSA 2048 M04"
elkalb-2777073051.auto.earthdatacloud.nasa.gov,Yes,Yes,1,1,2025-10-23T00:00:00,2026-11-21T23:59:59,21945474031,"C=US, O=Amazon, CN=Amazon RSA 2048 M01"
elkalb-3205723733.auto.earthdatacloud.nasa.gov,Yes,Yes,2,1,2025-09-18T00:00:00,2026-10-17T23:59:59,21117408434;21115616712,"C=US, O=Amazon, CN=Amazon RSA 2048 M04"
elkalb-3421476267.auto.earthdatacloud.nasa.gov,Yes,Yes,2,1,2025-10-23T00:00:00,2026-11-21T23:59:59,21946884375;21945493574,"C=US, O=Amazon, CN=Amazon RSA 2048 M01"
elkalb-3424807486.auto.earthdatacloud.nasa.gov,Yes,Yes,2,1,2025-10-21T00:00:00,2026-11-19T23:59:59,21894631138;21893453101,"C=US, O=Amazon, CN=Amazon RSA 2048 M01"
els2020.arc.nasa.gov,Yes,Yes,2,1,2026-07-19T17:03:42,2026-10-17T17:03:41,28070516671;28070511835,"C=US, O=Let's Encrypt, CN=YE2"
em.msfc.nasa.gov,No,Yes,6,2,2025-09-29T00:00:00,2026-12-18T23:59:59,26858944720;21348422864;21348439766;26858978624;25554026418;25912552890,"C=GB, O=Sectigo Limited, CN=Sectigo Public Server Authentication CA DV R36;C=CA, O=Entrust Limited, CN=Entrust DV TLS Issuing RSA CA 2"
em.staging.msfc.nasa.gov,No,Yes,6,2,2025-11-06T00:00:00,2026-12-27T23:59:59,23457941075;22258485537;22258442655;23457911902;25554026418;25912552890,"C=GB, O=Sectigo Limited, CN=Sectigo Public Server Authentication CA DV R36;C=CA, O=Entrust Limited, CN=Entrust DV TLS Issuing RSA CA 2"
em.staging.nasa.gov,No,Yes,6,2,2025-11-06T00:00:00,2026-12-27T23:59:59,23457941075;22258485537;22258442655;23457911902;25554026418;25912552890,"C=GB, O=Sectigo Limited, CN=Sectigo Public Server Authentication CA DV R36;C=CA, O=Entrust Limited, CN=Entrust DV TLS Issuing RSA CA 2"
emac-dev.gsfc.nasa.gov,Yes,Yes,2,1,2026-07-14T19:24:30,2026-10-12T19:24:29,27935183732;27935180180,"C=US, O=Let's Encrypt, CN=YR2"
emailreview.jpl.nasa.gov,Yes,Yes,2,1,2025-10-16T00:00:00,2026-10-16T23:59:59,21768701843;21768686529,"C=CA, O=Entrust Limited, CN=Entrust OV TLS Issuing RSA CA 2"
emergency.jpl.nasa.gov,Yes,Yes,4,1,2026-06-09T00:00:00,2026-12-24T23:59:59,27030511913;27030190093;27030204736;27030552956,"C=CA, O=Entrust Limited, CN=Entrust OV TLS Issuing RSA CA 2"
emhq.aao.nasa.gov,No,Yes,4,1,2025-09-29T00:00:00,2026-12-18T23:59:59,21348422864;26858978624;21348439766;26858944720,"C=CA, O=Entrust Limited, CN=Entrust DV TLS Issuing RSA CA 2"
emissivity.jpl.nasa.gov,No,Yes,2,1,2026-05-19T00:00:00,2026-12-03T23:59:59,26470308202;26471667692,"C=CA, O=Entrust Limited, CN=Entrust OV TLS Issuing RSA CA 2"
emrpt.msfc.nasa.gov,No,Yes,6,2,2025-09-29T00:00:00,2026-12-18T23:59:59,26858944720;21348422864;21348439766;26858978624;25554026418;25912552890,"C=GB, O=Sectigo Limited, CN=Sectigo Public Server Authentication CA DV R36;C=CA, O=Entrust Limited, CN=Entrust DV TLS Issuing RSA CA 2"
ems.eos.nasa.gov,No,Yes,2,1,2025-11-05T00:00:00,2026-12-04T23:59:59,22230406733;22230388978,"C=CA, O=Entrust Limited, CN=Entrust DV TLS Issuing RSA CA 2"
engineering.arc.nasa.gov,No,Yes,1,1,2025-09-16T00:00:00,2026-10-14T23:59:59,21063781145,"C=US, O=Amazon, CN=Amazon RSA 2048 M01"
engineering.larc.nasa.gov,No,Yes,1,1,2026-01-07T00:00:00,2026-12-10T23:59:59,23598652111,"C=US, O=DigiCert Inc, OU=www.digicert.com, CN=Thawte TLS RSA CA G1"
ens.nasa.gov,No,Yes,14,2,2026-04-15T00:00:00,2026-10-30T23:59:59,25912718088;25912311865;25912326319;25912298162;25912307138;25553915065;25553908477;25553910929;25553923779;25553920234;25912338415;25553916818;25554161214;25912301922,"C=GB, O=Sectigo Limited, CN=Sectigo Public Server Authentication CA DV R36;C=CA, O=Entrust Limited, CN=Entrust DV TLS Issuing RSA CA 2"
ens.test.nasa.gov,No,Yes,4,2,2026-04-15T00:00:00,2026-12-02T23:59:59,26441226492;25912559138;25554027665;26441348909,"C=GB, O=Sectigo Limited, CN=Sectigo Public Server Authentication CA DV R36;C=CA, O=Entrust Limited, CN=Entrust DV TLS Issuing RSA CA 2"
environmental.ksc.nasa.gov,Yes,Yes,2,1,2025-10-29T00:00:00,2026-11-27T23:59:59,22089437928;22089425089,"C=CA, O=Entrust Limited, CN=Entrust DV TLS Issuing RSA CA 2"
environmental.larc.nasa.gov,No,Yes,1,1,2026-01-07T00:00:00,2026-12-10T23:59:59,23598652111,"C=US, O=DigiCert Inc, OU=www.digicert.com, CN=Thawte TLS RSA CA G1"
eol.jsc.nasa.gov,Yes,Yes,2,1,2025-09-12T00:00:00,2026-10-13T23:59:59,20978741708;20976628697,"C=US, O=DigiCert Inc, OU=www.digicert.com, CN=GeoTrust TLS RSA CA G1"
eonet.gsfc.nasa.gov,Yes,Yes,2,1,2026-07-21T03:01:45,2026-10-19T03:01:44,28112425763;28112418361,"C=US, O=Let's Encrypt, CN=YE2"
eop-external.jpl.nasa.gov,No,Yes,2,1,2025-12-04T00:00:00,2026-12-04T23:59:59,22908111525;22908134556,"C=CA, O=Entrust Limited, CN=Entrust OV TLS Issuing RSA CA 2"
eop2-external.jpl.nasa.gov,No,Yes,2,1,2025-12-04T00:00:00,2026-12-04T23:59:59,22908111525;22908134556,"C=CA, O=Entrust Limited, CN=Entrust OV TLS Issuing RSA CA 2"
ep.jpl.nasa.gov,No,Yes,2,1,2025-12-15T00:00:00,2026-12-15T23:59:59,23141837836;23141826712,"C=CA, O=Entrust Limited, CN=Entrust OV TLS Issuing RSA CA 2"
ep.nasa.gov,No,Yes,6,2,2025-09-29T00:00:00,2026-12-18T23:59:59,26858944720;21348422864;21348439766;25912559138;26858978624;25554027665,"C=GB, O=Sectigo Limited, CN=Sectigo Public Server Authentication CA DV R36;C=CA, O=Entrust Limited, CN=Entrust DV TLS Issuing RSA CA 2"
ep.staging.nasa.gov,No,Yes,6,2,2025-11-06T00:00:00,2026-12-27T23:59:59,23457941075;22258485537;22258442655;23457911902;25912559138;25554027665,"C=GB, O=Sectigo Limited, CN=Sectigo Public Server Authentication CA DV R36;C=CA, O=Entrust Limited, CN=Entrust DV TLS Issuing RSA CA 2"
epas.nasa.gov,No,Yes,6,2,2025-09-29T00:00:00,2026-12-18T23:59:59,26858944720;21348422864;21348439766;25912559138;26858978624;25554027665,"C=GB, O=Sectigo Limited, CN=Sectigo Public Server Authentication CA DV R36;C=CA, O=Entrust Limited, CN=Entrust DV TLS Issuing RSA CA 2"
epas.uat.nasa.gov,No,Yes,6,2,2025-11-06T00:00:00,2026-12-27T23:59:59,23457941075;22258485537;22258442655;23457911902;25912559138;25554027665,"C=GB, O=Sectigo Limited, CN=Sectigo Public Server Authentication CA DV R36;C=CA, O=Entrust Limited, CN=Entrust DV TLS Issuing RSA CA 2"
epdw-api.uat.nasa.gov,No,Yes,6,2,2025-11-06T00:00:00,2026-12-27T23:59:59,23457941075;22258485537;22258442655;23457911902;25912559138;25554027665,"C=GB, O=Sectigo Limited, CN=Sectigo Public Server Authentication CA DV R36;C=CA, O=Entrust Limited, CN=Entrust DV TLS Issuing RSA CA 2"
epoch-viewer.sops.m20.jpl.nasa.gov,Yes,Yes,1,1,2025-09-30T00:00:00,2026-10-29T23:59:59,21377761982,"C=US, O=Amazon, CN=Amazon RSA 2048 M01"
epoch-viewer.tb.m20.jpl.nasa.gov,Yes,Yes,1,1,2025-10-15T00:00:00,2026-11-13T23:59:59,21741560039,"C=US, O=Amazon, CN=Amazon RSA 2048 M01"
eptsfiler.nssc.nasa.gov,Yes,Yes,1,1,2025-11-03T00:00:00,2026-12-04T23:59:59,22182203458,"C=US, O=DigiCert Inc, CN=DigiCert Global G2 TLS RSA SHA256 2020 CA1"
equipment.nasa.gov,No,Yes,6,2,2025-09-29T00:00:00,2026-12-18T23:59:59,26858944720;21348422864;21348439766;25912559138;26858978624;25554027665,"C=GB, O=Sectigo Limited, CN=Sectigo Public Server Authentication CA DV R36;C=CA, O=Entrust Limited, CN=Entrust DV TLS Issuing RSA CA 2"
equipment.training.nasa.gov,No,Yes,6,2,2025-11-06T00:00:00,2026-12-27T23:59:59,23457941075;22258485537;22258442655;23457911902;25912559138;25554027665,"C=GB, O=Sectigo Limited, CN=Sectigo Public Server Authentication CA DV R36;C=CA, O=Entrust Limited, CN=Entrust DV TLS Issuing RSA CA 2"
equipment.uat.nasa.gov,No,Yes,6,2,2025-11-06T00:00:00,2026-12-27T23:59:59,23457941075;22258485537;22258442655;23457911902;25912559138;25554027665,"C=GB, O=Sectigo Limited, CN=Sectigo Public Server Authentication CA DV R36;C=CA, O=Entrust Limited, CN=Entrust DV TLS Issuing RSA CA 2"
er.jsc.nasa.gov,No,Yes,2,1,2026-07-19T10:48:48,2026-10-17T10:48:47,28063145278;28063160664,"C=US, O=Let's Encrypt, CN=YR1"
eroteamdirectory.nasa.gov,Yes,Yes,1,1,2026-05-18T00:00:00,2026-12-01T23:59:59,26440890566,"C=US, O=Amazon, CN=Amazon RSA 2048 M01"
es-ryan.sops.m20.jpl.nasa.gov,Yes,Yes,1,1,2025-10-01T00:00:00,2026-10-30T23:59:59,21404603384,"C=US, O=Amazon, CN=Amazon RSA 2048 M04"
es.sops.m20.jpl.nasa.gov,Yes,Yes,1,1,2025-09-30T00:00:00,2026-10-29T23:59:59,21377666987,"C=US, O=Amazon, CN=Amazon RSA 2048 M04"
es.tb.m20.jpl.nasa.gov,Yes,Yes,1,1,2025-10-15T00:00:00,2026-11-13T23:59:59,21741343694,"C=US, O=Amazon, CN=Amazon RSA 2048 M04"
es.tb.srl.jpl.nasa.gov,Yes,Yes,1,1,2026-06-17T00:00:00,2026-12-31T23:59:59,27246714345,"C=US, O=Amazon, CN=Amazon RSA 2048 M04"
es.train.m20.jpl.nasa.gov,Yes,Yes,1,1,2025-10-16T00:00:00,2026-11-14T23:59:59,21765642356,"C=US, O=Amazon, CN=Amazon RSA 2048 M04"
esb.dev.nasa.gov,No,Yes,4,2,2026-04-15T00:00:00,2026-12-02T23:59:59,26441226492;25912577887;25554049563;26441348909,"C=GB, O=Sectigo Limited, CN=Sectigo Public Server Authentication CA DV R36;C=CA, O=Entrust Limited, CN=Entrust DV TLS Issuing RSA CA 2"
esb.nasa.gov,No,Yes,14,2,2026-04-15T00:00:00,2026-10-30T23:59:59,25912718088;25912311865;25912326319;25912298162;25912307138;25553915065;25553908477;25553910929;25553923779;25553920234;25912338415;25553916818;25554161214;25912301922,"C=GB, O=Sectigo Limited, CN=Sectigo Public Server Authentication CA DV R36;C=CA, O=Entrust Limited, CN=Entrust DV TLS Issuing RSA CA 2"
esb.test.nasa.gov,No,Yes,4,2,2026-04-15T00:00:00,2026-12-02T23:59:59,26441226492;25912577887;25554049563;26441348909,"C=GB, O=Sectigo Limited, CN=Sectigo Public Server Authentication CA DV R36;C=CA, O=Entrust Limited, CN=Entrust DV TLS Issuing RSA CA 2"
esbprod.ifmp.nasa.gov,No,Yes,14,2,2026-04-15T00:00:00,2026-10-30T23:59:59,25912718088;25912311865;25912326319;25912298162;25912307138;25553915065;25553908477;25553910929;25553923779;25553920234;25912338415;25553916818;25554161214;25912301922,"C=GB, O=Sectigo Limited, CN=Sectigo Public Server Authentication CA DV R36;C=CA, O=Entrust Limited, CN=Entrust DV TLS Issuing RSA CA 2"
esbproda.ifmp.nasa.gov,No,Yes,14,2,2026-04-15T00:00:00,2026-10-30T23:59:59,25912718088;25912311865;25912326319;25912298162;25912307138;25553915065;25553908477;25553910929;25553923779;25553920234;25912338415;25553916818;25554161214;25912301922,"C=GB, O=Sectigo Limited, CN=Sectigo Public Server Authentication CA DV R36;C=CA, O=Entrust Limited, CN=Entrust DV TLS Issuing RSA CA 2"
esc.gsfc.nasa.gov,Yes,Yes,1,1,2025-09-30T00:00:00,2026-10-29T23:59:59,21381173603,"C=US, O=Amazon, CN=Amazon RSA 2048 M01"
esd.nasa.gov,No,Yes,2,1,2026-07-21T20:09:47,2026-10-19T20:09:46,28134320228;28134325284,"C=US, O=Let's Encrypt, CN=YR1"
esm.aao.nasa.gov,No,Yes,4,1,2025-09-29T00:00:00,2026-12-18T23:59:59,21348422864;26858978624;21348439766;26858944720,"C=CA, O=Entrust Limited, CN=Entrust DV TLS Issuing RSA CA 2"
esm.nasa.gov,No,Yes,6,2,2025-09-29T00:00:00,2026-12-18T23:59:59,26858944720;21348422864;21348439766;25912577887;25554049563;26858978624,"C=GB, O=Sectigo Limited, CN=Sectigo Public Server Authentication CA DV R36;C=CA, O=Entrust Limited, CN=Entrust DV TLS Issuing RSA CA 2"
esm.staging.nasa.gov,No,Yes,6,2,2025-11-06T00:00:00,2026-12-27T23:59:59,23457941075;22258485537;22258442655;25912577887;25554049563;23457911902,"C=GB, O=Sectigo Limited, CN=Sectigo Public Server Authentication CA DV R36;C=CA, O=Entrust Limited, CN=Entrust DV TLS Issuing RSA CA 2"
esmc-server.jpl.nasa.gov,Yes,Yes,2,1,2026-06-11T00:00:00,2026-12-26T23:59:59,27103557654;27100021453,"C=CA, O=Entrust Limited, CN=Entrust OV TLS Issuing RSA CA 2"
espd.gsfc.nasa.gov,Yes,Yes,2,1,2025-11-06T00:00:00,2026-12-07T23:59:59,22260015134;22260038060,"C=GB, O=Sectigo Limited, CN=Sectigo Public Server Authentication CA DV R36"
esrs.jsc.nasa.gov,No,Yes,2,1,2025-09-12T00:00:00,2026-10-13T23:59:59,20978741708;20976628697,"C=US, O=DigiCert Inc, OU=www.digicert.com, CN=GeoTrust TLS RSA CA G1"
essp.nasa.gov,No,Yes,1,1,2026-01-07T00:00:00,2026-12-10T23:59:59,23598652111,"C=US, O=DigiCert Inc, OU=www.digicert.com, CN=Thawte TLS RSA CA G1"
esvro13-mail-01.beoc.ecs.nasa.gov,Yes,Yes,2,1,2025-09-12T00:00:00,2026-10-12T23:59:59,20970701496;20970701226,"C=CA, O=Entrust Limited, CN=Entrust DV TLS Issuing RSA CA 2"
esvro32-mail-01.eoc.ecs.nasa.gov,Yes,Yes,2,1,2025-09-12T00:00:00,2026-10-12T23:59:59,20970740162;20970741123,"C=CA, O=Entrust Limited, CN=Entrust DV TLS Issuing RSA CA 2"
etblda40.jpl.nasa.gov,Yes,Yes,2,1,2025-11-18T00:00:00,2026-11-18T23:59:59,22570495327;22570480945,"C=CA, O=Entrust Limited, CN=Entrust OV TLS Issuing RSA CA 2"
etekpa10.jpl.nasa.gov,Yes,Yes,2,1,2026-06-16T00:00:00,2026-12-31T23:59:59,27244397537;27244355478,"C=CA, O=Entrust Limited, CN=Entrust OV TLS Issuing RSA CA 2"
ethics.jpl.nasa.gov,No,Yes,2,1,2025-12-04T00:00:00,2026-12-04T23:59:59,22908111525;22908134556,"C=CA, O=Entrust Limited, CN=Entrust OV TLS Issuing RSA CA 2"
etmfuse.amesaero.nasa.gov,Yes,Yes,1,1,2025-11-05T00:00:00,2026-12-04T23:59:59,22216524885,"C=US, O=Amazon, CN=Amazon RSA 2048 M04"
etq.earthdatacloud.nasa.gov,Yes,Yes,2,1,2026-05-22T00:00:00,2026-12-05T23:59:59,26553427884;27062165581,"C=US, O=Amazon, CN=Amazon RSA 2048 M04"
etq.uat.earthdatacloud.nasa.gov,Yes,Yes,13,2,2026-03-31T00:00:00,2026-11-28T23:59:59,26340451613;26358486644;26336582973;26177013580;26165444667;26437911863;26261306907;25301911929;25324877849;26177015476;26177014796;26265687289;26162992028,"C=US, O=Amazon, CN=Amazon RSA 2048 M04;C=US, O=Amazon, CN=Amazon RSA 2048 M01"
etqalb-423573524.auto.earthdatacloud.nasa.gov,Yes,Yes,5,1,2025-12-02T00:00:00,2026-12-31T23:59:59,27241060192;26333568603;26328860074;26318868557;22869394225,"C=US, O=Amazon, CN=Amazon RSA 2048 M04"
etql.jpl.nasa.gov,No,Yes,2,1,2025-12-04T00:00:00,2026-12-04T23:59:59,22908111525;22908134556,"C=CA, O=Entrust Limited, CN=Entrust OV TLS Issuing RSA CA 2"
etravel.nasa.gov,No,Yes,14,2,2026-04-15T00:00:00,2026-10-30T23:59:59,25912718088;25912311865;25912326319;25912298162;25912307138;25553915065;25553908477;25553910929;25553923779;25553920234;25912338415;25553916818;25554161214;25912301922,"C=GB, O=Sectigo Limited, CN=Sectigo Public Server Authentication CA DV R36;C=CA, O=Entrust Limited, CN=Entrust DV TLS Issuing RSA CA 2"
etsapprover.nasa.gov,No,Yes,6,2,2025-09-29T00:00:00,2026-12-18T23:59:59,26858944720;21348422864;21348439766;25912577887;25554049563;26858978624,"C=GB, O=Sectigo Limited, CN=Sectigo Public Server Authentication CA DV R36;C=CA, O=Entrust Limited, CN=Entrust DV TLS Issuing RSA CA 2"
etsapprover.staging.nasa.gov,No,Yes,6,2,2025-11-06T00:00:00,2026-12-27T23:59:59,23457941075;22258485537;22258442655;25912577887;25554049563;23457911902,"C=GB, O=Sectigo Limited, CN=Sectigo Public Server Authentication CA DV R36;C=CA, O=Entrust Limited, CN=Entrust DV TLS Issuing RSA CA 2"
euler.jpl.nasa.gov,No,Yes,2,1,2026-04-02T00:00:00,2026-10-17T23:59:59,25357601908;25352642193,"C=CA, O=Entrust Limited, CN=Entrust OV TLS Issuing RSA CA 2"
eurccam2.jpl.nasa.gov,Yes,Yes,2,1,2026-03-25T00:00:00,2026-10-09T23:59:59,25218537605;25218520050,"C=CA, O=Entrust Limited, CN=Entrust OV TLS Issuing RSA CA 2"
eurccloudtbcam.gdsit.eurc.jpl.nasa.gov,Yes,Yes,2,1,2025-11-25T00:00:00,2026-11-25T23:59:59,22732557181;22732571832,"C=CA, O=Entrust Limited, CN=Entrust OV TLS Issuing RSA CA 2"
eurcing-server-1.jpl.nasa.gov,Yes,Yes,2,1,2025-10-15T00:00:00,2026-10-15T23:59:59,21741918108;21741900745,"C=CA, O=Entrust Limited, CN=Entrust OV TLS Issuing RSA CA 2"
euso.nasa.gov,Yes,Yes,1,1,2026-06-01T00:00:00,2026-12-15T23:59:59,26809527704,"C=US, O=Amazon, CN=Amazon RSA 2048 M04"
eva-technical-library.eva.prod-aw-us.ehp.luna.nasa.gov,No,Yes,2,1,2026-07-23T10:20:08,2026-10-21T10:20:07,28179795977;28179806982,"C=US, O=Let's Encrypt, CN=YR2"
eva.jsc.nasa.gov,Yes,Yes,2,1,2026-07-23T10:20:08,2026-10-21T10:20:07,28179795977;28179806982,"C=US, O=Let's Encrypt, CN=YR2"
eve.larc.nasa.gov,No,Yes,1,1,2026-01-07T00:00:00,2026-12-10T23:59:59,23598652111,"C=US, O=DigiCert Inc, OU=www.digicert.com, CN=Thawte TLS RSA CA G1"
evr-viewer.ectb.awsgw1.jpl.nasa.gov,No,Yes,2,1,2026-03-26T00:00:00,2026-10-10T23:59:59,25234668940;25234650932,"C=CA, O=Entrust Limited, CN=Entrust OV TLS Issuing RSA CA 2"
evr-viewer.sops.m20.jpl.nasa.gov,Yes,Yes,1,1,2025-09-30T00:00:00,2026-10-29T23:59:59,21377761337,"C=US, O=Amazon, CN=Amazon RSA 2048 M01"
evr-viewer.tb.m20.jpl.nasa.gov,Yes,Yes,1,1,2025-10-15T00:00:00,2026-11-13T23:59:59,21741572941,"C=US, O=Amazon, CN=Amazon RSA 2048 M01"
evr-viewer.train.m20.jpl.nasa.gov,Yes,Yes,1,1,2025-10-17T00:00:00,2026-11-15T23:59:59,21776354079,"C=US, O=Amazon, CN=Amazon RSA 2048 M04"
ewis-ncu.msl.jsl.nasa.gov,Yes,Yes,1,1,2025-10-08T00:00:00,2026-11-08T23:59:59,21574541044,"C=US, O=DigiCert Inc, CN=DigiCert Global G2 TLS RSA SHA256 2020 CA1"
ewrs.ndc.nasa.gov,No,Yes,14,2,2026-04-15T00:00:00,2026-10-30T23:59:59,25912718088;25912311865;25912326319;25912298162;25912307138;25553915065;25553908477;25553910929;25553923779;25553920234;25912338415;25553916818;25554161214;25912301922,"C=GB, O=Sectigo Limited, CN=Sectigo Public Server Authentication CA DV R36;C=CA, O=Entrust Limited, CN=Entrust DV TLS Issuing RSA CA 2"
execsummit-staging.nasa.gov,No,Yes,6,2,2025-11-06T00:00:00,2026-12-27T23:59:59,23457941075;22258485537;22258442655;25912577887;25554049563;23457911902,"C=GB, O=Sectigo Limited, CN=Sectigo Public Server Authentication CA DV R36;C=CA, O=Entrust Limited, CN=Entrust DV TLS Issuing RSA CA 2"
explorationscience.nasa.gov,No,Yes,2,1,2025-09-17T00:00:00,2026-10-16T23:59:59,21070627505;21071455125,"C=US, O=Amazon, CN=Amazon RSA 2048 M01"
explore-benefits.jpl.nasa.gov,No,Yes,2,1,2025-12-04T00:00:00,2026-12-04T23:59:59,22908111525;22908134556,"C=CA, O=Entrust Limited, CN=Entrust OV TLS Issuing RSA CA 2"
explorebenefits.jpl.nasa.gov,No,Yes,2,1,2025-12-04T00:00:00,2026-12-04T23:59:59,22908111525;22908134556,"C=CA, O=Entrust Limited, CN=Entrust OV TLS Issuing RSA CA 2"
explorer1.jpl.nasa.gov,Yes,Yes,4,2,2025-12-04T00:00:00,2026-12-04T23:59:59,27856322256;22908111525;27856329907;22908134556,"C=US, O=Let's Encrypt, CN=YE2;C=CA, O=Entrust Limited, CN=Entrust OV TLS Issuing RSA CA 2"
explorers.gsfc.nasa.gov,No,Yes,2,1,2025-11-06T00:00:00,2026-12-07T23:59:59,22260015134;22260038060,"C=GB, O=Sectigo Limited, CN=Sectigo Public Server Authentication CA DV R36"
expresswayc.jpl.nasa.gov,No,Yes,4,1,2026-06-04T00:00:00,2026-12-19T23:59:59,26889955465;26889875014;26889932561;26889897150,"C=CA, O=Entrust Limited, CN=Entrust OV TLS Issuing RSA CA 2"
expresswayc1.jpl.nasa.gov,Yes,Yes,4,1,2026-06-04T00:00:00,2026-12-19T23:59:59,26889955465;26889875014;26889932561;26889897150,"C=CA, O=Entrust Limited, CN=Entrust OV TLS Issuing RSA CA 2"
expresswayc2.jpl.nasa.gov,No,Yes,4,1,2026-06-04T00:00:00,2026-12-19T23:59:59,26889955465;26889875014;26889932561;26889897150,"C=CA, O=Entrust Limited, CN=Entrust OV TLS Issuing RSA CA 2"
expresswaye.jpl.nasa.gov,No,Yes,6,1,2026-05-20T00:00:00,2026-12-19T23:59:59,26889788369;26497159399;26497096191;26889701246;26889814939;26889734758,"C=CA, O=Entrust Limited, CN=Entrust OV TLS Issuing RSA CA 2"
expresswaye1.jpl.nasa.gov,Yes,Yes,6,1,2026-05-20T00:00:00,2026-12-19T23:59:59,26889788369;26497159399;26497096191;26889701246;26889814939;26889734758,"C=CA, O=Entrust Limited, CN=Entrust OV TLS Issuing RSA CA 2"
expresswaye2.jpl.nasa.gov,No,Yes,6,1,2026-05-20T00:00:00,2026-12-19T23:59:59,26889788369;26497159399;26497096191;26889701246;26889814939;26889734758,"C=CA, O=Entrust Limited, CN=Entrust OV TLS Issuing RSA CA 2"
extapi.prosams.nasa.gov,Yes,Yes,1,1,2025-09-28T00:00:00,2026-10-27T23:59:59,21329300206,"C=US, O=Amazon, CN=Amazon RSA 2048 M01"
extapi.staging.prosams.nasa.gov,Yes,Yes,2,1,2025-09-28T00:00:00,2026-10-27T23:59:59,21330024291;21329319957,"C=US, O=Amazon, CN=Amazon RSA 2048 M01"
extapps.ksc.nasa.gov,Yes,Yes,2,1,2025-09-19T00:00:00,2026-10-18T23:59:59,21139557483;21139556817,"C=CA, O=Entrust Limited, CN=Entrust DV TLS Issuing RSA CA 2"
externals3uat4-1946866597.auto.earthdatacloud.nasa.gov,Yes,Yes,2,1,2026-05-15T00:00:00,2026-11-28T23:59:59,26366654250;26364412448,"C=US, O=Amazon, CN=Amazon RSA 2048 M01"
ezproxy.maptis.ndc.nasa.gov,Yes,Yes,8,1,2025-11-04T00:00:00,2026-12-05T23:59:59,22209725163;22204035482;22208855154;22204048432;22209749325;22208830188;22209074969;22209049013,"C=CA, O=Entrust Limited, CN=Entrust OV TLS Issuing RSA CA 2"
f6zq9r6xmm5xnd.intsvc.cloud.sit.earthdata.nasa.gov,Yes,Yes,1,1,2026-06-08T00:00:00,2026-12-22T23:59:59,26984071759,"C=US, O=Amazon, CN=Amazon RSA 2048 M04"
fa.jpl.nasa.gov,No,Yes,2,1,2025-12-04T00:00:00,2026-12-04T23:59:59,22908111525;22908134556,"C=CA, O=Entrust Limited, CN=Entrust OV TLS Issuing RSA CA 2"
facgis.msfc.nasa.gov,No,Yes,6,2,2025-09-29T00:00:00,2026-12-18T23:59:59,26858944720;21348422864;21348439766;25912577887;25554049563;26858978624,"C=GB, O=Sectigo Limited, CN=Sectigo Public Server Authentication CA DV R36;C=CA, O=Entrust Limited, CN=Entrust DV TLS Issuing RSA CA 2"
facgis.uat.nasa.gov,No,Yes,6,2,2025-11-06T00:00:00,2026-12-27T23:59:59,23457941075;22258485537;22258442655;25912577887;25554049563;23457911902,"C=GB, O=Sectigo Limited, CN=Sectigo Public Server Authentication CA DV R36;C=CA, O=Entrust Limited, CN=Entrust DV TLS Issuing RSA CA 2"
fal.jsc.nasa.gov,No,Yes,2,1,2026-07-19T10:48:48,2026-10-17T10:48:47,28063145278;28063160664,"C=US, O=Let's Encrypt, CN=YR1"
fast-magephem-service.ccmc.smce.nasa.gov,Yes,Yes,1,1,2026-06-17T00:00:00,2026-12-31T23:59:59,27248100374,"C=US, O=Amazon, CN=Amazon RSA 2048 M01"
fbm.sit.earthdata.nasa.gov,No,Yes,2,1,2025-11-21T00:00:00,2026-12-21T23:59:59,22644252934;22644239048,"C=CA, O=Entrust Limited, CN=Entrust DV TLS Issuing RSA CA 2"
fbm.uat.earthdata.nasa.gov,No,Yes,2,1,2025-11-21T00:00:00,2026-12-21T23:59:59,22644318995;22644335666,"C=CA, O=Entrust Limited, CN=Entrust DV TLS Issuing RSA CA 2"
feat1.across.sciencecloud.nasa.gov,Yes,Yes,3,2,2026-05-05T00:00:00,2026-11-20T23:59:59,26151219776;26133902018;26098689688,"C=US, O=Amazon, CN=Amazon RSA 2048 M04;C=US, O=Amazon, CN=Amazon RSA 2048 M01"
feat1.across.smce.nasa.gov,No,Yes,2,2,2026-05-05T00:00:00,2026-11-20T23:59:59,26133902018;26098689688,"C=US, O=Amazon, CN=Amazon RSA 2048 M04;C=US, O=Amazon, CN=Amazon RSA 2048 M01"
fgcxx6zuimz19m.intsvc.cloud.uat.earthdata.nasa.gov,Yes,Yes,1,1,2025-10-23T00:00:00,2026-11-21T23:59:59,21945493431,"C=US, O=Amazon, CN=Amazon RSA 2048 M01"
files.worldwind.arc.nasa.gov,Yes,Yes,6,2,2026-07-12T00:37:57,2026-10-19T09:19:14,27865015664;27865015920;28120523441;28120522023;28120530633;28120519949,"C=US, O=Let's Encrypt, CN=YR1;C=US, O=Let's Encrypt, CN=YR2"
fireballs-lb.ndc.nasa.gov,No,Yes,1,1,2026-05-18T00:00:00,2026-12-02T23:59:59,26447443875,"C=US, O=DigiCert Inc, CN=DigiCert Global G2 TLS RSA SHA256 2020 CA1"
fireballs.ndc.nasa.gov,Yes,Yes,1,1,2026-05-18T00:00:00,2026-12-02T23:59:59,26447443875,"C=US, O=DigiCert Inc, CN=DigiCert Global G2 TLS RSA SHA256 2020 CA1"
flightsimulation.larc.nasa.gov,No,Yes,1,1,2026-01-07T00:00:00,2026-12-10T23:59:59,23598652111,"C=US, O=DigiCert Inc, OU=www.digicert.com, CN=Thawte TLS RSA CA G1"
floodmapping.dev.gsfc.nasa.gov,Yes,Yes,1,1,2026-05-03T00:00:00,2026-11-16T23:59:59,26023242329,"C=US, O=Amazon, CN=Amazon RSA 2048 M01"
floodmapping.gsfc.nasa.gov,Yes,Yes,2,1,2025-10-08T00:00:00,2026-11-06T23:59:59,21561740218;21561145606,"C=US, O=Amazon, CN=Amazon RSA 2048 M04"
flux.scipai.sandbox.sciencecloud.nasa.gov,Yes,Yes,4,2,2026-07-20T16:51:48,2026-10-18T17:11:00,28100147185;28100162555;28099769371;28099783114,"C=US, O=Let's Encrypt, CN=YR1;C=US, O=Let's Encrypt, CN=YR2"
fnwiki-341all.jpl.nasa.gov,Yes,Yes,2,1,2025-10-22T00:00:00,2026-10-22T23:59:59,21919874839;21919860113,"C=CA, O=Entrust Limited, CN=Entrust OV TLS Issuing RSA CA 2"
fnwiki-343all.jpl.nasa.gov,Yes,Yes,2,1,2025-10-21T00:00:00,2026-10-21T23:59:59,21892107629;21892128342,"C=CA, O=Entrust Limited, CN=Entrust OV TLS Issuing RSA CA 2"
fnwiki-alfresco.jpl.nasa.gov,Yes,Yes,2,1,2025-12-16T00:00:00,2026-12-16T23:59:59,23160177642;23160194892,"C=CA, O=Entrust Limited, CN=Entrust OV TLS Issuing RSA CA 2"
fnwiki-cal.jpl.nasa.gov,Yes,Yes,2,1,2026-05-28T00:00:00,2026-12-12T23:59:59,26712292462;26712327692,"C=CA, O=Entrust Limited, CN=Entrust OV TLS Issuing RSA CA 2"
fnwiki-cgifocus8.jpl.nasa.gov,Yes,Yes,2,1,2025-11-11T00:00:00,2026-11-11T23:59:59,22373152043;22373131879,"C=CA, O=Entrust Limited, CN=Entrust OV TLS Issuing RSA CA 2"
fnwiki-div34autonomoussystemsandadvancedsoftware.jpl.nasa.gov,Yes,Yes,2,1,2025-10-28T00:00:00,2026-10-28T23:59:59,22070179030;22070163088,"C=CA, O=Entrust Limited, CN=Entrust OV TLS Issuing RSA CA 2"
fnwiki-educationoffice.jpl.nasa.gov,Yes,Yes,2,1,2026-04-14T00:00:00,2026-10-29T23:59:59,25897814886;25543881394,"C=CA, O=Entrust Limited, CN=Entrust OV TLS Issuing RSA CA 2"
fnwiki-harnessthechaos.jpl.nasa.gov,Yes,Yes,2,1,2025-11-14T00:00:00,2026-11-14T23:59:59,22449458510;22449471592,"C=CA, O=Entrust Limited, CN=Entrust OV TLS Issuing RSA CA 2"
fnwiki-jplrobotics.jpl.nasa.gov,Yes,Yes,2,1,2025-12-03T00:00:00,2026-12-03T23:59:59,22873567957;22873548515,"C=CA, O=Entrust Limited, CN=Entrust OV TLS Issuing RSA CA 2"
fnwiki-mdnavsec.jpl.nasa.gov,Yes,Yes,2,1,2025-12-09T00:00:00,2026-12-09T23:59:59,23008618707;23008603440,"C=CA, O=Entrust Limited, CN=Entrust OV TLS Issuing RSA CA 2"
fnwiki-msrsrlsts.jpl.nasa.gov,Yes,Yes,2,1,2025-12-26T00:00:00,2026-12-26T23:59:59,23370189991;23370172987,"C=CA, O=Entrust Limited, CN=Entrust OV TLS Issuing RSA CA 2"
fnwiki-sec397all.jpl.nasa.gov,Yes,Yes,2,1,2025-11-25T00:00:00,2026-11-25T23:59:59,22713128406;22713111078,"C=CA, O=Entrust Limited, CN=Entrust OV TLS Issuing RSA CA 2"
focus-dev.hqmce.nasa.gov,Yes,Yes,1,1,2026-04-22T00:00:00,2026-11-05T23:59:59,25654307418,"C=US, O=Amazon, CN=Amazon RSA 2048 M04"
focus.hqmce.nasa.gov,Yes,Yes,1,1,2026-05-29T00:00:00,2026-12-12T23:59:59,26720420258,"C=US, O=Amazon, CN=Amazon RSA 2048 M01"
forms.neacc.nasa.gov,No,Yes,4,1,2025-09-29T00:00:00,2026-12-18T23:59:59,21348422864;26858978624;21348439766;26858944720,"C=CA, O=Entrust Limited, CN=Entrust DV TLS Issuing RSA CA 2"
forms.test.neacc.nasa.gov,No,Yes,4,2,2026-04-15T00:00:00,2026-12-02T23:59:59,26441226492;25912577887;25554049563;26441348909,"C=GB, O=Sectigo Limited, CN=Sectigo Public Server Authentication CA DV R36;C=CA, O=Entrust Limited, CN=Entrust DV TLS Issuing RSA CA 2"
forms.uat.neacc.nasa.gov,No,Yes,6,2,2025-11-06T00:00:00,2026-12-27T23:59:59,23457941075;22258485537;22258442655;25554028155;23457911902;25912564336,"C=GB, O=Sectigo Limited, CN=Sectigo Public Server Authentication CA DV R36;C=CA, O=Entrust Limited, CN=Entrust DV TLS Issuing RSA CA 2"
forum.earthdata.nasa.gov,Yes,Yes,1,1,2026-05-11T00:00:00,2026-11-25T23:59:59,26260514335,"C=US, O=DigiCert Inc, OU=www.digicert.com, CN=Thawte TLS RSA CA G1"
fos.jwst.nasa.gov,No,Yes,1,1,2025-10-27T18:47:38,2026-10-27T18:47:38,22045851607,"C=US, ST=Texas, L=Houston, O=SSL Corporation, CN=SSL.com RSA SSL subCA"
fpd.gsfc.nasa.gov,No,Yes,2,1,2026-06-09T00:00:00,2026-12-23T23:59:59,27215046706;27026055844,"C=US, O=Amazon, CN=Amazon RSA 2048 M01"
fprime.jpl.nasa.gov,No,Yes,2,1,2025-12-04T00:00:00,2026-12-04T23:59:59,22908111525;22908134556,"C=CA, O=Entrust Limited, CN=Entrust OV TLS Issuing RSA CA 2"
fr2afm5ssgrhgx.intsvc.cloud.earthdata.nasa.gov,Yes,Yes,1,1,2025-11-18T00:00:00,2026-12-17T23:59:59,22550467469,"C=US, O=Amazon, CN=Amazon RSA 2048 M04"
freddiedev1.amesaero.nasa.gov,Yes,Yes,1,1,2025-11-12T00:00:00,2026-12-11T23:59:59,22401414367,"C=US, O=Amazon, CN=Amazon RSA 2048 M04"
freddiedev2.amesaero.nasa.gov,Yes,Yes,1,1,2025-11-12T00:00:00,2026-12-11T23:59:59,22401996107,"C=US, O=Amazon, CN=Amazon RSA 2048 M04"
freddiedev3.amesaero.nasa.gov,Yes,Yes,1,1,2026-05-09T00:00:00,2026-11-22T23:59:59,26195283540,"C=US, O=Amazon, CN=Amazon RSA 2048 M01"
freddiedev4.amesaero.nasa.gov,Yes,Yes,1,1,2026-05-09T00:00:00,2026-11-22T23:59:59,26193318083,"C=US, O=Amazon, CN=Amazon RSA 2048 M01"
fs-sewp-avi-lb-pz.sewp.nasa.gov,No,Yes,2,1,2025-11-05T00:00:00,2026-11-11T23:59:59,22523971475;22238562088,"C=US, O=DigiCert Inc, CN=GeoTrust EV RSA CA G2"
fs-sewp1-1-pz.sewp.nasa.gov,No,Yes,2,1,2025-11-05T00:00:00,2026-11-11T23:59:59,22523971475;22238562088,"C=US, O=DigiCert Inc, CN=GeoTrust EV RSA CA G2"
fs-sewp1-2-pz.sewp.nasa.gov,No,Yes,2,1,2025-11-05T00:00:00,2026-11-11T23:59:59,22523971475;22238562088,"C=US, O=DigiCert Inc, CN=GeoTrust EV RSA CA G2"
fs-sewp6-avi-lb-pz.sewp.nasa.gov,No,Yes,2,1,2025-11-05T00:00:00,2026-11-11T23:59:59,22523971475;22238562088,"C=US, O=DigiCert Inc, CN=GeoTrust EV RSA CA G2"
fs-sewpspice1-1-pz.sewp.nasa.gov,No,Yes,2,1,2025-11-05T00:00:00,2026-11-11T23:59:59,22523971475;22238562088,"C=US, O=DigiCert Inc, CN=GeoTrust EV RSA CA G2"
fs-sewpspice1-2-pz.sewp.nasa.gov,No,Yes,2,1,2025-11-05T00:00:00,2026-11-11T23:59:59,22523971475;22238562088,"C=US, O=DigiCert Inc, CN=GeoTrust EV RSA CA G2"
fs-www-avi-lb-pz.sewp.nasa.gov,No,Yes,2,1,2025-11-05T00:00:00,2026-11-11T23:59:59,22523971475;22238562088,"C=US, O=DigiCert Inc, CN=GeoTrust EV RSA CA G2"
fs-www1-1-pz.sewp.nasa.gov,No,Yes,2,1,2025-11-05T00:00:00,2026-11-11T23:59:59,22523971475;22238562088,"C=US, O=DigiCert Inc, CN=GeoTrust EV RSA CA G2"
fs-www1-2-pz.sewp.nasa.gov,No,Yes,2,1,2025-11-05T00:00:00,2026-11-11T23:59:59,22523971475;22238562088,"C=US, O=DigiCert Inc, CN=GeoTrust EV RSA CA G2"
fs-www6-avi-lb-pz.sewp.nasa.gov,No,Yes,2,1,2025-11-05T00:00:00,2026-11-11T23:59:59,22523971475;22238562088,"C=US, O=DigiCert Inc, CN=GeoTrust EV RSA CA G2"
fs-wwwspice1-1-pz.sewp.nasa.gov,No,Yes,2,1,2025-11-05T00:00:00,2026-11-11T23:59:59,22523971475;22238562088,"C=US, O=DigiCert Inc, CN=GeoTrust EV RSA CA G2"
fs-wwwspice1-2-pz.sewp.nasa.gov,No,Yes,2,1,2025-11-05T00:00:00,2026-11-11T23:59:59,22523971475;22238562088,"C=US, O=DigiCert Inc, CN=GeoTrust EV RSA CA G2"
fscatt.nasa.gov,No,Yes,6,2,2025-09-29T00:00:00,2026-12-18T23:59:59,26858944720;21348422864;25554028155;21348439766;26858978624;25912564336,"C=GB, O=Sectigo Limited, CN=Sectigo Public Server Authentication CA DV R36;C=CA, O=Entrust Limited, CN=Entrust DV TLS Issuing RSA CA 2"
fscatt.uat.nasa.gov,No,Yes,6,2,2025-11-06T00:00:00,2026-12-27T23:59:59,23457941075;22258485537;22258442655;25554028155;23457911902;25912564336,"C=GB, O=Sectigo Limited, CN=Sectigo Public Server Authentication CA DV R36;C=CA, O=Entrust Limited, CN=Entrust DV TLS Issuing RSA CA 2"
ftkjira.grc.nasa.gov,Yes,Yes,2,1,2025-10-28T00:00:00,2026-11-24T23:59:59,22065000184;22064986802,"C=GB, O=Sectigo Limited, CN=Sectigo Public Server Authentication CA DV R36"
ftp.cddis.eosdis.nasa.gov,No,Yes,2,1,2025-11-03T00:00:00,2026-12-02T23:59:59,22182364824;22182347120,"C=CA, O=Entrust Limited, CN=Entrust DV TLS Issuing RSA CA 2"
fts.podaac.uat.earthdata.nasa.gov,Yes,Yes,2,1,2025-09-19T00:00:00,2026-10-16T23:59:59,21123018781;21129657563,"C=US, O=Amazon, CN=Amazon RSA 2048 M01"
g6dev.smce.nasa.gov,Yes,Yes,2,1,2025-10-26T00:00:00,2026-11-24T23:59:59,22009028754;22008090732,"C=US, O=Amazon, CN=Amazon RSA 2048 M04"
gaia-stage.hqmce.nasa.gov,Yes,Yes,1,1,2026-06-14T00:00:00,2026-12-28T23:59:59,27165652706,"C=US, O=Amazon, CN=Amazon RSA 2048 M01"
galaxie.larc.nasa.gov,No,Yes,1,1,2025-11-13T00:00:00,2026-12-12T23:59:59,22441401246,"C=US, O=Amazon, CN=Amazon RSA 2048 M04"
galaxie.nasa.gov,Yes,Yes,2,2,2025-09-26T00:00:00,2026-12-12T23:59:59,22441401246;21291322866,"C=US, O=Amazon, CN=Amazon RSA 2048 M04;C=US, O=Amazon, CN=Amazon RSA 2048 M01"
galaxy.genelab.nasa.gov,No,Yes,2,1,2025-10-05T00:00:00,2026-11-02T23:59:59,21487011356;21483791282,"C=US, O=Amazon, CN=Amazon RSA 2048 M01"
gameon.nasa.gov,No,Yes,2,1,2026-03-30T00:00:00,2026-10-13T23:59:59,25306635606;25285773597,"C=US, O=Amazon, CN=Amazon RSA 2048 M04"
gaps.gesdisc.earthdata.nasa.gov,Yes,Yes,1,1,2025-10-08T00:00:00,2026-11-06T23:59:59,21578478162,"C=US, O=Amazon, CN=Amazon RSA 2048 M04"
gaps.uat.gesdisc.earthdata.nasa.gov,Yes,Yes,1,1,2025-09-30T00:00:00,2026-10-29T23:59:59,21382795349,"C=US, O=Amazon, CN=Amazon RSA 2048 M04"
gapuatapi-3936757137.auto.earthdatacloud.nasa.gov,Yes,Yes,2,1,2025-09-24T00:00:00,2026-10-23T23:59:59,21251857906;21250235021,"C=US, O=Amazon, CN=Amazon RSA 2048 M04"
gateway.ectb.awsgw1.jpl.nasa.gov,No,Yes,2,1,2026-03-26T00:00:00,2026-10-10T23:59:59,25234668940;25234650932,"C=CA, O=Entrust Limited, CN=Entrust OV TLS Issuing RSA CA 2"
gateway.eib.nasa.gov,No,Yes,6,2,2025-09-29T00:00:00,2026-12-18T23:59:59,26858944720;21348422864;25554028155;21348439766;26858978624;25912564336,"C=GB, O=Sectigo Limited, CN=Sectigo Public Server Authentication CA DV R36;C=CA, O=Entrust Limited, CN=Entrust DV TLS Issuing RSA CA 2"
gateway.eib.uat.nasa.gov,No,Yes,6,2,2025-11-06T00:00:00,2026-12-27T23:59:59,23457941075;22258485537;22258442655;25554028155;23457911902;25912564336,"C=GB, O=Sectigo Limited, CN=Sectigo Public Server Authentication CA DV R36;C=CA, O=Entrust Limited, CN=Entrust DV TLS Issuing RSA CA 2"
gateway.ngap.sit.earthdata.nasa.gov,Yes,Yes,1,1,2025-10-05T00:00:00,2026-11-03T23:59:59,21487667400,"C=US, O=Amazon, CN=Amazon RSA 2048 M01"
gcc-sonarqube.gsfc.nasa.gov,Yes,Yes,1,1,2025-11-06T00:00:00,2026-12-04T23:59:59,22244770189,"C=US, O=Amazon, CN=Amazon RSA 2048 M04"
gcd.larc.nasa.gov,Yes,Yes,2,1,2026-03-30T00:00:00,2026-10-13T23:59:59,25306635606;25285773597,"C=US, O=Amazon, CN=Amazon RSA 2048 M04"
gcege.gdscc.nasa.gov,Yes,Yes,4,1,2026-03-30T00:00:00,2026-10-14T23:59:59,25279614940;25282199811;25282358515;25279455847,"C=CA, O=Entrust Limited, CN=Entrust OV TLS Issuing RSA CA 2"
gcmd.earthdata.nasa.gov,Yes,Yes,2,1,2025-11-21T00:00:00,2026-12-20T23:59:59,22644355505;22644373150,"C=CA, O=Entrust Limited, CN=Entrust DV TLS Issuing RSA CA 2"
gcmd.uat.earthdata.nasa.gov,Yes,Yes,2,1,2025-11-25T00:00:00,2026-12-25T23:59:59,22732145386;22732160485,"C=CA, O=Entrust Limited, CN=Entrust DV TLS Issuing RSA CA 2"
gcmdservices.gcmd.eosdis.nasa.gov,No,Yes,2,1,2025-11-21T00:00:00,2026-12-20T23:59:59,22644355505;22644373150,"C=CA, O=Entrust Limited, CN=Entrust DV TLS Issuing RSA CA 2"
gcn.nasa.gov,Yes,Yes,1,1,2025-11-28T00:00:00,2026-12-27T23:59:59,22776203336,"C=US, O=Amazon, CN=Amazon RSA 2048 M01"
gdc.cddis.eosdis.nasa.gov,Yes,Yes,2,1,2025-11-03T00:00:00,2026-12-02T23:59:59,22182043739;22182028437,"C=CA, O=Entrust Limited, CN=Entrust DV TLS Issuing RSA CA 2"
gdc.smce.nasa.gov,Yes,Yes,1,1,2026-03-26T00:00:00,2026-10-09T23:59:59,25238851398,"C=US, O=Amazon, CN=Amazon RSA 2048 M01"
gdgps.jpl.nasa.gov,No,Yes,2,1,2026-05-05T00:00:00,2026-11-19T23:59:59,26158951094;26096868895,"C=CA, O=Entrust Limited, CN=Entrust OV TLS Issuing RSA CA 2"
gdp0g1h6fsy8ad.intsvc.cloud.earthdata.nasa.gov,Yes,Yes,1,1,2026-06-17T00:00:00,2026-12-31T23:59:59,27264050474,"C=US, O=Amazon, CN=Amazon RSA 2048 M04"
gds.dev.gds.appdat.jsc.nasa.gov,Yes,Yes,2,1,2026-07-12T00:41:54,2026-10-10T00:41:53,27865077954;27865069537,"C=US, O=Let's Encrypt, CN=YR2"
gds.gds.appdat.jsc.nasa.gov,No,Yes,2,1,2026-07-12T01:15:52,2026-10-10T01:15:51,27865577830;27865579238,"C=US, O=Let's Encrypt, CN=YR2"
gdscc.nasa.gov,No,Yes,4,1,2026-03-30T00:00:00,2026-10-14T23:59:59,25279614940;25282199811;25282358515;25279455847,"C=CA, O=Entrust Limited, CN=Entrust OV TLS Issuing RSA CA 2"
gdsit.m20.jpl.nasa.gov,Yes,Yes,1,1,2026-05-02T00:00:00,2026-11-15T23:59:59,25988637415,"C=US, O=Amazon, CN=Amazon RSA 2048 M01"
gejxjb52sf5dpv.intsvc.cloud.earthdata.nasa.gov,Yes,Yes,1,1,2026-06-16T00:00:00,2026-12-30T23:59:59,27241057630,"C=US, O=Amazon, CN=Amazon RSA 2048 M04"
genelab.nasa.gov,Yes,Yes,2,1,2025-10-05T00:00:00,2026-11-02T23:59:59,21487011356;21483791282,"C=US, O=Amazon, CN=Amazon RSA 2048 M01"
geopotential.sciencecloud.nasa.gov,No,Yes,2,1,2026-07-21T18:52:54,2026-10-19T18:52:53,28132767658;28132768426,"C=US, O=Let's Encrypt, CN=YE2"
getmoving.ksc.nasa.gov,Yes,Yes,2,1,2025-10-29T00:00:00,2026-11-27T23:59:59,22089488062;22089475710,"C=CA, O=Entrust Limited, CN=Entrust DV TLS Issuing RSA CA 2"
gewex-srb.larc.nasa.gov,No,Yes,1,1,2026-01-07T00:00:00,2026-12-10T23:59:59,23598652111,"C=US, O=DigiCert Inc, OU=www.digicert.com, CN=Thawte TLS RSA CA G1"
gimms.gsfc.nasa.gov,Yes,Yes,2,1,2026-07-14T03:03:24,2026-10-12T03:03:23,27915777017;27915781675,"C=US, O=Let's Encrypt, CN=YR2"
giovanni-test.gesdisc.eosdis.nasa.gov,No,Yes,1,1,2026-04-07T00:00:00,2026-10-22T23:59:59,25432608910,"C=US, O=DigiCert Inc, CN=DigiCert Global G2 TLS RSA SHA256 2020 CA1"
gipsy-oasis.jpl.nasa.gov,Yes,Yes,2,1,2025-10-23T00:00:00,2026-10-23T23:59:59,21945514547;21945535352,"C=CA, O=Entrust Limited, CN=Entrust OV TLS Issuing RSA CA 2"
gipsy.jpl.nasa.gov,No,Yes,2,1,2025-10-23T00:00:00,2026-10-23T23:59:59,21945514547;21945535352,"C=CA, O=Entrust Limited, CN=Entrust OV TLS Issuing RSA CA 2"
gipsyx.jpl.nasa.gov,No,Yes,2,1,2025-10-23T00:00:00,2026-10-23T23:59:59,21945514547;21945535352,"C=CA, O=Entrust Limited, CN=Entrust OV TLS Issuing RSA CA 2"
gis-sit-is-lb.ngap.earthdata.nasa.gov,Yes,Yes,1,1,2026-04-29T00:00:00,2026-11-12T23:59:59,25894761706,"C=US, O=Amazon, CN=Amazon RSA 2048 M04"
gis.sit.earthdata.nasa.gov,Yes,Yes,3,1,2026-03-31T00:00:00,2026-10-23T23:59:59,25310048877;25449515813;25288964217,"C=US, O=Amazon, CN=Amazon RSA 2048 M01"
gisportal.ndc.nasa.gov,No,Yes,16,2,2025-11-03T00:00:00,2026-12-09T23:59:59,26109741084;22182571925;26099796820;26099796428;22991881440;22988659409;22988641807;22182572524;22182585279;26099798609;25922401824;25922403565;22182556624;25922425662;22991862821;25953945323,"C=GB, O=Sectigo Limited, CN=Sectigo Public Server Authentication CA DV R36;C=CA, O=Entrust Limited, CN=Entrust DV TLS Issuing RSA CA 2"
gisservices.ndc.nasa.gov,No,Yes,16,2,2025-11-03T00:00:00,2026-12-09T23:59:59,26109741084;22182571925;26099796820;26099796428;22991881440;22988659409;22988641807;22182572524;22182585279;26099798609;25922401824;25922403565;22182556624;25922425662;22991862821;25953945323,"C=GB, O=Sectigo Limited, CN=Sectigo Public Server Authentication CA DV R36;C=CA, O=Entrust Limited, CN=Entrust DV TLS Issuing RSA CA 2"
gist.developer.nasa.gov,No,Yes,4,1,2026-03-25T00:00:00,2026-10-09T23:59:59,25220086879;25216734825;25220105694;25216718827,"C=CA, O=Entrust Limited, CN=Entrust OV TLS Issuing RSA CA 2"
git.earthdata.nasa.gov,Yes,Yes,2,1,2025-11-20T00:00:00,2026-12-20T23:59:59,22622229928;22622193787,"C=CA, O=Entrust Limited, CN=Entrust DV TLS Issuing RSA CA 2"
git.ivv.nasa.gov,Yes,Yes,4,1,2026-04-29T00:00:00,2026-12-03T23:59:59,27807717348;25952813031;25923352623;26470099980,"C=US, O=DigiCert Inc, CN=DigiCert Global G2 TLS RSA SHA256 2020 CA1"
git.sit.earthdata.nasa.gov,No,Yes,2,1,2025-11-21T00:00:00,2026-12-21T23:59:59,22644252934;22644239048,"C=CA, O=Entrust Limited, CN=Entrust DV TLS Issuing RSA CA 2"
git.uat.earthdata.nasa.gov,No,Yes,2,1,2025-11-21T00:00:00,2026-12-21T23:59:59,22644318995;22644335666,"C=CA, O=Entrust Limited, CN=Entrust DV TLS Issuing RSA CA 2"
gitcprodimagestat-1469854954.auto.earthdatacloud.nasa.gov,Yes,Yes,2,1,2026-05-17T00:00:00,2026-11-30T23:59:59,26403037218;26401729459,"C=US, O=Amazon, CN=Amazon RSA 2048 M01"
gitcuatimagestat-2813272179.auto.earthdatacloud.nasa.gov,Yes,Yes,2,1,2026-04-29T00:00:00,2026-11-12T23:59:59,25898337336;26047155478,"C=US, O=Amazon, CN=Amazon RSA 2048 M04"
gitdev2.ivv.nasa.gov,Yes,Yes,4,1,2026-04-29T00:00:00,2026-12-03T23:59:59,25952813031;25923352623;26470099980;27234876736,"C=US, O=DigiCert Inc, CN=DigiCert Global G2 TLS RSA SHA256 2020 CA1"
github-dev.jpl.nasa.gov,No,Yes,2,1,2026-03-30T00:00:00,2026-10-14T23:59:59,25277781070;25280502231,"C=CA, O=Entrust Limited, CN=Entrust OV TLS Issuing RSA CA 2"
github-fn.jpl.nasa.gov,Yes,Yes,2,1,2026-04-13T00:00:00,2026-10-28T23:59:59,25528576563;25866647966,"C=CA, O=Entrust Limited, CN=Entrust OV TLS Issuing RSA CA 2"
github-uat.jpl.nasa.gov,Yes,Yes,2,1,2026-03-30T00:00:00,2026-10-14T23:59:59,25277781070;25280502231,"C=CA, O=Entrust Limited, CN=Entrust OV TLS Issuing RSA CA 2"
github.jpl.nasa.gov,Yes,Yes,2,1,2026-04-13T00:00:00,2026-10-28T23:59:59,25528609774;25866759620,"C=CA, O=Entrust Limited, CN=Entrust OV TLS Issuing RSA CA 2"
gitlab-internal.mcp.nasa.gov,Yes,Yes,1,1,2025-09-17T00:00:00,2026-10-16T23:59:59,21072794768,"C=US, O=Amazon, CN=Amazon RSA 2048 M04"
gitlab-premium.mcp.nasa.gov,Yes,Yes,1,1,2025-09-22T00:00:00,2026-10-21T23:59:59,21205825372,"C=US, O=Amazon, CN=Amazon RSA 2048 M01"
gitlab.mcp.nasa.gov,Yes,Yes,1,1,2025-09-17T00:00:00,2026-10-16T23:59:59,21071132634,"C=US, O=Amazon, CN=Amazon RSA 2048 M01"
gkr.earthdatacloud.nasa.gov,Yes,Yes,2,1,2026-05-28T00:00:00,2026-12-11T23:59:59,26697599905;26740489656,"C=US, O=Amazon, CN=Amazon RSA 2048 M04"
gkv-keyword.earthdatacloud.nasa.gov,Yes,Yes,3,1,2026-06-02T00:00:00,2026-12-17T23:59:59,26863391235;26935847849;26828250666,"C=US, O=Amazon, CN=Amazon RSA 2048 M01"
gkv-keyword.sit.earthdatacloud.nasa.gov,Yes,Yes,3,1,2026-04-02T00:00:00,2026-10-16T23:59:59,25354461111;25374291849;25335431909,"C=US, O=Amazon, CN=Amazon RSA 2048 M04"
gkv-keyword.uat.earthdatacloud.nasa.gov,Yes,Yes,2,1,2026-04-10T00:00:00,2026-10-24T23:59:59,25550722024;25759699761,"C=US, O=Amazon, CN=Amazon RSA 2048 M04"
gkvuats3-2271716226.auto.earthdatacloud.nasa.gov,Yes,Yes,2,1,2026-04-02T00:00:00,2026-10-16T23:59:59,25372932620;25361534512,"C=US, O=Amazon, CN=Amazon RSA 2048 M04"
glam1.gsfc.nasa.gov,No,Yes,2,1,2026-07-14T03:09:01,2026-10-12T03:09:00,27915883561;27915895286,"C=US, O=Let's Encrypt, CN=YR2"
glam1n1.gsfc.nasa.gov,No,Yes,2,1,2026-07-14T03:06:02,2026-10-12T03:06:01,27915836030;27915837417,"C=US, O=Let's Encrypt, CN=YR2"
gmao.gsfc.nasa.gov,Yes,Yes,2,1,2026-04-24T00:00:00,2026-11-08T23:59:59,25806764717;25755141765,"C=US, O=DigiCert Inc, CN=DigiCert Global G2 TLS RSA SHA256 2020 CA1"
gmi.gsfc.nasa.gov,No,Yes,2,1,2026-07-22T12:25:25,2026-10-20T12:25:24,28153629149;28153625557,"C=US, O=Let's Encrypt, CN=YE1"
gnl80gfmbol414.intsvc.cloud.earthdata.nasa.gov,Yes,Yes,1,1,2025-11-18T00:00:00,2026-12-17T23:59:59,22550391433,"C=US, O=Amazon, CN=Amazon RSA 2048 M01"
goldsmr4.gesdisc.eosdis.nasa.gov,No,Yes,2,1,2026-07-13T04:18:18,2026-10-11T04:18:17,27890729762;27890735116,"C=US, O=Let's Encrypt, CN=YR2"
goldsmr5.gesdisc.eosdis.nasa.gov,No,Yes,2,1,2026-07-13T04:21:33,2026-10-11T04:21:32,27890789376;27890781564,"C=US, O=Let's Encrypt, CN=YR1"
google.nasa.gov,No,Yes,1,1,2025-09-16T00:00:00,2026-10-14T23:59:59,21063781145,"C=US, O=Amazon, CN=Amazon RSA 2048 M01"
goto.jpl.nasa.gov,No,Yes,2,1,2025-12-04T00:00:00,2026-12-04T23:59:59,22908111525;22908134556,"C=CA, O=Entrust Limited, CN=Entrust OV TLS Issuing RSA CA 2"
gotravel.uat.nasa.gov,No,Yes,2,1,2026-05-18T00:00:00,2026-12-02T23:59:59,26441226492;26441348909,"C=CA, O=Entrust Limited, CN=Entrust DV TLS Issuing RSA CA 2"
govprod.prosams.nasa.gov,Yes,Yes,1,1,2025-10-06T00:00:00,2026-11-04T23:59:59,21525506474,"C=US, O=Amazon, CN=Amazon RSA 2048 M01"
gr-va-164-122-mssba.grc.nasa.gov,Yes,Yes,1,1,2026-06-10T00:00:00,2026-12-25T23:59:59,27058897186,"C=US, O=DigiCert Inc, CN=DigiCert Global G2 TLS RSA SHA256 2020 CA1"
gr2202vmftkjiraprod8.ndc.nasa.gov,No,Yes,2,1,2025-10-28T00:00:00,2026-11-24T23:59:59,22065000184;22064986802,"C=GB, O=Sectigo Limited, CN=Sectigo Public Server Authentication CA DV R36"
gr2202vmpower1.ndc.nasa.gov,Yes,Yes,2,1,2026-04-27T00:00:00,2026-11-11T23:59:59,26073040477;25855573388,"C=GB, O=Sectigo Limited, CN=Sectigo Public Server Authentication CA DV R36"
grafana.impax.swsoc.smce.nasa.gov,Yes,Yes,2,1,2026-06-09T00:00:00,2026-12-23T23:59:59,27217798657;27031626760,"C=US, O=Amazon, CN=Amazon RSA 2048 M04"
grafana.sandbox.sciencecloud.nasa.gov,Yes,Yes,1,1,2026-04-14T00:00:00,2026-10-28T23:59:59,25514830085,"C=US, O=Amazon, CN=Amazon RSA 2048 M04"
grafana.sciencecloud.nasa.gov,Yes,Yes,1,1,2026-04-14T00:00:00,2026-10-28T23:59:59,25515529335,"C=US, O=Amazon, CN=Amazon RSA 2048 M04"
grafana.staging.iot-general.appdat.jsc.nasa.gov,Yes,Yes,2,1,2026-07-15T03:14:09,2026-10-13T03:14:08,27943624423;27943630578,"C=US, O=Let's Encrypt, CN=YR2"
grafana.swsoc.smce.nasa.gov,Yes,Yes,2,1,2026-05-13T00:00:00,2026-11-26T23:59:59,26307808039;26430121783,"C=US, O=Amazon, CN=Amazon RSA 2048 M04"
graphql.sit.earthdata.nasa.gov,Yes,Yes,1,1,2025-11-27T00:00:00,2026-12-25T23:59:59,22755513017,"C=US, O=Amazon, CN=Amazon RSA 2048 M01"
gravityprobeb.msfc.nasa.gov,No,Yes,1,1,2025-09-16T00:00:00,2026-10-14T23:59:59,21063781145,"C=US, O=Amazon, CN=Amazon RSA 2048 M01"
gravityprobeb.nasa.gov,No,Yes,1,1,2025-09-16T00:00:00,2026-10-14T23:59:59,21063781145,"C=US, O=Amazon, CN=Amazon RSA 2048 M01"
grc-relay.ndc.nasa.gov,No,Yes,2,1,2025-11-11T00:00:00,2026-12-11T23:59:59,22393320105;22393343612,"C=CA, O=Entrust Limited, CN=Entrust DV TLS Issuing RSA CA 2"
grndl2292612.grc.nasa.gov,No,Yes,2,1,2026-07-21T04:10:16,2026-10-19T04:10:15,28113947620;28113957928,"C=US, O=Let's Encrypt, CN=YR1"
grndl2292612.ndc.nasa.gov,No,Yes,2,1,2026-07-21T04:10:16,2026-10-19T04:10:15,28113947620;28113957928,"C=US, O=Let's Encrypt, CN=YR1"
grtomato.gd.m20.jpl.nasa.gov,Yes,Yes,1,1,2025-10-08T00:00:00,2026-11-06T23:59:59,21558913193,"C=US, O=Amazon, CN=Amazon RSA 2048 M01"
gs-ed-prod-igit1.earthdata.nasa.gov,No,Yes,2,1,2025-11-21T00:00:00,2026-12-21T23:59:59,22644436426;22644420921,"C=CA, O=Entrust Limited, CN=Entrust DV TLS Issuing RSA CA 2"
gs6101-gmao.gsfc.nasa.gov,No,Yes,2,1,2026-04-24T00:00:00,2026-11-08T23:59:59,25806764717;25755141765,"C=US, O=DigiCert Inc, CN=DigiCert Global G2 TLS RSA SHA256 2020 CA1"
gs6102dsc-giovanni-test.gesdisc.eosdis.nasa.gov,Yes,Yes,1,1,2026-04-07T00:00:00,2026-10-22T23:59:59,25432608910,"C=US, O=DigiCert Inc, CN=DigiCert Global G2 TLS RSA SHA256 2020 CA1"
gs6102dsc-goldsmr4.gesdisc.eosdis.nasa.gov,Yes,Yes,2,1,2026-07-13T04:18:18,2026-10-11T04:18:17,27890729762;27890735116,"C=US, O=Let's Encrypt, CN=YR2"
gs6102dsc-goldsmr5.gesdisc.eosdis.nasa.gov,Yes,Yes,2,1,2026-07-13T04:21:33,2026-10-11T04:21:32,27890789376;27890781564,"C=US, O=Let's Encrypt, CN=YR1"
gs6102dsc-lb.gesdisc.eosdis.nasa.gov,Yes,Yes,2,1,2026-05-29T00:00:00,2026-12-13T23:59:59,26765205791;26718997367,"C=US, O=DigiCert Inc, CN=DigiCert Global G2 TLS RSA SHA256 2020 CA1"
gs6102dsc-lifeboat.gesdisc.eosdis.nasa.gov,Yes,Yes,1,1,2025-11-07T00:00:00,2026-10-18T23:59:59,22287732685,"C=US, O=DigiCert Inc, CN=DigiCert Global G2 TLS RSA SHA256 2020 CA1"
gs6102dsc-s4psci.gesdisc.eosdis.nasa.gov,Yes,Yes,1,1,2026-03-31T00:00:00,2026-10-15T23:59:59,25299500716,"C=US, O=DigiCert Inc, CN=DigiCert Global G2 TLS RSA SHA256 2020 CA1"
gs6102dsc-tropess.gesdisc.eosdis.nasa.gov,Yes,Yes,2,1,2026-07-13T04:20:49,2026-10-11T04:20:48,27890782480;27890776555,"C=US, O=Let's Encrypt, CN=YR1"
gs611-simplex-npz.giss.nasa.gov,Yes,Yes,2,1,2026-07-21T07:32:31,2026-10-19T07:32:30,28118235579;28118251897,"C=US, O=Let's Encrypt, CN=YR1"
gs6133avdc1.gsfc.nasa.gov,No,Yes,2,1,2026-07-14T07:33:21,2026-10-12T07:33:20,27921160748;27921126577,"C=US, O=Let's Encrypt, CN=YR1"
gs614-avdc1-pz.gsfc.nasa.gov,No,Yes,2,1,2026-07-14T07:33:21,2026-10-12T07:33:20,27921160748;27921126577,"C=US, O=Let's Encrypt, CN=YR1"
gs614-avdc1.gsfc.nasa.gov,No,Yes,2,1,2026-07-14T07:33:21,2026-10-12T07:33:20,27921160748;27921126577,"C=US, O=Let's Encrypt, CN=YR1"
gs615-icesat2scf.gsfc.nasa.gov,Yes,Yes,2,1,2026-07-12T09:49:08,2026-10-10T09:49:07,27872824582;27872831899,"C=US, O=Let's Encrypt, CN=YE1"
gs618-ccemaill1.gsfc.nasa.gov,Yes,Yes,2,1,2025-11-18T00:00:00,2026-11-18T23:59:59,22565567371;22565534584,"C=AT, O=ZeroSSL, CN=ZeroSSL RSA Domain Secure Site CA"
gs618-glam1.gsfc.nasa.gov,Yes,Yes,2,1,2026-07-14T03:09:01,2026-10-12T03:09:00,27915883561;27915895286,"C=US, O=Let's Encrypt, CN=YR2"
gs618-glam1n1.gsfc.nasa.gov,Yes,Yes,2,1,2026-07-14T03:06:02,2026-10-12T03:06:01,27915836030;27915837417,"C=US, O=Let's Encrypt, CN=YR2"
gs61a-cddis-basin.gsfc.nasa.gov,No,Yes,4,1,2026-05-07T00:00:00,2026-11-22T23:59:59,26195697289;26150133437;26179886902;26184261291,"C=CA, O=Entrust Limited, CN=Entrust DV TLS Issuing RSA CA 2"
gs674-ccmcftp.ccmc.gsfc.nasa.gov,No,Yes,2,1,2026-07-13T07:01:54,2026-10-11T07:01:53,27893616228;27893607474,"C=US, O=Let's Encrypt, CN=YR2"
gs674-webtools.ccmc.gsfc.nasa.gov,Yes,Yes,2,1,2026-07-22T07:03:28,2026-10-20T07:03:27,28146944201;28146960609,"C=US, O=Let's Encrypt, CN=YR1"
gs690-cddis-basin.gsfc.nasa.gov,No,Yes,2,1,2025-11-03T00:00:00,2026-12-02T23:59:59,22182234698;22182248764,"C=CA, O=Entrust Limited, CN=Entrust DV TLS Issuing RSA CA 2"
gsfc-relay.ndc.nasa.gov,No,Yes,2,1,2025-11-11T00:00:00,2026-12-11T23:59:59,22393320105;22393343612,"C=CA, O=Entrust Limited, CN=Entrust DV TLS Issuing RSA CA 2"
gsfctechnology.gsfc.nasa.gov,No,Yes,1,1,2025-10-28T00:00:00,2026-11-25T23:59:59,22064881921,"C=US, O=Amazon, CN=Amazon RSA 2048 M01"
gsfcvpn.nasa.gov,No,Yes,1,1,2026-04-01T00:00:00,2026-10-16T23:59:59,25313413848,"C=US, O=DigiCert Inc, CN=DigiCert Global G2 TLS RSA SHA256 2020 CA1"
gsmosmd1.gsfc.nasa.gov,Yes,Yes,2,1,2025-11-12T00:00:00,2026-12-12T23:59:59,22420471104;22420453968,"C=CA, O=Entrust Limited, CN=Entrust DV TLS Issuing RSA CA 2"
gssr.jpl.nasa.gov,No,Yes,2,1,2025-12-04T00:00:00,2026-12-04T23:59:59,22908111525;22908134556,"C=CA, O=Entrust Limited, CN=Entrust OV TLS Issuing RSA CA 2"
guest.nasa.gov,No,Yes,14,2,2026-04-15T00:00:00,2026-10-30T23:59:59,25912718088;25912311865;25912326319;25912298162;25912307138;25553915065;25553908477;25553910929;25553923779;25553920234;25912338415;25553916818;25554161214;25912301922,"C=GB, O=Sectigo Limited, CN=Sectigo Public Server Authentication CA DV R36;C=CA, O=Entrust Limited, CN=Entrust DV TLS Issuing RSA CA 2"
guest.support.nasa.gov,No,Yes,14,2,2026-04-15T00:00:00,2026-10-30T23:59:59,25912718088;25912311865;25912326319;25912298162;25912307138;25553915065;25553908477;25553910929;25553923779;25553920234;25912338415;25553916818;25554161214;25912301922,"C=GB, O=Sectigo Limited, CN=Sectigo Public Server Authentication CA DV R36;C=CA, O=Entrust Limited, CN=Entrust DV TLS Issuing RSA CA 2"
guest.test.nasa.gov,No,Yes,4,2,2026-04-15T00:00:00,2026-12-02T23:59:59,26441226492;25912564336;25554028155;26441348909,"C=GB, O=Sectigo Limited, CN=Sectigo Public Server Authentication CA DV R36;C=CA, O=Entrust Limited, CN=Entrust DV TLS Issuing RSA CA 2"
guest.uat.nasa.gov,No,Yes,6,2,2025-11-06T00:00:00,2026-12-27T23:59:59,23457941075;22258485537;22258442655;25554028155;23457911902;25912564336,"C=GB, O=Sectigo Limited, CN=Sectigo Public Server Authentication CA DV R36;C=CA, O=Entrust Limited, CN=Entrust DV TLS Issuing RSA CA 2"
hacd.nasa.gov,No,Yes,1,1,2025-09-16T00:00:00,2026-10-14T23:59:59,21063781145,"C=US, O=Amazon, CN=Amazon RSA 2048 M01"
hades.ivv.nasa.gov,No,Yes,4,1,2026-04-29T00:00:00,2026-12-03T23:59:59,25952813031;25923352623;26470099980;25924315102,"C=US, O=DigiCert Inc, CN=DigiCert Global G2 TLS RSA SHA256 2020 CA1"
hamsr.jpl.nasa.gov,No,Yes,2,1,2025-12-04T00:00:00,2026-12-04T23:59:59,22908111525;22908134556,"C=CA, O=Entrust Limited, CN=Entrust OV TLS Issuing RSA CA 2"
handbook.appdat.jsc.nasa.gov,Yes,Yes,2,1,2026-07-15T02:23:17,2026-10-13T02:23:16,27942754211;27942761225,"C=US, O=Let's Encrypt, CN=YR2"
hcmovse1.hosc.msfc.nasa.gov,Yes,Yes,2,1,2025-11-17T00:00:00,2026-12-18T23:59:59,22540731500;22641932129,"C=US, O=DigiCert Inc, CN=DigiCert Global G2 TLS RSA SHA256 2020 CA1"
hcmovse3.hosc.msfc.nasa.gov,Yes,Yes,2,1,2025-11-17T00:00:00,2026-12-18T23:59:59,22540952015;22646152240,"C=US, O=DigiCert Inc, CN=DigiCert Global G2 TLS RSA SHA256 2020 CA1"
hcmovse5.hosc.msfc.nasa.gov,Yes,Yes,1,1,2025-10-20T00:00:00,2026-11-20T23:59:59,21855867671,"C=US, O=DigiCert Inc, CN=DigiCert Global G2 TLS RSA SHA256 2020 CA1"
hcmsuag04.hosc.msfc.nasa.gov,Yes,Yes,1,1,2026-03-27T00:00:00,2026-10-11T23:59:59,25254879423,"C=US, O=DigiCert Inc, CN=DigiCert Global G2 TLS RSA SHA256 2020 CA1"
hefd.nasa.gov,No,Yes,1,1,2025-09-16T00:00:00,2026-10-14T23:59:59,21063781145,"C=US, O=Amazon, CN=Amazon RSA 2048 M01"
helio.data.nasa.gov,Yes,Yes,2,1,2026-05-11T00:00:00,2026-11-24T23:59:59,26244296528;26245625328,"C=US, O=Amazon, CN=Amazon RSA 2048 M04"
heliophysicsdata.gsfc.nasa.gov,Yes,Yes,2,1,2026-07-24T09:34:56,2026-10-22T09:34:55,28208805139;28208800970,"C=US, O=Let's Encrypt, CN=YR1"
heliowiki.smce.nasa.gov,Yes,Yes,2,1,2025-10-19T00:00:00,2026-11-17T23:59:59,21822018539;21820246378,"C=US, O=Amazon, CN=Amazon RSA 2048 M01"
hello.aao.nasa.gov,No,Yes,4,1,2025-09-29T00:00:00,2026-12-18T23:59:59,21348422864;26858978624;21348439766;26858944720,"C=CA, O=Entrust Limited, CN=Entrust DV TLS Issuing RSA CA 2"
help.aao.nasa.gov,No,Yes,4,1,2025-09-29T00:00:00,2026-12-18T23:59:59,21348422864;26858978624;21348439766;26858944720,"C=CA, O=Entrust Limited, CN=Entrust DV TLS Issuing RSA CA 2"
hesto.smce.nasa.gov,Yes,Yes,2,1,2026-04-19T00:00:00,2026-11-02T23:59:59,25937482862;25574733605,"C=US, O=Amazon, CN=Amazon RSA 2048 M01"
hhp.nasa.gov,Yes,Yes,1,1,2025-10-28T00:00:00,2026-11-25T23:59:59,22064881921,"C=US, O=Amazon, CN=Amazon RSA 2048 M01"
highcharts.ivv.nasa.gov,No,Yes,4,1,2026-04-29T00:00:00,2026-12-03T23:59:59,25952813031;25923352623;26470099980;25924315102,"C=US, O=DigiCert Inc, CN=DigiCert Global G2 TLS RSA SHA256 2020 CA1"
highchartspre.ivv.nasa.gov,No,Yes,4,1,2026-04-29T00:00:00,2026-12-03T23:59:59,25952813031;25923352623;26470099980;25952926190,"C=US, O=DigiCert Inc, CN=DigiCert Global G2 TLS RSA SHA256 2020 CA1"
hiliftpw-ftp.larc.nasa.gov,Yes,Yes,2,1,2026-07-16T15:19:44,2026-10-14T15:19:43,27986912149;27986919031,"C=US, O=Let's Encrypt, CN=YE2"
hiliftpw.larc.nasa.gov,No,Yes,2,1,2025-09-30T00:00:00,2026-10-29T23:59:59,21375420217;22907063440,"C=US, O=Amazon, CN=Amazon RSA 2048 M04"
history.nasa.gov,No,Yes,1,1,2025-11-19T00:00:00,2026-12-18T23:59:59,22576393591,"C=US, O=Amazon, CN=Amazon RSA 2048 M01"
hla.ad475425-3269-4441-b0c4-5f63f9b47981.development.luna.nasa.gov,No,Yes,6,2,2026-07-13T20:21:23,2026-10-11T20:25:57,27908405537;27908332359;27908380914;27908387880;27908409872;27908327426,"C=US, O=Let's Encrypt, CN=YR1;C=US, O=Let's Encrypt, CN=YR2"
hls.gsfc.nasa.gov,Yes,Yes,2,1,2026-07-25T03:01:46,2026-10-23T03:01:45,28228776699;28228777054,"C=US, O=Let's Encrypt, CN=YE2"
home.iss.nasa.gov,No,Yes,1,1,2026-03-30T00:00:00,2026-10-14T23:59:59,25274471906,"C=US, O=DigiCert Inc, OU=www.digicert.com, CN=GeoTrust TLS RSA CA G1"
hoscopp2.hosc.msfc.nasa.gov,Yes,Yes,1,1,2026-05-04T00:00:00,2026-11-18T23:59:59,26070074527,"C=US, O=DigiCert Inc, CN=DigiCert Global G2 TLS RSA SHA256 2020 CA1"
hoscopp2ms.hosc.msfc.nasa.gov,No,Yes,1,1,2026-05-04T00:00:00,2026-11-18T23:59:59,26070074527,"C=US, O=DigiCert Inc, CN=DigiCert Global G2 TLS RSA SHA256 2020 CA1"
hoscopp2owa.hosc.msfc.nasa.gov,No,Yes,1,1,2026-05-04T00:00:00,2026-11-18T23:59:59,26070074527,"C=US, O=DigiCert Inc, CN=DigiCert Global G2 TLS RSA SHA256 2020 CA1"
hoscopp2sk.hosc.msfc.nasa.gov,No,Yes,1,1,2026-05-04T00:00:00,2026-11-18T23:59:59,26070074527,"C=US, O=DigiCert Inc, CN=DigiCert Global G2 TLS RSA SHA256 2020 CA1"
hoscopp2sp.hosc.msfc.nasa.gov,No,Yes,1,1,2026-05-04T00:00:00,2026-11-18T23:59:59,26070074527,"C=US, O=DigiCert Inc, CN=DigiCert Global G2 TLS RSA SHA256 2020 CA1"
hostedzonealb-2867804429.auto.earthdatacloud.nasa.gov,Yes,Yes,2,1,2025-10-31T00:00:00,2026-11-29T23:59:59,22122817956;22121981083,"C=US, O=Amazon, CN=Amazon RSA 2048 M04"
hpps.nasa.gov,No,Yes,6,2,2025-09-29T00:00:00,2026-12-18T23:59:59,26858944720;21348422864;25554028155;21348439766;26858978624;25912564336,"C=GB, O=Sectigo Limited, CN=Sectigo Public Server Authentication CA DV R36;C=CA, O=Entrust Limited, CN=Entrust DV TLS Issuing RSA CA 2"
hpps.staging.nasa.gov,No,Yes,6,2,2025-11-06T00:00:00,2026-12-27T23:59:59,23457941075;22258485537;22258442655;25554028155;23457911902;25912564336,"C=GB, O=Sectigo Limited, CN=Sectigo Public Server Authentication CA DV R36;C=CA, O=Entrust Limited, CN=Entrust DV TLS Issuing RSA CA 2"
hq-relay.ndc.nasa.gov,No,Yes,2,1,2025-11-11T00:00:00,2026-12-11T23:59:59,22393320105;22393343612,"C=CA, O=Entrust Limited, CN=Entrust DV TLS Issuing RSA CA 2"
hq-va-300e-c021-mssba.voip.hq.nasa.gov,Yes,Yes,1,1,2026-05-08T00:00:00,2026-11-22T23:59:59,26180138726,"C=US, O=DigiCert Inc, CN=DigiCert Global G2 TLS RSA SHA256 2020 CA1"
hqcercla.hqmce.nasa.gov,No,Yes,2,1,2025-09-17T00:00:00,2026-10-16T23:59:59,21075672470;21073875953,"C=US, O=Amazon, CN=Amazon RSA 2048 M01"
hqtsapi.hq.nasa.gov,Yes,Yes,1,1,2025-11-25T00:00:00,2026-12-24T23:59:59,22727369042,"C=US, O=Amazon, CN=Amazon RSA 2048 M01"
hr-dev.nasa.gov,No,Yes,4,2,2025-11-13T00:00:00,2026-12-13T23:59:59,25554051844;22448168897;22448182796;25912580598,"C=GB, O=Sectigo Limited, CN=Sectigo Public Server Authentication CA DV R36;C=CA, O=Entrust Limited, CN=Entrust DV TLS Issuing RSA CA 2"
hr-staging.nasa.gov,No,Yes,6,2,2025-11-06T00:00:00,2026-12-27T23:59:59,23457941075;22258485537;25912580598;22258442655;25554051844;23457911902,"C=GB, O=Sectigo Limited, CN=Sectigo Public Server Authentication CA DV R36;C=CA, O=Entrust Limited, CN=Entrust DV TLS Issuing RSA CA 2"
hr.nasa.gov,No,Yes,6,2,2025-09-29T00:00:00,2026-12-18T23:59:59,26858944720;21348422864;25912580598;21348439766;25554051844;26858978624,"C=GB, O=Sectigo Limited, CN=Sectigo Public Server Authentication CA DV R36;C=CA, O=Entrust Limited, CN=Entrust DV TLS Issuing RSA CA 2"
hrdatahub.nasa.gov,No,Yes,6,2,2025-09-29T00:00:00,2026-12-18T23:59:59,26858944720;21348422864;25554028155;21348439766;26858978624;25912564336,"C=GB, O=Sectigo Limited, CN=Sectigo Public Server Authentication CA DV R36;C=CA, O=Entrust Limited, CN=Entrust DV TLS Issuing RSA CA 2"
hrdatahub.uat.nasa.gov,No,Yes,6,2,2025-11-06T00:00:00,2026-12-27T23:59:59,23457941075;22258485537;22258442655;25554028155;23457911902;25912564336,"C=GB, O=Sectigo Limited, CN=Sectigo Public Server Authentication CA DV R36;C=CA, O=Entrust Limited, CN=Entrust DV TLS Issuing RSA CA 2"
hrservices-dev.nasa.gov,No,Yes,2,1,2026-07-21T20:10:01,2026-10-19T20:10:00,28134320083;28134328169,"C=US, O=Let's Encrypt, CN=YR1"
hrservices-dev.nssc.nasa.gov,No,Yes,2,1,2026-07-21T20:10:01,2026-10-19T20:10:00,28134320083;28134328169,"C=US, O=Let's Encrypt, CN=YR1"
hrservices-test.nasa.gov,No,Yes,2,1,2026-07-14T13:01:12,2026-10-12T13:01:11,27927703481;27927711453,"C=US, O=Let's Encrypt, CN=YR2"
hrservices-test.nssc.nasa.gov,No,Yes,2,1,2026-07-14T13:01:12,2026-10-12T13:01:11,27927703481;27927711453,"C=US, O=Let's Encrypt, CN=YR2"
hrservices.nasa.gov,No,Yes,2,1,2026-07-21T20:09:47,2026-10-19T20:09:46,28134320228;28134325284,"C=US, O=Let's Encrypt, CN=YR1"
hrservices.nssc.nasa.gov,No,Yes,2,1,2026-07-21T20:09:47,2026-10-19T20:09:46,28134320228;28134325284,"C=US, O=Let's Encrypt, CN=YR1"
hs-59vdsas.hst.nasa.gov,Yes,Yes,2,1,2025-09-24T12:46:11,2026-11-12T14:49:06,21246523845;22414699690,"C=US, ST=Texas, L=Houston, O=SSL Corporation, CN=SSL.com RSA SSL subCA"
hs-59vmims.hst.nasa.gov,Yes,Yes,1,1,2025-12-04T12:06:38,2026-11-25T12:06:38,22893723413,"C=US, ST=Texas, L=Houston, O=SSL Corporation, CN=SSL.com RSA SSL subCA"
hs-59vosas1.hst.nasa.gov,Yes,Yes,2,1,2025-11-18T18:00:45,2026-11-24T16:15:30,22569378855;22706597584,"C=US, ST=Texas, L=Houston, O=SSL Corporation, CN=SSL.com RSA SSL subCA"
hs-59vosas2.hst.nasa.gov,Yes,Yes,2,1,2025-11-18T17:58:56,2026-11-24T16:17:17,22569343099;22706614958,"C=US, ST=Texas, L=Houston, O=SSL Corporation, CN=SSL.com RSA SSL subCA"
hs-59vsmims.hst.nasa.gov,No,Yes,3,1,2025-11-05T20:52:29,2026-11-25T18:30:04,22728932075;22893723413;22237329722,"C=US, ST=Texas, L=Houston, O=SSL Corporation, CN=SSL.com RSA SSL subCA"
hs-59vtsas1.hst.nasa.gov,Yes,Yes,1,1,2025-11-12T14:40:39,2026-11-12T14:40:39,22414552786,"C=US, ST=Texas, L=Houston, O=SSL Corporation, CN=SSL.com RSA SSL subCA"
hs-59vtsas2.hst.nasa.gov,Yes,Yes,1,1,2025-11-12T14:44:27,2026-11-12T14:44:27,22414615218,"C=US, ST=Texas, L=Houston, O=SSL Corporation, CN=SSL.com RSA SSL subCA"
hsb.gsfc.nasa.gov,No,Yes,2,1,2026-07-22T12:25:25,2026-10-20T12:25:24,28153629149;28153625557,"C=US, O=Let's Encrypt, CN=YE1"
hst-horizon-ap.hst.nasa.gov,No,Yes,2,1,2025-12-04T13:39:03,2026-12-04T13:39:03,22906553048;22893772765,"C=US, ST=Texas, L=Houston, O=SSL Corporation, CN=SSL.com RSA SSL subCA"
hst-horizon.hst.nasa.gov,No,Yes,2,1,2025-12-04T13:39:03,2026-12-04T13:39:03,22906553048;22893772765,"C=US, ST=Texas, L=Houston, O=SSL Corporation, CN=SSL.com RSA SSL subCA"
hst-mailscan1.hst.nasa.gov,Yes,Yes,1,1,2025-11-18T18:12:36,2026-11-18T18:12:36,22569583140,"C=US, ST=Texas, L=Houston, O=SSL Corporation, CN=SSL.com RSA SSL subCA"
hst-mailscan2.hst.nasa.gov,Yes,Yes,1,1,2025-11-18T18:01:04,2026-11-18T18:01:04,22569379236,"C=US, ST=Texas, L=Houston, O=SSL Corporation, CN=SSL.com RSA SSL subCA"
hst-sers.hst.nasa.gov,Yes,Yes,1,1,2025-12-09T14:43:42,2026-12-09T14:43:42,23004942818,"C=US, ST=Texas, L=Houston, O=SSL Corporation, CN=SSL.com RSA SSL subCA"
hst-sers2.hst.nasa.gov,Yes,Yes,2,1,2025-12-09T14:45:48,2026-12-09T14:45:51,23004983126;23004983272,"C=US, ST=Texas, L=Houston, O=SSL Corporation, CN=SSL.com RSA SSL subCA"
hst-smtp1.hst.nasa.gov,Yes,Yes,1,1,2025-11-18T18:14:50,2026-11-18T18:14:50,22569620462,"C=US, ST=Texas, L=Houston, O=SSL Corporation, CN=SSL.com RSA SSL subCA"
hst-smtp2.hst.nasa.gov,Yes,Yes,1,1,2025-11-18T18:08:59,2026-11-18T18:08:59,22569514006,"C=US, ST=Texas, L=Houston, O=SSL Corporation, CN=SSL.com RSA SSL subCA"
hst-view-ap.hst.nasa.gov,No,Yes,2,1,2025-12-04T13:39:03,2026-12-04T13:39:03,22906553048;22893772765,"C=US, ST=Texas, L=Houston, O=SSL Corporation, CN=SSL.com RSA SSL subCA"
hst-view-ap1.hst.nasa.gov,No,Yes,2,1,2025-12-04T13:39:03,2026-12-04T13:39:03,22906553048;22893772765,"C=US, ST=Texas, L=Houston, O=SSL Corporation, CN=SSL.com RSA SSL subCA"
hst-view-ap2.hst.nasa.gov,No,Yes,2,1,2025-12-04T13:39:03,2026-12-04T13:39:03,22906553048;22893772765,"C=US, ST=Texas, L=Houston, O=SSL Corporation, CN=SSL.com RSA SSL subCA"
hst-view-ap3.hst.nasa.gov,No,Yes,2,1,2025-12-04T13:39:03,2026-12-04T13:39:03,22906553048;22893772765,"C=US, ST=Texas, L=Houston, O=SSL Corporation, CN=SSL.com RSA SSL subCA"
hst-view.hst.nasa.gov,Yes,Yes,3,1,2025-12-02T18:31:38,2026-12-04T13:39:03,22906553048;22868492581;22893772765,"C=US, ST=Texas, L=Houston, O=SSL Corporation, CN=SSL.com RSA SSL subCA"
hstinfo.hst.nasa.gov,Yes,Yes,1,1,2025-10-28T17:38:10,2026-10-28T17:38:10,22066395388,"C=US, ST=Texas, L=Houston, O=SSL Corporation, CN=SSL.com RSA SSL subCA"
hstngin-archive.hst.nasa.gov,Yes,Yes,2,1,2025-11-06T21:09:39,2026-11-12T15:27:46,22415383844;22266124033,"C=US, ST=Texas, L=Houston, O=SSL Corporation, CN=SSL.com RSA SSL subCA"
hstngin.hst.nasa.gov,Yes,Yes,2,1,2025-11-06T21:09:07,2026-11-12T15:13:52,22415145916;22266124028,"C=US, ST=Texas, L=Houston, O=SSL Corporation, CN=SSL.com RSA SSL subCA"
hubble.nasa.gov,No,Yes,2,1,2026-07-19T10:48:48,2026-10-17T10:48:47,28063145278;28063160664,"C=US, O=Let's Encrypt, CN=YR1"
hvit.jsc.nasa.gov,No,Yes,2,1,2025-09-12T00:00:00,2026-10-13T23:59:59,20978829169;20976702597,"C=US, O=DigiCert Inc, OU=www.digicert.com, CN=GeoTrust TLS RSA CA G1"
hybrid.cdscc.nasa.gov,No,Yes,6,1,2026-05-19T00:00:00,2026-12-03T23:59:59,26455555227;26455965657;26455876909;26455852382;26455594833;26455995187,"C=CA, O=Entrust Limited, CN=Entrust OV TLS Issuing RSA CA 2"
hybrid.ndc.nasa.gov,No,Yes,2,1,2025-10-31T00:00:00,2026-11-30T23:59:59,22122730539;22122718991,"C=CA, O=Entrust Limited, CN=Entrust DV TLS Issuing RSA CA 2"
hypatia.gsfc.nasa.gov,No,Yes,1,1,2025-09-16T00:00:00,2026-10-14T23:59:59,21063781145,"C=US, O=Amazon, CN=Amazon RSA 2048 M01"
hytes.jpl.nasa.gov,No,Yes,2,1,2026-05-19T00:00:00,2026-12-03T23:59:59,26470308202;26471667692,"C=CA, O=Entrust Limited, CN=Entrust OV TLS Issuing RSA CA 2"
icam-dev.nasa.gov,No,Yes,4,2,2025-11-13T00:00:00,2026-12-13T23:59:59,25554051844;22448168897;22448182796;25912580598,"C=GB, O=Sectigo Limited, CN=Sectigo Public Server Authentication CA DV R36;C=CA, O=Entrust Limited, CN=Entrust DV TLS Issuing RSA CA 2"
icam.jpl.nasa.gov,Yes,Yes,2,1,2026-04-20T00:00:00,2026-11-04T23:59:59,25611824449;25986133429,"C=CA, O=Entrust Limited, CN=Entrust OV TLS Issuing RSA CA 2"
icam.nasa.gov,No,Yes,6,2,2025-09-29T00:00:00,2026-12-18T23:59:59,26858944720;21348422864;25912580598;21348439766;25554051844;26858978624,"C=GB, O=Sectigo Limited, CN=Sectigo Public Server Authentication CA DV R36;C=CA, O=Entrust Limited, CN=Entrust DV TLS Issuing RSA CA 2"
icamsupport.nasa.gov,No,Yes,6,2,2025-09-29T00:00:00,2026-12-18T23:59:59,26858944720;21348422864;25912580598;21348439766;25554051844;26858978624,"C=GB, O=Sectigo Limited, CN=Sectigo Public Server Authentication CA DV R36;C=CA, O=Entrust Limited, CN=Entrust DV TLS Issuing RSA CA 2"
icamsupport.support.nasa.gov,No,Yes,6,2,2025-09-29T00:00:00,2026-12-18T23:59:59,26858944720;21348422864;25912580598;21348439766;25554051844;26858978624,"C=GB, O=Sectigo Limited, CN=Sectigo Public Server Authentication CA DV R36;C=CA, O=Entrust Limited, CN=Entrust DV TLS Issuing RSA CA 2"
icamsupport.uat.nasa.gov,No,Yes,6,2,2025-11-06T00:00:00,2026-12-27T23:59:59,23457941075;22258485537;25912580598;22258442655;25554051844;23457911902,"C=GB, O=Sectigo Limited, CN=Sectigo Public Server Authentication CA DV R36;C=CA, O=Entrust Limited, CN=Entrust DV TLS Issuing RSA CA 2"
icamviewer.staging.nasa.gov,No,Yes,6,2,2025-11-06T00:00:00,2026-12-27T23:59:59,23457941075;22258485537;25912580598;22258442655;25554051844;23457911902,"C=GB, O=Sectigo Limited, CN=Sectigo Public Server Authentication CA DV R36;C=CA, O=Entrust Limited, CN=Entrust DV TLS Issuing RSA CA 2"
icb.nasa.gov,No,Yes,3,1,2025-09-15T00:00:00,2026-12-23T23:59:59,21035847984;21034877915;22726773020,"C=US, O=Amazon, CN=Amazon RSA 2048 M01"
icesat-2-scf.gsfc.nasa.gov,No,Yes,2,1,2026-07-12T09:49:08,2026-10-10T09:49:07,27872824582;27872831899,"C=US, O=Let's Encrypt, CN=YE1"
icesat-2.gsfc.nasa.gov,Yes,Yes,2,1,2026-07-24T06:07:43,2026-10-22T06:07:42,28204400103;28204400906,"C=US, O=Let's Encrypt, CN=YE1"
ici-ops1.earthdata.nasa.gov,No,Yes,2,1,2025-11-21T00:00:00,2026-12-21T23:59:59,22644406183;22644389307,"C=CA, O=Entrust Limited, CN=Entrust DV TLS Issuing RSA CA 2"
ici.earthdata.nasa.gov,Yes,Yes,2,1,2025-11-21T00:00:00,2026-12-21T23:59:59,22644406183;22644389307,"C=CA, O=Entrust Limited, CN=Entrust DV TLS Issuing RSA CA 2"
icis.jpl.nasa.gov,No,Yes,2,1,2025-12-04T00:00:00,2026-12-04T23:59:59,22908111525;22908134556,"C=CA, O=Entrust Limited, CN=Entrust OV TLS Issuing RSA CA 2"
id.jpl.nasa.gov,Yes,Yes,2,1,2026-04-06T00:00:00,2026-10-21T23:59:59,25640036000;25432582320,"C=CA, O=Entrust Limited, CN=Entrust OV TLS Issuing RSA CA 2"
id.nasa.gov,No,Yes,18,2,2025-09-29T00:00:00,2026-12-18T23:59:59,25912718088;25912311865;26858944720;25912326319;25912307138;25553915065;25912298162;25553908477;25912301922;21348422864;25553910929;25553923779;25553920234;21348439766;25912338415;25553916818;25554161214;26858978624,"C=GB, O=Sectigo Limited, CN=Sectigo Public Server Authentication CA DV R36;C=CA, O=Entrust Limited, CN=Entrust DV TLS Issuing RSA CA 2"
id.sbx.nasa.gov,No,Yes,4,2,2026-04-15T00:00:00,2026-12-02T23:59:59,26441226492;25554051844;25912580598;26441348909,"C=GB, O=Sectigo Limited, CN=Sectigo Public Server Authentication CA DV R36;C=CA, O=Entrust Limited, CN=Entrust DV TLS Issuing RSA CA 2"
id.support.nasa.gov,No,Yes,14,2,2026-04-15T00:00:00,2026-10-30T23:59:59,25912718088;25912311865;25912326319;25912298162;25912307138;25553915065;25553908477;25553910929;25553923779;25553920234;25912338415;25553916818;25554161214;25912301922,"C=GB, O=Sectigo Limited, CN=Sectigo Public Server Authentication CA DV R36;C=CA, O=Entrust Limited, CN=Entrust DV TLS Issuing RSA CA 2"
id.test.nasa.gov,No,Yes,4,2,2026-04-15T00:00:00,2026-12-02T23:59:59,26441226492;25554051844;25912580598;26441348909,"C=GB, O=Sectigo Limited, CN=Sectigo Public Server Authentication CA DV R36;C=CA, O=Entrust Limited, CN=Entrust DV TLS Issuing RSA CA 2"
id.uat.nasa.gov,No,Yes,6,2,2025-11-06T00:00:00,2026-12-27T23:59:59,23457941075;22258485537;25912580598;22258442655;25554051844;23457911902,"C=GB, O=Sectigo Limited, CN=Sectigo Public Server Authentication CA DV R36;C=CA, O=Entrust Limited, CN=Entrust DV TLS Issuing RSA CA 2"
ideas-digitaltwin.jpl.nasa.gov,Yes,Yes,2,1,2025-11-10T00:00:00,2026-11-10T23:59:59,22366885806;22366864662,"C=CA, O=Entrust Limited, CN=Entrust OV TLS Issuing RSA CA 2"
idfs-test.sit.earthdatacloud.nasa.gov,Yes,Yes,3,1,2025-09-28T00:00:00,2026-11-11T23:59:59,21331558242;21331955104;21679055083,"C=US, O=Amazon, CN=Amazon RSA 2048 M01"
idfs.earthdatacloud.nasa.gov,Yes,Yes,3,1,2026-04-30T00:00:00,2026-11-16T23:59:59,25929411409;26055012590;26019204699,"C=US, O=Amazon, CN=Amazon RSA 2048 M01"
idfs.sit.earthdatacloud.nasa.gov,Yes,Yes,2,1,2026-06-17T00:00:00,2026-12-31T23:59:59,27331221223;27247964815,"C=US, O=Amazon, CN=Amazon RSA 2048 M01"
idrac.astrobeedds2.amn.nasa.gov,Yes,Yes,1,1,2026-05-22T17:30:07,2026-12-06T17:30:07,26555551073,"C=US, ST=Texas, L=Houston, O=SSL Corporation, CN=SSL.com RSA SSL subCA"
igit.earthdata.nasa.gov,Yes,Yes,2,1,2025-11-21T00:00:00,2026-12-21T23:59:59,22644436426;22644420921,"C=CA, O=Entrust Limited, CN=Entrust DV TLS Issuing RSA CA 2"
ilrs.cddis.eosdis.nasa.gov,Yes,Yes,2,1,2025-11-03T00:00:00,2026-12-02T23:59:59,22181963913;22181962752,"C=CA, O=Entrust Limited, CN=Entrust DV TLS Issuing RSA CA 2"
ilrs.gsfc.nasa.gov,No,Yes,2,1,2025-11-03T00:00:00,2026-12-02T23:59:59,22181963913;22181962752,"C=CA, O=Entrust Limited, CN=Entrust DV TLS Issuing RSA CA 2"
image.gsfc.nasa.gov,Yes,Yes,2,1,2026-07-17T07:55:51,2026-10-15T07:55:50,28007034934;28007035685,"C=US, O=Let's Encrypt, CN=YE2"
images-govprod.prosams.nasa.gov,Yes,Yes,2,2,2025-10-16T00:00:00,2026-11-14T23:59:59,21762113199;21764238194,"C=US, O=Amazon, CN=Amazon RSA 2048 M04;C=US, O=Amazon, CN=Amazon RSA 2048 M01"
images.prosams.nasa.gov,Yes,Yes,2,1,2026-03-26T00:00:00,2026-10-09T23:59:59,25224785599;25228704929,"C=US, O=Amazon, CN=Amazon RSA 2048 M04"
imap01.ndc.nasa.gov,No,Yes,2,1,2025-10-31T00:00:00,2026-11-30T23:59:59,22122730539;22122718991,"C=CA, O=Entrust Limited, CN=Entrust DV TLS Issuing RSA CA 2"
imap02.ndc.nasa.gov,No,Yes,2,1,2025-10-31T00:00:00,2026-11-30T23:59:59,22122730539;22122718991,"C=CA, O=Entrust Limited, CN=Entrust DV TLS Issuing RSA CA 2"
imap05.ndc.nasa.gov,No,Yes,2,1,2025-10-31T00:00:00,2026-11-30T23:59:59,22122730539;22122718991,"C=CA, O=Entrust Limited, CN=Entrust DV TLS Issuing RSA CA 2"
imap06.ndc.nasa.gov,No,Yes,2,1,2025-10-31T00:00:00,2026-11-30T23:59:59,22122730539;22122718991,"C=CA, O=Entrust Limited, CN=Entrust DV TLS Issuing RSA CA 2"
imon1nv.jpl.nasa.gov,Yes,Yes,2,1,2026-04-08T00:00:00,2026-10-23T23:59:59,25505892969;25458943231,"C=CA, O=Entrust Limited, CN=Entrust OV TLS Issuing RSA CA 2"
imon2ca.jpl.nasa.gov,Yes,Yes,2,1,2026-04-08T00:00:00,2026-10-23T23:59:59,25458390933;25567636191,"C=CA, O=Entrust Limited, CN=Entrust OV TLS Issuing RSA CA 2"
influxdb.satcorps.smce.nasa.gov,No,Yes,2,1,2026-07-13T10:40:30,2026-10-11T10:40:29,27897660277;27897653074,"C=US, O=Let's Encrypt, CN=YE1"
influxdb2.satcorps.smce.nasa.gov,No,Yes,2,1,2026-07-13T10:40:30,2026-10-11T10:40:29,27897660277;27897653074,"C=US, O=Let's Encrypt, CN=YE1"
info.caio.mcp.nasa.gov,Yes,Yes,2,2,2025-09-16T00:00:00,2026-10-24T23:59:59,21059851450;21257586697,"C=US, O=Amazon, CN=Amazon RSA 2048 M04;C=US, O=Amazon, CN=Amazon RSA 2048 M01"
info.gsfc.nasa.gov,Yes,Yes,1,1,2025-10-01T00:00:00,2026-10-30T23:59:59,21399222563,"C=US, O=Amazon, CN=Amazon RSA 2048 M01"
ingenium-europa.jpl.nasa.gov,No,Yes,2,1,2025-10-15T00:00:00,2026-10-15T23:59:59,21741918108;21741900745,"C=CA, O=Entrust Limited, CN=Entrust OV TLS Issuing RSA CA 2"
ingenium-psyche.jpl.nasa.gov,No,Yes,2,1,2026-06-15T00:00:00,2026-12-30T23:59:59,27212030447;27212076154,"C=CA, O=Entrust Limited, CN=Entrust OV TLS Issuing RSA CA 2"
inl-va-voip-mssba.inl.sddl.nasa.gov,Yes,Yes,2,1,2026-04-09T00:00:00,2026-10-31T23:59:59,25562878170;25459117998,"C=US, O=DigiCert Inc, CN=DigiCert Global G2 TLS RSA SHA256 2020 CA1"
inl-vpn1.nasa.gov,No,Yes,1,1,2026-04-01T00:00:00,2026-10-16T23:59:59,25313413848,"C=US, O=DigiCert Inc, CN=DigiCert Global G2 TLS RSA SHA256 2020 CA1"
insidedlab.jpl.nasa.gov,Yes,Yes,2,1,2026-06-03T00:00:00,2026-12-18T23:59:59,26864637380;26864612323,"C=CA, O=Entrust Limited, CN=Entrust OV TLS Issuing RSA CA 2"
insideprocurement.msfc.nasa.gov,No,Yes,6,2,2025-09-29T00:00:00,2026-12-18T23:59:59,25554028364;26858944720;21348422864;21348439766;26858978624;25912563529,"C=GB, O=Sectigo Limited, CN=Sectigo Public Server Authentication CA DV R36;C=CA, O=Entrust Limited, CN=Entrust DV TLS Issuing RSA CA 2"
insideprocurement.uat.nasa.gov,No,Yes,6,2,2025-11-06T00:00:00,2026-12-27T23:59:59,25554028364;23457941075;22258485537;22258442655;23457911902;25912563529,"C=GB, O=Sectigo Limited, CN=Sectigo Public Server Authentication CA DV R36;C=CA, O=Entrust Limited, CN=Entrust DV TLS Issuing RSA CA 2"
insight.ivv.nasa.gov,No,Yes,3,1,2026-04-29T00:00:00,2026-12-03T23:59:59,25952813031;25923352623;26470099980,"C=US, O=DigiCert Inc, CN=DigiCert Global G2 TLS RSA SHA256 2020 CA1"
int.jsc.nasa.gov,Yes,Yes,1,1,2026-05-26T00:00:00,2026-12-10T23:59:59,26663266049,"C=US, O=DigiCert Inc, CN=DigiCert Global G2 TLS RSA SHA256 2020 CA1"
integration-tracker.aao.nasa.gov,No,Yes,4,1,2025-09-29T00:00:00,2026-12-18T23:59:59,21348422864;26858978624;21348439766;26858944720,"C=CA, O=Entrust Limited, CN=Entrust DV TLS Issuing RSA CA 2"
integration-tracker.uat.nasa.gov,No,Yes,6,2,2025-11-06T00:00:00,2026-12-27T23:59:59,25554028364;23457941075;22258485537;22258442655;23457911902;25912563529,"C=GB, O=Sectigo Limited, CN=Sectigo Public Server Authentication CA DV R36;C=CA, O=Entrust Limited, CN=Entrust DV TLS Issuing RSA CA 2"
intern.nasa.gov,Yes,Yes,2,1,2025-11-17T00:00:00,2026-12-15T23:59:59,22543485863;22544668142,"C=US, O=Amazon, CN=Amazon RSA 2048 M04"
internal-hitide-alb.profile.podaac.earthdatacloud.nasa.gov,Yes,Yes,1,1,2026-04-10T00:00:00,2026-10-24T23:59:59,25460887570,"C=US, O=Amazon, CN=Amazon RSA 2048 M01"
internal-hitide-alb.profile.podaac.sit.earthdatacloud.nasa.gov,Yes,Yes,1,1,2026-04-10T00:00:00,2026-10-24T23:59:59,25460876362,"C=US, O=Amazon, CN=Amazon RSA 2048 M04"
internal-hitide-alb.profile.podaac.uat.earthdatacloud.nasa.gov,Yes,Yes,1,1,2026-04-10T00:00:00,2026-10-24T23:59:59,25461017852,"C=US, O=Amazon, CN=Amazon RSA 2048 M04"
internal.archives.nasa.gov,Yes,Yes,2,1,2026-03-25T00:00:00,2026-10-09T23:59:59,25219205168;25219200037,"C=CA, O=Entrust Limited, CN=Entrust OV TLS Issuing RSA CA 2"
intranet.nasa.gov,No,Yes,1,1,2025-09-16T00:00:00,2026-10-14T23:59:59,21063781145,"C=US, O=Amazon, CN=Amazon RSA 2048 M01"
intsvc-hitide-alb.profile.podaac.earthdatacloud.nasa.gov,Yes,Yes,1,1,2026-04-10T00:00:00,2026-10-24T23:59:59,25461082419,"C=US, O=Amazon, CN=Amazon RSA 2048 M01"
intsvc-hitide-alb.profile.podaac.sit.earthdatacloud.nasa.gov,Yes,Yes,1,1,2026-04-10T00:00:00,2026-10-24T23:59:59,25460919125,"C=US, O=Amazon, CN=Amazon RSA 2048 M01"
intsvc-hitide-alb.profile.podaac.uat.earthdatacloud.nasa.gov,Yes,Yes,1,1,2026-04-10T00:00:00,2026-10-24T23:59:59,25476313021,"C=US, O=Amazon, CN=Amazon RSA 2048 M04"
intsvc.cloud.sit.earthdata.nasa.gov,Yes,Yes,1,1,2026-05-09T00:00:00,2026-11-22T23:59:59,26194457588,"C=US, O=Amazon, CN=Amazon RSA 2048 M01"
invalid.appdat.jsc.nasa.gov,Yes,Yes,1,1,2026-03-30T00:00:00,2026-10-14T23:59:59,25281477116,"C=US, O=DigiCert Inc, OU=www.digicert.com, CN=RapidSSL TLS RSA CA G1"
invention.nasa.gov,No,Yes,3,1,2025-09-15T00:00:00,2026-12-23T23:59:59,21035847984;21034877915;22726773020,"C=US, O=Amazon, CN=Amazon RSA 2048 M01"
invitation.nasa.gov,No,Yes,14,2,2026-04-15T00:00:00,2026-10-30T23:59:59,25912718088;25912311865;25912326319;25912298162;25912307138;25553915065;25553908477;25553910929;25553923779;25553920234;25912338415;25553916818;25554161214;25912301922,"C=GB, O=Sectigo Limited, CN=Sectigo Public Server Authentication CA DV R36;C=CA, O=Entrust Limited, CN=Entrust DV TLS Issuing RSA CA 2"
invitation.support.nasa.gov,No,Yes,14,2,2026-04-15T00:00:00,2026-10-30T23:59:59,25912718088;25912311865;25912326319;25912298162;25912307138;25553915065;25553908477;25553910929;25553923779;25553920234;25912338415;25553916818;25554161214;25912301922,"C=GB, O=Sectigo Limited, CN=Sectigo Public Server Authentication CA DV R36;C=CA, O=Entrust Limited, CN=Entrust DV TLS Issuing RSA CA 2"
invitation.test.nasa.gov,No,Yes,4,2,2026-04-15T00:00:00,2026-12-02T23:59:59,26441226492;25554028364;25912563529;26441348909,"C=GB, O=Sectigo Limited, CN=Sectigo Public Server Authentication CA DV R36;C=CA, O=Entrust Limited, CN=Entrust DV TLS Issuing RSA CA 2"
invitation.uat.nasa.gov,No,Yes,6,2,2025-11-06T00:00:00,2026-12-27T23:59:59,25554028364;23457941075;22258485537;22258442655;23457911902;25912563529,"C=GB, O=Sectigo Limited, CN=Sectigo Public Server Authentication CA DV R36;C=CA, O=Entrust Limited, CN=Entrust DV TLS Issuing RSA CA 2"
invoice.jpl.nasa.gov,No,Yes,2,1,2025-12-04T00:00:00,2026-12-04T23:59:59,22908111525;22908134556,"C=CA, O=Entrust Limited, CN=Entrust OV TLS Issuing RSA CA 2"
iono.jpl.nasa.gov,No,Yes,2,1,2026-04-02T00:00:00,2026-10-17T23:59:59,25357601908;25352642193,"C=CA, O=Entrust Limited, CN=Entrust OV TLS Issuing RSA CA 2"
ipda.pds.mcp.nasa.gov,Yes,Yes,1,1,2025-09-22T00:00:00,2026-10-21T23:59:59,21207441222,"C=US, O=Amazon, CN=Amazon RSA 2048 M01"
ipnpr.jpl.nasa.gov,No,Yes,2,1,2025-12-04T00:00:00,2026-12-04T23:59:59,22908111525;22908134556,"C=CA, O=Entrust Limited, CN=Entrust OV TLS Issuing RSA CA 2"
ips-repo-awsgw1.jpl.nasa.gov,Yes,Yes,2,1,2026-04-13T00:00:00,2026-10-28T23:59:59,25528052043;25864856957,"C=CA, O=Entrust Limited, CN=Entrust OV TLS Issuing RSA CA 2"
ips-repo-awsw2.jpl.nasa.gov,No,Yes,2,1,2026-04-13T00:00:00,2026-10-28T23:59:59,25528052043;25864856957,"C=CA, O=Entrust Limited, CN=Entrust OV TLS Issuing RSA CA 2"
irad-dev.gsfc.nasa.gov,Yes,Yes,1,1,2025-12-01T00:00:00,2026-12-30T23:59:59,22831681257,"C=US, O=Amazon, CN=Amazon RSA 2048 M01"
irg.arc.nasa.gov,No,Yes,2,1,2026-07-15T10:53:46,2026-10-13T10:53:45,27952425342;27952428129,"C=US, O=Let's Encrypt, CN=YR2"
iri.gsfc.nasa.gov,Yes,Yes,2,1,2026-07-24T09:35:11,2026-10-22T09:35:10,28208806392;28208809971,"C=US, O=Let's Encrypt, CN=YR2"
iris.gsfc.nasa.gov,No,Yes,2,1,2025-11-06T00:00:00,2026-12-07T23:59:59,22260015134;22260038060,"C=GB, O=Sectigo Limited, CN=Sectigo Public Server Authentication CA DV R36"
iris.nasa.gov,No,Yes,6,2,2025-09-29T00:00:00,2026-12-18T23:59:59,25554028364;26858944720;21348422864;21348439766;26858978624;25912563529,"C=GB, O=Sectigo Limited, CN=Sectigo Public Server Authentication CA DV R36;C=CA, O=Entrust Limited, CN=Entrust DV TLS Issuing RSA CA 2"
iris.uat.nasa.gov,No,Yes,6,2,2025-11-06T00:00:00,2026-12-27T23:59:59,25554028364;23457941075;22258485537;22258442655;23457911902;25912563529,"C=GB, O=Sectigo Limited, CN=Sectigo Public Server Authentication CA DV R36;C=CA, O=Entrust Limited, CN=Entrust DV TLS Issuing RSA CA 2"
irocs-ecam.sops.m20.jpl.nasa.gov,Yes,Yes,1,1,2025-09-30T00:00:00,2026-10-29T23:59:59,21376916711,"C=US, O=Amazon, CN=Amazon RSA 2048 M01"
irocs-scam.sops.m20.jpl.nasa.gov,Yes,Yes,1,1,2025-09-30T00:00:00,2026-10-29T23:59:59,21377084826,"C=US, O=Amazon, CN=Amazon RSA 2048 M01"
irocs-zcam.sops.m20.jpl.nasa.gov,Yes,Yes,1,1,2025-09-30T00:00:00,2026-10-29T23:59:59,21377084505,"C=US, O=Amazon, CN=Amazon RSA 2048 M04"
iss-science.jsc.nasa.gov,No,Yes,1,1,2026-03-30T00:00:00,2026-10-14T23:59:59,25274471906,"C=US, O=DigiCert Inc, OU=www.digicert.com, CN=GeoTrust TLS RSA CA G1"
iss-sts-dev.hqmce.nasa.gov,Yes,Yes,1,1,2025-09-30T00:00:00,2026-10-29T23:59:59,21381884972,"C=US, O=Amazon, CN=Amazon RSA 2048 M01"
iss-www.jsc.nasa.gov,Yes,Yes,1,1,2026-03-30T00:00:00,2026-10-14T23:59:59,25274471906,"C=US, O=DigiCert Inc, OU=www.digicert.com, CN=GeoTrust TLS RSA CA G1"
iss.nasa.gov,No,Yes,1,1,2026-03-30T00:00:00,2026-10-14T23:59:59,25274471906,"C=US, O=DigiCert Inc, OU=www.digicert.com, CN=GeoTrust TLS RSA CA G1"
issgsess1.hosc.msfc.nasa.gov,Yes,Yes,1,1,2026-06-15T00:00:00,2026-12-30T23:59:59,27207385985,"C=US, O=DigiCert Inc, CN=DigiCert Global G2 TLS RSA SHA256 2020 CA1"
issgsess1ms.hosc.msfc.nasa.gov,No,Yes,1,1,2026-06-15T00:00:00,2026-12-30T23:59:59,27207385985,"C=US, O=DigiCert Inc, CN=DigiCert Global G2 TLS RSA SHA256 2020 CA1"
issgsess1owa.hosc.msfc.nasa.gov,No,Yes,1,1,2026-06-15T00:00:00,2026-12-30T23:59:59,27207385985,"C=US, O=DigiCert Inc, CN=DigiCert Global G2 TLS RSA SHA256 2020 CA1"
issgsess1sk.hosc.msfc.nasa.gov,No,Yes,1,1,2026-06-15T00:00:00,2026-12-30T23:59:59,27207385985,"C=US, O=DigiCert Inc, CN=DigiCert Global G2 TLS RSA SHA256 2020 CA1"
issgsess1sp.hosc.msfc.nasa.gov,No,Yes,1,1,2026-06-15T00:00:00,2026-12-30T23:59:59,27207385985,"C=US, O=DigiCert Inc, CN=DigiCert Global G2 TLS RSA SHA256 2020 CA1"
issm-svn.jpl.nasa.gov,Yes,Yes,2,1,2026-06-03T00:00:00,2026-12-18T23:59:59,26866134327;26866101485,"C=CA, O=Entrust Limited, CN=Entrust OV TLS Issuing RSA CA 2"
issm.jpl.nasa.gov,No,Yes,2,1,2025-12-04T00:00:00,2026-12-04T23:59:59,22908111525;22908134556,"C=CA, O=Entrust Limited, CN=Entrust OV TLS Issuing RSA CA 2"
itar-chatgsfc-dev.caio.mcp.nasa.gov,Yes,Yes,1,1,2025-10-12T00:00:00,2026-11-10T23:59:59,21674394449,"C=US, O=Amazon, CN=Amazon RSA 2048 M04"
itar-chatgsfc.caio.mcp.nasa.gov,Yes,Yes,1,1,2025-10-17T00:00:00,2026-11-15T23:59:59,21782719081,"C=US, O=Amazon, CN=Amazon RSA 2048 M04"
itmap.ccmc.smce.nasa.gov,Yes,Yes,1,1,2026-04-09T00:00:00,2026-10-23T23:59:59,25450366569,"C=US, O=Amazon, CN=Amazon RSA 2048 M04"
itsecurity.nasa.gov,No,Yes,1,1,2025-09-16T00:00:00,2026-10-14T23:59:59,21063781145,"C=US, O=Amazon, CN=Amazon RSA 2048 M01"
ivv.nasa.gov,Yes,Yes,3,1,2026-04-29T00:00:00,2026-12-03T23:59:59,25952813031;25923352623;26470099980,"C=US, O=DigiCert Inc, CN=DigiCert Global G2 TLS RSA SHA256 2020 CA1"
ivvaccess.ivv.nasa.gov,No,Yes,4,1,2026-04-29T00:00:00,2026-12-03T23:59:59,25952813031;25923352623;26470099980;25924315102,"C=US, O=DigiCert Inc, CN=DigiCert Global G2 TLS RSA SHA256 2020 CA1"
ivvaccesspre.ivv.nasa.gov,No,Yes,4,1,2026-04-29T00:00:00,2026-12-03T23:59:59,25952813031;25923352623;26470099980;25952926190,"C=US, O=DigiCert Inc, CN=DigiCert Global G2 TLS RSA SHA256 2020 CA1"
ivvcfgmgr.ivv.nasa.gov,No,Yes,3,1,2026-04-29T00:00:00,2026-12-03T23:59:59,25952813031;25923352623;26470099980,"C=US, O=DigiCert Inc, CN=DigiCert Global G2 TLS RSA SHA256 2020 CA1"
ivvcfgmgrdp.ivv.nasa.gov,No,Yes,3,1,2026-04-29T00:00:00,2026-12-03T23:59:59,25952813031;25923352623;26470099980,"C=US, O=DigiCert Inc, CN=DigiCert Global G2 TLS RSA SHA256 2020 CA1"
ivvdata.ivv.nasa.gov,No,Yes,4,1,2026-04-29T00:00:00,2026-12-03T23:59:59,25952813031;25923352623;26470099980;25924315102,"C=US, O=DigiCert Inc, CN=DigiCert Global G2 TLS RSA SHA256 2020 CA1"
ivvdatapre.ivv.nasa.gov,No,Yes,4,1,2026-04-29T00:00:00,2026-12-03T23:59:59,25952813031;25923352623;26470099980;25952926190,"C=US, O=DigiCert Inc, CN=DigiCert Global G2 TLS RSA SHA256 2020 CA1"
j94mr762doi6cn.intsvc.cloud.sit.earthdata.nasa.gov,Yes,Yes,1,1,2025-10-04T00:00:00,2026-11-02T23:59:59,21459808924,"C=US, O=Amazon, CN=Amazon RSA 2048 M01"
jama.staging.jsce.det.luna.nasa.gov,Yes,Yes,2,1,2026-07-15T22:45:16,2026-10-13T22:45:15,27966496005;27966496850,"C=US, O=Let's Encrypt, CN=YR1"
jamf.arc.nasa.gov,No,Yes,2,1,2025-10-30T00:00:00,2026-11-29T23:59:59,22106214566;22106225497,"C=CA, O=Entrust Limited, CN=Entrust DV TLS Issuing RSA CA 2"
jamf.gsfc.nasa.gov,Yes,Yes,2,1,2025-10-30T00:00:00,2026-11-29T23:59:59,22106214566;22106225497,"C=CA, O=Entrust Limited, CN=Entrust DV TLS Issuing RSA CA 2"
jason-1.jpl.nasa.gov,No,Yes,2,1,2025-12-04T00:00:00,2026-12-04T23:59:59,22908111525;22908134556,"C=CA, O=Entrust Limited, CN=Entrust OV TLS Issuing RSA CA 2"
jbidmzweb.idmz.fos.jwst.nasa.gov,No,Yes,1,1,2025-10-28T11:11:29,2026-10-28T11:11:29,22060588248,"C=US, ST=Texas, L=Houston, O=SSL Corporation, CN=SSL.com RSA SSL subCA"
jecu9l15oh3aqt.intsvc.cloud.earthdata.nasa.gov,Yes,Yes,1,1,2026-04-28T00:00:00,2026-11-11T23:59:59,25868559175,"C=US, O=Amazon, CN=Amazon RSA 2048 M01"
jhfb3ird4y1vy8.intsvc.cloud.earthdata.nasa.gov,Yes,Yes,1,1,2025-11-18T00:00:00,2026-12-17T23:59:59,22550447083,"C=US, O=Amazon, CN=Amazon RSA 2048 M04"
ji-jp-230-b-fw-utlmgmt-vpn.jpl.nasa.gov,Yes,Yes,2,1,2026-06-02T00:00:00,2026-12-17T23:59:59,26836841777;26836796074,"C=CA, O=Entrust Limited, CN=Entrust OV TLS Issuing RSA CA 2"
jira.ivv.nasa.gov,Yes,Yes,4,1,2026-04-29T00:00:00,2026-12-03T23:59:59,25952813031;25923352623;26470099980;27060175199,"C=US, O=DigiCert Inc, CN=DigiCert Global G2 TLS RSA SHA256 2020 CA1"
jiradev.ivv.nasa.gov,Yes,Yes,4,1,2026-04-29T00:00:00,2026-12-03T23:59:59,25952813031;27059398559;25923352623;26470099980,"C=US, O=DigiCert Inc, CN=DigiCert Global G2 TLS RSA SHA256 2020 CA1"
jjwhite6cmiller.ngap.sit.earthdata.nasa.gov,Yes,Yes,1,1,2025-11-30T00:00:00,2026-12-29T23:59:59,22815850466,"C=US, O=Amazon, CN=Amazon RSA 2048 M04"
jlab.hst.nasa.gov,Yes,Yes,2,1,2025-10-10T16:14:43,2026-11-06T21:17:34,21627270762;22266265869,"C=US, ST=Texas, L=Houston, O=SSL Corporation, CN=SSL.com RSA SSL subCA"
jnorampage.fltops.jpl.nasa.gov,Yes,Yes,2,1,2026-06-08T00:00:00,2026-12-23T23:59:59,27005291095;27005263037,"C=CA, O=Entrust Limited, CN=Entrust OV TLS Issuing RSA CA 2"
jnorampage0.fltops.jpl.nasa.gov,No,Yes,2,1,2026-06-08T00:00:00,2026-12-23T23:59:59,27005291095;27005263037,"C=CA, O=Entrust Limited, CN=Entrust OV TLS Issuing RSA CA 2"
jnorampage02.fltops.jpl.nasa.gov,Yes,Yes,2,1,2025-10-30T00:00:00,2026-10-30T23:59:59,22107893338;22107881947,"C=CA, O=Entrust Limited, CN=Entrust OV TLS Issuing RSA CA 2"
jnorampage1.fltops.jpl.nasa.gov,No,Yes,2,1,2026-06-08T00:00:00,2026-12-23T23:59:59,27005291095;27005263037,"C=CA, O=Entrust Limited, CN=Entrust OV TLS Issuing RSA CA 2"
jobs.eib.nasa.gov,No,Yes,6,2,2025-09-29T00:00:00,2026-12-18T23:59:59,25554028364;26858944720;21348422864;21348439766;26858978624;25912563529,"C=GB, O=Sectigo Limited, CN=Sectigo Public Server Authentication CA DV R36;C=CA, O=Entrust Limited, CN=Entrust DV TLS Issuing RSA CA 2"
jobs.eib.uat.nasa.gov,No,Yes,6,2,2025-11-06T00:00:00,2026-12-27T23:59:59,25554028364;23457941075;22258485537;22258442655;23457911902;25912563529,"C=GB, O=Sectigo Limited, CN=Sectigo Public Server Authentication CA DV R36;C=CA, O=Entrust Limited, CN=Entrust DV TLS Issuing RSA CA 2"
jor.jpl.nasa.gov,No,Yes,2,1,2026-05-27T00:00:00,2026-12-11T23:59:59,26690492902;26690471036,"C=CA, O=Entrust Limited, CN=Entrust OV TLS Issuing RSA CA 2"
jparking.jpl.nasa.gov,No,Yes,2,1,2025-12-04T00:00:00,2026-12-04T23:59:59,22908111525;22908134556,"C=CA, O=Entrust Limited, CN=Entrust OV TLS Issuing RSA CA 2"
jpl.nasa.gov,No,Yes,16,1,2026-05-20T00:00:00,2026-12-20T23:59:59,26890906487;26890584631;26900896690;26889788369;26890548697;26497159399;26497096191;26890958695;26889701246;26890923695;26890966734;26890658255;26889814939;26890707385;26900934233;26889734758,"C=CA, O=Entrust Limited, CN=Entrust OV TLS Issuing RSA CA 2"
jpldataeval.jpl.nasa.gov,No,Yes,2,1,2025-12-04T00:00:00,2026-12-04T23:59:59,22908111525;22908134556,"C=CA, O=Entrust Limited, CN=Entrust OV TLS Issuing RSA CA 2"
jpldir.jpl.nasa.gov,No,Yes,2,1,2025-12-04T00:00:00,2026-12-04T23:59:59,22908111525;22908134556,"C=CA, O=Entrust Limited, CN=Entrust OV TLS Issuing RSA CA 2"
jpldirectory.jpl.nasa.gov,No,Yes,2,1,2025-12-04T00:00:00,2026-12-04T23:59:59,22908111525;22908134556,"C=CA, O=Entrust Limited, CN=Entrust OV TLS Issuing RSA CA 2"
jpleducation-external.jpl.nasa.gov,No,Yes,2,1,2025-12-04T00:00:00,2026-12-04T23:59:59,22908111525;22908134556,"C=CA, O=Entrust Limited, CN=Entrust OV TLS Issuing RSA CA 2"
jplfoundry.jpl.nasa.gov,No,Yes,2,1,2025-12-04T00:00:00,2026-12-04T23:59:59,22908111525;22908134556,"C=CA, O=Entrust Limited, CN=Entrust OV TLS Issuing RSA CA 2"
jplnsm.jpl.nasa.gov,No,Yes,4,1,2025-12-17T00:00:00,2026-12-17T23:59:59,23166643111;23166626270;23166625801;23166642801,"C=CA, O=Entrust Limited, CN=Entrust OV TLS Issuing RSA CA 2"
jplwater.nasa.gov,Yes,Yes,2,1,2025-09-17T00:00:00,2026-10-16T23:59:59,21075672470;21073875953,"C=US, O=Amazon, CN=Amazon RSA 2048 M01"
jps.nasa.gov,No,Yes,2,1,2025-10-30T00:00:00,2026-11-29T23:59:59,22106214566;22106225497,"C=CA, O=Entrust Limited, CN=Entrust DV TLS Issuing RSA CA 2"
jpsr.nasa.gov,No,Yes,2,1,2025-10-30T00:00:00,2026-11-29T23:59:59,22106214566;22106225497,"C=CA, O=Entrust Limited, CN=Entrust DV TLS Issuing RSA CA 2"
jroc.jpl.nasa.gov,No,Yes,2,1,2025-12-04T00:00:00,2026-12-04T23:59:59,22908111525;22908134556,"C=CA, O=Entrust Limited, CN=Entrust OV TLS Issuing RSA CA 2"
js-er-gds.jsc.nasa.gov,Yes,Yes,2,1,2026-07-12T01:15:52,2026-10-10T01:15:51,27865577830;27865579238,"C=US, O=Let's Encrypt, CN=YR2"
js-ev-estl-repo.ndc.nasa.gov,Yes,Yes,2,1,2026-07-15T16:22:50,2026-10-13T16:22:49,27959137997;27959142825,"C=US, O=Let's Encrypt, CN=YE2"
js-ev-estl-sensaphone.ndc.nasa.gov,Yes,Yes,2,1,2026-07-15T16:23:25,2026-10-13T16:23:24,27959147771;27959149577,"C=US, O=Let's Encrypt, CN=YE1"
jsc-aircraft-ops.jsc.nasa.gov,No,Yes,2,1,2026-07-19T10:48:48,2026-10-17T10:48:47,28063145278;28063160664,"C=US, O=Let's Encrypt, CN=YR1"
jsc-od-devgnd.ndc.nasa.gov,Yes,Yes,1,1,2026-05-27T00:00:00,2026-12-11T23:59:59,26688775750,"C=US, O=DigiCert Inc, CN=DigiCert Global G2 TLS RSA SHA256 2020 CA1"
jsc-od-proflt.ndc.nasa.gov,Yes,Yes,1,1,2026-05-27T00:00:00,2026-12-11T23:59:59,26688773873,"C=US, O=DigiCert Inc, CN=DigiCert Global G2 TLS RSA SHA256 2020 CA1"
jsc-od-prognd.ndc.nasa.gov,Yes,Yes,1,1,2026-05-27T00:00:00,2026-12-11T23:59:59,26688774786,"C=US, O=DigiCert Inc, CN=DigiCert Global G2 TLS RSA SHA256 2020 CA1"
jsc-relay.ndc.nasa.gov,No,Yes,2,1,2025-11-11T00:00:00,2026-12-11T23:59:59,22393320105;22393343612,"C=CA, O=Entrust Limited, CN=Entrust DV TLS Issuing RSA CA 2"
jsceng.nasa.gov,No,Yes,1,1,2025-09-16T00:00:00,2026-10-14T23:59:59,21063781145,"C=US, O=Amazon, CN=Amazon RSA 2048 M01"
jschandbook.jsc.nasa.gov,No,Yes,2,1,2026-07-19T10:48:48,2026-10-17T10:48:47,28063145278;28063160664,"C=US, O=Let's Encrypt, CN=YR1"
jscvpn.nasa.gov,No,Yes,1,1,2026-04-01T00:00:00,2026-10-16T23:59:59,25313413848,"C=US, O=DigiCert Inc, CN=DigiCert Global G2 TLS RSA SHA256 2020 CA1"
jscwebvpn.nasa.gov,No,Yes,1,1,2026-04-01T00:00:00,2026-10-16T23:59:59,25313413848,"C=US, O=DigiCert Inc, CN=DigiCert Global G2 TLS RSA SHA256 2020 CA1"
jsgt.jpl.nasa.gov,No,Yes,2,1,2025-12-04T00:00:00,2026-12-04T23:59:59,22908111525;22908134556,"C=CA, O=Entrust Limited, CN=Entrust OV TLS Issuing RSA CA 2"
jssapmd-datavis.ndc.nasa.gov,Yes,Yes,1,1,2025-12-03T00:00:00,2026-12-02T23:59:59,22888852469,"C=US, O=DigiCert Inc, CN=DigiCert Global G2 TLS RSA SHA256 2020 CA1"
jsxia-ext-dev.hqmce.nasa.gov,Yes,Yes,2,1,2025-11-17T00:00:00,2026-12-16T23:59:59,22546091863;22546091761,"C=US, O=Amazon, CN=Amazon RSA 2048 M04"
jsxia-int-dev.hqmce.nasa.gov,Yes,Yes,2,1,2025-11-17T00:00:00,2026-12-16T23:59:59,22546041904;22546041699,"C=US, O=Amazon, CN=Amazon RSA 2048 M01"
juno-uls.jpl.nasa.gov,Yes,Yes,2,1,2026-06-08T00:00:00,2026-12-23T23:59:59,27004377627;27004428310,"C=CA, O=Entrust Limited, CN=Entrust OV TLS Issuing RSA CA 2"
juno-uls1.jpl.nasa.gov,No,Yes,2,1,2026-06-08T00:00:00,2026-12-23T23:59:59,27004377627;27004428310,"C=CA, O=Entrust Limited, CN=Entrust OV TLS Issuing RSA CA 2"
juno-uls2.jpl.nasa.gov,No,Yes,2,1,2026-06-08T00:00:00,2026-12-23T23:59:59,27004377627;27004428310,"C=CA, O=Entrust Limited, CN=Entrust OV TLS Issuing RSA CA 2"
juno.nasa.gov,No,Yes,1,1,2025-09-16T00:00:00,2026-10-14T23:59:59,21063781145,"C=US, O=Amazon, CN=Amazon RSA 2048 M01"
jupyter-nbviewer.sops.m20.jpl.nasa.gov,Yes,Yes,1,1,2025-09-30T00:00:00,2026-10-29T23:59:59,21377707509,"C=US, O=Amazon, CN=Amazon RSA 2048 M01"
jupyter-nbviewer.train.m20.jpl.nasa.gov,Yes,Yes,1,1,2025-10-16T00:00:00,2026-11-14T23:59:59,21765696337,"C=US, O=Amazon, CN=Amazon RSA 2048 M01"
jupyterhub-int.sops.m20.jpl.nasa.gov,Yes,Yes,1,1,2025-09-30T00:00:00,2026-10-29T23:59:59,21378426569,"C=US, O=Amazon, CN=Amazon RSA 2048 M04"
jupyterhub.sops.m20.jpl.nasa.gov,Yes,Yes,1,1,2025-09-30T00:00:00,2026-10-29T23:59:59,21377760716,"C=US, O=Amazon, CN=Amazon RSA 2048 M01"
kafka-ui.uat.nasa.gov,No,Yes,6,2,2025-11-06T00:00:00,2026-12-27T23:59:59,25554028364;23457941075;22258485537;22258442655;23457911902;25912563529,"C=GB, O=Sectigo Limited, CN=Sectigo Public Server Authentication CA DV R36;C=CA, O=Entrust Limited, CN=Entrust DV TLS Issuing RSA CA 2"
kauai.ccmc.gsfc.nasa.gov,No,Yes,2,1,2026-07-22T07:03:28,2026-10-20T07:03:27,28146944201;28146960609,"C=US, O=Let's Encrypt, CN=YR1"
kbox1000.ivv.nasa.gov,No,Yes,3,1,2026-04-29T00:00:00,2026-12-03T23:59:59,25952813031;25923352623;26470099980,"C=US, O=DigiCert Inc, CN=DigiCert Global G2 TLS RSA SHA256 2020 CA1"
keof.jpl.nasa.gov,No,Yes,2,1,2026-04-02T00:00:00,2026-10-17T23:59:59,25357601908;25352642193,"C=CA, O=Entrust Limited, CN=Entrust OV TLS Issuing RSA CA 2"
kepler.arc.nasa.gov,Yes,Yes,2,1,2026-06-09T00:00:00,2026-12-23T23:59:59,27026056917;27215052616,"C=US, O=Amazon, CN=Amazon RSA 2048 M01"
keycloak.ammos.mcp.nasa.gov,Yes,Yes,1,1,2026-06-04T00:00:00,2026-12-18T23:59:59,26869143000,"C=US, O=Amazon, CN=Amazon RSA 2048 M01"
keycloak.satcorps.smce.nasa.gov,No,Yes,2,1,2026-07-13T10:40:30,2026-10-11T10:40:29,27897660277;27897653074,"C=US, O=Let's Encrypt, CN=YE1"
keycloak.shared-services.appdat.jsc.nasa.gov,Yes,Yes,2,1,2026-07-15T18:54:02,2026-10-13T18:54:01,27962067029;27962061284,"C=US, O=Let's Encrypt, CN=YR1"
khrccnt0yow9pn.intsvc.cloud.earthdata.nasa.gov,Yes,Yes,1,1,2026-05-04T00:00:00,2026-11-17T23:59:59,26069959716,"C=US, O=Amazon, CN=Amazon RSA 2048 M04"
kibana-gov.mcp.nasa.gov,Yes,Yes,1,1,2025-11-24T00:00:00,2026-12-23T23:59:59,22708169151,"C=US, O=Amazon, CN=Amazon RSA 2048 M01"
kids.msfc.nasa.gov,No,Yes,1,1,2025-09-16T00:00:00,2026-10-14T23:59:59,21063781145,"C=US, O=Amazon, CN=Amazon RSA 2048 M01"
kion.spoc.nasa.gov,Yes,Yes,1,1,2025-10-28T00:00:00,2026-11-26T23:59:59,22049972801,"C=US, O=Amazon, CN=Amazon RSA 2048 M04"
kmw8adnyh69cs9.intsvc.cloud.sit.earthdata.nasa.gov,Yes,Yes,1,1,2025-09-18T00:00:00,2026-10-17T23:59:59,21113206881,"C=US, O=Amazon, CN=Amazon RSA 2048 M04"
knative.dev-shared.ssmo.appdat.jsc.nasa.gov,Yes,Yes,2,1,2026-07-11T15:14:37,2026-10-09T15:14:36,27856872070;27856876304,"C=US, O=Let's Encrypt, CN=YR2"
knowledge.cosmic.appdat.jsc.nasa.gov,No,Yes,2,1,2026-07-17T15:20:07,2026-10-15T15:20:06,28015774404;28015763496,"C=US, O=Let's Encrypt, CN=YR1"
knowledge.cosmic.development.luna.nasa.gov,Yes,Yes,4,1,2026-07-19T16:42:46,2026-10-17T16:42:48,28070124692;28070123268;28070135115;28070134225,"C=US, O=Let's Encrypt, CN=YR2"
knowledge.cosmic.staging.luna.nasa.gov,Yes,Yes,2,1,2026-07-19T16:36:36,2026-10-17T16:36:35,28070006089;28070011479,"C=US, O=Let's Encrypt, CN=YR2"
knowledge.dev.cosmic.appdat.jsc.nasa.gov,No,Yes,2,1,2026-07-17T15:21:23,2026-10-15T15:21:22,28015788686;28015799522,"C=US, O=Let's Encrypt, CN=YR1"
knowledge.staging.cosmic.appdat.jsc.nasa.gov,No,Yes,2,1,2026-07-17T15:20:40,2026-10-15T15:20:39,28015780535;28015763373,"C=US, O=Let's Encrypt, CN=YR2"
kopf.sops.m20.jpl.nasa.gov,Yes,Yes,1,1,2025-09-30T00:00:00,2026-10-29T23:59:59,21377686469,"C=US, O=Amazon, CN=Amazon RSA 2048 M01"
kopf.tb.m20.jpl.nasa.gov,Yes,Yes,1,1,2025-10-15T00:00:00,2026-11-13T23:59:59,21741359704,"C=US, O=Amazon, CN=Amazon RSA 2048 M04"
kopf.train.m20.jpl.nasa.gov,Yes,Yes,1,1,2025-10-16T00:00:00,2026-11-14T23:59:59,21765666461,"C=US, O=Amazon, CN=Amazon RSA 2048 M04"
kpgsfc.nasa.gov,No,Yes,6,2,2025-09-29T00:00:00,2026-12-18T23:59:59,25554028364;26858944720;21348422864;21348439766;26858978624;25912563529,"C=GB, O=Sectigo Limited, CN=Sectigo Public Server Authentication CA DV R36;C=CA, O=Entrust Limited, CN=Entrust DV TLS Issuing RSA CA 2"
kpgsfc.staging.nasa.gov,No,Yes,6,2,2025-11-06T00:00:00,2026-12-27T23:59:59,25554028364;23457941075;22258485537;22258442655;23457911902;25912563529,"C=GB, O=Sectigo Limited, CN=Sectigo Public Server Authentication CA DV R36;C=CA, O=Entrust Limited, CN=Entrust DV TLS Issuing RSA CA 2"
kroki.appdat.jsc.nasa.gov,Yes,Yes,2,1,2026-07-18T04:52:43,2026-10-16T04:52:42,28031072191;28031072528,"C=US, O=Let's Encrypt, CN=YR1"
ksc-fltops.ndc.nasa.gov,Yes,Yes,2,1,2025-12-09T00:00:00,2026-12-16T23:59:59,23003567347;23003587538,"C=CA, O=Entrust Limited, CN=Entrust DV TLS Issuing RSA CA 2"
ksc-relay.ndc.nasa.gov,No,Yes,2,1,2025-11-11T00:00:00,2026-12-11T23:59:59,22393320105;22393343612,"C=CA, O=Entrust Limited, CN=Entrust DV TLS Issuing RSA CA 2"
kscpartnerships.ksc.nasa.gov,Yes,Yes,2,1,2025-10-29T00:00:00,2026-11-10T23:59:59,22089488702;22089500585,"C=CA, O=Entrust Limited, CN=Entrust DV TLS Issuing RSA CA 2"
kscsma.ksc.nasa.gov,Yes,Yes,2,1,2025-10-29T00:00:00,2026-11-27T23:59:59,22089500558;22089512992,"C=CA, O=Entrust Limited, CN=Entrust DV TLS Issuing RSA CA 2"
ksctechnology.nasa.gov,No,Yes,1,1,2025-09-16T00:00:00,2026-10-14T23:59:59,21063781145,"C=US, O=Amazon, CN=Amazon RSA 2048 M01"
kscweather.ksc.nasa.gov,Yes,Yes,2,1,2025-12-09T00:00:00,2026-12-20T23:59:59,23004115599;23004128381,"C=CA, O=Entrust Limited, CN=Entrust DV TLS Issuing RSA CA 2"
l.nasa.gov,No,Yes,2,1,2026-07-20T03:14:46,2026-10-18T03:14:45,28082396540;28082392510,"C=US, O=Let's Encrypt, CN=YE2"
l0dup05.larc.nasa.gov,Yes,Yes,1,1,2025-11-10T00:00:00,2026-11-13T23:59:59,22363646996,"C=US, O=DigiCert Inc, OU=www.digicert.com, CN=Thawte TLS RSA CA G1"
la-va-2103-142-mssba.larc.nasa.gov,Yes,Yes,1,1,2026-06-16T00:00:00,2026-12-31T23:59:59,27240497880,"C=US, O=DigiCert Inc, CN=DigiCert Global G2 TLS RSA SHA256 2020 CA1"
labcas.jpl.nasa.gov,No,Yes,2,1,2026-05-29T00:00:00,2026-12-13T23:59:59,26736033757;26736011109,"C=CA, O=Entrust Limited, CN=Entrust OV TLS Issuing RSA CA 2"
labpri.voice.at.nasa.gov,Yes,Yes,1,1,2026-04-07T00:00:00,2026-10-22T23:59:59,25433860532,"C=US, O=DigiCert Inc, CN=DigiCert Global G2 TLS RSA SHA256 2020 CA1"
labsec.voice.at.nasa.gov,No,Yes,1,1,2026-04-07T00:00:00,2026-10-22T23:59:59,25433860532,"C=US, O=DigiCert Inc, CN=DigiCert Global G2 TLS RSA SHA256 2020 CA1"
lageos.gsfc.nasa.gov,No,Yes,4,2,2025-11-03T00:00:00,2026-12-02T23:59:59,28153629149;28153625557;22181918350;22181931650,"C=CA, O=Entrust Limited, CN=Entrust DV TLS Issuing RSA CA 2;C=US, O=Let's Encrypt, CN=YE1"
laketahoe.jpl.nasa.gov,No,Yes,2,1,2026-05-19T00:00:00,2026-12-03T23:59:59,26470308202;26471667692,"C=CA, O=Entrust Limited, CN=Entrust OV TLS Issuing RSA CA 2"
lance.nasa.gov,No,Yes,2,1,2025-11-05T00:00:00,2026-12-04T23:59:59,22230406733;22230388978,"C=CA, O=Entrust Limited, CN=Entrust DV TLS Issuing RSA CA 2"
larc-exchange.larc.nasa.gov,No,Yes,1,1,2026-01-07T00:00:00,2026-12-10T23:59:59,23598652111,"C=US, O=DigiCert Inc, OU=www.digicert.com, CN=Thawte TLS RSA CA G1"
larcsos.larc.nasa.gov,No,Yes,1,1,2026-01-07T00:00:00,2026-12-10T23:59:59,23598652111,"C=US, O=DigiCert Inc, OU=www.digicert.com, CN=Thawte TLS RSA CA G1"
largelakes.jpl.nasa.gov,No,Yes,2,1,2026-05-19T00:00:00,2026-12-03T23:59:59,26470308202;26471667692,"C=CA, O=Entrust Limited, CN=Entrust OV TLS Issuing RSA CA 2"
lasconnect.jpl.nasa.gov,Yes,Yes,2,1,2026-05-19T00:00:00,2026-12-03T23:59:59,26451838872;26451812235,"C=CA, O=Entrust Limited, CN=Entrust OV TLS Issuing RSA CA 2"
lasportal.jpl.nasa.gov,No,Yes,2,1,2026-03-25T00:00:00,2026-10-09T23:59:59,25202663220;25202649509,"C=CA, O=Entrust Limited, CN=Entrust OV TLS Issuing RSA CA 2"
latex.ndc.nasa.gov,Yes,Yes,1,1,2026-05-12T00:00:00,2026-11-25T23:59:59,26285132765,"C=US, O=Amazon, CN=Amazon RSA 2048 M04"
launchpad-sbx.nasa.gov,Yes,Yes,2,1,2025-10-08T00:00:00,2026-11-08T23:59:59,21573084669;21573065704,"C=CA, O=Entrust Limited, CN=Entrust OV TLS Issuing RSA CA 2"
launchpad-test.nasa.gov,Yes,Yes,2,1,2025-09-15T00:00:00,2026-10-16T23:59:59,21036233249;21036232593,"C=CA, O=Entrust Limited, CN=Entrust OV TLS Issuing RSA CA 2"
launchpad.nasa.gov,Yes,Yes,2,1,2025-10-10T00:00:00,2026-11-10T23:59:59,21626631333;21626649325,"C=CA, O=Entrust Limited, CN=Entrust OV TLS Issuing RSA CA 2"
lb.gesdisc.eosdis.nasa.gov,No,Yes,2,1,2026-05-29T00:00:00,2026-12-13T23:59:59,26765205791;26718997367,"C=US, O=DigiCert Inc, CN=DigiCert Global G2 TLS RSA SHA256 2020 CA1"
lb2.gesdisc.eosdis.nasa.gov,No,Yes,2,1,2026-05-29T00:00:00,2026-12-13T23:59:59,26765205791;26718997367,"C=US, O=DigiCert Inc, CN=DigiCert Global G2 TLS RSA SHA256 2020 CA1"
lb6.jpl.nasa.gov,No,Yes,2,1,2025-11-20T00:00:00,2026-11-20T23:59:59,22620403534;22620384764,"C=CA, O=Entrust Limited, CN=Entrust OV TLS Issuing RSA CA 2"
lbmoduyebo-2335683444.auto.earthdatacloud.nasa.gov,Yes,Yes,2,1,2026-06-07T00:00:00,2026-12-21T23:59:59,26957632699;27172939102,"C=US, O=Amazon, CN=Amazon RSA 2048 M04"
lbpw-ftp.larc.nasa.gov,Yes,Yes,2,1,2026-07-16T15:19:58,2026-10-14T15:19:57,27986915557;27986897944,"C=US, O=Let's Encrypt, CN=YE1"
lbpw.larc.nasa.gov,No,Yes,1,1,2026-01-07T00:00:00,2026-12-10T23:59:59,23598652111,"C=US, O=DigiCert Inc, OU=www.digicert.com, CN=Thawte TLS RSA CA G1"
legacyuats3-1358858907.auto.earthdatacloud.nasa.gov,Yes,Yes,2,1,2026-05-06T00:00:00,2026-11-19T23:59:59,26376389448;26133499389,"C=US, O=Amazon, CN=Amazon RSA 2048 M04"
legislative.nasa.gov,No,Yes,1,1,2025-09-16T00:00:00,2026-10-14T23:59:59,21063781145,"C=US, O=Amazon, CN=Amazon RSA 2048 M01"
lessons.ivv.nasa.gov,No,Yes,4,1,2026-04-29T00:00:00,2026-12-03T23:59:59,25952813031;25923352623;26470099980;25924315102,"C=US, O=DigiCert Inc, CN=DigiCert Global G2 TLS RSA SHA256 2020 CA1"
lessonspre.ivv.nasa.gov,No,Yes,4,1,2026-04-29T00:00:00,2026-12-03T23:59:59,25952813031;25923352623;26470099980;25952926190,"C=US, O=DigiCert Inc, CN=DigiCert Global G2 TLS RSA SHA256 2020 CA1"
lidar.jpl.nasa.gov,No,Yes,2,1,2025-12-04T00:00:00,2026-12-04T23:59:59,22908111525;22908134556,"C=CA, O=Entrust Limited, CN=Entrust OV TLS Issuing RSA CA 2"
lifeboat.gesdisc.eosdis.nasa.gov,No,Yes,1,1,2025-11-07T00:00:00,2026-10-18T23:59:59,22287732685,"C=US, O=DigiCert Inc, CN=DigiCert Global G2 TLS RSA SHA256 2020 CA1"
lima.gsfc.nasa.gov,No,Yes,2,1,2026-07-22T12:25:25,2026-10-20T12:25:24,28153629149;28153625557,"C=US, O=Let's Encrypt, CN=YE1"
lima.nasa.gov,No,Yes,2,1,2026-07-22T12:25:25,2026-10-20T12:25:24,28153629149;28153625557,"C=US, O=Let's Encrypt, CN=YE1"
lis.gsfc.nasa.gov,Yes,Yes,2,1,2026-07-23T03:01:43,2026-10-21T03:01:42,28171387381;28171377914,"C=US, O=Let's Encrypt, CN=YE2"
list-npe.jpl.nasa.gov,No,Yes,2,1,2026-05-21T00:00:00,2026-12-05T23:59:59,26525895943;26525844889,"C=CA, O=Entrust Limited, CN=Entrust OV TLS Issuing RSA CA 2"
list.jpl.nasa.gov,Yes,Yes,2,1,2026-05-21T00:00:00,2026-12-05T23:59:59,26525895943;26525844889,"C=CA, O=Entrust Limited, CN=Entrust OV TLS Issuing RSA CA 2"
llis.nasa.gov,Yes,Yes,2,1,2026-04-20T00:00:00,2026-11-03T23:59:59,25605150597;25958239635,"C=US, O=Amazon, CN=Amazon RSA 2048 M01"
llm-api-access-dev.caio.mcp.nasa.gov,Yes,Yes,1,1,2026-06-17T00:00:00,2026-12-31T23:59:59,27251056435,"C=US, O=Amazon, CN=Amazon RSA 2048 M04"
lnfwjgsp00-clstr.gsfc.nasa.gov,Yes,Yes,1,1,2026-05-21T00:00:00,2026-12-05T23:59:59,26526813197,"C=US, O=DigiCert Inc, CN=DigiCert Global G2 TLS RSA SHA256 2020 CA1"
lnfwjgss00-clstr.gsfc.nasa.gov,Yes,Yes,1,1,2026-05-21T00:00:00,2026-12-05T23:59:59,26526826737,"C=US, O=DigiCert Inc, CN=DigiCert Global G2 TLS RSA SHA256 2020 CA1"
lnfwjgst00-clstr.gsfc.nasa.gov,Yes,Yes,1,1,2026-05-21T00:00:00,2026-12-05T23:59:59,26526814000,"C=US, O=DigiCert Inc, CN=DigiCert Global G2 TLS RSA SHA256 2020 CA1"
lnsrwnsp01.gsfc.nasa.gov,Yes,Yes,1,1,2026-05-21T00:00:00,2026-12-05T23:59:59,26526814093,"C=US, O=DigiCert Inc, CN=DigiCert Global G2 TLS RSA SHA256 2020 CA1"
lnsrwnss01.gsfc.nasa.gov,Yes,Yes,1,1,2026-05-21T00:00:00,2026-12-05T23:59:59,26526826790,"C=US, O=DigiCert Inc, CN=DigiCert Global G2 TLS RSA SHA256 2020 CA1"
lnsrwnst01.gsfc.nasa.gov,Yes,Yes,1,1,2026-05-21T00:00:00,2026-12-05T23:59:59,26526813460,"C=US, O=DigiCert Inc, CN=DigiCert Global G2 TLS RSA SHA256 2020 CA1"
log-ps.jpl.nasa.gov,No,Yes,4,1,2025-12-17T00:00:00,2026-12-17T23:59:59,23166643111;23166626270;23166625801;23166642801,"C=CA, O=Entrust Limited, CN=Entrust OV TLS Issuing RSA CA 2"
log.jpl.nasa.gov,No,Yes,4,1,2025-12-17T00:00:00,2026-12-17T23:59:59,23166643111;23166626270;23166625801;23166642801,"C=CA, O=Entrust Limited, CN=Entrust OV TLS Issuing RSA CA 2"
log.sops.m20.jpl.nasa.gov,Yes,Yes,1,1,2025-09-30T00:00:00,2026-10-29T23:59:59,21377647019,"C=US, O=Amazon, CN=Amazon RSA 2048 M04"
log.tb.m20.jpl.nasa.gov,Yes,Yes,1,1,2025-10-15T00:00:00,2026-11-13T23:59:59,21741342935,"C=US, O=Amazon, CN=Amazon RSA 2048 M04"
log.tb.srl.jpl.nasa.gov,Yes,Yes,1,1,2026-06-17T00:00:00,2026-12-31T23:59:59,27246713280,"C=US, O=Amazon, CN=Amazon RSA 2048 M01"
log.tbdev.m20.jpl.nasa.gov,Yes,Yes,1,1,2025-10-13T00:00:00,2026-11-11T23:59:59,21695411913,"C=US, O=Amazon, CN=Amazon RSA 2048 M01"
log.train.m20.jpl.nasa.gov,Yes,Yes,1,1,2025-10-16T00:00:00,2026-11-14T23:59:59,21765626487,"C=US, O=Amazon, CN=Amazon RSA 2048 M01"
login-unstable.gd.m20.jpl.nasa.gov,Yes,Yes,1,1,2025-10-06T00:00:00,2026-11-04T23:59:59,21532010365,"C=US, O=Amazon, CN=Amazon RSA 2048 M04"
login.ectb.awsgw1.jpl.nasa.gov,No,Yes,2,1,2026-03-26T00:00:00,2026-10-10T23:59:59,25234668940;25234650932,"C=CA, O=Entrust Limited, CN=Entrust OV TLS Issuing RSA CA 2"
login.mcp.nasa.gov,Yes,Yes,1,1,2025-09-17T00:00:00,2026-10-16T23:59:59,21071485446,"C=US, O=Amazon, CN=Amazon RSA 2048 M01"
login.sops.m20.jpl.nasa.gov,Yes,Yes,1,1,2025-09-30T00:00:00,2026-10-29T23:59:59,21377568872,"C=US, O=Amazon, CN=Amazon RSA 2048 M01"
login.tb.m20.jpl.nasa.gov,Yes,Yes,1,1,2025-10-15T00:00:00,2026-11-13T23:59:59,21741300352,"C=US, O=Amazon, CN=Amazon RSA 2048 M01"
login.tb.srl.jpl.nasa.gov,Yes,Yes,1,1,2026-06-16T00:00:00,2026-12-30T23:59:59,27218592742,"C=US, O=Amazon, CN=Amazon RSA 2048 M01"
login.tbdev.m20.jpl.nasa.gov,Yes,Yes,1,1,2025-10-13T00:00:00,2026-11-11T23:59:59,21696887665,"C=US, O=Amazon, CN=Amazon RSA 2048 M01"
login.train.m20.jpl.nasa.gov,Yes,Yes,1,1,2025-10-16T00:00:00,2026-11-14T23:59:59,21766442196,"C=US, O=Amazon, CN=Amazon RSA 2048 M01"
loginapp-govprod.prosams.nasa.gov,Yes,Yes,1,1,2025-10-16T00:00:00,2026-11-14T23:59:59,21762630591,"C=US, O=Amazon, CN=Amazon RSA 2048 M04"
logistics.cosmic.appdat.jsc.nasa.gov,No,Yes,2,1,2026-07-17T15:20:07,2026-10-15T15:20:06,28015774404;28015763496,"C=US, O=Let's Encrypt, CN=YR1"
logistics.cosmic.development.luna.nasa.gov,Yes,Yes,2,1,2026-07-19T16:36:04,2026-10-17T16:36:03,28070007747;28070007651,"C=US, O=Let's Encrypt, CN=YR1"
logistics.cosmic.luna.nasa.gov,Yes,Yes,2,1,2026-07-12T10:33:37,2026-10-10T10:33:36,27873459491;27873464628,"C=US, O=Let's Encrypt, CN=YR2"
logistics.cosmic.staging.luna.nasa.gov,Yes,Yes,2,1,2026-07-19T16:36:38,2026-10-17T16:36:37,28070005297;28070011485,"C=US, O=Let's Encrypt, CN=YR2"
logistics.dev.cosmic.appdat.jsc.nasa.gov,No,Yes,2,1,2026-07-17T15:21:23,2026-10-15T15:21:22,28015788686;28015799522,"C=US, O=Let's Encrypt, CN=YR1"
logistics.staging.cosmic.appdat.jsc.nasa.gov,No,Yes,2,1,2026-07-17T15:20:40,2026-10-15T15:20:39,28015780535;28015763373,"C=US, O=Let's Encrypt, CN=YR2"
logs.earthdata.nasa.gov,Yes,Yes,2,1,2025-11-20T00:00:00,2026-12-20T23:59:59,22622044315;22622025430,"C=CA, O=Entrust Limited, CN=Entrust DV TLS Issuing RSA CA 2"
loki.ccmc.smce.nasa.gov,Yes,Yes,1,1,2025-10-14T00:00:00,2026-11-12T23:59:59,21706147033,"C=US, O=Amazon, CN=Amazon RSA 2048 M01"
loki.smce.nasa.gov,Yes,Yes,1,1,2025-11-16T00:00:00,2026-12-15T23:59:59,22502102207,"C=US, O=Amazon, CN=Amazon RSA 2048 M04"
lpdaac.earthdata.nasa.gov,No,Yes,1,1,2025-10-16T00:00:00,2026-11-13T23:59:59,21750317173,"C=US, O=Amazon, CN=Amazon RSA 2048 M01"
lpdaac.earthdatacloud.nasa.gov,Yes,Yes,1,1,2025-10-16T00:00:00,2026-11-13T23:59:59,21750317173,"C=US, O=Amazon, CN=Amazon RSA 2048 M01"
lpo-mager.gsfc.nasa.gov,Yes,Yes,2,1,2026-07-18T18:21:36,2026-10-16T18:21:35,28045761078;28045761371,"C=US, O=Let's Encrypt, CN=YE2"
lsda.jsc.nasa.gov,Yes,Yes,2,1,2026-05-21T00:00:00,2026-12-04T23:59:59,26529272895;26526573124,"C=US, O=Amazon, CN=Amazon RSA 2048 M01"
lst.jpl.nasa.gov,No,Yes,2,1,2026-05-19T00:00:00,2026-12-03T23:59:59,26470308202;26471667692,"C=CA, O=Entrust Limited, CN=Entrust OV TLS Issuing RSA CA 2"
ltt.jpl.nasa.gov,Yes,Yes,2,1,2025-11-03T00:00:00,2026-11-03T23:59:59,22181600615;22181614943,"C=CA, O=Entrust Limited, CN=Entrust OV TLS Issuing RSA CA 2"
lucee.hqmce.nasa.gov,Yes,Yes,1,1,2026-05-11T00:00:00,2026-11-24T23:59:59,26261081086,"C=US, O=Amazon, CN=Amazon RSA 2048 M04"
luna.nasa.gov,Yes,Yes,2,1,2026-07-17T14:11:09,2026-10-15T14:11:08,28014461094;28014451225,"C=US, O=Let's Encrypt, CN=YR1"
lunarscience.arc.nasa.gov,No,Yes,2,1,2025-09-17T00:00:00,2026-10-16T23:59:59,21070627505;21071455125,"C=US, O=Amazon, CN=Amazon RSA 2048 M01"
lunarscience.nasa.gov,No,Yes,2,1,2025-09-17T00:00:00,2026-10-16T23:59:59,21070627505;21071455125,"C=US, O=Amazon, CN=Amazon RSA 2048 M01"
lws-set.gsfc.nasa.gov,No,Yes,2,1,2025-11-06T00:00:00,2026-12-07T23:59:59,22260015134;22260038060,"C=GB, O=Sectigo Limited, CN=Sectigo Public Server Authentication CA DV R36"
lws.gsfc.nasa.gov,No,Yes,2,1,2025-11-06T00:00:00,2026-12-07T23:59:59,22260015134;22260038060,"C=GB, O=Sectigo Limited, CN=Sectigo Public Server Authentication CA DV R36"
lzards.earthdata.nasa.gov,Yes,Yes,2,1,2025-10-07T00:00:00,2026-11-06T23:59:59,21550715054;21550734524,"C=CA, O=Entrust Limited, CN=Entrust DV TLS Issuing RSA CA 2"
lzards.sit.earthdata.nasa.gov,Yes,Yes,2,1,2025-10-07T00:00:00,2026-11-06T23:59:59,21550751588;21550769766,"C=CA, O=Entrust Limited, CN=Entrust DV TLS Issuing RSA CA 2"
lzards.uat.earthdata.nasa.gov,Yes,Yes,2,1,2025-10-07T00:00:00,2026-11-06T23:59:59,21550733887;21550748879,"C=CA, O=Entrust Limited, CN=Entrust DV TLS Issuing RSA CA 2"
lzrdmission1-1329294144.auto.earthdatacloud.nasa.gov,Yes,Yes,1,1,2025-10-27T00:00:00,2026-11-25T23:59:59,22030518509,"C=US, O=Amazon, CN=Amazon RSA 2048 M04"
m20-dev-appul-801.gd.m20.jpl.nasa.gov,Yes,Yes,1,1,2026-06-10T00:00:00,2026-12-24T23:59:59,27035904024,"C=US, O=Amazon, CN=Amazon RSA 2048 M04"
m20-dev-mseqlb-801.gd.m20.jpl.nasa.gov,Yes,Yes,1,1,2026-06-11T00:00:00,2026-12-25T23:59:59,27068554435,"C=US, O=Amazon, CN=Amazon RSA 2048 M04"
m20.jpl.nasa.gov,Yes,Yes,3,2,2026-05-19T00:00:00,2026-12-21T23:59:59,26452616798;26562791622;26952836797,"C=US, O=Amazon, CN=Amazon RSA 2048 M04;C=US, O=Amazon, CN=Amazon RSA 2048 M01"
m9d31gpkdr07zg.intsvc.cloud.earthdata.nasa.gov,Yes,Yes,1,1,2026-05-13T00:00:00,2026-11-26T23:59:59,26324195667,"C=US, O=Amazon, CN=Amazon RSA 2048 M04"
maestro.sops.m20.jpl.nasa.gov,Yes,Yes,1,1,2025-09-30T00:00:00,2026-10-29T23:59:59,21377126070,"C=US, O=Amazon, CN=Amazon RSA 2048 M04"
mafspace.msfc.nasa.gov,No,Yes,1,1,2025-12-01T00:00:00,2026-12-30T23:59:59,22848380356,"C=US, O=Amazon, CN=Amazon RSA 2048 M01"
mafstatus.msfc.nasa.gov,No,Yes,1,1,2025-10-28T00:00:00,2026-11-25T23:59:59,22064881921,"C=US, O=Amazon, CN=Amazon RSA 2048 M01"
maia.jpl.nasa.gov,No,Yes,2,1,2025-12-04T00:00:00,2026-12-04T23:59:59,22908111525;22908134556,"C=CA, O=Entrust Limited, CN=Entrust OV TLS Issuing RSA CA 2"
mail.at.nasa.gov,No,Yes,4,1,2025-10-07T00:00:00,2026-11-19T23:59:59,21892411885;21555375705;21892385209;21555355672,"C=CA, O=Entrust Limited, CN=Entrust DV TLS Issuing RSA CA 2"
mail.cdscc.nasa.gov,No,Yes,6,1,2026-05-19T00:00:00,2026-12-03T23:59:59,26455555227;26455965657;26455876909;26455852382;26455594833;26455995187,"C=CA, O=Entrust Limited, CN=Entrust OV TLS Issuing RSA CA 2"
mail.jpl.nasa.gov,Yes,Yes,2,1,2025-11-06T00:00:00,2026-11-06T23:59:59,22268659074;22268644858,"C=CA, O=Entrust Limited, CN=Entrust OV TLS Issuing RSA CA 2"
mail.nasa.gov,No,Yes,2,1,2025-11-11T00:00:00,2026-12-11T23:59:59,22393320105;22393343612,"C=CA, O=Entrust Limited, CN=Entrust DV TLS Issuing RSA CA 2"
mail01-sc.at.nasa.gov,No,Yes,2,1,2025-10-21T00:00:00,2026-11-19T23:59:59,21892411885;21892385209,"C=CA, O=Entrust Limited, CN=Entrust DV TLS Issuing RSA CA 2"
mail01-sc.ndc.nasa.gov,No,Yes,2,1,2025-10-31T00:00:00,2026-11-30T23:59:59,22122730539;22122718991,"C=CA, O=Entrust Limited, CN=Entrust DV TLS Issuing RSA CA 2"
mail01.at.nasa.gov,No,Yes,2,1,2025-10-21T00:00:00,2026-11-19T23:59:59,21892411885;21892385209,"C=CA, O=Entrust Limited, CN=Entrust DV TLS Issuing RSA CA 2"
mail01.ndc.nasa.gov,No,Yes,2,1,2025-10-31T00:00:00,2026-11-30T23:59:59,22122730539;22122718991,"C=CA, O=Entrust Limited, CN=Entrust DV TLS Issuing RSA CA 2"
mail02-sc.at.nasa.gov,No,Yes,2,1,2025-10-21T00:00:00,2026-11-19T23:59:59,21892411885;21892385209,"C=CA, O=Entrust Limited, CN=Entrust DV TLS Issuing RSA CA 2"
mail02-sc.ndc.nasa.gov,No,Yes,2,1,2025-10-31T00:00:00,2026-11-30T23:59:59,22122730539;22122718991,"C=CA, O=Entrust Limited, CN=Entrust DV TLS Issuing RSA CA 2"
mail02.at.nasa.gov,No,Yes,2,1,2025-10-21T00:00:00,2026-11-19T23:59:59,21892411885;21892385209,"C=CA, O=Entrust Limited, CN=Entrust DV TLS Issuing RSA CA 2"
mail02.ndc.nasa.gov,No,Yes,2,1,2025-10-31T00:00:00,2026-11-30T23:59:59,22122730539;22122718991,"C=CA, O=Entrust Limited, CN=Entrust DV TLS Issuing RSA CA 2"
mail05-sc.ndc.nasa.gov,No,Yes,2,1,2025-10-31T00:00:00,2026-11-30T23:59:59,22122730539;22122718991,"C=CA, O=Entrust Limited, CN=Entrust DV TLS Issuing RSA CA 2"
mail05.ndc.nasa.gov,No,Yes,2,1,2025-10-31T00:00:00,2026-11-30T23:59:59,22122730539;22122718991,"C=CA, O=Entrust Limited, CN=Entrust DV TLS Issuing RSA CA 2"
mail06-sc.ndc.nasa.gov,No,Yes,2,1,2025-10-31T00:00:00,2026-11-30T23:59:59,22122730539;22122718991,"C=CA, O=Entrust Limited, CN=Entrust DV TLS Issuing RSA CA 2"
mail06.ndc.nasa.gov,No,Yes,2,1,2025-10-31T00:00:00,2026-11-30T23:59:59,22122730539;22122718991,"C=CA, O=Entrust Limited, CN=Entrust DV TLS Issuing RSA CA 2"
management-dashboard.staging.aetc.appdat.jsc.nasa.gov,Yes,Yes,1,1,2026-08-27T07:47:48,2026-11-25T07:47:47,29276795065,"C=US, O=Let's Encrypt, CN=YR1"
managementcenter.uas.appdat.jsc.nasa.gov,Yes,Yes,2,1,2026-07-24T10:39:06,2026-10-22T10:39:05,28210071760;28210079227,"C=US, O=Let's Encrypt, CN=YR1"
mandatorytraining.jpl.nasa.gov,No,Yes,2,1,2025-12-04T00:00:00,2026-12-04T23:59:59,22908111525;22908134556,"C=CA, O=Entrust Limited, CN=Entrust OV TLS Issuing RSA CA 2"
mantle.scipai.sandbox.sciencecloud.nasa.gov,Yes,Yes,2,1,2026-07-20T17:12:29,2026-10-18T17:12:28,28100201940;28100202960,"C=US, O=Let's Encrypt, CN=YR2"
maps.disasters.nasa.gov,Yes,Yes,3,2,2025-11-25T00:00:00,2026-12-24T23:59:59,22726636537;22726620931;22737401345,"C=US, O=Amazon, CN=Amazon RSA 2048 M04;C=US, O=Amazon, CN=Amazon RSA 2048 M01"
maps.jpl.nasa.gov,No,Yes,4,1,2025-10-14T00:00:00,2026-10-21T23:59:59,21899107500;21716983190;21899086000;21717003530,"C=CA, O=Entrust Limited, CN=Entrust OV TLS Issuing RSA CA 2"
maptis.nasa.gov,No,Yes,14,2,2026-04-15T00:00:00,2026-10-30T23:59:59,25912718088;25912311865;25912326319;25912298162;25912307138;25553915065;25553908477;25553910929;25553923779;25553920234;25912338415;25553916818;25554161214;25912301922,"C=GB, O=Sectigo Limited, CN=Sectigo Public Server Authentication CA DV R36;C=CA, O=Entrust Limited, CN=Entrust DV TLS Issuing RSA CA 2"
maptis.ndc.nasa.gov,No,Yes,10,2,2025-11-04T00:00:00,2026-11-22T23:59:59,26109741084;26099796820;26099796428;22206701980;26099798609;25922401824;25922403565;22206679437;25922425662;25953945323,"C=GB, O=Sectigo Limited, CN=Sectigo Public Server Authentication CA DV R36;C=CA, O=Entrust Limited, CN=Entrust OV TLS Issuing RSA CA 2"
maptis.uat.nasa.gov,No,Yes,6,2,2025-11-06T00:00:00,2026-12-27T23:59:59,25554028364;23457941075;22258485537;22258442655;23457911902;25912563529,"C=GB, O=Sectigo Limited, CN=Sectigo Public Server Authentication CA DV R36;C=CA, O=Entrust Limited, CN=Entrust DV TLS Issuing RSA CA 2"
mark4sun.jpl.nasa.gov,Yes,Yes,2,1,2026-05-08T00:00:00,2026-11-22T23:59:59,26184844713;26197839531,"C=CA, O=Entrust Limited, CN=Entrust OV TLS Issuing RSA CA 2"
maros-dev.jpl.nasa.gov,No,Yes,2,1,2026-04-10T00:00:00,2026-10-25T23:59:59,25800986599;25488684385,"C=CA, O=Entrust Limited, CN=Entrust OV TLS Issuing RSA CA 2"
maros-ops.jpl.nasa.gov,No,Yes,2,1,2026-04-10T00:00:00,2026-10-25T23:59:59,25800986599;25488684385,"C=CA, O=Entrust Limited, CN=Entrust OV TLS Issuing RSA CA 2"
maros-tb.jpl.nasa.gov,No,Yes,2,1,2026-04-10T00:00:00,2026-10-25T23:59:59,25800986599;25488684385,"C=CA, O=Entrust Limited, CN=Entrust OV TLS Issuing RSA CA 2"
maros-teal.jpl.nasa.gov,No,Yes,2,1,2026-04-10T00:00:00,2026-10-25T23:59:59,25800986599;25488684385,"C=CA, O=Entrust Limited, CN=Entrust OV TLS Issuing RSA CA 2"
maros-tg-dev-01.jpl.nasa.gov,No,Yes,2,1,2026-04-10T00:00:00,2026-10-25T23:59:59,25800986599;25488684385,"C=CA, O=Entrust Limited, CN=Entrust OV TLS Issuing RSA CA 2"
maros-tg-dev-02.jpl.nasa.gov,No,Yes,2,1,2026-04-10T00:00:00,2026-10-25T23:59:59,25800986599;25488684385,"C=CA, O=Entrust Limited, CN=Entrust OV TLS Issuing RSA CA 2"
maros-tg-ops-01.jpl.nasa.gov,No,Yes,2,1,2026-04-10T00:00:00,2026-10-25T23:59:59,25800986599;25488684385,"C=CA, O=Entrust Limited, CN=Entrust OV TLS Issuing RSA CA 2"
maros-tg-ops-02.jpl.nasa.gov,No,Yes,2,1,2026-04-10T00:00:00,2026-10-25T23:59:59,25800986599;25488684385,"C=CA, O=Entrust Limited, CN=Entrust OV TLS Issuing RSA CA 2"
maros-tg-tb-01.jpl.nasa.gov,No,Yes,2,1,2026-04-10T00:00:00,2026-10-25T23:59:59,25800986599;25488684385,"C=CA, O=Entrust Limited, CN=Entrust OV TLS Issuing RSA CA 2"
maros-tg-tb-02.jpl.nasa.gov,No,Yes,2,1,2026-04-10T00:00:00,2026-10-25T23:59:59,25800986599;25488684385,"C=CA, O=Entrust Limited, CN=Entrust OV TLS Issuing RSA CA 2"
maros.jpl.nasa.gov,Yes,Yes,2,1,2026-04-10T00:00:00,2026-10-25T23:59:59,25800986599;25488684385,"C=CA, O=Entrust Limited, CN=Entrust OV TLS Issuing RSA CA 2"
marsadmin.jpl.nasa.gov,Yes,Yes,2,1,2026-06-15T00:00:00,2026-12-30T23:59:59,27215415840;27215384297,"C=CA, O=Entrust Limited, CN=Entrust OV TLS Issuing RSA CA 2"
marsbase.jsc.nasa.gov,No,Yes,1,1,2025-09-16T00:00:00,2026-10-14T23:59:59,21063781145,"C=US, O=Amazon, CN=Amazon RSA 2048 M01"
marsviewer-back-unstable.gd.m20.jpl.nasa.gov,Yes,Yes,1,1,2026-04-23T00:00:00,2026-11-06T23:59:59,25687127980,"C=US, O=Amazon, CN=Amazon RSA 2048 M01"
marsviewer-back.sops.m20.jpl.nasa.gov,Yes,Yes,1,1,2025-09-30T00:00:00,2026-10-29T23:59:59,21381900667,"C=US, O=Amazon, CN=Amazon RSA 2048 M04"
marsviewer-back.tb.m20.jpl.nasa.gov,Yes,Yes,1,1,2025-10-15T00:00:00,2026-11-13T23:59:59,21745168517,"C=US, O=Amazon, CN=Amazon RSA 2048 M04"
marsviewer-back.tbdev.m20.jpl.nasa.gov,Yes,Yes,1,1,2025-10-13T00:00:00,2026-11-11T23:59:59,21695015236,"C=US, O=Amazon, CN=Amazon RSA 2048 M01"
marsviewer-back.train.m20.jpl.nasa.gov,Yes,Yes,1,1,2025-10-16T00:00:00,2026-11-14T23:59:59,21768161943,"C=US, O=Amazon, CN=Amazon RSA 2048 M01"
marsviewer-unstable.gd.m20.jpl.nasa.gov,Yes,Yes,1,1,2026-04-23T00:00:00,2026-11-06T23:59:59,25687130581,"C=US, O=Amazon, CN=Amazon RSA 2048 M04"
marsviewer.sops.m20.jpl.nasa.gov,Yes,Yes,1,1,2025-09-30T00:00:00,2026-10-29T23:59:59,21381917133,"C=US, O=Amazon, CN=Amazon RSA 2048 M04"
marsviewer.tb.m20.jpl.nasa.gov,Yes,Yes,1,1,2025-10-15T00:00:00,2026-11-13T23:59:59,21745196859,"C=US, O=Amazon, CN=Amazon RSA 2048 M04"
marsviewer.tbdev.m20.jpl.nasa.gov,Yes,Yes,1,1,2025-10-13T00:00:00,2026-11-11T23:59:59,21695042382,"C=US, O=Amazon, CN=Amazon RSA 2048 M01"
marsviewer.train.m20.jpl.nasa.gov,Yes,Yes,1,1,2025-10-16T00:00:00,2026-11-14T23:59:59,21768177092,"C=US, O=Amazon, CN=Amazon RSA 2048 M01"
massloading.sciencecloud.nasa.gov,No,Yes,2,1,2026-07-21T18:52:54,2026-10-19T18:52:53,28132767658;28132768426,"C=US, O=Let's Encrypt, CN=YE2"
masterplan.ksc.nasa.gov,Yes,Yes,2,1,2025-10-29T00:00:00,2026-11-10T23:59:59,22089514555;22089524198,"C=CA, O=Entrust Limited, CN=Entrust DV TLS Issuing RSA CA 2"
masterprojects.jpl.nasa.gov,Yes,Yes,2,1,2026-05-19T00:00:00,2026-12-03T23:59:59,26470308202;26471667692,"C=CA, O=Entrust Limited, CN=Entrust OV TLS Issuing RSA CA 2"
masterweb.jpl.nasa.gov,No,Yes,2,1,2026-05-19T00:00:00,2026-12-03T23:59:59,26470308202;26471667692,"C=CA, O=Entrust Limited, CN=Entrust OV TLS Issuing RSA CA 2"
matb.larc.nasa.gov,Yes,Yes,2,1,2025-09-30T00:00:00,2026-10-29T23:59:59,21375420217;22907063440,"C=US, O=Amazon, CN=Amazon RSA 2048 M04"
materialsinspace.uat.nasa.gov,No,Yes,6,2,2025-11-06T00:00:00,2026-12-27T23:59:59,25554028364;23457941075;22258485537;22258442655;23457911902;25912563529,"C=GB, O=Sectigo Limited, CN=Sectigo Public Server Authentication CA DV R36;C=CA, O=Entrust Limited, CN=Entrust DV TLS Issuing RSA CA 2"
maven.earthdata.nasa.gov,Yes,Yes,2,1,2025-11-20T00:00:00,2026-12-20T23:59:59,22622064229;22622043577,"C=CA, O=Entrust Limited, CN=Entrust DV TLS Issuing RSA CA 2"
mcdc.msfc.nasa.gov,Yes,Yes,2,1,2025-11-24T00:00:00,2026-12-22T23:59:59,22713261607;22706407298,"C=US, O=Amazon, CN=Amazon RSA 2048 M01"
mcl-labcas.jpl.nasa.gov,Yes,Yes,2,1,2026-05-29T00:00:00,2026-12-13T23:59:59,26736287509;26736258846,"C=CA, O=Entrust Limited, CN=Entrust OV TLS Issuing RSA CA 2"
mcl.jpl.nasa.gov,No,Yes,2,1,2026-05-19T00:00:00,2026-12-03T23:59:59,26472923142;26476566707,"C=CA, O=Entrust Limited, CN=Entrust OV TLS Issuing RSA CA 2"
mcws.ectb.awsgw1.jpl.nasa.gov,No,Yes,2,1,2026-03-26T00:00:00,2026-10-10T23:59:59,25234668940;25234650932,"C=CA, O=Entrust Limited, CN=Entrust OV TLS Issuing RSA CA 2"
mdi.nasa.gov,No,Yes,6,2,2025-09-29T00:00:00,2026-12-18T23:59:59,26858944720;21348422864;25912256668;21348439766;25553889858;26858978624,"C=GB, O=Sectigo Limited, CN=Sectigo Public Server Authentication CA DV R36;C=CA, O=Entrust Limited, CN=Entrust DV TLS Issuing RSA CA 2"
mdi.staging.nasa.gov,No,Yes,6,2,2025-11-06T00:00:00,2026-12-27T23:59:59,23457941075;22258485537;22258442655;25912256668;25553889858;23457911902,"C=GB, O=Sectigo Limited, CN=Sectigo Public Server Authentication CA DV R36;C=CA, O=Entrust Limited, CN=Entrust DV TLS Issuing RSA CA 2"
mdm.neacc.nasa.gov,No,Yes,4,2,2025-09-29T00:00:00,2026-10-30T23:59:59,21348422864;25912256668;21348439766;25553889858,"C=GB, O=Sectigo Limited, CN=Sectigo Public Server Authentication CA DV R36;C=CA, O=Entrust Limited, CN=Entrust DV TLS Issuing RSA CA 2"
mdm.uat.neacc.nasa.gov,No,Yes,6,2,2025-11-06T00:00:00,2026-12-27T23:59:59,23457941075;22258485537;22258442655;25912256668;25553889858;23457911902,"C=GB, O=Sectigo Limited, CN=Sectigo Public Server Authentication CA DV R36;C=CA, O=Entrust Limited, CN=Entrust DV TLS Issuing RSA CA 2"
mdpri.voice.nasa.gov,Yes,Yes,1,1,2026-04-24T00:00:00,2026-11-08T23:59:59,25755237962,"C=US, O=DigiCert Inc, CN=DigiCert Global G2 TLS RSA SHA256 2020 CA1"
mdps.mcp.nasa.gov,Yes,Yes,1,1,2026-04-09T00:00:00,2026-10-23T23:59:59,25445450950,"C=US, O=Amazon, CN=Amazon RSA 2048 M01"
mdr.nasa.gov,No,Yes,14,2,2026-04-15T00:00:00,2026-10-30T23:59:59,25912718088;25912311865;25912326319;25912298162;25912307138;25553915065;25553908477;25553910929;25553923779;25553920234;25912338415;25553916818;25554161214;25912301922,"C=GB, O=Sectigo Limited, CN=Sectigo Public Server Authentication CA DV R36;C=CA, O=Entrust Limited, CN=Entrust DV TLS Issuing RSA CA 2"
mdr.test.nasa.gov,No,Yes,2,1,2026-04-15T00:00:00,2026-10-30T23:59:59,25912256668;25553889858,"C=GB, O=Sectigo Limited, CN=Sectigo Public Server Authentication CA DV R36"
mdr.uat.nasa.gov,No,Yes,6,2,2025-11-06T00:00:00,2026-12-27T23:59:59,23457941075;22258485537;22258442655;25912256668;25553889858;23457911902,"C=GB, O=Sectigo Limited, CN=Sectigo Public Server Authentication CA DV R36;C=CA, O=Entrust Limited, CN=Entrust DV TLS Issuing RSA CA 2"
mds.jpl.nasa.gov,No,Yes,2,1,2025-12-04T00:00:00,2026-12-04T23:59:59,22908111525;22908134556,"C=CA, O=Entrust Limited, CN=Entrust OV TLS Issuing RSA CA 2"
mdscc-ise.mdr.mdscc.nasa.gov,No,Yes,2,1,2026-06-16T00:00:00,2026-12-31T23:59:59,27234061510;27234004179,"C=CA, O=Entrust Limited, CN=Entrust OV TLS Issuing RSA CA 2"
mdsec.voice.nasa.gov,No,Yes,1,1,2026-04-24T00:00:00,2026-11-08T23:59:59,25755237962,"C=US, O=DigiCert Inc, CN=DigiCert Global G2 TLS RSA SHA256 2020 CA1"
med-eng.jpl.nasa.gov,No,Yes,2,1,2025-12-04T00:00:00,2026-12-04T23:59:59,22908111525;22908134556,"C=CA, O=Entrust Limited, CN=Entrust OV TLS Issuing RSA CA 2"
meda-crc.sops.m20.jpl.nasa.gov,Yes,Yes,1,1,2025-09-30T00:00:00,2026-10-29T23:59:59,21377032049,"C=US, O=Amazon, CN=Amazon RSA 2048 M01"
medeng.jpl.nasa.gov,No,Yes,2,1,2025-12-04T00:00:00,2026-12-04T23:59:59,22908111525;22908134556,"C=CA, O=Entrust Limited, CN=Entrust OV TLS Issuing RSA CA 2"
media.developer.nasa.gov,No,Yes,4,1,2026-03-25T00:00:00,2026-10-09T23:59:59,25220086879;25216734825;25220105694;25216718827,"C=CA, O=Entrust Limited, CN=Entrust OV TLS Issuing RSA CA 2"
medicalengineering.jpl.nasa.gov,No,Yes,2,1,2025-12-04T00:00:00,2026-12-04T23:59:59,22908111525;22908134556,"C=CA, O=Entrust Limited, CN=Entrust OV TLS Issuing RSA CA 2"
meditor.disc.gsfc.nasa.gov,Yes,Yes,1,1,2026-04-12T00:00:00,2026-10-26T23:59:59,25494340361,"C=US, O=Amazon, CN=Amazon RSA 2048 M04"
meeting-tracker-api.sops.m20.jpl.nasa.gov,Yes,Yes,1,1,2025-09-30T00:00:00,2026-10-29T23:59:59,21377605786,"C=US, O=Amazon, CN=Amazon RSA 2048 M04"
meeting-tracker-api.train.m20.jpl.nasa.gov,Yes,Yes,1,1,2025-10-16T00:00:00,2026-11-14T23:59:59,21765581458,"C=US, O=Amazon, CN=Amazon RSA 2048 M04"
meeting-tracker.sops.m20.jpl.nasa.gov,Yes,Yes,1,1,2025-09-30T00:00:00,2026-10-29T23:59:59,21377587615,"C=US, O=Amazon, CN=Amazon RSA 2048 M01"
meeting-tracker.train.m20.jpl.nasa.gov,Yes,Yes,1,1,2025-10-16T00:00:00,2026-11-14T23:59:59,21765580715,"C=US, O=Amazon, CN=Amazon RSA 2048 M04"
meetnasa-blue.nisn.nasa.gov,No,Yes,1,1,2026-06-03T00:00:00,2026-12-18T23:59:59,26867419612,"C=US, O=DigiCert Inc, OU=www.digicert.com, CN=GeoTrust TLS RSA CA G1"
meetnasa-green.nisn.nasa.gov,No,Yes,1,1,2026-06-03T00:00:00,2026-12-18T23:59:59,26867419612,"C=US, O=DigiCert Inc, OU=www.digicert.com, CN=GeoTrust TLS RSA CA G1"
meetnasa.nisn.nasa.gov,Yes,Yes,1,1,2026-06-03T00:00:00,2026-12-18T23:59:59,26867419612,"C=US, O=DigiCert Inc, OU=www.digicert.com, CN=GeoTrust TLS RSA CA G1"
melppy.sops.m20.jpl.nasa.gov,Yes,Yes,1,1,2025-09-30T00:00:00,2026-10-29T23:59:59,21377014608,"C=US, O=Amazon, CN=Amazon RSA 2048 M04"
meo.nasa.gov,No,Yes,1,1,2025-09-16T00:00:00,2026-10-14T23:59:59,21063781145,"C=US, O=Amazon, CN=Amazon RSA 2048 M01"
mescforyou.ksc.nasa.gov,Yes,Yes,2,1,2025-09-19T00:00:00,2026-10-18T23:59:59,21139594474;21139594300,"C=CA, O=Entrust Limited, CN=Entrust DV TLS Issuing RSA CA 2"
mesh.cloud.sit.earthdata.nasa.gov,No,Yes,1,1,2026-06-09T00:00:00,2026-12-23T23:59:59,27012359746,"C=US, O=Amazon, CN=Amazon RSA 2048 M04"
mesh.earthdatacloud.nasa.gov,Yes,Yes,1,1,2026-06-09T00:00:00,2026-12-23T23:59:59,27012359746,"C=US, O=Amazon, CN=Amazon RSA 2048 M04"
message.sops.m20.jpl.nasa.gov,Yes,Yes,1,1,2025-09-30T00:00:00,2026-10-29T23:59:59,21377586598,"C=US, O=Amazon, CN=Amazon RSA 2048 M01"
message.tb.srl.jpl.nasa.gov,Yes,Yes,1,1,2025-09-30T00:00:00,2026-10-29T23:59:59,21358583566,"C=US, O=Amazon, CN=Amazon RSA 2048 M04"
message.train.m20.jpl.nasa.gov,Yes,Yes,1,1,2025-10-16T00:00:00,2026-11-14T23:59:59,21765563259,"C=US, O=Amazon, CN=Amazon RSA 2048 M04"
metadata-asdc.larc.nasa.gov,Yes,Yes,1,1,2026-03-26T00:00:00,2026-10-10T23:59:59,25232938777,"C=US, O=DigiCert Inc, OU=www.digicert.com, CN=Thawte TLS RSA CA G1"
metrics-otel.ngap.sit.earthdata.nasa.gov,Yes,Yes,2,1,2026-06-12T00:00:00,2026-12-26T23:59:59,27256919333;27114722113,"C=US, O=Amazon, CN=Amazon RSA 2048 M01"
metrics.earthdata.nasa.gov,Yes,Yes,2,1,2026-05-31T00:00:00,2026-12-14T23:59:59,26771660226;26823770133,"C=US, O=Amazon, CN=Amazon RSA 2048 M04"
mey71hqucp1zdk.intsvc.cloud.sit.earthdata.nasa.gov,Yes,Yes,1,1,2025-10-31T00:00:00,2026-11-29T23:59:59,22121981025,"C=US, O=Amazon, CN=Amazon RSA 2048 M01"
mft.jsc.nasa.gov,Yes,Yes,1,1,2025-12-10T00:00:00,2026-12-11T23:59:59,23039740370,"C=US, O=DigiCert Inc, CN=DigiCert Global G2 TLS RSA SHA256 2020 CA1"
microbiology.nasa.gov,No,Yes,1,1,2025-09-16T00:00:00,2026-10-14T23:59:59,21063781145,"C=US, O=Amazon, CN=Amazon RSA 2048 M01"
microdevices.jpl.nasa.gov,No,Yes,2,1,2025-12-04T00:00:00,2026-12-04T23:59:59,22908111525;22908134556,"C=CA, O=Entrust Limited, CN=Entrust OV TLS Issuing RSA CA 2"
microdeviceslab.jpl.nasa.gov,No,Yes,2,1,2025-12-04T00:00:00,2026-12-04T23:59:59,22908111525;22908134556,"C=CA, O=Entrust Limited, CN=Entrust OV TLS Issuing RSA CA 2"
microgravityuniversity.jsc.nasa.gov,Yes,Yes,2,1,2025-11-20T00:00:00,2026-12-19T23:59:59,22631835441;22622194719,"C=US, O=Amazon, CN=Amazon RSA 2048 M01"
migrate-dev.earthdata.nasa.gov,Yes,Yes,1,1,2025-09-28T00:00:00,2026-10-27T23:59:59,21331755433,"C=US, O=Amazon, CN=Amazon RSA 2048 M01"
migrate.earthdata.nasa.gov,Yes,Yes,2,1,2026-05-15T00:00:00,2026-11-28T23:59:59,26358315903;26341191784,"C=US, O=Amazon, CN=Amazon RSA 2048 M04"
milkyway.gsfc.nasa.gov,Yes,Yes,1,1,2026-04-13T00:00:00,2026-10-28T23:59:59,25510089719,"C=US, O=DigiCert Inc, CN=DigiCert Global G2 TLS RSA SHA256 2020 CA1"
misl.aao.nasa.gov,No,Yes,4,1,2025-09-29T00:00:00,2026-12-18T23:59:59,21348422864;26858978624;21348439766;26858944720,"C=CA, O=Entrust Limited, CN=Entrust DV TLS Issuing RSA CA 2"
misl.uat.nasa.gov,No,Yes,6,2,2025-11-06T00:00:00,2026-12-27T23:59:59,23457941075;22258485537;22258442655;25912256668;25553889858;23457911902,"C=GB, O=Sectigo Limited, CN=Sectigo Public Server Authentication CA DV R36;C=CA, O=Entrust Limited, CN=Entrust DV TLS Issuing RSA CA 2"
misr.jpl.nasa.gov,No,Yes,2,1,2025-12-04T00:00:00,2026-12-04T23:59:59,22908111525;22908134556,"C=CA, O=Entrust Limited, CN=Entrust OV TLS Issuing RSA CA 2"
missionscience.nasa.gov,No,Yes,1,1,2025-09-16T00:00:00,2026-10-14T23:59:59,21063781145,"C=US, O=Amazon, CN=Amazon RSA 2048 M01"
missionstem.nasa.gov,No,Yes,1,1,2025-11-19T00:00:00,2026-12-18T23:59:59,22576393591,"C=US, O=Amazon, CN=Amazon RSA 2048 M01"
miul.ndc.nasa.gov,No,Yes,14,2,2026-04-15T00:00:00,2026-10-30T23:59:59,25912718088;25912311865;25912326319;25912298162;25912307138;25553915065;25553908477;25553910929;25553923779;25553920234;25912338415;25553916818;25554161214;25912301922,"C=GB, O=Sectigo Limited, CN=Sectigo Public Server Authentication CA DV R36;C=CA, O=Entrust Limited, CN=Entrust DV TLS Issuing RSA CA 2"
miul.uat.nasa.gov,No,Yes,6,2,2025-11-06T00:00:00,2026-12-27T23:59:59,23457941075;22258485537;22258442655;25912256668;25553889858;23457911902,"C=GB, O=Sectigo Limited, CN=Sectigo Public Server Authentication CA DV R36;C=CA, O=Entrust Limited, CN=Entrust DV TLS Issuing RSA CA 2"
mjywth97pzwrij.intsvc.cloud.sit.earthdata.nasa.gov,Yes,Yes,1,1,2025-09-28T00:00:00,2026-10-27T23:59:59,21329626052,"C=US, O=Amazon, CN=Amazon RSA 2048 M04"
mls.jpl.nasa.gov,No,Yes,2,1,2025-12-04T00:00:00,2026-12-04T23:59:59,22908111525;22908134556,"C=CA, O=Entrust Limited, CN=Entrust OV TLS Issuing RSA CA 2"
mm.satcorps.smce.nasa.gov,No,Yes,2,1,2026-07-13T10:40:30,2026-10-11T10:40:29,27897660277;27897653074,"C=US, O=Let's Encrypt, CN=YE1"
mmgis.ammos.mcp.nasa.gov,Yes,Yes,1,1,2026-06-04T00:00:00,2026-12-18T23:59:59,26869167202,"C=US, O=Amazon, CN=Amazon RSA 2048 M01"
mmoc-n240-r239-netbotz.amn.nasa.gov,Yes,Yes,2,2,2026-05-21T22:35:10,2026-12-06T17:36:14,26555663198;26532312580,"C=US, ST=Texas, L=Houston, O=SSL Corporation, CN=SSL.com RSA SSL subCA;C=US, O=SSL Corporation, CN=SSL.com TLS Issuing RSA CA R1"
mmoc-n244-r105a-netbotz.amn.nasa.gov,Yes,Yes,2,2,2026-05-21T22:34:46,2026-12-23T16:17:47,26532311206;26998841746,"C=US, ST=Texas, L=Houston, O=SSL Corporation, CN=SSL.com RSA SSL subCA;C=US, O=SSL Corporation, CN=SSL.com TLS Issuing RSA CA R1"
mmoc-n244-r203a-netbotz.amn.nasa.gov,Yes,Yes,3,2,2026-05-21T22:32:15,2026-12-23T16:27:58,26532275357;26999045653;26999046377,"C=US, ST=Texas, L=Houston, O=SSL Corporation, CN=SSL.com RSA SSL subCA;C=US, O=SSL Corporation, CN=SSL.com TLS Issuing RSA CA R1"
mmoc-n244-r303-netbotz.amn.nasa.gov,Yes,Yes,1,1,2026-05-22T17:27:39,2026-12-06T17:27:39,26555508186,"C=US, ST=Texas, L=Houston, O=SSL Corporation, CN=SSL.com RSA SSL subCA"
mmpat-unstable.gd.m20.jpl.nasa.gov,Yes,Yes,1,1,2026-03-26T00:00:00,2026-10-09T23:59:59,25222353402,"C=US, O=Amazon, CN=Amazon RSA 2048 M01"
mmpat.sops.m20.jpl.nasa.gov,Yes,Yes,1,1,2025-09-30T00:00:00,2026-10-29T23:59:59,21377410666,"C=US, O=Amazon, CN=Amazon RSA 2048 M04"
mmpat.train.m20.jpl.nasa.gov,Yes,Yes,1,1,2025-10-17T00:00:00,2026-11-15T23:59:59,21776693926,"C=US, O=Amazon, CN=Amazon RSA 2048 M01"
mmptdpublic.jsc.nasa.gov,No,Yes,2,1,2026-07-19T10:48:48,2026-10-17T10:48:47,28063145278;28063160664,"C=US, O=Let's Encrypt, CN=YR1"
mms.gsfc.nasa.gov,No,Yes,2,1,2025-11-06T00:00:00,2026-12-07T23:59:59,22260015134;22260038060,"C=GB, O=Sectigo Limited, CN=Sectigo Public Server Authentication CA DV R36"
mms5-test.jpl.nasa.gov,No,Yes,2,1,2026-06-15T00:00:00,2026-12-30T23:59:59,27209551563;27209588844,"C=CA, O=Entrust Limited, CN=Entrust OV TLS Issuing RSA CA 2"
mms5-uat.jpl.nasa.gov,No,Yes,2,1,2026-06-15T00:00:00,2026-12-30T23:59:59,27209551563;27209588844,"C=CA, O=Entrust Limited, CN=Entrust OV TLS Issuing RSA CA 2"
mms5.jpl.nasa.gov,Yes,Yes,2,1,2026-06-15T00:00:00,2026-12-30T23:59:59,27209551563;27209588844,"C=CA, O=Entrust Limited, CN=Entrust OV TLS Issuing RSA CA 2"
mobile.arc.nasa.gov,Yes,Yes,2,1,2026-06-13T00:00:00,2026-12-27T23:59:59,27144399884;27143285239,"C=US, O=Amazon, CN=Amazon RSA 2048 M01"
mobile.dev.nasa.gov,No,Yes,4,2,2026-04-15T00:00:00,2026-12-02T23:59:59,26441226492;25553889858;25912256668;26441348909,"C=GB, O=Sectigo Limited, CN=Sectigo Public Server Authentication CA DV R36;C=CA, O=Entrust Limited, CN=Entrust DV TLS Issuing RSA CA 2"
mobile.nasa.gov,No,Yes,1,1,2025-09-16T00:00:00,2026-10-14T23:59:59,21063781145,"C=US, O=Amazon, CN=Amazon RSA 2048 M01"
mobile.neacc.nasa.gov,No,Yes,14,2,2026-04-15T00:00:00,2026-10-30T23:59:59,25912718088;25912311865;25912326319;25912298162;25912307138;25553915065;25553908477;25553910929;25553923779;25553920234;25912338415;25553916818;25554161214;25912301922,"C=GB, O=Sectigo Limited, CN=Sectigo Public Server Authentication CA DV R36;C=CA, O=Entrust Limited, CN=Entrust DV TLS Issuing RSA CA 2"
mobile.test.nasa.gov,No,Yes,4,2,2026-04-15T00:00:00,2026-12-02T23:59:59,26441226492;25553889858;25912256668;26441348909,"C=GB, O=Sectigo Limited, CN=Sectigo Public Server Authentication CA DV R36;C=CA, O=Entrust Limited, CN=Entrust DV TLS Issuing RSA CA 2"
mobiledev.arc.nasa.gov,Yes,Yes,1,1,2025-12-03T00:00:00,2026-12-31T23:59:59,22874101148,"C=US, O=Amazon, CN=Amazon RSA 2048 M04"
mocet-backend.hqmce.nasa.gov,Yes,Yes,1,1,2025-10-09T00:00:00,2026-11-07T23:59:59,21600880563,"C=US, O=Amazon, CN=Amazon RSA 2048 M04"
mocet-db.hqmce.nasa.gov,Yes,Yes,1,1,2025-10-09T00:00:00,2026-11-07T23:59:59,21600862375,"C=US, O=Amazon, CN=Amazon RSA 2048 M01"
mocet.hqmce.nasa.gov,Yes,Yes,1,1,2025-10-08T00:00:00,2026-11-06T23:59:59,21582196622,"C=US, O=Amazon, CN=Amazon RSA 2048 M01"
modis-images.gsfc.nasa.gov,Yes,Yes,2,1,2026-07-16T03:01:43,2026-10-14T03:01:42,27971810595;27971802776,"C=US, O=Let's Encrypt, CN=YE1"
moduyeboloadbalancer-2869182595.auto.earthdatacloud.nasa.gov,Yes,Yes,2,1,2026-06-01T00:00:00,2026-12-15T23:59:59,26792868198;26867542281,"C=US, O=Amazon, CN=Amazon RSA 2048 M01"
moduytest-656691335.auto.earthdatacloud.nasa.gov,Yes,Yes,2,1,2026-04-07T00:00:00,2026-10-21T23:59:59,25615621682;25417079272,"C=US, O=Amazon, CN=Amazon RSA 2048 M01"
monitor1ca.jpl.nasa.gov,No,Yes,2,1,2026-04-08T00:00:00,2026-10-23T23:59:59,25458390933;25567636191,"C=CA, O=Entrust Limited, CN=Entrust OV TLS Issuing RSA CA 2"
monitor1nv.jpl.nasa.gov,No,Yes,2,1,2026-04-08T00:00:00,2026-10-23T23:59:59,25505892969;25458943231,"C=CA, O=Entrust Limited, CN=Entrust OV TLS Issuing RSA CA 2"
monitoring.cloud.earthdata.nasa.gov,Yes,Yes,1,1,2025-11-27T00:00:00,2026-12-25T23:59:59,22754497495,"C=US, O=Amazon, CN=Amazon RSA 2048 M04"
monitoring.cloud.sit.earthdata.nasa.gov,Yes,Yes,2,1,2025-09-14T00:00:00,2026-10-13T23:59:59,21004788399;21005572495,"C=US, O=Amazon, CN=Amazon RSA 2048 M01"
monitoring.cloud.uat.earthdata.nasa.gov,Yes,Yes,2,1,2025-09-13T00:00:00,2026-10-12T23:59:59,20981221919;20982796234,"C=US, O=Amazon, CN=Amazon RSA 2048 M01"
monitoring.dev-aw-us.ehp.luna.nasa.gov,Yes,Yes,2,1,2026-07-16T19:40:28,2026-10-14T19:40:27,27992180365;27992182561,"C=US, O=Let's Encrypt, CN=YR2"
monitoring.dev-aw-us.htmpo.nmc.luna.nasa.gov,Yes,Yes,2,1,2026-07-16T20:16:18,2026-10-14T20:16:17,27992827073;27992824951,"C=US, O=Let's Encrypt, CN=YR2"
monitoring.dev-default.meraida.nmc.luna.nasa.gov,Yes,Yes,2,1,2026-07-21T19:25:17,2026-10-19T19:25:16,28133437549;28133432814,"C=US, O=Let's Encrypt, CN=YR1"
monitoring.dev-m2m.fast.luna.nasa.gov,Yes,Yes,2,1,2026-07-18T12:16:26,2026-10-16T12:16:25,28039097901;28039089776,"C=US, O=Let's Encrypt, CN=YR2"
monitoring.dev.aa2.appdat.jsc.nasa.gov,Yes,Yes,2,1,2026-07-21T01:39:12,2026-10-19T01:39:11,28110825402;28110839469,"C=US, O=Let's Encrypt, CN=YR2"
monitoring.dev.gds.appdat.jsc.nasa.gov,Yes,Yes,2,1,2026-07-12T00:48:39,2026-10-10T00:48:38,27865166128;27865163634,"C=US, O=Let's Encrypt, CN=YR2"
monitoring.idas-ds1.appdat.jsc.nasa.gov,Yes,Yes,2,1,2026-07-11T17:54:09,2026-10-09T17:54:08,27859278245;27859279815,"C=US, O=Let's Encrypt, CN=YR2"
monitoring.prod-aw-us.ehp.luna.nasa.gov,Yes,Yes,2,1,2026-07-17T13:27:27,2026-10-15T13:27:26,28013538611;28013539198,"C=US, O=Let's Encrypt, CN=YR1"
monitoring.prod-clu-pr1.oce.appdat.jsc.nasa.gov,Yes,Yes,2,1,2026-07-15T10:20:35,2026-10-13T10:20:34,27951828414;27951821316,"C=US, O=Let's Encrypt, CN=YR2"
monitoring.prod-global.fast.luna.nasa.gov,Yes,Yes,2,1,2026-07-14T06:06:00,2026-10-12T06:05:59,27919353759;27919348480,"C=US, O=Let's Encrypt, CN=YR1"
monitoring.staging-aw-us.ehp.luna.nasa.gov,Yes,Yes,2,1,2026-07-17T12:51:11,2026-10-15T12:51:10,28012755572;28012762472,"C=US, O=Let's Encrypt, CN=YR2"
monitoring.staging-ds1.ds1.appdat.jsc.nasa.gov,Yes,Yes,2,1,2026-07-15T11:40:57,2026-10-13T11:40:56,27953425347;27953415219,"C=US, O=Let's Encrypt, CN=YR2"
monitoring.staging-neluna.fast.luna.nasa.gov,Yes,Yes,2,1,2026-07-15T10:50:52,2026-10-13T10:50:51,27952370435;27952368564,"C=US, O=Let's Encrypt, CN=YR2"
monitoring.staging.aetc.appdat.jsc.nasa.gov,Yes,Yes,1,1,2026-08-27T07:44:54,2026-11-25T07:44:53,29276729438,"C=US, O=Let's Encrypt, CN=YR1"
monitoring.staging.gds.appdat.jsc.nasa.gov,Yes,Yes,2,1,2026-07-19T02:52:19,2026-10-17T02:52:18,28054284185;28054289945,"C=US, O=Let's Encrypt, CN=YR1"
montepy.jpl.nasa.gov,No,Yes,2,1,2025-12-04T00:00:00,2026-12-04T23:59:59,22908111525;22908134556,"C=CA, O=Entrust Limited, CN=Entrust OV TLS Issuing RSA CA 2"
moon.nasa.gov,Yes,Yes,3,2,2025-09-13T00:00:00,2026-10-15T23:59:59,21045463646;20983122025;20981564768,"C=US, O=Amazon, CN=Amazon RSA 2048 M04;C=US, O=Amazon, CN=Amazon RSA 2048 M01"
morpheuslander.jsc.nasa.gov,No,Yes,2,1,2026-07-19T10:48:48,2026-10-17T10:48:47,28063145278;28063160664,"C=US, O=Let's Encrypt, CN=YR1"
mpsa-dispatch.msfc.nasa.gov,No,Yes,6,2,2025-09-29T00:00:00,2026-12-18T23:59:59,26858944720;21348422864;25912256668;21348439766;25553889858;26858978624,"C=GB, O=Sectigo Limited, CN=Sectigo Public Server Authentication CA DV R36;C=CA, O=Entrust Limited, CN=Entrust DV TLS Issuing RSA CA 2"
mpsa-staging.msfc.nasa.gov,No,Yes,6,2,2025-11-06T00:00:00,2026-12-27T23:59:59,23457941075;22258485537;22258442655;25912256668;25553889858;23457911902,"C=GB, O=Sectigo Limited, CN=Sectigo Public Server Authentication CA DV R36;C=CA, O=Entrust Limited, CN=Entrust DV TLS Issuing RSA CA 2"
mpsa.msfc.nasa.gov,No,Yes,6,2,2025-09-29T00:00:00,2026-12-18T23:59:59,26858944720;21348422864;25912256668;21348439766;25553889858;26858978624,"C=GB, O=Sectigo Limited, CN=Sectigo Public Server Authentication CA DV R36;C=CA, O=Entrust Limited, CN=Entrust DV TLS Issuing RSA CA 2"
mpsa.uat.nasa.gov,No,Yes,6,2,2025-11-06T00:00:00,2026-12-27T23:59:59,23457941075;22258485537;22258442655;25912256668;25553889858;23457911902,"C=GB, O=Sectigo Limited, CN=Sectigo Public Server Authentication CA DV R36;C=CA, O=Entrust Limited, CN=Entrust DV TLS Issuing RSA CA 2"
mr.nasa.gov,No,Yes,6,2,2025-09-29T00:00:00,2026-12-18T23:59:59,26858944720;21348422864;25912256668;21348439766;25553889858;26858978624,"C=GB, O=Sectigo Limited, CN=Sectigo Public Server Authentication CA DV R36;C=CA, O=Entrust Limited, CN=Entrust DV TLS Issuing RSA CA 2"
mr.uat.nasa.gov,No,Yes,6,2,2025-11-06T00:00:00,2026-12-27T23:59:59,23457941075;22258485537;22258442655;25912256668;25553889858;23457911902,"C=GB, O=Sectigo Limited, CN=Sectigo Public Server Authentication CA DV R36;C=CA, O=Entrust Limited, CN=Entrust DV TLS Issuing RSA CA 2"
mrjorda-test-app.ngap.sit.earthdata.nasa.gov,Yes,Yes,1,1,2025-10-07T00:00:00,2026-11-05T23:59:59,21537881490,"C=US, O=Amazon, CN=Amazon RSA 2048 M01"
mrodtweb.jpl.nasa.gov,Yes,Yes,2,1,2026-04-09T00:00:00,2026-10-24T23:59:59,25472904553;25769128259,"C=CA, O=Entrust Limited, CN=Entrust OV TLS Issuing RSA CA 2"
mrodtweb1-dc1.jpl.nasa.gov,No,Yes,2,1,2026-04-09T00:00:00,2026-10-24T23:59:59,25472904553;25769128259,"C=CA, O=Entrust Limited, CN=Entrust OV TLS Issuing RSA CA 2"
mrodtweb2-dc2.jpl.nasa.gov,No,Yes,2,1,2026-04-09T00:00:00,2026-10-24T23:59:59,25472904553;25769128259,"C=CA, O=Entrust Limited, CN=Entrust OV TLS Issuing RSA CA 2"
mrs1.nasa.gov,Yes,Yes,1,1,2026-04-25T00:00:00,2026-11-09T23:59:59,25781613379,"C=US, O=DigiCert Inc, OU=www.digicert.com, CN=Thawte TLS RSA CA G1"
mrss.jpl.nasa.gov,No,Yes,2,1,2025-12-04T00:00:00,2026-12-04T23:59:59,22908111525;22908134556,"C=CA, O=Entrust Limited, CN=Entrust OV TLS Issuing RSA CA 2"
ms-va-4207-145-mssba.msfc.nasa.gov,Yes,Yes,1,1,2026-05-08T00:00:00,2026-11-22T23:59:59,26180140550,"C=US, O=DigiCert Inc, CN=DigiCert Global G2 TLS RSA SHA256 2020 CA1"
msemuat.ndc.nasa.gov,No,Yes,6,2,2025-11-06T00:00:00,2026-12-27T23:59:59,23457941075;22258485537;25912110113;22258442655;25553814932;23457911902,"C=GB, O=Sectigo Limited, CN=Sectigo Public Server Authentication CA DV R36;C=CA, O=Entrust Limited, CN=Entrust DV TLS Issuing RSA CA 2"
msfcdevvpn.nasa.gov,No,Yes,1,1,2026-04-01T00:00:00,2026-10-16T23:59:59,25313413848,"C=US, O=DigiCert Inc, CN=DigiCert Global G2 TLS RSA SHA256 2020 CA1"
msfcdevwebvpn.nasa.gov,No,Yes,1,1,2026-04-01T00:00:00,2026-10-16T23:59:59,25313413848,"C=US, O=DigiCert Inc, CN=DigiCert Global G2 TLS RSA SHA256 2020 CA1"
msfcvpn.nasa.gov,No,Yes,1,1,2026-04-01T00:00:00,2026-10-16T23:59:59,25313413848,"C=US, O=DigiCert Inc, CN=DigiCert Global G2 TLS RSA SHA256 2020 CA1"
msfcwebvpn.nasa.gov,No,Yes,1,1,2026-04-01T00:00:00,2026-10-16T23:59:59,25313413848,"C=US, O=DigiCert Inc, CN=DigiCert Global G2 TLS RSA SHA256 2020 CA1"
msl-fei1.jpl.nasa.gov,No,Yes,2,1,2026-05-28T00:00:00,2026-12-12T23:59:59,26708651791;26708627291,"C=CA, O=Entrust Limited, CN=Entrust OV TLS Issuing RSA CA 2"
msl-fei2.jpl.nasa.gov,No,Yes,2,1,2026-05-28T00:00:00,2026-12-12T23:59:59,26708651791;26708627291,"C=CA, O=Entrust Limited, CN=Entrust OV TLS Issuing RSA CA 2"
mslgdsitopgs1.jpl.nasa.gov,No,Yes,2,1,2026-05-28T00:00:00,2026-12-12T23:59:59,26708651791;26708627291,"C=CA, O=Entrust Limited, CN=Entrust OV TLS Issuing RSA CA 2"
mslgdsitopgs8.jpl.nasa.gov,No,Yes,2,1,2026-05-28T00:00:00,2026-12-12T23:59:59,26708651791;26708627291,"C=CA, O=Entrust Limited, CN=Entrust OV TLS Issuing RSA CA 2"
mslo-fei1.jpl.nasa.gov,Yes,Yes,2,1,2026-05-28T00:00:00,2026-12-12T23:59:59,26708651791;26708627291,"C=CA, O=Entrust Limited, CN=Entrust OV TLS Issuing RSA CA 2"
mslo-fei2.jpl.nasa.gov,No,Yes,2,1,2026-05-28T00:00:00,2026-12-12T23:59:59,26708651791;26708627291,"C=CA, O=Entrust Limited, CN=Entrust OV TLS Issuing RSA CA 2"
mslopgsdev1-a.jpl.nasa.gov,No,Yes,2,1,2026-05-28T00:00:00,2026-12-12T23:59:59,26708651791;26708627291,"C=CA, O=Entrust Limited, CN=Entrust OV TLS Issuing RSA CA 2"
mslopgsdev1-t.jpl.nasa.gov,No,Yes,2,1,2026-05-28T00:00:00,2026-12-12T23:59:59,26708651791;26708627291,"C=CA, O=Entrust Limited, CN=Entrust OV TLS Issuing RSA CA 2"
mslopgsfei1.jpl.nasa.gov,No,Yes,2,1,2026-05-28T00:00:00,2026-12-12T23:59:59,26708651791;26708627291,"C=CA, O=Entrust Limited, CN=Entrust OV TLS Issuing RSA CA 2"
mslopgsfei2.jpl.nasa.gov,No,Yes,2,1,2026-05-28T00:00:00,2026-12-12T23:59:59,26708651791;26708627291,"C=CA, O=Entrust Limited, CN=Entrust OV TLS Issuing RSA CA 2"
mslopgsms1.jpl.nasa.gov,No,Yes,2,1,2026-05-28T00:00:00,2026-12-12T23:59:59,26708651791;26708627291,"C=CA, O=Entrust Limited, CN=Entrust OV TLS Issuing RSA CA 2"
mslopgsms8.jpl.nasa.gov,No,Yes,2,1,2026-05-28T00:00:00,2026-12-12T23:59:59,26708651791;26708627291,"C=CA, O=Entrust Limited, CN=Entrust OV TLS Issuing RSA CA 2"
mslsmsamslicechat1.jpl.nasa.gov,Yes,Yes,2,1,2025-11-20T00:00:00,2026-11-20T23:59:59,22620403534;22620384764,"C=CA, O=Entrust Limited, CN=Entrust OV TLS Issuing RSA CA 2"
mslt-fei1.jpl.nasa.gov,No,Yes,2,1,2026-05-28T00:00:00,2026-12-12T23:59:59,26708651791;26708627291,"C=CA, O=Entrust Limited, CN=Entrust OV TLS Issuing RSA CA 2"
mslt-fei2.jpl.nasa.gov,No,Yes,2,1,2026-05-28T00:00:00,2026-12-12T23:59:59,26708651791;26708627291,"C=CA, O=Entrust Limited, CN=Entrust OV TLS Issuing RSA CA 2"
msrpt.nasa.gov,No,Yes,6,2,2025-09-29T00:00:00,2026-12-18T23:59:59,26858944720;21348422864;25912110113;21348439766;25553814932;26858978624,"C=GB, O=Sectigo Limited, CN=Sectigo Public Server Authentication CA DV R36;C=CA, O=Entrust Limited, CN=Entrust DV TLS Issuing RSA CA 2"
msrpt.uat.nasa.gov,No,Yes,6,2,2025-11-06T00:00:00,2026-12-27T23:59:59,23457941075;22258485537;25912110113;22258442655;25553814932;23457911902,"C=GB, O=Sectigo Limited, CN=Sectigo Public Server Authentication CA DV R36;C=CA, O=Entrust Limited, CN=Entrust DV TLS Issuing RSA CA 2"
mttc.jpl.nasa.gov,No,Yes,2,1,2025-12-04T00:00:00,2026-12-04T23:59:59,22908111525;22908134556,"C=CA, O=Entrust Limited, CN=Entrust OV TLS Issuing RSA CA 2"
mua.ndc.nasa.gov,No,Yes,14,2,2026-04-15T00:00:00,2026-10-30T23:59:59,25912718088;25912311865;25912326319;25912298162;25912307138;25553915065;25553908477;25553910929;25553923779;25553920234;25912338415;25553916818;25554161214;25912301922,"C=GB, O=Sectigo Limited, CN=Sectigo Public Server Authentication CA DV R36;C=CA, O=Entrust Limited, CN=Entrust DV TLS Issuing RSA CA 2"
mua.uat.nasa.gov,No,Yes,6,2,2025-11-06T00:00:00,2026-12-27T23:59:59,23457941075;22258485537;25912110113;22258442655;25553814932;23457911902,"C=GB, O=Sectigo Limited, CN=Sectigo Public Server Authentication CA DV R36;C=CA, O=Entrust Limited, CN=Entrust DV TLS Issuing RSA CA 2"
mwsci.jpl.nasa.gov,Yes,Yes,2,1,2026-05-31T00:00:00,2026-12-15T23:59:59,26784187213;26784205142,"C=CA, O=Entrust Limited, CN=Entrust OV TLS Issuing RSA CA 2"
my.nasa.gov,Yes,Yes,2,1,2025-09-12T00:00:00,2026-10-13T23:59:59,20978171381;20978145267,"C=GB, O=Sectigo Limited, CN=Sectigo Public Server Authentication CA DV R36"
mysteries.jpl.nasa.gov,No,Yes,2,1,2025-12-04T00:00:00,2026-12-04T23:59:59,22908111525;22908134556,"C=CA, O=Entrust Limited, CN=Entrust OV TLS Issuing RSA CA 2"
mystic.ivv.nasa.gov,No,Yes,3,1,2026-04-29T00:00:00,2026-12-03T23:59:59,25952813031;25923352623;26470099980,"C=US, O=DigiCert Inc, CN=DigiCert Global G2 TLS RSA SHA256 2020 CA1"
n4msl21.nsidcb.ecs.nasa.gov,Yes,Yes,2,1,2025-12-03T00:00:00,2026-12-03T23:59:59,22888242876;22888262543,"C=CA, O=Entrust Limited, CN=Entrust DV TLS Issuing RSA CA 2"
nahw.jpl.nasa.gov,No,Yes,2,1,2026-05-31T00:00:00,2026-12-15T23:59:59,26784187213;26784205142,"C=CA, O=Entrust Limited, CN=Entrust OV TLS Issuing RSA CA 2"
naida.dev-default.meraida.nmc.luna.nasa.gov,Yes,Yes,2,1,2026-07-21T20:35:09,2026-10-19T20:35:08,28134759122;28134762850,"C=US, O=Let's Encrypt, CN=YR2"
nais.nasa.gov,No,Yes,12,2,2025-11-12T00:00:00,2026-12-20T23:59:59,26109741084;22619026515;22418180270;26099796820;26099796428;26099798609;25922401824;25922403565;22619046224;25922425662;25953945323;22418216874,"C=GB, O=Sectigo Limited, CN=Sectigo Public Server Authentication CA DV R36;C=CA, O=Entrust Limited, CN=Entrust DV TLS Issuing RSA CA 2"
naisdev1.nais.nasa.gov,Yes,Yes,2,1,2025-11-13T00:00:00,2026-12-13T23:59:59,22441770666;22441784363,"C=CA, O=Entrust Limited, CN=Entrust DV TLS Issuing RSA CA 2"
naissbx1.nais.nasa.gov,Yes,Yes,8,2,2025-11-03T00:00:00,2026-11-13T23:59:59,22182571925;22182572524;22182585279;22444102641;22444445991;22444038368;22182556624;22444407792,"C=GB, O=Sectigo Limited, CN=Sectigo Public Server Authentication CA DV R36;C=CA, O=Entrust Limited, CN=Entrust DV TLS Issuing RSA CA 2"
naistst1.nais.nasa.gov,Yes,Yes,2,1,2025-11-13T00:00:00,2026-12-13T23:59:59,22441772132;22441786283,"C=CA, O=Entrust Limited, CN=Entrust DV TLS Issuing RSA CA 2"
nasa.gov,Yes,Yes,2,1,2025-11-11T00:00:00,2026-12-11T23:59:59,22393320105;22393343612,"C=CA, O=Entrust Limited, CN=Entrust DV TLS Issuing RSA CA 2"
nasaartifacts.nasa.gov,No,Yes,1,1,2025-09-16T00:00:00,2026-10-14T23:59:59,21063781145,"C=US, O=Amazon, CN=Amazon RSA 2048 M01"
nasadaacs.eos.nasa.gov,No,Yes,2,1,2025-11-20T00:00:00,2026-12-20T23:59:59,22622177711;22622157708,"C=CA, O=Entrust Limited, CN=Entrust DV TLS Issuing RSA CA 2"
nasadev.nssc.nasa.gov,Yes,Yes,2,1,2026-07-21T20:10:01,2026-10-19T20:10:00,28134320083;28134328169,"C=US, O=Let's Encrypt, CN=YR1"
nasaexchange.ksc.nasa.gov,Yes,Yes,2,1,2025-10-29T00:00:00,2026-11-27T23:59:59,22089525318;22089535992,"C=CA, O=Entrust Limited, CN=Entrust DV TLS Issuing RSA CA 2"
nasaqa.nssc.nasa.gov,Yes,Yes,2,1,2026-07-19T08:39:10,2026-10-17T08:39:09,28060744612;28060753651,"C=US, O=Let's Encrypt, CN=YR2"
nasasbx2.nssc.nasa.gov,Yes,Yes,2,1,2026-07-19T12:00:55,2026-10-17T12:00:54,28064581598;28064576738,"C=US, O=Let's Encrypt, CN=YR1"
nasascience.nasa.gov,No,Yes,1,1,2025-09-16T00:00:00,2026-10-14T23:59:59,21063781145,"C=US, O=Amazon, CN=Amazon RSA 2048 M01"
nasasoundstudy.nasa.gov,Yes,Yes,2,1,2025-11-20T00:00:00,2026-12-19T23:59:59,22631019343;22622157285,"C=US, O=Amazon, CN=Amazon RSA 2048 M01"
nasatest.nssc.nasa.gov,No,Yes,2,1,2026-07-14T13:01:12,2026-10-12T13:01:11,27927703481;27927711453,"C=US, O=Let's Encrypt, CN=YR2"
nasdtwindev.amesaero.nasa.gov,Yes,Yes,1,1,2026-05-26T00:00:00,2026-12-09T23:59:59,26649020857,"C=US, O=Amazon, CN=Amazon RSA 2048 M01"
nasdtwinstage.amesaero.nasa.gov,Yes,Yes,1,1,2026-06-09T00:00:00,2026-12-23T23:59:59,27014816085,"C=US, O=Amazon, CN=Amazon RSA 2048 M01"
nats.nasa.gov,No,Yes,6,2,2025-09-29T00:00:00,2026-12-18T23:59:59,26858944720;21348422864;25912110113;21348439766;25553814932;26858978624,"C=GB, O=Sectigo Limited, CN=Sectigo Public Server Authentication CA DV R36;C=CA, O=Entrust Limited, CN=Entrust DV TLS Issuing RSA CA 2"
nats.uat.nasa.gov,No,Yes,6,2,2025-11-06T00:00:00,2026-12-27T23:59:59,23457941075;22258485537;25912110113;22258442655;25553814932;23457911902,"C=GB, O=Sectigo Limited, CN=Sectigo Public Server Authentication CA DV R36;C=CA, O=Entrust Limited, CN=Entrust DV TLS Issuing RSA CA 2"
navq.larcmap.appdat.jsc.nasa.gov,Yes,Yes,2,1,2026-07-22T03:16:03,2026-10-20T03:16:02,28142668576;28142670311,"C=US, O=Let's Encrypt, CN=YR2"
nbdoer-unstable.gd.m20.jpl.nasa.gov,Yes,Yes,1,1,2025-09-16T00:00:00,2026-10-15T23:59:59,21045332455,"C=US, O=Amazon, CN=Amazon RSA 2048 M01"
nc.ndc.nasa.gov,No,Yes,4,2,2025-11-13T00:00:00,2026-12-13T23:59:59,22448168897;22448182796;25912110113;25553814932,"C=GB, O=Sectigo Limited, CN=Sectigo Public Server Authentication CA DV R36;C=CA, O=Entrust Limited, CN=Entrust DV TLS Issuing RSA CA 2"
ncad.nasa.gov,No,Yes,1,1,2025-09-16T00:00:00,2026-10-14T23:59:59,21063781145,"C=US, O=Amazon, CN=Amazon RSA 2048 M01"
nccs.nasa.gov,Yes,Yes,2,1,2026-04-08T00:00:00,2026-10-23T23:59:59,25446494523;25506673870,"C=US, O=DigiCert Inc, CN=DigiCert Global G2 TLS RSA SHA256 2020 CA1"
ncts.nasa.gov,No,Yes,6,2,2025-09-29T00:00:00,2026-12-18T23:59:59,26858944720;21348422864;25912110113;21348439766;25553814932;26858978624,"C=GB, O=Sectigo Limited, CN=Sectigo Public Server Authentication CA DV R36;C=CA, O=Entrust Limited, CN=Entrust DV TLS Issuing RSA CA 2"
ncts.uat.nasa.gov,No,Yes,6,2,2025-11-06T00:00:00,2026-12-27T23:59:59,23457941075;22258485537;25912110113;22258442655;25553814932;23457911902,"C=GB, O=Sectigo Limited, CN=Sectigo Public Server Authentication CA DV R36;C=CA, O=Entrust Limited, CN=Entrust DV TLS Issuing RSA CA 2"
ncyvp2n68wtcx3.intsvc.cloud.sit.earthdata.nasa.gov,Yes,Yes,1,1,2025-10-21T00:00:00,2026-11-19T23:59:59,21893453320,"C=US, O=Amazon, CN=Amazon RSA 2048 M04"
ndc-relay.ndc.nasa.gov,No,Yes,2,1,2025-11-11T00:00:00,2026-12-11T23:59:59,22393320105;22393343612,"C=CA, O=Entrust Limited, CN=Entrust DV TLS Issuing RSA CA 2"
ndc.nasa.gov,No,Yes,2,1,2025-11-11T00:00:00,2026-12-11T23:59:59,22393320105;22393343612,"C=CA, O=Entrust Limited, CN=Entrust DV TLS Issuing RSA CA 2"
ndeaa.jpl.nasa.gov,No,Yes,2,1,2025-12-04T00:00:00,2026-12-04T23:59:59,22908111525;22908134556,"C=CA, O=Entrust Limited, CN=Entrust OV TLS Issuing RSA CA 2"
ndhqxfr01.ndc.nasa.gov,No,Yes,1,1,2026-05-18T00:00:00,2026-12-01T23:59:59,26440612612,"C=US, O=Amazon, CN=Amazon RSA 2048 M04"
ndjsex1901-pub.ndc.nasa.gov,No,Yes,2,1,2025-10-31T00:00:00,2026-11-30T23:59:59,22122730539;22122718991,"C=CA, O=Entrust Limited, CN=Entrust DV TLS Issuing RSA CA 2"
ndjsex1902-pub.ndc.nasa.gov,No,Yes,2,1,2025-10-31T00:00:00,2026-11-30T23:59:59,22122730539;22122718991,"C=CA, O=Entrust Limited, CN=Entrust DV TLS Issuing RSA CA 2"
ndjslnscas1-pub.ndc.nasa.gov,No,Yes,2,1,2025-10-31T00:00:00,2026-11-30T23:59:59,22122730539;22122718991,"C=CA, O=Entrust Limited, CN=Entrust DV TLS Issuing RSA CA 2"
ndjslnscas2-pub.ndc.nasa.gov,No,Yes,2,1,2025-10-31T00:00:00,2026-11-30T23:59:59,22122730539;22122718991,"C=CA, O=Entrust Limited, CN=Entrust DV TLS Issuing RSA CA 2"
ndjslnscas3-pub.ndc.nasa.gov,No,Yes,2,1,2025-10-31T00:00:00,2026-11-30T23:59:59,22122730539;22122718991,"C=CA, O=Entrust Limited, CN=Entrust DV TLS Issuing RSA CA 2"
ndjsvasmtp101.ndc.nasa.gov,No,Yes,2,1,2025-11-11T00:00:00,2026-12-11T23:59:59,22393320105;22393343612,"C=CA, O=Entrust Limited, CN=Entrust DV TLS Issuing RSA CA 2"
ndjsvasmtp102.ndc.nasa.gov,No,Yes,2,1,2025-11-11T00:00:00,2026-12-11T23:59:59,22393320105;22393343612,"C=CA, O=Entrust Limited, CN=Entrust DV TLS Issuing RSA CA 2"
ndjsvnpf102.ndc.nasa.gov,No,Yes,2,1,2025-11-11T00:00:00,2026-12-11T23:59:59,22393320105;22393343612,"C=CA, O=Entrust Limited, CN=Entrust DV TLS Issuing RSA CA 2"
ndjsvnpf104.ndc.nasa.gov,No,Yes,2,1,2025-11-11T00:00:00,2026-12-11T23:59:59,22393320105;22393343612,"C=CA, O=Entrust Limited, CN=Entrust DV TLS Issuing RSA CA 2"
ndjsxfr01.ndc.nasa.gov,Yes,Yes,1,1,2026-05-18T00:00:00,2026-12-01T23:59:59,26440612612,"C=US, O=Amazon, CN=Amazon RSA 2048 M04"
ndkswspubp01.ndc.nasa.gov,No,Yes,14,2,2026-04-15T00:00:00,2026-10-30T23:59:59,25912718088;25912311865;25912326319;25912298162;25912307138;25553915065;25553908477;25553910929;25553923779;25553920234;25912338415;25553916818;25554161214;25912301922,"C=GB, O=Sectigo Limited, CN=Sectigo Public Server Authentication CA DV R36;C=CA, O=Entrust Limited, CN=Entrust DV TLS Issuing RSA CA 2"
ndkswspubp01a.ndc.nasa.gov,No,Yes,14,2,2026-04-15T00:00:00,2026-10-30T23:59:59,25912718088;25912311865;25912326319;25912298162;25912307138;25553915065;25553908477;25553910929;25553923779;25553920234;25912338415;25553916818;25554161214;25912301922,"C=GB, O=Sectigo Limited, CN=Sectigo Public Server Authentication CA DV R36;C=CA, O=Entrust Limited, CN=Entrust DV TLS Issuing RSA CA 2"
ndkswspubp02.ndc.nasa.gov,No,Yes,14,2,2026-04-15T00:00:00,2026-10-30T23:59:59,25912718088;25912311865;25912326319;25912298162;25912307138;25553915065;25553908477;25553910929;25553923779;25553920234;25912338415;25553916818;25554161214;25912301922,"C=GB, O=Sectigo Limited, CN=Sectigo Public Server Authentication CA DV R36;C=CA, O=Entrust Limited, CN=Entrust DV TLS Issuing RSA CA 2"
ndkswspubvip.ndc.nasa.gov,No,Yes,14,2,2026-04-15T00:00:00,2026-10-30T23:59:59,25912718088;25912311865;25912326319;25912298162;25912307138;25553915065;25553908477;25553910929;25553923779;25553920234;25912338415;25553916818;25554161214;25912301922,"C=GB, O=Sectigo Limited, CN=Sectigo Public Server Authentication CA DV R36;C=CA, O=Entrust Limited, CN=Entrust DV TLS Issuing RSA CA 2"
ndmsbpdevvip.ndc.nasa.gov,No,Yes,4,2,2025-11-13T00:00:00,2026-12-13T23:59:59,22448168897;22448182796;25912110113;25553814932,"C=GB, O=Sectigo Limited, CN=Sectigo Public Server Authentication CA DV R36;C=CA, O=Entrust Limited, CN=Entrust DV TLS Issuing RSA CA 2"
ndmsbpstgvip.ndc.nasa.gov,No,Yes,6,2,2025-11-06T00:00:00,2026-12-27T23:59:59,23457941075;22258485537;25912110113;22258442655;25553814932;23457911902,"C=GB, O=Sectigo Limited, CN=Sectigo Public Server Authentication CA DV R36;C=CA, O=Entrust Limited, CN=Entrust DV TLS Issuing RSA CA 2"
ndmscdp01.ndc.nasa.gov,No,Yes,2,1,2025-12-01T00:00:00,2026-12-31T23:59:59,22848856839;22848843025,"C=CA, O=Entrust Limited, CN=Entrust DV TLS Issuing RSA CA 2"
ndmscdp02.ndc.nasa.gov,No,Yes,2,1,2025-12-01T00:00:00,2026-12-31T23:59:59,22848856839;22848843025,"C=CA, O=Entrust Limited, CN=Entrust DV TLS Issuing RSA CA 2"
ndmsepdev01.ndc.nasa.gov,No,Yes,4,2,2025-11-13T00:00:00,2026-12-13T23:59:59,22448168897;22448182796;25912110113;25553814932,"C=GB, O=Sectigo Limited, CN=Sectigo Public Server Authentication CA DV R36;C=CA, O=Entrust Limited, CN=Entrust DV TLS Issuing RSA CA 2"
ndmsepdev02.ndc.nasa.gov,No,Yes,4,2,2025-11-13T00:00:00,2026-12-13T23:59:59,22448168897;22448182796;25912110113;25553814932,"C=GB, O=Sectigo Limited, CN=Sectigo Public Server Authentication CA DV R36;C=CA, O=Entrust Limited, CN=Entrust DV TLS Issuing RSA CA 2"
ndmsepdevvip.ndc.nasa.gov,No,Yes,4,2,2025-11-13T00:00:00,2026-12-13T23:59:59,22448168897;22448182796;25912110113;25553814932,"C=GB, O=Sectigo Limited, CN=Sectigo Public Server Authentication CA DV R36;C=CA, O=Entrust Limited, CN=Entrust DV TLS Issuing RSA CA 2"
ndmsepp01.ndc.nasa.gov,No,Yes,6,2,2025-09-29T00:00:00,2026-12-18T23:59:59,26858944720;21348422864;25912110113;21348439766;25553814932;26858978624,"C=GB, O=Sectigo Limited, CN=Sectigo Public Server Authentication CA DV R36;C=CA, O=Entrust Limited, CN=Entrust DV TLS Issuing RSA CA 2"
ndmsepp02.ndc.nasa.gov,No,Yes,6,2,2025-09-29T00:00:00,2026-12-18T23:59:59,26858944720;21348422864;25912110113;21348439766;25553814932;26858978624,"C=GB, O=Sectigo Limited, CN=Sectigo Public Server Authentication CA DV R36;C=CA, O=Entrust Limited, CN=Entrust DV TLS Issuing RSA CA 2"
ndmsepstg01.ndc.nasa.gov,No,Yes,6,2,2025-11-06T00:00:00,2026-12-27T23:59:59,23457941075;22258485537;25912110113;22258442655;25553814932;23457911902,"C=GB, O=Sectigo Limited, CN=Sectigo Public Server Authentication CA DV R36;C=CA, O=Entrust Limited, CN=Entrust DV TLS Issuing RSA CA 2"
ndmsepstg02.ndc.nasa.gov,No,Yes,6,2,2025-11-06T00:00:00,2026-12-27T23:59:59,23457941075;22258485537;25912110113;22258442655;25553814932;23457911902,"C=GB, O=Sectigo Limited, CN=Sectigo Public Server Authentication CA DV R36;C=CA, O=Entrust Limited, CN=Entrust DV TLS Issuing RSA CA 2"
ndmsepstgvip.ndc.nasa.gov,No,Yes,6,2,2025-11-06T00:00:00,2026-12-27T23:59:59,23457941075;25912660265;22258485537;22258442655;23457911902;25554124917,"C=GB, O=Sectigo Limited, CN=Sectigo Public Server Authentication CA DV R36;C=CA, O=Entrust Limited, CN=Entrust DV TLS Issuing RSA CA 2"
ndmsex1901-pub.ndc.nasa.gov,No,Yes,2,1,2025-10-31T00:00:00,2026-11-30T23:59:59,22122730539;22122718991,"C=CA, O=Entrust Limited, CN=Entrust DV TLS Issuing RSA CA 2"
ndmsex1902-pub.ndc.nasa.gov,No,Yes,2,1,2025-10-31T00:00:00,2026-11-30T23:59:59,22122730539;22122718991,"C=CA, O=Entrust Limited, CN=Entrust DV TLS Issuing RSA CA 2"
ndmshrdevvip.ndc.nasa.gov,No,Yes,4,2,2025-11-13T00:00:00,2026-12-13T23:59:59,22448168897;22448182796;25554124917;25912660265,"C=GB, O=Sectigo Limited, CN=Sectigo Public Server Authentication CA DV R36;C=CA, O=Entrust Limited, CN=Entrust DV TLS Issuing RSA CA 2"
ndmshrprdvip.ndc.nasa.gov,No,Yes,6,2,2025-09-29T00:00:00,2026-12-18T23:59:59,25912660265;26858944720;21348422864;21348439766;26858978624;25554124917,"C=GB, O=Sectigo Limited, CN=Sectigo Public Server Authentication CA DV R36;C=CA, O=Entrust Limited, CN=Entrust DV TLS Issuing RSA CA 2"
ndmslnscas1-pub.ndc.nasa.gov,No,Yes,2,1,2025-10-31T00:00:00,2026-11-30T23:59:59,22122730539;22122718991,"C=CA, O=Entrust Limited, CN=Entrust DV TLS Issuing RSA CA 2"
ndmslnscas2-pub.ndc.nasa.gov,No,Yes,2,1,2025-10-31T00:00:00,2026-11-30T23:59:59,22122730539;22122718991,"C=CA, O=Entrust Limited, CN=Entrust DV TLS Issuing RSA CA 2"
ndmslnscas3-pub.ndc.nasa.gov,No,Yes,2,1,2025-10-31T00:00:00,2026-11-30T23:59:59,22122730539;22122718991,"C=CA, O=Entrust Limited, CN=Entrust DV TLS Issuing RSA CA 2"
ndmsmgisdsp01.ndc.nasa.gov,No,Yes,16,2,2025-11-03T00:00:00,2026-12-09T23:59:59,26109741084;22182571925;26099796820;26099796428;22991881440;22988659409;22988641807;22182572524;22182585279;26099798609;25922401824;25922403565;22182556624;25922425662;22991862821;25953945323,"C=GB, O=Sectigo Limited, CN=Sectigo Public Server Authentication CA DV R36;C=CA, O=Entrust Limited, CN=Entrust DV TLS Issuing RSA CA 2"
ndmsmgisdsp03.ndc.nasa.gov,No,Yes,16,2,2025-11-03T00:00:00,2026-12-09T23:59:59,26109741084;22182571925;26099796820;26099796428;22991881440;22988659409;22988641807;22182572524;22182585279;26099798609;25922401824;25922403565;22182556624;25922425662;22991862821;25953945323,"C=GB, O=Sectigo Limited, CN=Sectigo Public Server Authentication CA DV R36;C=CA, O=Entrust Limited, CN=Entrust DV TLS Issuing RSA CA 2"
ndmsmgisp01.ndc.nasa.gov,No,Yes,16,2,2025-11-03T00:00:00,2026-12-09T23:59:59,26109741084;22182571925;26099796820;26099796428;22991881440;22988659409;22988641807;22182572524;22182585279;26099798609;25922401824;25922403565;22182556624;25922425662;22991862821;25953945323,"C=GB, O=Sectigo Limited, CN=Sectigo Public Server Authentication CA DV R36;C=CA, O=Entrust Limited, CN=Entrust DV TLS Issuing RSA CA 2"
ndmsmgisp02.ndc.nasa.gov,No,Yes,16,2,2025-11-03T00:00:00,2026-12-09T23:59:59,26109741084;22182571925;26099796820;26099796428;22991881440;22988659409;22988641807;22182572524;22182585279;26099798609;25922401824;25922403565;22182556624;25922425662;22991862821;25953945323,"C=GB, O=Sectigo Limited, CN=Sectigo Public Server Authentication CA DV R36;C=CA, O=Entrust Limited, CN=Entrust DV TLS Issuing RSA CA 2"
ndmsmgisp03.ndc.nasa.gov,No,Yes,16,2,2025-11-03T00:00:00,2026-12-09T23:59:59,26109741084;22182571925;26099796820;26099796428;22991881440;22988659409;22988641807;22182572524;22182585279;26099798609;25922401824;25922403565;22182556624;25922425662;22991862821;25953945323,"C=GB, O=Sectigo Limited, CN=Sectigo Public Server Authentication CA DV R36;C=CA, O=Entrust Limited, CN=Entrust DV TLS Issuing RSA CA 2"
ndmsmgisp04.ndc.nasa.gov,No,Yes,16,2,2025-11-03T00:00:00,2026-12-09T23:59:59,26109741084;22182571925;26099796820;26099796428;22991881440;22988659409;22988641807;22182572524;22182585279;26099798609;25922401824;25922403565;22182556624;25922425662;22991862821;25953945323,"C=GB, O=Sectigo Limited, CN=Sectigo Public Server Authentication CA DV R36;C=CA, O=Entrust Limited, CN=Entrust DV TLS Issuing RSA CA 2"
ndmsscmp01.ndc.nasa.gov,No,Yes,4,2,2025-09-29T00:00:00,2026-10-30T23:59:59,21348422864;21348439766;25554124917;25912660265,"C=GB, O=Sectigo Limited, CN=Sectigo Public Server Authentication CA DV R36;C=CA, O=Entrust Limited, CN=Entrust DV TLS Issuing RSA CA 2"
ndmsslicwaveesa.ndc.nasa.gov,No,Yes,12,1,2025-11-03T00:00:00,2026-11-14T23:59:59,26109741084;22182571925;26099796820;26099796428;22182572524;22182585279;26099798609;25922401824;25922403565;22182556624;25922425662;25953945323,"C=GB, O=Sectigo Limited, CN=Sectigo Public Server Authentication CA DV R36"
ndmstrfpvip.ndc.nasa.gov,No,Yes,2,1,2026-04-15T00:00:00,2026-10-30T23:59:59,25554124917;25912660265,"C=GB, O=Sectigo Limited, CN=Sectigo Public Server Authentication CA DV R36"
ndmsvasmtp101.ndc.nasa.gov,No,Yes,2,1,2025-11-11T00:00:00,2026-12-11T23:59:59,22393320105;22393343612,"C=CA, O=Entrust Limited, CN=Entrust DV TLS Issuing RSA CA 2"
ndmsvasmtp102.ndc.nasa.gov,No,Yes,2,1,2025-11-11T00:00:00,2026-12-11T23:59:59,22393320105;22393343612,"C=CA, O=Entrust Limited, CN=Entrust DV TLS Issuing RSA CA 2"
ndmsvnpf101.ndc.nasa.gov,No,Yes,2,1,2025-11-11T00:00:00,2026-12-11T23:59:59,22393320105;22393343612,"C=CA, O=Entrust Limited, CN=Entrust DV TLS Issuing RSA CA 2"
ndmsvnpf102.ndc.nasa.gov,No,Yes,2,1,2025-11-11T00:00:00,2026-12-11T23:59:59,22393320105;22393343612,"C=CA, O=Entrust Limited, CN=Entrust DV TLS Issuing RSA CA 2"
ndmsvnpf103.ndc.nasa.gov,No,Yes,2,1,2025-11-11T00:00:00,2026-12-11T23:59:59,22393320105;22393343612,"C=CA, O=Entrust Limited, CN=Entrust DV TLS Issuing RSA CA 2"
ndmswbmvip.ndc.nasa.gov,No,Yes,6,2,2025-11-06T00:00:00,2026-12-27T23:59:59,23457941075;25912660265;22258485537;22258442655;23457911902;25554124917,"C=GB, O=Sectigo Limited, CN=Sectigo Public Server Authentication CA DV R36;C=CA, O=Entrust Limited, CN=Entrust DV TLS Issuing RSA CA 2"
ndmswbpvip.ndc.nasa.gov,No,Yes,6,2,2025-09-29T00:00:00,2026-12-18T23:59:59,25912660265;26858944720;21348422864;21348439766;26858978624;25554124917,"C=GB, O=Sectigo Limited, CN=Sectigo Public Server Authentication CA DV R36;C=CA, O=Entrust Limited, CN=Entrust DV TLS Issuing RSA CA 2"
ndmswsdv01.ndc.nasa.gov,No,Yes,4,2,2025-11-13T00:00:00,2026-12-13T23:59:59,22448168897;22448182796;25554124917;25912660265,"C=GB, O=Sectigo Limited, CN=Sectigo Public Server Authentication CA DV R36;C=CA, O=Entrust Limited, CN=Entrust DV TLS Issuing RSA CA 2"
ndmswspubprd01.ndc.nasa.gov,No,Yes,14,2,2026-04-15T00:00:00,2026-10-30T23:59:59,25912718088;25912311865;25912326319;25912298162;25912307138;25553915065;25553908477;25553910929;25553923779;25553920234;25912338415;25553916818;25554161214;25912301922,"C=GB, O=Sectigo Limited, CN=Sectigo Public Server Authentication CA DV R36;C=CA, O=Entrust Limited, CN=Entrust DV TLS Issuing RSA CA 2"
ndmswspubprd02.ndc.nasa.gov,No,Yes,14,2,2026-04-15T00:00:00,2026-10-30T23:59:59,25912718088;25912311865;25912326319;25912298162;25912307138;25553915065;25553908477;25553910929;25553923779;25553920234;25912338415;25553916818;25554161214;25912301922,"C=GB, O=Sectigo Limited, CN=Sectigo Public Server Authentication CA DV R36;C=CA, O=Entrust Limited, CN=Entrust DV TLS Issuing RSA CA 2"
ndmswspubvip.ndc.nasa.gov,Yes,Yes,14,2,2026-04-15T00:00:00,2026-10-30T23:59:59,25912718088;25912311865;25912326319;25912298162;25912307138;25553915065;25553908477;25553910929;25553923779;25553920234;25912338415;25553916818;25554161214;25912301922,"C=GB, O=Sectigo Limited, CN=Sectigo Public Server Authentication CA DV R36;C=CA, O=Entrust Limited, CN=Entrust DV TLS Issuing RSA CA 2"
ndmswspubvipt.ndc.nasa.gov,Yes,Yes,4,2,2026-04-15T00:00:00,2026-12-02T23:59:59,26441226492;25554124917;25912660265;26441348909,"C=GB, O=Sectigo Limited, CN=Sectigo Public Server Authentication CA DV R36;C=CA, O=Entrust Limited, CN=Entrust DV TLS Issuing RSA CA 2"
ndmsxfr01.ndc.nasa.gov,No,Yes,1,1,2026-05-18T00:00:00,2026-12-01T23:59:59,26440612612,"C=US, O=Amazon, CN=Amazon RSA 2048 M04"
ndramgisdsp01.ndc.nasa.gov,No,Yes,16,2,2025-11-03T00:00:00,2026-12-09T23:59:59,26109741084;22182571925;26099796820;26099796428;22991881440;22988659409;22988641807;22182572524;22182585279;26099798609;25922401824;25922403565;22182556624;25922425662;22991862821;25953945323,"C=GB, O=Sectigo Limited, CN=Sectigo Public Server Authentication CA DV R36;C=CA, O=Entrust Limited, CN=Entrust DV TLS Issuing RSA CA 2"
ndramgisdsp03.ndc.nasa.gov,No,Yes,16,2,2025-11-03T00:00:00,2026-12-09T23:59:59,26109741084;22182571925;26099796820;26099796428;22991881440;22988659409;22988641807;22182572524;22182585279;26099798609;25922401824;25922403565;22182556624;25922425662;22991862821;25953945323,"C=GB, O=Sectigo Limited, CN=Sectigo Public Server Authentication CA DV R36;C=CA, O=Entrust Limited, CN=Entrust DV TLS Issuing RSA CA 2"
ndramgisp01.ndc.nasa.gov,No,Yes,16,2,2025-11-03T00:00:00,2026-12-09T23:59:59,26109741084;22182571925;26099796820;26099796428;22991881440;22988659409;22988641807;22182572524;22182585279;26099798609;25922401824;25922403565;22182556624;25922425662;22991862821;25953945323,"C=GB, O=Sectigo Limited, CN=Sectigo Public Server Authentication CA DV R36;C=CA, O=Entrust Limited, CN=Entrust DV TLS Issuing RSA CA 2"
ndramgisp02.ndc.nasa.gov,No,Yes,16,2,2025-11-03T00:00:00,2026-12-09T23:59:59,26109741084;22182571925;26099796820;26099796428;22991881440;22988659409;22988641807;22182572524;22182585279;26099798609;25922401824;25922403565;22182556624;25922425662;22991862821;25953945323,"C=GB, O=Sectigo Limited, CN=Sectigo Public Server Authentication CA DV R36;C=CA, O=Entrust Limited, CN=Entrust DV TLS Issuing RSA CA 2"
ndramgisp03.ndc.nasa.gov,No,Yes,16,2,2025-11-03T00:00:00,2026-12-09T23:59:59,26109741084;22182571925;26099796820;26099796428;22991881440;22988659409;22988641807;22182572524;22182585279;26099798609;25922401824;25922403565;22182556624;25922425662;22991862821;25953945323,"C=GB, O=Sectigo Limited, CN=Sectigo Public Server Authentication CA DV R36;C=CA, O=Entrust Limited, CN=Entrust DV TLS Issuing RSA CA 2"
ndramgisp04.ndc.nasa.gov,No,Yes,16,2,2025-11-03T00:00:00,2026-12-09T23:59:59,26109741084;22182571925;26099796820;26099796428;22991881440;22988659409;22988641807;22182572524;22182585279;26099798609;25922401824;25922403565;22182556624;25922425662;22991862821;25953945323,"C=GB, O=Sectigo Limited, CN=Sectigo Public Server Authentication CA DV R36;C=CA, O=Entrust Limited, CN=Entrust DV TLS Issuing RSA CA 2"
nef-classic.uat.nasa.gov,No,Yes,6,2,2025-11-06T00:00:00,2026-12-27T23:59:59,23457941075;25912660265;22258485537;22258442655;23457911902;25554124917,"C=GB, O=Sectigo Limited, CN=Sectigo Public Server Authentication CA DV R36;C=CA, O=Entrust Limited, CN=Entrust DV TLS Issuing RSA CA 2"
nef.nasa.gov,No,Yes,18,2,2025-09-29T00:00:00,2026-12-18T23:59:59,25912718088;25912311865;26858944720;25912326319;25912307138;25553915065;25912298162;25553908477;25912301922;21348422864;25553910929;25553923779;25553920234;21348439766;25912338415;25553916818;25554161214;26858978624,"C=GB, O=Sectigo Limited, CN=Sectigo Public Server Authentication CA DV R36;C=CA, O=Entrust Limited, CN=Entrust DV TLS Issuing RSA CA 2"
nef.test.nasa.gov,No,Yes,2,1,2026-04-15T00:00:00,2026-10-30T23:59:59,25554124917;25912660265,"C=GB, O=Sectigo Limited, CN=Sectigo Public Server Authentication CA DV R36"
nef.uat.nasa.gov,No,Yes,8,2,2025-11-06T00:00:00,2026-12-27T23:59:59,23457941075;25912660265;22258485537;22258442655;26441226492;26441348909;25554124917;23457911902,"C=GB, O=Sectigo Limited, CN=Sectigo Public Server Authentication CA DV R36;C=CA, O=Entrust Limited, CN=Entrust DV TLS Issuing RSA CA 2"
neptune.gsfc.nasa.gov,No,Yes,2,1,2026-07-22T12:25:25,2026-10-20T12:25:24,28153629149;28153625557,"C=US, O=Let's Encrypt, CN=YE1"
nesc.nasa.gov,No,Yes,1,1,2025-09-16T00:00:00,2026-10-14T23:59:59,21063781145,"C=US, O=Amazon, CN=Amazon RSA 2048 M01"
ness-old.uat.nasa.gov,No,Yes,6,2,2025-11-06T00:00:00,2026-12-27T23:59:59,23457941075;25912660265;22258485537;22258442655;23457911902;25554124917,"C=GB, O=Sectigo Limited, CN=Sectigo Public Server Authentication CA DV R36;C=CA, O=Entrust Limited, CN=Entrust DV TLS Issuing RSA CA 2"
ness.nasa.gov,No,Yes,14,2,2026-04-15T00:00:00,2026-10-30T23:59:59,25912718088;25912311865;25912326319;25912298162;25912307138;25553915065;25553908477;25553910929;25553923779;25553920234;25912338415;25553916818;25554161214;25912301922,"C=GB, O=Sectigo Limited, CN=Sectigo Public Server Authentication CA DV R36;C=CA, O=Entrust Limited, CN=Entrust DV TLS Issuing RSA CA 2"
ness.uat.nasa.gov,No,Yes,6,2,2025-11-06T00:00:00,2026-12-27T23:59:59,23457941075;25912660265;22258485537;22258442655;23457911902;25554124917,"C=GB, O=Sectigo Limited, CN=Sectigo Public Server Authentication CA DV R36;C=CA, O=Entrust Limited, CN=Entrust DV TLS Issuing RSA CA 2"
nessie-test.sciencecloud.nasa.gov,Yes,Yes,2,1,2026-05-13T00:00:00,2026-11-26T23:59:59,26684816945;26316335943,"C=US, O=Amazon, CN=Amazon RSA 2048 M01"
nessie.sciencecloud.nasa.gov,Yes,Yes,2,1,2026-05-27T00:00:00,2026-12-10T23:59:59,26684683283;26724615821,"C=US, O=Amazon, CN=Amazon RSA 2048 M01"
newsmedia.gsfc.nasa.gov,No,Yes,1,1,2025-09-16T00:00:00,2026-10-14T23:59:59,21063781145,"C=US, O=Amazon, CN=Amazon RSA 2048 M01"
newsroom.msfc.nasa.gov,No,Yes,1,1,2025-09-16T00:00:00,2026-10-14T23:59:59,21063781145,"C=US, O=Amazon, CN=Amazon RSA 2048 M01"
nexis.gsfc.nasa.gov,Yes,Yes,2,1,2026-06-08T00:00:00,2026-12-22T23:59:59,27199194767;27000505183,"C=US, O=Amazon, CN=Amazon RSA 2048 M04"
nextgen-aerospace-django.jpl.nasa.gov,Yes,Yes,2,1,2025-10-12T00:00:00,2026-10-12T23:59:59,21669941841;21669977189,"C=CA, O=Entrust Limited, CN=Entrust OV TLS Issuing RSA CA 2"
nextgen-redirect-ep.jpl.nasa.gov,Yes,Yes,2,1,2025-12-15T00:00:00,2026-12-15T23:59:59,23141837836;23141826712,"C=CA, O=Entrust Limited, CN=Entrust OV TLS Issuing RSA CA 2"
nextgen-svcp.jpl.nasa.gov,Yes,Yes,2,1,2026-06-16T00:00:00,2026-12-31T23:59:59,27241033634;27241069286,"C=CA, O=Entrust Limited, CN=Entrust OV TLS Issuing RSA CA 2"
ngin.jwst.nasa.gov,Yes,Yes,2,1,2025-10-24T13:03:10,2026-10-24T13:09:39,21970248593;21970391826,"C=US, ST=Texas, L=Houston, O=SSL Corporation, CN=SSL.com RSA SSL subCA"
nhhpc.nasa.gov,No,Yes,1,1,2025-09-16T00:00:00,2026-10-14T23:59:59,21063781145,"C=US, O=Amazon, CN=Amazon RSA 2048 M01"
nightsky.jpl.nasa.gov,No,Yes,2,1,2025-12-04T00:00:00,2026-12-04T23:59:59,22908111525;22908134556,"C=CA, O=Entrust Limited, CN=Entrust OV TLS Issuing RSA CA 2"
nisar.jpl.nasa.gov,No,Yes,2,1,2025-12-04T00:00:00,2026-12-04T23:59:59,22908111525;22908134556,"C=CA, O=Entrust Limited, CN=Entrust OV TLS Issuing RSA CA 2"
nlsi.arc.nasa.gov,No,Yes,2,1,2025-09-17T00:00:00,2026-10-16T23:59:59,21070627505;21071455125,"C=US, O=Amazon, CN=Amazon RSA 2048 M01"
nlsp-stage.nasa.gov,Yes,Yes,1,1,2026-03-26T00:00:00,2026-10-09T23:59:59,25236072532,"C=US, O=Amazon, CN=Amazon RSA 2048 M01"
nlsp.nasa.gov,No,Yes,3,2,2026-03-26T00:00:00,2026-12-04T23:59:59,26529272895;25236075793;26526573124,"C=US, O=Amazon, CN=Amazon RSA 2048 M04;C=US, O=Amazon, CN=Amazon RSA 2048 M01"
nmis.sma.nasa.gov,Yes,Yes,2,1,2025-12-15T00:00:00,2026-12-15T23:59:59,23138091807;23138072044,"C=GB, O=Sectigo Limited, CN=Sectigo Public Server Authentication CA DV R36"
nomad.nasa.gov,No,Yes,1,1,2025-09-16T00:00:00,2026-10-14T23:59:59,21063781145,"C=US, O=Amazon, CN=Amazon RSA 2048 M01"
npsu.amesaero.nasa.gov,Yes,Yes,1,1,2026-05-19T00:00:00,2026-12-02T23:59:59,26472564304,"C=US, O=Amazon, CN=Amazon RSA 2048 M01"
npsudev.amesaero.nasa.gov,Yes,Yes,1,1,2026-05-06T00:00:00,2026-11-19T23:59:59,26122216058,"C=US, O=Amazon, CN=Amazon RSA 2048 M04"
nr-lft.russia.nasa.gov,Yes,Yes,2,1,2025-10-29T20:22:45,2026-11-29T21:18:36,22090661377;22091296146,"C=US, ST=Texas, L=Houston, O=SSL Corporation, CN=SSL.com RSA SSL subCA"
nsc.nasa.gov,Yes,Yes,2,1,2026-04-24T00:00:00,2026-11-08T23:59:59,26038309596;25754957365,"C=GB, O=Sectigo Limited, CN=Sectigo Public Server Authentication CA DV R36"
nsedev.jpl.nasa.gov,No,Yes,2,1,2025-12-04T00:00:00,2026-12-04T23:59:59,22908111525;22908134556,"C=CA, O=Entrust Limited, CN=Entrust OV TLS Issuing RSA CA 2"
nset.jpl.nasa.gov,No,Yes,2,1,2025-12-04T00:00:00,2026-12-04T23:59:59,22908111525;22908134556,"C=CA, O=Entrust Limited, CN=Entrust OV TLS Issuing RSA CA 2"
nsgpap01.sgw.earthdata.nasa.gov,Yes,Yes,2,1,2025-11-10T00:00:00,2026-12-10T23:59:59,22364325784;22364342574,"C=CA, O=Entrust Limited, CN=Entrust DV TLS Issuing RSA CA 2"
nsgpap02.sgw.earthdata.nasa.gov,No,Yes,2,1,2025-11-10T00:00:00,2026-12-10T23:59:59,22364325784;22364342574,"C=CA, O=Entrust Limited, CN=Entrust DV TLS Issuing RSA CA 2"
nsgpap03.sgw.earthdata.nasa.gov,No,Yes,2,1,2025-11-10T00:00:00,2026-12-10T23:59:59,22364325784;22364342574,"C=CA, O=Entrust Limited, CN=Entrust DV TLS Issuing RSA CA 2"
nsgpap04.sgw.earthdata.nasa.gov,No,Yes,2,1,2025-11-10T00:00:00,2026-12-10T23:59:59,22364325784;22364342574,"C=CA, O=Entrust Limited, CN=Entrust DV TLS Issuing RSA CA 2"
nsgpap05.sgw.earthdata.nasa.gov,No,Yes,2,1,2025-11-10T00:00:00,2026-12-10T23:59:59,22364325784;22364342574,"C=CA, O=Entrust Limited, CN=Entrust DV TLS Issuing RSA CA 2"
nsgpap06.sgw.earthdata.nasa.gov,No,Yes,2,1,2025-11-10T00:00:00,2026-12-10T23:59:59,22364325784;22364342574,"C=CA, O=Entrust Limited, CN=Entrust DV TLS Issuing RSA CA 2"
nsgpap07.sgw.earthdata.nasa.gov,No,Yes,2,1,2025-11-10T00:00:00,2026-12-10T23:59:59,22364325784;22364342574,"C=CA, O=Entrust Limited, CN=Entrust DV TLS Issuing RSA CA 2"
nsguap01.sgw.earthdata.nasa.gov,Yes,Yes,2,1,2025-11-10T00:00:00,2026-12-10T23:59:59,22364289612;22364272341,"C=CA, O=Entrust Limited, CN=Entrust DV TLS Issuing RSA CA 2"
nsguap02.sgw.earthdata.nasa.gov,No,Yes,2,1,2025-11-10T00:00:00,2026-12-10T23:59:59,22364289612;22364272341,"C=CA, O=Entrust Limited, CN=Entrust DV TLS Issuing RSA CA 2"
nsguap03.sgw.earthdata.nasa.gov,No,Yes,2,1,2025-11-10T00:00:00,2026-12-10T23:59:59,22364289612;22364272341,"C=CA, O=Entrust Limited, CN=Entrust DV TLS Issuing RSA CA 2"
nspires.hq.nasa.gov,No,Yes,1,1,2025-09-16T00:00:00,2026-10-17T23:59:59,21060348904,"C=US, O=DigiCert Inc, CN=DigiCert Global G2 TLS RSA SHA256 2020 CA1"
nspires.nasaprs.com,Yes,No,1,1,2025-09-16T00:00:00,2026-10-17T23:59:59,21060348904,"C=US, O=DigiCert Inc, CN=DigiCert Global G2 TLS RSA SHA256 2020 CA1"
nssc-relay.ndc.nasa.gov,No,Yes,2,1,2025-11-11T00:00:00,2026-12-11T23:59:59,22393320105;22393343612,"C=CA, O=Entrust Limited, CN=Entrust DV TLS Issuing RSA CA 2"
ntl.nasa.gov,Yes,Yes,2,1,2026-07-20T03:14:46,2026-10-18T03:14:45,28082396540;28082392510,"C=US, O=Let's Encrypt, CN=YE2"
ntr.jpl.nasa.gov,No,Yes,2,1,2025-12-04T00:00:00,2026-12-04T23:59:59,22908111525;22908134556,"C=CA, O=Entrust Limited, CN=Entrust OV TLS Issuing RSA CA 2"
ntrs.dev.sti.appdat.jsc.nasa.gov,Yes,Yes,4,1,2026-07-18T21:40:03,2026-10-16T21:40:13,28049214833;28049211533;28049212383;28049209742,"C=US, O=Let's Encrypt, CN=YR1"
ntts.arc.nasa.gov,Yes,Yes,1,1,2025-11-03T00:00:00,2026-12-01T23:59:59,22182481477,"C=US, O=Amazon, CN=Amazon RSA 2048 M04"
nussdev2.amesaero.nasa.gov,Yes,Yes,1,1,2026-05-13T00:00:00,2026-11-26T23:59:59,26299730291,"C=US, O=Amazon, CN=Amazon RSA 2048 M04"
nvdb.nasa.gov,No,Yes,6,2,2025-09-29T00:00:00,2026-12-18T23:59:59,25912660265;26858944720;21348422864;21348439766;26858978624;25554124917,"C=GB, O=Sectigo Limited, CN=Sectigo Public Server Authentication CA DV R36;C=CA, O=Entrust Limited, CN=Entrust DV TLS Issuing RSA CA 2"
nvdb.uat.nasa.gov,No,Yes,6,2,2025-11-06T00:00:00,2026-12-27T23:59:59,23457941075;25912660265;22258485537;22258442655;23457911902;25554124917,"C=GB, O=Sectigo Limited, CN=Sectigo Public Server Authentication CA DV R36;C=CA, O=Entrust Limited, CN=Entrust DV TLS Issuing RSA CA 2"
o0hmdrbxr2leof.intsvc.cloud.sit.earthdata.nasa.gov,Yes,Yes,1,1,2025-11-20T00:00:00,2026-12-19T23:59:59,22604335292,"C=US, O=Amazon, CN=Amazon RSA 2048 M01"
oa-dashboard.nsidc.uat.earthdatacloud.nasa.gov,Yes,Yes,2,1,2026-03-30T00:00:00,2026-10-13T23:59:59,25300233385;25274686591,"C=US, O=Amazon, CN=Amazon RSA 2048 M01"
oauth-openshift.apps.ocpaaonc01.ndc.nasa.gov,No,Yes,12,1,2025-11-03T00:00:00,2026-11-14T23:59:59,26109741084;22182571925;26099796820;26099796428;22182572524;22182585279;26099798609;25922401824;25922403565;22182556624;25922425662;25953945323,"C=GB, O=Sectigo Limited, CN=Sectigo Public Server Authentication CA DV R36"
obdaac-api.sit.earthdatacloud.nasa.gov,Yes,Yes,2,1,2026-06-07T00:00:00,2026-12-21T23:59:59,27173641386;26959566079,"C=US, O=Amazon, CN=Amazon RSA 2048 M01"
obdaac-api.uat.earthdatacloud.nasa.gov,Yes,Yes,2,1,2026-06-07T00:00:00,2026-12-21T23:59:59,27173078898;26957857328,"C=US, O=Amazon, CN=Amazon RSA 2048 M01"
obdaac-dashboard.uat.earthdatacloud.nasa.gov,Yes,Yes,2,1,2026-06-03T00:00:00,2026-12-17T23:59:59,26845808062;26845395922,"C=US, O=Amazon, CN=Amazon RSA 2048 M01"
obdaac-tea.sit.earthdatacloud.nasa.gov,Yes,Yes,2,1,2026-06-06T00:00:00,2026-12-20T23:59:59,26931455579;27149354793,"C=US, O=Amazon, CN=Amazon RSA 2048 M04"
obdaac-tea.uat.earthdatacloud.nasa.gov,Yes,Yes,1,1,2025-10-22T00:00:00,2026-11-20T23:59:59,21901380339,"C=US, O=Amazon, CN=Amazon RSA 2048 M04"
oce.nasa.gov,No,Yes,1,1,2025-09-16T00:00:00,2026-10-14T23:59:59,21063781145,"C=US, O=Amazon, CN=Amazon RSA 2048 M01"
oceans.nasa.gov,No,Yes,1,1,2025-09-16T00:00:00,2026-10-14T23:59:59,21063781145,"C=US, O=Amazon, CN=Amazon RSA 2048 M01"
oceantopo.jpl.nasa.gov,No,Yes,2,1,2025-12-04T00:00:00,2026-12-04T23:59:59,22908111525;22908134556,"C=CA, O=Entrust Limited, CN=Entrust OV TLS Issuing RSA CA 2"
oceanworldslab.jpl.nasa.gov,No,Yes,2,1,2025-12-04T00:00:00,2026-12-04T23:59:59,22908111525;22908134556,"C=CA, O=Entrust Limited, CN=Entrust OV TLS Issuing RSA CA 2"
oceexternal.nasa.gov,No,Yes,1,1,2025-09-16T00:00:00,2026-10-14T23:59:59,21063781145,"C=US, O=Amazon, CN=Amazon RSA 2048 M01"
ochco-connect.mcp.nasa.gov,Yes,Yes,1,1,2025-11-26T00:00:00,2026-12-25T23:59:59,22735631799,"C=US, O=Amazon, CN=Amazon RSA 2048 M01"
ochco-workbench.mcp.nasa.gov,Yes,Yes,1,1,2025-11-26T00:00:00,2026-12-25T23:59:59,22735069188,"C=US, O=Amazon, CN=Amazon RSA 2048 M04"
ocov2.jpl.nasa.gov,No,Yes,2,1,2025-12-04T00:00:00,2026-12-04T23:59:59,22908111525;22908134556,"C=CA, O=Entrust Limited, CN=Entrust OV TLS Issuing RSA CA 2"
ocov3.jpl.nasa.gov,No,Yes,2,1,2025-12-04T00:00:00,2026-12-04T23:59:59,22908111525;22908134556,"C=CA, O=Entrust Limited, CN=Entrust OV TLS Issuing RSA CA 2"
ocs-es-ryan.sops.m20.jpl.nasa.gov,Yes,Yes,1,1,2025-10-01T00:00:00,2026-10-30T23:59:59,21403797750,"C=US, O=Amazon, CN=Amazon RSA 2048 M04"
ocs-es.ectb.awsgw1.jpl.nasa.gov,No,Yes,2,1,2026-03-26T00:00:00,2026-10-10T23:59:59,25234668940;25234650932,"C=CA, O=Entrust Limited, CN=Entrust OV TLS Issuing RSA CA 2"
ocs-es.sops.m20.jpl.nasa.gov,Yes,Yes,1,1,2025-09-30T00:00:00,2026-10-29T23:59:59,21377530005,"C=US, O=Amazon, CN=Amazon RSA 2048 M04"
ocs-es.tb.m20.jpl.nasa.gov,Yes,Yes,1,1,2025-10-15T00:00:00,2026-11-13T23:59:59,21741282399,"C=US, O=Amazon, CN=Amazon RSA 2048 M01"
ocs-es.tb.srl.jpl.nasa.gov,Yes,Yes,1,1,2026-06-17T00:00:00,2026-12-31T23:59:59,27246713291,"C=US, O=Amazon, CN=Amazon RSA 2048 M01"
ocs-es.tbdev.m20.jpl.nasa.gov,Yes,Yes,1,1,2025-10-13T00:00:00,2026-11-11T23:59:59,21695394449,"C=US, O=Amazon, CN=Amazon RSA 2048 M04"
ocs-es.train.m20.jpl.nasa.gov,Yes,Yes,1,1,2025-10-16T00:00:00,2026-11-14T23:59:59,21765537824,"C=US, O=Amazon, CN=Amazon RSA 2048 M01"
ocs.ectb.awsgw1.jpl.nasa.gov,No,Yes,2,1,2026-03-26T00:00:00,2026-10-10T23:59:59,25234668940;25234650932,"C=CA, O=Entrust Limited, CN=Entrust OV TLS Issuing RSA CA 2"
ocs.sops.m20.jpl.nasa.gov,Yes,Yes,1,1,2025-10-02T00:00:00,2026-10-31T23:59:59,21422455975,"C=US, O=Amazon, CN=Amazon RSA 2048 M01"
ocs.tb.m20.jpl.nasa.gov,Yes,Yes,1,1,2025-10-15T00:00:00,2026-11-13T23:59:59,21741300431,"C=US, O=Amazon, CN=Amazon RSA 2048 M04"
ocs.tb.srl.jpl.nasa.gov,Yes,Yes,1,1,2026-06-17T00:00:00,2026-12-31T23:59:59,27246713155,"C=US, O=Amazon, CN=Amazon RSA 2048 M01"
ocs.tbdev.m20.jpl.nasa.gov,Yes,Yes,1,1,2025-10-13T00:00:00,2026-11-11T23:59:59,21697317565,"C=US, O=Amazon, CN=Amazon RSA 2048 M04"
ocs.train.m20.jpl.nasa.gov,Yes,Yes,1,1,2025-10-16T00:00:00,2026-11-14T23:59:59,21764104189,"C=US, O=Amazon, CN=Amazon RSA 2048 M01"
oedc.nasa.gov,No,Yes,14,2,2026-04-15T00:00:00,2026-10-30T23:59:59,25912718088;25912311865;25912326319;25912298162;25912307138;25553915065;25553908477;25553910929;25553923779;25553920234;25912338415;25553916818;25554161214;25912301922,"C=GB, O=Sectigo Limited, CN=Sectigo Public Server Authentication CA DV R36;C=CA, O=Entrust Limited, CN=Entrust DV TLS Issuing RSA CA 2"
oedc.test.nasa.gov,No,Yes,4,2,2026-04-15T00:00:00,2026-12-02T23:59:59,26441226492;25554124917;25912660265;26441348909,"C=GB, O=Sectigo Limited, CN=Sectigo Public Server Authentication CA DV R36;C=CA, O=Entrust Limited, CN=Entrust DV TLS Issuing RSA CA 2"
officeweb16.sp.iss.nasa.gov,No,Yes,1,1,2026-03-31T00:00:00,2026-10-15T23:59:59,25298688867,"C=US, O=DigiCert Inc, CN=DigiCert Global G2 TLS RSA SHA256 2020 CA1"
ohp.nasa.gov,No,Yes,1,1,2025-09-16T00:00:00,2026-10-14T23:59:59,21063781145,"C=US, O=Amazon, CN=Amazon RSA 2048 M01"
oiir.hq.nasa.gov,No,Yes,1,1,2025-11-19T00:00:00,2026-12-18T23:59:59,22576393591,"C=US, O=Amazon, CN=Amazon RSA 2048 M01"
oltaris.larc.nasa.gov,Yes,Yes,2,1,2025-11-20T00:00:00,2026-12-05T23:59:59,22618381482;22618397081,"C=CA, O=Entrust Limited, CN=Entrust DV TLS Issuing RSA CA 2"
oltaris.nasa.gov,No,Yes,2,1,2025-11-20T00:00:00,2026-12-05T23:59:59,22618381482;22618397081,"C=CA, O=Entrust Limited, CN=Entrust DV TLS Issuing RSA CA 2"
olympics.gsfc.nasa.gov,No,Yes,1,1,2025-09-16T00:00:00,2026-10-14T23:59:59,21063781145,"C=US, O=Amazon, CN=Amazon RSA 2048 M01"
omspa.fltops.jpl.nasa.gov,Yes,Yes,2,1,2025-12-15T00:00:00,2026-12-15T23:59:59,23136732683;23136717636,"C=CA, O=Entrust Limited, CN=Entrust OV TLS Issuing RSA CA 2"
once-onset.hqmce.nasa.gov,Yes,Yes,1,1,2025-11-26T00:00:00,2026-12-25T23:59:59,22734757900,"C=US, O=Amazon, CN=Amazon RSA 2048 M04"
oot.cosmic.appdat.jsc.nasa.gov,No,Yes,2,1,2026-07-17T15:20:07,2026-10-15T15:20:06,28015774404;28015763496,"C=US, O=Let's Encrypt, CN=YR1"
oot.cosmic.development.luna.nasa.gov,Yes,Yes,2,1,2026-07-19T16:36:04,2026-10-17T16:36:03,28070003932;28070006965,"C=US, O=Let's Encrypt, CN=YR1"
oot.cosmic.staging.luna.nasa.gov,Yes,Yes,2,1,2026-07-19T16:36:39,2026-10-17T16:36:38,28070003769;28070012393,"C=US, O=Let's Encrypt, CN=YR2"
oot.dev.cosmic.appdat.jsc.nasa.gov,No,Yes,2,1,2026-07-17T15:21:23,2026-10-15T15:21:22,28015788686;28015799522,"C=US, O=Let's Encrypt, CN=YR1"
oot.staging.cosmic.appdat.jsc.nasa.gov,No,Yes,2,1,2026-07-17T15:20:40,2026-10-15T15:20:39,28015780535;28015763373,"C=US, O=Let's Encrypt, CN=YR2"
openaltimetry.earthdatacloud.nasa.gov,Yes,Yes,2,1,2026-06-07T00:00:00,2026-12-21T23:59:59,26958585826;27172766519,"C=US, O=Amazon, CN=Amazon RSA 2048 M01"
opencae-origin.jpl.nasa.gov,No,Yes,2,1,2026-06-16T00:00:00,2026-12-31T23:59:59,27238287706;27238235177,"C=CA, O=Entrust Limited, CN=Entrust OV TLS Issuing RSA CA 2"
opencae.jpl.nasa.gov,Yes,Yes,2,1,2026-06-16T00:00:00,2026-12-31T23:59:59,27238287706;27238235177,"C=CA, O=Entrust Limited, CN=Entrust OV TLS Issuing RSA CA 2"
opendap.earthdata.nasa.gov,Yes,Yes,1,1,2025-11-27T00:00:00,2026-12-25T23:59:59,22754626558,"C=US, O=Amazon, CN=Amazon RSA 2048 M01"
opendap.larc.nasa.gov,Yes,Yes,1,1,2026-04-24T00:00:00,2026-11-08T23:59:59,25754631777,"C=US, O=DigiCert Inc, OU=www.digicert.com, CN=Thawte TLS RSA CA G1"
opendap.sit.earthdata.nasa.gov,Yes,Yes,2,1,2025-09-19T00:00:00,2026-10-16T23:59:59,21128409240;21122041512,"C=US, O=Amazon, CN=Amazon RSA 2048 M04"
opendap.uat.earthdata.nasa.gov,Yes,Yes,2,1,2025-09-19T00:00:00,2026-10-16T23:59:59,21124772192;21123412993,"C=US, O=Amazon, CN=Amazon RSA 2048 M04"
opensource.arc.nasa.gov,No,Yes,2,1,2026-07-15T10:53:46,2026-10-13T10:53:45,27952425342;27952428129,"C=US, O=Let's Encrypt, CN=YR2"
operations.luna.nasa.gov,Yes,Yes,4,2,2026-07-22T14:16:28,2026-10-20T14:17:32,28155938558;28155956421;28155930987;28155928875,"C=US, O=Let's Encrypt, CN=YR1;C=US, O=Let's Encrypt, CN=YR2"
ops.ems.eosdis.nasa.gov,Yes,Yes,2,1,2025-11-05T00:00:00,2026-12-04T23:59:59,22230631964;22230611126,"C=CA, O=Entrust Limited, CN=Entrust DV TLS Issuing RSA CA 2"
ops.jsc.nasa.gov,Yes,Yes,1,1,2025-09-16T00:00:00,2026-10-17T23:59:59,21063846748,"C=US, O=DigiCert Inc, CN=DigiCert Global G2 TLS RSA SHA256 2020 CA1"
ops1-cm.ems.eosdis.nasa.gov,Yes,Yes,2,1,2025-10-29T00:00:00,2026-11-20T23:59:59,22087916710;22087929696,"C=CA, O=Entrust Limited, CN=Entrust DV TLS Issuing RSA CA 2"
optics.msfc.nasa.gov,Yes,Yes,3,2,2025-12-01T00:00:00,2026-12-30T23:59:59,25552717097;25867996263;22848380356,"C=US, O=Amazon, CN=Amazon RSA 2048 M04;C=US, O=Amazon, CN=Amazon RSA 2048 M01"
or48695hxdjn27.intsvc.cloud.earthdata.nasa.gov,Yes,Yes,1,1,2025-11-18T00:00:00,2026-12-17T23:59:59,22554855465,"C=US, O=Amazon, CN=Amazon RSA 2048 M01"
orbit.iss.nasa.gov,No,Yes,1,1,2026-03-30T00:00:00,2026-10-14T23:59:59,25274471906,"C=US, O=DigiCert Inc, OU=www.digicert.com, CN=GeoTrust TLS RSA CA G1"
orbit2.iss.nasa.gov,No,Yes,1,1,2026-03-30T00:00:00,2026-10-14T23:59:59,25274471906,"C=US, O=DigiCert Inc, OU=www.digicert.com, CN=GeoTrust TLS RSA CA G1"
orbitaldebris.jsc.nasa.gov,No,Yes,2,1,2025-09-12T00:00:00,2026-10-13T23:59:59,20978829169;20976702597,"C=US, O=DigiCert Inc, OU=www.digicert.com, CN=GeoTrust TLS RSA CA G1"
origins-habitability.jpl.nasa.gov,No,Yes,2,1,2025-12-04T00:00:00,2026-12-04T23:59:59,22908111525;22908134556,"C=CA, O=Entrust Limited, CN=Entrust OV TLS Issuing RSA CA 2"
osbp.nasa.gov,No,Yes,1,1,2025-11-19T00:00:00,2026-12-18T23:59:59,22576393591,"C=US, O=Amazon, CN=Amazon RSA 2048 M01"
oscar.nasa.gov,No,Yes,6,2,2025-09-29T00:00:00,2026-12-18T23:59:59,25912660265;26858944720;21348422864;21348439766;26858978624;25554124917,"C=GB, O=Sectigo Limited, CN=Sectigo Public Server Authentication CA DV R36;C=CA, O=Entrust Limited, CN=Entrust DV TLS Issuing RSA CA 2"
oscar.staging.nasa.gov,No,Yes,6,2,2025-11-06T00:00:00,2026-12-27T23:59:59,23457941075;25912660265;22258485537;22258442655;23457911902;25554124917,"C=GB, O=Sectigo Limited, CN=Sectigo Public Server Authentication CA DV R36;C=CA, O=Entrust Limited, CN=Entrust DV TLS Issuing RSA CA 2"
oscar.training.nasa.gov,No,Yes,6,2,2025-11-06T00:00:00,2026-12-27T23:59:59,23457941075;25986979699;22258485537;22258442655;23457911902;25612396802,"C=GB, O=Sectigo Limited, CN=Sectigo Public Server Authentication CA DV R36;C=CA, O=Entrust Limited, CN=Entrust DV TLS Issuing RSA CA 2"
oscar.uat.nasa.gov,No,Yes,6,2,2025-11-06T00:00:00,2026-12-27T23:59:59,23457941075;25986979699;22258485537;22258442655;23457911902;25612396802,"C=GB, O=Sectigo Limited, CN=Sectigo Public Server Authentication CA DV R36;C=CA, O=Entrust Limited, CN=Entrust DV TLS Issuing RSA CA 2"
osdr-test.nasa.gov,Yes,Yes,1,1,2025-10-15T00:00:00,2026-11-13T23:59:59,21725333184,"C=US, O=Amazon, CN=Amazon RSA 2048 M04"
osdr.nasa.gov,Yes,Yes,3,1,2025-09-16T00:00:00,2026-10-30T23:59:59,21049472783;21046295220;21385593225,"C=US, O=Amazon, CN=Amazon RSA 2048 M04"
ost.jpl.nasa.gov,No,Yes,2,1,2025-12-04T00:00:00,2026-12-04T23:59:59,22908111525;22908134556,"C=CA, O=Entrust Limited, CN=Entrust OV TLS Issuing RSA CA 2"
ott.jpl.nasa.gov,No,Yes,2,1,2025-12-04T00:00:00,2026-12-04T23:59:59,22908111525;22908134556,"C=CA, O=Entrust Limited, CN=Entrust OV TLS Issuing RSA CA 2"
outreach.msfc.nasa.gov,No,Yes,1,1,2025-09-16T00:00:00,2026-10-14T23:59:59,21063781145,"C=US, O=Amazon, CN=Amazon RSA 2048 M01"
owa.hst.nasa.gov,Yes,Yes,1,1,2025-11-25T16:27:52,2026-11-25T16:27:52,22727047330,"C=US, ST=Texas, L=Houston, O=SSL Corporation, CN=SSL.com RSA SSL subCA"
owa.jpl.nasa.gov,No,Yes,2,1,2025-11-06T00:00:00,2026-11-06T23:59:59,22268659074;22268644858,"C=CA, O=Entrust Limited, CN=Entrust OV TLS Issuing RSA CA 2"
p-card.nasa.gov,No,Yes,6,2,2025-09-29T00:00:00,2026-12-18T23:59:59,26858944720;21348422864;25986979699;21348439766;25612396802;26858978624,"C=GB, O=Sectigo Limited, CN=Sectigo Public Server Authentication CA DV R36;C=CA, O=Entrust Limited, CN=Entrust DV TLS Issuing RSA CA 2"
p-card.uat.nasa.gov,No,Yes,6,2,2025-11-06T00:00:00,2026-12-27T23:59:59,23457941075;25986979699;22258485537;22258442655;23457911902;25612396802,"C=GB, O=Sectigo Limited, CN=Sectigo Public Server Authentication CA DV R36;C=CA, O=Entrust Limited, CN=Entrust DV TLS Issuing RSA CA 2"
pages.developer.nasa.gov,No,Yes,4,1,2026-03-25T00:00:00,2026-10-09T23:59:59,25220086879;25216734825;25220105694;25216718827,"C=CA, O=Entrust Limited, CN=Entrust OV TLS Issuing RSA CA 2"
pal.hq.nasa.gov,Yes,Yes,1,1,2025-09-17T00:00:00,2026-10-18T23:59:59,21090784445,"C=US, O=DigiCert Inc, CN=DigiCert Global G2 TLS RSA SHA256 2020 CA1"
pandora.ivv.nasa.gov,Yes,Yes,4,1,2026-04-29T00:00:00,2026-12-03T23:59:59,27620230219;25952813031;25923352623;26470099980,"C=US, O=DigiCert Inc, CN=DigiCert Global G2 TLS RSA SHA256 2020 CA1"
pao.gsfc.nasa.gov,No,Yes,1,1,2025-09-16T00:00:00,2026-10-14T23:59:59,21063781145,"C=US, O=Amazon, CN=Amazon RSA 2048 M01"
parallelism.sstage.m20.jpl.nasa.gov,Yes,Yes,1,1,2025-09-30T00:00:00,2026-10-29T23:59:59,21378216934,"C=US, O=Amazon, CN=Amazon RSA 2048 M04"
parasol-ui.ectb.awsgw1.jpl.nasa.gov,No,Yes,2,1,2026-03-26T00:00:00,2026-10-10T23:59:59,25234668940;25234650932,"C=CA, O=Entrust Limited, CN=Entrust OV TLS Issuing RSA CA 2"
parasol-ui.sops.m20.jpl.nasa.gov,Yes,Yes,1,1,2025-09-30T00:00:00,2026-10-29T23:59:59,21377762424,"C=US, O=Amazon, CN=Amazon RSA 2048 M01"
parasol-ui.tb.m20.jpl.nasa.gov,Yes,Yes,1,1,2025-10-15T00:00:00,2026-11-13T23:59:59,21741560118,"C=US, O=Amazon, CN=Amazon RSA 2048 M01"
parasol.ectb.awsgw1.jpl.nasa.gov,No,Yes,2,1,2026-03-26T00:00:00,2026-10-10T23:59:59,25234668940;25234650932,"C=CA, O=Entrust Limited, CN=Entrust OV TLS Issuing RSA CA 2"
parasol.sops.m20.jpl.nasa.gov,Yes,Yes,1,1,2025-09-30T00:00:00,2026-10-29T23:59:59,21377782615,"C=US, O=Amazon, CN=Amazon RSA 2048 M04"
parasol.tb.m20.jpl.nasa.gov,Yes,Yes,1,1,2025-10-15T00:00:00,2026-11-13T23:59:59,21741573082,"C=US, O=Amazon, CN=Amazon RSA 2048 M01"
partner-centers.jpl.nasa.gov,Yes,Yes,2,1,2026-03-25T00:00:00,2026-10-09T23:59:59,25202674934;25202663946,"C=CA, O=Entrust Limited, CN=Entrust OV TLS Issuing RSA CA 2"
partners.jpl.nasa.gov,No,Yes,2,1,2025-12-04T00:00:00,2026-12-04T23:59:59,22908111525;22908134556,"C=CA, O=Entrust Limited, CN=Entrust OV TLS Issuing RSA CA 2"
partnerships.msfc.nasa.gov,No,Yes,1,1,2025-10-28T00:00:00,2026-11-25T23:59:59,22064881921,"C=US, O=Amazon, CN=Amazon RSA 2048 M01"
parts.jpl.nasa.gov,No,Yes,2,1,2025-12-04T00:00:00,2026-12-04T23:59:59,22908111525;22908134556,"C=CA, O=Entrust Limited, CN=Entrust OV TLS Issuing RSA CA 2"
password.ivv.nasa.gov,No,Yes,3,1,2026-04-29T00:00:00,2026-12-03T23:59:59,25952813031;25923352623;26470099980,"C=US, O=DigiCert Inc, CN=DigiCert Global G2 TLS RSA SHA256 2020 CA1"
pasvpn1.jpl.nasa.gov,Yes,Yes,2,1,2026-03-25T00:00:00,2026-10-09T23:59:59,25202680462;25202681657,"C=CA, O=Entrust Limited, CN=Entrust OV TLS Issuing RSA CA 2"
pasvpn2.jpl.nasa.gov,No,Yes,2,1,2026-03-25T00:00:00,2026-10-09T23:59:59,25202680462;25202681657,"C=CA, O=Entrust Limited, CN=Entrust OV TLS Issuing RSA CA 2"
pasvpn3.jpl.nasa.gov,No,Yes,2,1,2026-03-25T00:00:00,2026-10-09T23:59:59,25202680462;25202681657,"C=CA, O=Entrust Limited, CN=Entrust OV TLS Issuing RSA CA 2"
pasvpn4.jpl.nasa.gov,No,Yes,2,1,2026-03-25T00:00:00,2026-10-09T23:59:59,25202680462;25202681657,"C=CA, O=Entrust Limited, CN=Entrust OV TLS Issuing RSA CA 2"
pasvpn5.jpl.nasa.gov,No,Yes,2,1,2026-03-25T00:00:00,2026-10-09T23:59:59,25202680462;25202681657,"C=CA, O=Entrust Limited, CN=Entrust OV TLS Issuing RSA CA 2"
pasvpn6.jpl.nasa.gov,No,Yes,2,1,2026-03-25T00:00:00,2026-10-09T23:59:59,25202680462;25202681657,"C=CA, O=Entrust Limited, CN=Entrust OV TLS Issuing RSA CA 2"
pasvpn7.jpl.nasa.gov,No,Yes,2,1,2026-03-25T00:00:00,2026-10-09T23:59:59,25202680462;25202681657,"C=CA, O=Entrust Limited, CN=Entrust OV TLS Issuing RSA CA 2"
pasvpn8.jpl.nasa.gov,No,Yes,2,1,2026-03-25T00:00:00,2026-10-09T23:59:59,25202680462;25202681657,"C=CA, O=Entrust Limited, CN=Entrust OV TLS Issuing RSA CA 2"
patents.jpl.nasa.gov,No,Yes,2,1,2025-12-04T00:00:00,2026-12-04T23:59:59,22908111525;22908134556,"C=CA, O=Entrust Limited, CN=Entrust OV TLS Issuing RSA CA 2"
pathways.jsc.nasa.gov,No,Yes,2,1,2026-07-19T10:48:48,2026-10-17T10:48:47,28063145278;28063160664,"C=US, O=Let's Encrypt, CN=YR1"
pcbaintsvc-1950-us-east-1.f5.earthdatacloud.nasa.gov,Yes,Yes,5,2,2026-04-08T00:00:00,2026-10-28T23:59:59,25686588178;25487437607;25506534976;25762822880;25540162916,"C=US, O=Amazon, CN=Amazon RSA 2048 M04;C=US, O=Amazon, CN=Amazon RSA 2048 M01"
pcbaintsvc-1950-us-west-2.f5.earthdatacloud.nasa.gov,Yes,Yes,6,2,2026-04-08T00:00:00,2026-10-28T23:59:59,25658188949;25472276255;25436873007;25762822825;25849369994;25522886629,"C=US, O=Amazon, CN=Amazon RSA 2048 M04;C=US, O=Amazon, CN=Amazon RSA 2048 M01"
pde.staging.nasa.gov,No,Yes,6,2,2025-11-06T00:00:00,2026-12-27T23:59:59,23457941075;25986979699;22258485537;22258442655;23457911902;25612396802,"C=GB, O=Sectigo Limited, CN=Sectigo Public Server Authentication CA DV R36;C=CA, O=Entrust Limited, CN=Entrust DV TLS Issuing RSA CA 2"
pdfgen.prosams.nasa.gov,Yes,Yes,2,1,2026-05-11T00:00:00,2026-11-24T23:59:59,26241215539;26242852210,"C=US, O=Amazon, CN=Amazon RSA 2048 M01"
pdmfmsdev2.jpl.nasa.gov,No,Yes,2,1,2026-04-28T00:00:00,2026-11-12T23:59:59,25889323595;26085249770,"C=CA, O=Entrust Limited, CN=Entrust OV TLS Issuing RSA CA 2"
pds-engineering.jpl.nasa.gov,Yes,Yes,2,1,2026-05-21T00:00:00,2026-12-05T23:59:59,26527228741;26527196844,"C=CA, O=Entrust Limited, CN=Entrust OV TLS Issuing RSA CA 2"
pds-imaging.jpl.nasa.gov,Yes,Yes,2,1,2026-06-03T00:00:00,2026-12-18T23:59:59,26864725838;26864690856,"C=CA, O=Entrust Limited, CN=Entrust OV TLS Issuing RSA CA 2"
pds-peer-review.jpl.nasa.gov,No,Yes,2,1,2025-12-04T00:00:00,2026-12-04T23:59:59,22908111525;22908134556,"C=CA, O=Entrust Limited, CN=Entrust OV TLS Issuing RSA CA 2"
pds-peer-reviews.jpl.nasa.gov,No,Yes,2,1,2025-12-04T00:00:00,2026-12-04T23:59:59,22908111525;22908134556,"C=CA, O=Entrust Limited, CN=Entrust OV TLS Issuing RSA CA 2"
pds-sit.mcp.nasa.gov,Yes,Yes,3,2,2026-05-12T00:00:00,2026-11-30T23:59:59,26272570264;26396226425;26275454705,"C=US, O=Amazon, CN=Amazon RSA 2048 M04;C=US, O=Amazon, CN=Amazon RSA 2048 M01"
pds-uat.mcp.nasa.gov,Yes,Yes,2,2,2025-10-10T00:00:00,2026-11-24T23:59:59,21628495245;26247479786,"C=US, O=Amazon, CN=Amazon RSA 2048 M04;C=US, O=Amazon, CN=Amazon RSA 2048 M01"
pds.jpl.nasa.gov,Yes,Yes,2,1,2026-05-05T00:00:00,2026-11-19T23:59:59,26091658514;26157242457,"C=CA, O=Entrust Limited, CN=Entrust OV TLS Issuing RSA CA 2"
pds.mcp.nasa.gov,Yes,Yes,3,2,2026-06-15T00:00:00,2026-12-31T23:59:59,27199073434;27248291072;27197714731,"C=US, O=Amazon, CN=Amazon RSA 2048 M04;C=US, O=Amazon, CN=Amazon RSA 2048 M01"
pds.nasa.gov,Yes,Yes,2,1,2026-05-04T00:00:00,2026-11-18T23:59:59,26314942885;26072746803,"C=US, O=DigiCert Inc, CN=DigiCert Global G2 TLS RSA SHA256 2020 CA1"
pfm.ivv.nasa.gov,No,Yes,4,1,2026-04-29T00:00:00,2026-12-03T23:59:59,25952813031;25923352623;26470099980;25924315102,"C=US, O=DigiCert Inc, CN=DigiCert Global G2 TLS RSA SHA256 2020 CA1"
pfmpre.ivv.nasa.gov,No,Yes,4,1,2026-04-29T00:00:00,2026-12-03T23:59:59,25952813031;25923352623;26470099980;25952926190,"C=US, O=DigiCert Inc, CN=DigiCert Global G2 TLS RSA SHA256 2020 CA1"
photojournal.jpl.nasa.gov,Yes,Yes,2,1,2026-06-03T00:00:00,2026-12-18T23:59:59,26864724650;26864753929,"C=CA, O=Entrust Limited, CN=Entrust OV TLS Issuing RSA CA 2"
phytir.jpl.nasa.gov,No,Yes,2,1,2026-05-19T00:00:00,2026-12-03T23:59:59,26470308202;26471667692,"C=CA, O=Entrust Limited, CN=Entrust OV TLS Issuing RSA CA 2"
pinpqly0yyttje.intsvc.cloud.sit.earthdata.nasa.gov,Yes,Yes,2,1,2026-04-25T00:00:00,2026-11-08T23:59:59,25765483205;26060517285,"C=US, O=Amazon, CN=Amazon RSA 2048 M01"
pipeline.aao.nasa.gov,No,Yes,4,1,2025-09-29T00:00:00,2026-12-18T23:59:59,21348422864;26858978624;21348439766;26858944720,"C=CA, O=Entrust Limited, CN=Entrust DV TLS Issuing RSA CA 2"
pki.nasa.gov,No,Yes,6,2,2025-09-29T00:00:00,2026-12-18T23:59:59,26858944720;21348422864;25986979699;21348439766;25612396802;26858978624,"C=GB, O=Sectigo Limited, CN=Sectigo Public Server Authentication CA DV R36;C=CA, O=Entrust Limited, CN=Entrust DV TLS Issuing RSA CA 2"
places-unstable.gd.m20.jpl.nasa.gov,Yes,Yes,1,1,2026-04-19T00:00:00,2026-11-02T23:59:59,25572933441,"C=US, O=Amazon, CN=Amazon RSA 2048 M01"
places.sops.m20.jpl.nasa.gov,Yes,Yes,1,1,2025-09-30T00:00:00,2026-10-29T23:59:59,21381850262,"C=US, O=Amazon, CN=Amazon RSA 2048 M04"
places.tb.m20.jpl.nasa.gov,Yes,Yes,1,1,2025-10-15T00:00:00,2026-11-13T23:59:59,21745102058,"C=US, O=Amazon, CN=Amazon RSA 2048 M04"
places.tbdev.m20.jpl.nasa.gov,Yes,Yes,1,1,2025-10-13T00:00:00,2026-11-11T23:59:59,21694990583,"C=US, O=Amazon, CN=Amazon RSA 2048 M04"
places.train.m20.jpl.nasa.gov,Yes,Yes,1,1,2025-10-16T00:00:00,2026-11-14T23:59:59,21768146738,"C=US, O=Amazon, CN=Amazon RSA 2048 M04"
plandev-docs.lro.dev-shared.ssmo.appdat.jsc.nasa.gov,Yes,Yes,2,1,2026-07-14T18:15:49,2026-10-12T18:15:48,27934017912;27934013642,"C=US, O=Let's Encrypt, CN=YR1"
planetary.data.nasa.gov,Yes,Yes,1,1,2025-10-15T00:00:00,2026-11-13T23:59:59,21726981466,"C=US, O=Amazon, CN=Amazon RSA 2048 M01"
planetarydata.jpl.nasa.gov,Yes,Yes,2,1,2026-04-27T00:00:00,2026-11-11T23:59:59,25849726563;26035857906,"C=CA, O=Entrust Limited, CN=Entrust OV TLS Issuing RSA CA 2"
planetaryprotection.jpl.nasa.gov,No,Yes,2,1,2025-12-04T00:00:00,2026-12-04T23:59:59,22908111525;22908134556,"C=CA, O=Entrust Limited, CN=Entrust OV TLS Issuing RSA CA 2"
planetaryscience.nasa.gov,No,Yes,1,1,2025-09-16T00:00:00,2026-10-14T23:59:59,21063781145,"C=US, O=Amazon, CN=Amazon RSA 2048 M01"
plmpdmdev2.jpl.nasa.gov,Yes,Yes,2,1,2026-04-28T00:00:00,2026-11-12T23:59:59,25889323595;26085249770,"C=CA, O=Entrust Limited, CN=Entrust OV TLS Issuing RSA CA 2"
plmsvn.jpl.nasa.gov,No,Yes,2,1,2025-10-28T00:00:00,2026-10-28T23:59:59,22063579918;22063593977,"C=CA, O=Entrust Limited, CN=Entrust OV TLS Issuing RSA CA 2"
pls.nasa.gov,No,Yes,6,2,2025-09-29T00:00:00,2026-12-18T23:59:59,26858944720;21348422864;25986979699;21348439766;25612396802;26858978624,"C=GB, O=Sectigo Limited, CN=Sectigo Public Server Authentication CA DV R36;C=CA, O=Entrust Limited, CN=Entrust DV TLS Issuing RSA CA 2"
pls.uat.nasa.gov,No,Yes,6,2,2025-11-06T00:00:00,2026-12-27T23:59:59,23457941075;25986979699;22258485537;22258442655;23457911902;25612396802,"C=GB, O=Sectigo Limited, CN=Sectigo Public Server Authentication CA DV R36;C=CA, O=Entrust Limited, CN=Entrust DV TLS Issuing RSA CA 2"
plus.nasa.gov,Yes,Yes,2,1,2026-07-15T19:25:22,2026-10-13T19:25:21,27962742218;27962740425,"C=US, O=Let's Encrypt, CN=YE1"
pmert.ivv.nasa.gov,No,Yes,4,1,2026-04-29T00:00:00,2026-12-03T23:59:59,25952813031;25923352623;26470099980;25924315102,"C=US, O=DigiCert Inc, CN=DigiCert Global G2 TLS RSA SHA256 2020 CA1"
pmertpre.ivv.nasa.gov,No,Yes,4,1,2026-04-29T00:00:00,2026-12-03T23:59:59,25952813031;25923352623;26470099980;25952926190,"C=US, O=DigiCert Inc, CN=DigiCert Global G2 TLS RSA SHA256 2020 CA1"
pmm.gd.m20.jpl.nasa.gov,Yes,Yes,1,1,2026-04-17T00:00:00,2026-10-31T23:59:59,25550357766,"C=US, O=Amazon, CN=Amazon RSA 2048 M04"
pmm.sstage.m20.jpl.nasa.gov,Yes,Yes,1,1,2025-11-19T00:00:00,2026-12-18T23:59:59,22602458729,"C=US, O=Amazon, CN=Amazon RSA 2048 M01"
pob061thcsdwwz.intsvc.cloud.sit.earthdata.nasa.gov,Yes,Yes,1,1,2025-10-04T00:00:00,2026-11-02T23:59:59,21460596061,"C=US, O=Amazon, CN=Amazon RSA 2048 M04"
podaac-www.jpl.nasa.gov,No,Yes,2,1,2026-06-04T00:00:00,2026-12-19T23:59:59,26893325692;26893358950,"C=CA, O=Entrust Limited, CN=Entrust OV TLS Issuing RSA CA 2"
podaac.jpl.nasa.gov,Yes,Yes,2,1,2026-06-04T00:00:00,2026-12-19T23:59:59,26893325692;26893358950,"C=CA, O=Entrust Limited, CN=Entrust OV TLS Issuing RSA CA 2"
popo.jpl.nasa.gov,No,Yes,2,1,2026-05-11T00:00:00,2026-11-25T23:59:59,26257694179;26257765097,"C=CA, O=Entrust Limited, CN=Entrust OV TLS Issuing RSA CA 2"
poros.ivv.nasa.gov,No,Yes,3,1,2026-04-29T00:00:00,2026-12-03T23:59:59,25952813031;25923352623;26470099980,"C=US, O=DigiCert Inc, CN=DigiCert Global G2 TLS RSA SHA256 2020 CA1"
portal.jpl.nasa.gov,No,Yes,2,1,2026-03-25T00:00:00,2026-10-09T23:59:59,25202663220;25202649509,"C=CA, O=Entrust Limited, CN=Entrust OV TLS Issuing RSA CA 2"
portal.uat.nasa.gov,No,Yes,6,2,2025-11-06T00:00:00,2026-12-27T23:59:59,23457941075;25986979699;22258485537;22258442655;23457911902;25612396802,"C=GB, O=Sectigo Limited, CN=Sectigo Public Server Authentication CA DV R36;C=CA, O=Entrust Limited, CN=Entrust DV TLS Issuing RSA CA 2"
postdocs.jpl.nasa.gov,No,Yes,2,1,2025-12-04T00:00:00,2026-12-04T23:59:59,22908111525;22908134556,"C=CA, O=Entrust Limited, CN=Entrust OV TLS Issuing RSA CA 2"
ppbe-aws.hqmce.nasa.gov,Yes,Yes,1,1,2025-11-16T00:00:00,2026-12-15T23:59:59,22502263329,"C=US, O=Amazon, CN=Amazon RSA 2048 M01"
ppbe.aws.nasa.gov,No,Yes,1,1,2025-11-16T00:00:00,2026-12-15T23:59:59,22502263329,"C=US, O=Amazon, CN=Amazon RSA 2048 M01"
ppm-int-gsa.nasa.gov,No,Yes,6,2,2025-09-29T00:00:00,2026-12-18T23:59:59,26858944720;21348422864;25986979699;21348439766;25612396802;26858978624,"C=GB, O=Sectigo Limited, CN=Sectigo Public Server Authentication CA DV R36;C=CA, O=Entrust Limited, CN=Entrust DV TLS Issuing RSA CA 2"
ppm-int-gsa.uat.nasa.gov,No,Yes,6,2,2025-11-06T00:00:00,2026-12-27T23:59:59,23457941075;25986979699;22258485537;22258442655;23457911902;25612396802,"C=GB, O=Sectigo Limited, CN=Sectigo Public Server Authentication CA DV R36;C=CA, O=Entrust Limited, CN=Entrust DV TLS Issuing RSA CA 2"
ppr.jpl.nasa.gov,No,Yes,2,1,2025-12-04T00:00:00,2026-12-04T23:59:59,22908111525;22908134556,"C=CA, O=Entrust Limited, CN=Entrust OV TLS Issuing RSA CA 2"
pr.ectb.awsgw1.jpl.nasa.gov,No,Yes,2,1,2026-03-26T00:00:00,2026-10-10T23:59:59,25234668940;25234650932,"C=CA, O=Entrust Limited, CN=Entrust OV TLS Issuing RSA CA 2"
pr.sops.m20.jpl.nasa.gov,Yes,Yes,1,1,2025-09-30T00:00:00,2026-10-29T23:59:59,21377508672,"C=US, O=Amazon, CN=Amazon RSA 2048 M04"
pr.tb.m20.jpl.nasa.gov,Yes,Yes,1,1,2025-10-15T00:00:00,2026-11-13T23:59:59,21741264544,"C=US, O=Amazon, CN=Amazon RSA 2048 M04"
pr.tbdev.m20.jpl.nasa.gov,Yes,Yes,1,1,2025-10-13T00:00:00,2026-11-11T23:59:59,21695375483,"C=US, O=Amazon, CN=Amazon RSA 2048 M04"
pr.train.m20.jpl.nasa.gov,Yes,Yes,1,1,2025-10-16T00:00:00,2026-11-14T23:59:59,21764076919,"C=US, O=Amazon, CN=Amazon RSA 2048 M01"
praxis-dev.nasa.gov,Yes,Yes,2,2,2025-09-23T00:00:00,2026-10-22T23:59:59,21228740772;21228742581,"C=US, O=Amazon, CN=Amazon RSA 2048 M04;C=US, O=Amazon, CN=Amazon RSA 2048 M01"
premium.sierra.luna.nasa.gov,Yes,Yes,8,1,2026-07-15T18:33:51,2026-10-14T15:33:03,27987235247;27961701766;27987228612;27961684685;27987228878;27961707090;27961678194;27987235963,"C=US, O=Let's Encrypt, CN=YR2"
prime2.amesaero.nasa.gov,Yes,Yes,1,1,2026-06-10T00:00:00,2026-12-24T23:59:59,27058334881,"C=US, O=Amazon, CN=Amazon RSA 2048 M04"
prism.jpl.nasa.gov,No,Yes,2,1,2025-12-04T00:00:00,2026-12-04T23:59:59,22908111525;22908134556,"C=CA, O=Entrust Limited, CN=Entrust OV TLS Issuing RSA CA 2"
privacy.nasa.gov,No,Yes,1,1,2025-09-16T00:00:00,2026-10-14T23:59:59,21063781145,"C=US, O=Amazon, CN=Amazon RSA 2048 M01"
privatelinktest.hqmce.nasa.gov,Yes,Yes,1,1,2026-05-06T00:00:00,2026-11-19T23:59:59,26133266181,"C=US, O=Amazon, CN=Amazon RSA 2048 M01"
procurement.jsc.nasa.gov,No,Yes,2,1,2026-07-19T10:48:48,2026-10-17T10:48:47,28063145278;28063160664,"C=US, O=Let's Encrypt, CN=YR1"
procurement.nasa.gov,No,Yes,12,2,2025-11-12T00:00:00,2026-12-20T23:59:59,26109741084;22619026515;22418180270;26099796820;26099796428;26099798609;25922401824;25922403565;22619046224;25922425662;25953945323;22418216874,"C=GB, O=Sectigo Limited, CN=Sectigo Public Server Authentication CA DV R36;C=CA, O=Entrust Limited, CN=Entrust DV TLS Issuing RSA CA 2"
prod-l0dup05.larc.nasa.gov,No,Yes,1,1,2025-11-10T00:00:00,2026-11-13T23:59:59,22363646996,"C=US, O=DigiCert Inc, OU=www.digicert.com, CN=Thawte TLS RSA CA G1"
prod-marscms.jpl.nasa.gov,No,Yes,2,1,2026-06-15T00:00:00,2026-12-30T23:59:59,27215415840;27215384297,"C=CA, O=Entrust Limited, CN=Entrust OV TLS Issuing RSA CA 2"
prod.across.sciencecloud.nasa.gov,Yes,Yes,1,1,2026-05-07T00:00:00,2026-11-20T23:59:59,26152042772,"C=US, O=Amazon, CN=Amazon RSA 2048 M01"
prod.nais.nasa.gov,Yes,Yes,2,1,2025-11-20T00:00:00,2026-12-20T23:59:59,22619026515;22619046224,"C=CA, O=Entrust Limited, CN=Entrust DV TLS Issuing RSA CA 2"
prod.satcorps.smce.nasa.gov,No,Yes,2,1,2026-07-13T10:40:30,2026-10-11T10:40:29,27897660277;27897653074,"C=US, O=Let's Encrypt, CN=YE1"
prod.wsa.ccmc.smce.nasa.gov,Yes,Yes,1,1,2025-11-03T00:00:00,2026-12-02T23:59:59,22173219174,"C=US, O=Amazon, CN=Amazon RSA 2048 M01"
prognostics.arc.nasa.gov,No,Yes,2,1,2026-07-15T10:53:46,2026-10-13T10:53:45,27952425342;27952428129,"C=US, O=Let's Encrypt, CN=YR2"
prognostics.nasa.gov,No,Yes,2,1,2026-07-15T10:53:46,2026-10-13T10:53:45,27952425342;27952428129,"C=US, O=Let's Encrypt, CN=YR2"
project.satcorps.smce.nasa.gov,No,Yes,2,1,2026-07-13T10:40:30,2026-10-11T10:40:29,27897660277;27897653074,"C=US, O=Let's Encrypt, CN=YE1"
projects.ivv.nasa.gov,No,Yes,4,1,2026-04-29T00:00:00,2026-12-03T23:59:59,25952813031;25923352623;26470099980;25924315102,"C=US, O=DigiCert Inc, CN=DigiCert Global G2 TLS RSA SHA256 2020 CA1"
projectspre.ivv.nasa.gov,No,Yes,4,1,2026-04-29T00:00:00,2026-12-03T23:59:59,25952813031;25923352623;26470099980;25952926190,"C=US, O=DigiCert Inc, CN=DigiCert Global G2 TLS RSA SHA256 2020 CA1"
prometheus.smce.nasa.gov,Yes,Yes,1,1,2025-11-30T00:00:00,2026-12-29T23:59:59,22816736620,"C=US, O=Amazon, CN=Amazon RSA 2048 M01"
promote-hub.gd.m20.jpl.nasa.gov,Yes,Yes,1,1,2026-04-02T00:00:00,2026-10-16T23:59:59,25304805955,"C=US, O=Amazon, CN=Amazon RSA 2048 M04"
prosams-govprod.prosams.nasa.gov,Yes,Yes,1,1,2025-10-13T00:00:00,2026-11-11T23:59:59,21696170439,"C=US, O=Amazon, CN=Amazon RSA 2048 M01"
prosams.nasa.gov,Yes,Yes,3,1,2025-10-16T00:00:00,2026-11-14T23:59:59,25228602625;25224652397;21768374258,"C=US, O=Amazon, CN=Amazon RSA 2048 M04"
pscischool.jpl.nasa.gov,No,Yes,2,1,2025-12-04T00:00:00,2026-12-04T23:59:59,22908111525;22908134556,"C=CA, O=Entrust Limited, CN=Entrust OV TLS Issuing RSA CA 2"
psi-webapps-dev-1.hqmce.nasa.gov,Yes,Yes,1,1,2026-03-26T00:00:00,2026-10-09T23:59:59,25222354967,"C=US, O=Amazon, CN=Amazon RSA 2048 M04"
psi.ndc.nasa.gov,No,Yes,14,2,2026-04-15T00:00:00,2026-10-30T23:59:59,25912718088;25912311865;25912326319;25912298162;25912307138;25553915065;25553908477;25553910929;25553923779;25553920234;25912338415;25553916818;25554161214;25912301922,"C=GB, O=Sectigo Limited, CN=Sectigo Public Server Authentication CA DV R36;C=CA, O=Entrust Limited, CN=Entrust DV TLS Issuing RSA CA 2"
psss.jpl.nasa.gov,No,Yes,2,1,2025-12-04T00:00:00,2026-12-04T23:59:59,22908111525;22908134556,"C=CA, O=Entrust Limited, CN=Entrust OV TLS Issuing RSA CA 2"
psychetbingeniumes.jpl.nasa.gov,Yes,Yes,2,1,2026-06-15T00:00:00,2026-12-30T23:59:59,27212080049;27212045447,"C=CA, O=Entrust Limited, CN=Entrust OV TLS Issuing RSA CA 2"
psychetbingeniumv14.jpl.nasa.gov,Yes,Yes,2,1,2026-06-15T00:00:00,2026-12-30T23:59:59,27212030447;27212076154,"C=CA, O=Entrust Limited, CN=Entrust OV TLS Issuing RSA CA 2"
pub-lib.jpl.nasa.gov,Yes,Yes,1,1,2026-07-24T10:55:31,2026-10-22T11:49:04,28210421621,"C=US, O=Google Trust Services, CN=WR3"
public.cosmic.appdat.jsc.nasa.gov,No,Yes,2,1,2026-07-17T15:20:07,2026-10-15T15:20:06,28015774404;28015763496,"C=US, O=Let's Encrypt, CN=YR1"
public.cosmic.development.luna.nasa.gov,Yes,Yes,4,1,2026-07-19T16:36:02,2026-10-17T16:36:05,28070002507;28070009233;28070004518;28070010681,"C=US, O=Let's Encrypt, CN=YR2"
public.cosmic.staging.luna.nasa.gov,Yes,Yes,2,1,2026-07-19T16:36:37,2026-10-17T16:36:36,28070011926;28070018260,"C=US, O=Let's Encrypt, CN=YR1"
public.dev.cosmic.appdat.jsc.nasa.gov,No,Yes,2,1,2026-07-17T15:21:23,2026-10-15T15:21:22,28015788686;28015799522,"C=US, O=Let's Encrypt, CN=YR1"
public.forms.neacc.nasa.gov,No,Yes,2,1,2025-09-29T00:00:00,2026-10-16T23:59:59,21348439766;21348422864,"C=CA, O=Entrust Limited, CN=Entrust DV TLS Issuing RSA CA 2"
public.forms.uat.neacc.nasa.gov,No,Yes,4,1,2025-11-06T00:00:00,2026-12-27T23:59:59,23457911902;22258485537;23457941075;22258442655,"C=CA, O=Entrust Limited, CN=Entrust DV TLS Issuing RSA CA 2"
public.ksc.nasa.gov,Yes,Yes,2,1,2026-04-02T00:00:00,2026-10-17T23:59:59,25379232414;25316689814,"C=CA, O=Entrust Limited, CN=Entrust DV TLS Issuing RSA CA 2"
public.staging.cosmic.appdat.jsc.nasa.gov,No,Yes,2,1,2026-07-17T15:20:40,2026-10-15T15:20:39,28015780535;28015763373,"C=US, O=Let's Encrypt, CN=YR2"
publicforms.nasa.gov,No,Yes,14,2,2026-04-15T00:00:00,2026-10-30T23:59:59,25912718088;25912311865;25912326319;25912298162;25912307138;25553915065;25553908477;25553910929;25553923779;25553920234;25912338415;25553916818;25554161214;25912301922,"C=GB, O=Sectigo Limited, CN=Sectigo Public Server Authentication CA DV R36;C=CA, O=Entrust Limited, CN=Entrust DV TLS Issuing RSA CA 2"
publish-assets-s.science.nasa.gov,Yes,Yes,1,1,2025-12-17T00:00:00,2026-12-22T23:59:59,23167865920,"C=US, O=DigiCert Inc, CN=DigiCert Global G2 TLS RSA SHA256 2020 CA1"
publish-assets.science.nasa.gov,Yes,Yes,1,1,2025-12-17T00:00:00,2026-12-17T23:59:59,23181985867,"C=US, O=DigiCert Inc, CN=DigiCert Global G2 TLS RSA SHA256 2020 CA1"
pulse.nasa.gov,No,Yes,6,2,2025-09-29T00:00:00,2026-12-18T23:59:59,26858944720;21348422864;25986979699;21348439766;25612396802;26858978624,"C=GB, O=Sectigo Limited, CN=Sectigo Public Server Authentication CA DV R36;C=CA, O=Entrust Limited, CN=Entrust DV TLS Issuing RSA CA 2"
pulse.staging.nasa.gov,No,Yes,6,2,2025-11-06T00:00:00,2026-12-27T23:59:59,23457941075;25986979699;22258485537;22258442655;23457911902;25612396802,"C=GB, O=Sectigo Limited, CN=Sectigo Public Server Authentication CA DV R36;C=CA, O=Entrust Limited, CN=Entrust DV TLS Issuing RSA CA 2"
pvc.ecs.nasa.gov,Yes,Yes,2,1,2025-10-31T00:00:00,2026-11-30T23:59:59,22121695830;22121713543,"C=CA, O=Entrust Limited, CN=Entrust DV TLS Issuing RSA CA 2"
qaexternal.jpl.nasa.gov,No,Yes,2,1,2025-12-04T00:00:00,2026-12-04T23:59:59,22908111525;22908134556,"C=CA, O=Entrust Limited, CN=Entrust OV TLS Issuing RSA CA 2"
quantum.nasa.gov,No,Yes,2,1,2026-07-15T10:53:46,2026-10-13T10:53:45,27952425342;27952428129,"C=US, O=Let's Encrypt, CN=YR2"
quebec.beoc.ecs.nasa.gov,No,Yes,2,1,2025-09-12T00:00:00,2026-10-12T23:59:59,20970701496;20970701226,"C=CA, O=Entrust Limited, CN=Entrust DV TLS Issuing RSA CA 2"
r.arc.nasa.gov,No,Yes,1,1,2025-09-16T00:00:00,2026-10-14T23:59:59,21063781145,"C=US, O=Amazon, CN=Amazon RSA 2048 M01"
r115asmmv25wr7.intsvc.cloud.sit.earthdata.nasa.gov,Yes,Yes,1,1,2026-06-08T00:00:00,2026-12-22T23:59:59,26984198154,"C=US, O=Amazon, CN=Amazon RSA 2048 M01"
raitest.gd.m20.jpl.nasa.gov,Yes,Yes,1,1,2025-11-18T00:00:00,2026-12-17T23:59:59,22551861009,"C=US, O=Amazon, CN=Amazon RSA 2048 M01"
rally-test.app-sbx.nasa.gov,No,Yes,2,1,2025-10-08T00:00:00,2026-11-08T23:59:59,21573084669;21573065704,"C=CA, O=Entrust Limited, CN=Entrust OV TLS Issuing RSA CA 2"
rally.app.nasa.gov,No,Yes,2,1,2025-10-10T00:00:00,2026-11-10T23:59:59,21626631333;21626649325,"C=CA, O=Entrust Limited, CN=Entrust OV TLS Issuing RSA CA 2"
rapweb.jpl.nasa.gov,No,Yes,2,1,2025-12-04T00:00:00,2026-12-04T23:59:59,22908111525;22908134556,"C=CA, O=Entrust Limited, CN=Entrust OV TLS Issuing RSA CA 2"
ras.jpl.nasa.gov,No,Yes,2,1,2025-12-04T00:00:00,2026-12-04T23:59:59,22908111525;22908134556,"C=CA, O=Entrust Limited, CN=Entrust OV TLS Issuing RSA CA 2"
rascal.sops.m20.jpl.nasa.gov,Yes,Yes,1,1,2025-09-30T00:00:00,2026-10-29T23:59:59,21377687513,"C=US, O=Amazon, CN=Amazon RSA 2048 M04"
rascal.train.m20.jpl.nasa.gov,Yes,Yes,1,1,2025-10-16T00:00:00,2026-11-14T23:59:59,21765668862,"C=US, O=Amazon, CN=Amazon RSA 2048 M04"
raw.developer.nasa.gov,No,Yes,4,1,2026-03-25T00:00:00,2026-10-09T23:59:59,25220086879;25216734825;25220105694;25216718827,"C=CA, O=Entrust Limited, CN=Entrust OV TLS Issuing RSA CA 2"
rays-jamf.jpl.nasa.gov,Yes,Yes,2,1,2026-04-13T00:00:00,2026-10-28T23:59:59,25526803962;25861402084,"C=CA, O=Entrust Limited, CN=Entrust OV TLS Issuing RSA CA 2"
rayv-jamf.jpl.nasa.gov,No,Yes,2,1,2026-04-13T00:00:00,2026-10-28T23:59:59,25526803962;25861402084,"C=CA, O=Entrust Limited, CN=Entrust OV TLS Issuing RSA CA 2"
rcmes.jpl.nasa.gov,No,Yes,2,1,2025-12-04T00:00:00,2026-12-04T23:59:59,22908111525;22908134556,"C=CA, O=Entrust Limited, CN=Entrust OV TLS Issuing RSA CA 2"
rdp.ivv.nasa.gov,No,Yes,3,1,2026-04-29T00:00:00,2026-12-03T23:59:59,25952813031;25923352623;26470099980,"C=US, O=DigiCert Inc, CN=DigiCert Global G2 TLS RSA SHA256 2020 CA1"
reams.nasa.gov,No,Yes,6,2,2025-09-29T00:00:00,2026-12-18T23:59:59,26858944720;21348422864;25986979699;21348439766;25612396802;26858978624,"C=GB, O=Sectigo Limited, CN=Sectigo Public Server Authentication CA DV R36;C=CA, O=Entrust Limited, CN=Entrust DV TLS Issuing RSA CA 2"
reams.uat.nasa.gov,No,Yes,6,2,2025-11-06T00:00:00,2026-12-27T23:59:59,23457941075;25986979699;22258485537;22258442655;23457911902;25612396802,"C=GB, O=Sectigo Limited, CN=Sectigo Public Server Authentication CA DV R36;C=CA, O=Entrust Limited, CN=Entrust DV TLS Issuing RSA CA 2"
redirect.ems.eosdis.nasa.gov,Yes,Yes,2,1,2025-11-05T00:00:00,2026-12-04T23:59:59,22230406733;22230388978,"C=CA, O=Entrust Limited, CN=Entrust DV TLS Issuing RSA CA 2"
redirects.appdat.jsc.nasa.gov,Yes,Yes,2,1,2026-07-19T10:48:48,2026-10-17T10:48:47,28063145278;28063160664,"C=US, O=Let's Encrypt, CN=YR1"
redmine.czdt.smce.nasa.gov,No,Yes,2,1,2026-07-24T13:06:37,2026-10-22T13:06:36,28213076651;28213078451,"C=US, O=Let's Encrypt, CN=YE1"
redmine.satcorps.smce.nasa.gov,No,Yes,2,1,2026-07-13T10:40:30,2026-10-11T10:40:29,27897660277;27897653074,"C=US, O=Let's Encrypt, CN=YE1"
registry.code.luna.nasa.gov,Yes,Yes,2,1,2026-07-22T03:28:00,2026-10-20T03:27:59,28142923137;28142921777,"C=US, O=Let's Encrypt, CN=YR1"
registry.code.staging.luna.nasa.gov,Yes,Yes,2,1,2026-07-12T15:10:07,2026-10-10T15:10:06,27877730239;27877729281,"C=US, O=Let's Encrypt, CN=YR1"
registry.luna.nasa.gov,Yes,Yes,2,1,2026-07-15T15:02:54,2026-10-13T15:02:53,27957416793;27957422188,"C=US, O=Let's Encrypt, CN=YR1"
registry.operations.luna.nasa.gov,Yes,Yes,2,1,2026-07-15T15:34:31,2026-10-13T15:34:30,27958131285;27958124744,"C=US, O=Let's Encrypt, CN=YR1"
remote.ivv.nasa.gov,No,Yes,3,1,2026-04-29T00:00:00,2026-12-03T23:59:59,25952813031;25923352623;26470099980,"C=US, O=DigiCert Inc, CN=DigiCert Global G2 TLS RSA SHA256 2020 CA1"
remote2.ivv.nasa.gov,No,Yes,3,1,2026-04-29T00:00:00,2026-12-03T23:59:59,25952813031;25923352623;26470099980,"C=US, O=DigiCert Inc, CN=DigiCert Global G2 TLS RSA SHA256 2020 CA1"
render.developer.nasa.gov,No,Yes,4,1,2026-03-25T00:00:00,2026-10-09T23:59:59,25220086879;25216734825;25220105694;25216718827,"C=CA, O=Entrust Limited, CN=Entrust OV TLS Issuing RSA CA 2"
reportapp-govprod.prosams.nasa.gov,Yes,Yes,3,2,2025-10-16T00:00:00,2026-11-15T23:59:59,21785328386;21762068750;21786174994,"C=US, O=Amazon, CN=Amazon RSA 2048 M04;C=US, O=Amazon, CN=Amazon RSA 2048 M01"
reportdocs.prosams.nasa.gov,Yes,Yes,1,1,2026-04-18T00:00:00,2026-11-01T23:59:59,25562545447,"C=US, O=Amazon, CN=Amazon RSA 2048 M04"
reportdocs.staging.prosams.nasa.gov,Yes,Yes,1,1,2026-04-19T00:00:00,2026-11-02T23:59:59,25573086648,"C=US, O=Amazon, CN=Amazon RSA 2048 M04"
reporting.sp.ipf.nasa.gov,No,Yes,1,1,2026-03-31T00:00:00,2026-10-15T23:59:59,25298688867,"C=US, O=DigiCert Inc, CN=DigiCert Global G2 TLS RSA SHA256 2020 CA1"
reporting.sp.iss.nasa.gov,No,Yes,1,1,2026-03-31T00:00:00,2026-10-15T23:59:59,25298688867,"C=US, O=DigiCert Inc, CN=DigiCert Global G2 TLS RSA SHA256 2020 CA1"
reporting16.sp.iss.nasa.gov,No,Yes,1,1,2026-03-31T00:00:00,2026-10-15T23:59:59,25298688867,"C=US, O=DigiCert Inc, CN=DigiCert Global G2 TLS RSA SHA256 2020 CA1"
reports.orbit.earthdatacloud.nasa.gov,Yes,Yes,2,1,2026-05-26T00:00:00,2026-12-09T23:59:59,26655706722;26686398889,"C=US, O=Amazon, CN=Amazon RSA 2048 M01"
reports.sit.orbit.earthdatacloud.nasa.gov,Yes,Yes,2,1,2026-05-12T00:00:00,2026-11-25T23:59:59,26292596014;26288151204,"C=US, O=Amazon, CN=Amazon RSA 2048 M04"
reports.sit.orbit.svc.earthdatacloud.nasa.gov,Yes,Yes,2,1,2026-06-09T00:00:00,2026-12-23T23:59:59,27025920460;27025663610,"C=US, O=Amazon, CN=Amazon RSA 2048 M01"
reports.uat.orbit.earthdatacloud.nasa.gov,Yes,Yes,2,1,2026-05-15T00:00:00,2026-11-28T23:59:59,26365444854;26453247861,"C=US, O=Amazon, CN=Amazon RSA 2048 M04"
reportsalb-592786976.auto.earthdatacloud.nasa.gov,Yes,Yes,2,1,2026-05-04T00:00:00,2026-11-17T23:59:59,26069942153;26097020518,"C=US, O=Amazon, CN=Amazon RSA 2048 M01"
reportsuatalb-3773665249.auto.earthdatacloud.nasa.gov,Yes,Yes,2,1,2026-05-13T00:00:00,2026-11-26T23:59:59,26329480065;26436409538,"C=US, O=Amazon, CN=Amazon RSA 2048 M04"
reprise.ivv.nasa.gov,Yes,Yes,4,1,2026-04-29T00:00:00,2026-12-03T23:59:59,25952813031;28123620210;25923352623;26470099980,"C=US, O=DigiCert Inc, CN=DigiCert Global G2 TLS RSA SHA256 2020 CA1"
request.hec.nasa.gov,No,Yes,1,1,2025-10-21T00:00:00,2026-11-06T23:59:59,21888933906,"C=US, O=DigiCert Inc, OU=www.digicert.com, CN=Thawte TLS RSA CA G1"
requester-pays.ngap.sit.earthdata.nasa.gov,Yes,Yes,2,1,2025-10-05T00:00:00,2026-11-03T23:59:59,21486285478;21489116944,"C=US, O=Amazon, CN=Amazon RSA 2048 M04"
research-streaming.dip-dev.amesaero.nasa.gov,Yes,Yes,1,1,2026-05-13T00:00:00,2026-11-26T23:59:59,26303066632,"C=US, O=Amazon, CN=Amazon RSA 2048 M04"
research-streaming.dip-services-dev.amesaero.nasa.gov,Yes,Yes,1,1,2026-05-13T00:00:00,2026-11-26T23:59:59,26301703046,"C=US, O=Amazon, CN=Amazon RSA 2048 M04"
research-streaming.dip-services.amesaero.nasa.gov,Yes,Yes,1,1,2026-05-13T00:00:00,2026-11-26T23:59:59,26299270704,"C=US, O=Amazon, CN=Amazon RSA 2048 M04"
research-streaming.dip.amesaero.nasa.gov,Yes,Yes,1,1,2026-05-13T00:00:00,2026-11-26T23:59:59,26298632373,"C=US, O=Amazon, CN=Amazon RSA 2048 M01"
researchdirectorate.larc.nasa.gov,No,Yes,1,1,2026-01-07T00:00:00,2026-12-10T23:59:59,23598652111,"C=US, O=DigiCert Inc, OU=www.digicert.com, CN=Thawte TLS RSA CA G1"
resolve.ivv.nasa.gov,No,Yes,4,1,2026-04-29T00:00:00,2026-12-03T23:59:59,25952813031;25923352623;26470099980;25924315102,"C=US, O=DigiCert Inc, CN=DigiCert Global G2 TLS RSA SHA256 2020 CA1"
resolvepre.ivv.nasa.gov,No,Yes,4,1,2026-04-29T00:00:00,2026-12-03T23:59:59,25952813031;25923352623;26470099980;25952926190,"C=US, O=DigiCert Inc, CN=DigiCert Global G2 TLS RSA SHA256 2020 CA1"
review.prosams.nasa.gov,Yes,Yes,2,1,2025-09-22T00:00:00,2026-10-21T23:59:59,21188998609;21190052627,"C=US, O=Amazon, CN=Amazon RSA 2048 M01"
reviewapp-govprod.prosams.nasa.gov,Yes,Yes,1,1,2025-10-16T00:00:00,2026-11-14T23:59:59,21762047234,"C=US, O=Amazon, CN=Amazon RSA 2048 M01"
rg5nsfxgb34usg.intsvc.cloud.earthdata.nasa.gov,Yes,Yes,1,1,2026-06-08T00:00:00,2026-12-22T23:59:59,26980750304,"C=US, O=Amazon, CN=Amazon RSA 2048 M01"
rhasmoke.gd.m20.jpl.nasa.gov,Yes,Yes,1,1,2025-09-10T00:00:00,2026-10-09T23:59:59,20909358502,"C=US, O=Amazon, CN=Amazon RSA 2048 M02"
rhasmoke2.gd.m20.jpl.nasa.gov,Yes,Yes,1,1,2025-09-10T00:00:00,2026-10-09T23:59:59,20909348150,"C=US, O=Amazon, CN=Amazon RSA 2048 M02"
rhasmoke3.gd.m20.jpl.nasa.gov,Yes,Yes,1,1,2025-09-10T00:00:00,2026-10-09T23:59:59,20909358209,"C=US, O=Amazon, CN=Amazon RSA 2048 M04"
rid-tracker.staging.luna.nasa.gov,Yes,Yes,2,1,2026-07-15T16:53:37,2026-10-13T16:53:36,27959672975;27959678383,"C=US, O=Let's Encrypt, CN=YR1"
ridge.luna.nasa.gov,Yes,Yes,2,1,2026-07-21T18:10:53,2026-10-19T18:10:52,28132010721;28132009589,"C=US, O=Let's Encrypt, CN=YR1"
ridge.staging.luna.nasa.gov,Yes,Yes,2,1,2026-07-15T20:40:27,2026-10-13T20:40:26,27964174087;27964174797,"C=US, O=Let's Encrypt, CN=YR2"
rids.msfc.nasa.gov,No,Yes,6,2,2025-09-29T00:00:00,2026-12-18T23:59:59,26858944720;21348422864;25986979699;21348439766;25612396802;26858978624,"C=GB, O=Sectigo Limited, CN=Sectigo Public Server Authentication CA DV R36;C=CA, O=Entrust Limited, CN=Entrust DV TLS Issuing RSA CA 2"
rids.uat.nasa.gov,No,Yes,6,2,2025-11-06T00:00:00,2026-12-27T23:59:59,23457941075;25986979699;22258485537;22258442655;23457911902;25612396802,"C=GB, O=Sectigo Limited, CN=Sectigo Public Server Authentication CA DV R36;C=CA, O=Entrust Limited, CN=Entrust DV TLS Issuing RSA CA 2"
risk.cosmic.appdat.jsc.nasa.gov,No,Yes,2,1,2026-07-17T15:20:07,2026-10-15T15:20:06,28015774404;28015763496,"C=US, O=Let's Encrypt, CN=YR1"
risk.cosmic.development.luna.nasa.gov,Yes,Yes,4,1,2026-07-19T16:36:04,2026-10-17T16:36:08,28070003100;28070005726;28070007305;28070010663,"C=US, O=Let's Encrypt, CN=YR2"
risk.cosmic.staging.luna.nasa.gov,Yes,Yes,2,1,2026-07-19T16:37:41,2026-10-17T16:37:40,28070031437;28070028796,"C=US, O=Let's Encrypt, CN=YR2"
risk.dev.cosmic.appdat.jsc.nasa.gov,No,Yes,2,1,2026-07-17T15:21:23,2026-10-15T15:21:22,28015788686;28015799522,"C=US, O=Let's Encrypt, CN=YR1"
risk.ivv.nasa.gov,No,Yes,4,1,2026-04-29T00:00:00,2026-12-03T23:59:59,25952813031;25923352623;26470099980;25924315102,"C=US, O=DigiCert Inc, CN=DigiCert Global G2 TLS RSA SHA256 2020 CA1"
risk.staging.cosmic.appdat.jsc.nasa.gov,No,Yes,2,1,2026-07-17T15:20:40,2026-10-15T15:20:39,28015780535;28015763373,"C=US, O=Let's Encrypt, CN=YR2"
riskpre.ivv.nasa.gov,No,Yes,4,1,2026-04-29T00:00:00,2026-12-03T23:59:59,25952813031;25923352623;26470099980;25952926190,"C=US, O=DigiCert Inc, CN=DigiCert Global G2 TLS RSA SHA256 2020 CA1"
rmakp.msfc.nasa.gov,No,Yes,12,1,2025-11-03T00:00:00,2026-11-14T23:59:59,26109741084;22182571925;26099796820;26099796428;22182572524;22182585279;26099798609;25922401824;25922403565;22182556624;25922425662;25953945323,"C=GB, O=Sectigo Limited, CN=Sectigo Public Server Authentication CA DV R36"
rmakp.nasa.gov,No,Yes,26,2,2025-11-03T00:00:00,2026-11-14T23:59:59,26109741084;26099796820;26099796428;25553908477;25553910929;26099798609;25553923779;25953945323;22182571925;25912326319;25912307138;25553915065;22182585279;22182556624;25922425662;25912298162;22182572524;25553916818;25912301922;25912718088;25912311865;25922401824;25922403565;25553920234;25912338415;25554161214,"C=GB, O=Sectigo Limited, CN=Sectigo Public Server Authentication CA DV R36;C=CA, O=Entrust Limited, CN=Entrust DV TLS Issuing RSA CA 2"
rms-prod.nas.nasa.gov,Yes,Yes,1,1,2025-10-21T00:00:00,2026-11-06T23:59:59,21888933906,"C=US, O=DigiCert Inc, OU=www.digicert.com, CN=Thawte TLS RSA CA G1"
rms.earthdata.nasa.gov,Yes,Yes,2,1,2025-11-20T00:00:00,2026-12-20T23:59:59,22622103919;22622082784,"C=CA, O=Entrust Limited, CN=Entrust DV TLS Issuing RSA CA 2"
rms.sit.earthdata.nasa.gov,No,Yes,2,1,2025-11-21T00:00:00,2026-12-21T23:59:59,22644252934;22644239048,"C=CA, O=Entrust Limited, CN=Entrust DV TLS Issuing RSA CA 2"
rms.uat.earthdata.nasa.gov,No,Yes,2,1,2025-11-21T00:00:00,2026-12-21T23:59:59,22644318995;22644335666,"C=CA, O=Entrust Limited, CN=Entrust DV TLS Issuing RSA CA 2"
ro-dashboard.sops.m20.jpl.nasa.gov,Yes,Yes,1,1,2025-09-30T00:00:00,2026-10-29T23:59:59,21376934803,"C=US, O=Amazon, CN=Amazon RSA 2048 M04"
robonaut.jsc.nasa.gov,No,Yes,2,1,2026-07-19T10:48:48,2026-10-17T10:48:47,28063145278;28063160664,"C=US, O=Let's Encrypt, CN=YR1"
robotics.jpl.nasa.gov,No,Yes,2,1,2025-12-04T00:00:00,2026-12-04T23:59:59,22908111525;22908134556,"C=CA, O=Entrust Limited, CN=Entrust OV TLS Issuing RSA CA 2"
rockettest.nasa.gov,No,Yes,1,1,2025-12-01T00:00:00,2026-12-30T23:59:59,22848354253,"C=US, O=Amazon, CN=Amazon RSA 2048 M04"
rocs-armik-unstable.gd.m20.jpl.nasa.gov,Yes,Yes,1,1,2026-05-17T00:00:00,2026-11-30T23:59:59,26395715089,"C=US, O=Amazon, CN=Amazon RSA 2048 M01"
rocs-armik.sops.m20.jpl.nasa.gov,Yes,Yes,1,1,2025-09-30T00:00:00,2026-10-29T23:59:59,21377528721,"C=US, O=Amazon, CN=Amazon RSA 2048 M04"
rocs-armik.tb.m20.jpl.nasa.gov,Yes,Yes,1,1,2025-10-15T00:00:00,2026-11-13T23:59:59,21741668915,"C=US, O=Amazon, CN=Amazon RSA 2048 M04"
rocs-detection.sops.m20.jpl.nasa.gov,Yes,Yes,1,1,2025-09-30T00:00:00,2026-10-29T23:59:59,21378774371,"C=US, O=Amazon, CN=Amazon RSA 2048 M04"
rocs-detection.tb.m20.jpl.nasa.gov,Yes,Yes,1,1,2025-10-15T00:00:00,2026-11-13T23:59:59,21741634192,"C=US, O=Amazon, CN=Amazon RSA 2048 M01"
rocs-detection.train.m20.jpl.nasa.gov,Yes,Yes,1,1,2025-10-16T00:00:00,2026-11-14T23:59:59,21764076534,"C=US, O=Amazon, CN=Amazon RSA 2048 M01"
rocs-enav.sops.m20.jpl.nasa.gov,Yes,Yes,1,1,2025-09-30T00:00:00,2026-10-29T23:59:59,21378740063,"C=US, O=Amazon, CN=Amazon RSA 2048 M04"
rocs-enav.tb.m20.jpl.nasa.gov,Yes,Yes,1,1,2025-10-15T00:00:00,2026-11-13T23:59:59,21743630119,"C=US, O=Amazon, CN=Amazon RSA 2048 M04"
rocs-enav.train.m20.jpl.nasa.gov,Yes,Yes,1,1,2025-10-16T00:00:00,2026-11-14T23:59:59,21764076149,"C=US, O=Amazon, CN=Amazon RSA 2048 M01"
rocs-frames.sops.m20.jpl.nasa.gov,Yes,Yes,1,1,2025-09-30T00:00:00,2026-10-29T23:59:59,21377529486,"C=US, O=Amazon, CN=Amazon RSA 2048 M04"
rocs-frames.train.m20.jpl.nasa.gov,Yes,Yes,1,1,2025-10-16T00:00:00,2026-11-14T23:59:59,21764118294,"C=US, O=Amazon, CN=Amazon RSA 2048 M01"
rocs-rksml.sops.m20.jpl.nasa.gov,Yes,Yes,1,1,2025-09-30T00:00:00,2026-10-29T23:59:59,21377528849,"C=US, O=Amazon, CN=Amazon RSA 2048 M01"
rocs-rksml.tb.m20.jpl.nasa.gov,Yes,Yes,1,1,2025-10-15T00:00:00,2026-11-13T23:59:59,21741686137,"C=US, O=Amazon, CN=Amazon RSA 2048 M04"
rocs-rksml.train.m20.jpl.nasa.gov,Yes,Yes,1,1,2025-10-16T00:00:00,2026-11-14T23:59:59,21764103618,"C=US, O=Amazon, CN=Amazon RSA 2048 M01"
rocs-rsmik.sops.m20.jpl.nasa.gov,Yes,Yes,1,1,2025-09-30T00:00:00,2026-10-29T23:59:59,21377548637,"C=US, O=Amazon, CN=Amazon RSA 2048 M04"
rocs-rsmik.tb.m20.jpl.nasa.gov,Yes,Yes,1,1,2025-10-15T00:00:00,2026-11-13T23:59:59,21741668968,"C=US, O=Amazon, CN=Amazon RSA 2048 M04"
rocs-rsmik.train.m20.jpl.nasa.gov,Yes,Yes,1,1,2025-10-16T00:00:00,2026-11-14T23:59:59,21764118623,"C=US, O=Amazon, CN=Amazon RSA 2048 M01"
rocs-spice-unstable.gd.m20.jpl.nasa.gov,Yes,Yes,1,1,2026-05-18T00:00:00,2026-12-01T23:59:59,26424687388,"C=US, O=Amazon, CN=Amazon RSA 2048 M01"
rocs-spice.sops.m20.jpl.nasa.gov,Yes,Yes,1,1,2025-09-30T00:00:00,2026-10-29T23:59:59,21377530674,"C=US, O=Amazon, CN=Amazon RSA 2048 M04"
rocs-spice.tb.m20.jpl.nasa.gov,Yes,Yes,1,1,2025-10-15T00:00:00,2026-11-13T23:59:59,21741669349,"C=US, O=Amazon, CN=Amazon RSA 2048 M01"
rocs-spice.train.m20.jpl.nasa.gov,Yes,Yes,1,1,2025-10-16T00:00:00,2026-11-14T23:59:59,21764103632,"C=US, O=Amazon, CN=Amazon RSA 2048 M04"
rocs-ssim.sops.m20.jpl.nasa.gov,Yes,Yes,1,1,2025-09-30T00:00:00,2026-10-29T23:59:59,21377547309,"C=US, O=Amazon, CN=Amazon RSA 2048 M01"
rocs-ssim.tb.m20.jpl.nasa.gov,Yes,Yes,1,1,2025-10-15T00:00:00,2026-11-13T23:59:59,21741686820,"C=US, O=Amazon, CN=Amazon RSA 2048 M01"
roland.grc.nasa.gov,Yes,Yes,2,1,2026-07-21T04:10:16,2026-10-19T04:10:15,28113947620;28113957928,"C=US, O=Let's Encrypt, CN=YR1"
rolo.sops.m20.jpl.nasa.gov,Yes,Yes,1,1,2025-09-30T00:00:00,2026-10-29T23:59:59,21381966629,"C=US, O=Amazon, CN=Amazon RSA 2048 M01"
roman.gsfc.nasa.gov,No,Yes,2,1,2025-11-06T00:00:00,2026-12-07T23:59:59,22260015134;22260038060,"C=GB, O=Sectigo Limited, CN=Sectigo Public Server Authentication CA DV R36"
roman.sciencecloud.nasa.gov,Yes,Yes,6,2,2025-11-06T00:00:00,2026-12-28T23:59:59,22633880386;22628595957;27054702527;22268400345;27169195269;27054070171,"C=US, O=Amazon, CN=Amazon RSA 2048 M04;C=US, O=Amazon, CN=Amazon RSA 2048 M01"
roster.jpl.nasa.gov,Yes,Yes,6,1,2026-06-09T00:00:00,2026-12-24T23:59:59,27027068867;27027381969;27027206049;27027190618;27027221823;27027046419,"C=CA, O=Entrust Limited, CN=Entrust OV TLS Issuing RSA CA 2"
roster3.jpl.nasa.gov,No,Yes,6,1,2026-06-09T00:00:00,2026-12-24T23:59:59,27027068867;27027381969;27027206049;27027190618;27027221823;27027046419,"C=CA, O=Entrust Limited, CN=Entrust OV TLS Issuing RSA CA 2"
roster4.jpl.nasa.gov,No,Yes,6,1,2026-06-09T00:00:00,2026-12-24T23:59:59,27027068867;27027381969;27027206049;27027190618;27027221823;27027046419,"C=CA, O=Entrust Limited, CN=Entrust OV TLS Issuing RSA CA 2"
rotorcraft.arc.nasa.gov,Yes,Yes,2,1,2026-07-20T08:58:57,2026-10-18T08:58:56,28089411660;28089415774,"C=US, O=Let's Encrypt, CN=YR2"
rounds-rule-editor.sops.m20.jpl.nasa.gov,Yes,Yes,1,1,2025-09-30T00:00:00,2026-10-29T23:59:59,21377782467,"C=US, O=Amazon, CN=Amazon RSA 2048 M04"
rounds-rule-editor.train.m20.jpl.nasa.gov,Yes,Yes,1,1,2025-10-17T00:00:00,2026-11-15T23:59:59,21784550868,"C=US, O=Amazon, CN=Amazon RSA 2048 M01"
rounds-ui.ectb.awsgw1.jpl.nasa.gov,No,Yes,2,1,2026-03-26T00:00:00,2026-10-10T23:59:59,25234668940;25234650932,"C=CA, O=Entrust Limited, CN=Entrust OV TLS Issuing RSA CA 2"
rounds-ui.sops.m20.jpl.nasa.gov,Yes,Yes,1,1,2025-09-30T00:00:00,2026-10-29T23:59:59,21377783384,"C=US, O=Amazon, CN=Amazon RSA 2048 M04"
rounds-ui.tb.m20.jpl.nasa.gov,Yes,Yes,1,1,2025-10-15T00:00:00,2026-11-13T23:59:59,21741573278,"C=US, O=Amazon, CN=Amazon RSA 2048 M04"
rounds-ui.train.m20.jpl.nasa.gov,Yes,Yes,1,1,2025-10-17T00:00:00,2026-11-15T23:59:59,21776372175,"C=US, O=Amazon, CN=Amazon RSA 2048 M04"
rounds.ectb.awsgw1.jpl.nasa.gov,No,Yes,2,1,2026-03-26T00:00:00,2026-10-10T23:59:59,25234668940;25234650932,"C=CA, O=Entrust Limited, CN=Entrust OV TLS Issuing RSA CA 2"
rounds.sops.m20.jpl.nasa.gov,Yes,Yes,1,1,2025-09-30T00:00:00,2026-10-29T23:59:59,21377783757,"C=US, O=Amazon, CN=Amazon RSA 2048 M04"
rounds.tb.m20.jpl.nasa.gov,Yes,Yes,1,1,2025-10-15T00:00:00,2026-11-13T23:59:59,21741574004,"C=US, O=Amazon, CN=Amazon RSA 2048 M04"
rounds.train.m20.jpl.nasa.gov,Yes,Yes,1,1,2025-10-17T00:00:00,2026-11-15T23:59:59,21776372038,"C=US, O=Amazon, CN=Amazon RSA 2048 M01"
roverchallenge.msfc.nasa.gov,No,Yes,14,2,2026-04-15T00:00:00,2026-10-30T23:59:59,25912718088;25912311865;25912326319;25912298162;25912307138;25553915065;25553908477;25553910929;25553923779;25553920234;25912338415;25553916818;25554161214;25912301922,"C=GB, O=Sectigo Limited, CN=Sectigo Public Server Authentication CA DV R36;C=CA, O=Entrust Limited, CN=Entrust DV TLS Issuing RSA CA 2"
rpm-services-mod.uat.nasa.gov,No,Yes,6,2,2025-11-06T00:00:00,2026-12-27T23:59:59,23457941075;25986979699;22258485537;22258442655;23457911902;25612396802,"C=GB, O=Sectigo Limited, CN=Sectigo Public Server Authentication CA DV R36;C=CA, O=Entrust Limited, CN=Entrust DV TLS Issuing RSA CA 2"
rpm-services.aao.nasa.gov,No,Yes,4,1,2025-09-29T00:00:00,2026-12-18T23:59:59,21348422864;26858978624;21348439766;26858944720,"C=CA, O=Entrust Limited, CN=Entrust DV TLS Issuing RSA CA 2"
rpm.nasa.gov,No,Yes,6,2,2025-09-29T00:00:00,2026-12-18T23:59:59,26858944720;21348422864;25986979699;21348439766;25612396802;26858978624,"C=GB, O=Sectigo Limited, CN=Sectigo Public Server Authentication CA DV R36;C=CA, O=Entrust Limited, CN=Entrust DV TLS Issuing RSA CA 2"
rsahelp.hadm.msfc.nasa.gov,Yes,Yes,1,1,2025-10-14T00:00:00,2026-11-14T23:59:59,21717655878,"C=US, O=DigiCert Inc, CN=DigiCert Global G2 TLS RSA SHA256 2020 CA1"
rsahelp.hosc.msfc.nasa.gov,Yes,Yes,4,1,2025-10-09T00:00:00,2026-11-14T23:59:59,21724066419;21721362090;21723450362;21607327377,"C=US, O=DigiCert Inc, CN=DigiCert Global G2 TLS RSA SHA256 2020 CA1"
rsdo.gsfc.nasa.gov,Yes,Yes,2,1,2026-06-09T00:00:00,2026-12-23T23:59:59,27215046706;27026055844,"C=US, O=Amazon, CN=Amazon RSA 2048 M01"
rsvpify.goes-u-launch.nasa.gov,Yes,Yes,2,1,2026-07-18T07:14:48,2026-10-16T07:14:47,28033644327;28033663150,"C=US, O=Let's Encrypt, CN=YE1"
rulecheck-ui.sops.m20.jpl.nasa.gov,Yes,Yes,1,1,2025-09-30T00:00:00,2026-10-29T23:59:59,21376877279,"C=US, O=Amazon, CN=Amazon RSA 2048 M01"
rulecheck.sops.m20.jpl.nasa.gov,Yes,Yes,1,1,2025-09-30T00:00:00,2026-10-29T23:59:59,21376876739,"C=US, O=Amazon, CN=Amazon RSA 2048 M01"
rulehub.sops.m20.jpl.nasa.gov,Yes,Yes,1,1,2025-09-30T00:00:00,2026-10-29T23:59:59,21377392972,"C=US, O=Amazon, CN=Amazon RSA 2048 M01"
rulehub.train.m20.jpl.nasa.gov,Yes,Yes,1,1,2025-10-17T00:00:00,2026-11-15T23:59:59,21776536148,"C=US, O=Amazon, CN=Amazon RSA 2048 M04"
russellranch.jpl.nasa.gov,No,Yes,2,1,2026-05-19T00:00:00,2026-12-03T23:59:59,26470308202;26471667692,"C=CA, O=Entrust Limited, CN=Entrust OV TLS Issuing RSA CA 2"
s3-test.etimah.ngap.sit.earthdata.nasa.gov,Yes,Yes,2,1,2026-06-05T00:00:00,2026-12-19T23:59:59,26903179380;26902077656,"C=US, O=Amazon, CN=Amazon RSA 2048 M01"
s3-test.kzebdi.ngap.sit.earthdata.nasa.gov,Yes,Yes,1,1,2025-10-12T00:00:00,2026-11-10T23:59:59,21659403858,"C=US, O=Amazon, CN=Amazon RSA 2048 M01"
s3-test.mtyates1.ngap.sit.earthdata.nasa.gov,Yes,Yes,2,1,2025-11-27T00:00:00,2026-12-26T23:59:59,22771864397;22755512613,"C=US, O=Amazon, CN=Amazon RSA 2048 M04"
s3-test.nrani.ngap.sit.earthdata.nasa.gov,Yes,Yes,2,1,2026-06-12T00:00:00,2026-12-26T23:59:59,27256984672;27111068854,"C=US, O=Amazon, CN=Amazon RSA 2048 M04"
s3-test.ooyemade.ngap.sit.earthdata.nasa.gov,Yes,Yes,2,1,2026-06-08T00:00:00,2026-12-22T23:59:59,26986784733;26987655629,"C=US, O=Amazon, CN=Amazon RSA 2048 M04"
s3browser.sops.m20.jpl.nasa.gov,Yes,Yes,1,1,2025-09-30T00:00:00,2026-10-29T23:59:59,21377509068,"C=US, O=Amazon, CN=Amazon RSA 2048 M01"
s3browser.tb.m20.jpl.nasa.gov,Yes,Yes,1,1,2025-10-15T00:00:00,2026-11-13T23:59:59,21741264694,"C=US, O=Amazon, CN=Amazon RSA 2048 M04"
s3browser.train.m20.jpl.nasa.gov,Yes,Yes,1,1,2025-10-16T00:00:00,2026-11-14T23:59:59,21765538002,"C=US, O=Amazon, CN=Amazon RSA 2048 M04"
s4psci.gesdisc.eosdis.nasa.gov,No,Yes,1,1,2026-03-31T00:00:00,2026-10-15T23:59:59,25299500716,"C=US, O=DigiCert Inc, CN=DigiCert Global G2 TLS RSA SHA256 2020 CA1"
s6validate.podaac.earthdata.nasa.gov,Yes,Yes,2,1,2026-06-01T00:00:00,2026-12-15T23:59:59,26794038299;26869750061,"C=US, O=Amazon, CN=Amazon RSA 2048 M01"
s6validate.podaac.sit.earthdata.nasa.gov,Yes,Yes,2,1,2026-04-17T00:00:00,2026-10-31T23:59:59,25560649245;25552795280,"C=US, O=Amazon, CN=Amazon RSA 2048 M01"
s6validate.podaac.uat.earthdata.nasa.gov,Yes,Yes,2,1,2026-05-05T00:00:00,2026-11-18T23:59:59,26079954371;26098595957,"C=US, O=Amazon, CN=Amazon RSA 2048 M01"
sacd.larc.nasa.gov,No,Yes,1,1,2026-01-07T00:00:00,2026-12-10T23:59:59,23598652111,"C=US, O=DigiCert Inc, OU=www.digicert.com, CN=Thawte TLS RSA CA G1"
sage-rdg.wsc.nasa.gov,No,Yes,1,1,2026-03-26T00:00:00,2026-10-10T23:59:59,25241915873,"C=US, O=DigiCert Inc, CN=DigiCert Global G2 TLS RSA SHA256 2020 CA1"
sage.larc.nasa.gov,Yes,Yes,1,1,2025-11-18T00:00:00,2026-11-25T23:59:59,22566147610,"C=US, O=DigiCert Inc, OU=www.digicert.com, CN=Thawte TLS RSA CA G1"
sage.nasa.gov,No,Yes,1,1,2025-11-18T00:00:00,2026-11-25T23:59:59,22566147610,"C=US, O=DigiCert Inc, OU=www.digicert.com, CN=Thawte TLS RSA CA G1"
sajs-install1.fltops.jpl.nasa.gov,Yes,Yes,2,1,2026-04-13T00:00:00,2026-10-28T23:59:59,25526786081;25861360942,"C=CA, O=Entrust Limited, CN=Entrust OV TLS Issuing RSA CA 2"
sajs-install2.fltops.jpl.nasa.gov,Yes,Yes,2,1,2026-04-13T00:00:00,2026-10-28T23:59:59,25861199645;25526716869,"C=CA, O=Entrust Limited, CN=Entrust OV TLS Issuing RSA CA 2"
sajs-repo.fltops.jpl.nasa.gov,No,Yes,2,1,2026-04-13T00:00:00,2026-10-28T23:59:59,25861494345;25526853679,"C=CA, O=Entrust Limited, CN=Entrust OV TLS Issuing RSA CA 2"
sajs-repo1.fltops.jpl.nasa.gov,Yes,Yes,2,1,2026-04-13T00:00:00,2026-10-28T23:59:59,25861494345;25526853679,"C=CA, O=Entrust Limited, CN=Entrust OV TLS Issuing RSA CA 2"
saltonsea.jpl.nasa.gov,No,Yes,2,1,2026-05-19T00:00:00,2026-12-03T23:59:59,26470308202;26471667692,"C=CA, O=Entrust Limited, CN=Entrust OV TLS Issuing RSA CA 2"
samtools.larc.nasa.gov,Yes,Yes,1,1,2026-06-16T00:00:00,2026-12-30T23:59:59,27242691431,"C=US, O=Amazon, CN=Amazon RSA 2048 M01"
sandbox-backend.ngap.uat.earthdata.nasa.gov,Yes,Yes,1,1,2025-11-25T00:00:00,2026-12-23T23:59:59,22717513483,"C=US, O=Amazon, CN=Amazon RSA 2048 M04"
sandbox-dash.uat.earthdatacloud.nasa.gov,Yes,Yes,1,1,2025-11-25T00:00:00,2026-12-23T23:59:59,22717478807,"C=US, O=Amazon, CN=Amazon RSA 2048 M01"
sandbox-dist.ngap.uat.earthdata.nasa.gov,Yes,Yes,1,1,2025-11-25T00:00:00,2026-12-23T23:59:59,22717229277,"C=US, O=Amazon, CN=Amazon RSA 2048 M01"
sarduss.sops.m20.jpl.nasa.gov,Yes,Yes,1,1,2025-09-30T00:00:00,2026-10-29T23:59:59,21376897019,"C=US, O=Amazon, CN=Amazon RSA 2048 M04"
satcorps.smce.nasa.gov,No,Yes,2,1,2026-07-13T10:40:30,2026-10-11T10:40:29,27897660277;27897653074,"C=US, O=Let's Encrypt, CN=YE1"
satern-mdm-ua-prod.aao.nasa.gov,No,Yes,14,2,2025-09-29T00:00:00,2026-12-18T23:59:59,26858160348;26858125856;26858944720;21348422864;26858228923;26858254864;26858170588;26858212667;26858187383;21348439766;26858106486;26858978624;26858208315;26858152657,"C=GB, O=Sectigo Limited, CN=Sectigo Public Server Authentication CA DV R36;C=CA, O=Entrust Limited, CN=Entrust DV TLS Issuing RSA CA 2"
sbeta.m20.jpl.nasa.gov,Yes,Yes,2,2,2026-05-17T00:00:00,2026-11-30T23:59:59,26397146019;26395712645,"C=US, O=Amazon, CN=Amazon RSA 2048 M04;C=US, O=Amazon, CN=Amazon RSA 2048 M01"
sbg.jpl.nasa.gov,No,Yes,2,1,2026-05-19T00:00:00,2026-12-03T23:59:59,26470308202;26471667692,"C=CA, O=Entrust Limited, CN=Entrust OV TLS Issuing RSA CA 2"
scan.nasa.gov,Yes,Yes,2,1,2026-07-17T01:47:56,2026-10-15T01:47:55,27999706352;27999706515,"C=US, O=Let's Encrypt, CN=YR2"
scanmgmt.jpl.nasa.gov,Yes,Yes,2,1,2025-10-16T00:00:00,2026-10-16T23:59:59,21761178785;21761157063,"C=CA, O=Entrust Limited, CN=Entrust OV TLS Issuing RSA CA 2"
scdi.smce.nasa.gov,Yes,Yes,1,1,2026-04-06T00:00:00,2026-10-20T23:59:59,25411690032,"C=US, O=Amazon, CN=Amazon RSA 2048 M01"
scepter.sops.m20.jpl.nasa.gov,Yes,Yes,1,1,2025-09-30T00:00:00,2026-10-29T23:59:59,21376878291,"C=US, O=Amazon, CN=Amazon RSA 2048 M04"
sci-int-api.sops.m20.jpl.nasa.gov,Yes,Yes,1,1,2025-09-30T00:00:00,2026-10-29T23:59:59,21377646193,"C=US, O=Amazon, CN=Amazon RSA 2048 M04"
sci-int-api.train.m20.jpl.nasa.gov,Yes,Yes,1,1,2025-10-16T00:00:00,2026-11-14T23:59:59,21765625421,"C=US, O=Amazon, CN=Amazon RSA 2048 M01"
sci-int.sops.m20.jpl.nasa.gov,Yes,Yes,1,1,2025-09-30T00:00:00,2026-10-29T23:59:59,21377627348,"C=US, O=Amazon, CN=Amazon RSA 2048 M01"
sci-int.train.m20.jpl.nasa.gov,Yes,Yes,1,1,2025-10-16T00:00:00,2026-11-14T23:59:59,21765606904,"C=US, O=Amazon, CN=Amazon RSA 2048 M04"
science.data.nasa.gov,Yes,Yes,2,1,2025-10-19T00:00:00,2026-11-17T23:59:59,21818901188;21820898657,"C=US, O=Amazon, CN=Amazon RSA 2048 M04"
science.hq.nasa.gov,No,Yes,1,1,2025-10-28T00:00:00,2026-11-25T23:59:59,22064881921,"C=US, O=Amazon, CN=Amazon RSA 2048 M01"
science.jpl.nasa.gov,No,Yes,2,1,2025-12-04T00:00:00,2026-12-04T23:59:59,22908111525;22908134556,"C=CA, O=Entrust Limited, CN=Entrust OV TLS Issuing RSA CA 2"
science.larc.nasa.gov,No,Yes,1,1,2026-01-07T00:00:00,2026-12-10T23:59:59,23598652111,"C=US, O=DigiCert Inc, OU=www.digicert.com, CN=Thawte TLS RSA CA G1"
science.msfc.nasa.gov,Yes,Yes,3,2,2025-12-01T00:00:00,2026-12-30T23:59:59,25532747902;25867995669;22848380356,"C=US, O=Amazon, CN=Amazon RSA 2048 M04;C=US, O=Amazon, CN=Amazon RSA 2048 M01"
sciencecareers.apps.nasa.gov,Yes,Yes,1,1,2025-11-03T00:00:00,2026-12-02T23:59:59,22172064873,"C=US, O=Amazon, CN=Amazon RSA 2048 M01"
sciencecloud.nasa.gov,Yes,Yes,2,2,2025-10-10T00:00:00,2026-12-11T23:59:59,26696481764;21626740247,"C=US, O=Amazon, CN=Amazon RSA 2048 M04;C=US, O=Amazon, CN=Amazon RSA 2048 M01"
sciencetalks.jpl.nasa.gov,No,Yes,2,1,2025-12-04T00:00:00,2026-12-04T23:59:59,22908111525;22908134556,"C=CA, O=Entrust Limited, CN=Entrust OV TLS Issuing RSA CA 2"
scifli.larc.nasa.gov,No,Yes,1,1,2026-01-07T00:00:00,2026-12-10T23:59:59,23598652111,"C=US, O=DigiCert Inc, OU=www.digicert.com, CN=Thawte TLS RSA CA G1"
scign.jpl.nasa.gov,No,Yes,2,1,2025-12-04T00:00:00,2026-12-04T23:59:59,22908111525;22908134556,"C=CA, O=Entrust Limited, CN=Entrust OV TLS Issuing RSA CA 2"
scilo.gd.m20.jpl.nasa.gov,Yes,Yes,1,1,2026-04-15T00:00:00,2026-10-29T23:59:59,25606128773,"C=US, O=Amazon, CN=Amazon RSA 2048 M01"
scilo.sops.m20.jpl.nasa.gov,Yes,Yes,1,1,2025-09-30T00:00:00,2026-10-29T23:59:59,21381849743,"C=US, O=Amazon, CN=Amazon RSA 2048 M04"
sciops.sops.m20.jpl.nasa.gov,Yes,Yes,1,1,2025-09-30T00:00:00,2026-10-29T23:59:59,21377548428,"C=US, O=Amazon, CN=Amazon RSA 2048 M04"
scipai.sandbox.sciencecloud.nasa.gov,Yes,Yes,4,2,2026-07-14T17:33:52,2026-10-18T16:47:57,27933258368;28099696095;28099704813;27933261810,"C=US, O=Let's Encrypt, CN=YR1;C=US, O=Let's Encrypt, CN=YE2"
scm.nasa.gov,No,Yes,6,2,2025-09-29T00:00:00,2026-12-18T23:59:59,26858944720;21348422864;25986979699;21348439766;25612396802;26858978624,"C=GB, O=Sectigo Limited, CN=Sectigo Public Server Authentication CA DV R36;C=CA, O=Entrust Limited, CN=Entrust DV TLS Issuing RSA CA 2"
scm.uat.nasa.gov,No,Yes,6,2,2025-11-06T00:00:00,2026-12-27T23:59:59,23457941075;22258485537;22258442655;25553663229;23457911902;25911896502,"C=GB, O=Sectigo Limited, CN=Sectigo Public Server Authentication CA DV R36;C=CA, O=Entrust Limited, CN=Entrust DV TLS Issuing RSA CA 2"
scool.larc.nasa.gov,Yes,Yes,1,1,2025-09-30T00:00:00,2026-10-27T23:59:59,21375116142,"C=US, O=DigiCert Inc, OU=www.digicert.com, CN=Thawte TLS RSA CA G1"
scs-spam.sops.m20.jpl.nasa.gov,Yes,Yes,1,1,2025-10-30T00:00:00,2026-11-28T23:59:59,22109458603,"C=US, O=Amazon, CN=Amazon RSA 2048 M04"
scs-timeline.sops.m20.jpl.nasa.gov,Yes,Yes,1,1,2025-09-30T00:00:00,2026-10-29T23:59:59,21376935860,"C=US, O=Amazon, CN=Amazon RSA 2048 M04"
sds.jpl.nasa.gov,No,Yes,2,1,2025-12-04T00:00:00,2026-12-04T23:59:59,22908111525;22908134556,"C=CA, O=Entrust Limited, CN=Entrust OV TLS Issuing RSA CA 2"
sds1.amesaero.nasa.gov,Yes,Yes,1,1,2026-03-29T00:00:00,2026-10-12T23:59:59,25268908504,"C=US, O=Amazon, CN=Amazon RSA 2048 M04"
sds2.amesaero.nasa.gov,Yes,Yes,1,1,2026-03-29T00:00:00,2026-10-12T23:59:59,25264578055,"C=US, O=Amazon, CN=Amazon RSA 2048 M01"
sds3.amesaero.nasa.gov,Yes,Yes,1,1,2026-03-29T00:00:00,2026-10-12T23:59:59,25263039043,"C=US, O=Amazon, CN=Amazon RSA 2048 M04"
sdssfuse.amesaero.nasa.gov,Yes,Yes,1,1,2025-11-23T00:00:00,2026-12-22T23:59:59,22675341458,"C=US, O=Amazon, CN=Amazon RSA 2048 M01"
sealevel.earthdata.nasa.gov,Yes,Yes,2,1,2025-11-20T00:00:00,2026-12-19T23:59:59,22622213769;22622231635,"C=CA, O=Entrust Limited, CN=Entrust DV TLS Issuing RSA CA 2"
sealevel.nasa.gov,No,Yes,2,1,2025-11-20T00:00:00,2026-12-19T23:59:59,22622213769;22622231635,"C=CA, O=Entrust Limited, CN=Entrust DV TLS Issuing RSA CA 2"
sealevel.oss.eis.smce.nasa.gov,Yes,Yes,2,1,2026-07-16T15:04:25,2026-10-14T15:04:24,27986562988;27986558847,"C=US, O=Let's Encrypt, CN=YR2"
sealevel.sit.earthdata.nasa.gov,No,Yes,2,1,2025-11-21T00:00:00,2026-12-21T23:59:59,22644252934;22644239048,"C=CA, O=Entrust Limited, CN=Entrust DV TLS Issuing RSA CA 2"
sealevel.uat.earthdata.nasa.gov,No,Yes,2,1,2025-11-21T00:00:00,2026-12-21T23:59:59,22644318995;22644335666,"C=CA, O=Entrust Limited, CN=Entrust DV TLS Issuing RSA CA 2"
search.hst.nasa.gov,Yes,Yes,1,1,2025-11-14T15:02:57,2026-11-14T15:02:57,22466187008,"C=US, ST=Texas, L=Houston, O=SSL Corporation, CN=SSL.com RSA SSL subCA"
searchvertex-400990605.auto.earthdatacloud.nasa.gov,Yes,Yes,1,1,2025-10-14T00:00:00,2026-11-12T23:59:59,21706146953,"C=US, O=Amazon, CN=Amazon RSA 2048 M04"
securitycenter.jpl.nasa.gov,Yes,Yes,2,1,2025-11-03T00:00:00,2026-11-03T23:59:59,22183472690;22183483678,"C=CA, O=Entrust Limited, CN=Entrust OV TLS Issuing RSA CA 2"
sehas-shells.ccmc.smce.nasa.gov,Yes,Yes,1,1,2026-06-17T00:00:00,2026-12-31T23:59:59,27250081171,"C=US, O=Amazon, CN=Amazon RSA 2048 M04"
sentry-dev.jpl.nasa.gov,No,Yes,2,1,2026-04-28T00:00:00,2026-11-12T23:59:59,26085640371;25890138027,"C=CA, O=Entrust Limited, CN=Entrust OV TLS Issuing RSA CA 2"
sentry.jpl.nasa.gov,Yes,Yes,2,1,2026-04-28T00:00:00,2026-11-12T23:59:59,26085640371;25890138027,"C=CA, O=Entrust Limited, CN=Entrust OV TLS Issuing RSA CA 2"
sepg.larc.nasa.gov,No,Yes,1,1,2026-01-07T00:00:00,2026-12-10T23:59:59,23598652111,"C=US, O=DigiCert Inc, OU=www.digicert.com, CN=Thawte TLS RSA CA G1"
sepsv.ccmc.smce.nasa.gov,Yes,Yes,1,1,2026-06-14T00:00:00,2026-12-28T23:59:59,27169726990,"C=US, O=Amazon, CN=Amazon RSA 2048 M01"
sequencer-int.sops.m20.jpl.nasa.gov,Yes,Yes,1,1,2025-09-30T00:00:00,2026-10-29T23:59:59,21377410618,"C=US, O=Amazon, CN=Amazon RSA 2048 M01"
sequencer-int.train.m20.jpl.nasa.gov,Yes,Yes,1,1,2025-10-17T00:00:00,2026-11-15T23:59:59,21776693675,"C=US, O=Amazon, CN=Amazon RSA 2048 M04"
sequencer.sops.m20.jpl.nasa.gov,Yes,Yes,1,1,2025-09-30T00:00:00,2026-10-29T23:59:59,21377410922,"C=US, O=Amazon, CN=Amazon RSA 2048 M04"
sequencer.tb.m20.jpl.nasa.gov,Yes,Yes,1,1,2025-10-15T00:00:00,2026-11-13T23:59:59,21741378043,"C=US, O=Amazon, CN=Amazon RSA 2048 M01"
sequencer.train.m20.jpl.nasa.gov,Yes,Yes,1,1,2025-10-17T00:00:00,2026-11-15T23:59:59,21776515749,"C=US, O=Amazon, CN=Amazon RSA 2048 M04"
seqval-int.sops.m20.jpl.nasa.gov,Yes,Yes,1,1,2025-09-30T00:00:00,2026-10-29T23:59:59,21377410759,"C=US, O=Amazon, CN=Amazon RSA 2048 M01"
seqval.sops.m20.jpl.nasa.gov,Yes,Yes,1,1,2025-09-30T00:00:00,2026-10-29T23:59:59,21377410988,"C=US, O=Amazon, CN=Amazon RSA 2048 M04"
seqval.train.m20.jpl.nasa.gov,Yes,Yes,1,1,2025-10-17T00:00:00,2026-11-15T23:59:59,21776535610,"C=US, O=Amazon, CN=Amazon RSA 2048 M01"
servicedesk.earthdata.nasa.gov,No,Yes,2,1,2025-11-20T00:00:00,2026-12-20T23:59:59,22622175441;22622195919,"C=CA, O=Entrust Limited, CN=Entrust DV TLS Issuing RSA CA 2"
servicenow.jpl.nasa.gov,Yes,Yes,2,1,2026-07-18T15:04:25,2026-10-16T15:04:24,28042140827;28042133221,"C=US, O=Let's Encrypt, CN=YR1"
services.nasa.gov,No,Yes,14,2,2026-04-15T00:00:00,2026-10-30T23:59:59,25912718088;25912311865;25912326319;25912298162;25912307138;25553915065;25553908477;25553910929;25553923779;25553920234;25912338415;25553916818;25554161214;25912301922,"C=GB, O=Sectigo Limited, CN=Sectigo Public Server Authentication CA DV R36;C=CA, O=Entrust Limited, CN=Entrust DV TLS Issuing RSA CA 2"
services.uat.nasa.gov,No,Yes,4,2,2026-04-15T00:00:00,2026-12-02T23:59:59,26441226492;25911896502;25553663229;26441348909,"C=GB, O=Sectigo Limited, CN=Sectigo Public Server Authentication CA DV R36;C=CA, O=Entrust Limited, CN=Entrust DV TLS Issuing RSA CA 2"
sewp-avi-lb-pz.sewp.nasa.gov,No,Yes,2,1,2025-11-05T00:00:00,2026-11-11T23:59:59,22523971475;22238562088,"C=US, O=DigiCert Inc, CN=GeoTrust EV RSA CA G2"
sewp.nasa.gov,Yes,Yes,3,2,2025-11-05T00:00:00,2026-11-11T23:59:59,22523971475;25303811113;22238562088,"C=US, O=DigiCert Inc, OU=www.digicert.com, CN=GeoTrust TLS RSA CA G1;C=US, O=DigiCert Inc, CN=GeoTrust EV RSA CA G2"
sewp1-1-pz.sewp.nasa.gov,No,Yes,2,1,2025-11-05T00:00:00,2026-11-11T23:59:59,22523971475;22238562088,"C=US, O=DigiCert Inc, CN=GeoTrust EV RSA CA G2"
sewp1-2-pz.sewp.nasa.gov,No,Yes,2,1,2025-11-05T00:00:00,2026-11-11T23:59:59,22523971475;22238562088,"C=US, O=DigiCert Inc, CN=GeoTrust EV RSA CA G2"
sewp6-avi-lb-pz.sewp.nasa.gov,No,Yes,2,1,2025-11-05T00:00:00,2026-11-11T23:59:59,22523971475;22238562088,"C=US, O=DigiCert Inc, CN=GeoTrust EV RSA CA G2"
sewp6.sewp.nasa.gov,No,Yes,2,1,2025-11-05T00:00:00,2026-11-11T23:59:59,22523971475;22238562088,"C=US, O=DigiCert Inc, CN=GeoTrust EV RSA CA G2"
sewpbyt.sewp.nasa.gov,Yes,Yes,1,1,2025-11-24T00:00:00,2026-12-25T23:59:59,22707890941,"C=US, O=DigiCert Inc, CN=DigiCert Global G2 TLS RSA SHA256 2020 CA1"
sewpbyt.tplduck.sewp.nasa.gov,No,Yes,1,1,2025-11-24T00:00:00,2026-12-25T23:59:59,22707890941,"C=US, O=DigiCert Inc, CN=DigiCert Global G2 TLS RSA SHA256 2020 CA1"
sewpspice1-1-pz.sewp.nasa.gov,No,Yes,2,1,2025-11-05T00:00:00,2026-11-11T23:59:59,22523971475;22238562088,"C=US, O=DigiCert Inc, CN=GeoTrust EV RSA CA G2"
sewpspice1-2-pz.sewp.nasa.gov,No,Yes,2,1,2025-11-05T00:00:00,2026-11-11T23:59:59,22523971475;22238562088,"C=US, O=DigiCert Inc, CN=GeoTrust EV RSA CA G2"
sfa.nasa.gov,Yes,Yes,2,1,2025-11-20T00:00:00,2026-12-19T23:59:59,22622175974;22631036757,"C=US, O=Amazon, CN=Amazon RSA 2048 M04"
sgp.gsfc.nasa.gov,No,Yes,4,2,2025-11-03T00:00:00,2026-12-02T23:59:59,28153629149;28153625557;22181918350;22181931650,"C=CA, O=Entrust Limited, CN=Entrust DV TLS Issuing RSA CA 2;C=US, O=Let's Encrypt, CN=YE1"
sham-wifi-2.dsn.jpl.nasa.gov,No,Yes,4,1,2026-06-08T00:00:00,2026-12-23T23:59:59,27001272681;27001289804;27001076757;27001002230,"C=CA, O=Entrust Limited, CN=Entrust OV TLS Issuing RSA CA 2"
sham-wifi-2.jpl.nasa.gov,Yes,Yes,4,1,2026-06-08T00:00:00,2026-12-23T23:59:59,27001272681;27001289804;27001076757;27001002230,"C=CA, O=Entrust Limited, CN=Entrust OV TLS Issuing RSA CA 2"
sharedapp-govprod.prosams.nasa.gov,Yes,Yes,2,1,2025-10-16T00:00:00,2026-11-14T23:59:59,21762093641;21763276945,"C=US, O=Amazon, CN=Amazon RSA 2048 M01"
si.ksc.nasa.gov,Yes,Yes,2,1,2025-12-09T00:00:00,2026-12-15T23:59:59,23004080419;23004061638,"C=CA, O=Entrust Limited, CN=Entrust DV TLS Issuing RSA CA 2"
sideshow.jpl.nasa.gov,Yes,Yes,2,1,2026-04-02T00:00:00,2026-10-17T23:59:59,25357601908;25352642193,"C=CA, O=Entrust Limited, CN=Entrust OV TLS Issuing RSA CA 2"
sim.jsc.nasa.gov,Yes,Yes,1,1,2025-09-16T00:00:00,2026-10-17T23:59:59,21063845983,"C=US, O=DigiCert Inc, CN=DigiCert Global G2 TLS RSA SHA256 2020 CA1"
simplex.giss.nasa.gov,Yes,Yes,4,1,2026-07-21T07:32:31,2026-10-19T07:32:33,28118235579;28118251897;28118243286;28118253058,"C=US, O=Let's Encrypt, CN=YR1"
simsuitedev.amesaero.nasa.gov,Yes,Yes,1,1,2026-04-20T00:00:00,2026-11-03T23:59:59,25606724404,"C=US, O=Amazon, CN=Amazon RSA 2048 M01"
sit.earthdata.nasa.gov,Yes,Yes,2,1,2025-11-21T00:00:00,2026-12-21T23:59:59,22644252934;22644239048,"C=CA, O=Entrust Limited, CN=Entrust DV TLS Issuing RSA CA 2"
sit.gibs.earthdata.nasa.gov,No,Yes,1,1,2025-11-25T00:00:00,2026-12-24T23:59:59,22717527740,"C=US, O=Amazon, CN=Amazon RSA 2048 M04"
sit.gitc.earthdata.nasa.gov,Yes,Yes,1,1,2025-11-25T00:00:00,2026-12-24T23:59:59,22717527740,"C=US, O=Amazon, CN=Amazon RSA 2048 M04"
sit.urs.earthdata.nasa.gov,No,Yes,2,1,2025-11-21T00:00:00,2026-12-21T23:59:59,22644252934;22644239048,"C=CA, O=Entrust Limited, CN=Entrust DV TLS Issuing RSA CA 2"
sites-e.larc.nasa.gov,Yes,Yes,1,1,2026-01-07T00:00:00,2026-12-10T23:59:59,23598652111,"C=US, O=DigiCert Inc, OU=www.digicert.com, CN=Thawte TLS RSA CA G1"
skywatchers.larc.nasa.gov,No,Yes,1,1,2026-01-07T00:00:00,2026-12-10T23:59:59,23598652111,"C=US, O=DigiCert Inc, OU=www.digicert.com, CN=Thawte TLS RSA CA G1"
sl.ectb.awsgw1.jpl.nasa.gov,No,Yes,2,1,2026-03-26T00:00:00,2026-10-10T23:59:59,25234668940;25234650932,"C=CA, O=Entrust Limited, CN=Entrust OV TLS Issuing RSA CA 2"
slicwave-esa.ndc.nasa.gov,No,Yes,12,1,2025-11-03T00:00:00,2026-11-14T23:59:59,26109741084;22182571925;26099796820;26099796428;22182572524;22182585279;26099798609;25922401824;25922403565;22182556624;25922425662;25953945323,"C=GB, O=Sectigo Limited, CN=Sectigo Public Server Authentication CA DV R36"
slippc-dev.msfc.nasa.gov,No,Yes,4,2,2025-11-13T00:00:00,2026-12-13T23:59:59,22448168897;22448182796;25911896502;25553663229,"C=GB, O=Sectigo Limited, CN=Sectigo Public Server Authentication CA DV R36;C=CA, O=Entrust Limited, CN=Entrust DV TLS Issuing RSA CA 2"
slippc-staging.msfc.nasa.gov,No,Yes,6,2,2025-11-06T00:00:00,2026-12-27T23:59:59,23457941075;22258485537;22258442655;25553663229;23457911902;25911896502,"C=GB, O=Sectigo Limited, CN=Sectigo Public Server Authentication CA DV R36;C=CA, O=Entrust Limited, CN=Entrust DV TLS Issuing RSA CA 2"
slippc.msfc.nasa.gov,No,Yes,6,2,2025-09-29T00:00:00,2026-12-18T23:59:59,26858944720;21348422864;21348439766;25553663229;26858978624;25911896502,"C=GB, O=Sectigo Limited, CN=Sectigo Public Server Authentication CA DV R36;C=CA, O=Entrust Limited, CN=Entrust DV TLS Issuing RSA CA 2"
slsgsess2.hosc.msfc.nasa.gov,Yes,Yes,1,1,2026-06-15T00:00:00,2026-12-30T23:59:59,27207741615,"C=US, O=DigiCert Inc, CN=DigiCert Global G2 TLS RSA SHA256 2020 CA1"
slsgsess2ms.hosc.msfc.nasa.gov,No,Yes,1,1,2026-06-15T00:00:00,2026-12-30T23:59:59,27207741615,"C=US, O=DigiCert Inc, CN=DigiCert Global G2 TLS RSA SHA256 2020 CA1"
slsgsess2owa.hosc.msfc.nasa.gov,No,Yes,1,1,2026-06-15T00:00:00,2026-12-30T23:59:59,27207741615,"C=US, O=DigiCert Inc, CN=DigiCert Global G2 TLS RSA SHA256 2020 CA1"
slsgsess2sk.hosc.msfc.nasa.gov,No,Yes,1,1,2026-06-15T00:00:00,2026-12-30T23:59:59,27207741615,"C=US, O=DigiCert Inc, CN=DigiCert Global G2 TLS RSA SHA256 2020 CA1"
slsgsess2sp.hosc.msfc.nasa.gov,No,Yes,1,1,2026-06-15T00:00:00,2026-12-30T23:59:59,27207741615,"C=US, O=DigiCert Inc, CN=DigiCert Global G2 TLS RSA SHA256 2020 CA1"
sm0xlvd9vaa25l.intsvc.cloud.earthdata.nasa.gov,Yes,Yes,1,1,2026-05-11T00:00:00,2026-11-24T23:59:59,26244919694,"C=US, O=Amazon, CN=Amazon RSA 2048 M01"
sma.nasa.gov,Yes,Yes,2,1,2025-10-10T00:00:00,2026-10-10T23:59:59,21628734648;21628719596,"C=GB, O=Sectigo Limited, CN=Sectigo Public Server Authentication CA DV R36"
smap.nasa.gov,No,Yes,14,2,2026-04-15T00:00:00,2026-10-30T23:59:59,25912718088;25912311865;25912326319;25912298162;25912307138;25553915065;25553908477;25553910929;25553923779;25553920234;25912338415;25553916818;25554161214;25912301922,"C=GB, O=Sectigo Limited, CN=Sectigo Public Server Authentication CA DV R36;C=CA, O=Entrust Limited, CN=Entrust DV TLS Issuing RSA CA 2"
smap.test.nasa.gov,No,Yes,4,2,2026-04-15T00:00:00,2026-12-02T23:59:59,26441226492;25911896502;25553663229;26441348909,"C=GB, O=Sectigo Limited, CN=Sectigo Public Server Authentication CA DV R36;C=CA, O=Entrust Limited, CN=Entrust DV TLS Issuing RSA CA 2"
smap.uat.nasa.gov,No,Yes,6,2,2025-11-06T00:00:00,2026-12-27T23:59:59,23457941075;22258485537;22258442655;25553663229;23457911902;25911896502,"C=GB, O=Sectigo Limited, CN=Sectigo Public Server Authentication CA DV R36;C=CA, O=Entrust Limited, CN=Entrust DV TLS Issuing RSA CA 2"
smartcard.jpl.nasa.gov,No,Yes,2,1,2025-12-04T00:00:00,2026-12-04T23:59:59,22908111525;22908134556,"C=CA, O=Entrust Limited, CN=Entrust OV TLS Issuing RSA CA 2"
smartlabs.gsfc.nasa.gov,No,Yes,2,1,2026-07-22T12:25:25,2026-10-20T12:25:24,28153629149;28153625557,"C=US, O=Let's Encrypt, CN=YE1"
sms-web-ste.cdscc.fltops.jpl.nasa.gov,Yes,Yes,2,1,2026-06-10T00:00:00,2026-12-25T23:59:59,27057384186;27056906308,"C=CA, O=Entrust Limited, CN=Entrust OV TLS Issuing RSA CA 2"
sms-web-ste.gdscc.fltops.jpl.nasa.gov,Yes,Yes,2,1,2026-05-20T00:00:00,2026-12-04T23:59:59,26500230022;26500270483,"C=CA, O=Entrust Limited, CN=Entrust OV TLS Issuing RSA CA 2"
sms-web-ste.mdscc.fltops.jpl.nasa.gov,Yes,Yes,2,1,2026-06-10T00:00:00,2026-12-25T23:59:59,27056874536;27057339997,"C=CA, O=Entrust Limited, CN=Entrust OV TLS Issuing RSA CA 2"
sms-web.cdscc.fltops.jpl.nasa.gov,Yes,Yes,2,1,2026-06-10T00:00:00,2026-12-25T23:59:59,27057362304;27056875759,"C=CA, O=Entrust Limited, CN=Entrust OV TLS Issuing RSA CA 2"
sms-web.dtf21.fltops.jpl.nasa.gov,Yes,Yes,2,1,2026-05-19T00:00:00,2026-12-03T23:59:59,26470237968;26468786618,"C=CA, O=Entrust Limited, CN=Entrust OV TLS Issuing RSA CA 2"
sms-web.gdscc.fltops.jpl.nasa.gov,Yes,Yes,4,1,2026-05-20T00:00:00,2026-12-04T23:59:59,26500263803;26500135155;26500212320;26500108446,"C=CA, O=Entrust Limited, CN=Entrust OV TLS Issuing RSA CA 2"
sms-web.mdscc.fltops.jpl.nasa.gov,Yes,Yes,2,1,2026-06-10T00:00:00,2026-12-25T23:59:59,27056872964;27057337281,"C=CA, O=Entrust Limited, CN=Entrust OV TLS Issuing RSA CA 2"
smtp.jpl.nasa.gov,Yes,Yes,2,1,2026-05-28T00:00:00,2026-12-12T23:59:59,26712236257;26712265064,"C=CA, O=Entrust Limited, CN=Entrust OV TLS Issuing RSA CA 2"
smtp01.ndc.nasa.gov,No,Yes,2,1,2025-10-31T00:00:00,2026-11-30T23:59:59,22122730539;22122718991,"C=CA, O=Entrust Limited, CN=Entrust DV TLS Issuing RSA CA 2"
smtp02.ndc.nasa.gov,No,Yes,2,1,2025-10-31T00:00:00,2026-11-30T23:59:59,22122730539;22122718991,"C=CA, O=Entrust Limited, CN=Entrust DV TLS Issuing RSA CA 2"
smtp05.ndc.nasa.gov,No,Yes,2,1,2025-10-31T00:00:00,2026-11-30T23:59:59,22122730539;22122718991,"C=CA, O=Entrust Limited, CN=Entrust DV TLS Issuing RSA CA 2"
smtp06.ndc.nasa.gov,No,Yes,2,1,2025-10-31T00:00:00,2026-11-30T23:59:59,22122730539;22122718991,"C=CA, O=Entrust Limited, CN=Entrust DV TLS Issuing RSA CA 2"
snas-www.nascom.nasa.gov,Yes,Yes,1,1,2025-12-08T00:00:00,2026-11-13T23:59:59,22986295879,"C=US, O=DigiCert Inc, CN=DigiCert Global G2 TLS RSA SHA256 2020 CA1"
snasbeta-www.nascom.nasa.gov,No,Yes,1,1,2025-12-08T00:00:00,2026-11-13T23:59:59,22986295879,"C=US, O=DigiCert Inc, CN=DigiCert Global G2 TLS RSA SHA256 2020 CA1"
snl4qv6a5g2qsa.intsvc.cloud.sit.earthdata.nasa.gov,Yes,Yes,1,1,2026-04-07T00:00:00,2026-10-21T23:59:59,25432641056,"C=US, O=Amazon, CN=Amazon RSA 2048 M01"
sod-dev.nssc.nasa.gov,No,Yes,2,1,2026-07-21T20:10:01,2026-10-19T20:10:00,28134320083;28134328169,"C=US, O=Let's Encrypt, CN=YR1"
sod-test.nssc.nasa.gov,Yes,Yes,2,1,2026-07-14T13:01:12,2026-10-12T13:01:11,27927703481;27927711453,"C=US, O=Let's Encrypt, CN=YR2"
sod.nssc.nasa.gov,Yes,Yes,2,1,2026-07-21T20:09:47,2026-10-19T20:09:46,28134320228;28134325284,"C=US, O=Let's Encrypt, CN=YR1"
software.nasa.gov,No,Yes,3,1,2025-09-15T00:00:00,2026-12-23T23:59:59,21035847984;21034877915;22726773020,"C=US, O=Amazon, CN=Amazon RSA 2048 M01"
softwarerelease.ndc.nasa.gov,Yes,Yes,1,1,2025-10-28T00:00:00,2026-11-25T23:59:59,22065017113,"C=US, O=Amazon, CN=Amazon RSA 2048 M04"
sohoftp.nascom.nasa.gov,Yes,Yes,2,1,2026-07-24T09:25:18,2026-10-22T09:25:17,28208575433;28208582920,"C=US, O=Let's Encrypt, CN=YR1"
soil.gsfc.nasa.gov,No,Yes,2,1,2026-07-22T12:25:25,2026-10-20T12:25:24,28153629149;28153625557,"C=US, O=Let's Encrypt, CN=YE1"
solarsystem1.jpl.nasa.gov,No,Yes,2,1,2025-12-04T00:00:00,2026-12-04T23:59:59,22908111525;22908134556,"C=CA, O=Entrust Limited, CN=Entrust OV TLS Issuing RSA CA 2"
soldevapp-govprod.prosams.nasa.gov,Yes,Yes,1,1,2025-10-16T00:00:00,2026-11-14T23:59:59,21762066755,"C=US, O=Amazon, CN=Amazon RSA 2048 M01"
solr-dev.hqmce.nasa.gov,Yes,Yes,1,1,2025-10-01T00:00:00,2026-10-30T23:59:59,21400008730,"C=US, O=Amazon, CN=Amazon RSA 2048 M04"
sonarqube.aao.nasa.gov,No,Yes,14,2,2025-09-29T00:00:00,2026-12-18T23:59:59,26858160348;26858125856;26858944720;21348422864;26858228923;26858254864;26858170588;26858212667;26858187383;21348439766;26858106486;26858978624;26858208315;26858152657,"C=GB, O=Sectigo Limited, CN=Sectigo Public Server Authentication CA DV R36;C=CA, O=Entrust Limited, CN=Entrust DV TLS Issuing RSA CA 2"
sonarqube.ccmc.smce.nasa.gov,Yes,Yes,1,1,2025-09-17T00:00:00,2026-10-16T23:59:59,21073105722,"C=US, O=Amazon, CN=Amazon RSA 2048 M04"
sonarqube.mcp.nasa.gov,Yes,Yes,1,1,2025-09-17T00:00:00,2026-10-16T23:59:59,21070755579,"C=US, O=Amazon, CN=Amazon RSA 2048 M04"
sonarqube.satcorps.smce.nasa.gov,No,Yes,2,1,2026-07-13T10:40:30,2026-10-11T10:40:29,27897660277;27897653074,"C=US, O=Let's Encrypt, CN=YE1"
sops.m20.jpl.nasa.gov,Yes,Yes,4,2,2026-05-19T00:00:00,2026-12-02T23:59:59,26451178574;26451181293;26451177248;26451180668,"C=US, O=Amazon, CN=Amazon RSA 2048 M04;C=US, O=Amazon, CN=Amazon RSA 2048 M01"
sp-dashboard.sops.m20.jpl.nasa.gov,Yes,Yes,1,1,2025-09-30T00:00:00,2026-10-29T23:59:59,21376897331,"C=US, O=Amazon, CN=Amazon RSA 2048 M01"
sp.ipf.nasa.gov,No,Yes,1,1,2026-03-31T00:00:00,2026-10-15T23:59:59,25298688867,"C=US, O=DigiCert Inc, CN=DigiCert Global G2 TLS RSA SHA256 2020 CA1"
sp.iss.nasa.gov,Yes,Yes,1,1,2026-03-31T00:00:00,2026-10-15T23:59:59,25298688867,"C=US, O=DigiCert Inc, CN=DigiCert Global G2 TLS RSA SHA256 2020 CA1"
space-geodesy.gsfc.nasa.gov,No,Yes,4,2,2025-11-03T00:00:00,2026-12-02T23:59:59,28153629149;28153625557;22181918350;22181931650,"C=CA, O=Entrust Limited, CN=Entrust DV TLS Issuing RSA CA 2;C=US, O=Let's Encrypt, CN=YE1"
space-geodesy.nasa.gov,No,Yes,4,2,2025-11-03T00:00:00,2026-12-02T23:59:59,28153629149;28153625557;22181918350;22181931650,"C=CA, O=Entrust Limited, CN=Entrust DV TLS Issuing RSA CA 2;C=US, O=Let's Encrypt, CN=YE1"
space.jpl.nasa.gov,No,Yes,2,1,2025-10-21T00:00:00,2026-10-21T23:59:59,21899107500;21899086000,"C=CA, O=Entrust Limited, CN=Entrust OV TLS Issuing RSA CA 2"
space2.jpl.nasa.gov,Yes,Yes,4,1,2025-10-14T00:00:00,2026-10-21T23:59:59,21899107500;21716983190;21899086000;21717003530,"C=CA, O=Entrust Limited, CN=Entrust OV TLS Issuing RSA CA 2"
spacecomm.nasa.gov,Yes,Yes,2,1,2026-07-24T19:45:59,2026-10-22T19:45:58,28220726816;28220734460,"C=US, O=Let's Encrypt, CN=YR1"
spacecommunications.nasa.gov,Yes,Yes,2,1,2026-07-17T05:10:32,2026-10-15T05:10:31,28003661228;28003655902,"C=US, O=Let's Encrypt, CN=YR2"
spaceplace.nasa.gov,Yes,Yes,1,1,2026-04-24T00:00:00,2026-11-08T23:59:59,25756326074,"C=US, O=DigiCert Inc, CN=DigiCert Global G2 TLS RSA SHA256 2020 CA1"
spaceradiation.jsc.nasa.gov,No,Yes,2,1,2026-07-19T10:48:48,2026-10-17T10:48:47,28063145278;28063160664,"C=US, O=Let's Encrypt, CN=YR1"
spacescience.msfc.nasa.gov,Yes,Yes,2,1,2026-07-24T11:01:44,2026-10-22T11:01:43,28210489453;28210486934,"C=US, O=Let's Encrypt, CN=YE2"
spacetime.spoc.nasa.gov,Yes,Yes,5,1,2026-05-18T00:00:00,2026-12-30T23:59:59,26445697799;26530552160;27328108962;27240927029;26447052501,"C=US, O=Amazon, CN=Amazon RSA 2048 M04"
spark.dev.aa2.appdat.jsc.nasa.gov,Yes,Yes,2,1,2026-07-21T03:54:00,2026-10-19T03:53:59,28113611101;28113619871,"C=US, O=Let's Encrypt, CN=YR2"
spec.jpl.nasa.gov,Yes,Yes,2,1,2026-05-14T00:00:00,2026-11-28T23:59:59,26323523866;26331361654,"C=CA, O=Entrust Limited, CN=Entrust OV TLS Issuing RSA CA 2"
speclib.jpl.nasa.gov,No,Yes,2,1,2026-05-19T00:00:00,2026-12-03T23:59:59,26470308202;26471667692,"C=CA, O=Entrust Limited, CN=Entrust OV TLS Issuing RSA CA 2"
spectrum.nasa.gov,Yes,Yes,2,1,2026-07-24T19:46:11,2026-10-22T19:46:10,28220734209;28220736580,"C=US, O=Let's Encrypt, CN=YR2"
spidernaut.jsc.nasa.gov,No,Yes,2,1,2026-07-19T10:48:48,2026-10-17T10:48:47,28063145278;28063160664,"C=US, O=Let's Encrypt, CN=YR1"
spinoff.nasa.gov,Yes,Yes,3,1,2025-09-15T00:00:00,2026-12-23T23:59:59,21035847984;21034877915;22726773020,"C=US, O=Amazon, CN=Amazon RSA 2048 M01"
splunkreporter.hst.nasa.gov,Yes,Yes,2,1,2025-11-05T20:51:19,2026-12-04T13:48:09,22893774533;22237309805,"C=US, ST=Texas, L=Houston, O=SSL Corporation, CN=SSL.com RSA SSL subCA"
spore.ngap.sit.earthdata.nasa.gov,Yes,Yes,1,1,2026-04-27T00:00:00,2026-11-10T23:59:59,25834971553,"C=US, O=Amazon, CN=Amazon RSA 2048 M01"
spotthestation-dev.hqmce.nasa.gov,Yes,Yes,1,1,2025-11-20T00:00:00,2026-12-19T23:59:59,22607760442,"C=US, O=Amazon, CN=Amazon RSA 2048 M04"
spsweb.fltops.jpl.nasa.gov,Yes,Yes,8,1,2026-05-26T00:00:00,2026-12-11T23:59:59,26666964512;26663366586;26663296848;26666753790;26681178060;26681151616;26663632433;26666943186,"C=CA, O=Entrust Limited, CN=Entrust OV TLS Issuing RSA CA 2"
spswebopstest.fltops.jpl.nasa.gov,Yes,Yes,2,1,2025-11-06T00:00:00,2026-11-06T23:59:59,22241843555;22241821385,"C=CA, O=Entrust Limited, CN=Entrust OV TLS Issuing RSA CA 2"
srp.nasa.gov,No,Yes,6,2,2025-09-29T00:00:00,2026-12-18T23:59:59,26858944720;21348422864;21348439766;25553663229;26858978624;25911896502,"C=GB, O=Sectigo Limited, CN=Sectigo Public Server Authentication CA DV R36;C=CA, O=Entrust Limited, CN=Entrust DV TLS Issuing RSA CA 2"
srp.uat.nasa.gov,No,Yes,6,2,2025-11-06T00:00:00,2026-12-27T23:59:59,23457941075;22258485537;22258442655;25553663229;23457911902;25911896502,"C=GB, O=Sectigo Limited, CN=Sectigo Public Server Authentication CA DV R36;C=CA, O=Entrust Limited, CN=Entrust DV TLS Issuing RSA CA 2"
ss-vg-9323-zoned-mssba.ssc.nasa.gov,Yes,Yes,1,1,2026-05-12T00:00:00,2026-11-26T23:59:59,26289564762,"C=US, O=DigiCert Inc, CN=DigiCert Global G2 TLS RSA SHA256 2020 CA1"
ssc-relay.ndc.nasa.gov,No,Yes,2,1,2025-11-11T00:00:00,2026-12-11T23:59:59,22393320105;22393343612,"C=CA, O=Entrust Limited, CN=Entrust DV TLS Issuing RSA CA 2"
ssccampus.ssc.nasa.gov,Yes,Yes,1,1,2025-12-08T00:00:00,2026-12-07T23:59:59,22983744685,"C=US, O=DigiCert Inc, CN=DigiCert Global G2 TLS RSA SHA256 2020 CA1"
ssccommunity-pub.ssc.nasa.gov,No,Yes,1,1,2025-12-03T00:00:00,2026-12-24T23:59:59,22891229068,"C=US, O=DigiCert Inc, CN=DigiCert Global G2 TLS RSA SHA256 2020 CA1"
ssccommunity.ssc.nasa.gov,Yes,Yes,1,1,2025-12-03T00:00:00,2026-12-24T23:59:59,22891229068,"C=US, O=DigiCert Inc, CN=DigiCert Global G2 TLS RSA SHA256 2020 CA1"
sscsdcsl150.ssc.nasa.gov,Yes,Yes,1,1,2025-12-05T00:00:00,2026-12-15T23:59:59,22906108346,"C=US, O=DigiCert Inc, CN=DigiCert Global G2 TLS RSA SHA256 2020 CA1"
ssctdpub.ssc.nasa.gov,Yes,Yes,2,1,2025-12-03T00:00:00,2026-12-11T23:59:59,22891229323;22934262932,"C=US, O=DigiCert Inc, CN=DigiCert Global G2 TLS RSA SHA256 2020 CA1"
sscweb.gsfc.nasa.gov,Yes,Yes,2,1,2026-07-25T05:27:01,2026-10-23T05:27:00,28231302024;28231306112,"C=US, O=Let's Encrypt, CN=YR1"
sscwebpub.ssc.nasa.gov,Yes,Yes,2,1,2025-12-08T00:00:00,2026-12-23T23:59:59,23020083539;22982326815,"C=US, O=DigiCert Inc, CN=DigiCert Global G2 TLS RSA SHA256 2020 CA1"
sservi.arc.nasa.gov,Yes,Yes,2,1,2025-09-17T00:00:00,2026-10-16T23:59:59,21070627505;21071455125,"C=US, O=Amazon, CN=Amazon RSA 2048 M01"
sservi.nasa.gov,No,Yes,2,1,2025-09-17T00:00:00,2026-10-16T23:59:59,21070627505;21071455125,"C=US, O=Amazon, CN=Amazon RSA 2048 M01"
ssfl.msfc.nasa.gov,No,Yes,10,2,2025-10-28T00:00:00,2026-11-27T23:59:59,26109741084;26099796820;26099796428;22068391358;26099798609;25922401824;25922403565;22068376807;25922425662;25953945323,"C=GB, O=Sectigo Limited, CN=Sectigo Public Server Authentication CA DV R36;C=CA, O=Entrust Limited, CN=Entrust DV TLS Issuing RSA CA 2"
ssl.jpl.nasa.gov,Yes,Yes,2,1,2026-06-05T00:00:00,2026-12-20T23:59:59,26914331815;26914293136,"C=CA, O=Entrust Limited, CN=Entrust OV TLS Issuing RSA CA 2"
ssmo-confluence-update.gsfc.nasa.gov,Yes,Yes,1,1,2025-11-16T00:00:00,2026-12-15T23:59:59,22502202390,"C=US, O=Amazon, CN=Amazon RSA 2048 M04"
ssmo-jira-dev-ext.gsfc.nasa.gov,Yes,Yes,1,1,2025-11-16T00:00:00,2026-12-15T23:59:59,22504054908,"C=US, O=Amazon, CN=Amazon RSA 2048 M04"
ssmo-jira-dev.gsfc.nasa.gov,Yes,Yes,1,1,2025-10-09T00:00:00,2026-11-07T23:59:59,21589119422,"C=US, O=Amazon, CN=Amazon RSA 2048 M01"
ssmo-jira-update.gsfc.nasa.gov,Yes,Yes,1,1,2025-11-12T00:00:00,2026-12-11T23:59:59,22401568203,"C=US, O=Amazon, CN=Amazon RSA 2048 M04"
ssmo-jira.gsfc.nasa.gov,No,Yes,1,1,2025-11-05T19:36:01,2026-11-16T00:48:22,22235797155,"C=US, ST=Arizona, L=Scottsdale, O=""GoDaddy.com, Inc."", OU=http://certs.godaddy.com/repository/, CN=Go Daddy Secure Certificate Authority - G2"
ssmo-wiki.gsfc.nasa.gov,No,Yes,1,1,2025-11-05T19:36:01,2026-11-16T00:48:22,22235797155,"C=US, ST=Arizona, L=Scottsdale, O=""GoDaddy.com, Inc."", OU=http://certs.godaddy.com/repository/, CN=Go Daddy Secure Certificate Authority - G2"
sso1-26.jpl.nasa.gov,Yes,Yes,2,1,2026-04-19T00:00:00,2026-11-03T23:59:59,25976461300;25602926489,"C=CA, O=Entrust Limited, CN=Entrust OV TLS Issuing RSA CA 2"
sso1.jpl.nasa.gov,No,Yes,2,1,2026-04-19T00:00:00,2026-11-03T23:59:59,25976461300;25602926489,"C=CA, O=Entrust Limited, CN=Entrust OV TLS Issuing RSA CA 2"
sso2-ca.jpl.nasa.gov,No,Yes,6,1,2026-05-11T00:00:00,2026-11-25T23:59:59,26257476019;26256866781;26256929852;26257429473;26257089995;26257041781,"C=CA, O=Entrust Limited, CN=Entrust OV TLS Issuing RSA CA 2"
sso2-nv.jpl.nasa.gov,No,Yes,6,1,2026-05-11T00:00:00,2026-11-25T23:59:59,26257476019;26256866781;26256929852;26257429473;26257089995;26257041781,"C=CA, O=Entrust Limited, CN=Entrust OV TLS Issuing RSA CA 2"
sso2.jpl.nasa.gov,Yes,Yes,6,1,2026-05-11T00:00:00,2026-11-25T23:59:59,26257476019;26256866781;26256929852;26257429473;26257089995;26257041781,"C=CA, O=Entrust Limited, CN=Entrust OV TLS Issuing RSA CA 2"
sso3.jpl.nasa.gov,Yes,Yes,4,1,2026-06-02T00:00:00,2026-12-17T23:59:59,26826501116;26826731254;26826539184;26826714559,"C=CA, O=Entrust Limited, CN=Entrust OV TLS Issuing RSA CA 2"
sspr.vmmoc.gsfc.nasa.gov,No,Yes,1,1,2025-11-05T19:36:01,2026-11-16T00:48:22,22235797155,"C=US, ST=Arizona, L=Scottsdale, O=""GoDaddy.com, Inc."", OU=http://certs.godaddy.com/repository/, CN=Go Daddy Secure Certificate Authority - G2"
sstage.m20.jpl.nasa.gov,Yes,Yes,4,2,2026-05-17T00:00:00,2026-11-30T23:59:59,26395719442;26395713770;26395713278;26395714992,"C=US, O=Amazon, CN=Amazon RSA 2048 M04;C=US, O=Amazon, CN=Amazon RSA 2048 M01"
st.jpl.nasa.gov,Yes,Yes,2,1,2026-06-08T00:00:00,2026-12-23T23:59:59,27004092820;27004062014,"C=CA, O=Entrust Limited, CN=Entrust OV TLS Issuing RSA CA 2"
stab.larc.nasa.gov,No,Yes,1,1,2026-01-07T00:00:00,2026-12-10T23:59:59,23598652111,"C=US, O=DigiCert Inc, OU=www.digicert.com, CN=Thawte TLS RSA CA G1"
stabserv.larc.nasa.gov,No,Yes,1,1,2026-01-07T00:00:00,2026-12-10T23:59:59,23598652111,"C=US, O=DigiCert Inc, OU=www.digicert.com, CN=Thawte TLS RSA CA G1"
staging-marscms.jpl.nasa.gov,No,Yes,2,1,2026-06-15T00:00:00,2026-12-30T23:59:59,27215415840;27215384297,"C=CA, O=Entrust Limited, CN=Entrust OV TLS Issuing RSA CA 2"
staging-neluna.fast.luna.nasa.gov,Yes,Yes,2,1,2026-07-18T13:20:07,2026-10-16T13:20:06,28040243190;28040234430,"C=US, O=Let's Encrypt, CN=YR1"
staging.across.sciencecloud.nasa.gov,Yes,Yes,1,1,2026-05-07T00:00:00,2026-11-20T23:59:59,26152004023,"C=US, O=Amazon, CN=Amazon RSA 2048 M01"
staging.cosmic.appdat.jsc.nasa.gov,No,Yes,2,1,2026-07-17T15:20:40,2026-10-15T15:20:39,28015780535;28015763373,"C=US, O=Let's Encrypt, CN=YR2"
staging.luna.nasa.gov,Yes,Yes,6,2,2026-07-11T17:47:56,2026-10-20T14:15:35,28155884948;27859194895;28155880985;28155906370;27859189057;28155901985,"C=US, O=Let's Encrypt, CN=YR1;C=US, O=Let's Encrypt, CN=YR2"
standards-dev.nasa.gov,Yes,Yes,1,1,2025-11-20T00:00:00,2026-12-19T23:59:59,22622458582,"C=US, O=Amazon, CN=Amazon RSA 2048 M04"
standards.caio.mcp.nasa.gov,Yes,Yes,1,1,2026-05-06T00:00:00,2026-11-19T23:59:59,26128425245,"C=US, O=Amazon, CN=Amazon RSA 2048 M01"
standards.nasa.gov,Yes,Yes,1,1,2025-09-30T00:00:00,2026-10-29T23:59:59,21374992442,"C=US, O=Amazon, CN=Amazon RSA 2048 M01"
star.sandbox.sciencecloud.nasa.gov,Yes,Yes,4,2,2026-04-13T00:00:00,2026-12-01T23:59:59,25832270885;26442743865;25510245698;25510245531,"C=US, O=Amazon, CN=Amazon RSA 2048 M04;C=US, O=Amazon, CN=Amazon RSA 2048 M01"
starport.jsc.nasa.gov,No,Yes,2,1,2026-07-19T10:48:48,2026-10-17T10:48:47,28063145278;28063160664,"C=US, O=Let's Encrypt, CN=YR1"
starrs.strives.dev.sti.appdat.jsc.nasa.gov,Yes,Yes,4,1,2026-07-18T21:23:38,2026-10-16T21:23:38,28048864480;28048867818;28048863671;28048867187,"C=US, O=Let's Encrypt, CN=YR1"
starrs.strives.staging.sti.appdat.jsc.nasa.gov,Yes,Yes,2,1,2026-07-22T15:43:34,2026-10-20T15:43:33,28157895872;28157909675,"C=US, O=Let's Encrypt, CN=YR1"
stars.nasa.gov,No,Yes,6,2,2025-09-29T00:00:00,2026-12-18T23:59:59,26858944720;21348422864;21348439766;25553663229;26858978624;25911896502,"C=GB, O=Sectigo Limited, CN=Sectigo Public Server Authentication CA DV R36;C=CA, O=Entrust Limited, CN=Entrust DV TLS Issuing RSA CA 2"
stars.staging.nasa.gov,No,Yes,6,2,2025-11-06T00:00:00,2026-12-27T23:59:59,23457941075;22258485537;22258442655;25553663229;23457911902;25911896502,"C=GB, O=Sectigo Limited, CN=Sectigo Public Server Authentication CA DV R36;C=CA, O=Entrust Limited, CN=Entrust DV TLS Issuing RSA CA 2"
starting-line.sops.m20.jpl.nasa.gov,Yes,Yes,1,1,2025-09-30T00:00:00,2026-10-29T23:59:59,21377567362,"C=US, O=Amazon, CN=Amazon RSA 2048 M01"
starting-line.tb.m20.jpl.nasa.gov,Yes,Yes,1,1,2025-10-15T00:00:00,2026-11-13T23:59:59,21741299946,"C=US, O=Amazon, CN=Amazon RSA 2048 M04"
starting-line.tbdev.m20.jpl.nasa.gov,Yes,Yes,1,1,2025-10-13T00:00:00,2026-11-11T23:59:59,21695394638,"C=US, O=Amazon, CN=Amazon RSA 2048 M01"
starting-line.train.m20.jpl.nasa.gov,Yes,Yes,1,1,2025-10-16T00:00:00,2026-11-14T23:59:59,21765537970,"C=US, O=Amazon, CN=Amazon RSA 2048 M01"
state-datastore-backend.ectb.awsgw1.jpl.nasa.gov,No,Yes,2,1,2026-03-26T00:00:00,2026-10-10T23:59:59,25234668940;25234650932,"C=CA, O=Entrust Limited, CN=Entrust OV TLS Issuing RSA CA 2"
state-manager-backend.ectb.awsgw1.jpl.nasa.gov,No,Yes,2,1,2026-03-26T00:00:00,2026-10-10T23:59:59,25234668940;25234650932,"C=CA, O=Entrust Limited, CN=Entrust OV TLS Issuing RSA CA 2"
state-manager.ectb.awsgw1.jpl.nasa.gov,No,Yes,2,1,2026-03-26T00:00:00,2026-10-10T23:59:59,25234668940;25234650932,"C=CA, O=Entrust Limited, CN=Entrust OV TLS Issuing RSA CA 2"
station.iss.nasa.gov,No,Yes,1,1,2026-03-30T00:00:00,2026-10-14T23:59:59,25274471906,"C=US, O=DigiCert Inc, OU=www.digicert.com, CN=GeoTrust TLS RSA CA G1"
status.earthdata.nasa.gov,Yes,Yes,2,1,2025-11-20T00:00:00,2026-12-20T23:59:59,22622101484;22622124733,"C=CA, O=Entrust Limited, CN=Entrust DV TLS Issuing RSA CA 2"
status.sit.earthdata.nasa.gov,No,Yes,2,1,2025-11-21T00:00:00,2026-12-21T23:59:59,22644252934;22644239048,"C=CA, O=Entrust Limited, CN=Entrust DV TLS Issuing RSA CA 2"
status.uat.earthdata.nasa.gov,No,Yes,2,1,2025-11-21T00:00:00,2026-12-21T23:59:59,22644318995;22644335666,"C=CA, O=Entrust Limited, CN=Entrust DV TLS Issuing RSA CA 2"
stem.nasa.gov,Yes,Yes,3,1,2025-09-16T00:00:00,2026-12-29T23:59:59,27216460750;27315826052;21063781145,"C=US, O=Amazon, CN=Amazon RSA 2048 M01"
stemgateway.nasa.gov,Yes,Yes,2,1,2025-09-12T00:00:00,2026-10-13T23:59:59,20978145151;20978169942,"C=GB, O=Sectigo Limited, CN=Sectigo Public Server Authentication CA DV R36"
sti.dev.sti.appdat.jsc.nasa.gov,Yes,Yes,2,1,2026-07-18T21:42:44,2026-10-16T21:42:43,28049256256;28049247002,"C=US, O=Let's Encrypt, CN=YR1"
stmd.nasa.gov,Yes,Yes,2,1,2026-07-17T09:27:55,2026-10-15T09:27:54,28008727637;28008720975,"C=US, O=Let's Encrypt, CN=YR1"
stmgroundhub.amesaero.nasa.gov,Yes,Yes,1,1,2026-04-23T15:31:07,2026-11-07T15:31:07,25730938582,"C=US, ST=Texas, L=Houston, O=SSL Corporation, CN=SSL.com RSA SSL subCA"
stp.gsfc.nasa.gov,No,Yes,2,1,2025-11-06T00:00:00,2026-12-07T23:59:59,22260015134;22260038060,"C=GB, O=Sectigo Limited, CN=Sectigo Public Server Authentication CA DV R36"
stpweb1.nascom.nasa.gov,Yes,Yes,1,1,2026-03-26T00:00:00,2026-10-10T23:59:59,25241915873,"C=US, O=DigiCert Inc, CN=DigiCert Global G2 TLS RSA SHA256 2020 CA1"
stpweb2.nascom.nasa.gov,No,Yes,1,1,2026-03-26T00:00:00,2026-10-10T23:59:59,25241915873,"C=US, O=DigiCert Inc, CN=DigiCert Global G2 TLS RSA SHA256 2020 CA1"
stratum.scipai.sandbox.sciencecloud.nasa.gov,Yes,Yes,2,1,2026-07-20T17:12:29,2026-10-18T17:12:28,28100203884;28100193309,"C=US, O=Let's Encrypt, CN=YR1"
straw.nasa.gov,Yes,Yes,1,1,2025-10-28T00:00:00,2026-11-25T23:59:59,22064866805,"C=US, O=Amazon, CN=Amazon RSA 2048 M04"
streaming.dip-dev.amesaero.nasa.gov,Yes,Yes,1,1,2026-04-22T00:00:00,2026-11-05T23:59:59,25653140578,"C=US, O=Amazon, CN=Amazon RSA 2048 M01"
strives.dev.sti.appdat.jsc.nasa.gov,Yes,Yes,4,2,2026-07-18T21:49:42,2026-10-16T21:49:47,28049379353;28049374807;28049372852;28049379797,"C=US, O=Let's Encrypt, CN=YR1;C=US, O=Let's Encrypt, CN=YR2"
submission.prosams.nasa.gov,Yes,Yes,2,1,2025-10-10T00:00:00,2026-11-08T23:59:59,21631907770;21632398020,"C=US, O=Amazon, CN=Amazon RSA 2048 M04"
submissionsapp-govprod.prosams.nasa.gov,Yes,Yes,1,1,2025-10-14T00:00:00,2026-11-12T23:59:59,21718818918,"C=US, O=Amazon, CN=Amazon RSA 2048 M01"
submissionsapp.prosams-govprod.prosams.nasa.gov,Yes,Yes,1,1,2025-10-13T00:00:00,2026-11-11T23:59:59,21699186595,"C=US, O=Amazon, CN=Amazon RSA 2048 M04"
subsurface.jpl.nasa.gov,No,Yes,2,1,2025-12-04T00:00:00,2026-12-04T23:59:59,22908111525;22908134556,"C=CA, O=Entrust Limited, CN=Entrust OV TLS Issuing RSA CA 2"
subt.jpl.nasa.gov,No,Yes,2,1,2025-12-04T00:00:00,2026-12-04T23:59:59,22908111525;22908134556,"C=CA, O=Entrust Limited, CN=Entrust OV TLS Issuing RSA CA 2"
sulu-dev-docs.spoc.nasa.gov,Yes,Yes,2,1,2026-06-02T00:00:00,2026-12-16T23:59:59,26839359622;26839250196,"C=US, O=Amazon, CN=Amazon RSA 2048 M04"
sulu-docs.spoc.nasa.gov,Yes,Yes,3,2,2026-05-27T00:00:00,2026-12-16T23:59:59,26689753830;26839376574;26689691741,"C=US, O=Amazon, CN=Amazon RSA 2048 M04;C=US, O=Amazon, CN=Amazon RSA 2048 M01"
sulu-stg.spoc.nasa.gov,Yes,Yes,1,1,2026-04-14T00:00:00,2026-10-28T23:59:59,25543529900,"C=US, O=Amazon, CN=Amazon RSA 2048 M04"
sunclimate.gsfc.nasa.gov,No,Yes,2,1,2026-07-22T12:25:25,2026-10-20T12:25:24,28153629149;28153625557,"C=US, O=Let's Encrypt, CN=YE1"
superset.tess.dev-shared.ssmo.appdat.jsc.nasa.gov,Yes,Yes,2,1,2026-07-20T13:37:44,2026-10-18T13:37:43,28095551637;28095540382,"C=US, O=Let's Encrypt, CN=YR1"
supplierportal.jpl.nasa.gov,No,Yes,2,1,2025-12-04T00:00:00,2026-12-04T23:59:59,22908111525;22908134556,"C=CA, O=Entrust Limited, CN=Entrust OV TLS Issuing RSA CA 2"
supplychain.amesaero.nasa.gov,Yes,Yes,1,1,2026-04-11T00:00:00,2026-10-25T23:59:59,25493170372,"C=US, O=Amazon, CN=Amazon RSA 2048 M01"
supplychainresiliency.nasa.gov,Yes,Yes,1,1,2026-06-03T00:00:00,2026-12-18T23:59:59,26866034510,"C=US, O=DigiCert Inc, CN=DigiCert Global G2 TLS RSA SHA256 2020 CA1"
support.appdat.jsc.nasa.gov,No,Yes,2,1,2026-07-19T10:48:48,2026-10-17T10:48:47,28063145278;28063160664,"C=US, O=Let's Encrypt, CN=YR1"
support.earthdata.nasa.gov,Yes,Yes,2,1,2026-07-23T23:41:30,2026-10-21T23:41:29,28196737376;28196723577,"C=US, O=Let's Encrypt, CN=YR2"
support.sewp.nasa.gov,No,Yes,2,1,2025-11-05T00:00:00,2026-11-11T23:59:59,22523971475;22238562088,"C=US, O=DigiCert Inc, CN=GeoTrust EV RSA CA G2"
svcp.jpl.nasa.gov,No,Yes,4,1,2025-12-04T00:00:00,2026-12-31T23:59:59,27241033634;22908111525;22908134556;27241069286,"C=CA, O=Entrust Limited, CN=Entrust OV TLS Issuing RSA CA 2"
svs.gsfc.nasa.gov,Yes,Yes,4,2,2026-07-13T11:01:17,2026-10-15T17:58:02,28019095126;27898027600;28019099649;27898020144,"C=US, O=Let's Encrypt, CN=YR1;C=US, O=Let's Encrypt, CN=YR2"
sw-eng.larc.nasa.gov,No,Yes,1,1,2026-01-07T00:00:00,2026-12-10T23:59:59,23598652111,"C=US, O=DigiCert Inc, OU=www.digicert.com, CN=Thawte TLS RSA CA G1"
swatbugs.ivv.nasa.gov,No,Yes,4,1,2026-04-29T00:00:00,2026-12-03T23:59:59,25952813031;25923352623;26470099980;25952926190,"C=US, O=DigiCert Inc, CN=DigiCert Global G2 TLS RSA SHA256 2020 CA1"
swatdev.ivv.nasa.gov,No,Yes,3,1,2026-04-29T00:00:00,2026-12-03T23:59:59,25952813031;25923352623;26470099980,"C=US, O=DigiCert Inc, CN=DigiCert Global G2 TLS RSA SHA256 2020 CA1"
swatfiles.ivv.nasa.gov,No,Yes,4,1,2026-04-29T00:00:00,2026-12-03T23:59:59,25952813031;25923352623;26470099980;25924315102,"C=US, O=DigiCert Inc, CN=DigiCert Global G2 TLS RSA SHA256 2020 CA1"
swc.gsfc.nasa.gov,Yes,Yes,2,1,2026-06-09T00:00:00,2026-12-23T23:59:59,27215060217;27026055746,"C=US, O=Amazon, CN=Amazon RSA 2048 M04"
swehb-dev.msfc.nasa.gov,No,Yes,6,2,2025-11-06T00:00:00,2026-12-27T23:59:59,23457941075;22258485537;22258442655;25553663229;23457911902;25911896502,"C=GB, O=Sectigo Limited, CN=Sectigo Public Server Authentication CA DV R36;C=CA, O=Entrust Limited, CN=Entrust DV TLS Issuing RSA CA 2"
swehb-staging.msfc.nasa.gov,No,Yes,6,2,2025-11-06T00:00:00,2026-12-27T23:59:59,23457941075;22258485537;22258442655;25553663229;23457911902;25911896502,"C=GB, O=Sectigo Limited, CN=Sectigo Public Server Authentication CA DV R36;C=CA, O=Entrust Limited, CN=Entrust DV TLS Issuing RSA CA 2"
swehb.msfc.nasa.gov,No,Yes,26,2,2025-11-03T00:00:00,2026-11-14T23:59:59,26109741084;26099796820;26099796428;25553908477;25553910929;26099798609;25553923779;25953945323;22182571925;25912326319;25912307138;25553915065;22182585279;22182556624;25922425662;25912298162;22182572524;25553916818;25912301922;25912718088;25912311865;25922401824;25922403565;25553920234;25912338415;25554161214,"C=GB, O=Sectigo Limited, CN=Sectigo Public Server Authentication CA DV R36;C=CA, O=Entrust Limited, CN=Entrust DV TLS Issuing RSA CA 2"
swehb.nasa.gov,No,Yes,22,2,2026-04-15T00:00:00,2026-11-14T23:59:59,26109741084;26099796820;26099796428;25553908477;25553910929;26099798609;25553923779;25953945323;25912326319;25912307138;25553915065;25922425662;25912298162;25553916818;25912301922;25912718088;25912311865;25922401824;25922403565;25553920234;25912338415;25554161214,"C=GB, O=Sectigo Limited, CN=Sectigo Public Server Authentication CA DV R36;C=CA, O=Entrust Limited, CN=Entrust DV TLS Issuing RSA CA 2"
swodlr.podaac.sit.earthdatacloud.nasa.gov,Yes,Yes,2,1,2026-06-03T00:00:00,2026-12-17T23:59:59,26843441058;26962725799,"C=US, O=Amazon, CN=Amazon RSA 2048 M04"
t.nasa.gov,No,Yes,2,1,2026-07-20T03:14:46,2026-10-18T03:14:45,28082396540;28082392510,"C=US, O=Let's Encrypt, CN=YE2"
t2deploy-webhook.gm.srl.jpl.nasa.gov,Yes,Yes,2,1,2026-04-01T00:00:00,2026-10-15T23:59:59,25304176335;25331605135,"C=US, O=Amazon, CN=Amazon RSA 2048 M04"
t2deploy.gm.srl.jpl.nasa.gov,Yes,Yes,1,1,2026-04-07T00:00:00,2026-10-21T23:59:59,25432690814,"C=US, O=Amazon, CN=Amazon RSA 2048 M01"
t2s.caio.mcp.nasa.gov,Yes,Yes,1,1,2026-04-27T00:00:00,2026-11-10T23:59:59,25858638376,"C=US, O=Amazon, CN=Amazon RSA 2048 M04"
t5j4mri7psollv.intsvc.cloud.sit.earthdata.nasa.gov,Yes,Yes,1,1,2026-04-26T00:00:00,2026-11-09T23:59:59,25799478234,"C=US, O=Amazon, CN=Amazon RSA 2048 M04"
targetdb-unstable.gd.m20.jpl.nasa.gov,Yes,Yes,1,1,2026-04-15T00:00:00,2026-10-29T23:59:59,25525659016,"C=US, O=Amazon, CN=Amazon RSA 2048 M04"
targetdb.sops.m20.jpl.nasa.gov,Yes,Yes,1,1,2025-09-30T00:00:00,2026-10-29T23:59:59,21377549117,"C=US, O=Amazon, CN=Amazon RSA 2048 M01"
targetdb.train.m20.jpl.nasa.gov,Yes,Yes,1,1,2025-10-16T00:00:00,2026-11-14T23:59:59,21764132910,"C=US, O=Amazon, CN=Amazon RSA 2048 M01"
taskteams.mas.nasa.gov,Yes,Yes,1,1,2025-12-03T00:00:00,2026-12-08T23:59:59,22889891893,"C=US, O=DigiCert Inc, OU=www.digicert.com, CN=Thawte TLS RSA CA G1"
tb.m20.jpl.nasa.gov,Yes,Yes,1,1,2026-05-23T00:00:00,2026-12-06T23:59:59,26562833396,"C=US, O=Amazon, CN=Amazon RSA 2048 M04"
tcis.jpl.nasa.gov,No,Yes,2,1,2026-05-31T00:00:00,2026-12-15T23:59:59,26784187213;26784205142,"C=CA, O=Entrust Limited, CN=Entrust OV TLS Issuing RSA CA 2"
tda.jpl.nasa.gov,No,Yes,2,1,2025-12-04T00:00:00,2026-12-04T23:59:59,22908111525;22908134556,"C=CA, O=Entrust Limited, CN=Entrust OV TLS Issuing RSA CA 2"
tdgoff-test-hybrid-api.ngap.sit.earthdata.nasa.gov,Yes,Yes,2,1,2026-04-04T00:00:00,2026-10-18T23:59:59,25509662941;25387769618,"C=US, O=Amazon, CN=Amazon RSA 2048 M04"
teaapi-1908777047.auto.earthdatacloud.nasa.gov,Yes,Yes,2,1,2025-09-15T00:00:00,2026-10-14T23:59:59,21026230609;21027810222,"C=US, O=Amazon, CN=Amazon RSA 2048 M04"
teaendpoint1-3171236659.auto.earthdatacloud.nasa.gov,Yes,Yes,1,1,2026-06-11T00:00:00,2026-12-25T23:59:59,27099447514,"C=US, O=Amazon, CN=Amazon RSA 2048 M01"
technology-afrc.ndc.nasa.gov,No,Yes,3,1,2025-09-15T00:00:00,2026-12-23T23:59:59,21035847984;21034877915;22726773020,"C=US, O=Amazon, CN=Amazon RSA 2048 M01"
technology-api-internal.nasa.gov,Yes,Yes,1,1,2025-10-28T00:00:00,2026-11-25T23:59:59,22065000105,"C=US, O=Amazon, CN=Amazon RSA 2048 M01"
technology-api.ndc.nasa.gov,No,Yes,3,1,2025-09-15T00:00:00,2026-12-23T23:59:59,21035847984;21034877915;22726773020,"C=US, O=Amazon, CN=Amazon RSA 2048 M01"
technology-arc.ndc.nasa.gov,No,Yes,3,1,2025-09-15T00:00:00,2026-12-23T23:59:59,21035847984;21034877915;22726773020,"C=US, O=Amazon, CN=Amazon RSA 2048 M01"
technology-grc.ndc.nasa.gov,No,Yes,3,1,2025-09-15T00:00:00,2026-12-23T23:59:59,21035847984;21034877915;22726773020,"C=US, O=Amazon, CN=Amazon RSA 2048 M01"
technology-gsfc.ndc.nasa.gov,No,Yes,3,1,2025-09-15T00:00:00,2026-12-23T23:59:59,21035847984;21034877915;22726773020,"C=US, O=Amazon, CN=Amazon RSA 2048 M01"
technology-jsc.ndc.nasa.gov,No,Yes,3,1,2025-09-15T00:00:00,2026-12-23T23:59:59,21035847984;21034877915;22726773020,"C=US, O=Amazon, CN=Amazon RSA 2048 M01"
technology-ksc.ndc.nasa.gov,No,Yes,3,1,2025-09-15T00:00:00,2026-12-23T23:59:59,21035847984;21034877915;22726773020,"C=US, O=Amazon, CN=Amazon RSA 2048 M01"
technology-msfc.ndc.nasa.gov,No,Yes,3,1,2025-09-15T00:00:00,2026-12-23T23:59:59,21035847984;21034877915;22726773020,"C=US, O=Amazon, CN=Amazon RSA 2048 M01"
technology-ssc.ndc.nasa.gov,No,Yes,3,1,2025-09-15T00:00:00,2026-12-23T23:59:59,21035847984;21034877915;22726773020,"C=US, O=Amazon, CN=Amazon RSA 2048 M01"
technology.grc.nasa.gov,No,Yes,3,1,2025-09-15T00:00:00,2026-12-23T23:59:59,21035847984;21034877915;22726773020,"C=US, O=Amazon, CN=Amazon RSA 2048 M01"
technology.jsc.nasa.gov,No,Yes,3,1,2025-09-15T00:00:00,2026-12-23T23:59:59,21035847984;21034877915;22726773020,"C=US, O=Amazon, CN=Amazon RSA 2048 M01"
technology.nasa.gov,No,Yes,3,1,2025-09-15T00:00:00,2026-12-23T23:59:59,21035847984;21034877915;22726773020,"C=US, O=Amazon, CN=Amazon RSA 2048 M01"
technologygateway.nasa.gov,No,Yes,3,1,2025-09-15T00:00:00,2026-12-23T23:59:59,21035847984;21034877915;22726773020,"C=US, O=Amazon, CN=Amazon RSA 2048 M01"
technologytransfer.jpl.nasa.gov,No,Yes,2,1,2025-12-04T00:00:00,2026-12-04T23:59:59,22908111525;22908134556,"C=CA, O=Entrust Limited, CN=Entrust OV TLS Issuing RSA CA 2"
techport-staging.nasa.gov,Yes,Yes,1,1,2026-04-27T00:00:00,2026-11-10T23:59:59,25846624889,"C=US, O=Amazon, CN=Amazon RSA 2048 M01"
techport.nasa.gov,Yes,Yes,2,1,2026-03-30T00:00:00,2026-10-13T23:59:59,25285773883;25306635441,"C=US, O=Amazon, CN=Amazon RSA 2048 M04"
techtran.msfc.nasa.gov,No,Yes,3,1,2025-09-15T00:00:00,2026-12-23T23:59:59,21035847984;21034877915;22726773020,"C=US, O=Amazon, CN=Amazon RSA 2048 M01"
tektrack.jpl.nasa.gov,No,Yes,2,1,2026-06-16T00:00:00,2026-12-31T23:59:59,27244397537;27244355478,"C=CA, O=Entrust Limited, CN=Entrust OV TLS Issuing RSA CA 2"
temporalgapapi-2731843237.auto.earthdatacloud.nasa.gov,Yes,Yes,2,1,2025-09-12T00:00:00,2026-10-11T23:59:59,20975718025;20974087167,"C=US, O=Amazon, CN=Amazon RSA 2048 M01"
tes.jpl.nasa.gov,No,Yes,2,1,2025-12-04T00:00:00,2026-12-04T23:59:59,22908111525;22908134556,"C=CA, O=Entrust Limited, CN=Entrust OV TLS Issuing RSA CA 2"
test-production-1.jpl.nasa.gov,Yes,Yes,2,1,2026-07-22T18:01:35,2026-10-20T18:01:34,28160734423;28160739563,"C=US, O=Let's Encrypt, CN=YR2"
test-vip-slb-dev.sit.earthdata.nasa.gov,No,Yes,2,1,2025-11-21T00:00:00,2026-12-21T23:59:59,22644469205;22644438305,"C=CA, O=Entrust Limited, CN=Entrust DV TLS Issuing RSA CA 2"
test-vip-slb-prod.earthdata.nasa.gov,Yes,Yes,2,1,2025-11-21T00:00:00,2026-12-21T23:59:59,22644469205;22644438305,"C=CA, O=Entrust Limited, CN=Entrust DV TLS Issuing RSA CA 2"
test.gcn.nasa.gov,Yes,Yes,1,1,2025-11-28T00:00:00,2026-12-27T23:59:59,22774801701,"C=US, O=Amazon, CN=Amazon RSA 2048 M04"
test.jenkins.mcp.nasa.gov,Yes,Yes,1,1,2025-09-23T00:00:00,2026-10-22T23:59:59,21212271512,"C=US, O=Amazon, CN=Amazon RSA 2048 M01"
test.kibana.mcp.nasa.gov,Yes,Yes,1,1,2026-05-04T00:00:00,2026-11-17T23:59:59,26052730030,"C=US, O=Amazon, CN=Amazon RSA 2048 M01"
test.urs.earthdata.nasa.gov,No,Yes,2,1,2025-11-21T00:00:00,2026-12-21T23:59:59,22644110185;22644127506,"C=CA, O=Entrust Limited, CN=Entrust DV TLS Issuing RSA CA 2"
testbeddev.amesaero.nasa.gov,Yes,Yes,1,1,2026-05-30T00:00:00,2026-12-13T23:59:59,26746242166,"C=US, O=Amazon, CN=Amazon RSA 2048 M01"
testnuss.amesaero.nasa.gov,Yes,Yes,1,1,2026-04-29T00:00:00,2026-11-12T23:59:59,25897411348,"C=US, O=Amazon, CN=Amazon RSA 2048 M01"
tesvis-backend.ornldaac.earthdatacloud.nasa.gov,Yes,Yes,1,1,2025-11-18T00:00:00,2026-12-17T23:59:59,22554111858,"C=US, O=Amazon, CN=Amazon RSA 2048 M01"
tesvis-backend.ornldaac.sit.earthdatacloud.nasa.gov,Yes,Yes,1,1,2025-11-16T00:00:00,2026-12-15T23:59:59,22502241061,"C=US, O=Amazon, CN=Amazon RSA 2048 M04"
tesvis-backend.ornldaac.uat.earthdatacloud.nasa.gov,Yes,Yes,2,1,2025-11-18T00:00:00,2026-12-17T23:59:59,22556609913;22555341823,"C=US, O=Amazon, CN=Amazon RSA 2048 M01"
tetruss.larc.nasa.gov,No,Yes,1,1,2026-01-07T00:00:00,2026-12-10T23:59:59,23598652111,"C=US, O=DigiCert Inc, OU=www.digicert.com, CN=Thawte TLS RSA CA G1"
text-to-structure.caio.mcp.nasa.gov,Yes,Yes,1,1,2026-06-17T00:00:00,2026-12-31T23:59:59,27252445329,"C=US, O=Amazon, CN=Amazon RSA 2048 M04"
tf-inventory-ext.sops.m20.jpl.nasa.gov,Yes,Yes,1,1,2025-09-26T00:00:00,2026-10-25T23:59:59,21299370896,"C=US, O=Amazon, CN=Amazon RSA 2048 M01"
tf-inventory-int.sops.m20.jpl.nasa.gov,Yes,Yes,1,1,2025-09-26T00:00:00,2026-10-25T23:59:59,21300682986,"C=US, O=Amazon, CN=Amazon RSA 2048 M04"
tf-inventory-int.tb.m20.jpl.nasa.gov,Yes,Yes,1,1,2025-10-08T00:00:00,2026-11-06T23:59:59,21580714314,"C=US, O=Amazon, CN=Amazon RSA 2048 M04"
thermal-surface.sops.m20.jpl.nasa.gov,Yes,Yes,1,1,2025-09-30T00:00:00,2026-10-29T23:59:59,21377085186,"C=US, O=Amazon, CN=Amazon RSA 2048 M04"
throttle-alb.intsvc.cloud.sit.earthdata.nasa.gov,Yes,Yes,1,1,2026-04-22T00:00:00,2026-11-05T23:59:59,25653813108,"C=US, O=Amazon, CN=Amazon RSA 2048 M04"
throttle-api.intsvc.cloud.sit.earthdata.nasa.gov,No,Yes,1,1,2026-04-22T00:00:00,2026-11-05T23:59:59,25653813108,"C=US, O=Amazon, CN=Amazon RSA 2048 M04"
thumbnail-generator-unstable.gd.m20.jpl.nasa.gov,Yes,Yes,1,1,2026-04-19T00:00:00,2026-11-02T23:59:59,25572933249,"C=US, O=Amazon, CN=Amazon RSA 2048 M04"
thumbnail-generator.sops.m20.jpl.nasa.gov,Yes,Yes,1,1,2025-09-30T00:00:00,2026-10-29T23:59:59,21381950799,"C=US, O=Amazon, CN=Amazon RSA 2048 M04"
thumbnail-generator.tb.m20.jpl.nasa.gov,Yes,Yes,1,1,2025-10-15T00:00:00,2026-11-13T23:59:59,21745244958,"C=US, O=Amazon, CN=Amazon RSA 2048 M01"
thumbnail-generator.tbdev.m20.jpl.nasa.gov,Yes,Yes,1,1,2025-10-13T00:00:00,2026-11-11T23:59:59,21695082262,"C=US, O=Amazon, CN=Amazon RSA 2048 M01"
thumbnail-generator.train.m20.jpl.nasa.gov,Yes,Yes,1,1,2025-10-16T00:00:00,2026-11-14T23:59:59,21768208613,"C=US, O=Amazon, CN=Amazon RSA 2048 M01"
ti.arc.nasa.gov,Yes,Yes,2,1,2026-07-15T10:53:46,2026-10-13T10:53:45,27952425342;27952428129,"C=US, O=Let's Encrypt, CN=YR2"
tide-gv-uat.dev.gds.appdat.jsc.nasa.gov,Yes,Yes,2,1,2026-07-21T08:26:19,2026-10-19T08:26:18,28119451911;28119459432,"C=US, O=Let's Encrypt, CN=YR2"
tide-gv.dev.gds.appdat.jsc.nasa.gov,Yes,Yes,2,1,2026-07-12T00:41:54,2026-10-10T00:41:53,27865076805;27865067114,"C=US, O=Let's Encrypt, CN=YR1"
tide-gv.staging.gds.appdat.jsc.nasa.gov,Yes,Yes,2,1,2026-07-19T02:52:17,2026-10-17T02:52:16,28054287837;28054289689,"C=US, O=Let's Encrypt, CN=YR2"
tieplpvndkk61y.intsvc.cloud.earthdata.nasa.gov,Yes,Yes,1,1,2025-11-18T00:00:00,2026-12-17T23:59:59,22550372861,"C=US, O=Amazon, CN=Amazon RSA 2048 M04"
timeline-stats.sops.m20.jpl.nasa.gov,Yes,Yes,1,1,2025-09-30T00:00:00,2026-10-29T23:59:59,21377125889,"C=US, O=Amazon, CN=Amazon RSA 2048 M04"
titan-server.arc.nasa.gov,Yes,Yes,2,1,2025-11-11T00:00:00,2026-12-02T23:59:59,22847766281;22373624936,"C=US, O=DigiCert Inc, CN=DigiCert Global G2 TLS RSA SHA256 2020 CA1"
tl9gajwivo46p7.intsvc.cloud.earthdata.nasa.gov,Yes,Yes,1,1,2025-09-19T00:00:00,2026-10-18T23:59:59,21132898162,"C=US, O=Amazon, CN=Amazon RSA 2048 M04"
tmf-lidar.jpl.nasa.gov,No,Yes,2,1,2025-12-04T00:00:00,2026-12-04T23:59:59,22908111525;22908134556,"C=CA, O=Entrust Limited, CN=Entrust OV TLS Issuing RSA CA 2"
tmf.jpl.nasa.gov,No,Yes,2,1,2025-12-04T00:00:00,2026-12-04T23:59:59,22908111525;22908134556,"C=CA, O=Entrust Limited, CN=Entrust OV TLS Issuing RSA CA 2"
tmis-r.hst.nasa.gov,Yes,Yes,1,1,2025-11-14T15:08:09,2026-11-14T15:08:09,22466276646,"C=US, ST=Texas, L=Houston, O=SSL Corporation, CN=SSL.com RSA SSL subCA"
tmo.jpl.nasa.gov,No,Yes,2,1,2025-12-04T00:00:00,2026-12-04T23:59:59,22908111525;22908134556,"C=CA, O=Entrust Limited, CN=Entrust OV TLS Issuing RSA CA 2"
tmr.jpl.nasa.gov,No,Yes,2,1,2026-06-05T00:00:00,2026-12-20T23:59:59,26914331815;26914293136,"C=CA, O=Entrust Limited, CN=Entrust OV TLS Issuing RSA CA 2"
tolnet.larc.nasa.gov,Yes,Yes,2,1,2025-12-02T00:00:00,2026-12-15T23:59:59,22865115301;22903068219,"C=US, O=DigiCert Inc, OU=www.digicert.com, CN=Thawte TLS RSA CA G1"
tolnet.nasa.gov,No,Yes,2,1,2025-12-02T00:00:00,2026-12-15T23:59:59,22865115301;22903068219,"C=US, O=DigiCert Inc, OU=www.digicert.com, CN=Thawte TLS RSA CA G1"
tomcat.ivv.nasa.gov,Yes,Yes,4,1,2026-04-29T00:00:00,2026-12-03T23:59:59,25952813031;27266546514;25923352623;26470099980,"C=US, O=DigiCert Inc, CN=DigiCert Global G2 TLS RSA SHA256 2020 CA1"
tomcatdev.ivv.nasa.gov,Yes,Yes,4,1,2026-04-29T00:00:00,2026-12-03T23:59:59,25952813031;27234412079;25923352623;26470099980,"C=US, O=DigiCert Inc, CN=DigiCert Global G2 TLS RSA SHA256 2020 CA1"
topex-www.jpl.nasa.gov,No,Yes,2,1,2025-12-04T00:00:00,2026-12-04T23:59:59,22908111525;22908134556,"C=CA, O=Entrust Limited, CN=Entrust OV TLS Issuing RSA CA 2"
toronto.eoc.ecs.nasa.gov,No,Yes,2,1,2025-09-12T00:00:00,2026-10-12T23:59:59,20970740162;20970741123,"C=CA, O=Entrust Limited, CN=Entrust DV TLS Issuing RSA CA 2"
tours.jpl.nasa.gov,Yes,Yes,2,1,2026-04-06T00:00:00,2026-10-21T23:59:59,25458914976;25431493242,"C=CA, O=Entrust Limited, CN=Entrust OV TLS Issuing RSA CA 2"
towerfts.csbf.nasa.gov,No,Yes,7,1,2025-09-09T00:00:00,2026-11-08T23:59:59,20897252875;26383836111;20897232176;20897087997;20897381869;22890328888;26152347529,"C=US, O=DigiCert Inc, CN=DigiCert Global G2 TLS RSA SHA256 2020 CA1"
townhall.nasa.gov,Yes,Yes,1,1,2026-05-21T00:00:00,2026-12-04T23:59:59,26526513231,"C=US, O=Amazon, CN=Amazon RSA 2048 M01"
train.m20.jpl.nasa.gov,Yes,Yes,4,2,2026-05-09T00:00:00,2026-11-22T23:59:59,26190290398;26190288669;26190287400;26191642024,"C=US, O=Amazon, CN=Amazon RSA 2048 M04;C=US, O=Amazon, CN=Amazon RSA 2048 M01"
training.ivv.nasa.gov,No,Yes,4,1,2026-04-29T00:00:00,2026-12-03T23:59:59,25952813031;25923352623;26470099980;25924315102,"C=US, O=DigiCert Inc, CN=DigiCert Global G2 TLS RSA SHA256 2020 CA1"
trainingpre.ivv.nasa.gov,No,Yes,4,1,2026-04-29T00:00:00,2026-12-03T23:59:59,25952813031;25923352623;26470099980;25952926190,"C=US, O=DigiCert Inc, CN=DigiCert Global G2 TLS RSA SHA256 2020 CA1"
transfer.ndc.nasa.gov,No,Yes,1,1,2026-05-18T00:00:00,2026-12-01T23:59:59,26440612612,"C=US, O=Amazon, CN=Amazon RSA 2048 M04"
transitionmodeling.larc.nasa.gov,No,Yes,1,1,2026-01-07T00:00:00,2026-12-10T23:59:59,23598652111,"C=US, O=DigiCert Inc, OU=www.digicert.com, CN=Thawte TLS RSA CA G1"
transmodels.larc.nasa.gov,Yes,Yes,2,1,2026-07-16T15:20:13,2026-10-14T15:20:12,27986932206;27986939868,"C=US, O=Let's Encrypt, CN=YE1"
transpire-ui.ectb.awsgw1.jpl.nasa.gov,No,Yes,2,1,2026-03-26T00:00:00,2026-10-10T23:59:59,25234668940;25234650932,"C=CA, O=Entrust Limited, CN=Entrust OV TLS Issuing RSA CA 2"
transpire-ui.sops.m20.jpl.nasa.gov,Yes,Yes,1,1,2025-09-30T00:00:00,2026-10-29T23:59:59,21377783502,"C=US, O=Amazon, CN=Amazon RSA 2048 M04"
transpire-ui.tb.m20.jpl.nasa.gov,Yes,Yes,1,1,2025-10-15T00:00:00,2026-11-13T23:59:59,21741573349,"C=US, O=Amazon, CN=Amazon RSA 2048 M01"
transpire-ui.train.m20.jpl.nasa.gov,Yes,Yes,1,1,2025-10-17T00:00:00,2026-11-15T23:59:59,21776372219,"C=US, O=Amazon, CN=Amazon RSA 2048 M01"
transpire.ectb.awsgw1.jpl.nasa.gov,No,Yes,2,1,2026-03-26T00:00:00,2026-10-10T23:59:59,25234668940;25234650932,"C=CA, O=Entrust Limited, CN=Entrust OV TLS Issuing RSA CA 2"
transpire.sops.m20.jpl.nasa.gov,Yes,Yes,1,1,2025-09-30T00:00:00,2026-10-29T23:59:59,21377783317,"C=US, O=Amazon, CN=Amazon RSA 2048 M01"
transpire.tb.m20.jpl.nasa.gov,Yes,Yes,1,1,2025-10-15T00:00:00,2026-11-13T23:59:59,21741573078,"C=US, O=Amazon, CN=Amazon RSA 2048 M04"
transport.cdscc.nasa.gov,No,Yes,6,1,2026-05-19T00:00:00,2026-12-03T23:59:59,26455555227;26455965657;26455876909;26455852382;26455594833;26455995187,"C=CA, O=Entrust Limited, CN=Entrust OV TLS Issuing RSA CA 2"
trmm.gsfc.nasa.gov,Yes,Yes,2,1,2026-07-14T12:02:50,2026-10-12T12:02:49,27926590756;27926572004,"C=US, O=Let's Encrypt, CN=YE1"
tropess.gesdisc.eosdis.nasa.gov,No,Yes,2,1,2026-07-13T04:20:49,2026-10-11T04:20:48,27890782480;27890776555,"C=US, O=Let's Encrypt, CN=YR1"
tropicalcyclone.jpl.nasa.gov,No,Yes,2,1,2026-05-31T00:00:00,2026-12-15T23:59:59,26784187213;26784205142,"C=CA, O=Entrust Limited, CN=Entrust OV TLS Issuing RSA CA 2"
trs.jpl.nasa.gov,Yes,Yes,2,1,2026-05-27T00:00:00,2026-12-11T23:59:59,26690492902;26690471036,"C=CA, O=Entrust Limited, CN=Entrust OV TLS Issuing RSA CA 2"
twc-client.dev-staging.oce.appdat.jsc.nasa.gov,No,Yes,2,1,2026-07-24T10:12:16,2026-10-22T10:12:15,28209569498;28209574050,"C=US, O=Let's Encrypt, CN=YR2"
twc-client.oce.appdat.jsc.nasa.gov,No,Yes,2,1,2026-07-23T15:45:00,2026-10-21T15:44:59,28186690394;28186703764,"C=US, O=Let's Encrypt, CN=YR2"
twc-client.prod-clu-pr1.oce.appdat.jsc.nasa.gov,No,Yes,2,1,2026-07-23T15:45:00,2026-10-21T15:44:59,28186690394;28186703764,"C=US, O=Let's Encrypt, CN=YR2"
twc-client.test-clu1.oce.appdat.jsc.nasa.gov,No,Yes,2,1,2026-07-16T14:46:14,2026-10-14T14:46:13,27986183499;27986175909,"C=US, O=Let's Encrypt, CN=YR1"
twc-client.test.oce.appdat.jsc.nasa.gov,No,Yes,2,1,2026-07-16T14:46:14,2026-10-14T14:46:13,27986183499;27986175909,"C=US, O=Let's Encrypt, CN=YR1"
twc-ng-client.oce.appdat.jsc.nasa.gov,No,Yes,2,1,2026-07-23T15:45:00,2026-10-21T15:44:59,28186690394;28186703764,"C=US, O=Let's Encrypt, CN=YR2"
twc-ng-client.prod-clu-pr1.oce.appdat.jsc.nasa.gov,No,Yes,2,1,2026-07-23T15:45:00,2026-10-21T15:44:59,28186690394;28186703764,"C=US, O=Let's Encrypt, CN=YR2"
twc-ng.oce.appdat.jsc.nasa.gov,No,Yes,2,1,2026-07-23T15:45:00,2026-10-21T15:44:59,28186690394;28186703764,"C=US, O=Let's Encrypt, CN=YR2"
twc-ng.prod-clu-pr1.oce.appdat.jsc.nasa.gov,No,Yes,2,1,2026-07-23T15:45:00,2026-10-21T15:44:59,28186690394;28186703764,"C=US, O=Let's Encrypt, CN=YR2"
twc.dev-staging.oce.appdat.jsc.nasa.gov,Yes,Yes,2,1,2026-07-24T10:12:16,2026-10-22T10:12:15,28209569498;28209574050,"C=US, O=Let's Encrypt, CN=YR2"
twc.oce.appdat.jsc.nasa.gov,No,Yes,2,1,2026-07-23T15:45:00,2026-10-21T15:44:59,28186690394;28186703764,"C=US, O=Let's Encrypt, CN=YR2"
twc.prod-clu-pr1.oce.appdat.jsc.nasa.gov,Yes,Yes,2,1,2026-07-23T15:45:00,2026-10-21T15:44:59,28186690394;28186703764,"C=US, O=Let's Encrypt, CN=YR2"
twc.test-clu1.oce.appdat.jsc.nasa.gov,Yes,Yes,2,1,2026-07-16T14:46:14,2026-10-14T14:46:13,27986183499;27986175909,"C=US, O=Let's Encrypt, CN=YR1"
twc.test.oce.appdat.jsc.nasa.gov,No,Yes,2,1,2026-07-16T14:46:14,2026-10-14T14:46:13,27986183499;27986175909,"C=US, O=Let's Encrypt, CN=YR1"
txpri.voice.nasa.gov,Yes,Yes,2,1,2026-04-24T00:00:00,2026-11-11T23:59:59,25755240824;25845671040,"C=US, O=DigiCert Inc, CN=DigiCert Global G2 TLS RSA SHA256 2020 CA1"
txsec.voice.nasa.gov,No,Yes,2,1,2026-04-24T00:00:00,2026-11-11T23:59:59,25755240824;25845671040,"C=US, O=DigiCert Inc, CN=DigiCert Global G2 TLS RSA SHA256 2020 CA1"
u90x57verhh41n.intsvc.cloud.earthdata.nasa.gov,Yes,Yes,1,1,2026-04-29T00:00:00,2026-11-12T23:59:59,25897851632,"C=US, O=Amazon, CN=Amazon RSA 2048 M04"
uamdev7.amesaero.nasa.gov,Yes,Yes,1,1,2026-04-12T00:00:00,2026-10-26T23:59:59,25494454347,"C=US, O=Amazon, CN=Amazon RSA 2048 M01"
uamdev8.amesaero.nasa.gov,Yes,Yes,1,1,2026-04-12T00:00:00,2026-10-26T23:59:59,25491284270,"C=US, O=Amazon, CN=Amazon RSA 2048 M01"
uamfuse.amesaero.nasa.gov,Yes,Yes,1,1,2025-11-05T00:00:00,2026-12-04T23:59:59,22215785048,"C=US, O=Amazon, CN=Amazon RSA 2048 M04"
uars.gsfc.nasa.gov,Yes,Yes,2,1,2026-07-21T15:05:53,2026-10-19T15:05:52,28127983959;28127983230,"C=US, O=Let's Encrypt, CN=YE1"
uat-a.gibs.earthdata.nasa.gov,No,Yes,1,1,2025-11-25T00:00:00,2026-12-24T23:59:59,22717404969,"C=US, O=Amazon, CN=Amazon RSA 2048 M01"
uat-a.gitc.earthdata.nasa.gov,No,Yes,1,1,2025-11-25T00:00:00,2026-12-24T23:59:59,22717404969,"C=US, O=Amazon, CN=Amazon RSA 2048 M01"
uat-b.gibs.earthdata.nasa.gov,No,Yes,1,1,2025-11-25T00:00:00,2026-12-24T23:59:59,22717404969,"C=US, O=Amazon, CN=Amazon RSA 2048 M01"
uat-b.gitc.earthdata.nasa.gov,No,Yes,1,1,2025-11-25T00:00:00,2026-12-24T23:59:59,22717404969,"C=US, O=Amazon, CN=Amazon RSA 2048 M01"
uat-c.gibs.earthdata.nasa.gov,No,Yes,1,1,2025-11-25T00:00:00,2026-12-24T23:59:59,22717404969,"C=US, O=Amazon, CN=Amazon RSA 2048 M01"
uat-c.gitc.earthdata.nasa.gov,No,Yes,1,1,2025-11-25T00:00:00,2026-12-24T23:59:59,22717404969,"C=US, O=Amazon, CN=Amazon RSA 2048 M01"
uat.earthdata.nasa.gov,Yes,Yes,2,1,2025-11-21T00:00:00,2026-12-21T23:59:59,22644318995;22644335666,"C=CA, O=Entrust Limited, CN=Entrust DV TLS Issuing RSA CA 2"
uat.ems.eosdis.nasa.gov,Yes,Yes,2,1,2025-11-05T00:00:00,2026-12-04T23:59:59,22230568145;22230548412,"C=CA, O=Entrust Limited, CN=Entrust DV TLS Issuing RSA CA 2"
uat.gesdisc.eosdis.nasa.gov,No,Yes,2,1,2026-05-29T00:00:00,2026-12-13T23:59:59,26765205791;26718997367,"C=US, O=DigiCert Inc, CN=DigiCert Global G2 TLS RSA SHA256 2020 CA1"
uat.gibs.earthdata.nasa.gov,Yes,Yes,1,1,2025-11-25T00:00:00,2026-12-24T23:59:59,22717404969,"C=US, O=Amazon, CN=Amazon RSA 2048 M01"
uat.gitc.earthdata.nasa.gov,No,Yes,1,1,2025-11-25T00:00:00,2026-12-24T23:59:59,22717404969,"C=US, O=Amazon, CN=Amazon RSA 2048 M01"
uat.lpdaac.earthdata.nasa.gov,No,Yes,1,1,2025-10-08T00:00:00,2026-11-05T23:59:59,21561244668,"C=US, O=Amazon, CN=Amazon RSA 2048 M04"
uat.lpdaac.earthdatacloud.nasa.gov,Yes,Yes,1,1,2025-10-08T00:00:00,2026-11-05T23:59:59,21561244668,"C=US, O=Amazon, CN=Amazon RSA 2048 M04"
uat.meditor.disc.gsfc.nasa.gov,Yes,Yes,1,1,2026-04-12T00:00:00,2026-10-26T23:59:59,25496711824,"C=US, O=Amazon, CN=Amazon RSA 2048 M04"
uat.urs.earthdata.nasa.gov,No,Yes,2,1,2025-11-21T00:00:00,2026-12-21T23:59:59,22644318995;22644335666,"C=CA, O=Entrust Limited, CN=Entrust DV TLS Issuing RSA CA 2"
ultimate.sierra.luna.nasa.gov,Yes,Yes,8,1,2026-07-15T18:33:51,2026-10-14T15:33:02,27961684750;27961707478;27961707391;27987235539;27961679070;27987240840;27987241870;27987234299,"C=US, O=Let's Encrypt, CN=YR1"
ums.jpl.nasa.gov,No,Yes,2,1,2025-11-06T00:00:00,2026-11-06T23:59:59,22268659074;22268644858,"C=CA, O=Entrust Limited, CN=Entrust OV TLS Issuing RSA CA 2"
unitycnx1.jpl.nasa.gov,Yes,Yes,2,1,2026-06-04T00:00:00,2026-12-19T23:59:59,26890658255;26890707385,"C=CA, O=Entrust Limited, CN=Entrust OV TLS Issuing RSA CA 2"
unitycnx2.jpl.nasa.gov,No,Yes,2,1,2026-06-04T00:00:00,2026-12-19T23:59:59,26890658255;26890707385,"C=CA, O=Entrust Limited, CN=Entrust OV TLS Issuing RSA CA 2"
upatsw.hqmce.nasa.gov,Yes,Yes,1,1,2026-05-17T00:00:00,2026-11-30T23:59:59,26398627276,"C=US, O=Amazon, CN=Amazon RSA 2048 M01"
updatemydl.ndc.nasa.gov,No,Yes,2,1,2025-10-31T00:00:00,2026-11-30T23:59:59,22122730539;22122718991,"C=CA, O=Entrust Limited, CN=Entrust DV TLS Issuing RSA CA 2"
uplink-dashboard.sops.m20.jpl.nasa.gov,Yes,Yes,1,1,2025-09-30T00:00:00,2026-10-29T23:59:59,21377409555,"C=US, O=Amazon, CN=Amazon RSA 2048 M01"
uplink-dashboard.train.m20.jpl.nasa.gov,Yes,Yes,1,1,2025-10-17T00:00:00,2026-11-15T23:59:59,21776535697,"C=US, O=Amazon, CN=Amazon RSA 2048 M04"
uplink-services.sops.m20.jpl.nasa.gov,Yes,Yes,1,1,2025-09-30T00:00:00,2026-10-29T23:59:59,21377410824,"C=US, O=Amazon, CN=Amazon RSA 2048 M01"
uplink-services.tb.m20.jpl.nasa.gov,Yes,Yes,1,1,2025-10-15T00:00:00,2026-11-13T23:59:59,21741375841,"C=US, O=Amazon, CN=Amazon RSA 2048 M04"
upload.earthdata.nasa.gov,Yes,Yes,2,1,2026-05-07T00:00:00,2026-11-20T23:59:59,26141380414;26136599297,"C=US, O=Amazon, CN=Amazon RSA 2048 M01"
upload.uat.earthdata.nasa.gov,Yes,Yes,2,1,2026-03-30T00:00:00,2026-10-13T23:59:59,25299528227;25276245192,"C=US, O=Amazon, CN=Amazon RSA 2048 M04"
uploads.developer.nasa.gov,No,Yes,4,1,2026-03-25T00:00:00,2026-10-09T23:59:59,25220086879;25216734825;25220105694;25216718827,"C=CA, O=Entrust Limited, CN=Entrust OV TLS Issuing RSA CA 2"
uptrendsapi-2775719021.auto.earthdatacloud.nasa.gov,Yes,Yes,2,1,2026-06-01T00:00:00,2026-12-15T23:59:59,26928283502;26808217783,"C=US, O=Amazon, CN=Amazon RSA 2048 M04"
uqtools.larc.nasa.gov,No,Yes,1,1,2026-01-07T00:00:00,2026-12-10T23:59:59,23598652111,"C=US, O=DigiCert Inc, OU=www.digicert.com, CN=Thawte TLS RSA CA G1"
urs.earthdata.nasa.gov,Yes,Yes,2,1,2025-11-21T00:00:00,2026-12-21T23:59:59,22644110185;22644127506,"C=CA, O=Entrust Limited, CN=Entrust DV TLS Issuing RSA CA 2"
userdocuments.nasa.gov,No,Yes,14,2,2026-04-15T00:00:00,2026-10-30T23:59:59,25912718088;25912311865;25912326319;25912298162;25912307138;25553915065;25553908477;25553910929;25553923779;25553920234;25912338415;25553916818;25554161214;25912301922,"C=GB, O=Sectigo Limited, CN=Sectigo Public Server Authentication CA DV R36;C=CA, O=Entrust Limited, CN=Entrust DV TLS Issuing RSA CA 2"
userdocuments.support.nasa.gov,No,Yes,14,2,2026-04-15T00:00:00,2026-10-30T23:59:59,25912718088;25912311865;25912326319;25912298162;25912307138;25553915065;25553908477;25553910929;25553923779;25553920234;25912338415;25553916818;25554161214;25912301922,"C=GB, O=Sectigo Limited, CN=Sectigo Public Server Authentication CA DV R36;C=CA, O=Entrust Limited, CN=Entrust DV TLS Issuing RSA CA 2"
userdocuments.test.nasa.gov,No,Yes,4,2,2026-04-15T00:00:00,2026-12-02T23:59:59,26441226492;25911896502;25553663229;26441348909,"C=GB, O=Sectigo Limited, CN=Sectigo Public Server Authentication CA DV R36;C=CA, O=Entrust Limited, CN=Entrust DV TLS Issuing RSA CA 2"
userdocuments.uat.nasa.gov,No,Yes,6,2,2025-11-06T00:00:00,2026-12-27T23:59:59,23457941075;22258485537;22258442655;25553663229;23457911902;25911896502,"C=GB, O=Sectigo Limited, CN=Sectigo Public Server Authentication CA DV R36;C=CA, O=Entrust Limited, CN=Entrust DV TLS Issuing RSA CA 2"
utmfuse.amesaero.nasa.gov,Yes,Yes,2,2,2025-11-05T00:00:00,2026-12-04T23:59:59,22215806100;25730664267,"C=US, ST=Texas, L=Houston, O=SSL Corporation, CN=SSL.com RSA SSL subCA;C=US, O=Amazon, CN=Amazon RSA 2048 M01"
uwur1bnvcfua5h.intsvc.cloud.earthdata.nasa.gov,Yes,Yes,1,1,2026-05-12T00:00:00,2026-11-25T23:59:59,26290819531,"C=US, O=Amazon, CN=Amazon RSA 2048 M04"
v0q3mxyd644z6k.intsvc.cloud.sit.earthdata.nasa.gov,Yes,Yes,1,1,2026-06-07T00:00:00,2026-12-21T23:59:59,26956672477,"C=US, O=Amazon, CN=Amazon RSA 2048 M01"
v23xdkz8ihe7ep.intsvc.cloud.earthdata.nasa.gov,Yes,Yes,2,1,2026-05-17T00:00:00,2026-11-30T23:59:59,27301273708;26396112061,"C=US, O=Amazon, CN=Amazon RSA 2048 M04"
value.ivv.nasa.gov,No,Yes,4,1,2026-04-29T00:00:00,2026-12-03T23:59:59,25952813031;25923352623;26470099980;25924315102,"C=US, O=DigiCert Inc, CN=DigiCert Global G2 TLS RSA SHA256 2020 CA1"
valuepre.ivv.nasa.gov,No,Yes,4,1,2026-04-29T00:00:00,2026-12-03T23:59:59,25952813031;25923352623;26470099980;25952926190,"C=US, O=DigiCert Inc, CN=DigiCert Global G2 TLS RSA SHA256 2020 CA1"
vcmbx1sr063.cdscc.nasa.gov,Yes,Yes,2,1,2026-05-19T00:00:00,2026-12-03T23:59:59,26455876909;26455852382,"C=CA, O=Entrust Limited, CN=Entrust OV TLS Issuing RSA CA 2"
vcmbx2sr064.cdscc.nasa.gov,Yes,Yes,2,1,2026-05-19T00:00:00,2026-12-03T23:59:59,26455965657;26455995187,"C=CA, O=Entrust Limited, CN=Entrust OV TLS Issuing RSA CA 2"
vcmbx3sr175.cdscc.nasa.gov,Yes,Yes,2,1,2026-05-19T00:00:00,2026-12-03T23:59:59,26455555227;26455594833,"C=CA, O=Entrust Limited, CN=Entrust OV TLS Issuing RSA CA 2"
vcsexp.ivv.nasa.gov,No,Yes,3,1,2026-04-29T00:00:00,2026-12-03T23:59:59,25952813031;25923352623;26470099980,"C=US, O=DigiCert Inc, CN=DigiCert Global G2 TLS RSA SHA256 2020 CA1"
vendor.nasa.gov,No,Yes,6,2,2025-09-29T00:00:00,2026-12-18T23:59:59,26858944720;21348422864;21348439766;25553663229;26858978624;25911896502,"C=GB, O=Sectigo Limited, CN=Sectigo Public Server Authentication CA DV R36;C=CA, O=Entrust Limited, CN=Entrust DV TLS Issuing RSA CA 2"
vendor.staging.nasa.gov,No,Yes,6,2,2025-11-06T00:00:00,2026-12-27T23:59:59,23457941075;22258485537;22258442655;25553663229;23457911902;25911896502,"C=GB, O=Sectigo Limited, CN=Sectigo Public Server Authentication CA DV R36;C=CA, O=Entrust Limited, CN=Entrust DV TLS Issuing RSA CA 2"
vesl.jpl.nasa.gov,Yes,Yes,2,1,2026-03-30T00:00:00,2026-10-14T23:59:59,25281864240;25281862366,"C=CA, O=Entrust Limited, CN=Entrust OV TLS Issuing RSA CA 2"
vhstplfsw2.hst.nasa.gov,Yes,Yes,2,1,2025-11-18T18:07:52,2026-11-18T20:18:50,22571546954;22569491006,"C=US, ST=Texas, L=Houston, O=SSL Corporation, CN=SSL.com RSA SSL subCA"
vhstplfsw3.hst.nasa.gov,No,Yes,1,1,2025-11-18T20:18:50,2026-11-18T20:18:50,22571546954,"C=US, ST=Texas, L=Houston, O=SSL Corporation, CN=SSL.com RSA SSL subCA"
viperweb.jsc.nasa.gov,No,Yes,1,1,2026-03-30T00:00:00,2026-10-14T23:59:59,25274471906,"C=US, O=DigiCert Inc, OU=www.digicert.com, CN=GeoTrust TLS RSA CA G1"
virtual-portal.ivv.nasa.gov,No,Yes,3,1,2026-04-29T00:00:00,2026-12-03T23:59:59,25952813031;25923352623;26470099980,"C=US, O=DigiCert Inc, CN=DigiCert Global G2 TLS RSA SHA256 2020 CA1"
virtus.ivv.nasa.gov,No,Yes,3,1,2026-04-29T00:00:00,2026-12-03T23:59:59,25952813031;25923352623;26470099980,"C=US, O=DigiCert Inc, CN=DigiCert Global G2 TLS RSA SHA256 2020 CA1"
visitor-uat.nasa.gov,Yes,Yes,2,1,2025-09-11T00:00:00,2026-10-12T23:59:59,20946411628;20946412468,"C=CA, O=Entrust Limited, CN=Entrust OV TLS Issuing RSA CA 2"
visitor.nasa.gov,Yes,Yes,2,1,2025-09-12T00:00:00,2026-10-13T23:59:59,20974194590;20974176590,"C=CA, O=Entrust Limited, CN=Entrust OV TLS Issuing RSA CA 2"
visitors.mdscc.nasa.gov,Yes,Yes,6,1,2026-06-16T00:00:00,2026-12-31T23:59:59,27234061510;27233686402;27234004179;27233651747;27229846824;27229750371,"C=CA, O=Entrust Limited, CN=Entrust OV TLS Issuing RSA CA 2"
vista.ectb.awsgw1.jpl.nasa.gov,No,Yes,2,1,2026-03-26T00:00:00,2026-10-10T23:59:59,25234668940;25234650932,"C=CA, O=Entrust Limited, CN=Entrust OV TLS Issuing RSA CA 2"
vivid-api.ccmc.smce.nasa.gov,Yes,Yes,1,1,2026-05-28T00:00:00,2026-12-11T23:59:59,26718293722,"C=US, O=Amazon, CN=Amazon RSA 2048 M01"
vivid-web.ccmc.smce.nasa.gov,Yes,Yes,1,1,2026-05-28T00:00:00,2026-12-11T23:59:59,26716325559,"C=US, O=Amazon, CN=Amazon RSA 2048 M04"
vjsc.russia.nasa.gov,Yes,Yes,1,1,2025-09-09T00:00:00,2026-10-10T23:59:59,20902276803,"C=US, O=DigiCert Inc, CN=DigiCert Global G2 TLS RSA SHA256 2020 CA1"
vmconnector.ivv.nasa.gov,No,Yes,3,1,2026-04-29T00:00:00,2026-12-03T23:59:59,25952813031;25923352623;26470099980,"C=US, O=DigiCert Inc, CN=DigiCert Global G2 TLS RSA SHA256 2020 CA1"
vmhznIDMGR.ivv.nasa.gov,No,Yes,3,1,2026-04-29T00:00:00,2026-12-03T23:59:59,25952813031;25923352623;26470099980,"C=US, O=DigiCert Inc, CN=DigiCert Global G2 TLS RSA SHA256 2020 CA1"
vmhzncon.ivv.nasa.gov,No,Yes,3,1,2026-04-29T00:00:00,2026-12-03T23:59:59,25952813031;25923352623;26470099980,"C=US, O=DigiCert Inc, CN=DigiCert Global G2 TLS RSA SHA256 2020 CA1"
vmhznconnector.ivv.nasa.gov,No,Yes,3,1,2026-04-29T00:00:00,2026-12-03T23:59:59,25952813031;25923352623;26470099980,"C=US, O=DigiCert Inc, CN=DigiCert Global G2 TLS RSA SHA256 2020 CA1"
vmsfc.russia.nasa.gov,Yes,Yes,2,1,2025-09-09T00:00:00,2026-10-10T23:59:59,20902218536;20902914791,"C=US, O=DigiCert Inc, CN=DigiCert Global G2 TLS RSA SHA256 2020 CA1"
voippres1.jpl.nasa.gov,Yes,Yes,6,1,2026-06-04T00:00:00,2026-12-20T23:59:59,26892678376;26890584631;26900896690;26890548697;26892639773;26900934233,"C=CA, O=Entrust Limited, CN=Entrust OV TLS Issuing RSA CA 2"
voippres2.jpl.nasa.gov,No,Yes,6,1,2026-06-04T00:00:00,2026-12-20T23:59:59,26890584631;26892709346;26900896690;26890548697;26892748074;26900934233,"C=CA, O=Entrust Limited, CN=Entrust OV TLS Issuing RSA CA 2"
voippub.jpl.nasa.gov,Yes,Yes,2,1,2026-06-04T00:00:00,2026-12-19T23:59:59,26890548697;26890584631,"C=CA, O=Entrust Limited, CN=Entrust OV TLS Issuing RSA CA 2"
voipsub2.jpl.nasa.gov,No,Yes,2,1,2026-06-04T00:00:00,2026-12-19T23:59:59,26890548697;26890584631,"C=CA, O=Entrust Limited, CN=Entrust OV TLS Issuing RSA CA 2"
voipsub3.jpl.nasa.gov,No,Yes,2,1,2026-06-04T00:00:00,2026-12-19T23:59:59,26890548697;26890584631,"C=CA, O=Entrust Limited, CN=Entrust OV TLS Issuing RSA CA 2"
voipuccx1.jpl.nasa.gov,Yes,Yes,2,1,2026-06-04T00:00:00,2026-12-19T23:59:59,26890906487;26890958695,"C=CA, O=Entrust Limited, CN=Entrust OV TLS Issuing RSA CA 2"
voipuccx2.jpl.nasa.gov,Yes,Yes,2,1,2026-06-04T00:00:00,2026-12-19T23:59:59,26890923695;26890966734,"C=CA, O=Entrust Limited, CN=Entrust OV TLS Issuing RSA CA 2"
vor-service.staging.larcmap.appdat.jsc.nasa.gov,Yes,Yes,2,1,2026-07-24T17:20:21,2026-10-22T17:20:20,28217974134;28217982235,"C=US, O=Let's Encrypt, CN=YR2"
voyager.gsfc.nasa.gov,Yes,Yes,1,1,2026-07-25T05:27:17,2026-10-23T05:27:16,28231300221,"C=US, O=Let's Encrypt, CN=YR2"
voyager.jpl.nasa.gov,No,Yes,2,1,2025-12-04T00:00:00,2026-12-04T23:59:59,22908111525;22908134556,"C=CA, O=Entrust Limited, CN=Entrust OV TLS Issuing RSA CA 2"
vrlab.jsc.nasa.gov,No,Yes,2,1,2026-07-19T10:48:48,2026-10-17T10:48:47,28063145278;28063160664,"C=US, O=Let's Encrypt, CN=YR1"
vspo.gsfc.nasa.gov,No,Yes,2,1,2026-07-24T09:34:56,2026-10-22T09:34:55,28208805139;28208800970,"C=US, O=Let's Encrypt, CN=YR1"
vtsgosvr1.hst.nasa.gov,Yes,Yes,1,1,2025-11-18T16:27:25,2026-11-18T16:27:25,22567707310,"C=US, ST=Texas, L=Houston, O=SSL Corporation, CN=SSL.com RSA SSL subCA"
vtsgosvr2.hst.nasa.gov,Yes,Yes,1,1,2025-11-18T16:31:39,2026-11-18T16:31:39,22567772395,"C=US, ST=Texas, L=Houston, O=SSL Corporation, CN=SSL.com RSA SSL subCA"
vtsgosvr3.hst.nasa.gov,Yes,Yes,1,1,2025-11-18T16:33:35,2026-11-18T16:33:35,22567812028,"C=US, ST=Texas, L=Houston, O=SSL Corporation, CN=SSL.com RSA SSL subCA"
vupawztpd5euv5.intsvc.cloud.earthdata.nasa.gov,Yes,Yes,2,1,2026-05-22T00:00:00,2026-12-05T23:59:59,26553507977;26553433761,"C=US, O=Amazon, CN=Amazon RSA 2048 M04"
vxq1ulfsarelmw.intsvc.cloud.earthdata.nasa.gov,Yes,Yes,1,1,2026-05-20T00:00:00,2026-12-03T23:59:59,26479940118,"C=US, O=Amazon, CN=Amazon RSA 2048 M01"
waiverly.sops.m20.jpl.nasa.gov,Yes,Yes,1,1,2025-09-30T00:00:00,2026-10-29T23:59:59,21377411985,"C=US, O=Amazon, CN=Amazon RSA 2048 M04"
waiverly.train.m20.jpl.nasa.gov,Yes,Yes,1,1,2025-10-17T00:00:00,2026-11-15T23:59:59,21776693069,"C=US, O=Amazon, CN=Amazon RSA 2048 M04"
waldorf.hqmce.nasa.gov,Yes,Yes,2,1,2025-11-21T00:00:00,2026-12-20T23:59:59,26541497957;22632268430,"C=US, O=Amazon, CN=Amazon RSA 2048 M01"
wallops-prf.gsfc.nasa.gov,Yes,Yes,2,1,2026-07-20T11:36:04,2026-10-18T11:36:03,28092848969;28092842992,"C=US, O=Let's Encrypt, CN=YR2"
wapr.nasa.gov,No,Yes,6,2,2025-09-29T00:00:00,2026-12-18T23:59:59,26858944720;21348422864;21348439766;25553663229;26858978624;25911896502,"C=GB, O=Sectigo Limited, CN=Sectigo Public Server Authentication CA DV R36;C=CA, O=Entrust Limited, CN=Entrust DV TLS Issuing RSA CA 2"
wapr.uat.nasa.gov,No,Yes,6,2,2025-11-06T00:00:00,2026-12-27T23:59:59,23457941075;22258485537;22258442655;25553663229;23457911902;25911896502,"C=GB, O=Sectigo Limited, CN=Sectigo Public Server Authentication CA DV R36;C=CA, O=Entrust Limited, CN=Entrust DV TLS Issuing RSA CA 2"
wapub32.eno.ecs.nasa.gov,Yes,Yes,2,1,2025-10-28T00:00:00,2026-10-20T23:59:59,22065045681;22065030286,"C=CA, O=Entrust Limited, CN=Entrust DV TLS Issuing RSA CA 2"
wapub32.eos.nasa.gov,No,Yes,2,1,2025-10-28T00:00:00,2026-10-20T23:59:59,22065045681;22065030286,"C=CA, O=Entrust Limited, CN=Entrust DV TLS Issuing RSA CA 2"
wat.aao.nasa.gov,No,Yes,4,1,2025-09-29T00:00:00,2026-12-18T23:59:59,21348422864;26858978624;21348439766;26858944720,"C=CA, O=Entrust Limited, CN=Entrust DV TLS Issuing RSA CA 2"
wat.nasa.gov,No,Yes,6,2,2025-09-29T00:00:00,2026-12-18T23:59:59,26858944720;21348422864;21348439766;25553663229;26858978624;25911896502,"C=GB, O=Sectigo Limited, CN=Sectigo Public Server Authentication CA DV R36;C=CA, O=Entrust Limited, CN=Entrust DV TLS Issuing RSA CA 2"
wat.staging.nasa.gov,No,Yes,6,2,2025-11-06T00:00:00,2026-12-27T23:59:59,23457941075;22258485537;22258442655;25553663229;23457911902;25911896502,"C=GB, O=Sectigo Limited, CN=Sectigo Public Server Authentication CA DV R36;C=CA, O=Entrust Limited, CN=Entrust DV TLS Issuing RSA CA 2"
wbm.nasa.gov,No,Yes,6,2,2025-09-29T00:00:00,2026-12-18T23:59:59,26858944720;21348422864;25910475566;25552742052;21348439766;26858978624,"C=GB, O=Sectigo Limited, CN=Sectigo Public Server Authentication CA DV R36;C=CA, O=Entrust Limited, CN=Entrust DV TLS Issuing RSA CA 2"
wbm.uat.nasa.gov,No,Yes,2,1,2026-04-15T00:00:00,2026-10-30T23:59:59,25910475566;25552742052,"C=GB, O=Sectigo Limited, CN=Sectigo Public Server Authentication CA DV R36"
weather.dfrc.nasa.gov,Yes,Yes,2,2,2026-05-14T00:00:00,2026-11-28T23:59:59,26327983296;26342095905,"C=US, O=DigiCert Inc, OU=www.digicert.com, CN=RapidSSL TLS RSA CA G1;C=US, O=DigiCert Inc, CN=DigiCert EV RSA CA G2"
web.cddis.eosdis.nasa.gov,No,Yes,2,1,2025-11-03T00:00:00,2026-12-02T23:59:59,22182364824;22182347120,"C=CA, O=Entrust Limited, CN=Entrust DV TLS Issuing RSA CA 2"
webconnect.gdscc.nasa.gov,Yes,Yes,2,1,2026-06-09T00:00:00,2026-12-24T23:59:59,27029885587;27029919872,"C=CA, O=Entrust Limited, CN=Entrust OV TLS Issuing RSA CA 2"
webdev.ifmp.nasa.gov,No,Yes,4,2,2025-11-13T00:00:00,2026-12-13T23:59:59,22448182796;25910475566;25552742052;22448168897,"C=GB, O=Sectigo Limited, CN=Sectigo Public Server Authentication CA DV R36;C=CA, O=Entrust Limited, CN=Entrust DV TLS Issuing RSA CA 2"
webdisks.jpl.nasa.gov,Yes,Yes,2,1,2026-06-16T00:00:00,2026-12-31T23:59:59,27243188477;27329661529,"C=US, O=DigiCert Inc, CN=DigiCert Global G2 TLS RSA SHA256 2020 CA1"
webhook.sandbox.sciencecloud.nasa.gov,Yes,Yes,1,1,2025-10-31T00:00:00,2026-11-29T23:59:59,22122114940,"C=US, O=Amazon, CN=Amazon RSA 2048 M01"
webhook.sciencecloud.nasa.gov,Yes,Yes,1,1,2025-10-31T00:00:00,2026-11-29T23:59:59,22122152208,"C=US, O=Amazon, CN=Amazon RSA 2048 M04"
webhosting-external.jpl.nasa.gov,Yes,Yes,2,1,2025-12-04T00:00:00,2026-12-04T23:59:59,22908111525;22908134556,"C=CA, O=Entrust Limited, CN=Entrust OV TLS Issuing RSA CA 2"
webhosting-www2.jpl.nasa.gov,No,Yes,2,1,2025-12-04T00:00:00,2026-12-04T23:59:59,22908111525;22908134556,"C=CA, O=Entrust Limited, CN=Entrust OV TLS Issuing RSA CA 2"
webhosting-www4.jpl.nasa.gov,No,Yes,2,1,2025-12-04T00:00:00,2026-12-04T23:59:59,22908111525;22908134556,"C=CA, O=Entrust Limited, CN=Entrust OV TLS Issuing RSA CA 2"
webhosting-www6.jpl.nasa.gov,No,Yes,2,1,2025-12-04T00:00:00,2026-12-04T23:59:59,22908111525;22908134556,"C=CA, O=Entrust Limited, CN=Entrust OV TLS Issuing RSA CA 2"
webhosting-www8.jpl.nasa.gov,No,Yes,2,1,2025-12-04T00:00:00,2026-12-04T23:59:59,22908111525;22908134556,"C=CA, O=Entrust Limited, CN=Entrust OV TLS Issuing RSA CA 2"
webmail.at.nasa.gov,No,Yes,2,1,2025-10-21T00:00:00,2026-11-19T23:59:59,21892411885;21892385209,"C=CA, O=Entrust Limited, CN=Entrust DV TLS Issuing RSA CA 2"
webmail.jpl.nasa.gov,No,Yes,2,1,2025-12-04T00:00:00,2026-12-04T23:59:59,22908111525;22908134556,"C=CA, O=Entrust Limited, CN=Entrust OV TLS Issuing RSA CA 2"
webmail.nasa.gov,No,Yes,2,1,2025-10-31T00:00:00,2026-11-30T23:59:59,22122730539;22122718991,"C=CA, O=Entrust Limited, CN=Entrust DV TLS Issuing RSA CA 2"
webservices.nasa.gov,Yes,Yes,1,1,2025-11-05T00:00:00,2026-12-04T23:59:59,22237528706,"C=US, O=Amazon, CN=Amazon RSA 2048 M04"
website-editor.ccmc.smce.nasa.gov,Yes,Yes,1,1,2026-04-06T00:00:00,2026-10-20T23:59:59,25411609088,"C=US, O=Amazon, CN=Amazon RSA 2048 M01"
website.nasa.gov,Yes,Yes,2,1,2026-07-20T15:46:33,2026-10-18T15:46:32,28098420081;28098430579,"C=US, O=Let's Encrypt, CN=YE2"
website.spore.ngap.sit.earthdata.nasa.gov,Yes,Yes,1,1,2026-04-28T00:00:00,2026-11-11T23:59:59,25870375672,"C=US, O=Amazon, CN=Amazon RSA 2048 M04"
webtier-sbx.ndc.nasa.gov,No,Yes,4,2,2025-09-30T00:00:00,2026-10-31T23:59:59,21379735411;25460093269;25737100514;21379718121,"C=GB, O=Sectigo Limited, CN=Sectigo Public Server Authentication CA DV R36;C=CA, O=Entrust Limited, CN=Entrust OV TLS Issuing RSA CA 2"
webtier.ndc.nasa.gov,No,Yes,4,2,2025-09-30T00:00:00,2026-10-31T23:59:59,21379843425;21379858909;25460093269;25737100514,"C=GB, O=Sectigo Limited, CN=Sectigo Public Server Authentication CA DV R36;C=CA, O=Entrust Limited, CN=Entrust OV TLS Issuing RSA CA 2"
webtools.ccmc.gsfc.nasa.gov,No,Yes,2,1,2026-07-22T07:03:28,2026-10-20T07:03:27,28146944201;28146960609,"C=US, O=Let's Encrypt, CN=YR1"
webtst.ifmp.nasa.gov,No,Yes,4,2,2025-11-13T00:00:00,2026-12-13T23:59:59,22448182796;25910475566;25552742052;22448168897,"C=GB, O=Sectigo Limited, CN=Sectigo Public Server Authentication CA DV R36;C=CA, O=Entrust Limited, CN=Entrust DV TLS Issuing RSA CA 2"
webvpn.jpl.nasa.gov,Yes,Yes,2,1,2026-03-25T00:00:00,2026-10-09T23:59:59,25202678823;25202666290,"C=CA, O=Entrust Limited, CN=Entrust OV TLS Issuing RSA CA 2"
welcome.jpl.nasa.gov,Yes,Yes,2,1,2026-04-06T00:00:00,2026-10-21T23:59:59,25431302112;25635986626,"C=CA, O=Entrust Limited, CN=Entrust OV TLS Issuing RSA CA 2"
whitepages.jpl.nasa.gov,No,Yes,2,1,2025-12-04T00:00:00,2026-12-04T23:59:59,22908111525;22908134556,"C=CA, O=Entrust Limited, CN=Entrust OV TLS Issuing RSA CA 2"
wiki-dev.jpl.nasa.gov,No,Yes,2,1,2026-05-30T00:00:00,2026-12-14T23:59:59,26744398948;26744429749,"C=CA, O=Entrust Limited, CN=Entrust OV TLS Issuing RSA CA 2"
wiki.czdt.smce.nasa.gov,No,Yes,2,1,2026-07-24T13:06:37,2026-10-22T13:06:36,28213076651;28213078451,"C=US, O=Let's Encrypt, CN=YE1"
wiki.earthdata.nasa.gov,Yes,Yes,2,1,2025-11-20T00:00:00,2026-12-20T23:59:59,22622119392;22622137404,"C=CA, O=Entrust Limited, CN=Entrust DV TLS Issuing RSA CA 2"
wiki.jpl.nasa.gov,Yes,Yes,2,1,2026-05-30T00:00:00,2026-12-14T23:59:59,26744398948;26744429749,"C=CA, O=Entrust Limited, CN=Entrust OV TLS Issuing RSA CA 2"
wiki.sit.earthdata.nasa.gov,No,Yes,2,1,2025-11-21T00:00:00,2026-12-21T23:59:59,22644252934;22644239048,"C=CA, O=Entrust Limited, CN=Entrust DV TLS Issuing RSA CA 2"
wiki.uat.earthdata.nasa.gov,No,Yes,2,1,2025-11-21T00:00:00,2026-12-21T23:59:59,22644318995;22644335666,"C=CA, O=Entrust Limited, CN=Entrust DV TLS Issuing RSA CA 2"
willowuats3-1776392121.auto.earthdatacloud.nasa.gov,Yes,Yes,2,1,2026-05-11T00:00:00,2026-11-24T23:59:59,26265558480;26264711729,"C=US, O=Amazon, CN=Amazon RSA 2048 M01"
women.jpl.nasa.gov,No,Yes,2,1,2025-12-04T00:00:00,2026-12-04T23:59:59,22908111525;22908134556,"C=CA, O=Entrust Limited, CN=Entrust OV TLS Issuing RSA CA 2"
women.nasa.gov,Yes,Yes,1,1,2025-10-10T00:00:00,2026-11-08T23:59:59,21629473513,"C=US, O=Amazon, CN=Amazon RSA 2048 M01"
workflows.sciencecloud.nasa.gov,Yes,Yes,2,1,2026-06-04T00:00:00,2026-12-18T23:59:59,27055997142;26891225260,"C=US, O=Amazon, CN=Amazon RSA 2048 M01"
workshops.larc.nasa.gov,Yes,Yes,2,1,2026-07-16T15:20:29,2026-10-14T15:20:28,27986945940;27986939900,"C=US, O=Let's Encrypt, CN=YE2"
worldview.sit.earthdata.nasa.gov,Yes,Yes,2,1,2026-03-30T00:00:00,2026-10-13T23:59:59,25276079627;25298840363,"C=US, O=Amazon, CN=Amazon RSA 2048 M04"
worldview.uat.earthdata.nasa.gov,Yes,Yes,2,1,2026-04-26T00:00:00,2026-11-09T23:59:59,26013381959;25799929298,"C=US, O=Amazon, CN=Amazon RSA 2048 M01"
wow.jpl.nasa.gov,No,Yes,2,1,2026-05-31T00:00:00,2026-12-15T23:59:59,26784187213;26784205142,"C=CA, O=Entrust Limited, CN=Entrust OV TLS Issuing RSA CA 2"
wrf-chem-servir.smce.nasa.gov,Yes,Yes,4,1,2026-05-10T00:00:00,2026-11-23T23:59:59,26218185706;26403769622;26221148188;26219940502,"C=US, O=Amazon, CN=Amazon RSA 2048 M04"
ws.wrf-chem-servir.smce.nasa.gov,No,Yes,4,1,2026-05-10T00:00:00,2026-11-23T23:59:59,26218185706;26403769622;26221148188;26219940502,"C=US, O=Amazon, CN=Amazon RSA 2048 M04"
wvs.sit.earthdata.nasa.gov,Yes,Yes,1,1,2026-06-05T00:00:00,2026-12-19T23:59:59,26901119992,"C=US, O=Amazon, CN=Amazon RSA 2048 M04"
wvs.uat.earthdata.nasa.gov,Yes,Yes,1,1,2026-06-08T00:00:00,2026-12-22T23:59:59,26987235692,"C=US, O=Amazon, CN=Amazon RSA 2048 M04"
wwao.jpl.nasa.gov,No,Yes,2,1,2025-12-04T00:00:00,2026-12-04T23:59:59,22908111525;22908134556,"C=CA, O=Entrust Limited, CN=Entrust OV TLS Issuing RSA CA 2"
www-air.larc.nasa.gov,No,Yes,2,1,2025-11-26T00:00:00,2026-12-04T23:59:59,22745142062;22759149065,"C=US, O=DigiCert Inc, OU=www.digicert.com, CN=Thawte TLS RSA CA G1"
www-avi-lb-pz.sewp.nasa.gov,No,Yes,2,1,2025-11-05T00:00:00,2026-11-11T23:59:59,22523971475;22238562088,"C=US, O=DigiCert Inc, CN=GeoTrust EV RSA CA G2"
www-calipso.larc.nasa.gov,Yes,Yes,1,1,2025-11-18T00:00:00,2026-12-01T23:59:59,22570510678,"C=US, O=DigiCert Inc, OU=www.digicert.com, CN=Thawte TLS RSA CA G1"
www-curator.jsc.nasa.gov,No,Yes,2,1,2025-09-12T00:00:00,2026-10-13T23:59:59,20978829169;20976702597,"C=US, O=DigiCert Inc, OU=www.digicert.com, CN=GeoTrust TLS RSA CA G1"
www-gte.larc.nasa.gov,No,Yes,2,1,2025-11-26T00:00:00,2026-12-04T23:59:59,22745142062;22759149065,"C=US, O=DigiCert Inc, OU=www.digicert.com, CN=Thawte TLS RSA CA G1"
www-misr.jpl.nasa.gov,No,Yes,2,1,2025-12-04T00:00:00,2026-12-04T23:59:59,22908111525;22908134556,"C=CA, O=Entrust Limited, CN=Entrust OV TLS Issuing RSA CA 2"
www-robotics.jpl.nasa.gov,No,Yes,2,1,2025-12-04T00:00:00,2026-12-04T23:59:59,22908111525;22908134556,"C=CA, O=Entrust Limited, CN=Entrust OV TLS Issuing RSA CA 2"
www-stage.nasa.gov,No,Yes,1,1,2025-09-30T00:00:00,2026-10-27T23:59:59,21374993156,"C=US, O=Amazon, CN=Amazon RSA 2048 M04"
www.Tangolab-Mark-10.pl.jsl.nasa.gov,No,Yes,1,1,2025-10-07T00:00:00,2026-11-03T23:59:59,21550559495,"C=US, O=DigiCert Inc, CN=DigiCert Global G2 TLS RSA SHA256 2020 CA1"
www.Tangolab-Mark-5.pl.jsl.nasa.gov,No,Yes,1,1,2025-10-07T00:00:00,2026-11-03T23:59:59,21548971687,"C=US, O=DigiCert Inc, CN=DigiCert Global G2 TLS RSA SHA256 2020 CA1"
www.Tangolab-Mark-6.pl.jsl.nasa.gov,No,Yes,1,1,2025-10-07T00:00:00,2026-11-03T23:59:59,21549544563,"C=US, O=DigiCert Inc, CN=DigiCert Global G2 TLS RSA SHA256 2020 CA1"
www.Tangolab-Mark-7.pl.jsl.nasa.gov,No,Yes,1,1,2025-10-07T00:00:00,2026-11-03T23:59:59,21549838772,"C=US, O=DigiCert Inc, CN=DigiCert Global G2 TLS RSA SHA256 2020 CA1"
www.Tangolab-Mark-8.pl.jsl.nasa.gov,No,Yes,1,1,2025-10-07T00:00:00,2026-11-03T23:59:59,21550102143,"C=US, O=DigiCert Inc, CN=DigiCert Global G2 TLS RSA SHA256 2020 CA1"
www.Tangolab-Mark-9.pl.jsl.nasa.gov,No,Yes,1,1,2025-10-07T00:00:00,2026-11-03T23:59:59,21550306224,"C=US, O=DigiCert Inc, CN=DigiCert Global G2 TLS RSA SHA256 2020 CA1"
www.access.vmmoc.gsfc.nasa.gov,No,Yes,1,1,2025-11-05T19:36:01,2026-11-16T00:48:22,22235797155,"C=US, ST=Arizona, L=Scottsdale, O=""GoDaddy.com, Inc."", OU=http://certs.godaddy.com/repository/, CN=Go Daddy Secure Certificate Authority - G2"
www.adaxes.hst.nasa.gov,No,Yes,2,1,2025-10-28T15:41:07,2026-11-06T21:19:44,22064777450;22266300068,"C=US, ST=Texas, L=Houston, O=SSL Corporation, CN=SSL.com RSA SSL subCA"
www.altosvr1.hst.nasa.gov,No,Yes,1,1,2025-11-24T16:10:42,2026-11-24T16:10:42,22706519460,"C=US, ST=Texas, L=Houston, O=SSL Corporation, CN=SSL.com RSA SSL subCA"
www.altosvr2.hst.nasa.gov,No,Yes,1,1,2025-11-24T16:12:58,2026-11-24T16:12:58,22706550041,"C=US, ST=Texas, L=Houston, O=SSL Corporation, CN=SSL.com RSA SSL subCA"
www.amesapp2019.ndc.nasa.gov,No,Yes,2,1,2026-06-16T00:00:00,2026-12-31T23:59:59,27240483989;27240418996,"C=GB, O=Sectigo Limited, CN=Sectigo Public Server Authentication CA DV R36"
www.amn-n213-acc-104a-1.amn.nasa.gov,No,Yes,1,1,2026-05-21T22:43:20,2026-12-05T22:43:20,26532441430,"C=US, ST=Texas, L=Houston, O=SSL Corporation, CN=SSL.com RSA SSL subCA"
www.amn-n236-acc-e201-1.amn.nasa.gov,No,Yes,1,1,2026-05-21T22:42:12,2026-12-05T22:42:12,26532416901,"C=US, ST=Texas, L=Houston, O=SSL Corporation, CN=SSL.com RSA SSL subCA"
www.amn-n239-acc-247a-1.amn.nasa.gov,No,Yes,1,1,2026-05-21T22:49:28,2026-12-05T22:49:28,26532590585,"C=US, ST=Texas, L=Houston, O=SSL Corporation, CN=SSL.com RSA SSL subCA"
www.amn-n240-acc-239-1-stk.amn.nasa.gov,No,Yes,1,1,2026-05-21T22:48:59,2026-12-05T22:48:59,26532587419,"C=US, ST=Texas, L=Houston, O=SSL Corporation, CN=SSL.com RSA SSL subCA"
www.amn-n240-acc-239-2-stk.amn.nasa.gov,No,Yes,1,1,2026-05-21T22:48:15,2026-12-05T22:48:15,26532551800,"C=US, ST=Texas, L=Houston, O=SSL Corporation, CN=SSL.com RSA SSL subCA"
www.amn-n240-acc-239-3-stk.amn.nasa.gov,No,Yes,1,1,2026-05-21T22:41:23,2026-12-05T22:41:23,26532403698,"C=US, ST=Texas, L=Houston, O=SSL Corporation, CN=SSL.com RSA SSL subCA"
www.amn-n240-acc-239-4.amn.nasa.gov,No,Yes,1,1,2026-05-21T22:46:11,2026-12-05T22:46:11,26532497473,"C=US, ST=Texas, L=Houston, O=SSL Corporation, CN=SSL.com RSA SSL subCA"
www.amn-n240-acc-239-5-stk.amn.nasa.gov,No,Yes,1,1,2026-06-08T19:29:11,2026-12-23T19:29:11,27002883866,"C=US, O=SSL Corporation, CN=SSL.com TLS Issuing RSA CA R1"
www.amn-n240-acc-e101-1.amn.nasa.gov,No,Yes,1,1,2026-05-21T22:35:37,2026-12-05T22:35:37,26532312886,"C=US, ST=Texas, L=Houston, O=SSL Corporation, CN=SSL.com RSA SSL subCA"
www.amn-n240-acc-e144-1-stk.amn.nasa.gov,No,Yes,1,1,2026-05-21T22:47:37,2026-12-05T22:47:37,26532549446,"C=US, ST=Texas, L=Houston, O=SSL Corporation, CN=SSL.com RSA SSL subCA"
www.amn-n240-acc-e144-2.amn.nasa.gov,No,Yes,1,1,2026-05-21T22:40:55,2026-12-05T22:40:55,26532401733,"C=US, ST=Texas, L=Houston, O=SSL Corporation, CN=SSL.com RSA SSL subCA"
www.amn-n240-acc-e201-1.amn.nasa.gov,No,Yes,1,1,2026-05-21T22:40:11,2026-12-05T22:40:11,26532388912,"C=US, ST=Texas, L=Houston, O=SSL Corporation, CN=SSL.com RSA SSL subCA"
www.amn-n244-acc-105-1-stk.amn.nasa.gov,No,Yes,1,1,2026-05-21T22:37:31,2026-12-05T22:37:31,26532352538,"C=US, ST=Texas, L=Houston, O=SSL Corporation, CN=SSL.com RSA SSL subCA"
www.amn-n244-acc-105-2.amn.nasa.gov,No,Yes,1,1,2026-06-08T19:39:49,2026-12-23T19:39:49,27003074419,"C=US, O=SSL Corporation, CN=SSL.com TLS Issuing RSA CA R1"
www.amn-n244-acc-203a-1-stk.amn.nasa.gov,No,Yes,1,1,2026-05-21T22:37:54,2026-12-05T22:37:54,26532361388,"C=US, ST=Texas, L=Houston, O=SSL Corporation, CN=SSL.com RSA SSL subCA"
www.amn-n244-acc-203a-3-stk.amn.nasa.gov,No,Yes,1,1,2026-05-21T22:37:10,2026-12-05T22:37:10,26532342804,"C=US, ST=Texas, L=Houston, O=SSL Corporation, CN=SSL.com RSA SSL subCA"
www.amn-n244-acc-203a-4-stk.amn.nasa.gov,No,Yes,1,1,2026-05-21T22:36:47,2026-12-05T22:36:47,26532340061,"C=US, ST=Texas, L=Houston, O=SSL Corporation, CN=SSL.com RSA SSL subCA"
www.amn-n244-acc-303-1-stk.amn.nasa.gov,No,Yes,1,1,2026-05-22T17:29:29,2026-12-06T17:29:29,26555546485,"C=US, ST=Texas, L=Houston, O=SSL Corporation, CN=SSL.com RSA SSL subCA"
www.amn-n244-acc-303-2.amn.nasa.gov,No,Yes,1,1,2026-05-22T17:29:03,2026-12-06T17:29:03,26555532205,"C=US, ST=Texas, L=Houston, O=SSL Corporation, CN=SSL.com RSA SSL subCA"
www.amn-n244-acc-e5a-1.amn.nasa.gov,No,Yes,1,1,2026-05-21T22:47:01,2026-12-05T22:47:01,26532549326,"C=US, ST=Texas, L=Houston, O=SSL Corporation, CN=SSL.com RSA SSL subCA"
www.amn-n261-acc-d125-1.amn.nasa.gov,No,Yes,1,1,2026-05-21T22:45:23,2026-12-05T22:45:23,26532488781,"C=US, ST=Texas, L=Houston, O=SSL Corporation, CN=SSL.com RSA SSL subCA"
www.amn-n269-acc-167.amn.nasa.gov,No,Yes,1,1,2026-05-21T22:44:57,2026-12-05T22:44:57,26532492978,"C=US, ST=Texas, L=Houston, O=SSL Corporation, CN=SSL.com RSA SSL subCA"
www.atlas.nasa.gov,Yes,Yes,1,1,2026-04-02T00:00:00,2026-10-16T23:59:59,25308853186,"C=US, O=Amazon, CN=Amazon RSA 2048 M04"
www.atmjira.arc.nasa.gov,No,Yes,1,1,2026-04-23T15:13:55,2026-11-07T15:13:55,25719789729,"C=US, ST=Texas, L=Houston, O=SSL Corporation, CN=SSL.com RSA SSL subCA"
www.bmoc.jwst.nasa.gov,Yes,Yes,1,1,2025-10-28T16:55:04,2026-10-27T16:55:04,22065818941,"C=US, ST=Texas, L=Houston, O=SSL Corporation, CN=SSL.com RSA SSL subCA"
www.climatekids.nasa.gov,Yes,Yes,2,1,2026-07-19T17:12:40,2026-10-17T17:12:39,28070710235;28070721401,"C=US, O=Let's Encrypt, CN=YE1"
www.commfuse.amesaero.nasa.gov,No,Yes,1,1,2026-04-23T15:28:37,2026-11-07T15:28:37,25731450183,"C=US, ST=Texas, L=Houston, O=SSL Corporation, CN=SSL.com RSA SSL subCA"
www.csbf.nasa.gov,Yes,Yes,7,1,2025-09-09T00:00:00,2026-11-08T23:59:59,20897252875;26383836111;20897232176;20897087997;20897381869;22890328888;26152347529,"C=US, O=DigiCert Inc, CN=DigiCert Global G2 TLS RSA SHA256 2020 CA1"
www.czdt.smce.nasa.gov,No,Yes,2,1,2026-07-24T13:06:37,2026-10-22T13:06:36,28213076651;28213078451,"C=US, O=Let's Encrypt, CN=YE1"
www.data.worldwind.arc.nasa.gov,No,Yes,2,1,2026-04-21T17:20:31,2026-11-05T17:20:37,25777646603;25777646530,"C=US, ST=Texas, L=Houston, O=SSL Corporation, CN=SSL.com RSA SSL subCA"
www.dcms-ws.at.nasa.gov,No,Yes,2,1,2026-04-16T00:00:00,2026-10-31T23:59:59,25566052484;25928673918,"C=GB, O=Sectigo Limited, CN=Sectigo Public Server Authentication CA OV R36"
www.dcms-ws.nasa.gov,No,Yes,2,1,2026-04-17T00:00:00,2026-11-01T23:59:59,25572046882;25935902631,"C=GB, O=Sectigo Limited, CN=Sectigo Public Server Authentication CA OV R36"
www.developer.nasa.gov,No,Yes,4,1,2026-03-25T00:00:00,2026-10-09T23:59:59,25220086879;25216734825;25220105694;25216718827,"C=CA, O=Entrust Limited, CN=Entrust OV TLS Issuing RSA CA 2"
www.dss.utm-bvlos-dev.amesaero.nasa.gov,No,Yes,1,1,2026-04-23T15:29:35,2026-11-07T15:29:35,25730525641,"C=US, ST=Texas, L=Houston, O=SSL Corporation, CN=SSL.com RSA SSL subCA"
www.edocs.hst.nasa.gov,No,Yes,1,1,2025-11-14T14:58:33,2026-11-14T14:58:33,22466114082,"C=US, ST=Texas, L=Houston, O=SSL Corporation, CN=SSL.com RSA SSL subCA"
www.ewis-ncu.msl.jsl.nasa.gov,No,Yes,1,1,2025-10-08T00:00:00,2026-11-08T23:59:59,21574541044,"C=US, O=DigiCert Inc, CN=DigiCert Global G2 TLS RSA SHA256 2020 CA1"
www.fos.jwst.nasa.gov,Yes,Yes,1,1,2025-10-27T18:47:38,2026-10-27T18:47:38,22045851607,"C=US, ST=Texas, L=Houston, O=SSL Corporation, CN=SSL.com RSA SSL subCA"
www.gapps.nasa.gov,Yes,Yes,1,1,2026-07-23T16:10:25,2026-10-21T16:51:09,28187306142,"C=US, O=Google Trust Services, CN=WR3"
www.gr2202vmpower1.ndc.nasa.gov,No,Yes,2,1,2026-04-27T00:00:00,2026-11-11T23:59:59,26073040477;25855573388,"C=GB, O=Sectigo Limited, CN=Sectigo Public Server Authentication CA DV R36"
www.hcmovse5.hosc.msfc.nasa.gov,No,Yes,1,1,2025-10-20T00:00:00,2026-11-20T23:59:59,21855867671,"C=US, O=DigiCert Inc, CN=DigiCert Global G2 TLS RSA SHA256 2020 CA1"
www.hcmsuag04.hosc.msfc.nasa.gov,No,Yes,1,1,2026-03-27T00:00:00,2026-10-11T23:59:59,25254879423,"C=US, O=DigiCert Inc, CN=DigiCert Global G2 TLS RSA SHA256 2020 CA1"
www.hq.nasa.gov,Yes,Yes,1,1,2025-11-19T00:00:00,2026-12-18T23:59:59,22576393591,"C=US, O=Amazon, CN=Amazon RSA 2048 M01"
www.hs-59vdsas.hst.nasa.gov,No,Yes,2,1,2025-09-24T12:46:11,2026-11-12T14:49:06,21246523845;22414699690,"C=US, ST=Texas, L=Houston, O=SSL Corporation, CN=SSL.com RSA SSL subCA"
www.hs-59vosas1.hst.nasa.gov,No,Yes,2,1,2025-11-18T18:00:45,2026-11-24T16:15:30,22569378855;22706597584,"C=US, ST=Texas, L=Houston, O=SSL Corporation, CN=SSL.com RSA SSL subCA"
www.hs-59vosas2.hst.nasa.gov,No,Yes,2,1,2025-11-18T17:58:56,2026-11-24T16:17:17,22569343099;22706614958,"C=US, ST=Texas, L=Houston, O=SSL Corporation, CN=SSL.com RSA SSL subCA"
www.hs-59vsmims.hst.nasa.gov,No,Yes,3,1,2025-11-05T20:52:29,2026-11-25T18:30:04,22728932075;22893723413;22237329722,"C=US, ST=Texas, L=Houston, O=SSL Corporation, CN=SSL.com RSA SSL subCA"
www.hs-59vtsas1.hst.nasa.gov,No,Yes,1,1,2025-11-12T14:40:39,2026-11-12T14:40:39,22414552786,"C=US, ST=Texas, L=Houston, O=SSL Corporation, CN=SSL.com RSA SSL subCA"
www.hs-59vtsas2.hst.nasa.gov,No,Yes,1,1,2025-11-12T14:44:27,2026-11-12T14:44:27,22414615218,"C=US, ST=Texas, L=Houston, O=SSL Corporation, CN=SSL.com RSA SSL subCA"
www.hst-mailscan1.hst.nasa.gov,No,Yes,1,1,2025-11-18T18:12:36,2026-11-18T18:12:36,22569583140,"C=US, ST=Texas, L=Houston, O=SSL Corporation, CN=SSL.com RSA SSL subCA"
www.hst-mailscan2.hst.nasa.gov,No,Yes,1,1,2025-11-18T18:01:04,2026-11-18T18:01:04,22569379236,"C=US, ST=Texas, L=Houston, O=SSL Corporation, CN=SSL.com RSA SSL subCA"
www.hst-sers.hst.nasa.gov,No,Yes,1,1,2025-12-09T14:43:42,2026-12-09T14:43:42,23004942818,"C=US, ST=Texas, L=Houston, O=SSL Corporation, CN=SSL.com RSA SSL subCA"
www.hst-sers2.hst.nasa.gov,No,Yes,2,1,2025-12-09T14:45:48,2026-12-09T14:45:51,23004983126;23004983272,"C=US, ST=Texas, L=Houston, O=SSL Corporation, CN=SSL.com RSA SSL subCA"
www.hst-smtp1.hst.nasa.gov,No,Yes,1,1,2025-11-18T18:14:50,2026-11-18T18:14:50,22569620462,"C=US, ST=Texas, L=Houston, O=SSL Corporation, CN=SSL.com RSA SSL subCA"
www.hst-smtp2.hst.nasa.gov,No,Yes,1,1,2025-11-18T18:08:59,2026-11-18T18:08:59,22569514006,"C=US, ST=Texas, L=Houston, O=SSL Corporation, CN=SSL.com RSA SSL subCA"
www.hstinfo.hst.nasa.gov,No,Yes,1,1,2025-10-28T17:38:10,2026-10-28T17:38:10,22066395388,"C=US, ST=Texas, L=Houston, O=SSL Corporation, CN=SSL.com RSA SSL subCA"
www.hstngin-archive.hst.nasa.gov,No,Yes,2,1,2025-11-06T21:09:39,2026-11-12T15:27:46,22415383844;22266124033,"C=US, ST=Texas, L=Houston, O=SSL Corporation, CN=SSL.com RSA SSL subCA"
www.hstngin.hst.nasa.gov,No,Yes,2,1,2025-11-06T21:09:07,2026-11-12T15:13:52,22415145916;22266124028,"C=US, ST=Texas, L=Houston, O=SSL Corporation, CN=SSL.com RSA SSL subCA"
www.idrac.astrobeedds2.amn.nasa.gov,No,Yes,1,1,2026-05-22T17:30:07,2026-12-06T17:30:07,26555551073,"C=US, ST=Texas, L=Houston, O=SSL Corporation, CN=SSL.com RSA SSL subCA"
www.igit.earthdata.nasa.gov,No,Yes,2,1,2025-11-21T00:00:00,2026-12-21T23:59:59,22644436426;22644420921,"C=CA, O=Entrust Limited, CN=Entrust DV TLS Issuing RSA CA 2"
www.invalid.appdat.jsc.nasa.gov,No,Yes,1,1,2026-03-30T00:00:00,2026-10-14T23:59:59,25281477116,"C=US, O=DigiCert Inc, OU=www.digicert.com, CN=RapidSSL TLS RSA CA G1"
www.invention.nasa.gov,No,Yes,1,1,2025-11-25T00:00:00,2026-12-23T23:59:59,22726773020,"C=US, O=Amazon, CN=Amazon RSA 2048 M01"
www.jbidmzweb.idmz.fos.jwst.nasa.gov,No,Yes,1,1,2025-10-28T11:11:29,2026-10-28T11:11:29,22060588248,"C=US, ST=Texas, L=Houston, O=SSL Corporation, CN=SSL.com RSA SSL subCA"
www.jlab.hst.nasa.gov,No,Yes,2,1,2025-10-10T16:14:43,2026-11-06T21:17:34,21627270762;22266265869,"C=US, ST=Texas, L=Houston, O=SSL Corporation, CN=SSL.com RSA SSL subCA"
www.jsc.nasa.gov,No,Yes,3,2,2025-10-28T00:00:00,2026-11-25T23:59:59,28063145278;28063160664;22064866805,"C=US, O=Let's Encrypt, CN=YR1;C=US, O=Amazon, CN=Amazon RSA 2048 M04"
www.lnfwjgsp00-clstr.gsfc.nasa.gov,No,Yes,1,1,2026-05-21T00:00:00,2026-12-05T23:59:59,26526813197,"C=US, O=DigiCert Inc, CN=DigiCert Global G2 TLS RSA SHA256 2020 CA1"
www.lnfwjgss00-clstr.gsfc.nasa.gov,No,Yes,1,1,2026-05-21T00:00:00,2026-12-05T23:59:59,26526826737,"C=US, O=DigiCert Inc, CN=DigiCert Global G2 TLS RSA SHA256 2020 CA1"
www.lnfwjgst00-clstr.gsfc.nasa.gov,No,Yes,1,1,2026-05-21T00:00:00,2026-12-05T23:59:59,26526814000,"C=US, O=DigiCert Inc, CN=DigiCert Global G2 TLS RSA SHA256 2020 CA1"
www.lnsrwnsp01.gsfc.nasa.gov,No,Yes,1,1,2026-05-21T00:00:00,2026-12-05T23:59:59,26526814093,"C=US, O=DigiCert Inc, CN=DigiCert Global G2 TLS RSA SHA256 2020 CA1"
www.lnsrwnss01.gsfc.nasa.gov,No,Yes,1,1,2026-05-21T00:00:00,2026-12-05T23:59:59,26526826790,"C=US, O=DigiCert Inc, CN=DigiCert Global G2 TLS RSA SHA256 2020 CA1"
www.lnsrwnst01.gsfc.nasa.gov,No,Yes,1,1,2026-05-21T00:00:00,2026-12-05T23:59:59,26526813460,"C=US, O=DigiCert Inc, CN=DigiCert Global G2 TLS RSA SHA256 2020 CA1"
www.mdscc.nasa.gov,Yes,Yes,2,1,2026-06-01T00:00:00,2026-12-16T23:59:59,26802255828;26802271938,"C=CA, O=Entrust Limited, CN=Entrust OV TLS Issuing RSA CA 2"
www.mmoc-n240-r239-netbotz.amn.nasa.gov,No,Yes,2,2,2026-05-21T22:35:10,2026-12-06T17:36:14,26555663198;26532312580,"C=US, ST=Texas, L=Houston, O=SSL Corporation, CN=SSL.com RSA SSL subCA;C=US, O=SSL Corporation, CN=SSL.com TLS Issuing RSA CA R1"
www.mmoc-n244-r105a-netbotz.amn.nasa.gov,No,Yes,2,2,2026-05-21T22:34:46,2026-12-23T16:17:47,26532311206;26998841746,"C=US, ST=Texas, L=Houston, O=SSL Corporation, CN=SSL.com RSA SSL subCA;C=US, O=SSL Corporation, CN=SSL.com TLS Issuing RSA CA R1"
www.mmoc-n244-r203a-netbotz.amn.nasa.gov,No,Yes,3,2,2026-05-21T22:32:15,2026-12-23T16:27:58,26532275357;26999045653;26999046377,"C=US, ST=Texas, L=Houston, O=SSL Corporation, CN=SSL.com RSA SSL subCA;C=US, O=SSL Corporation, CN=SSL.com TLS Issuing RSA CA R1"
www.mmoc-n244-r303-netbotz.amn.nasa.gov,No,Yes,1,1,2026-05-22T17:27:39,2026-12-06T17:27:39,26555508186,"C=US, ST=Texas, L=Houston, O=SSL Corporation, CN=SSL.com RSA SSL subCA"
www.my.nasa.gov,No,Yes,2,1,2025-09-12T00:00:00,2026-10-13T23:59:59,20978171381;20978145267,"C=GB, O=Sectigo Limited, CN=Sectigo Public Server Authentication CA DV R36"
www.nasadaacs.eos.nasa.gov,No,Yes,2,1,2025-11-20T00:00:00,2026-12-20T23:59:59,22622177711;22622157708,"C=CA, O=Entrust Limited, CN=Entrust DV TLS Issuing RSA CA 2"
www.ngin.jwst.nasa.gov,No,Yes,1,1,2025-10-24T13:09:39,2026-10-24T13:09:39,21970391826,"C=US, ST=Texas, L=Houston, O=SSL Corporation, CN=SSL.com RSA SSL subCA"
www.nmis.sma.nasa.gov,No,Yes,2,1,2025-12-15T00:00:00,2026-12-15T23:59:59,23138091807;23138072044,"C=GB, O=Sectigo Limited, CN=Sectigo Public Server Authentication CA DV R36"
www.nsc.nasa.gov,No,Yes,2,1,2026-04-24T00:00:00,2026-11-08T23:59:59,26038309596;25754957365,"C=GB, O=Sectigo Limited, CN=Sectigo Public Server Authentication CA DV R36"
www.orbitaldebris.jsc.nasa.gov,No,Yes,2,1,2025-09-12T00:00:00,2026-10-13T23:59:59,20978829169;20976702597,"C=US, O=DigiCert Inc, OU=www.digicert.com, CN=GeoTrust TLS RSA CA G1"
www.owa.hst.nasa.gov,No,Yes,1,1,2025-11-25T16:27:52,2026-11-25T16:27:52,22727047330,"C=US, ST=Texas, L=Houston, O=SSL Corporation, CN=SSL.com RSA SSL subCA"
www.prod.nais.nasa.gov,No,Yes,2,1,2025-11-20T00:00:00,2026-12-20T23:59:59,22619026515;22619046224,"C=CA, O=Entrust Limited, CN=Entrust DV TLS Issuing RSA CA 2"
www.rockettest.nasa.gov,Yes,Yes,1,1,2025-12-01T00:00:00,2026-12-30T23:59:59,22848354253,"C=US, O=Amazon, CN=Amazon RSA 2048 M04"
www.satcorps.smce.nasa.gov,No,Yes,2,1,2026-07-13T10:40:30,2026-10-11T10:40:29,27897660277;27897653074,"C=US, O=Let's Encrypt, CN=YE1"
www.scan.nasa.gov,No,Yes,2,1,2026-07-17T01:47:56,2026-10-15T01:47:55,27999706352;27999706515,"C=US, O=Let's Encrypt, CN=YR2"
www.search.hst.nasa.gov,No,Yes,1,1,2025-11-14T15:02:57,2026-11-14T15:02:57,22466187008,"C=US, ST=Texas, L=Houston, O=SSL Corporation, CN=SSL.com RSA SSL subCA"
www.sewp.nasa.gov,No,Yes,2,1,2025-11-05T00:00:00,2026-11-11T23:59:59,22523971475;22238562088,"C=US, O=DigiCert Inc, CN=GeoTrust EV RSA CA G2"
www.sma.nasa.gov,No,Yes,2,1,2025-10-10T00:00:00,2026-10-10T23:59:59,21628734648;21628719596,"C=GB, O=Sectigo Limited, CN=Sectigo Public Server Authentication CA DV R36"
www.space.apps.nasa.gov,Yes,Yes,2,1,2025-09-18T00:00:00,2026-10-12T23:59:59,21110174629;21110176884,"C=GB, O=Sectigo Limited, CN=Sectigo Public Server Authentication CA DV R36"
www.spacecomm.nasa.gov,No,Yes,2,1,2026-07-24T19:45:59,2026-10-22T19:45:58,28220726816;28220734460,"C=US, O=Let's Encrypt, CN=YR1"
www.spacecommunications.nasa.gov,No,Yes,2,1,2026-07-17T05:10:32,2026-10-15T05:10:31,28003661228;28003655902,"C=US, O=Let's Encrypt, CN=YR2"
www.spaceplace.nasa.gov,No,Yes,1,1,2026-04-24T00:00:00,2026-11-08T23:59:59,25756326074,"C=US, O=DigiCert Inc, CN=DigiCert Global G2 TLS RSA SHA256 2020 CA1"
www.spectrum.nasa.gov,No,Yes,2,1,2026-07-24T19:46:11,2026-10-22T19:46:10,28220734209;28220736580,"C=US, O=Let's Encrypt, CN=YR2"
www.splunkreporter.hst.nasa.gov,No,Yes,2,1,2025-11-05T20:51:19,2026-12-04T13:48:09,22893774533;22237309805,"C=US, ST=Texas, L=Houston, O=SSL Corporation, CN=SSL.com RSA SSL subCA"
www.stemgateway.nasa.gov,No,Yes,2,1,2025-09-12T00:00:00,2026-10-13T23:59:59,20978145151;20978169942,"C=GB, O=Sectigo Limited, CN=Sectigo Public Server Authentication CA DV R36"
www.stmd.nasa.gov,No,Yes,2,1,2026-07-17T09:27:55,2026-10-15T09:27:54,28008727637;28008720975,"C=US, O=Let's Encrypt, CN=YR1"
www.stmgroundhub.amesaero.nasa.gov,No,Yes,1,1,2026-04-23T15:31:07,2026-11-07T15:31:07,25730938582,"C=US, ST=Texas, L=Houston, O=SSL Corporation, CN=SSL.com RSA SSL subCA"
www.test-vip-slb-prod.earthdata.nasa.gov,No,Yes,2,1,2025-11-21T00:00:00,2026-12-21T23:59:59,22644469205;22644438305,"C=CA, O=Entrust Limited, CN=Entrust DV TLS Issuing RSA CA 2"
www.tmis-r.hst.nasa.gov,No,Yes,1,1,2025-11-14T15:08:09,2026-11-14T15:08:09,22466276646,"C=US, ST=Texas, L=Houston, O=SSL Corporation, CN=SSL.com RSA SSL subCA"
www.utmfuse.amesaero.nasa.gov,No,Yes,1,1,2026-04-23T15:27:52,2026-11-07T15:27:52,25730664267,"C=US, ST=Texas, L=Houston, O=SSL Corporation, CN=SSL.com RSA SSL subCA"
www.vhstplfsw2.hst.nasa.gov,No,Yes,1,1,2025-11-18T18:07:52,2026-11-18T18:07:52,22569491006,"C=US, ST=Texas, L=Houston, O=SSL Corporation, CN=SSL.com RSA SSL subCA"
www.vtsgosvr1.hst.nasa.gov,No,Yes,1,1,2025-11-18T16:27:25,2026-11-18T16:27:25,22567707310,"C=US, ST=Texas, L=Houston, O=SSL Corporation, CN=SSL.com RSA SSL subCA"
www.vtsgosvr2.hst.nasa.gov,No,Yes,1,1,2025-11-18T16:31:39,2026-11-18T16:31:39,22567772395,"C=US, ST=Texas, L=Houston, O=SSL Corporation, CN=SSL.com RSA SSL subCA"
www.vtsgosvr3.hst.nasa.gov,No,Yes,1,1,2025-11-18T16:33:35,2026-11-18T16:33:35,22567812028,"C=US, ST=Texas, L=Houston, O=SSL Corporation, CN=SSL.com RSA SSL subCA"
www0.ndc.nasa.gov,No,Yes,2,1,2026-07-15T10:53:46,2026-10-13T10:53:45,27952425342;27952428129,"C=US, O=Let's Encrypt, CN=YR2"
www1-1-pz.sewp.nasa.gov,No,Yes,2,1,2025-11-05T00:00:00,2026-11-11T23:59:59,22523971475;22238562088,"C=US, O=DigiCert Inc, CN=GeoTrust EV RSA CA G2"
www1-2-pz.sewp.nasa.gov,No,Yes,2,1,2025-11-05T00:00:00,2026-11-11T23:59:59,22523971475;22238562088,"C=US, O=DigiCert Inc, CN=GeoTrust EV RSA CA G2"
www6-avi-lb-pz.sewp.nasa.gov,No,Yes,2,1,2025-11-05T00:00:00,2026-11-11T23:59:59,22523971475;22238562088,"C=US, O=DigiCert Inc, CN=GeoTrust EV RSA CA G2"
www6.sewp.nasa.gov,No,Yes,2,1,2025-11-05T00:00:00,2026-11-11T23:59:59,22523971475;22238562088,"C=US, O=DigiCert Inc, CN=GeoTrust EV RSA CA G2"
wwwspice1-1-pz.sewp.nasa.gov,No,Yes,2,1,2025-11-05T00:00:00,2026-11-11T23:59:59,22523971475;22238562088,"C=US, O=DigiCert Inc, CN=GeoTrust EV RSA CA G2"
wwwspice1-2-pz.sewp.nasa.gov,No,Yes,2,1,2025-11-05T00:00:00,2026-11-11T23:59:59,22523971475;22238562088,"C=US, O=DigiCert Inc, CN=GeoTrust EV RSA CA G2"
xfr139.larc.nasa.gov,Yes,Yes,1,1,2026-04-01T00:00:00,2026-10-16T23:59:59,25312536345,"C=US, O=DigiCert Inc, OU=www.digicert.com, CN=Thawte TLS RSA CA G1"
xkkkk6gdekej23.intsvc.cloud.earthdata.nasa.gov,Yes,Yes,1,1,2026-04-28T00:00:00,2026-11-11T23:59:59,25862651258,"C=US, O=Amazon, CN=Amazon RSA 2048 M01"
xrthm1y0jubeni.intsvc.cloud.earthdata.nasa.gov,Yes,Yes,1,1,2026-06-07T00:00:00,2026-12-21T23:59:59,26953224688,"C=US, O=Amazon, CN=Amazon RSA 2048 M01"
xtmclientfuse1.amesaero.nasa.gov,Yes,Yes,1,1,2025-11-05T00:00:00,2026-12-04T23:59:59,22215426711,"C=US, O=Amazon, CN=Amazon RSA 2048 M01"
xtmclientfuse2.amesaero.nasa.gov,Yes,Yes,1,1,2025-11-05T00:00:00,2026-12-04T23:59:59,22216319889,"C=US, O=Amazon, CN=Amazon RSA 2048 M04"
yesterwiki.jpl.nasa.gov,No,Yes,2,1,2026-05-30T00:00:00,2026-12-14T23:59:59,26744398948;26744429749,"C=CA, O=Entrust Limited, CN=Entrust OV TLS Issuing RSA CA 2"
yobs1cl741ed0s.intsvc.cloud.uat.earthdata.nasa.gov,Yes,Yes,1,1,2025-09-18T00:00:00,2026-10-17T23:59:59,21115616048,"C=US, O=Amazon, CN=Amazon RSA 2048 M04"
zeus.nascom.nasa.gov,No,Yes,2,1,2026-07-24T09:25:18,2026-10-22T09:25:17,28208575433;28208582920,"C=US, O=Let's Encrypt, CN=YR1"
zscanners.jpl.nasa.gov,No,Yes,2,1,2025-10-16T00:00:00,2026-10-16T23:59:59,21761178785;21761157063,"C=CA, O=Entrust Limited, CN=Entrust OV TLS Issuing RSA CA 2"
