group,sub_organization,github_org,github_url,display_name,description,website,public_repos,last_push,created,verified,listed_in,attributed_by
Access Board,,atbcb,https://github.com/atbcb,U.S. Access Board,"USAB website built on Federalist using USWDS, now on Pages.Cloud.gov",www.access-board.gov,2,2026-09-24,2020-06-29,,search,domain:access-board.gov
Administrative Office of the United States Courts,,federal-courts-software-factory,https://github.com/federal-courts-software-factory,Federal Courts Software Factory,"Founded in 2020, the FCSF is led by the individual courts. We work to bring the digital transformation to the administration of justice within the judiciary",,10,2024-05-08,2020-06-24,,governments.yml;cms-allowlist;search,domain:uscourts.gov
Board of Governors of the Federal Reserve,Federal Reserve Bank,federalreserve,https://github.com/federalreserve,Federal Reserve Board of Governors,Federal Reserve Board official GitHub Enterprise. Secure tech for monetary policy & banking operations. FRB staff only.,https://www.federalreserve.gov,0,,2025-08-07,,search,domain:federalreserve.gov
Board of Governors of the Federal Reserve,Federal Reserve Bank,federalreserveboard,https://github.com/federalreserveboard,Federal Reserve Board of Governors,,https://www.federalreserve.gov,0,,2025-06-16,,search,domain:federalreserve.gov
Board of Governors of the Federal Reserve,Federal Reserve Bank,federalreserveboardt,https://github.com/federalreserveboardt,Federal Reserve Board of Governors,Official GitHub organization for the Federal Reserve Board,https://www.federalreserve.gov,0,,2026-06-16,,search,domain:federalreserve.gov
Board of Governors of the Federal Reserve,Federal Reserve Bank,federalreservet,https://github.com/federalreservet,Federal Reserve Board of Governors,,https://www.federalreserve.gov,0,,2026-06-16,,search,domain:federalreserve.gov
Board of Governors of the Federal Reserve,Federal Reserve Bank,USFRS,https://github.com/USFRS,The Federal Reserve System,,https://www.federalreserve.gov,0,,2018-10-16,,search,domain:federalreserve.gov
Consumer Financial Protection Bureau,,cfpb,https://github.com/cfpb,Consumer Financial Protection Bureau,,https://cfpb.github.io/,362,2026-09-26,2011-09-22,,governments.yml;cms-allowlist,override
Consumer Financial Protection Bureau,,eregs,https://github.com/eregs,eRegulations,,,7,2025-02-22,2013-03-29,,governments.yml,override
Corporation for National and Community Service,AmeriCorps,AmeriCorps,https://github.com/AmeriCorps,AmeriCorps,AmeriCorps is the federal agency for national service and volunteerism.,https://www.americorps.gov/,1,2024-05-01,2024-03-23,,search,domain:americorps.gov
Council of the Inspectors General on Integrity and Efficiency,Council of the Inspectors General on Integrity and Efficiency,cigiegov,https://github.com/cigiegov,CIGIE,The Council of the Inspectors General on Integrity and Efficiency,https://www.ignet.gov/,1,2023-12-11,2021-12-02,,governments.yml;cms-allowlist,domain:ignet.gov
Department of Agriculture,,Ag100Pest,https://github.com/Ag100Pest,USDA-ARS Ag100Pest,,,1,2022-09-27,2021-02-22,,search,domain:usda.gov
Department of Agriculture,,ALARC-HTP-GROUP,https://github.com/ALARC-HTP-GROUP,U.S. Department of Agriculture,"A collaborative effort by researchers and technicians at the USDA's Agricultural Research Service - Arid Land Agricultural Research Center in Maricopa, Arizona.",,0,,2017-06-09,,search,domain:usda.gov
Department of Agriculture,,ARS-SWRC,https://github.com/ARS-SWRC,ARS SWRC,Software projects at the USDA ARS Southwest Watershed Research Center.,https://www.tucson.ars.ag.gov,25,2026-09-18,2017-09-12,,search,domain:ag.gov
Department of Agriculture,,eppru,https://github.com/eppru,EPPRU-ARS-USDA,,http://www.ars.usda.gov/main/site_main.htm?modecode=80-62-05-20,0,,2016-04-04,,search,domain:usda.gov
Department of Agriculture,,firelab,https://github.com/firelab,RMRS Missoula Fire Sciences Lab,,https://research.fs.usda.gov/firelab,66,2026-09-25,2012-12-12,,governments.yml;cms-allowlist,domain:usda.gov
Department of Agriculture,,GrainGenes,https://github.com/GrainGenes,"GrainGenes, USDA-ARS",GrainGenes public projects - A Database for Triticeae and Avena,https://wheat.pw.usda.gov,11,2026-05-29,2018-11-28,,governments.yml;cms-allowlist;search,domain:usda.gov
Department of Agriculture,,GSWRL-USDA-ARS,https://github.com/GSWRL-USDA-ARS,GSWRL USDA ARS,,https://www.ars.usda.gov/plains-area/temple-tx/grassland-soil-and-water-research-laboratory/,1,2022-04-14,2021-10-27,,search,domain:usda.gov
Department of Agriculture,,MRP-ITD,https://github.com/MRP-ITD,USDA-MRP-ITD,Information Technology Division,https://www.aphis.usda.gov/aphis/ourfocus/business-services/information_technology/information-technology,0,,2023-09-06,,search,domain:usda.gov
Department of Agriculture,,NAL-i5K,https://github.com/NAL-i5K,,,https://i5k.nal.usda.gov/,54,2026-09-18,2015-08-05,,cms-allowlist,domain:usda.gov
Department of Agriculture,,NAVADMC,https://github.com/NAVADMC,,,,6,2026-05-08,2014-02-05,,governments.yml,override
Department of Agriculture,,nrcs-nwcc,https://github.com/nrcs-nwcc,National Water and Climate Center,,https://nwcc-apps.sc.egov.usda.gov/,6,2026-04-13,2021-06-30,,search,domain:usda.gov
Department of Agriculture,,OatGenetics,https://github.com/OatGenetics,Carlson Lab,"Oat Genetics, CCIRU, ETSARC, USDA-ARS, Fargo, ND, USA",https://www.ars.usda.gov/people-locations/person?person-id=56490,0,,2024-07-18,,search,domain:usda.gov
Department of Agriculture,,OCIO-CTO,https://github.com/OCIO-CTO,USDA OCIO-CTO,,https://www.usda.gov/ocio,2,2026-04-21,2023-08-29,,search,domain:usda.gov
Department of Agriculture,,OCIO-DAITO,https://github.com/OCIO-DAITO,OCIO-DAITO,USDA Departmental Administration Information Technology Office,,0,,2025-09-22,yes,search,domain:usda.gov
Department of Agriculture,,us-spd,https://github.com/us-spd,United States Swine Pathogen Database,,https://swinepathogendb.org/,4,2026-05-19,2020-03-12,,search,domain:usda.gov
Department of Agriculture,,USDA,https://github.com/USDA,USDA,,www.usda.gov/developer,3,2023-06-20,2013-03-19,,governments.yml;cms-allowlist;search,domain:usda.gov
Department of Agriculture,,USDA-ARS-ACSL,https://github.com/USDA-ARS-ACSL,USDA-ARS Adaptive Cropping Systems Laboratory,A research lab in the USDA's Agricultural Research Service,https://www.ars.usda.gov/nea/barc/acsl,25,2026-07-31,2022-07-12,,search,domain:usda.gov
Department of Agriculture,,USDA-ARS-AGIL,https://github.com/USDA-ARS-AGIL,USDA-ARS-NEA-AGIL (Animal Genomics and Improvement Laboratory),,http://www.ars.usda.gov/main/site_main.htm?modecode=80-42-05-30,9,2026-06-26,2015-06-11,,governments.yml;cms-allowlist;search,domain:usda.gov
Department of Agriculture,,USDA-ARS-GBRU,https://github.com/USDA-ARS-GBRU,USDA-ARS Genomics and Bioinformatics Research Unit,,https://www.ars.usda.gov/southeast-area/stoneville-ms/genomics-and-bioinformatics-research/,89,2026-09-25,2017-05-01,,governments.yml;cms-allowlist;search,domain:usda.gov
Department of Agriculture,,USDA-ARS-LTAR,https://github.com/USDA-ARS-LTAR,,,,10,2026-08-12,2018-05-07,,governments.yml,override
Department of Agriculture,,USDA-ARS-NWRC,https://github.com/USDA-ARS-NWRC,USDA ARS Northwest Watershed Research Center,,,26,2026-05-18,2017-09-15,,governments.yml,override
Department of Agriculture,,usda-ars-ussl,https://github.com/usda-ars-ussl,USDA-ARS-USSL (United States Salinity Laboratory),,http://www.ars.usda.gov/main/site_main.htm?modecode=20-36-05-00,4,2026-03-09,2016-07-14,,cms-allowlist;search,domain:usda.gov
Department of Agriculture,,USDA-ARS-WMSRU,https://github.com/USDA-ARS-WMSRU,,,,0,,2018-04-30,,governments.yml,override
Department of Agriculture,,USDA-CEC,https://github.com/USDA-CEC,Client Experience Center (CEC),Client Experience Center,https://www.usda.gov/ocio/centers/cec,0,,2021-06-30,,search,domain:usda.gov
Department of Agriculture,,USDA-DISC,https://github.com/USDA-DISC,U.S. Department of Agriculture - Digital Infrastructure Services Center,,https://www.ocio.usda.gov/about-ocio/digital-infrastructure-services-center-disc,0,,2021-11-24,,search,domain:usda.gov
Department of Agriculture,,USDA-DSTP,https://github.com/USDA-DSTP,USDA-DSTP,USDA Data Science Training Program,,1,2024-10-24,2024-09-19,yes,search,domain:usda.gov
Department of Agriculture,,USDA-ERS,https://github.com/USDA-ERS,Economic Research Service,,http://ers.usda.gov,1,2026-07-21,2013-05-14,,governments.yml;cms-allowlist;search,domain:usda.gov
Department of Agriculture,Office of Communications,USDA-Farmers-gov,https://github.com/USDA-Farmers-gov,USDA - Farmers.gov,"FOR FARMERS, BY FARMERS",https://www.farmers.gov,2,2026-06-23,2019-10-23,,search,domain:farmers.gov
Department of Agriculture,,USDA-Food-Nutrition-Services,https://github.com/USDA-Food-Nutrition-Services,FNS,Food and Nutrition Service,https://www.fns.usda.gov,0,,2021-08-04,,search,domain:usda.gov
Department of Agriculture,,USDA-FPAC-BC,https://github.com/USDA-FPAC-BC,FPAC-BC,Farm Production and Conservation Business Center,https://www.fpacbc.usda.gov/index.html,0,,2021-08-04,,search,domain:usda.gov
Department of Agriculture,,USDA-FPAC-FSA,https://github.com/USDA-FPAC-FSA,USDA-FPAC-FSA,Farm Service Agency,https://www.fsa.usda.gov/,0,,2021-08-04,,search,domain:usda.gov
Department of Agriculture,,USDA-FPAC-NRCS,https://github.com/USDA-FPAC-NRCS,NRCS,Natural Resources Conservation Service,https://www.nrcs.usda.gov/,0,,2021-08-04,,search,domain:usda.gov
Department of Agriculture,,USDA-FPAC-RMA,https://github.com/USDA-FPAC-RMA,RMA,Risk Management Agency,https://www.rma.usda.gov/,0,,2021-08-04,,search,domain:usda.gov
Department of Agriculture,,USDA-FSA,https://github.com/USDA-FSA,USDA - Farm Production and Conservation (FPAC),"[ DEPRECATION WARNING: This repository will no longer be maintained as of Feb 01, 2023 ]",,21,2025-08-27,2016-04-18,,governments.yml,override
Department of Agriculture,,USDA-FSIS,https://github.com/USDA-FSIS,FSIS,Food Safety & Inspection Service,https://www.fsis.usda.gov/,1,2023-11-29,2021-08-04,,search,domain:usda.gov
Department of Agriculture,,USDA-GRL,https://github.com/USDA-GRL,"Oklahoma & Central Plains Agricultural Research Center, USDA-ARS",,https://www.ars.usda.gov/plains-area/el-reno-ok/grazinglands-research-laboratory/,4,2019-03-19,2018-10-03,,search,domain:usda.gov
Department of Agriculture,,USDA-MRP-AMS,https://github.com/USDA-MRP-AMS,AMS,Agricultural Marketing Service (AMS),https://www.ams.usda.gov/,1,2025-04-29,2021-08-04,,search,domain:usda.gov
Department of Agriculture,,USDA-NFC,https://github.com/USDA-NFC,NFC,National Finance Center,https://www.nfc.usda.gov/,0,,2021-08-04,,search,domain:usda.gov
Department of Agriculture,,usda-nifa-b-team,https://github.com/usda-nifa-b-team,USDA NIFA B-Team,"Code, data and visualisations for the USDA NIFA B-Team, promoting access to plant-pollinator interaction information for the lands of the Western US",,3,2026-05-01,2023-07-26,,governments.yml;search,override
Department of Agriculture,,USDA-NRE-Forest-Service,https://github.com/USDA-NRE-Forest-Service,Forest Service,U.S. Forest Service,https://www.fs.usda.gov/,0,,2021-08-04,,search,domain:usda.gov
Department of Agriculture,,USDA-OCIO-DISC-EAS,https://github.com/USDA-OCIO-DISC-EAS,DISC-EAS,Enterprise Applications Services (EAS),https://www.usda.gov/ocio/centers/eas,0,,2021-08-04,,search,domain:usda.gov
Department of Agriculture,,USDA-RD,https://github.com/USDA-RD,RD,Rural Development,https://www.rd.usda.gov/,0,,2023-06-05,,search,domain:usda.gov
Department of Agriculture,,USDA-REE-ARS,https://github.com/USDA-REE-ARS,REE: ARS,Agricultural Research Service,https://www.ars.usda.gov/,4,2026-09-25,2021-08-04,,search,domain:usda.gov
Department of Agriculture,,USDA-REE-ERS,https://github.com/USDA-REE-ERS,REE: ERS,Economic Research Service,https://www.ers.usda.gov/,9,2025-04-09,2021-08-04,,search,domain:usda.gov
Department of Agriculture,,USDA-REE-ITSD,https://github.com/USDA-REE-ITSD,REE: ITSD,Information Technology Services Division (ITSD),https://www.ars.usda.gov/afm/itsd/itsd-home/,1,2023-05-19,2023-01-27,,search,domain:usda.gov
Department of Agriculture,,USDA-REE-NASS,https://github.com/USDA-REE-NASS,REE: NASS,National Agricultural Statistics Service (NASS),www.nass.usda.gov,1,2024-10-28,2021-08-04,,search,domain:usda.gov
Department of Agriculture,,USDA-REE-NIFA,https://github.com/USDA-REE-NIFA,REE: NIFA,National Institute of Food and Agriculture,https://www.nifa.usda.gov/,0,,2021-08-04,,search,domain:usda.gov
Department of Agriculture,,USDA-REE-OCS,https://github.com/USDA-REE-OCS,REE: OCS,Office of the Chief Scientist (OCS),https://www.usda.gov/our-agency/staff-offices/office-chief-scientist-ocs,0,,2021-08-04,,search,domain:usda.gov
Department of Agriculture,,USDA-SCINet,https://github.com/USDA-SCINet,REE: SCINet,Scientific Computing Initiative NET,https://scinet.usda.gov/,4,2026-09-25,2022-01-20,,search,domain:usda.gov
Department of Agriculture,,USDA-TFAA-FAS,https://github.com/USDA-TFAA-FAS,FAS,Foreign Agricultural Service,https://www.fas.usda.gov/,0,,2021-08-04,,search,domain:usda.gov
Department of Agriculture,,USDA-VS,https://github.com/USDA-VS,USDA-VS,USDA-Veterinary Services,,12,2026-09-25,2014-11-20,,governments.yml;cms-allowlist;search,domain:usda.gov
Department of Agriculture,,USDAForestService,https://github.com/USDAForestService,USDA Forest Service,"For updating and hosting new repo or other questions, please contact <sm.fs.github_admin@usda.gov>",https://www.fs.usda.gov/,15,2026-09-22,2016-08-30,,governments.yml;cms-allowlist;search,domain:usda.gov
Department of Commerce,National Oceanic and Atmospheric Administration,afsc-gap-products,https://github.com/afsc-gap-products,AFSC GAP Survey Data Products,An organization for tracking and fulfilling data requests by the survey team in the AFSC Groundfish Assessment Program.,https://www.fisheries.noaa.gov/alaska/science-data/groundfish-assessment-program-bottom-trawl-surveys,43,2026-09-25,2021-10-01,,search,domain:noaa.gov
Department of Commerce,National Oceanic and Atmospheric Administration,AOML-Gliders,https://github.com/AOML-Gliders,NOAA Hurricane Glider Project,,https://www.aoml.noaa.gov/phod/goos/gliders/index.php,0,,2020-09-11,,search,domain:noaa.gov
Department of Commerce,National Oceanic and Atmospheric Administration,aomlhrdradar,https://github.com/aomlhrdradar,AOML HRD radar,Official GitHub organization of the AOML HRD radar group. AOML is a federal research laboratory of the National Oceanic and Atmospheric Administration (NOAA).,https://www.aoml.noaa.gov/real-time-doppler-radar/,9,2026-03-16,2021-09-23,,search,domain:noaa.gov
Department of Commerce,National Oceanic and Atmospheric Administration,aomlomics,https://github.com/aomlomics,AOML 'Omics,Official GitHub organization of the AOML 'Omics program. AOML is a federal research laboratory of the National Oceanic and Atmospheric Administration (NOAA).,https://www.aoml.noaa.gov,48,2026-09-25,2020-05-15,,search,domain:noaa.gov
Department of Commerce,National Institute of Standards and Technology,ARIACcode,https://github.com/ARIACcode,ARIAC Code Submissions,ARIAC is a simulation based competition promoting Agility in Industrial Robots. More details can be found at https://www.nist.gov/ariac,https://www.nist.gov/ariac,0,,2020-07-29,,search,domain:nist.gov
Department of Commerce,,BusinessUSA,https://github.com/BusinessUSA,,,,2,2014-11-25,2014-09-26,,governments.yml,override
Department of Commerce,National Institute of Standards and Technology,CoherentRamanNIST,https://github.com/CoherentRamanNIST,NIST Coherent Raman Imaging,,,0,,2014-10-20,,search,domain:nist.gov
Department of Commerce,,CommerceDataService,https://github.com/CommerceDataService,Commerce Data Service,"We're the U.S. Department of Commerce's data research and technology consultancy, focused on advising and building data products in America's Data Agency.",,58,2020-10-01,2015-09-18,,governments.yml;cms-allowlist,override
Department of Commerce,,CommerceGov,https://github.com/CommerceGov,The U.S. Department of Commerce,,https://www.commerce.gov,4,2025-09-08,2013-04-30,,governments.yml;cms-allowlist;search,domain:commerce.gov
Department of Commerce,National Oceanic and Atmospheric Administration,expgfs,https://github.com/expgfs,NOAA/PSL,,,6,2026-06-11,2020-12-14,,search,domain:noaa.gov
Department of Commerce,National Oceanic and Atmospheric Administration,HABF-SDI-NCCOS-NOAA,https://github.com/HABF-SDI-NCCOS-NOAA,NCCOS HAB Forecasting Branch,NOAA's National Centers for Coastal Ocean Science (NCCOS). Delivering ecosystem science solutions to sustain coastal communities and economies.,https://coastalscience.noaa.gov/,4,2026-07-23,2023-04-07,,search,domain:noaa.gov
Department of Commerce,National Institute of Standards and Technology,ImportantFederalAgency,https://github.com/ImportantFederalAgency,Important Federal Agency,An imaginary federal agency that has wisely chosen to adopt OSCAL. :-),https://pages.nist.gov/OSCAL,2,2023-08-10,2022-02-27,,search,domain:nist.gov
Department of Commerce,National Institute of Standards and Technology,ImportantFederalAgencyTest,https://github.com/ImportantFederalAgencyTest,Important Federal Agency (Test),An imaginary federal agency that has wisely chosen to adopt OSCAL. :-),https://pages.nist.gov/OSCAL,5,2023-09-27,2022-02-22,,search,domain:nist.gov
Department of Commerce,National Oceanic and Atmospheric Administration,ioos,https://github.com/ioos,US Integrated Ocean Observing System,"Software, tools, and technical documentation supporting IOOS Data Management and Cyberinfrastructure (DMAC).",http://ioos.github.io,138,2026-09-25,2013-08-26,,governments.yml;cms-allowlist,domain:noaa.gov
Department of Commerce,National Oceanic and Atmospheric Administration,jpss-nodd,https://github.com/jpss-nodd,JPSS NOAA Open Data,"For any questions regarding data delivery or any general questions regarding the NOAA Open Data Dissemination (NODD) Program, email the NODD Team at nodd@noaa.g",https://www.noaa.gov/information-technology/open-data-dissemination,1,2023-10-18,2023-08-29,,search,domain:noaa.gov
Department of Commerce,National Oceanic and Atmospheric Administration,MARVLS,https://github.com/MARVLS,MARVLS-NOAA,,,2,2025-04-15,2022-07-16,,search,domain:noaa.gov
Department of Commerce,National Oceanic and Atmospheric Administration,MSE-NCCOS-NOAA,https://github.com/MSE-NCCOS-NOAA,Marine Spatial Ecology Division (MSE),NOAA's National Centers for Coastal Ocean Science (NCCOS). Delivering ecosystem science solutions to sustain coastal communities and economies.,https://coastalscience.noaa.gov/,8,2026-08-14,2022-10-12,,search,domain:noaa.gov
Department of Commerce,National Oceanic and Atmospheric Administration,NEFSC,https://github.com/NEFSC,Northeast Fisheries Science Center,NEFSC's Repositories,,134,2026-09-25,2020-07-21,,search,domain:noaa.gov
Department of Commerce,National Oceanic and Atmospheric Administration,NESII,https://github.com/NESII,NESII,NOAA Environmental Software Infrastructure & Interoperability Group,http://www.esrl.noaa.gov/nesii/,48,2021-11-30,2014-12-03,,governments.yml;cms-allowlist;search,domain:noaa.gov
Department of Commerce,National Institute of Standards and Technology,NIST-BWS,https://github.com/NIST-BWS,NIST Biometric Web Services,All repositories have been transferred to the USNISTGOV organization. This organization is archived for historical integrity of links.,http://bws.nist.gov/,1,2025-03-12,2013-03-05,,search,domain:nist.gov
Department of Commerce,National Institute of Standards and Technology,nist-emntg,https://github.com/nist-emntg,NIST Emerging & Mobile Network Technologies Group,,http://www.nist.gov/itl/antd/emntg/,12,2017-12-28,2013-11-14,,search,domain:nist.gov
Department of Commerce,National Institute of Standards and Technology,nist-ionstorage,https://github.com/nist-ionstorage,NIST Ion Storage Group,,http://www.nist.gov/pml/div688/grp10/index.cfm,7,2017-10-11,2014-05-17,,search,domain:nist.gov
Department of Commerce,National Institute of Standards and Technology,NIST-ISG,https://github.com/NIST-ISG,NIST Information System Group,,https://isg.nist.gov,11,2017-08-08,2013-09-03,,search,domain:nist.gov
Department of Commerce,National Institute of Standards and Technology,NIST-ISODB,https://github.com/NIST-ISODB,NIST Adsorption Data Resources,Tools to support the NIST Adsorption Isotherm Database and Adsorbent Materials Registry,http://adsorption.nist.gov,5,2026-09-19,2020-09-24,,search,domain:nist.gov
Department of Commerce,National Oceanic and Atmospheric Administration,nmfs-mlcv,https://github.com/nmfs-mlcv,NOAA Fisheries Machine Learning & Computer Vision,,,1,2019-05-14,2019-05-14,,search,domain:noaa.gov
Department of Commerce,National Oceanic and Atmospheric Administration,nmfs-ost,https://github.com/nmfs-ost,Office of Science & Technology at NOAA Fisheries,"Providing the science behind how we manage sustainable fisheries, protected species, and healthy ecosystems.",https://www.fisheries.noaa.gov/about/office-science-and-technology,103,2026-09-25,2020-10-13,,search,domain:noaa.gov
Department of Commerce,National Oceanic and Atmospheric Administration,NMFS-SEFSC,https://github.com/NMFS-SEFSC,"NOAA Fisheries, Southeast Fisheries Science Center",,https://www.fisheries.noaa.gov/about/southeast-fisheries-science-center,0,,2020-05-05,,search,domain:noaa.gov
Department of Commerce,National Oceanic and Atmospheric Administration,NMML,https://github.com/NMML,NOAA Fisheries AFSC Marine Mammal Lab,"Marine Mammal Laboratory science developers at the NOAA Fisheries Alaska Fisheries Science Center in Seattle, WA",https://www.fisheries.noaa.gov/about/marine-mammal-laboratory,22,2026-02-25,2011-06-23,,governments.yml;cms-allowlist;search,domain:noaa.gov
Department of Commerce,National Oceanic and Atmospheric Administration,noaa-akro,https://github.com/noaa-akro,Alaska Regional Office,,https://www.fisheries.noaa.gov/about/alaska-regional-office,2,2026-09-14,2024-03-13,,search,domain:noaa.gov
Department of Commerce,National Oceanic and Atmospheric Administration,NOAA-AOML,https://github.com/NOAA-AOML,Atlantic Oceanographic and Meteorological Laboratory,AOML is a federal research laboratory of the National Oceanic and Atmospheric Administration (NOAA) with diverse research programs in ocean sciences.,https://www.aoml.noaa.gov,15,2025-03-26,2018-03-15,,search,domain:noaa.gov
Department of Commerce,National Oceanic and Atmospheric Administration,NOAA-Big-Data-Program,https://github.com/NOAA-Big-Data-Program,NOAA Open Data Dissemination (NODD),,https://www.noaa.gov/nodd,4,2025-03-06,2021-11-01,,search,domain:noaa.gov
Department of Commerce,National Oceanic and Atmospheric Administration,NOAA-CEFI-Portal,https://github.com/NOAA-CEFI-Portal,NOAA Changing Ecosystems and Fisheries Portal,This is the location of all the repositories for the Changing Ecosystems and Fisheries Portal.,https://psl.noaa.gov/cefi_portal/,9,2026-06-19,2024-06-07,,search,domain:noaa.gov
Department of Commerce,National Oceanic and Atmospheric Administration,NOAA-CEFI-Regional-Ocean-Modeling,https://github.com/NOAA-CEFI-Regional-Ocean-Modeling,NOAA CEFI Regional Ocean Modeling,"The NOAA Climate, Ecosystems and Fisheries Initiative (CEFI) develops a nation-wide ocean modeling to support the coastal ecosystem management","https://www.fisheries.noaa.gov/topic/climate-change/climate,-ecosystems,-and-fisheries",10,2026-09-17,2023-12-07,,search,domain:noaa.gov
Department of Commerce,National Oceanic and Atmospheric Administration,NOAA-Central-Library-NCL,https://github.com/NOAA-Central-Library-NCL,NOAA Library,NOAA Library's mission is to support and further NOAA’s mission of promoting global environmental stewardship.,https://library.noaa.gov/,3,2026-09-01,2020-07-07,,search,domain:noaa.gov
Department of Commerce,National Oceanic and Atmospheric Administration,NOAA-Cloud,https://github.com/NOAA-Cloud,NOAA Cloud,Collaboration space in support of the enterprise cloud initiatives,https://research.noaa.gov,0,,2020-10-29,,search,domain:noaa.gov
Department of Commerce,National Oceanic and Atmospheric Administration,NOAA-CO-OPS,https://github.com/NOAA-CO-OPS,NOAA - Center for Operational Oceanographic Products and Services,,https://tidesandcurrents.noaa.gov/,13,2026-09-25,2020-04-09,,search,domain:noaa.gov
Department of Commerce,National Oceanic and Atmospheric Administration,NOAA-CSL,https://github.com/NOAA-CSL,NOAA - Chemical Sciences Laboratory,Advancing our understanding of atmospheric composition,https://csl.noaa.gov,7,2026-04-23,2016-11-10,yes,search,domain:noaa.gov
Department of Commerce,National Oceanic and Atmospheric Administration,NOAA-EDAB,https://github.com/NOAA-EDAB,Ecosystem Dynamics and Assessment Branch,Code depot and project planning for NOAA/NEFSC/READ/EDAB,https://www.nefsc.noaa.gov/ecosys/,69,2026-09-25,2018-04-09,,search,domain:noaa.gov
Department of Commerce,National Oceanic and Atmospheric Administration,NOAA-EMC,https://github.com/NOAA-EMC,NOAA Environmental Modeling Center (EMC),We develop numerical forecast systems and enhance numerical forecasts through numerical computational technology and data assimilation techniques.,http://www.emc.ncep.noaa.gov/,254,2026-09-25,2018-03-26,,search,domain:noaa.gov
Department of Commerce,,NOAA-EPIC,https://github.com/NOAA-EPIC,NOAA Earth Prediction Innovation Center,,,128,2026-09-18,2022-02-10,,governments.yml;cms-allowlist,override
Department of Commerce,National Oceanic and Atmospheric Administration,NOAA-FEAT,https://github.com/NOAA-FEAT,NOAA-FEAT,Fisheries Engineering and Acoustic Technologies team at NOAA Fisheries NWFSC,https://www.fisheries.noaa.gov/west-coast/sustainable-fisheries/fisheries-engineering-and-acoustic-technologies-team,5,2025-03-14,2021-09-22,,search,domain:noaa.gov
Department of Commerce,National Oceanic and Atmospheric Administration,noaa-fisheries-integrated-toolbox,https://github.com/noaa-fisheries-integrated-toolbox,NOAA Fisheries Integrated Toolbox,GitHub Organization to manage the NOAA FIT,,3,2026-09-17,2019-04-25,,search,domain:noaa.gov
Department of Commerce,National Oceanic and Atmospheric Administration,NOAA-Fisheries-OST-ST1,https://github.com/NOAA-Fisheries-OST-ST1,NOAA Fisheries Office of Science and Technology-Fisheries Statistics Division,,https://www.fisheries.noaa.gov/about/office-science-and-technology,2,2020-04-27,2020-03-19,,search,domain:noaa.gov
Department of Commerce,National Oceanic and Atmospheric Administration,NOAA-GFDL,https://github.com/NOAA-GFDL,NOAA - Geophysical Fluid Dynamics Laboratory,"U.S Department of Commerce, National Oceanic and Atmospheric Administration",www.gfdl.noaa.gov,78,2026-09-25,2015-02-26,yes,governments.yml;cms-allowlist;search,domain:noaa.gov
Department of Commerce,National Oceanic and Atmospheric Administration,NOAA-GLERL,https://github.com/NOAA-GLERL,Great Lakes Environmental Research Laboratory (GLERL),"NOAA/GLERL conducts research to advance observation, modeling, understanding, and prediction of the Great Lakes.",https://www.glerl.noaa.gov/,12,2026-09-08,2018-12-12,,search,domain:noaa.gov
Department of Commerce,National Oceanic and Atmospheric Administration,noaa-gml,https://github.com/noaa-gml,NOAA Global Monitoring Laboratory,Taking the Pulse of the Planet,https://gml.noaa.gov,9,2026-08-13,2023-01-12,,search,domain:noaa.gov
Department of Commerce,National Oceanic and Atmospheric Administration,NOAA-GSD,https://github.com/NOAA-GSD,NOAA/OAR/Global Systems Laboratory,----->> We have moved to GitHub/NOAA-GSL <<-----,https://gsl.noaa.gov,0,,2017-11-16,,search,domain:noaa.gov
Department of Commerce,National Oceanic and Atmospheric Administration,NOAA-GSL,https://github.com/NOAA-GSL,NOAA Global Systems Laboratory,Forecast systems that deliver solutions,gsl.noaa.gov,129,2026-09-25,2020-10-01,,cms-allowlist;search,domain:noaa.gov
Department of Commerce,National Oceanic and Atmospheric Administration,noaa-iea,https://github.com/noaa-iea,NOAA-IEA,NOAA Integrated Ecosystem Assessment,https://www.integratedecosystemassessment.noaa.gov,19,2026-06-29,2021-04-14,,search,domain:noaa.gov
Department of Commerce,National Oceanic and Atmospheric Administration,NOAA-MDL,https://github.com/NOAA-MDL,NOAA Meteorological Development Laboratory (MDL),"MDL develops and transitions interpretive model guidance, decision support applications and digital forecast services.",https://www.weather.gov/mdl,13,2026-09-23,2019-10-30,,search,domain:weather.gov
Department of Commerce,National Oceanic and Atmospheric Administration,NOAA-National-Severe-Storms-Laboratory,https://github.com/NOAA-National-Severe-Storms-Laboratory,NSSL National Severe Storms Laboratory,"Advancing the science of severe weather through innovative research, cutting-edge technology, and open collaboration",https://www.nssl.noaa.gov/,29,2026-09-25,2021-08-11,,search,domain:noaa.gov
Department of Commerce,National Oceanic and Atmospheric Administration,noaa-ncai,https://github.com/noaa-ncai,NOAA Center for Artificial Intelligence,Exploring the AI & Machine Learning needs and capabilities of the NOAA community.,https://www.noaa.gov/noaa-center-for-artificial-intelligence,2,2026-05-21,2023-09-15,,search,domain:noaa.gov
Department of Commerce,National Oceanic and Atmospheric Administration,NOAA-NCCOS,https://github.com/NOAA-NCCOS,NOAA-NCCOS,,https://coastalscience.noaa.gov,0,,2024-08-26,,search,domain:noaa.gov
Department of Commerce,National Oceanic and Atmospheric Administration,noaa-ngs,https://github.com/noaa-ngs,NOAA/NOS/National Geodetic Survey,NOAA’s National Geodetic Survey (NGS) provides the framework for all positioning activities in the Nation.,https://geodesy.noaa.gov/,9,2026-08-03,2021-04-07,,search,domain:noaa.gov
Department of Commerce,National Oceanic and Atmospheric Administration,noaa-nowcoast,https://github.com/noaa-nowcoast,NOAA nowCOAST Project,"A software framework for the ingest, visualization, and dissemination of NOAA's geospatial datasets",https://nowcoast.noaa.gov,0,,2019-08-09,,search,domain:noaa.gov
Department of Commerce,National Oceanic and Atmospheric Administration,noaa-nwfsc,https://github.com/noaa-nwfsc,Northwest Fisheries Science Center,NWFSC's Repositories,https://www.fisheries.noaa.gov/about/northwest-fisheries-science-center,44,2026-09-25,2021-03-12,,cms-allowlist;search,domain:noaa.gov
Department of Commerce,National Oceanic and Atmospheric Administration,NOAA-NWRFC,https://github.com/NOAA-NWRFC,NOAA/NWS Northwest River Forecast Center (NWRFC),Providing water resource forecasts and guidance to protect lives and property and enhance the economy in the Pacific Northwest,https://www.nwrfc.noaa.gov/rfc/,4,2026-09-21,2025-04-11,,search,domain:noaa.gov
Department of Commerce,National Oceanic and Atmospheric Administration,noaa-nws-cpc,https://github.com/noaa-nws-cpc,Climate Prediction Center (DOC/NOAA/NWS/NCEP),,http://www.cpc.ncep.noaa.gov,20,2024-08-15,2017-09-20,,cms-allowlist;search,domain:noaa.gov
Department of Commerce,National Oceanic and Atmospheric Administration,NOAA-NWSBMX,https://github.com/NOAA-NWSBMX,"National Weather Service Forecast Office Birmingham, AL",,https://www.weather.gov/bmx,0,,2026-09-13,,search,domain:weather.gov
Department of Commerce,National Oceanic and Atmospheric Administration,noaa-oar-arl,https://github.com/noaa-oar-arl,NOAA Air Resources Laboratory,ARL conducts research to improve the ability of the Nation to protect human and ecosystem health and to support a vibrant economy.,https://www.arl.noaa.gov,62,2026-09-25,2016-08-08,,cms-allowlist;search,domain:noaa.gov
Department of Commerce,National Oceanic and Atmospheric Administration,NOAA-OAR-ITMO,https://github.com/NOAA-OAR-ITMO,NOAA Research IT Management Office,Organization for repositories managed by OAR ITMO,https://research.noaa.gov,0,,2020-07-27,yes,search,domain:noaa.gov
Department of Commerce,National Oceanic and Atmospheric Administration,NOAA-OAR-OER,https://github.com/NOAA-OAR-OER,NOAA Office of Ocean Exploration and Research,The NOAA Office of Ocean Exploration and Research (OER) is the only federal organization dedicated to exploring the global ocean.,https://oceanexplorer.noaa.gov/,4,2021-09-01,2020-09-17,,search,domain:noaa.gov
Department of Commerce,National Oceanic and Atmospheric Administration,NOAA-OAR-PSL,https://github.com/NOAA-OAR-PSL,NOAA Physical Sciences Laboratory,,https://psl.noaa.gov,0,,2024-08-02,,search,domain:noaa.gov
Department of Commerce,National Oceanic and Atmospheric Administration,NOAA-OceanExploration,https://github.com/NOAA-OceanExploration,NOAA Ocean Exploration,Exploring the ocean for national benefit.,https://oceanexplorer.noaa.gov,12,2025-05-30,2022-07-20,,search,domain:noaa.gov
Department of Commerce,National Oceanic and Atmospheric Administration,NOAA-OCM,https://github.com/NOAA-OCM,NOAA - Office for Coastal Management,,https://coast.noaa.gov/,8,2026-07-23,2016-07-14,,search,domain:noaa.gov
Department of Commerce,National Oceanic and Atmospheric Administration,noaa-ocs,https://github.com/noaa-ocs,NOAA / NOS / Office of Coast Survey,The Nation's Nautical Chartmaker,https://nauticalcharts.noaa.gov/,1,2020-09-23,2019-06-07,,search,domain:noaa.gov
Department of Commerce,,noaa-ocs-hydrography,https://github.com/noaa-ocs-hydrography,NOAA OCS Hydrography,Code in support of hydrography,https://github.com/noaa-ocs/OCS-Affiliated-Projects,21,2026-09-25,2020-09-23,,cms-allowlist,override
Department of Commerce,National Oceanic and Atmospheric Administration,NOAA-Omics,https://github.com/NOAA-Omics,NOAA 'Omics,GitHub for NOAA 'Omics Program,https://oceanexplorer.noaa.gov/technology/omics/noaa-omics.html,5,2026-08-17,2023-08-04,,search,domain:noaa.gov
Department of Commerce,National Oceanic and Atmospheric Administration,noaa-onms,https://github.com/noaa-onms,NOAA-ONMS,NOAA Office of National Marine Sanctuaries,https://sanctuaries.noaa.gov,18,2026-06-29,2021-04-14,,search,domain:noaa.gov
Department of Commerce,National Oceanic and Atmospheric Administration,NOAA-ORR-ERD,https://github.com/NOAA-ORR-ERD,NOAA-ORR-ERD,,response.restoration.noaa.gov,55,2026-09-23,2013-06-24,,governments.yml;cms-allowlist;search,domain:noaa.gov
Department of Commerce,National Oceanic and Atmospheric Administration,NOAA-OWP,https://github.com/NOAA-OWP,NOAA/NWS Office of Water Prediction (OWP),OWP is dedicated to addressing our water challenges and fulfilling the vision of a Weather-and-Water Ready Nation.,https://water.noaa.gov,96,2026-09-26,2020-02-04,,cms-allowlist;search,domain:noaa.gov
Department of Commerce,National Oceanic and Atmospheric Administration,noaa-pifsc,https://github.com/noaa-pifsc,Pacific Islands Fisheries Science Center,The Pacific Islands Fisheries Science Center conducts research that supports the conservation and management of fisheries and living marine resources.,https://www.fisheries.noaa.gov/about/pacific-islands-fisheries-science-center,78,2026-09-25,2021-03-12,,search,domain:noaa.gov
Department of Commerce,National Oceanic and Atmospheric Administration,NOAA-PIRO,https://github.com/NOAA-PIRO,Pacific Islands Regional Office,,https://www.fisheries.noaa.gov/about/pacific-islands-regional-office,0,,2023-09-07,,search,domain:noaa.gov
Department of Commerce,National Oceanic and Atmospheric Administration,NOAA-PMEL,https://github.com/NOAA-PMEL,Pacific Marine Environmental Laboratory,"NOAA/PMEL conducts research to advance our knowledge of the global ocean and its interactions with the earth, atmosphere and ecosystems.",http://www.pmel.noaa.gov,145,2026-09-25,2015-12-22,,governments.yml;cms-allowlist;search,domain:noaa.gov
Department of Commerce,National Oceanic and Atmospheric Administration,NOAA-PSL,https://github.com/NOAA-PSL,NOAA/OAR/ESRL Physical Sciences Laboratory,"The NOAA Physical Sciences Lab (PSL) conducts research to improve observations, understanding, modeling and predictions.",https://www.esrl.noaa.gov/psl,86,2026-09-25,2019-03-18,,search,domain:noaa.gov
Department of Commerce,National Oceanic and Atmospheric Administration,NOAA-RDHPCS,https://github.com/NOAA-RDHPCS,NOAA’s Research and Development HPC System,"U.S Department of Commerce, National Oceanic and Atmospheric Administration",https://www.noaa.gov/information-technology/hpcc,3,2026-09-23,2022-11-23,,search,domain:noaa.gov
Department of Commerce,National Oceanic and Atmospheric Administration,NOAA-STAR,https://github.com/NOAA-STAR,NOAA/NESDIS Center for Satellite Applications and Research,,http://www.star.nesdis.noaa.gov/,10,2026-09-08,2021-09-07,,search,domain:noaa.gov
Department of Commerce,National Oceanic and Atmospheric Administration,NOAAGov,https://github.com/NOAAGov,National Oceanic and Atmospheric Administration,"The Official NOAA Github. NOAA provides science, service and stewardship to protect life and property, and conserve/protect the Earth's natural resources.",http://www.noaa.gov/,2,2026-01-30,2017-10-19,,search,domain:noaa.gov
Department of Commerce,National Telecommunications and Information Administration,NTIA,https://github.com/NTIA,Code from NTIA,Code produced by NTIA including OSM and ITS. ITS website available at https://its.ntia.gov,https://www.ntia.gov,48,2026-09-25,2014-02-20,yes,governments.yml;cms-allowlist;search,domain:ntia.gov
Department of Commerce,National Oceanic and Atmospheric Administration,nwfsc-fram,https://github.com/nwfsc-fram,NWFSC/FRAM,Northwest Fisheries Science Center (NWFSC) / Fishery Resource Analysis and Monitoring (FRAM) Division,https://www.nwfsc.noaa.gov/,17,2026-03-12,2014-11-20,,search,domain:noaa.gov
Department of Commerce,National Oceanic and Atmospheric Administration,NWFSC-OA-lab,https://github.com/NWFSC-OA-lab,NOAA Northwest Fisheries Science Center Ocean Acidification Lab,,,18,2025-04-24,2021-06-11,,search,domain:noaa.gov
Department of Commerce,National Oceanic and Atmospheric Administration,NWFSC-SDM,https://github.com/NWFSC-SDM,NWFSC/SDM,NOAA Fisheries Northwest Science Center/Scientific Data Management,https://www.webapps.nwfsc.noaa.gov/apex/f?p=2725,1,2019-08-26,2019-08-26,,search,domain:noaa.gov
Department of Commerce,National Oceanic and Atmospheric Administration,OAR-CPO,https://github.com/OAR-CPO,NOAA OAR CPO,Repo for Climate Resilience Information System,,1,2024-09-18,2024-09-18,,search,domain:noaa.gov
Department of Commerce,National Oceanic and Atmospheric Administration,oar-ncei-nidis,https://github.com/oar-ncei-nidis,NOAA National Integrated Drought Information System (NIDIS),NOAA NIDIS Program,https://cpo.noaa.gov/national-integrated-drought-information-system/,0,,2024-10-04,,search,domain:noaa.gov
Department of Commerce,National Oceanic and Atmospheric Administration,ocean-satellite-tools,https://github.com/ocean-satellite-tools,"NOAA Fisheries Satellites, Remote Sensing and Imagery Code Share",Various repositories and material to teach users how to access and visualize ocean remote sensing data products and other spatial data.,,15,2026-07-23,2019-05-15,,search,domain:noaa.gov
Department of Commerce,National Oceanic and Atmospheric Administration,ocm-digitalcoast,https://github.com/ocm-digitalcoast,OCM DigitalCoast,Code Repositories for NOAA OCM DigitalCoast Project,https://coast.noaa.gov/digitalcoast/,0,,2023-03-22,,search,domain:noaa.gov
Department of Commerce,National Oceanic and Atmospheric Administration,PIFSC-Protected-Species-Division,https://github.com/PIFSC-Protected-Species-Division,NOAA Fisheries PIFSC Protected Species Division,,https://www.fisheries.noaa.gov/pacific-islands/science-data/providing-science-protect-marine-species,22,2026-09-24,2022-11-09,,search,domain:noaa.gov
Department of Commerce,National Oceanic and Atmospheric Administration,polarwatch,https://github.com/polarwatch,NOAA CoastWatch-PolarWatch,,https://polarwatch.noaa.gov/,9,2026-09-25,2023-01-26,,search,domain:noaa.gov
Department of Commerce,National Oceanic and Atmospheric Administration,RWorkflow-Workshops,https://github.com/RWorkflow-Workshops,RWorkflow-Workshops,NMFS R Workflow Workshops,https://rverse-tutorials.github.io,12,2023-06-09,2021-05-22,,search,domain:noaa.gov
Department of Commerce,,SelectUSA,https://github.com/SelectUSA,,,,7,2019-12-18,2015-01-23,,governments.yml,override
Department of Commerce,National Oceanic and Atmospheric Administration,us-amlr,https://github.com/us-amlr,U.S. Antarctic Marine Living Resources Program,NOAA Fisheries U.S. AMLR Program,https://www.fisheries.noaa.gov/about/antarctic-ecosystem-research-division-southwest-fisheries-science-center,13,2026-08-05,2021-06-09,,search,domain:noaa.gov
Department of Commerce,Bureau of Economic Analysis,us-bea,https://github.com/us-bea,U.S. Bureau of Economic Analysis,,http://www.bea.gov,8,2026-03-26,2016-07-13,,governments.yml;cms-allowlist;search,domain:bea.gov
Department of Commerce,Bureau of the Census,uscensusbureau,https://github.com/uscensusbureau,US Census Bureau,,https://www.census.gov,41,2026-09-22,2014-12-18,,governments.yml;cms-allowlist;search,domain:census.gov
Department of Commerce,,USEDA,https://github.com/USEDA,,,,1,2017-11-17,2015-06-30,,governments.yml,override
Department of Commerce,National Institute of Standards and Technology,usnistgov,https://github.com/usnistgov,National Institute of Standards and Technology,Department of Commerce,https://www.nist.gov,1441,2026-09-25,2013-08-28,,cms-allowlist;search,domain:nist.gov
Department of Commerce,U.S. Patent and Trademark Office,USPTO,https://github.com/USPTO,U.S. Patent and Trademark Office,Department of Commerce,http://www.uspto.gov,0,,2014-10-06,,governments.yml;cms-allowlist;search,domain:uspto.gov
Department of Commerce,National Oceanic and Atmospheric Administration,weather-gov,https://github.com/weather-gov,weather.gov,NOAA's National Weather Service,https://weather.gov/,2,2026-09-25,2019-04-29,yes,governments.yml;cms-allowlist;search,domain:weather.gov
Department of Commerce,Bureau of the Census,XDgov,https://github.com/XDgov,xD | U.S. Census Bureau,Advancing the delivery of data-driven services through new and transformative emerging technologies.,https://www.xd.gov/,22,2025-12-05,2017-04-18,,governments.yml;cms-allowlist;search,domain:xd.gov
Department of Defense,,309thEDDGE,https://github.com/309thEDDGE,USAF EDDGE Advanced Development,,,14,2026-09-15,2022-10-31,,search,domain:us.af.mil
Department of Defense,,act3-ace,https://github.com/act3-ace,Autonomy Capability Team 3,https://www.afrl.af.mil/ACT3/,https://www.afrl.af.mil/ACT3/,18,2026-07-03,2019-09-06,,cms-allowlist;search,domain:afrl.af.mil
Department of Defense,Defense Human Resources Activity,ADL-AICC,https://github.com/ADL-AICC,ADL-AICC,AICC to ADL Transition,http://adlnet.gov,3,2017-01-20,2014-11-14,,governments.yml;cms-allowlist,domain:adlnet.gov
Department of Defense,Defense Human Resources Activity,adlnet,https://github.com/adlnet,Advanced Digital Learning (ADL) Initiative,Official organization account for Advanced Digital Learning.,https://www.adlnet.gov,106,2026-06-11,2011-12-12,yes,governments.yml;cms-allowlist,domain:adlnet.gov
Department of Defense,Defense Human Resources Activity,adlnet-archive,https://github.com/adlnet-archive,ADL Archive Repository,Collection of ADL projects that are no longer maintained but still hold historical significance.,http://www.adlnet.gov,60,2021-06-01,2015-10-06,,cms-allowlist,domain:adlnet.gov
Department of Defense,,afrl,https://github.com/afrl,AFRL,Air Force Research Laboratory,https://afresearchlab.com,0,,2014-04-10,,governments.yml;cms-allowlist,override
Department of Defense,,AFRL-ARES,https://github.com/AFRL-ARES,AFRL-ARES,The ARES research group at Air Force Research Labs.,,23,2026-09-24,2021-02-25,,search,domain:us.af.mil
Department of Defense,,afrl-quantum,https://github.com/afrl-quantum,AFRL Quantum,Air Force Research Laboratory Quantum Research,,14,2025-07-07,2018-03-20,,search,domain:us.af.mil
Department of Defense,,afrl-ri,https://github.com/afrl-ri,AFRL/RI,,https://www.afrl.af.mil/RI/,5,2024-04-04,2019-07-23,,search,domain:afrl.af.mil
Department of Defense,,AFRLRI,https://github.com/AFRLRI,AFRL RI,"Explore, prototype and demonstrate high-impact, game changing technologies that enable the Air Force and Nation to maintain its superior technical advantage.",https://www.wpafb.af.mil/afrl/ri/,0,,2019-12-04,,search,domain:wpafb.af.mil
Department of Defense,,afseo,https://github.com/afseo,Air Force SEEK EAGLE Office,,,1,2015-03-05,2015-02-23,,governments.yml,override
Department of Defense,,Army-National-Guard,https://github.com/Army-National-Guard,Army National Guard,Army National Guard Innovation Project,https://innovatedefense.net/ngb,5,2022-04-29,2020-02-15,,search,domain:mail.mil
Department of Defense,,BDRD-Genomics,https://github.com/BDRD-Genomics,Naval Medical Research Command Biological Defense Research Directorate Genomics and Bioinformatics Department,,https://www.med.navy.mil/Naval-Medical-Research-Command/,6,2026-09-25,2018-02-26,,search,domain:med.navy.mil
Department of Defense,,BSO39-NAVWAR,https://github.com/BSO39-NAVWAR,BSO 39 NAVWAR - Naval Information Warfare Systems Command,Including NIWC LANT & NIWC PAC,,0,,2021-08-10,,search,domain:us.navy.mil
Department of Defense,,Code-dot-mil,https://github.com/Code-dot-mil,Code.mil,Open sourcing the DoD,https://Code.mil,11,2026-08-14,2018-03-05,yes,governments.yml;cms-allowlist;search,domain:code.mil
Department of Defense,,CRREL,https://github.com/CRREL,Cold Regions Research & Engineering Lab,,,25,2026-08-28,2011-08-29,,governments.yml,override
Department of Defense,,CyberGrandChallenge,https://github.com/CyberGrandChallenge,DARPA Cyber Grand Challenge,Event Corpus available at http://www.lungetech.com/cgc-corpus/,http://cybergrandchallenge.com,26,2018-06-06,2014-04-10,,search,domain:darpa.mil
Department of Defense,,DARPA-ASKE,https://github.com/DARPA-ASKE,DARPA ASKE Program,The ASKE program is developing technology to automate some of the manual processes of scientific knowledge discovery.,https://www.darpa.mil/program/automating-scientific-knowledge-extraction,3,2021-09-24,2018-12-12,,search,domain:darpa.mil
Department of Defense,,DARPA-ASKEM,https://github.com/DARPA-ASKEM,Uncharted ASKEM,Repositories for the Terarium work under the DARPA ASKEM program.,https://www.darpa.mil/research/programs/automating-scientific-knowledge-extraction-modeling,47,2026-04-27,2022-07-20,,search,domain:darpa.mil
Department of Defense,,darpa-open-catalog,https://github.com/darpa-open-catalog,darpa-open-catalog,,http://www.darpa.mil/opencatalog/,0,,2014-04-04,,search,domain:darpa.mil
Department of Defense,,DARPA-TRACTOR-Program,https://github.com/DARPA-TRACTOR-Program,DARPA TRACTOR Program,The TRACTOR program aims to automate the translation of legacy C code to Rust.,https://www.darpa.mil/research/programs/translating-all-c-to-rust,5,2026-09-14,2025-06-05,,search,domain:darpa.mil
Department of Defense,,darpamemex,https://github.com/darpamemex,DARPA Memex,,,0,,2017-03-08,,search,domain:darpa.mil
Department of Defense,,deptofdefense,https://github.com/deptofdefense,U.S. Dept of Defense,Defense Digital Service,https://dds.mil,63,2024-10-18,2015-07-04,yes,governments.yml;cms-allowlist,domain:dds.mil
Department of Defense,,dod-advana,https://github.com/dod-advana,Advana,,https://www.linkedin.com/company/dod-advana/,14,2026-01-27,2021-04-07,,search,domain:mail.mil
Department of Defense,,dod-ccpo,https://github.com/dod-ccpo,Hosting and Compute Center - DISA,,https://www.hacc.mil,20,2025-06-17,2018-04-04,,search,domain:hacc.mil
Department of Defense,,dod-cyber-crime-center,https://github.com/dod-cyber-crime-center,DoD Cyber Crime Center (DC3),,www.dc3.mil,16,2026-07-17,2013-07-11,,governments.yml;cms-allowlist;search,domain:dc3.mil
Department of Defense,,dod-dtic,https://github.com/dod-dtic,Defense Technical Information Center,Official organizational account for the Defense Technical Information Center,https://discover.dtic.mil,1,2026-01-24,2018-04-04,,search,domain:discover.dtic.mil
Department of Defense,,dod-iac,https://github.com/dod-iac,DOD Infrastructure as Code,DOD Infrastructure as Code,https://dds.mil,101,2024-11-03,2020-04-13,,search,domain:dds.mil
Department of Defense,,DoD-Platform-One,https://github.com/DoD-Platform-One,DoD Platform One — Big Bang,"Big Bang is a declarative, continuous delivery tool for deploying Department of Defense (DoD) hardened and approved packages into a Kubernetes cluster.",https://p1.dso.mil/bigbang,97,2026-09-25,2020-10-02,,search,domain:p1.dso.mil
Department of Defense,Defense Media Activity,DoDCIO,https://github.com/DoDCIO,Office of the DoD CIO,,http://dodcio.defense.gov/,4,2021-02-13,2017-03-06,,governments.yml;cms-allowlist;search,domain:defense.gov
Department of Defense,,erdc,https://github.com/erdc,US Army Engineer Research and Development Center,DISCOVER | DEVELOP | DELIVER,http://www.erdc.usace.army.mil,152,2026-09-24,2011-02-14,,governments.yml;cms-allowlist;search,domain:erdc.usace.army.mil
Department of Defense,,erdc-itl,https://github.com/erdc-itl,ERDC ITL,"Engineer Research and Development Center, Information Technology Laboratory",http://www.erdc.usace.army.mil/,4,2016-01-19,2015-10-16,,governments.yml;cms-allowlist,domain:erdc.usace.army.mil
Department of Defense,National Security Agency,iadgov,https://github.com/iadgov,NSA Cybersecurity Directorate,NSA Information Assurance is now NSA Cybersecurity Directorate,https://www.nsa.gov/cybersecurity,1,2018-07-17,2018-05-11,,governments.yml;cms-allowlist,domain:nsa.gov
Department of Defense,Defense Media Activity,Imperial-Air-Force-of-US-Space-Force-Co,https://github.com/Imperial-Air-Force-of-US-Space-Force-Co,Imperial Air Force of United States Space Force Co,Imperial Government of Galactic Empire,https://www.defense.gov,0,,2020-12-03,,search,domain:defense.gov
Department of Defense,,M-O-S-E-S,https://github.com/M-O-S-E-S,MOSES,,militarymetaverse.org,16,2017-04-10,2014-02-19,,governments.yml,override
Department of Defense,,MAMC-DCI,https://github.com/MAMC-DCI,Madigan Army Medical Center,Madigan Army Medical Center,https://www.mamc.health.mil/research/clinical-investigation/default.aspx,4,2023-12-14,2018-09-25,,search,domain:mamc.health.mil
Department of Defense,,missioncommand,https://github.com/missioncommand,Mission Command,,https://missioncommand.github.io/,13,2026-09-24,2013-11-14,,governments.yml,override
Department of Defense,,mrsi-cerl,https://github.com/mrsi-cerl,"MILCON Requirements, Standardization, and Integration Team",Develop MILCON solutions for DoD,https://mrsi.erdc.dren.mil,1,2026-09-25,2019-06-06,,search,domain:mrsi.erdc.dren.mil
Department of Defense,,NationalGuard,https://github.com/NationalGuard,National Guard,,https://www.nationalguard.mil,0,,2022-03-29,,governments.yml;cms-allowlist,domain:nationalguard.mil
Department of Defense,National Security Agency,NationalSecurityAgency,https://github.com/NationalSecurityAgency,National Security Agency,Official organization account for the National Security Agency (NSA),https://www.nsa.gov/,89,2026-09-25,2015-03-03,,governments.yml;cms-allowlist,domain:nsa.gov
Department of Defense,,Naval-Research-Laboratory,https://github.com/Naval-Research-Laboratory,U.S. Naval Research Laboratory,,https://www.nrl.navy.mil,0,,2021-08-12,,search,domain:nrl.navy.mil
Department of Defense,,NavalX,https://github.com/NavalX,NavalX,A Department of the Navy innovation cell,https://www.secnav.navy.mil/agility/,1,2022-02-17,2021-06-01,,search,domain:secnav.navy.mil
Department of Defense,,navwar,https://github.com/navwar,NAVWAR,Naval Information Warfare Systems Command,https://www.navwar.navy.mil/,2,2024-04-28,2022-12-04,,search,domain:navwar.navy.mil
Department of Defense,,NCDOC,https://github.com/NCDOC,Navy Cyber Defense Operations Command,,https://www.ncdoc.navy.mil,0,,2016-03-08,,search,domain:ncdoc.navy.mil
Department of Defense,,ngageoint,https://github.com/ngageoint,National Geospatial-Intelligence Agency,Official organizational account for the NGA,https://www.nga.mil/,184,2026-09-25,2014-04-04,,governments.yml;cms-allowlist;search,domain:nga.mil
Department of Defense,,niwc-atlantic,https://github.com/niwc-atlantic,Naval Information Warfare Center Atlantic,,,2,2026-09-02,2025-03-25,,search,domain:us.navy.mil
Department of Defense,,nsacyber,https://github.com/nsacyber,NSA Cybersecurity Directorate,"Official GitHub account for NSA Cybersecurity Directorate. Formerly branded as NSA Cybersecurity, NSA Information Assurance, & Information Assurance Directorate",https://nsacyber.github.io/,39,2026-09-24,2013-12-02,,governments.yml;cms-allowlist,override
Department of Defense,,NSWC-Crane,https://github.com/NSWC-Crane,NSWC Crane,NSWC Crane is a naval laboratory and a field activity of Naval Sea Systems Command (NAVSEA).,https://www.navsea.navy.mil/Home/Warfare-Centers/NSWC-Crane/,16,2026-09-23,2019-10-10,,search,domain:navsea.navy.mil
Department of Defense,,NSWC-IHD,https://github.com/NSWC-IHD,Naval Surface Warfare Center Indian Head Division (NSWC IHD),A field activity of the Naval Sea Systems Command,https://www.navsea.navy.mil/Home/Warfare-Centers/NSWC-Indian-Head/,0,,2026-09-25,,search,domain:navsea.navy.mil
Department of Defense,,NUWCDIVNPT,https://github.com/NUWCDIVNPT,,NUWC Newport Open Source Cloud.mil Projects,https://www.navsea.navy.mil/Home/Warfare-Centers/NUWC-Newport/,9,2026-09-25,2020-03-04,,governments.yml;cms-allowlist,domain:navsea.navy.mil
Department of Defense,,ozoneplatform,https://github.com/ozoneplatform,OZONE Platform,OZONE Platform FOSS releases,http://ozoneplatform.org,38,2020-04-04,2012-11-30,,governments.yml,override
Department of Defense,,PSNS-IMF,https://github.com/PSNS-IMF,,,,27,2021-08-04,2015-02-10,,governments.yml,override
Department of Defense,,transcom,https://github.com/transcom,United States Transportation Command,"Together, we deliver.",https://www.ustranscom.mil,58,2026-04-22,2017-12-07,,governments.yml;cms-allowlist;search,domain:ustranscom.mil
Department of Defense,,U-S-NRL-Marine-Meteorology-Division,https://github.com/U-S-NRL-Marine-Meteorology-Division,U.S. Naval Research Laboratory - Marine Meteorology Division,,https://www.nrlmry.navy.mil,2,2024-03-07,2022-05-06,,search,domain:nrlmry.navy.mil
Department of Defense,,United-States-Marine-Corps,https://github.com/United-States-Marine-Corps,United States Marine Corps,United States Marine Corps,https://www.marines.mil,0,,2026-06-09,,search,domain:marines.mil
Department of Defense,,USACE,https://github.com/USACE,USACE,US Army Corps of Engineers,www.usace.army.mil,84,2026-09-25,2015-08-21,,search,domain:usace.army.mil
Department of Defense,,USACE-MVP-ECH,https://github.com/USACE-MVP-ECH,US Army Corps of Engineers St. Paul District H&H,A repo to hold St. Paul District H&H scripts,https://www.mvp.usace.army.mil/Missions/Civil-Works/Engineering-Construction/,2,2026-07-21,2026-04-28,,search,domain:mvp.usace.army.mil
Department of Defense,,USACE-Omaha,https://github.com/USACE-Omaha,USACE Omaha,USACE Omaha District EGIS,,0,,2015-12-03,,search,domain:usace.army.mil
Department of Defense,,USACE-RMC,https://github.com/USACE-RMC,USACE-RMC,U.S. Army Corps of Engineers Risk Management Center,https://www.rmc.usace.army.mil/,14,2026-09-25,2021-01-22,,search,domain:rmc.usace.army.mil
Department of Defense,,USAMRICD-UW-Fred-Hutch-Cancer-Research,https://github.com/USAMRICD-UW-Fred-Hutch-Cancer-Research,BUMED & USAMRICD at University of Washington School of Medicine with Fred Hutchinson Cancer Center,USAMRICD was developed by students at the University of Washington while operating remote labs at USAMRIID from UW campuses.,https://usamricd.health.mil/Pages/Contact-Us.aspx,85,2026-09-24,2023-08-03,,search,domain:usamricd.health.mil
Department of Defense,,USArmy-Medical-Command-MEDCOM,https://github.com/USArmy-Medical-Command-MEDCOM,Defense Health Agency,,https://www.health.mil/About-MHS/OASDHA/Defense-Health-Agency,0,,2021-01-22,,search,domain:health.mil
Department of Defense,,USArmyResearchLab,https://github.com/USArmyResearchLab,DEVCOM Army Research Laboratory,"Execute globally recognized fundamental research to accelerate delivery of war-winning, disruptive technologies for tomorrow’s Army.",http://www.arl.army.mil,38,2026-07-30,2014-11-03,,governments.yml;cms-allowlist;search,domain:arl.army.mil
Department of Defense,,USCENTCOM,https://github.com/USCENTCOM,United States Central Command,USCENTCOM,,0,,2024-01-30,,search,domain:mail.mil
Department of Defense,,USNavalResearchLaboratory,https://github.com/USNavalResearchLaboratory,US Naval Research Laboratory,,http://www.nrl.navy.mil,59,2026-09-25,2016-07-08,,governments.yml;cms-allowlist;search,domain:nrl.navy.mil
Department of Defense,,virtual-world-framework,https://github.com/virtual-world-framework,Virtual World Framework,,https://virtual.wf,11,2018-07-19,2012-03-19,,governments.yml,override
Department of Education,Office of the Chief Information Officer,Allen-Rick,https://github.com/Allen-Rick,US Department of Education,,www.ed.gov,0,,2020-05-20,,search,domain:ed.gov
Department of Education,Office of the Chief Information Officer,LINCS,https://github.com/LINCS,LINCS,Courses retired in December 2020 have been removed from this repository due to Flash technology issues. Email training@lincs.ed.gov for more information.,https://lincs.ed.gov,50,2024-10-17,2017-12-06,,search,domain:ed.gov
Department of Education,Office of the Chief Information Officer,usedgov,https://github.com/usedgov,U.S. Department of Education,,http://www.ed.gov,2,2026-09-03,2016-07-04,,search,domain:ed.gov
Department of Energy,Argonne National Laboratory,AD-SDL,https://github.com/AD-SDL,Self Driving Laboratories @ Argonne,Software for automated scientific laboratories created at Argonne National Laboratory,https://www.anl.gov/autonomous-discovery,127,2026-09-23,2021-06-01,,search,domain:anl.gov
Department of Energy,Argonne National Laboratory,AdvancedPhotonSource,https://github.com/AdvancedPhotonSource,AdvancedPhotonSource,The Advanced Photon Source (APS) at Argonne National Laboratory (ANL),https://www.aps.anl.gov/,107,2026-09-24,2016-08-29,,search,domain:anl.gov
Department of Energy,Ames National Laboratory,Ames-National-Laboratory,https://github.com/Ames-National-Laboratory,Ames National Laboratory,Centralized GitHub resources for software developed at AMES.,https://www.ameslab.gov,1,2026-08-20,2026-08-20,,search,domain:ameslab.gov
Department of Energy,Argonne National Laboratory,ANL-CESAR,https://github.com/ANL-CESAR,Argonne National Laboratory - CESAR CoDesign Center,The Center for Exascale Simulation for Advanced Reactors - Driving the design of exascale systems based on the needs of NE applications.,https://cesar.mcs.anl.gov,9,2024-03-11,2014-07-16,,search,domain:anl.gov
Department of Energy,Argonne National Laboratory,anl-rtr,https://github.com/anl-rtr,Argonne National Laboratory - Research and Test Reactors Department,Open-source software developed to support the Research and Test Reactors conversion program at Argonne National Laboratory,https://www.anl.gov/nse/research-and-test-reactors,2,2026-08-27,2022-11-22,,search,domain:anl.gov
Department of Energy,Argonne National Laboratory,applied-material-modeling,https://github.com/applied-material-modeling,Applied material modeling,Various material modeling software developed by researchers at Argonne National Laboratory.,,13,2026-09-25,2024-11-05,yes,search,domain:anl.gov
Department of Energy,Lawrence Berkeley National Laboratory,applied-numerical-algorithms-group-lbnl,https://github.com/applied-numerical-algorithms-group-lbnl,Applied Numerical Algorithms Group at Lawrence Berkeley National Laboratory,"Public codes to solve PDEs using adaptive mesh refinement, embedded boundaries and other algorithm technologies.",http://chombo.lbl.gov,9,2026-07-23,2019-06-06,,search,domain:lbl.gov
Department of Energy,Argonne National Laboratory,argonne-cps,https://github.com/argonne-cps,Argonne Computational Science Division - CPS,CPS focuses on solving the most challenging scientific problems through advanced modeling and simulation on the most capable computers,anl.gov/cps,14,2026-08-08,2022-08-24,,search,domain:anl.gov
Department of Energy,Argonne National Laboratory,argonne-lcf,https://github.com/argonne-lcf,Argonne Leadership Computing Facility - ALCF,ALCF is a DOE Office of Science User Facility that provides leadership supercomputing resources to advance scientific research.,https://www.alcf.anl.gov,152,2026-09-26,2019-07-01,yes,search,domain:anl.gov
Department of Energy,Argonne National Laboratory,Argonne-National-Laboratory,https://github.com/Argonne-National-Laboratory,Argonne National Laboratory,This is not a complete list of all ANL OSS code,http://www.anl.gov,43,2026-09-23,2015-01-09,,search,domain:anl.gov
Department of Energy,Argonne National Laboratory,argonne-vci,https://github.com/argonne-vci,Argonne Vehicle Charging Infrastructure,"Our research group develops and deploys open, standards-based EV charging technologies for smart charging and grid integration.",https://www.anl.gov/aet/smart-energy-plaza,12,2026-09-22,2025-04-15,,search,domain:anl.gov
Department of Energy,Argonne National Laboratory,ArgonneGridLearning,https://github.com/ArgonneGridLearning,Argonne Grid Learning,A collection of research projects and repositories for machine learning and electric grid systems,,0,,2020-10-13,,search,domain:anl.gov
Department of Energy,Argonne National Laboratory,ArgonneNationalLab,https://github.com/ArgonneNationalLab,Argonne National Laboratory,,http://www.anl.gov,1,2015-08-18,2015-07-02,,search,domain:anl.gov
Department of Energy,Brookhaven National Laboratory,ASCENT-BNL,https://github.com/ASCENT-BNL,ASCENT,Advanced Study of Cloud and Environment iNTeractions at Brookhaven National Laboratory,https://www.bnl.gov/envsci/cloud/,1,2025-09-12,2024-08-02,,search,domain:bnl.gov
Department of Energy,Brookhaven National Laboratory,ASIC-DOE,https://github.com/ASIC-DOE,ASIC-DOE,ASIC repository for collaboration,www.bnl.gov,1,2026-09-25,2025-05-20,,search,domain:bnl.gov
Department of Energy,Lawrence Berkeley National Laboratory,ber-data,https://github.com/ber-data,Biological and Environmental Research,Collaborative development of federated search for DOE Office of Science Biological and Environmental Research (DOE BER) resources.,,9,2026-09-22,2025-02-14,,search,domain:lbl.gov
Department of Energy,Lawrence Berkeley National Laboratory,BerkeleyLab,https://github.com/BerkeleyLab,Berkeley Lab,Lawrence Berkeley National Laboratory,https://www.lbl.gov,49,2026-09-24,2016-04-27,,search,domain:lbl.gov
Department of Energy,Brookhaven National Laboratory,bnl,https://github.com/bnl,BNL,Brookhaven National Laboratory,www.bnl.gov,6,2024-04-12,2019-07-29,yes,search,domain:bnl.gov
Department of Energy,Brookhaven National Laboratory,BNL-Genesis,https://github.com/BNL-Genesis,Genesis Mission at BNL,Genesis Mission at Brookhaven National Laboratory,https://www.bnl.gov/newsroom/news.php?a=223070,1,2026-09-22,2026-07-23,,search,domain:bnl.gov
Department of Energy,Office of the Chief Information Officer,BNL-LUCID,https://github.com/BNL-LUCID,"LUCID: Low-Dose Understanding, Cellular Insights, and Molecular Discoveries","DOE-funded project that integrates experimental biology, AI/ML, and large-scale data analysis to understand how low-dose radiation affects cellular processes",https://www.genomicscience.energy.gov/lowdose/,3,2026-08-29,2024-03-14,,search,domain:energy.gov
Department of Energy,Brookhaven National Laboratory,bnl-sdcc,https://github.com/bnl-sdcc,BNL Scientific Data and Computing Center,Scientific computing facility at Brookhaven National Laboratory,http://www.sdcc.bnl.gov/,47,2019-12-16,2017-02-17,,search,domain:bnl.gov
Department of Energy,Brookhaven National Laboratory,BrookhavenNationalLaboratory,https://github.com/BrookhavenNationalLaboratory,Brookhaven National Laboratory,,www.bnl.gov,1,2014-07-16,2013-06-11,,search,domain:bnl.gov
Department of Energy,Lawrence Berkeley National Laboratory,CMSN,https://github.com/CMSN,Computational Material Science and Nano Science Group,Computational Material Science and Nano Science Group in Lawrence Berkeley National Lab,http://cmsn.lbl.gov,4,2014-12-11,2014-11-20,,search,domain:lbl.gov
Department of Energy,Argonne National Laboratory,COLABS-Science,https://github.com/COLABS-Science,Collaboration for Better Software (for Science),Information about the DOE/ASCR software sustainability seed project (2023-2024),,1,2024-10-04,2023-02-24,,search,domain:anl.gov
Department of Energy,Ames National Laboratory,Critical-Materials-Institute,https://github.com/Critical-Materials-Institute,Critical Materials Innovation Hub (CMI),The Critical Materials Innovation Hub (formerly the Critical Materials Institute) is a U.S. DOE Energy Innovation Hub,https://www.ameslab.gov/cmi,6,2026-05-05,2021-05-28,,search,domain:ameslab.gov
Department of Energy,Argonne National Laboratory,DOE-NCI-Pilot1,https://github.com/DOE-NCI-Pilot1,DOE-NCI-Pilot1,,https://doe-nci-pilot1.github.io/pilot1_documentation/,9,2022-12-08,2017-09-06,,search,domain:anl.gov
Department of Energy,Office of Scientific and Technical Information,doecode,https://github.com/doecode,DOE CODE,DOE code repositories collected and preserved by the USDOE Office of Scientific and Technical Information. To join email doecoderepositories@osti.gov.,https://www.osti.gov/doecode/,16,2025-09-03,2016-06-28,,governments.yml;cms-allowlist;search,domain:osti.gov
Department of Energy,National Renewable Energy Laboratory,e-mission,https://github.com/e-mission,National Laboratory of the Rockies,"Enables people to track their travel modes—by car, bus, bike or walking and measure their associated energy use and carbon footprint.",https://nlr.gov/openpath,37,2026-09-25,2015-01-26,,search,domain:nlr.gov
Department of Energy,Pacific Northwest National Laboratory,EMSL-NMR-EPR,https://github.com/EMSL-NMR-EPR,NMR and EPR | EMSL,,http://www.emsl.pnnl.gov/emslweb/capabilities/nmr_epr,3,2018-05-08,2016-07-25,,search,domain:pnnl.gov
Department of Energy,Office of the Chief Information Officer,energyapps,https://github.com/energyapps,E APPS,The U.S. Department of Energy's Interactive Graphics,https://energy.gov/maps,64,2021-03-29,2013-07-23,,governments.yml;cms-allowlist;search,domain:energy.gov
Department of Energy,Office of the Chief Information Officer,energyoiggov,https://github.com/energyoiggov,"U.S. Department of Energy, Office of Inspector General","Strengthening the integrity, economy, and efficiency of the Department’s programs and operations.",https://www.energy.gov/ig/office-inspector-general,0,,2021-03-17,,search,domain:energy.gov
Department of Energy,Lawrence Berkeley National Laboratory,ess-dive-workspace,https://github.com/ess-dive-workspace,ESS-DIVE Workspace,"A workspace for code, tools, reporting formats and other products related to the ESS-DIVE repository. Please message ess-dive-support@lbl.gov to contribute",http://ess-dive.lbl.gov,20,2026-09-01,2020-07-31,,search,domain:lbl.gov
Department of Energy,Fermi National Accelerator Laboratory,fermi-ad,https://github.com/fermi-ad,Fermilab Accelerator Directorate,Fermilab Accelerator Systems,https://ad.fnal.gov/,65,2026-09-25,2019-06-17,,search,domain:fnal.gov
Department of Energy,Fermi National Accelerator Laboratory,fermi-pd,https://github.com/fermi-pd,Fermilab Physics Directorate,Engineering Support Division,https://ppd.fnal.gov/,0,,2026-09-10,,search,domain:fnal.gov
Department of Energy,Fermi National Accelerator Laboratory,Fermilab-OEA,https://github.com/Fermilab-OEA,Fermilab OEA,,,0,,2021-10-11,,search,domain:fnal.gov
Department of Energy,Fermi National Accelerator Laboratory,fermilab-qc,https://github.com/fermilab-qc,Fermilab Quantum Computing,,http://qis.fnal.gov,2,2019-11-06,2019-02-08,,search,domain:fnal.gov
Department of Energy,Fermi National Accelerator Laboratory,fnal-cpc,https://github.com/fnal-cpc,Fermilab CPC,Fermilab Cosmic Physics Center,http://astro.fnal.gov/,1,2020-06-02,2020-06-01,,search,domain:fnal.gov
Department of Energy,Fermi National Accelerator Laboratory,FNALLPC,https://github.com/FNALLPC,FNALLPC,LHC Physics Center at Fermilab - Physics organization within CMS experiment,https://lpc.fnal.gov,46,2026-09-22,2017-03-17,,search,domain:fnal.gov
Department of Energy,Oak Ridge National Laboratory,gshs-ornl,https://github.com/gshs-ornl,Geospatial Science and Human Security at ORNL,Geospatial Science and Human Security Division at Oak Ridge National Laboratory,https://www.ornl.gov/,10,2023-12-02,2016-03-18,,search,domain:ornl.gov
Department of Energy,Idaho National Laboratory,idaholab,https://github.com/idaholab,Idaho National Laboratory,Open Source Software From Idaho National Laboratory,https://inl.gov,161,2026-09-26,2013-03-13,yes,search,domain:inl.gov
Department of Energy,Idaho National Laboratory,IdahoLabResearch,https://github.com/IdahoLabResearch,Idaho National Laboratory Research Projects,This is a location for Idaho National Laboratory software that is tied to research papers and experiments.,https://inl.gov/,58,2026-09-24,2017-01-27,yes,search,domain:inl.gov
Department of Energy,Idaho National Laboratory,IdahoLabUnsupported,https://github.com/IdahoLabUnsupported,Idaho National Laboratory Unsupported,This is a location for Idaho National Laboratory software that is not currently actively maintained. Please use these projects at your own risk.,https://inl.gov/,41,2026-09-09,2016-11-29,yes,search,domain:inl.gov
Department of Energy,Pacific Northwest National Laboratory,IWPRp,https://github.com/IWPRp,PNNL's Integrated Water Power Resilience Project,"Advancing opportunities for water and power resilience through data analysis, modeling, and visuals for coordinated planning, investments, and operations",https://www.pnnl.gov/projects/integrated-water-power-resilience-project,0,,2026-06-12,,search,domain:pnnl.gov
Department of Energy,Oak Ridge National Laboratory,Jacobson-CompSysBio,https://github.com/Jacobson-CompSysBio,Jacobson CompSysBio Team,We are the Computational Systems Biology Team at Oak Ridge National Laboratory.,https://compsysbio.ornl.gov/,11,2026-09-23,2024-01-17,,search,domain:ornl.gov
Department of Energy,Los Alamos National Laboratory,lanl,https://github.com/lanl,Los Alamos National Laboratory,,https://www.lanl.gov/,658,2026-09-25,2011-01-26,yes,search,domain:lanl.gov
Department of Energy,Los Alamos National Laboratory,lanl-aea,https://github.com/lanl-aea,Los Alamos National Laboratory: Advanced Engineering Analysis,,https://www.lanl.gov/,5,2026-06-04,2024-07-18,,search,domain:lanl.gov
Department of Energy,Los Alamos National Laboratory,lanl-ansi,https://github.com/lanl-ansi,advanced network science initiative,Los Alamos Advanced Network Science Initiative,https://lanl-ansi.github.io/,97,2026-09-24,2016-02-03,,search,domain:lanl.gov
Department of Energy,Los Alamos National Laboratory,lanl-asteroid-impact,https://github.com/lanl-asteroid-impact,LANL/Open Asteroid Impact Dataset,,,3,2025-09-15,2024-10-16,,search,domain:lanl.gov
Department of Energy,Los Alamos National Laboratory,lanl-fph,https://github.com/lanl-fph,LANL/Floating Point Histograms,,,1,2025-08-11,2024-03-07,,search,domain:lanl.gov
Department of Energy,Los Alamos National Laboratory,lanl-future-campaign,https://github.com/lanl-future-campaign,LANL/Campaign Storage 2.0,LANL's experimental campaign storage code for its next-generation compute platforms,,13,2023-12-02,2021-08-17,,search,domain:lanl.gov
Department of Energy,Los Alamos National Laboratory,lanl-ngp-storage,https://github.com/lanl-ngp-storage,LANL/Next-Gen Platform Storage,Supporting utilities and datasets for research of LANL's next-gen computing platform storage,,2,2022-08-12,2022-04-04,,search,domain:lanl.gov
Department of Energy,Los Alamos National Laboratory,lanl-ocs,https://github.com/lanl-ocs,LANL/Object-Based Computational Storage Stack,,,5,2025-07-22,2023-10-20,,search,domain:lanl.gov
Department of Energy,Los Alamos National Laboratory,lanl-pnfs4a,https://github.com/lanl-pnfs4a,LANL/Parallel NFS for Analytics,,,1,2025-06-09,2024-11-29,,search,domain:lanl.gov
Department of Energy,Los Alamos National Laboratory,lanl-remote-contour,https://github.com/lanl-remote-contour,LANL/Remote VTK Contour Execution,,,4,2025-09-11,2024-07-24,,search,domain:lanl.gov
Department of Energy,Lawrence Berkeley National Laboratory,lawrence-berkeley-national-laboratory,https://github.com/lawrence-berkeley-national-laboratory,Lawrence Berkeley National Laboratory,"A US Department of Energy, Office of Science, National Laboratory, run by the University of California",https://lbl.gov,1,2019-05-03,2019-05-03,,search,domain:lbl.gov
Department of Energy,Lawrence Berkeley National Laboratory,lbl-anp,https://github.com/lbl-anp,Applied Nuclear Physics - LBNL,,https://anp.lbl.gov/,32,2026-07-29,2012-08-28,,search,domain:lbl.gov
Department of Energy,Lawrence Berkeley National Laboratory,lbl-cbg,https://github.com/lbl-cbg,"Computational Biosciences Group, LBNL",,https://cbg.lbl.gov,16,2026-06-04,2023-09-27,,search,domain:lbl.gov
Department of Energy,Lawrence Berkeley National Laboratory,LBL-EESA,https://github.com/LBL-EESA,LBL-EESA,Lawrence Berkeley National Laboratory's Earth and Environmental Sciences Area,http://eesa.lbl.gov/,13,2026-09-10,2015-11-03,,search,domain:lbl.gov
Department of Energy,Lawrence Berkeley National Laboratory,lbnl-88ops,https://github.com/lbnl-88ops,LBNL 88-Inch Cyclotron Operations,Codes to support operations at the LBNL 88-inch cyclotron,https://cyclotron.lbl.gov/home,14,2026-09-14,2025-03-03,,search,domain:lbl.gov
Department of Energy,Lawrence Berkeley National Laboratory,LBNL-ADEPT,https://github.com/LBNL-ADEPT,ADEPT @ LBNL,Advanced Data Engineering & Platform Technologies (ADEPT) Program at Lawrence Berkeley National Laboratory (LBNL),,1,2026-08-08,2026-08-08,,search,domain:lbl.gov
Department of Energy,Lawrence Berkeley National Laboratory,LBNL-AMO-MCTDHF,https://github.com/LBNL-AMO-MCTDHF,LBNL-AMO-MCTDHF,Multiconfiguration Time-Dependent Hartree-Fock for atoms and molecules in intense laser fields,https://commons.lbl.gov/display/csd/LBNL-AMO-MCTDHF,3,2021-09-05,2015-03-04,,search,domain:lbl.gov
Department of Energy,Lawrence Berkeley National Laboratory,lbnl-bldg-data-tools,https://github.com/lbnl-bldg-data-tools,LBNL Building Data Tools,Tools for working with Building Automation System and Energy Management data.,https://sbl.lbl.gov/,3,2020-03-30,2019-03-20,,search,domain:lbl.gov
Department of Energy,Lawrence Berkeley National Laboratory,LBNL-CRD-MLA,https://github.com/LBNL-CRD-MLA,LBNL CRD Machine Learning & Analytics Group,,https://dav.lbl.gov/,0,,2021-02-04,,search,domain:lbl.gov
Department of Energy,Lawrence Berkeley National Laboratory,lbnl-cybersecurity,https://github.com/lbnl-cybersecurity,LBNL Cybersecurity R&D,"Lawrence Berkeley National Lab does cybersecurity R&D for research cyberinfrastructure, power grids, and nuclear nonproliferation.",https://secpriv.lbl.gov,20,2026-09-23,2016-06-01,yes,search,domain:lbl.gov
Department of Energy,Lawrence Berkeley National Laboratory,LBNL-DataCenter-CoE,https://github.com/LBNL-DataCenter-CoE,Berkeley Lab - Center of Expertise for Data Centers,The Center of Expertise for Data Center Energy (CoE) works across the data-center industry to optimize energy use and costs.,https://datacenters.lbl.gov/,1,2026-04-06,2026-03-23,,search,domain:lbl.gov
Department of Energy,Lawrence Berkeley National Laboratory,LBNL-ETA,https://github.com/LBNL-ETA,LBNL Energy Technologies Area,Software produced by the Energy Technologies Area of Lawrence Berkeley National Laboratory,http://eta.lbl.gov,96,2026-09-25,2015-09-24,,search,domain:lbl.gov
Department of Energy,Lawrence Berkeley National Laboratory,LBNL-HEVI-LOAD,https://github.com/LBNL-HEVI-LOAD,LBNL-HEVI-LOAD,,https://hevi-load.lbl.gov,0,,2026-05-20,,search,domain:lbl.gov
Department of Energy,Lawrence Berkeley National Laboratory,lbnl-science-it,https://github.com/lbnl-science-it,LBNL Science IT,Lawrence Berkeley National Lab Science IT official github repo,http://scs.lbl.gov/,46,2026-09-24,2020-04-14,,search,domain:lbl.gov
Department of Energy,Lawrence Berkeley National Laboratory,lbnlcomputerarch,https://github.com/lbnlcomputerarch,LBNL Computer Architecture Group (CAG),"Advancing scientific discovery via high-performance computing architectures for HPC, edge devices, and cross-disciplinary research.",https://amcr.lbl.gov/departments/computer-science-department/cag/,7,2026-09-25,2018-03-29,,search,domain:lbl.gov
Department of Energy,Lawrence Berkeley National Laboratory,LBNLgrid,https://github.com/LBNLgrid,LBNL Grid Integration Group,"Public models and tools, developed by the grid integration group at Lawrence Berkeley National Lab",https://gridintegration.lbl.gov/,5,2026-09-21,2023-08-28,,search,domain:lbl.gov
Department of Energy,Lawrence Berkeley National Laboratory,Living-Minerals-Lab,https://github.com/Living-Minerals-Lab,Living Minerals Lab,Team repository for the Living Minerals Laboratory at Lawrence Berkeley National Laboratory,https://sites.google.com/d/1uTbT4O6DpxfzcsNByUbZfMdg16W7skIT/p/19Q1QtpdK476S16S-pSYXeCIRct5eIl0P/edit,10,2026-09-01,2024-07-11,,search,domain:lbl.gov
Department of Energy,Lawrence Livermore National Laboratory,llnl,https://github.com/llnl,Lawrence Livermore National Laboratory,"For over 70 years, the Lawrence Livermore National Laboratory has applied science and technology to make the world a safer place.",https://software.llnl.gov,673,2026-09-26,2013-11-12,yes,search,domain:llnl.gov
Department of Energy,Los Alamos National Laboratory,mar-file-system,https://github.com/mar-file-system,MarFS,A file system for high capacity object storage with good POSIX-like access performance. Request access to listmanager@maillist.lanl.gov.,,9,2026-09-25,2015-06-15,,search,domain:lanl.gov
Department of Energy,Pacific Northwest National Laboratory,MCRLdata-Cloud,https://github.com/MCRLdata-Cloud,MCRL Data Pipeline Infrastructure,Collecting and processing data from metocean and biological sensors on the PNNL-Sequim pier,mcrldata.pnnl.gov,0,,2023-12-05,,search,domain:pnnl.gov
Department of Energy,Argonne National Laboratory,MCSclimate,https://github.com/MCSclimate,MCS Earth System Modeling Group,GitHub organization for ESM related software of the Argonne National Laboratory's Mathematics and Computer Science Division,,1,2026-06-03,2012-07-02,,search,domain:anl.gov
Department of Energy,Oak Ridge National Laboratory,mdfbaam,https://github.com/mdfbaam,Manufacturing Demonstration Facility,The Department of Energy’s Manufacturing Demonstration Facility,,28,2025-03-27,2016-12-21,,search,domain:ornl.gov
Department of Energy,National Renewable Energy Laboratory,MODAQ2,https://github.com/MODAQ2,MODAQ 2 - National Laboratory of the Rockies,,https://www.nlr.gov/water/modaq,18,2026-08-26,2024-10-09,,search,domain:nlr.gov
Department of Energy,Argonne National Laboratory,MolecularMaterials,https://github.com/MolecularMaterials,Molecular Materials,Molecular Materials Group at Argonne National Laboratory,,6,2024-03-29,2021-06-02,,search,domain:anl.gov
Department of Energy,Los Alamos National Laboratory,MolEvolEpid,https://github.com/MolEvolEpid,LANL Molecular Evolution & Epidemiology Team,Public health-related work done in the Theoretical Biology & Biophysics Group at Los Alamos National Laboratory,https://public.lanl.gov/tkl/,19,2026-09-18,2021-09-21,,search,domain:lanl.gov
Department of Energy,Fermi National Accelerator Laboratory,Mu2e,https://github.com/Mu2e,Mu2e,Fermilab Mu2e experiment,https://mu2e.fnal.gov,109,2026-09-26,2018-11-20,,search,domain:fnal.gov
Department of Energy,Fermi National Accelerator Laboratory,Muon-gm2,https://github.com/Muon-gm2,Muon g-2,Offline code for the Muon g-2 Experiment at Fermilab,https://muon-g-2.fnal.gov,0,,2021-09-01,,search,domain:fnal.gov
Department of Energy,National Renewable Energy Laboratory,NatLabRockies,https://github.com/NatLabRockies,National Laboratory of the Rockies,,https://www.nlr.gov/,810,2026-09-26,2012-06-29,,search,domain:nlr.gov
Department of Energy,Office of the Chief Information Officer,NavalNuclearLab,https://github.com/NavalNuclearLab,Naval Nuclear Laboratory,"We develop advanced naval nuclear propulsion technology, ensuring the safety and reliability of our Navy's submarine and aircraft carrier Fleets.",https://navalnuclearlab.energy.gov/,10,2026-09-21,2021-01-04,,search,domain:energy.gov
Department of Energy,Office of the Chief Information Officer,NavalNuclearLab-Test,https://github.com/NavalNuclearLab-Test,Naval Nuclear Laboratory Test,"We develop advanced naval nuclear propulsion technology, ensuring the safety and reliability of our Navy's submarine and aircraft carrier Fleets.",https://navalnuclearlab.energy.gov/,0,,2024-10-02,,search,domain:energy.gov
Department of Energy,Office of the Chief Information Officer,NeLLi-team,https://github.com/NeLLi-team,NeLLi: New Lineages of Life,New Lineages of Life - US DOE Joint Genome Institute,https://jgi.doe.gov/our-science/scientists-jgi/new-lineages-of-life/,16,2026-09-21,2021-09-15,,search,domain:doe.gov
Department of Energy,Office of the Chief Information Officer,NEMRI-org,https://github.com/NEMRI-org,NEMRI,National Emissions Reduction Initiative,https://edx.netl.doe.gov/sites/nemri/,1,2026-02-20,2024-08-05,,search,domain:doe.gov
Department of Energy,National Renewable Energy Laboratory,NLR-Sienna,https://github.com/NLR-Sienna,Sienna at the National Laboratory of the Rockies,,https://www.nlr.gov/analysis/sienna.html,33,2026-09-25,2026-04-09,,search,domain:nlr.gov
Department of Energy,Fermi National Accelerator Laboratory,novaexperiment,https://github.com/novaexperiment,NOvA Experiment,The NOvA neutrino oscillation experiment at Fermilab.,https://novaexperiment.fnal.gov/,10,2026-09-17,2015-09-15,,search,domain:fnal.gov
Department of Energy,National Renewable Energy Laboratory,NREL,https://github.com/NREL,National Laboratory of the Rockies,Moved to https://github.com/NatLabRockies,https://www.nlr.gov/,0,,2026-01-21,,search,domain:nlr.gov
Department of Energy,Brookhaven National Laboratory,NSLS-II-CMS,https://github.com/NSLS-II-CMS,NSLS-II CMS beamline,,https://www.bnl.gov/nsls2/beamline/11-BM,3,2023-12-14,2016-09-28,,search,domain:bnl.gov
Department of Energy,Pacific Northwest National Laboratory,NWBRaVE,https://github.com/NWBRaVE,NW-BRaVE @ PNNL,Northwest (NW) Biopreparedness Research Virtual Environment (BRaVE) Initiative,https://www.pnnl.gov/projects/nw-brave,11,2026-08-17,2024-10-17,,search,domain:pnnl.gov
Department of Energy,Oak Ridge National Laboratory,ORNL,https://github.com/ORNL,Oak Ridge National Laboratory,Software repositories from Oak Ridge National Laboratory,http://software.ornl.gov,176,2026-09-25,2013-08-01,,search,domain:ornl.gov
Department of Energy,Oak Ridge National Laboratory,ORNL-AM-Analysis-Tools,https://github.com/ORNL-AM-Analysis-Tools,ORNL AM Analysis Tools,Two tools for conducting LCA and TEA for Additive Manufacturing,,2,2024-12-11,2024-12-03,,search,domain:ornl.gov
Department of Energy,Oak Ridge National Laboratory,ORNL-AMO,https://github.com/ORNL-AMO,Oak Ridge National Laboratory - Energy Management Software,ORNL's Energy Management Software is used to help manufacturers increase energy efficiency at the plant-level and in specific systems.,https://industrialresources.ornl.gov/home,29,2026-09-25,2015-12-15,,search,domain:ornl.gov
Department of Energy,Oak Ridge National Laboratory,ORNL-BTRIC,https://github.com/ORNL-BTRIC,ORNL-BTRIC,,https://www.ornl.gov/facility/btric,12,2024-09-03,2013-07-23,,search,domain:ornl.gov
Department of Energy,Oak Ridge National Laboratory,ORNL-CEES,https://github.com/ORNL-CEES,Computational Engineering & Energy Sciences Group,The Computational Engineering and Energy Sciences Group at Oak Ridge National Laboratory,http://energy.ornl.gov/,8,2026-07-23,2014-02-11,,search,domain:ornl.gov
Department of Energy,Oak Ridge National Laboratory,ORNL-Food-Supply-Chain,https://github.com/ORNL-Food-Supply-Chain,ORNL Food Supply Chain,Collection of ORNL research related to the evaluation of the U.S. Food Supply Chain.,,4,2026-01-09,2024-11-12,,search,domain:ornl.gov
Department of Energy,Oak Ridge National Laboratory,ornl-languages,https://github.com/ornl-languages,ornl-languages,,http://www.csm.ornl.gov/openshmem/index.html,2,2018-06-26,2016-02-25,,search,domain:ornl.gov
Department of Energy,Oak Ridge National Laboratory,ORNL-MDF,https://github.com/ORNL-MDF,ORNL Manufacturing Demonstration Facility,Simulation and workflow tools for ORNL MDF,https://www.ornl.gov/facility/mdf,12,2026-09-25,2024-01-10,,search,domain:ornl.gov
Department of Energy,Oak Ridge National Laboratory,ornl-neams-workbench,https://github.com/ornl-neams-workbench,ORNL NEAMS Workbench,Github.com mirrors for code.ornl.gov/neams-workbench,https://code.ornl.gov/neams-workbench,5,2026-08-30,2026-06-16,,search,domain:ornl.gov
Department of Energy,Oak Ridge National Laboratory,ORNL-QCI,https://github.com/ORNL-QCI,Oak Ridge National Laboratory Quantum Computing Institute,ORNL QCI public quantum computing software projects,quantum.ornl.gov,56,2026-05-05,2016-09-23,,search,domain:ornl.gov
Department of Energy,Oak Ridge National Laboratory,ORNL-RSEI,https://github.com/ORNL-RSEI,ORNL-RSEI,Oak Ridge National Laboratory | Remote Sensing and Environmental Informatics Group,https://www.ornl.gov/group/rsei,3,2024-07-15,2021-06-25,,search,domain:ornl.gov
Department of Energy,Oak Ridge National Laboratory,ornl-sava,https://github.com/ornl-sava,ORNL Situation Awareness and Visual Analytics Team,,,11,2023-01-03,2013-06-13,,search,domain:ornl.gov
Department of Energy,Oak Ridge National Laboratory,ornl-situ,https://github.com/ornl-situ,Repo Moved. See ORNL-SAVA,,https://github.com/ornl-sava,0,,2012-09-17,,search,domain:ornl.gov
Department of Energy,Oak Ridge National Laboratory,ornlcda,https://github.com/ornlcda,ornlcda,Oak Ridge National Laboratory Data and AI Section,https://www.ornl.gov/section/data-ai,17,2022-05-18,2014-05-13,,search,domain:ornl.gov
Department of Energy,Oak Ridge National Laboratory,ornldaac,https://github.com/ornldaac,ORNL DAAC,The ORNL DAAC archives and delivers terrestrial ecology data as part of the NASA Earth Observing System Data and Information System (EOSDIS).,https://daac.ornl.gov,42,2026-09-25,2017-08-22,,search,domain:ornl.gov
Department of Energy,Oak Ridge National Laboratory,ornlneutronimaging,https://github.com/ornlneutronimaging,ORNL Neutron Imaging,,https://neutronimaging.ornl.gov,108,2026-09-26,2015-11-10,,search,domain:ornl.gov
Department of Energy,Pacific Northwest National Laboratory,PerConSFA,https://github.com/PerConSFA,PerCon SFA,The PerCon SFA at Pacific Northwest National Laboratory is a Genomic Sciences Program Science Focus Area Biosystems Design Project,https://zenodo.org/communities/perconsfa_pnnl/,2,2023-03-21,2021-09-14,,search,domain:pnnl.gov
Department of Energy,,petsc,https://github.com/petsc,Portable Extensible Toolkit for Scientific computing,PETSc is a suite of composable data structures and algorithms for scalable (parallel) solution of scientific applications modeled by PDEs.,https://petsc.org,18,2026-09-26,2012-12-25,,governments.yml;cms-allowlist,override
Department of Energy,Brookhaven National Laboratory,PhenixCollaboration,https://github.com/PhenixCollaboration,The PHENIX Collaboration,Pioneering High Energy Nuclear Interaction eXperiment at the Relativistic Heavy Ion Collider at Brookhaven National Laboratory,https://www.phenix.bnl.gov,6,2026-08-13,2014-04-25,,search,domain:bnl.gov
Department of Energy,Pacific Northwest National Laboratory,pnnl,https://github.com/pnnl,Pacific Northwest National Laboratory (Public),This Org is intended for the hosting of approved released PNNL software repositories for public use and collaboration.,http://www.pnnl.gov/,550,2026-09-25,2015-02-05,,search,domain:pnnl.gov
Department of Energy,Pacific Northwest National Laboratory,PNNL-Comp-Mass-Spec,https://github.com/PNNL-Comp-Mass-Spec,Computational Mass Spectrometry @ Pacific Northwest National Laboratory,,https://omics.pnl.gov/software/,184,2026-09-23,2013-12-19,,search,domain:pnl.gov
Department of Energy,Pacific Northwest National Laboratory,PNNL-CompBio,https://github.com/PNNL-CompBio,Computational Biology @Pacific Northwest National Laboratory,"This site is for repositories for computational biology work performed at the Pacific Northwest National Laboratory, a Department of Energy National Laboratory.",https://www.pnnl.gov/computational-biology,97,2026-09-26,2018-04-13,,search,domain:pnnl.gov
Department of Energy,Pacific Northwest National Laboratory,pnnl-int,https://github.com/pnnl-int,PNNL Internal,This org is intended for providing workspaces to PNNL and facilitate internal collaboration.,https://forge.pnnl.gov,0,,2023-09-06,,search,domain:pnnl.gov
Department of Energy,Pacific Northwest National Laboratory,PNNL-m-q,https://github.com/PNNL-m-q,PNNL m/q,"Transforming the utility of MS through a comprehensive, unified, and predictive understanding of the chemistry and physics of all ions throughout an experiment",https://www.pnnl.gov/projects/mq-initiative,9,2026-08-11,2022-05-10,,search,domain:pnnl.gov
Department of Energy,Pacific Northwest National Laboratory,PNNL-Predictive-Phenomics,https://github.com/PNNL-Predictive-Phenomics,PNNL Predictive Phenomics Initiative,Predictive Phenomics Science & Technology Initiative at Pacific Northwest National Laboratory,https://www.pnnl.gov/projects/predictive-phenomics-science-technology-initiative,41,2026-09-24,2023-05-26,,search,domain:pnnl.gov
Department of Energy,Pacific Northwest National Laboratory,PNNL-Projects,https://github.com/PNNL-Projects,PNNL Projects,Projects @ PNNL,,22,2023-08-08,2020-10-07,,search,domain:pnnl.gov
Department of Energy,Pacific Northwest National Laboratory,pnnl-sbrsfa,https://github.com/pnnl-sbrsfa,PNNL Subsurface Biogeochemical Research Scientific Focus Area (SBR-SFA),List of repositories associated with SBR-SFA project.,http://sbrsfa.pnnl.gov,2,2019-08-17,2019-05-10,,search,domain:pnnl.gov
Department of Energy,Sandia National Laboratories,Portals4,https://github.com/Portals4,Portals 4,"Portals is a low-level network API for high-performance networking on HPC systems developed by Sandia National Labs, Intel Corp and UNM",http://portals4.org,1,2018-06-26,2015-12-16,,search,domain:sandia.gov
Department of Energy,Oak Ridge National Laboratory,predictivephenomics,https://github.com/predictivephenomics,Predictive Phenomics,"The Predictive Phenomics team at ORNL leverages sensors, computer vision, and AI to turn biological data into knowledge",,3,2025-12-04,2019-01-30,,search,domain:ornl.gov
Department of Energy,Oak Ridge National Laboratory,Real-Sim-XIL-tmp,https://github.com/Real-Sim-XIL-tmp,ORNL - Real-Sim,Oak Ridge National Laboratory Open-Source repo for Real-Sim related tools and code.,,2,2024-12-18,2022-03-30,,search,domain:ornl.gov
Department of Energy,Ames National Laboratory,rmrresearch,https://github.com/rmrresearch,Richard Group Research,Research projects from the Richard Group at Ames National Laboratory and Iowa State University,https://rmrresearch.github.io/,10,2026-09-21,2019-05-18,,search,domain:ameslab.gov
Department of Energy,Sandia National Laboratories,sandialabs,https://github.com/sandialabs,Sandia National Laboratories,Exceptional service in the national interest.,https://software.sandia.gov,852,2026-09-26,2013-07-12,,search,domain:sandia.gov
Department of Energy,Sandia National Laboratories,SandiaPSL,https://github.com/SandiaPSL,Sandia Primary Standards Lab,,https://www.sandia.gov/psl/,1,2026-05-21,2018-10-12,,search,domain:sandia.gov
Department of Energy,Lawrence Berkeley National Laboratory,scplbl,https://github.com/scplbl,SCP at LBNL,,http://supernova.lbl.gov/,2,2018-02-24,2015-05-04,,search,domain:lbl.gov
Department of Energy,Lawrence Berkeley National Laboratory,SelfDrivingNetworkLab,https://github.com/SelfDrivingNetworkLab,Self-driving-Network Research Lab,Maintained by Marium Kiran <kiranm@ornl.gov>,https://selfdrivingnetwork.lbl.gov/,10,2026-09-16,2022-05-03,,search,domain:lbl.gov
Department of Energy,Sandia National Laboratories,SNL-WaterPower,https://github.com/SNL-WaterPower,Sandia National Laboratories Water Power Technologies,,http://energy.sandia.gov/energy/renewable-energy/water-power/,7,2026-03-10,2013-08-20,,search,domain:sandia.gov
Department of Energy,Brookhaven National Laboratory,SOLLVE,https://github.com/SOLLVE,ECP SOLLVE,This is the group of repos for US DoE's ECP SOLLVE project.,https://www.bnl.gov/compsci/projects/SOLLVE/,12,2024-05-29,2017-03-09,,search,domain:bnl.gov
Department of Energy,Brookhaven National Laboratory,sPHENIX-Collaboration,https://github.com/sPHENIX-Collaboration,sPHENIX collaboration,sPHENIX is a new detector planned for the Relativistic Heavy Ion Collider facility at Brookhaven National Laboratory.,https://www.sphenix.bnl.gov/web/,75,2026-09-25,2015-04-22,,search,domain:bnl.gov
Department of Energy,Lawrence Livermore National Laboratory,sundials-codes,https://github.com/sundials-codes,SUNDIALS,https://computing.llnl.gov/projects/sundials,https://github.com/LLNL/sundials,35,2026-09-25,2019-06-04,,search,domain:llnl.gov
Department of Health and Human Services,Agency for Healthcare Research and Quality,AHRQ,https://github.com/AHRQ,Agency for Healthcare Research & Quality,,https://www.ahrq.gov,1,2026-06-11,2014-12-08,,search,domain:ahrq.gov
Department of Health and Human Services,,blue-button,https://github.com/blue-button,Blue Button,Helping all Americans get access to their health data.,,16,2020-10-31,2012-08-20,,governments.yml,override
Department of Health and Human Services,"National Cancer Institute, NIH",BrownellLab,https://github.com/BrownellLab,Brownell Lab,Brownell Lab in the NCI CCR Dermatology Department,https://ccr.cancer.gov/Dermatology-Branch/isaac-brownell,4,2017-01-25,2014-05-21,,search,domain:cancer.gov
Department of Health and Human Services,"National Cancer Institute, NIH",CBIIT,https://github.com/CBIIT,Center for Biomedical Informatics and Information Technology (CBIIT),,https://datascience.cancer.gov,792,2026-09-25,2014-01-14,,cms-allowlist,domain:cancer.gov
Department of Health and Human Services,"National Cancer Institute, NIH",CCBR,https://github.com/CCBR,CCR Collaborative Bioinformatics Resource,"CCR Collaborative Bioinformatics Resource, Center for Cancer Research (NCI), National Institutes of Health",https://bioinformatics.ccr.cancer.gov/ccbr/,97,2026-09-25,2015-01-06,,search,domain:cancer.gov
Department of Health and Human Services,Centers for Disease Control and Prevention,cdc-data,https://github.com/cdc-data,CDC Data,"Data shared by CDC to protect America from health, safety and security threats, both foreign and in the U.S. Not a CDC web site.",www.cdc.gov,0,,2020-05-06,yes,cdc-shareit;search,cdc-shareit
Department of Health and Human Services,Centers for Disease Control and Prevention,CDC-HIS,https://github.com/CDC-HIS,CDC-HIS,,https://cdc.gov,22,2026-08-28,2018-04-02,yes,cdc-shareit;search,cdc-shareit
Department of Health and Human Services,Centers for Disease Control and Prevention,cdcai,https://github.com/cdcai,CDC AI,"Collaborative software projects that use machine learning to save lives and protect people, both in the U.S. and abroad",http://open.cdc.gov/,20,2026-09-25,2019-10-04,yes,cdc-shareit;search,cdc-shareit
Department of Health and Human Services,Centers for Disease Control and Prevention,cdcent,https://github.com/cdcent,CDC Enterprise,"Enterprise software projects used by CDC. Open source, collaborative projects organized at https://github.com/cdcgov. No PII or PHI permitted",https://cdc.gov,0,,2019-07-09,yes,cdc-shareit;search,cdc-shareit
Department of Health and Human Services,Centers for Disease Control and Prevention,cdcepi,https://github.com/cdcepi,CDC Epidemic Prediction Initiative,,,32,2026-09-25,2016-02-17,,cdc-shareit,cdc-shareit
Department of Health and Human Services,Centers for Disease Control and Prevention,CDCgov,https://github.com/CDCgov,Centers for Disease Control and Prevention,"CDC's collaborative software projects to protect America from health, safety, and security threats, both foreign and in the U.S. No PII or PHI permitted",https://cdc.gov,573,2026-09-25,2015-04-24,yes,governments.yml;cms-allowlist;cdc-shareit;search,cdc-shareit
Department of Health and Human Services,Food and Drug Administration,CFSAN-Biostatistics,https://github.com/CFSAN-Biostatistics,HFP (Human Foods Program),,https://www.fda.gov/about-fda/fda-organization/human-foods-program,50,2026-09-25,2014-05-16,,cms-allowlist,domain:fda.gov
Department of Health and Human Services,National Institutes of Health,CIT-Comms,https://github.com/CIT-Comms,Center of Information Technology Communications,"We collaborate with the NIH intramural community in the areas of computational bioscience, engineering, informatics, and statistics.",https://www.cit.nih.gov,0,,2022-03-15,,search,domain:nih.gov
Department of Health and Human Services,Centers for Medicare and Medicaid Services,CMS-Enterprise,https://github.com/CMS-Enterprise,CMS-Enterprise,,https://cms.gov,76,2026-09-25,2022-05-08,yes,cms-metrics;search,cms-metrics
Department of Health and Human Services,Centers for Medicare and Medicaid Services,CMSgov,https://github.com/CMSgov,Centers for Medicare & Medicaid Services,,http://cms.gov,218,2026-09-26,2013-01-07,,governments.yml;cms-allowlist;cms-metrics;search,cms-metrics
Department of Health and Human Services,Food and Drug Administration,dbp-osel,https://github.com/dbp-osel,"Division of Biomedical Physics, OSEL, CDRH, FDA",Repository for work from DBP,https://www.fda.gov/about-fda/cdrh-offices/division-biomedical-physics,32,2026-08-15,2019-10-07,,search,domain:fda.gov
Department of Health and Human Services,,demand-driven-open-data,https://github.com/demand-driven-open-data,Demand-Driven Open Data (DDOD),"Tools and methods that provide a systematic, ongoing and transparent mechanism to tell data owners what's most valuable to you",,3,2017-08-07,2015-01-17,,governments.yml,override
Department of Health and Human Services,Food and Drug Administration,DIDSR,https://github.com/DIDSR,"DIDSR (Aldo Badano, Director)","FDA, CDRH, OSEL, Division of Imaging, Diagnostics, and Software Reliability",https://www.fda.gov/about-fda/cdrh-offices/division-imaging-diagnostics-and-software-reliability,109,2026-09-25,2015-06-26,,governments.yml;cms-allowlist;search,domain:fda.gov
Department of Health and Human Services,Centers for Medicare and Medicaid Services,DSACMS,https://github.com/DSACMS,DSACMS,Digital Service at CMS,https://cms.gov/digital-service/open-source-program-office,100,2026-09-25,2023-03-20,,governments.yml;cms-allowlist;cms-metrics;search,cms-metrics
Department of Health and Human Services,Centers for Medicare and Medicaid Services,Enterprise-CMCS,https://github.com/Enterprise-CMCS,CMCS | MACBIS,Center for Medicaid & CHIP Services,https://www.medicaid.gov/,47,2026-09-25,2022-03-21,,cms-allowlist;cms-metrics;search,cms-metrics
Department of Health and Human Services,Centers for Disease Control and Prevention,Epi-Info,https://github.com/Epi-Info,Epi Info,"Epi Info is used worldwide for the rapid assessment of disease outbreaks. CDC support for Epi Info end September 30th, 2025.",,22,2025-08-06,2016-01-22,,cdc-shareit,cdc-shareit
Department of Health and Human Services,Food and Drug Administration,FDA,https://github.com/FDA,Food and Drug Administration,The official GitHub page for the US Food and Drug Administration. Privacy Policy @ http://www.fda.gov/privacy,http://www.fda.gov/privacy,57,2026-09-25,2014-01-22,,governments.yml;cms-allowlist;search,domain:fda.gov
Department of Health and Human Services,"National Cancer Institute, NIH",Gu-Lab-RBL-NCI,https://github.com/Gu-Lab-RBL-NCI,Gu Lab - RNA Biology Laboratory (National Cancer Institute),,https://ccr.cancer.gov/RNA-Biology-Laboratory/shuo-gu,15,2024-10-16,2017-11-20,,search,domain:cancer.gov
Department of Health and Human Services,National Institutes of Health,HEAL,https://github.com/HEAL,NIH HEAL Initiative,A trans-NIH effort to improve prevention and treatment strategies for opioid misuse and addiction and to enhance pain management.,https://heal.nih.gov,5,2026-07-31,2022-03-08,,search,domain:nih.gov
Department of Health and Human Services,Office of the Secretary of Health and Human Services,HHS,https://github.com/HHS,U.S. Department of Health & Human Services,Please see our Vulnerability Disclosure Policy in the following link: https://www.hhs.gov/vulnerability-disclosure-policy/index.html,https://www.hhs.gov/about/agencies/asa/ocio/index.html,175,2026-09-25,2012-02-24,,governments.yml;cms-allowlist;search,domain:hhs.gov
Department of Health and Human Services,Administration for Children and Families,HHS-ACF,https://github.com/HHS-ACF,Administration for Children and Families,The Administration for Children & Families,https://acf.gov,0,,2026-02-02,,search,domain:acf.gov
Department of Health and Human Services,Agency for Healthcare Research and Quality,HHS-AHRQ,https://github.com/HHS-AHRQ,Agency for Healthcare Research and Quality (AHRQ),The Agency for Healthcare Research and Quality (AHRQ) is the lead Federal agency charged with improving the safety and quality of America's health care system.,http://www.ahrq.gov/,10,2026-06-09,2016-12-07,,governments.yml;cms-allowlist;search,domain:ahrq.gov
Department of Health and Human Services,Office of the Secretary of Health and Human Services,HHS-ASPR,https://github.com/HHS-ASPR,Administration for Strategic Preparedness and Response,The Administration for Strategic Preparedness and Response (ASPR) leads the nation's medical and public health preparedness.,https://aspr.hhs.gov,0,,2026-02-02,,search,domain:hhs.gov
Department of Health and Human Services,Health Resources and Services Administration,HHS-HRSA,https://github.com/HHS-HRSA,Health Resources & Services Administration (HRSA),"To improve health outcomes through access to quality services, a skilled health workforce, and innovative, high-value programs",https://hrsa.gov,0,,2022-05-04,,search,domain:hrsa.gov
Department of Health and Human Services,Office of the Secretary of Health and Human Services,HHS-IOS,https://github.com/HHS-IOS,Immediate Office of the Secretary (IOS),The Immediate Office of the Secretary is responsible for operations and coordination of the work of the Secretary.,https://www.hhs.gov/about/agencies/staff-divisions/immediate-office-secretary/index.html,0,,2026-02-25,,search,domain:hhs.gov
Department of Health and Human Services,"Office of Disease Prevention and Health Promotion, Office of the Secretary",HHS-OASH,https://github.com/HHS-OASH,Office of the Assistant Secretary for Health (OASH),The Office of the Assistant Secretary for Health (OASH) leaders are dedicated to developing policy recommendations for public health issue across HHS.,https://health.gov,0,,2026-02-25,,search,domain:health.gov
Department of Health and Human Services,"Office of the National Coordinator, Office of the Secretary",HHS-ONC,https://github.com/HHS-ONC,Office of the National Coordinator for Health IT,,https://www.healthit.gov/,0,,2019-12-12,,search,domain:healthit.gov
Department of Health and Human Services,Office of the Secretary of Health and Human Services,HHSDCD,https://github.com/HHSDCD,The ASPA Digital Communications Division (ASPA Digital),,https://www.hhs.gov/web/about-aspa-digital/index.html,0,,2020-05-18,,search,domain:hhs.gov
Department of Health and Human Services,,HHSDigitalMediaAPIPlatform,https://github.com/HHSDigitalMediaAPIPlatform,,,,10,2014-12-30,2014-07-11,,governments.yml,override
Department of Health and Human Services,Office of the Secretary of Health and Human Services,HHSIDEAlab,https://github.com/HHSIDEAlab,HHS IDEA Lab,,http://hhs.gov/idealab,6,2024-01-16,2013-08-30,,governments.yml;cms-allowlist;search,domain:hhs.gov
Department of Health and Human Services,National Institutes of Health,immuneregulome,https://github.com/immuneregulome,Neuro-Immune Regulome Unit - National Eye Institute - NIH,Repositories for Lab Protocols and Data Analysis code from the Neuro-Immune Regulome Unit led by Dr. Han-Yu Shih PhD (han-yu.shih[at]nih[dot]gov),https://www.nei.nih.gov/research/research-labs-and-branches/neuro-immune-regulome-unit,1,2021-04-13,2021-03-11,,search,domain:nih.gov
Department of Health and Human Services,Centers for Disease Control and Prevention,informaticslab,https://github.com/informaticslab,CDC Public Health Informatics Lab,,https://www.philab.cdc.gov/,2,2026-06-10,2012-06-05,,governments.yml;cms-allowlist;cdc-shareit;search,cdc-shareit
Department of Health and Human Services,,Innovation-Toolkit,https://github.com/Innovation-Toolkit,Innovation Toolkit,,,5,2015-03-28,2013-07-01,,governments.yml,override
Department of Health and Human Services,"National Cancer Institute, NIH",KolmogorovLab,https://github.com/KolmogorovLab,Kolmogorov lab at NCI,,https://ccr.cancer.gov/staff-directory/mikhail-kolmogorov,10,2026-09-09,2022-10-13,,search,domain:cancer.gov
Department of Health and Human Services,Centers for Medicare and Medicaid Services,MeasureAuthoringTool,https://github.com/MeasureAuthoringTool,Measure Authoring Tool,,https://madie.cms.gov/,75,2026-09-25,2019-09-27,,cms-metrics,cms-metrics
Department of Health and Human Services,National Institutes of Health,ncats,https://github.com/ncats,National Center for Advancing Translational Sciences,Source code repositories from NCATS.,https://ncats.nih.gov,149,2026-09-26,2012-05-23,,search,domain:nih.gov
Department of Health and Human Services,National Institutes of Health,ncbi,https://github.com/ncbi,NCBI - National Center for Biotechnology Information/NLM/NIH,,http://www.ncbi.nlm.nih.gov,152,2026-09-25,2013-03-08,,cms-allowlist;search,domain:nih.gov
Department of Health and Human Services,National Institutes of Health,ncbi-gpipe,https://github.com/ncbi-gpipe,NIH / NLM / NCBI - GPipe,National Center for Biotechnology Information Genome Pipelines,https://www.ncbi.nlm.nih.gov/genome/annotation_prok/,3,2024-02-12,2018-04-19,,search,domain:nih.gov
Department of Health and Human Services,National Institutes of Health,ncbi-nlp,https://github.com/ncbi-nlp,NLM BioNLP Research Group (PI: Zhiyong Lu),"These tools are the results of research conducted in the Computational Biology Branch, NLM/NCBI.",https://www.ncbi.nlm.nih.gov/research/bionlp,44,2026-07-27,2016-09-13,,search,domain:nih.gov
Department of Health and Human Services,"National Cancer Institute, NIH",NCI-C4CP,https://github.com/NCI-C4CP,NCI Connect for Cancer Prevention,,https://www.cancer.gov/connect-prevention-study/,7,2026-09-25,2024-10-31,,search,domain:cancer.gov
Department of Health and Human Services,"National Cancer Institute, NIH",NCI-CCR-OIT,https://github.com/NCI-CCR-OIT,NCI CCR Office of Information Technology,,https://ccr.cancer.gov/,24,2026-09-24,2015-10-16,,search,domain:cancer.gov
Department of Health and Human Services,"National Cancer Institute, NIH",NCI-CGR,https://github.com/NCI-CGR,NCI-Cancer Genomics Research Lab/FNLCR,,https://dceg.cancer.gov/about/organization/programs-hgp/cgr,73,2026-09-14,2017-10-24,,search,domain:cancer.gov
Department of Health and Human Services,"National Cancer Institute, NIH",NCI-CISNET,https://github.com/NCI-CISNET,Cancer Intervention and Surveillance Modeling Network (CISNET),CISNET is a consortium of NCI-sponsored investigators who use simulation modeling to improve our understanding of cancer control interventions.,https://cisnet.cancer.gov,3,2026-06-18,2019-11-20,,search,domain:cancer.gov
Department of Health and Human Services,National Institutes of Health,NCI-CTRP,https://github.com/NCI-CTRP,NCI-CTRP,Clinical Trials Reporting Program (CTRP),,2,2026-07-09,2023-03-01,yes,search,domain:nih.gov
Department of Health and Human Services,"National Cancer Institute, NIH",NCI-DCCPS,https://github.com/NCI-DCCPS,Division of Cancer Control and Population Sciences (DCCPS),,https://cancercontrol.cancer.gov,1,2026-09-25,2022-10-14,,search,domain:cancer.gov
Department of Health and Human Services,"National Cancer Institute, NIH",NCI-DCEG-LTG,https://github.com/NCI-DCEG-LTG,NCI DCEG LTG,The Laboratory of Translational Genomics Github,https://dceg.cancer.gov/about/organization/tdrp/ltg,7,2026-09-09,2025-11-20,,search,domain:cancer.gov
Department of Health and Human Services,"National Cancer Institute, NIH",NCI-GDC,https://github.com/NCI-GDC,Genomic Data Commons,,https://gdc.cancer.gov,91,2026-09-25,2014-06-13,,search,domain:cancer.gov
Department of Health and Human Services,"National Cancer Institute, NIH",nci-hcmi-catalog,https://github.com/nci-hcmi-catalog,Human Cancer Models Initiative - Catalog,,https://ocg.cancer.gov/programs/HCMI,3,2026-09-22,2018-02-21,,search,domain:cancer.gov
Department of Health and Human Services,National Institutes of Health,ncidose,https://github.com/ncidose,NCI Dose,,,2,2026-09-25,2026-06-23,yes,search,domain:nih.gov
Department of Health and Human Services,"National Cancer Institute, NIH",NCIOCPL,https://github.com/NCIOCPL,National Cancer Institute - Office of Communications and Public Liaison,,https://www.cancer.gov,125,2026-09-25,2016-10-04,,search,domain:cancer.gov
Department of Health and Human Services,National Institutes of Health,NCIP,https://github.com/NCIP,National Cancer Informatics Program,,http://ncip.nci.nih.gov/,159,2026-07-29,2012-09-20,,search,domain:nih.gov
Department of Health and Human Services,National Institutes of Health,NCIPangea,https://github.com/NCIPangea,NCIPangea,NCI's Pipelines for the ANalysis of GEnomics dAta,https://github.com/NCIPangea/NCIPangea,7,2026-09-25,2022-01-05,,search,domain:nih.gov
Department of Health and Human Services,National Institutes of Health,NDAR,https://github.com/NDAR,NIMH Data Archive,National Institute of Mental Health Data Archives,https://nda.nih.gov,20,2026-09-21,2013-08-20,,cms-allowlist;search,domain:nih.gov
Department of Health and Human Services,National Institutes of Health,NEI-NNRL,https://github.com/NEI-NNRL,"Neurobiology, Neurodegeneration and Repair Laboratory","NNRL is a lab in the National Eye Institute at the National Institutes of Health in Bethesda, MD.",https://www.nei.nih.gov/research/research-labs-and-branches/neurobiology-neurodegeneration-repair-laboratory,4,2026-03-23,2020-03-14,,search,domain:nih.gov
Department of Health and Human Services,National Institutes of Health,neurogenetics,https://github.com/neurogenetics,Laboratory of Neurogenetics - National Inst. of Aging - NIH,"Repositories for data and code from the Laboratory of Neurogenetics. For any questions or concerns, contact Mike Nalls - mike[at]datatecnica[dot]com",https://www.nia.nih.gov/research/labs/lng,49,2026-09-24,2018-06-18,,search,domain:nih.gov
Department of Health and Human Services,Centers for Disease Control and Prevention,nhanes,https://github.com/nhanes,NHANES,Informal group of public users of NHANES,http://www.cdc.gov/nchs/nhanes.htm,3,2014-09-25,2014-05-05,,governments.yml;cms-allowlist,domain:cdc.gov
Department of Health and Human Services,National Institutes of Health,NHGRI,https://github.com/NHGRI,National Human Genome Research Institute,"The driving force for advancing genomics research at the National Institutes of Health (NIH), the largest biomedical research agency in the world.",https://www.genome.gov/,4,2026-09-02,2021-01-12,,search,domain:genome.gov
Department of Health and Human Services,National Institutes of Health,NHGRI-dog-genome-group,https://github.com/NHGRI-dog-genome-group,NHGRI Dog Genome Project,,,2,2026-06-02,2021-07-21,,search,domain:nih.gov
Department of Health and Human Services,National Institutes of Health,nhgri-test,https://github.com/nhgri-test,National Human Genome Research Institute-Test,,https://www.genome.gov,1,2019-07-15,2019-07-12,,search,domain:genome.gov
Department of Health and Human Services,National Institutes of Health,NHLBI,https://github.com/NHLBI,"National Heart, Lung and Blood Institute","Provides global leadership for a research, training, and education program to promote the prevention and treatment of heart, lung, and blood disorders.",http://www.nhlbi.nih.gov/,6,2026-08-28,2013-04-04,,search,domain:nih.gov
Department of Health and Human Services,National Institutes of Health,niaid,https://github.com/niaid,National Institute of Allergy and Infectious Diseases (NIAID),,https://www.niaid.nih.gov,176,2026-09-25,2014-09-08,,search,domain:nih.gov
Department of Health and Human Services,National Institutes of Health,NIAID-Data-Ecosystem,https://github.com/NIAID-Data-Ecosystem,NIAID Data Ecosystem,"Accelerate research by efficiently finding datasets, discovering software tools, and creating reproducible and shareable analyses in a collaborative workspace",data.niaid.nih.gov,13,2026-09-25,2021-09-13,,search,domain:nih.gov
Department of Health and Human Services,National Institutes of Health,NIAID-RTB,https://github.com/NIAID-RTB,Research Technologies Branch - NIAID,,http://www.niaid.nih.gov/LabsAndResources/labs/aboutlabs/rtb/Pages/default.aspx,0,,2012-12-06,,search,domain:nih.gov
Department of Health and Human Services,National Institutes of Health,NICHD-BSPC,https://github.com/NICHD-BSPC,NIH/NICHD Bioinformatics and Scientific Programming Core,,https://bioinformatics.nichd.nih.gov,29,2026-09-24,2018-10-12,,cms-allowlist;search,domain:nih.gov
Department of Health and Human Services,National Institutes of Health,NICHD-DataChallenge,https://github.com/NICHD-DataChallenge,NICHD Data Challenge,Decoding maternal morbidity using nuMom2b study.,https://github.com/NICHD-DataChallenge,1,2021-10-01,2021-06-17,,search,domain:nih.gov
Department of Health and Human Services,National Institutes of Health,NIDA-IRP,https://github.com/NIDA-IRP,"National Institute on Drug Abuse, Intramural Research Program","Dedicated to understanding the causes, consequences and treatment of substance use disorders.",https://irp.nida.nih.gov/,0,,2021-04-08,,search,domain:nih.gov
Department of Health and Human Services,"National Institute on Drug Abuse, NIH",NIDA-IRP-CCMB,https://github.com/NIDA-IRP-CCMB,Computational Chemistry & Molecular Biophysics Section,"Molecular Targets & Medications Discovery Branch, Intramural Research Program, National Institute on Drug Abuse",https://irp.drugabuse.gov/organization/mtmdb/ccmbu/,4,2026-09-23,2021-05-04,,search,domain:drugabuse.gov
Department of Health and Human Services,National Institutes of Health,NIDAP-Community,https://github.com/NIDAP-Community,NIDAP Community,This site contains code for templates run on the NIH Integrated Data Analysis Portal (NIDAP). It also contains Reproducible Research Repository (R3) workflows,,72,2026-09-25,2021-04-26,yes,search,domain:nih.gov
Department of Health and Human Services,National Institutes of Health,NIDCD,https://github.com/NIDCD,"Brain Imaging and Modeling Lab, NIDCD/NIH",Large-Scale Neural Simulator (LSNM),https://www.nidcd.nih.gov/research/labs/brain-imaging-and-modeling-section,7,2025-05-12,2014-09-25,,governments.yml;cms-allowlist;search,domain:nih.gov
Department of Health and Human Services,National Institutes of Health,niddk,https://github.com/niddk,NIDDK @ NIH,"The National Institute of Diabetes and Digestive and Kidney Diseases (NIDDK), part of the National Institutes of Health (NIH).",https://www.niddk.nih.gov,1,2024-01-23,2014-09-27,,search,domain:nih.gov
Department of Health and Human Services,National Institutes of Health,niddk-tao,https://github.com/niddk-tao,NIDDK TAO,"The NIDDK Technology Advancement Office (TAO) facilitates the exchange, evaluation, patenting, and licensing of new inventions and discoveries.",https://www.niddk.nih.gov/research-funding/technology-advancement-transfer,0,,2021-12-07,,search,domain:nih.gov
Department of Health and Human Services,National Institutes of Health,NIEHS,https://github.com/NIEHS,National Institute of Environmental Health Sciences,The mission of the National Institute of Environmental Health Sciences is to discover how the environment affects people in order to promote healthier lives.,https://www.niehs.nih.gov/,91,2026-09-25,2016-10-19,,search,domain:nih.gov
Department of Health and Human Services,National Institutes of Health,NIH-Auth-Services,https://github.com/NIH-Auth-Services,NIH Auth Services,"NIH’s efforts toward a modernized, FAIR, biomedical data ecosystem.",https://datascience.nih.gov/researcher-auth-service-initiative,0,,2021-03-03,,search,domain:nih.gov
Department of Health and Human Services,National Institutes of Health,NIH-CARD,https://github.com/NIH-CARD,Center for Alzheimer’s and Related Dementias (CARD),Repository for Center for Alzheimer’s and Related Dementias projects,https://www.nia.nih.gov/research/card,69,2026-09-25,2021-04-12,,search,domain:nih.gov
Department of Health and Human Services,National Institutes of Health,NIH-CIF,https://github.com/NIH-CIF,Coding It Forward,"NIH is hosting Civic Digital Fellows from Coding it Forward, a non-profit focused on the next generation of technology leaders.",https://datascience.nih.gov/meet-fall-2020-coding-it-forward-civic-digital-fellows,1,2023-10-04,2020-11-10,,search,domain:nih.gov
Department of Health and Human Services,National Institutes of Health,NIH-CIT-NS,https://github.com/NIH-CIT-NS,"Network Services, Center for Information Technology","Plans, manages, and coordinates all aspects of the NIH secure network infrastructure and services.",https://www.cit.nih.gov/about-cit/network-services-ns,0,,2023-05-04,,search,domain:nih.gov
Department of Health and Human Services,National Institutes of Health,NIH-CIT-OIR-SPIS,https://github.com/NIH-CIT-OIR-SPIS,IDEAS,Instrumentation Development and Engineering Application Solutions,https://www.nibib.nih.gov/labs-at-nibib/ideas-lab/home,8,2024-08-13,2016-04-20,,search,domain:nih.gov
Department of Health and Human Services,National Institutes of Health,NIH-CSR,https://github.com/NIH-CSR,Center for Scientific Review (CSR),Gateway for NIH grant applications and their review for scientific merit.,https://public.csr.nih.gov/,0,,2022-03-03,,search,domain:nih.gov
Department of Health and Human Services,National Institutes of Health,NIH-FIC,https://github.com/NIH-FIC,Fogarty International Center @ NIH,Coding a world in which the frontiers of health research extend across the globe and advances in science are implemented to reduce the burden of disease.,https://www.fic.nih.gov/,0,,2022-04-15,,search,domain:nih.gov
Department of Health and Human Services,National Institutes of Health,nih-fmrif,https://github.com/nih-fmrif,NIMH Functional MRI Facility,,http://fmrif.nimh.nih.gov,82,2026-09-25,2013-02-08,,search,domain:nih.gov
Department of Health and Human Services,National Institutes of Health,NIH-HPC,https://github.com/NIH-HPC,High-Performance Computing at the NIH,"Repositories for tools developed by the NIH HPC staff. These tools are made available here as a courtesy, without any guarantee of support",https://hpc.nih.gov,26,2026-08-27,2017-03-27,,search,domain:nih.gov
Department of Health and Human Services,National Institutes of Health,NIH-LCP,https://github.com/NIH-LCP,Laboratory of Chemical Physics at National Institutes of Health,,https://www.niddk.nih.gov/research-funding/at-niddk/labs-branches/laboratory-chemical-physics,4,2022-02-07,2019-09-25,,search,domain:nih.gov
Department of Health and Human Services,National Institutes of Health,NIH-Library,https://github.com/NIH-Library,National Institutes of Health Library,"The NIH Library is a biomedical research library, whose collection and services support the programs of the National Institutes of Heallth",https://www.nihlibrary.nih.gov/,3,2026-09-01,2023-07-27,,search,domain:nih.gov
Department of Health and Human Services,National Institutes of Health,NIH-NEI,https://github.com/NIH-NEI,National Eye Institute,"For more than 50 years, the National Eye Institute (NEI) has been on the front lines of vision research.",https://nei.nih.gov/,39,2026-07-24,2020-12-03,,search,domain:nih.gov
Department of Health and Human Services,National Institutes of Health,NIH-NHLBI,https://github.com/NIH-NHLBI,"National Heart, Lung, and Blood Institute (NHLBI)","Provides global leadership for a research, training, and education program to promote the prevention and treatment of heart, lung, and blood disorders.",https://www.nhlbi.nih.gov/,0,,2022-07-25,,search,domain:nih.gov
Department of Health and Human Services,National Institutes of Health,NIH-NIAMS,https://github.com/NIH-NIAMS,National Institute of Arthritis and Musculoskeletal and Skin Diseases,"To support research into the causes, treatment, and prevention of arthritis and musculoskeletal and skin diseases.",https://www.niams.nih.gov,1,2022-06-29,2022-01-13,,search,domain:nih.gov
Department of Health and Human Services,National Institutes of Health,NIH-NICHD,https://github.com/NIH-NICHD,National Institute of Child Health and Human Development,"To investigate human development throughout the entire life process, with a focus on understanding disabilities and important events that occur during pregnancy",https://www.nichd.nih.gov,36,2026-01-09,2021-05-17,,search,domain:nih.gov
Department of Health and Human Services,National Institutes of Health,NIH-NICHD-DASH,https://github.com/NIH-NICHD-DASH,NICHD Data and Specimen Hub,A centralized resource that allows researchers to share and access de-identified data from studies funded by NICHD.,https://dash.nichd.nih.gov,0,,2021-07-16,,search,domain:nih.gov
Department of Health and Human Services,"National Institute on Drug Abuse, NIH",nih-nida,https://github.com/nih-nida,National Institute on Drug Abuse,,http://www.drugabuse.gov,5,2025-04-22,2016-08-16,,search,domain:drugabuse.gov
Department of Health and Human Services,National Institutes of Health,NIH-NIMH,https://github.com/NIH-NIMH,National Institute of Mental Health (NIMH),The lead federal agency for research on mental disorders.,https://www.nimh.nih.gov/,3,2026-08-21,2023-07-27,,search,domain:nih.gov
Department of Health and Human Services,National Institutes of Health,NIH-NIMHD,https://github.com/NIH-NIMHD,National Institute on Minority Health and Health Disparities (NIMHD),To lead scientific research to improve minority health and reduce health disparities.,https://www.nimhd.nih.gov/,0,,2023-10-16,,search,domain:nih.gov
Department of Health and Human Services,National Institutes of Health,NIH-NINDS,https://github.com/NIH-NINDS,National Institute of Neurological Disorders and Stroke,To seek fundamental knowledge about the brain and nervous system and to use that knowledge to reduce the burden of neurological disease for all people.,https://www.ninds.nih.gov,0,,2020-12-03,,search,domain:nih.gov
Department of Health and Human Services,National Institutes of Health,NIH-NINR,https://github.com/NIH-NINR,National Institute of Nursing Research,"The mission of the National Institute of Nursing Research (NINR) is to promote and improve the health of individuals, families, and communities.",https://www.ninr.nih.gov,0,,2020-07-28,,search,domain:nih.gov
Department of Health and Human Services,National Institutes of Health,NIH-OD,https://github.com/NIH-OD,Office of the Director,"Responsible for setting policy for NIH and for planning, managing, and coordinating the programs and activities of all the NIH components.",https://www.nih.gov/institutes-nih/nih-office-director,0,,2023-03-27,,search,domain:nih.gov
Department of Health and Human Services,National Institutes of Health,NIH-OD-OER,https://github.com/NIH-OD-OER,Office of Extramural Research,"Supports the entire NIH extramural research community by providing policy, guidance, systems and other support to the recipient community and the 24 NIH ICs.",https://grants.nih.gov/aboutoer/intro2oer.htm,0,,2023-01-04,,search,domain:nih.gov
Department of Health and Human Services,National Institutes of Health,NIH-OD-OHR,https://github.com/NIH-OD-OHR,Office of Human Resources,,https://hr.nih.gov/,0,,2021-07-13,,search,domain:nih.gov
Department of Health and Human Services,National Institutes of Health,NIH-OD-OM-OFM,https://github.com/NIH-OD-OM-OFM,Office of Financial Management (OFM)​​,Provides central accounting and reporting for all financial transactions that originate from the 27 Institutes and Centers (ICs).,https://ofm.od.nih.gov/,0,,2023-11-07,,search,domain:nih.gov
Department of Health and Human Services,National Institutes of Health,NIH-ODSS,https://github.com/NIH-ODSS,Office of Data Science Strategy (ODSS),"Leads implementation of the NIH Strategic Plan for Data Science through scientific, technical, and operational collaboration.",https://datascience.nih.gov/,3,2025-08-06,2021-05-04,,search,domain:nih.gov
Department of Health and Human Services,National Institutes of Health,NIH-OIIT,https://github.com/NIH-OIIT,ORS Office of Innovation and Information Technology,"Leads the management and development of information technology by providing secure, well-managed operations and solutions for ORS and ORF communities.",https://oiit.ors.od.nih.gov/Pages/default.aspx,0,,2022-01-24,,search,domain:nih.gov
Department of Health and Human Services,National Institutes of Health,NIH-OITE,https://github.com/NIH-OITE,Office of Intramural Training and Education,Our mission is to enhance the training experience of students and fellows on all of the NIH campuses.,https://www.training.nih.gov,0,,2023-04-14,,search,domain:nih.gov
Department of Health and Human Services,National Institutes of Health,NIH-ORF,https://github.com/NIH-ORF,Office of Research Facilities,"Supports the NIH mission by providing, maintaining, and operating safe, healthy, and attractive facilities.",https://orf.od.nih.gov/,0,,2023-02-17,,search,domain:nih.gov
Department of Health and Human Services,National Institutes of Health,NIH-ORS,https://github.com/NIH-ORS,Office of Research Services,"Providing responsive, reliable, and adaptive safety, security, regulatory, employee and scientific support services to enable current and evolving NIH research.",https://ors.od.nih.gov/,0,,2023-02-17,,search,domain:nih.gov
Department of Health and Human Services,National Institutes of Health,NIH-OST-TEST,https://github.com/NIH-OST-TEST,NIH-OST-TEST,OST- Testing platform,,0,,2026-02-02,,search,domain:nih.gov
Department of Health and Human Services,National Institutes of Health,NIH-OTT,https://github.com/NIH-OTT,NIH Office of Technology Transfer (OTT),Playing a strategic role by supporting the patenting and licensing efforts of our NIH ICs.,https://www.ott.nih.gov/,0,,2021-09-08,,search,domain:nih.gov
Department of Health and Human Services,National Institutes of Health,NIH-ScHARe,https://github.com/NIH-ScHARe,Science Collaborative for Health and Artificial intelligence Reduction of Errors (SCHARE),Cloud-based social science data platform designed to accelerate research in population health.,https://nimhd.nih.gov/resources/schare/,4,2026-06-19,2021-07-14,,search,domain:nih.gov
Department of Health and Human Services,National Institutes of Health,nih-sparc,https://github.com/nih-sparc,NIH SPARC,,https://commonfund.nih.gov/sparc,17,2026-09-24,2019-01-22,,search,domain:nih.gov
Department of Health and Human Services,National Institutes of Health,NIH-Test,https://github.com/NIH-Test,NIH Test Org,,,0,,2022-03-24,,search,domain:nih.gov
Department of Health and Human Services,National Institutes of Health,NIHGOV,https://github.com/NIHGOV,National Institutes of Health,NIH…Turning Discovery Into Health®,https://nih.gov/,3,2026-09-23,2019-07-09,yes,search,domain:nih.gov
Department of Health and Human Services,National Institutes of Health,NIHL,https://github.com/NIHL,National Institutes of Health Library (OLD),"This is the old library-managed subscription. Any content to keep should move to NIH-Library, on the NIH-managed GitHub.",http://nihlibrary.nih.gov,0,,2015-08-20,,search,domain:nih.gov
Department of Health and Human Services,National Institutes of Health,NIHOPA,https://github.com/NIHOPA,"NIH Office of Portfolio Analysis, DPCPSI/OD",,http://dpcpsi.nih.gov/opa,6,2026-04-06,2015-09-02,,search,domain:nih.gov
Department of Health and Human Services,National Institutes of Health,nimh-dsst,https://github.com/nimh-dsst,National Institute of Mental Health Data Science & Sharing Team,"Supporting investigators within the NIMH intramural research program in creating, distributing, and leveraging large, open datasets to accelerate discovery.",https://dsst.nimh.nih.gov,81,2026-09-24,2023-02-03,,search,domain:nih.gov
Department of Health and Human Services,National Institutes of Health,NIMH-MLT,https://github.com/NIMH-MLT,NIMH Machine Learning Core,,https://cmn.nimh.nih.gov/mlt,8,2026-09-24,2024-02-15,,search,domain:nih.gov
Department of Health and Human Services,National Institutes of Health,nimh-nif,https://github.com/nimh-nif,Neurophysiology Imaging Facility (NIF),"The Neurophysiology Imaging Facility provides anatomical and functional MRI scanning for researchers in the NIMH, NEI & NINDS institutes.",https://www.nimh.nih.gov/labs-at-nimh/research-areas/research-support-services,4,2022-04-18,2014-04-24,,search,domain:nih.gov
Department of Health and Human Services,National Institutes of Health,NIMH-SCCN,https://github.com/NIMH-SCCN,"Section on Cellular and Cognitive Neurodevelopment, National Institute of Mental Health",,https://www.nimh.nih.gov/research/research-conducted-at-nimh/research-areas/clinics-and-labs/sccn,1,2025-03-12,2023-08-09,,search,domain:nih.gov
Department of Health and Human Services,National Institutes of Health,NIMH-SDAN,https://github.com/NIMH-SDAN,NIMH-SDAN,,https://www.nimh.nih.gov/research/research-conducted-at-nimh/research-areas/clinics-and-labs/edb/sdan,12,2026-09-09,2024-01-17,,search,domain:nih.gov
Department of Health and Human Services,National Institutes of Health,nimh-sfim,https://github.com/nimh-sfim,Section on Functional Imaging Methods,NIMH Section on Functional Imaging Methods,https://fim.nimh.nih.gov/,35,2026-09-04,2020-09-01,,cms-allowlist;search,domain:nih.gov
Department of Health and Human Services,National Institutes of Health,nimh-uncl,https://github.com/nimh-uncl,nimh-uncl,Github organization for the Unit on the Neural Computations in Learning at the NIMH,https://www.nimh.nih.gov/research/research-conducted-at-nimh/principal-investigators/angela-langdon-phd,1,2021-08-08,2023-09-19,,search,domain:nih.gov
Department of Health and Human Services,Centers for Disease Control and Prevention,niosh-mining,https://github.com/niosh-mining,NIOSH Mining Program,The NIOSH Mining Program will be using this site for open source collaboration with researchers and our stakeholders to test and develop new software solutions.,https://www.cdc.gov/niosh/mining,7,2026-08-20,2017-09-15,yes,cdc-shareit,cdc-shareit
Department of Health and Human Services,National Institutes of Health,Nitrogen-DCPPC,https://github.com/Nitrogen-DCPPC,Nitrogen-DCPPC,Key Capability 1 - FAIRness Guidelines and Evaluation in the NIH Data Commons Pilot Phase Consortium,https://commonfund.nih.gov/commons,0,,2018-04-24,,search,domain:nih.gov
Department of Health and Human Services,National Institutes of Health,NLM-DIR,https://github.com/NLM-DIR,NLM Division of Intramural Research,,https://www.nlm.nih.gov/research/index.html,28,2026-09-26,2026-01-27,,cms-allowlist;search,domain:nih.gov
Department of Health and Human Services,National Institutes of Health,nlm-irp-jianglab,https://github.com/nlm-irp-jianglab,Jiang Lab @NLM/IRP,Research conducted in the Jiang Lab in the Intramural Research Program at National Library of Medicine.,https://www.ncbi.nlm.nih.gov/CBBresearch/jianglab,24,2026-06-18,2022-05-18,,search,domain:nih.gov
Department of Health and Human Services,National Institutes of Health,nlm-malaria,https://github.com/nlm-malaria,"Malaria project, National Library of Medicine.",This is the official repository for the NLM Malaria project.,https://lhncbc.nlm.nih.gov/project/malaria-screener,0,,2020-10-19,,search,domain:nih.gov
Department of Health and Human Services,National Institutes of Health,NLM-OCCS,https://github.com/NLM-OCCS,U.S. National Library of Medicine,Office of Computer and Communications Systems,https://www.nlm.nih.gov/occs/occs.html,0,,2013-05-17,,search,domain:nih.gov
Department of Health and Human Services,National Institutes of Health,NLMLHC,https://github.com/NLMLHC,Lister Hill National Center,Note: Additional repositories from NLM LHC can be found at https://github.com/lhncbc.,http://lhncbc.nlm.nih.gov,0,,2021-04-30,,search,domain:nih.gov
Department of Health and Human Services,"National Cancer Institute, NIH",ods-data-jamboree-2025,https://github.com/ods-data-jamboree-2025,NCI Office of Data Sharing Data Jamboree - 2025,GitHub project for the 2025 NCI ODS Data Jamboree—Advancing Discovery through Open Collaboration and Promotion of Reuse of Pediatric Cancer Data,https://events.cancer.gov/nci/ods-data-jamboree,10,2026-03-11,2025-09-03,,search,domain:cancer.gov
Department of Health and Human Services,"Office of the National Coordinator, Office of the Secretary",onc-healthit,https://github.com/onc-healthit,Office of the National Coordinator for Health IT,The Office of the National Coordinator for Health IT (ONC) improves the health & well-being of individuals through the use of technology & health information.,healthit.gov,72,2026-09-26,2013-08-20,,search,domain:healthit.gov
Department of Health and Human Services,Food and Drug Administration,OSEL-DAM,https://github.com/OSEL-DAM,OSEL-DAM,FDA/CDRH/OSEL/Division of Applied Mechanics,https://www.fda.gov/about-fda/cdrh-offices/division-applied-mechanics,12,2026-09-03,2022-04-13,,search,domain:fda.gov
Department of Health and Human Services,National Institutes of Health,QVEU,https://github.com/QVEU,Quantitative Virology and Evolution Unit,NIH-NIAID,https://qveu.github.io/QVEU/,26,2026-09-25,2021-07-07,,search,domain:nih.gov
Department of Health and Human Services,National Institutes of Health,STRIDES,https://github.com/STRIDES,STRIDES,"NIH Science and Technology Research Infrastructure for Discovery, Experimentation, and Sustainability (STRIDES) Initiative",https://cloud.nih.gov/,10,2026-09-17,2020-08-17,,search,domain:nih.gov
Department of Homeland Security,Cybersecurity and Infrastructure Security Agency,cisagov,https://github.com/cisagov,Cybersecurity and Infrastructure Security Agency,"Commit today, secure tomorrow.",https://cisa.gov/about,486,2026-09-26,2016-04-18,yes,governments.yml;cms-allowlist;search,domain:cisa.gov
Department of Homeland Security,Management Directorate,dhs-gov,https://github.com/dhs-gov,U.S. Department of Homeland Security,,https://www.dhs.gov,19,2026-03-06,2018-03-11,,governments.yml;cms-allowlist;search,domain:dhs.gov
Department of Homeland Security,Management Directorate,DHS-SVIP,https://github.com/DHS-SVIP,DHS Silicon Valley Innovation Program,Accelerating technology transition to market,https://www.dhs.gov/science-and-technology/svip,4,2024-11-21,2020-09-22,,search,domain:dhs.gov
Department of Homeland Security,Federal Emergency Management Agency,FEMA,https://github.com/FEMA,Federal Emergency Management Agency (FEMA),"Helping people before, during, and after disasters.",www.fema.gov,10,2025-10-22,2013-11-08,,governments.yml;cms-allowlist;search,domain:fema.gov
Department of Homeland Security,Management Directorate,FEMA-Crowdsourcing-Exchange,https://github.com/FEMA-Crowdsourcing-Exchange,FEMA Crowdsourcing Exchange,,,4,2017-10-21,2017-10-20,,search,domain:dhs.gov
Department of Homeland Security,Management Directorate,nhrap-hazus,https://github.com/nhrap-hazus,FEMA Natural Hazards Risk Assessment Program | Hazus,Open source risk assessment tools from FEMA's Natural Hazards Risk Assessment Program,,6,2022-03-30,2019-05-30,,search,domain:dhs.gov
Department of Homeland Security,Cybersecurity and Infrastructure Security Agency,SBOM-Community,https://github.com/SBOM-Community,SBOM Community,Members of the CISA SBOM community lead and participate in tiger teams focused on a specific SBOM-related topic,https://www.cisa.gov/sbom,4,2026-02-02,2024-07-18,,search,domain:cisa.gov
Department of Homeland Security,U.S. Customs and Border Protection,US-CBP,https://github.com/US-CBP,U.S. Customs and Border Protection,"To serve as the premier law enforcement agency enhancing the Nation's safety, security, and prosperity through collaboration, innovation, and integration.",https://www.cbp.gov/,11,2026-09-24,2016-06-29,,governments.yml;cms-allowlist,domain:cbp.gov
Department of Homeland Security,Management Directorate,USCIS,https://github.com/USCIS,USCIS,,,2,2022-08-12,2020-04-15,,governments.yml;cms-allowlist;search,domain:dhs.gov
Department of Homeland Security,Management Directorate,usdhs,https://github.com/usdhs,U.S. Department of Homeland Security,,https://www.dhs.gov,0,,2016-05-17,,search,domain:dhs.gov
Department of Housing and Urban Development,,HUD-OIG,https://github.com/HUD-OIG,HUD OIG,Office of the Inspector General - US. Department of Housing and Urban Development,"https://www,hudoig.gov",0,,2022-08-09,,search,domain:hudoig.gov
Department of Housing and Urban Development,,HUDgov,https://github.com/HUDgov,United States Department of Housing and Urban Development,,https://hud.gov,2,2026-07-13,2017-06-22,,search,domain:hud.gov
Department of Justice,"Bureau of Alcohol, Tobacco, Firearms, and Explosives",atfweb,https://github.com/atfweb,ATF,"Bureau of Alcohol, Tobacco, Firearms and Explosives",atf.gov,5,2025-09-29,2016-03-22,,search,domain:atf.gov
Department of Justice,Federal Bureau of Investigation,fbicyber,https://github.com/fbicyber,FBI Cyber Division,,https://fbi.gov/cyber,10,2026-09-25,2023-04-23,,search,domain:fbi.gov
Department of Justice,,usdoj,https://github.com/usdoj,,,,7,2026-09-25,2015-09-15,,governments.yml;cms-allowlist,override
Department of Labor,,oshadatasci,https://github.com/oshadatasci,oshadatasci,Repositories from OSHA's Data Science Team,http://www.osha.gov,4,2016-05-31,2015-10-23,,search,domain:osha.gov
Department of Labor,,USDepartmentofLabor,https://github.com/USDepartmentofLabor,,,,89,2026-07-14,2012-08-28,,governments.yml,override
Department of State,,CA-CST-Library,https://github.com/CA-CST-Library,CA-CST Code Reuse Library,"Library dedicated to open source code reuse, for Consular Systems and Technology division",,3,2015-09-02,2014-09-04,,governments.yml,override
Department of State,Bureau of Global Public Affairs,CA-CST-SII,https://github.com/CA-CST-SII,CA/CST/Systems Integration & Innovation Division,Colaborative Division Forum,https://ca-cst-sii.github.io/,2,2022-05-11,2014-04-29,,governments.yml,domain:state.gov
Department of State,Bureau of Global Public Affairs,dfafacts,https://github.com/dfafacts,"U.S. Department of State, FAO/MEA",,,3,2020-12-10,2019-01-21,,search,domain:state.gov
Department of State,Bureau of Global Public Affairs,ECA-Websites,https://github.com/ECA-Websites,Bureau of Educational & Cultural Affairs,,http://eca.state.gov,0,,2011-12-01,,search,domain:state.gov
Department of State,Bureau of Global Public Affairs,HistoryAtState,https://github.com/HistoryAtState,"Office of the Historian, U.S. Department of State",,https://history.state.gov/,28,2026-09-26,2013-05-08,,governments.yml;cms-allowlist;search,domain:state.gov
Department of State,,IIP-Design,https://github.com/IIP-Design,IIP Design - Legacy,,,2,2026-09-13,2013-08-20,,governments.yml,override
Department of State,Bureau of Global Public Affairs,state-hiu,https://github.com/state-hiu,Humanitarian Information Unit,"U.S. Department of State, Humanitarian Information Unit",https://hiu.state.gov,68,2023-10-17,2012-08-01,,governments.yml;cms-allowlist;search,domain:state.gov
Department of State,,USAID,https://github.com/USAID,United States Agency for International Development,USAID is the lead U.S. Government agency that works to end extreme global poverty. Find our privacy policy at www.usaid.gov/privacy-policy,http://www.usaid.gov,8,2023-06-22,2013-04-03,,governments.yml;cms-allowlist;search,domain:usaid.gov
Department of State,,USStateDept,https://github.com/USStateDept,U.S. Department of State,The GitHub Organization for the U.S. Department of State,,85,2025-07-17,2013-12-11,,governments.yml;cms-allowlist,override
Department of the Interior,,arcticlcc,https://github.com/arcticlcc,Arctic LCC,,arcticlcc.org,18,2023-04-16,2012-05-05,,governments.yml,override
Department of the Interior,Bureau of Indian Affairs,DOI-BIA,https://github.com/DOI-BIA,Bureau of Indian Affairs,Github account for DOI-BIA,https://www.bia.gov,1,2026-04-22,2020-08-05,,search,domain:bia.gov
Department of the Interior,,DOI-BIO,https://github.com/DOI-BIO,DOI-Business Integration Office,Business Integration Office GitHub,https://www.doi.gov/pmb/fbms/business-integration-office-bio,0,,2022-03-23,,search,domain:doi.gov
Department of the Interior,Bureau of Land Management,DOI-BLM,https://github.com/DOI-BLM,BLM,"The Bureau of Land Management's mission is to sustain the health, diversity, and productivity of America’s public lands.",www.blm.gov,7,2026-01-21,2017-05-09,,search,domain:blm.gov
Department of the Interior,Bureau of Land Management,DOI-BLM-Test,https://github.com/DOI-BLM-Test,Bureau of Land Management,Bureau of Land Management GitHub Repository,https://www.blm.gov/,2,2022-05-13,2022-03-23,yes,search,domain:blm.gov
Department of the Interior,Bureau of Reclamation,DOI-BOR,https://github.com/DOI-BOR,Bureau of Reclamation,Bureau of Reclamation DOI GitHub,https://www.usbr.gov/,63,2026-09-23,2022-03-23,,search,domain:usbr.gov
Department of the Interior,,DOI-BSEE,https://github.com/DOI-BSEE,Bureau of Safety and Environmental Enforcement,BSEE/BOEM GitHub Repos,,0,,2022-03-23,,search,domain:doi.gov
Department of the Interior,,DOI-BTFA,https://github.com/DOI-BTFA,Bureau of Trust Funds Accounting (BTFA),Repository for BTFA Development,https://www.doi.gov/ost/,0,,2022-03-23,,search,domain:doi.gov
Department of the Interior,,DOI-Enterprise-Test,https://github.com/DOI-Enterprise-Test,U.S. Department of the Interior,Test environment for U.S. Department of the Interior Organizations,https://doi.gov/,6,2026-08-17,2022-05-25,yes,search,domain:doi.gov
Department of the Interior,,DOI-InteriorBusinessCenter,https://github.com/DOI-InteriorBusinessCenter,DOI-Interior Business Center,Interior Business Center GITHub,https://www.doi.gov/ibc,0,,2022-03-23,,search,domain:doi.gov
Department of the Interior,National Park Service,DOI-NPS,https://github.com/DOI-NPS,U.S. National Park Service,"Since 1916, the American people have entrusted the National Park Service with the care of their National Parks.",https://www.nps.gov,33,2026-09-25,2023-12-05,,search,domain:nps.gov
Department of the Interior,Office of Inspector General,DOI-OIG,https://github.com/DOI-OIG,DOI-Office of Inspector General,Office of Inspector General GitHub,https://www.doioig.gov/,0,,2022-03-23,,search,domain:doioig.gov
Department of the Interior,,DOI-OLE,https://github.com/DOI-OLE,DOI-Office of Law Enforcement and Security,Office of Law Enforcement and Security GitHub,https://www.doi.gov/oles,0,,2022-03-23,,search,domain:doi.gov
Department of the Interior,Minerals Management Service,DOI-ONRR,https://github.com/DOI-ONRR,Office of Natural Resources Revenue,"ONRR collects, accounts for, and verifies natural resource and energy revenues due to states, American Indians, and the U.S. Treasury.",https://www.onrr.gov,21,2026-09-25,2022-03-23,,search,domain:onrr.gov
Department of the Interior,,doi-open-data,https://github.com/doi-open-data,Department of the Interior Open Data,,data.doi.gov,0,,2020-11-05,,governments.yml;cms-allowlist;search,domain:doi.gov
Department of the Interior,United States Geological Survey,DOI-OS-ORDA,https://github.com/DOI-OS-ORDA,Office of Restoration and Damage Assessment (ORDA),,https://www.cerc.usgs.gov/orda_docs/,3,2026-09-26,2024-11-19,,search,domain:usgs.gov
Department of the Interior,Office of Surface Mining Reclamation and Enforcement,DOI-OSM,https://github.com/DOI-OSM,Office of Surface Mining,Our mission is to carry out the requirements of the Surface Mining Control and Reclamation Act (SMCRA) in cooperation with States and Tribes.,https://www.osmre.gov/,1,2025-06-03,2022-03-23,,search,domain:osmre.gov
Department of the Interior,,DOI-OWF,https://github.com/DOI-OWF,DOI-Office of Wildland Fire,Office of Wildland Fire GitHub,https://www.doi.gov/wildlandfire,0,,2022-03-23,,search,domain:doi.gov
Department of the Interior,United States Geological Survey,DOI-USGS,https://github.com/DOI-USGS,U.S. Geological Survey,"By integrating our diverse scientific expertise, we understand complex natural science phenomena and provide scientific products that lead to solutions.",https://www.usgs.gov/,153,2026-09-26,2020-05-08,,cms-allowlist;search,domain:usgs.gov
Department of the Interior,United States Geological Survey,fgdcgov,https://github.com/fgdcgov,Federal Geographic Data Committee,Federal Geographic Data Committee,https://www.fgdc.gov,7,2025-08-27,2017-01-23,,search,domain:fgdc.gov
Department of the Interior,,IMDProjects,https://github.com/IMDProjects,,,,1,2014-04-02,2014-03-12,,governments.yml,override
Department of the Interior,National Park Service,nationalparkservice,https://github.com/nationalparkservice,National Park Service,"Since 1916, the American people have entrusted the National Park Service with the care of their national parks.",https://www.nps.gov,133,2026-09-22,2011-10-13,,governments.yml;cms-allowlist;search,domain:nps.gov
Department of the Interior,National Park Service,NCRN,https://github.com/NCRN,National Capital Region Network,NCRN Inventory and Monitoring Network,https://www.nps.gov/im/ncrn/index.htm,36,2026-09-16,2014-04-25,,governments.yml;cms-allowlist,domain:nps.gov
Department of the Interior,National Park Service,NPS-SWNC,https://github.com/NPS-SWNC,NPS Southwest Network Collaboration,"Collaboratively monitoring of NPS natural resources for the Inventory and Monitoring Division's CHDN, SODN, and SOPN networks..",https://www.nps.gov/im/chdn/swnc.htm,1,2023-11-13,2021-02-25,,search,domain:nps.gov
Department of the Interior,Bureau of Reclamation,USBOR,https://github.com/USBOR,Bureau of Reclamation,,,0,,2020-05-08,,search,domain:usbr.gov
Department of the Interior,Bureau of Reclamation,usbr,https://github.com/usbr,U.S. Bureau of Reclamation,"Reclamation is the largest wholesale water supplier in the United States, and the nation's second largest producer of hydroelectric power.",https://www.usbr.gov/,1,2024-06-06,2014-06-12,,governments.yml;cms-allowlist;search,domain:usbr.gov
Department of the Interior,United States Fish and Wildlife Service,USFWS,https://github.com/USFWS,U.S. Fish and Wildlife Service,,http://www.fws.gov,73,2026-09-25,2014-06-25,,governments.yml;cms-allowlist;search,domain:fws.gov
Department of the Interior,United States Fish and Wildlife Service,USFWS-Test,https://github.com/USFWS-Test,U.S. Fish and Wildlife Service,USFWS - Test Org.,https://www.fws.gov,0,,2022-03-23,,search,domain:fws.gov
Department of the Interior,United States Geological Survey,usgs,https://github.com/usgs,U.S. Geological Survey,This GitHub organization has been archived. All new USGS GitHub repositories are created in the official DOI-USGS organization: https://github.com/DOI-USGS,https://github.com/DOI-USGS,156,2026-09-15,2011-09-30,,governments.yml;cms-allowlist;search,domain:usgs.gov
Department of the Interior,United States Geological Survey,USGS-Astrogeology,https://github.com/USGS-Astrogeology,USGS Astrogeology,The USGS Astrogeology Science Center public GitHub repositories.,http://usgs-astrogeology.github.io,6,2022-02-28,2014-07-25,,governments.yml;cms-allowlist;search,domain:usgs.gov
Department of the Interior,United States Geological Survey,USGS-CMG,https://github.com/USGS-CMG,USGS Coastal and Marine Geology Program,,http://marine.usgs.gov,14,2026-08-04,2015-04-01,,governments.yml;cms-allowlist;search,domain:usgs.gov
Department of the Interior,United States Geological Survey,USGS-EROS,https://github.com/USGS-EROS,USGS-EROS,"Retired organization for USGS-EROS github repositories, see URL for new location",https://www.usgs.gov/core-science-systems/nli/landsat/espa-and-product-related-code-repository-location-changes,0,,2015-05-21,,governments.yml;cms-allowlist;search,domain:usgs.gov
Department of the Interior,,USGS-OWI,https://github.com/USGS-OWI,USGS - OWI,USGS Office of Water Information,,8,2019-08-06,2014-05-09,,governments.yml;cms-allowlist;search,override
Department of the Interior,United States Geological Survey,USGS-R,https://github.com/USGS-R,USGS-R,,https://owi.usgs.gov/R/,132,2023-11-05,2013-01-04,,governments.yml;cms-allowlist;search,domain:usgs.gov
Department of the Interior,United States Geological Survey,USGS-VIZLAB,https://github.com/USGS-VIZLAB,USGS Visualization Laboratory,,https://labs.waterdata.usgs.gov/visualizations/vizlab-home/index.html#/,20,2023-05-15,2016-04-05,,search,domain:usgs.gov
Department of the Interior,United States Geological Survey,USGS-WiM,https://github.com/USGS-WiM,USGS Web Informatics and Mapping,Web Informatics and Mapping (WIM) develops web-based tools that support USGS science and other federal initiatives.,https://wim.usgs.gov,180,2026-04-16,2014-09-09,,governments.yml;cms-allowlist;search,domain:usgs.gov
Department of the Treasury,,fedspendingtransparency,https://github.com/fedspendingtransparency,,,,22,2026-09-26,2014-08-08,,governments.yml,override
Department of the Treasury,Internal Revenue Service,IRS-Public,https://github.com/IRS-Public,Internal Revenue Service,,https://irs.gov/,10,2026-09-25,2025-05-19,,search,domain:irs.gov
Department of the Treasury,Internal Revenue Service,IRS-TAS,https://github.com/IRS-TAS,Taxpayer Advocate Service,,https://www.taxpayeradvocate.irs.gov,0,,2025-01-16,,search,domain:irs.gov
Department of the Treasury,Internal Revenue Service,IRSgov,https://github.com/IRSgov,Internal Revenue Service,,https://irs.gov/,5,2026-06-12,2014-02-10,,governments.yml;cms-allowlist;search,domain:irs.gov
Department of the Treasury,Department of the Treasury - OCIO,US-Department-of-the-Treasury,https://github.com/US-Department-of-the-Treasury,U.S. Department of the Treasury,,https://treasury.gov,0,,2019-01-07,,governments.yml;cms-allowlist;search,domain:treasury.gov
Department of Transportation,U.S. Department of Transportation,DOT-HASS,https://github.com/DOT-HASS,DOT-HASS,GitHub organization for the U.S. Department of Transportation’s (USDOT’s) Highly Automated Systems Safety Center of Excellence (HASS COE).,https://www.transportation.gov/hasscoe,1,2026-01-13,2025-12-17,,search,domain:transportation.gov
Department of Transportation,Federal Aviation Administration,FAA-Aviation-Data-Portal,https://github.com/FAA-Aviation-Data-Portal,Federal Aviation Administration Weather Camera Program,,https://weathercams.faa.gov/,1,2024-08-19,2016-11-10,,governments.yml;cms-allowlist;search,domain:faa.gov
Department of Transportation,Federal Aviation Administration,faa-swim,https://github.com/faa-swim,FAA SWIM,FAA System Wide Information Management,scds.swim.faa.gov,5,2025-05-22,2020-11-02,,search,domain:faa.gov
Department of Transportation,Federal Aviation Administration,Federal-Aviation-Administration,https://github.com/Federal-Aviation-Administration,Federal Aviation Administration (FAA),,https://www.faa.gov,0,,2013-11-05,,governments.yml;cms-allowlist;search,domain:faa.gov
Department of Transportation,,FHWA-Ofc-Transportation-Policy-Studies,https://github.com/FHWA-Ofc-Transportation-Policy-Studies,FHWA-Ofc-Transportation-Policy-Studies,We assess potential for Federal transportation policies and strategies to effectively address future transportation needs,https://www.fhwa.dot.gov/policy/otps/,0,,2022-09-29,,search,domain:dot.gov
Department of Transportation,,TFHRCFASTNDElab,https://github.com/TFHRCFASTNDElab,FHWA's Advanced Sensing Technology & Nondestructive Evaluation Laboratory,The FAST NDE Lab is a world-class laboratory for the development and testing of NDE technologies.,https://highways.dot.gov/research/laboratories/nondestructive-evaluation-laboratory/nondestructive-evaluation-laboratory-overview,3,2026-08-26,2022-10-17,,search,domain:dot.gov
Department of Transportation,U.S. Department of Transportation,USDOT,https://github.com/USDOT,US Department of Transportation,,https://www.transportation.gov/,1,2016-07-18,2013-04-10,,search,domain:transportation.gov
Department of Transportation,,usdot-fhwa-nrc,https://github.com/usdot-fhwa-nrc,USDOT FHWA NRC,Research Associateship Program,https://highways.dot.gov/research-programs/exploratory-advanced-research/nrc-postdoctoral-fellows-help-ear-program-solve,4,2019-06-28,2019-05-31,,search,domain:dot.gov
Department of Transportation,,usdot-fhwa-OPS,https://github.com/usdot-fhwa-OPS,USDOT-FHWA-OPS,The Future of Connected Automation Research Vehicles,https://highways.dot.gov/research,10,2026-09-23,2019-03-18,,search,domain:dot.gov
Department of Transportation,,usdot-fhwa-stol,https://github.com/usdot-fhwa-stol,USDOT FHWA STOL,Innovate. Collaborate. Open-Source Mobility.,https://highways.dot.gov/research,121,2026-09-26,2018-09-11,,governments.yml;cms-allowlist;search,domain:dot.gov
Department of Transportation,,USDOT-ITS-AMS,https://github.com/USDOT-ITS-AMS,ITS Analysis Modeling and Simulation Community of Practice,Working to identify ITS AMS needs to improve functions and capabilities in current AMS tools.,,0,,2025-01-27,,search,domain:dot.gov
Department of Transportation,,usdot-jpo-ode,https://github.com/usdot-jpo-ode,US DOT ITS JPO ODE,US Department of Transportation (USDOT) Intelligent Transportation Systems Operational Data Environment (ITS ODE),https://www.its.dot.gov/,28,2026-09-25,2016-10-25,,governments.yml;cms-allowlist;search,domain:dot.gov
Department of Transportation,,usdot-jpo-sdc,https://github.com/usdot-jpo-sdc,US DOT ITS JPO SDC,US Department of Transportation (USDOT) Intelligent Transportation Systems Secure Data Commons (ITS SDC),https://its.dot.gov/data/secure/,0,,2018-08-31,,search,domain:dot.gov
Department of Transportation,,usdot-jpo-sdc-projects,https://github.com/usdot-jpo-sdc-projects,US DOT ITS JPO SDC - Projects,US Department of Transportation (USDOT) Intelligent Transportation Systems Secure Data Commons (ITS SDC). Collection of Project-related source code.,https://its.dot.gov/data/secure/,0,,2019-05-22,,search,domain:dot.gov
Department of Transportation,,USDOT-OST,https://github.com/USDOT-OST,USDOT-OST,,,1,2019-12-09,2018-10-16,,search,domain:dot.gov
Department of Transportation,U.S. Department of Transportation,USDOT-SDC,https://github.com/USDOT-SDC,Secure Data Commons,USDOT Secure Data Commons (SDC) is a cloud-based analytics platform that enables traffic engineers & researchers to access transportation-related data,https://www.transportation.gov/data/secure,8,2026-08-26,2020-12-01,,search,domain:transportation.gov
Department of Transportation,U.S. Department of Transportation,USDOT-SDC-Archive,https://github.com/USDOT-SDC-Archive,Secure Data Commons,USDOT Secure Data Commons (SDC) is a cloud-based analytics platform that enables traffic engineers & researchers to access transportation-related data,https://www.transportation.gov/data/secure,28,2025-05-22,2023-09-26,,search,domain:transportation.gov
Department of Transportation,,VolpeUSDOT,https://github.com/VolpeUSDOT,Volpe National Transportation Systems Center,The U.S. Department of Transportation's Volpe Center advances transportation innovation for the public good.,https://www.volpe.dot.gov/,40,2026-09-26,2017-06-02,,search,domain:dot.gov
Department of Veterans Affairs,"Office of Information and Technology, IT Operations and Services (ITOPS)",department-of-veterans-affairs,https://github.com/department-of-veterans-affairs,Department of Veterans Affairs,No PII or PHI permitted,https://va.gov,0,,2013-09-09,yes,governments.yml;cms-allowlist;search,domain:va.gov
Department of Veterans Affairs,"Office of Information and Technology, IT Operations and Services (ITOPS)",department-of-veterans-affairs-testing,https://github.com/department-of-veterans-affairs-testing,Department of Veterans Affairs [testing],No PII or PHI permitted,https://va.gov,1,2023-07-30,2022-05-31,,search,domain:va.gov
Department of Veterans Affairs,"Office of Information and Technology, IT Operations and Services (ITOPS)",USDeptVeteransAffairs,https://github.com/USDeptVeteransAffairs,US Department of Veterans Affairs,United States Department of Veterans Affairs,http://www.va.gov,3,2014-11-06,2014-04-13,,search,domain:va.gov
Department of Veterans Affairs,"Office of Information and Technology, IT Operations and Services (ITOPS)",VA-ENTERPRISE-ARCHITECTURE,https://github.com/VA-ENTERPRISE-ARCHITECTURE,VA Enterprise Architecture,,https://www.ea.oit.va.gov/,12,2025-04-10,2018-04-02,,search,domain:va.gov
Department of Veterans Affairs,"Office of Information and Technology, IT Operations and Services (ITOPS)",VHAINNOVATIONS,https://github.com/VHAINNOVATIONS,VHA Innovations,"The VHA Innovation Program identifies, tests, and evaluates innovative solutions to help VA better serve Veterans",https://www.innovation.va.gov,35,2022-03-13,2011-12-09,,governments.yml;cms-allowlist;search,domain:va.gov
Environmental Protection Agency,,AMAS-DARC,https://github.com/AMAS-DARC,DARC,US EPA Region 5 AMAS DARC,,0,,2020-08-22,,search,domain:epa.gov
Environmental Protection Agency,,US-EPA-CAMD,https://github.com/US-EPA-CAMD,EPA's Emissions & Allowance System for Energy (EASEY),Building the Emissions and Allowance System for Energy (EASEY),https://epa.gov/power-sector,22,2026-09-25,2020-08-14,yes,search,domain:epa.gov
Environmental Protection Agency,,USEPA,https://github.com/USEPA,U.S. Environmental Protection Agency,Protecting Human Health and the Environment,https://www.epa.gov,697,2026-09-25,2012-01-04,yes,governments.yml;cms-allowlist,domain:epa.gov
Equal Employment Opportunity Commission,,EEOC,https://github.com/EEOC,EEOC,Equal Employment Opportunity Commission,https://www.eeoc.gov,0,,2013-12-19,,governments.yml;cms-allowlist,domain:eeoc.gov
Executive Office of the President,White House Office,ConstitutionOfTheUnitedStates,https://github.com/ConstitutionOfTheUnitedStates,Constitution of the United States,Constitution of the United States,https://www.whitehouse.gov/about-the-white-house/our-government/the-constitution,1,2025-06-24,2025-05-01,,search,domain:whitehouse.gov
Executive Office of the President,Department of Government Efficiency,DepartmentOfGovernmentEfficiency,https://github.com/DepartmentOfGovernmentEfficiency,DOGE,Department of Government Efficiency,doge.gov,7,2025-09-19,2025-02-12,,search,domain:doge.gov
Executive Office of the President,Office of Administration,ombegov,https://github.com/ombegov,Office of the Federal Chief Information Officer,,,6,2026-05-14,2015-02-05,,governments.yml;cms-allowlist;search,domain:eop.gov
Executive Office of the President,,sbstusa,https://github.com/sbstusa,Social and Behavioral Sciences Team,Work associated with the SBST.,http://sbst.gov,10,2017-08-18,2015-10-13,,governments.yml,override
Executive Office of the President,Department of Government Efficiency,usds,https://github.com/usds,U.S. Digital Service,We're mission-driven professionals who are passionate about delivering better government services.,https://www.usds.gov,55,2026-09-25,2014-09-12,yes,governments.yml;cms-allowlist;search,domain:usds.gov
Executive Office of the President,White House Office,WhiteHouse,https://github.com/WhiteHouse,The White House,,https://www.whitehouse.gov/,41,2022-09-20,2012-07-26,,governments.yml;cms-allowlist,domain:whitehouse.gov
Federal Communications Commission,,FCC,https://github.com/FCC,The Federal Communications Commission,,https://fcc.gov,98,2026-09-21,2011-02-22,,governments.yml;cms-allowlist;search,domain:fcc.gov
Federal Election Commission,,fecgov,https://github.com/fecgov,Federal Election Commission,The FEC administers and enforces federal campaign finance law and discloses the sources and amounts of funds used to finance our elections.,https://www.fec.gov/,39,2026-09-25,2016-12-22,,governments.yml;cms-allowlist;search,domain:fec.gov
Federal Retirement Thrift Investment Board,,frtib,https://github.com/frtib,Federal Retirement Thrift Investment Board,,https://www.frtib.gov,6,2024-08-09,2018-02-28,,search,domain:frtib.gov
Federal Trade Commission,,FederalTradeCommission,https://github.com/FederalTradeCommission,Federal Trade Commission,FTC is a bipartisan federal agency w/ a dual mission to protect consumers and promote competition. Github's privacy policy governs here.,http://www.ftc.gov,2,2025-12-20,2014-11-19,,governments.yml;cms-allowlist;search,domain:ftc.gov
General Services Administration,,18F,https://github.com/18F,18F,"18F built effective, user-centric digital services focused on the interaction between government & the people it serves. Provided by GSA.",,1208,2026-09-26,2013-12-20,,governments.yml;cms-allowlist,override
General Services Administration,Federal Acquisition Service,cloud-gov,https://github.com/cloud-gov,Cloud.gov,Cloud.gov is a secure and compliant Platform as a Service (PaaS) operated by U.S. General Services Administration Technology Transformation Service.,Cloud.gov,319,2026-09-26,2020-02-07,yes,governments.yml;cms-allowlist;search,domain:cloud.gov
General Services Administration,Federal Acquisition Service,digital-analytics-program,https://github.com/digital-analytics-program,Digital Analytics Program,The federal government's aggregated web analytics initiative.,https://digital.gov/guides/dap,2,2026-09-13,2015-05-13,,governments.yml;cms-allowlist;search,domain:digital.gov
General Services Administration,Federal Acquisition Service,digitalgov,https://github.com/digitalgov,Digital.gov,Digital Resources for the U.S. Federal Government,https://digital.gov,6,2020-10-09,2017-06-28,,search,domain:digital.gov
General Services Administration,Federal Acquisition Service,Federal-Reserve-s,https://github.com/Federal-Reserve-s,Federal Reserve's,Global Payment Systems,https://usa.gov,1,2024-12-23,2024-12-08,,search,domain:usa.gov
General Services Administration,Federal Acquisition Service,FedRAMP,https://github.com/FedRAMP,FedRAMP,"A standardized, reusable approach to security assessment and authorization for cloud service offerings used by federal agencies.",https://www.fedramp.gov,12,2026-09-25,2017-06-27,,governments.yml;cms-allowlist;search,domain:fedramp.gov
General Services Administration,Office of GSA IT,GSA,https://github.com/GSA,U.S. General Services Administration,The U.S. General Services Administration,https://open.gsa.gov,1018,2026-09-26,2011-02-28,,governments.yml;cms-allowlist;search,domain:gsa.gov
General Services Administration,Office of GSA IT,gsa-oes,https://github.com/gsa-oes,Office of Evaluation Sciences at GSA,Work of the Office of Evaluation Sciences at GSA.,https://oes.gsa.gov,5,2026-09-23,2015-09-01,,governments.yml;cms-allowlist;search,domain:gsa.gov
General Services Administration,Office of GSA IT,GSA-TTS,https://github.com/GSA-TTS,Technology Transformation Services,,https://www.gsa.gov/about-us/organization/federal-acquisition-service/technology-transformation-services,193,2026-09-26,2021-12-13,,governments.yml;cms-allowlist;search,domain:gsa.gov
General Services Administration,Office of GSA IT,GSA-TTS-work,https://github.com/GSA-TTS-work,Teneshia Miller,,,0,,2019-12-02,,search,domain:gsa.gov
General Services Administration,Federal Acquisition Service,presidential-innovation-fellows,https://github.com/presidential-innovation-fellows,Presidential Innovation Fellows,,https://presidentialinnovationfellows.gov,85,2026-09-01,2012-08-13,yes,governments.yml;cms-allowlist,domain:presidentialinnovationfellows.gov
General Services Administration,"GSA, CIO.GOV",project-open-data,https://github.com/project-open-data,Project Open Data,,https://project-open-data.cio.gov/,24,2024-08-19,2012-09-14,,governments.yml;cms-allowlist,domain:cio.gov
General Services Administration,Office of GSA IT,regulationsgov,https://github.com/regulationsgov,,,http://regulations.gov,5,2021-03-18,2014-08-05,,governments.yml;cms-allowlist,domain:regulations.gov
General Services Administration,Federal Acquisition Service,usagov,https://github.com/usagov,USA.gov,USAGov,http://usa.gov,43,2026-09-24,2011-09-01,,governments.yml;cms-allowlist;search,domain:usa.gov
General Services Administration,Federal Acquisition Service,usasearch,https://github.com/usasearch,DigitalGov Search,,http://search.digitalgov.gov/,1,2014-07-21,2013-03-04,,governments.yml;cms-allowlist;search,domain:digitalgov.gov
General Services Administration,Federal Acquisition Service,usdatagov,https://github.com/usdatagov,Data.gov,,https://www.data.gov,0,,2019-10-25,,search,domain:data.gov
General Services Administration,Federal Acquisition Service,USG-SCOPE,https://github.com/USG-SCOPE,Statistical Community of Practice and Engagement,,http://fedstats.sites.usa.gov/,2,2016-10-27,2014-12-05,,governments.yml;cms-allowlist,domain:usa.gov
General Services Administration,Federal Acquisition Service,uswds,https://github.com/uswds,U.S. Web Design System,The design system for the federal government,https://designsystem.digital.gov,13,2026-09-23,2018-01-17,,governments.yml;cms-allowlist;search,domain:digital.gov
Government Publishing Office,,usgpo,https://github.com/usgpo,United States Government Publishing Office,,http://www.gpo.gov,19,2026-09-22,2015-03-11,,governments.yml;cms-allowlist;search,domain:gpo.gov
Institute of Museum and Library Services,,IMLS,https://github.com/IMLS,Institute of Museum and Library Services,"IMLS is the primary source of federal support for the nation's 123,000 libraries and 35,000 museums.",https://www.imls.gov,4,2026-08-03,2014-09-15,,governments.yml;cms-allowlist;search,domain:imls.gov
Library of Congress,,congress-gov,https://github.com/congress-gov,congress.gov,CONGRESS.GOV,https://congress.gov,3,2025-09-04,2025-03-06,,search,domain:congress.gov
Library of Congress,,LibraryOfCongress,https://github.com/LibraryOfCongress,Library of Congress,,https://www.loc.gov/connect,59,2026-09-24,2012-07-31,,governments.yml;cms-allowlist,domain:loc.gov
Millennium Challenge Corporation,,mcc-gov,https://github.com/mcc-gov,Millennium Challenge Corporation,,data.mcc.gov,0,,2013-02-26,,governments.yml;cms-allowlist,domain:mcc.gov
National Aeronautics and Space Administration,NASA Office of the Chief Information Officer,ccmc,https://github.com/ccmc,Community Coordinated Modeling Center,,http://ccmc.gsfc.nasa.gov/index.php,5,2018-04-04,2015-08-13,,governments.yml;cms-allowlist,domain:nasa.gov
National Aeronautics and Space Administration,NASA Office of the Chief Information Officer,CelestialMappingSystem,https://github.com/CelestialMappingSystem,NASA,,https://celestial.arc.nasa.gov/,3,2025-01-13,2020-03-05,,search,domain:nasa.gov
National Aeronautics and Space Administration,NASA Office of the Chief Information Officer,cmr-exchange,https://github.com/cmr-exchange,The CMR Exchange,"Third-party, open source libraries, services, and applications for NASA's CMR suite of services",https://cmr.earthdata.nasa.gov/,29,2019-10-31,2017-10-19,,search,domain:nasa.gov
National Aeronautics and Space Administration,NASA Office of the Chief Information Officer,diwg,https://github.com/diwg,NASA Dataset Interoperability Working Group,"For more information, contact Co-Chairs Aleksandar Jelenak or James Johnson or Kent Yang or former Co-Chair Charlie Zender",https://wiki.earthdata.nasa.gov/display/ESDSWG/Dataset+Interoperability+Working+Group,2,2023-12-16,2015-05-22,,search,domain:nasa.gov
National Aeronautics and Space Administration,NASA Office of the Chief Information Officer,dsg-atom,https://github.com/dsg-atom,NASA CISTO AI/ML,,https://nccs.nasa.gov,12,2026-09-25,2021-10-01,,search,domain:nasa.gov
National Aeronautics and Space Administration,NASA Office of the Chief Information Officer,eosdis,https://github.com/eosdis,NASA EOSDIS,,https://earthdata.nasa.gov/,0,,2017-10-30,,search,domain:nasa.gov
National Aeronautics and Space Administration,NASA Office of the Chief Information Officer,eosdis-nasa,https://github.com/eosdis-nasa,NASA EOSDIS,NASA's Earth Observing System Data and Information System (EOSDIS) is a key core capability in the Earth Science Data Systems (ESDS) Program.,https://www.earthdata.nasa.gov/eosdis,12,2026-09-24,2023-06-20,,search,domain:nasa.gov
National Aeronautics and Space Administration,NASA Office of the Chief Information Officer,ESO-AOS5,https://github.com/ESO-AOS5,AOS Synergistic Science Software Suite,"The Synergistic Science Software Suite for the Atmosphere Observing System (AOS), a component of NASA's Earth System Observatory.",https://aos.gsfc.nasa.gov,0,,2025-03-28,,search,domain:nasa.gov
National Aeronautics and Space Administration,NASA Office of the Chief Information Officer,ET-Toolbox,https://github.com/ET-Toolbox,ET Toolbox,Remotely sensed evapotranspiration modeling software produced at the NASA Jet Propulsion Laboratory for the United States Bureau of Reclamation (USBR),,8,2026-03-02,2024-06-25,,search,domain:nasa.gov
National Aeronautics and Space Administration,NASA Science Data Systems Branch,globegit,https://github.com/globegit,The GLOBE Program,,globe.gov,15,2020-07-22,2009-09-21,,governments.yml;cms-allowlist,domain:globe.gov
National Aeronautics and Space Administration,NASA Office of the Chief Information Officer,GSFC-618,https://github.com/GSFC-618,Biospheric Sciences Laboratory,,https://sciences.gsfc.nasa.gov/earth/biosphere,15,2026-09-16,2025-04-21,,search,domain:nasa.gov
National Aeronautics and Space Administration,NASA Office of the Chief Information Officer,HDRLHub,https://github.com/HDRLHub,Heliophysics Digtial Resource Library Hub,NASA's Heliophysics Digital Resource Library {Git}Hub.,https://hdrl.gsfc.nasa.gov/,5,2026-09-23,2024-07-25,,search,domain:nasa.gov
National Aeronautics and Space Administration,NASA Office of the Chief Information Officer,jpl-labcas,https://github.com/jpl-labcas,LabCAS,Laboratory Catalog and Archive Service from the Jet Propulsion Laboratory,https://jpl-labcas.github.io/,10,2026-09-22,2025-01-22,,search,domain:nasa.gov
National Aeronautics and Space Administration,NASA Office of the Chief Information Officer,JPLMLIA,https://github.com/JPLMLIA,Machine Learning & Instrument Autonomy,Open Source Software for the Machine Learning & Instrument Autonomy Group at NASA-JPL,https://ml.jpl.nasa.gov/,23,2026-09-22,2017-10-19,,search,domain:nasa.gov
National Aeronautics and Space Administration,NASA Office of the Chief Information Officer,MNGRLPychron,https://github.com/MNGRLPychron,MNGRL NASA Goddard,Mid-Atlantic Noble Gas Research Laboratory,https://planetary.msfc.nasa.gov/MNGRL.html,5,2023-03-07,2018-10-02,,search,domain:nasa.gov
National Aeronautics and Space Administration,NASA Office of the Chief Information Officer,MSD-RIT-NASA,https://github.com/MSD-RIT-NASA,MSD-RIT-NASA,"The program for the Starchaeologist game, interfacing with hardware components, and 2 way communication server.",https://www.nasa.gov/feature/nasa-selects-university-teams-to-develop-moon-mars-mission-design-ideas,3,2024-12-02,2023-01-18,,search,domain:nasa.gov
National Aeronautics and Space Administration,NASA Office of the Chief Information Officer,nasa,https://github.com/nasa,NASA,Read Instructions here: https://github.com/nasa/instructions/blob/master/docs/INSTRUCTIONS.md,https://www.nasa.gov/software,632,2026-09-26,2011-06-13,yes,governments.yml;cms-allowlist;search,domain:nasa.gov
National Aeronautics and Space Administration,NASA Office of the Chief Information Officer,NASA-ACROSS,https://github.com/NASA-ACROSS,ACROSS,NASA - Astrophysics Cross Observatory Science Support (ACROSS) Project,https://science.data.nasa.gov/data-sites/across,12,2026-09-25,2024-03-21,,search,domain:nasa.gov
National Aeronautics and Space Administration,NASA Office of the Chief Information Officer,NASA-AMMOS,https://github.com/NASA-AMMOS,NASA Advanced Multi-Mission Operations System,"Administrator contacts: Aniwat.Nik.Sheurpukdi@jpl.nasa.gov and shawn.n.nguyen@jpl.nasa.gov. For AMMOS software tech support, please contact the developers.",https://ammos.nasa.gov/,99,2026-09-26,2018-03-27,,cms-allowlist;search,domain:nasa.gov
National Aeronautics and Space Administration,NASA Office of the Chief Information Officer,nasa-cmr,https://github.com/nasa-cmr,NASA/EOSDIS CMR,"A high-performance, high-quality, continuously evolving metadata system that catalogs all data and service metadata records for the EOSDIS system",https://earthdata.nasa.gov/about/science-system-description/eosdis-components/common-metadata-repository,29,2019-10-30,2018-01-24,,search,domain:nasa.gov
National Aeronautics and Space Administration,NASA Office of the Chief Information Officer,nasa-coeci,https://github.com/nasa-coeci,NASA CoECI,,https://www.nasa.gov,0,,2019-02-12,,search,domain:nasa.gov
National Aeronautics and Space Administration,NASA Office of the Chief Information Officer,NASA-Cryospheric-Sciences-Laboratory,https://github.com/NASA-Cryospheric-Sciences-Laboratory,NASA-Cryospheric-Sciences-Laboratory,,https://earth.gsfc.nasa.gov/cryo,2,2025-09-29,2024-10-11,,search,domain:nasa.gov
National Aeronautics and Space Administration,NASA Office of the Chief Information Officer,NASA-DEVELOP,https://github.com/NASA-DEVELOP,NASA-DEVELOP,,https://appliedsciences.nasa.gov/nasadevelop,54,2025-04-10,2015-07-07,,governments.yml;cms-allowlist;search,domain:nasa.gov
National Aeronautics and Space Administration,NASA Office of the Chief Information Officer,NASA-Earth-Observations,https://github.com/NASA-Earth-Observations,NASA Earth Observations,,https://neo.gsfc.nasa.gov/,0,,2024-04-15,,search,domain:nasa.gov
National Aeronautics and Space Administration,NASA Office of the Chief Information Officer,NASA-EarthRISE,https://github.com/NASA-EarthRISE,NASA EarthRISE,"Empowering state & local governments, federally-recognized Tribes, territories, and private sector to integrate satellite data into their decision-making.",https://science.nasa.gov/earth-science/earth-action/earthrise/,15,2026-09-25,2025-07-15,,search,domain:nasa.gov
National Aeronautics and Space Administration,NASA Office of the Chief Information Officer,nasa-eosdis,https://github.com/nasa-eosdis,NASA EOSDIS,,https://earthdata.nasa.gov/,0,,2017-10-30,,search,domain:nasa.gov
National Aeronautics and Space Administration,NASA Office of the Chief Information Officer,nasa-gcn,https://github.com/nasa-gcn,General Coordinates Network,NASA’s Next Generation Time-Domain and Multimessenger Astronomy Alert System,https://gcn.nasa.gov,52,2026-09-25,2019-06-19,yes,cms-allowlist;search,domain:nasa.gov
National Aeronautics and Space Administration,NASA Office of the Chief Information Officer,nasa-gibs,https://github.com/nasa-gibs,Global Imagery Browse Services,,https://earthdata.nasa.gov/gibs,41,2026-09-25,2013-12-02,,governments.yml;cms-allowlist;search,domain:nasa.gov
National Aeronautics and Space Administration,NASA Office of the Chief Information Officer,NASA-GISS,https://github.com/NASA-GISS,NASA Goddard Institute for Space Studies,,https://www.giss.nasa.gov/,25,2026-08-08,2023-01-18,,search,domain:nasa.gov
National Aeronautics and Space Administration,NASA Office of the Chief Information Officer,nasa-itc,https://github.com/nasa-itc,NASA IV&V JSTAR - Independent Test Capability,,https://www.nasa.gov/centers/ivv/jstar/capabilities.html,78,2026-09-25,2020-03-19,,search,domain:nasa.gov
National Aeronautics and Space Administration,NASA Office of the Chief Information Officer,nasa-itslive,https://github.com/nasa-itslive,ITS_LIVE Project,ITS_LIVE Project Code,https://its-live.jpl.nasa.gov/,3,2026-09-21,2026-04-20,,search,domain:nasa.gov
National Aeronautics and Space Administration,NASA Office of the Chief Information Officer,nasa-jpl,https://github.com/nasa-jpl,NASA Jet Propulsion Laboratory,A world leader in the robotic exploration of space,https://www.jpl.nasa.gov,155,2026-09-25,2014-12-31,yes,search,domain:nasa.gov
National Aeronautics and Space Administration,NASA Office of the Chief Information Officer,NASA-JSC-Robotics,https://github.com/NASA-JSC-Robotics,NASA JSC Robotics,Home of the Dexterous Robotics Team (DRT) at NASA's Johnson Space Center,https://www.nasa.gov/reference/jsc-robotics/,30,2026-09-24,2015-06-25,,search,domain:nasa.gov
National Aeronautics and Space Administration,NASA Office of the Chief Information Officer,nasa-lambda,https://github.com/nasa-lambda,nasa-lambda,Code developed for LAMBDA,http://lambda.gsfc.nasa.gov,9,2026-04-22,2015-07-16,,search,domain:nasa.gov
National Aeronautics and Space Administration,NASA Office of the Chief Information Officer,NASA-MLS,https://github.com/NASA-MLS,NASA Aura Microwave Limb Sounder,Software related to the MLS Project,https://mls.jpl.nasa.gov,5,2026-09-23,2025-07-10,,search,domain:nasa.gov
National Aeronautics and Space Administration,NASA Office of the Chief Information Officer,nasa-nccs-hpda,https://github.com/nasa-nccs-hpda,High Performance Data Analytics,NASA GSFC Data Science Group,https://science.gsfc.nasa.gov/cisto/istr/,92,2026-09-24,2015-01-09,,cms-allowlist;search,domain:nasa.gov
National Aeronautics and Space Administration,NASA Office of the Chief Information Officer,nasa-ngap-archives,https://github.com/nasa-ngap-archives,NASA NGAP,Next Generation Application Platform,https://ntrs.nasa.gov/search.jsp?R=20160009280,4,2017-02-02,2017-02-02,,search,domain:nasa.gov
National Aeronautics and Space Administration,NASA Office of the Chief Information Officer,NASA-OCO,https://github.com/NASA-OCO,NASA Orbiting Carbon Observatory Missions,Software related to the OCO projects,,7,2026-03-04,2025-12-09,yes,search,domain:nasa.gov
National Aeronautics and Space Administration,NASA Office of the Chief Information Officer,NASA-PDS,https://github.com/NASA-PDS,NASA Planetary Data System Software,,https://nasa-pds.github.io/,119,2026-09-26,2019-01-16,,cms-allowlist;search,domain:nasa.gov
National Aeronautics and Space Administration,NASA Office of the Chief Information Officer,nasa-pds-engineering-node,https://github.com/nasa-pds-engineering-node,NASA PDS Engineering Node,"Software, templates, and documentation specific to the PDS Engineering Node",https://pds.nasa.gov/,36,2026-04-30,2019-05-15,,cms-allowlist;search,domain:nasa.gov
National Aeronautics and Space Administration,,NASA-rdt,https://github.com/NASA-rdt,NASA - GSFC - SSCO - Summer Interns 2014,Code 408 SSCO,,5,2014-10-09,2014-06-23,,governments.yml,override
National Aeronautics and Space Administration,NASA Office of the Chief Information Officer,NASA-SARP,https://github.com/NASA-SARP,NASA SARP,Teaching code to accelerate the science of each summer's high flying student researchers 🛫🛰️💻,https://science.nasa.gov/earth-science/early-career-opportunities/student-airborne-research-program/,20,2026-07-28,2023-05-18,,search,domain:nasa.gov
National Aeronautics and Space Administration,NASA Office of the Chief Information Officer,NASA-SMODE,https://github.com/NASA-SMODE,Submesoscale Ocean Dynamics Experiment,"Code for retrieving, analyzing and visualizing data from S-MODE",https://espo.nasa.gov/s-mode/content/S-MODE,6,2024-10-16,2021-09-21,,search,domain:nasa.gov
National Aeronautics and Space Administration,NASA Office of the Chief Information Officer,NASA-SPIFe,https://github.com/NASA-SPIFe,NASA,,https://www.nasa.gov/centers/ames/orgs/exploration-tech/projects/spife.html,1,2019-12-03,2020-05-03,,search,domain:nasa.gov
National Aeronautics and Space Administration,NASA Office of the Chief Information Officer,NASA-SUITS-Teams,https://github.com/NASA-SUITS-Teams,SUITS Teams 2027,Welcome SUITS Teams!,https://go.nasa.gov/nasasuits,22,2026-08-20,2021-01-26,,search,domain:nasa.gov
National Aeronautics and Space Administration,NASA Office of the Chief Information Officer,NASA-SW-VnV,https://github.com/NASA-SW-VnV,NASA - Software V&V,NASA - Software Verification and Validation,https://ti.arc.nasa.gov/tech/rse/,8,2026-05-31,2017-10-17,,search,domain:nasa.gov
National Aeronautics and Space Administration,NASA Office of the Chief Information Officer,NASA-Tournament-Lab,https://github.com/NASA-Tournament-Lab,NASA's Center of Excellence for Collaborative Innovation (CoECI) - NASA Tournament Lab,The NASA Tournament Lab (NTL) provides solutions for NASA's mission by providing crowdsourced challenges.,http://www.nasa.gov/coeci/ntl,13,2022-11-21,2015-06-15,,governments.yml;cms-allowlist;search,domain:nasa.gov
National Aeronautics and Space Administration,NASA Office of the Chief Information Officer,NASA-TROPESS,https://github.com/NASA-TROPESS,NASA Tropospheric Ozone and its Precursors from Earth System Sounding Project,Software related to the TROPESS Project,https://tes.jpl.nasa.gov/tropess,13,2026-09-21,2021-01-21,,search,domain:nasa.gov
National Aeronautics and Space Administration,NASA Office of the Chief Information Officer,nasa-werk,https://github.com/nasa-werk,"Wildfire, Ecosystem Resilience, and Risk Assessment Initiative",,https://www.nasa.gov/werk/,1,2026-07-23,2025-08-20,,search,domain:nasa.gov
National Aeronautics and Space Administration,NASA Office of the Chief Information Officer,NASADatanauts,https://github.com/NASADatanauts,NASA Datanauts,"NASA Datanauts is an open innovation initiative and offers citizens an opportunity to engage with NASA data, learn and enhance data skills, and build community.",https://open.nasa.gov/explore/datanauts/,66,2025-11-29,2015-07-08,,search,domain:nasa.gov
National Aeronautics and Space Administration,NASA Office of the Chief Information Officer,NASAEarthExchange,https://github.com/NASAEarthExchange,NASA Earth Exchange (NEX),"NEX is a platform for scientific collaboration, knowledge sharing and research for the Earth science community.",https://nex.nasa.gov/nex/,1,2016-10-18,2015-04-27,,search,domain:nasa.gov
National Aeronautics and Space Administration,NASA Office of the Chief Information Officer,NASASPoRT,https://github.com/NASASPoRT,NASA SPoRT,The Short-term Prediction Research & Transition center at Marshall Space Flight Center accelerates the translation of NASA science to applications,https://weather.ndc.nasa.gov/sport/,0,,2025-05-16,,search,domain:nasa.gov
National Aeronautics and Space Administration,NASA Office of the Chief Information Officer,NASAWorldWind,https://github.com/NASAWorldWind,NASA WorldWind,,https://worldwind.arc.nasa.gov,6,2025-09-20,2015-08-29,,governments.yml;cms-allowlist;search,domain:nasa.gov
National Aeronautics and Space Administration,,NeoGeographyToolkit,https://github.com/NeoGeographyToolkit,NeoGeographyToolkit,A collection of software repositories for creating terrain models from satellite images and related work.,,60,2026-09-25,2010-06-10,,governments.yml,override
National Aeronautics and Space Administration,NASA Office of the Chief Information Officer,Open-Sat,https://github.com/Open-Sat,OpenSat - Core Flight System,Establish a community for open source projects based on the NASA Goddard Space Flight Center's core Flight System (cFS).,https://cfs.gsfc.nasa.gov/,8,2015-12-06,2014-08-31,,governments.yml;cms-allowlist;search,domain:nasa.gov
National Aeronautics and Space Administration,NASA Office of the Chief Information Officer,OSU-USLI-18,https://github.com/OSU-USLI-18,OSU USLI,Oregon State University Team for NASA's University Student Launch Initiative,https://www.nasa.gov/audience/forstudents/studentlaunch/home/index.html,9,2019-01-11,2017-09-27,,search,domain:nasa.gov
National Aeronautics and Space Administration,,SERVIR,https://github.com/SERVIR,,,https://www.servirglobal.net/,132,2026-06-09,2014-07-16,,governments.yml,override
National Aeronautics and Space Administration,NASA Office of the Chief Information Officer,SSDataLab,https://github.com/SSDataLab,Space Science Data Lab,Space Science Data Lab at NASA Ames,,12,2026-02-24,2020-05-14,,search,domain:nasa.gov
National Aeronautics and Space Administration,NASA Office of the Chief Information Officer,swxsoc,https://github.com/swxsoc,Space Weather Science Operations Center (SWxSOC),The NASA Space Weather Science Operations Center page,https://swxsoc.github.io,20,2026-09-22,2023-01-03,,search,domain:nasa.gov
National Aeronautics and Space Administration,NASA Office of the Chief Information Officer,SymbolicPathFinder,https://github.com/SymbolicPathFinder,Symbolic PathFinder (SPF),Symbolic execution tool for Java bytecode; NASA open-source project.,https://code.nasa.gov/?q=symbolic%20pathfinder,2,2026-02-26,2018-03-01,,search,domain:nasa.gov
National Aeronautics and Space Administration,NASA Office of the Chief Information Officer,visionworkbench,https://github.com/visionworkbench,Vision Workbench,,http://ti.arc.nasa.gov/tech/asr/intelligent-robotics/nasa-vision-workbench/,1,2026-09-24,2010-05-14,,governments.yml;cms-allowlist,domain:nasa.gov
National Archives and Records Administration,,OCIO-NARA,https://github.com/OCIO-NARA,OCIO-NARA,Source control for OCIO projects,https://www.archives.gov/,0,,2026-01-29,,search,domain:archives.gov
National Archives and Records Administration,,usnationalarchives,https://github.com/usnationalarchives,U.S. National Archives,,https://www.archives.gov/developer,46,2026-08-13,2011-10-07,,governments.yml;cms-allowlist,domain:archives.gov
National Gallery of Art,,ngaLabs,https://github.com/ngaLabs,National Gallery of Art - Citizen Developer Sandbox,NGA Labs - a controlled sandbox for Citizen Developer experimentation (non-production),,0,,2026-03-18,,search,domain:nga.gov
National Mediation Board,,NMB-Dev,https://github.com/NMB-Dev,,,,1,2015-10-22,2014-09-15,,governments.yml,override
National Science Foundation,,astrosocket,https://github.com/astrosocket,socket,NSF CSSI-funded project providing Galaxies as a Service,https://www.nsf.gov/awardsearch/show-award/?AWD_ID=2513426,2,2026-09-11,2025-10-23,,search,domain:nsf.gov
National Science Foundation,,AVRAS-UD,https://github.com/AVRAS-UD,AVRAS-UD,NSF STTR Phase I: Enhancing Career Decision-making for Individuals with ASD Through Adaptive Vocational Assessment Using Reinforcement Learning,https://www.nsf.gov/awardsearch/showAward?AWD_ID=2506644,0,,2025-07-09,,search,domain:nsf.gov
National Science Foundation,,nsf-open,https://github.com/nsf-open,National Science Foundation,,https://nsf.gov/,27,2026-07-28,2016-11-22,,search,domain:nsf.gov
Office of Personnel Management,,usopm,https://github.com/usopm,US Office of Personnel Management,,https://www.opm.gov,0,,2012-08-24,,governments.yml;cms-allowlist,domain:opm.gov
Office of the Director of National Intelligence,,info-sharing-environment,https://github.com/info-sharing-environment,Information Sharing Environment,,http://www.ise.gov,7,2014-11-06,2013-10-21,,governments.yml;cms-allowlist,domain:ise.gov
Office of the Director of National Intelligence,,Project-Interoperability,https://github.com/Project-Interoperability,Project Interoperability,An Information Sharing Environment initiative. We call it Project I/O for short. Visit our main account at @info-sharing-environment,project-interoperability.github.io,3,2016-11-22,2014-02-20,,governments.yml;cms-allowlist,domain:ise.gov
Peace Corps,,peacecorps,https://github.com/peacecorps,Peace Corps,Plug into Peace Corps' mission,http://peacecorps.gov,34,2020-06-11,2013-05-09,,governments.yml;cms-allowlist,domain:peacecorps.gov
Small Business Administration,,USSBA,https://github.com/USSBA,Small Business Administration,U.S. Small Business Administration,https://www.sba.gov,24,2026-06-11,2015-09-15,yes,governments.yml;cms-allowlist,domain:sba.gov
Social Security Administration,,SSAgov,https://github.com/SSAgov,SSAgov,,,19,2026-09-16,2017-05-11,,governments.yml;cms-allowlist;search,domain:ssa.gov
United States Agency for Global Media,,BBGInnovate,https://github.com/BBGInnovate,Broadcasting Board of Governors,,https://www.bbg.gov,28,2025-01-08,2012-04-26,,governments.yml;cms-allowlist,domain:bbg.gov
United States Agency for Global Media,,RadioFreeAsia,https://github.com/RadioFreeAsia,Radio Free Asia,,http://www.rfa.org/about,45,2025-01-13,2013-10-02,,governments.yml,override
United States House of Representatives,,gopleader,https://github.com/gopleader,House Majority Leader,Archived repositories for former House Majority Leader Eric Cantor.,https://twitter.com/ericcantor,0,,2012-10-19,,governments.yml,override
United States Postal Service,,USPS,https://github.com/USPS,United States Postal Service,United States Postal Service,https://www.usps.gov,1,2026-09-24,2014-04-28,yes,governments.yml;cms-allowlist;search,domain:usps.gov
United States Tax Court,,ustaxcourt,https://github.com/ustaxcourt,U.S. Tax Court,A national forum to expeditiously resolve disputes between taxpayers and the Internal Revenue Service.,https://ustaxcourt.gov/,24,2026-09-25,2018-06-07,,governments.yml;cms-allowlist,domain:ustaxcourt.gov
Unresolved,,BFELoB,https://github.com/BFELoB,Budget Formulation and Execution Line of Business,,https://bfelob.gov,1,2015-07-20,2013-09-30,,governments.yml,
Unresolved,,government-services,https://github.com/government-services,,,,3,2014-03-26,2013-09-25,,governments.yml,
Unresolved,,KeplerGO,https://github.com/KeplerGO,Kepler/K2 Community Tools,Not an official NASA repository.,,34,2024-12-02,2015-06-24,,governments.yml,
Unresolved,,ngds,https://github.com/ngds,,,http://geothermaldata.org,31,2026-07-06,2012-11-01,,governments.yml,
Unresolved,National Information Exchange Model,NIEM,https://github.com/NIEM,National Information Exchange Model,"NIEM is a community-driven, standards-based approach to exchanging information.",https://niem.gov,39,2025-11-18,2014-07-18,,governments.yml;cms-allowlist,
Unresolved,,opengovplatform,https://github.com/opengovplatform,Open Government Platform,,http://opengovplatform.org,0,,2011-11-30,,governments.yml,
Unresolved,,RedhawkSDR,https://github.com/RedhawkSDR,RedhawkSDR,,https://redhawksdr.github.io,86,2023-05-12,2013-02-25,,governments.yml,
Unresolved,,shareandprotect,https://github.com/shareandprotect,ISE,,http://github.com/info-sharing-environment,1,2013-10-30,2013-09-11,,governments.yml,
Unresolved,,simp,https://github.com/simp,SIMP,The System Integrity Management Platform,https://simp-project.com,260,2026-09-25,2015-04-29,,governments.yml,
Unresolved,,sunpy,https://github.com/sunpy,SunPy,Python for Solar Physics,https://www.sunpy.org,47,2026-09-24,2011-08-06,yes,governments.yml,
Unresolved,,USGCRP,https://github.com/USGCRP,US Global Change Research Program,,http://www.globalchange.gov,18,2025-02-11,2014-05-20,,governments.yml,
Unresolved,,WFMRDA,https://github.com/WFMRDA,Wildland Fire Management RD&A,,,8,2023-01-03,2014-01-14,,governments.yml,
